V1,V2,V3,V4,V5,V6,V7,V8,V9,V10,V11,V12,V13,V14,V15,V16,V17,V18,V19,V20,V21,V22,V23,V24,V25,V26,V27,V28,V29,V30,V31,V32,label
0.6744907594765952,1.011736139214893,0.0,0.0,0.0,2.023472278429786,-0.6744907594765952,0.3372453797382976,0.6744907594765952,4.721435316336167,-2.697963037906381,-1.2669770424452713,0.0,0.6744907594765952,1.3489815189531904,2.0026163169455127,0.0,0.6744907594765952,0.0,1.011736139214893,-0.3372453797382976,0.0,1.3489815189531904,-1.011736139214893,2.023472278429786,4.721435316336167,-0.6744907594765952,-1.233866149211153,-0.6744907594765952,1.3489815189531904,0.0,-0.6661485508120517,1
-1.3489815189531904,-0.3372453797382976,-1.6862268986914881,-0.6744907594765952,-1.011736139214893,0.0,0.0,0.3372453797382976,-0.6744907594765952,0.0,-0.6744907594765952,0.0,-0.6744907594765952,0.0,-1.3489815189531904,0.0,-0.3372453797382976,0.0,-0.3372453797382976,0.0,-0.3372453797382976,0.0,0.0,-1.011736139214893,1.3489815189531904,4.046944556859572,-0.6744907594765952,0.0,-0.6744907594765952,0.0,-0.6744907594765952,-0.6661485508120517,1
0.0,0.0,0.0,-0.3372453797382976,0.0,0.0,0.6744907594765952,-0.3372453797382976,1.3489815189531904,0.0,-0.6744907594765952,0.6334885212226357,-0.6744907594765952,0.0,1.3489815189531904,0.0,-1.011736139214893,-0.6744907594765952,-1.6862268986914881,-1.011736139214893,-1.011736139214893,0.0,0.0,-0.6744907594765952,1.3489815189531904,0.0,-0.6744907594765952,0.0,-0.6744907594765952,0.0,0.0,0.0,1
-1.011736139214893,-0.3372453797382976,-1.3489815189531904,-0.6744907594765952,-0.3372453797382976,0.0,0.0,-1.011736139214893,1.3489815189531904,0.0,-0.6744907594765952,0.0,-0.6744907594765952,0.0,0.6744907594765952,0.0,-0.6744907594765952,-1.1241512657943253,-1.3489815189531904,-0.6744907594765952,-0.6744907594765952,0.0,0.0,-0.6744907594765952,2.023472278429786,0.0,-0.6744907594765952,0.0,-0.6744907594765952,0.0,0.6744907594765952,0.0,1
-1.011736139214893,-1.6862268986914881,-1.3489815189531904,-1.011736139214893,-0.6744907594765952,0.0,0.0,-0.6744907594765952,1.3489815189531904,0.0,-0.6744907594765952,0.0,-0.6744907594765952,0.0,0.6744907594765952,0.0,-1.011736139214893,-0.6744907594765952,-1.3489815189531904,-0.6744907594765952,-0.6744907594765952,0.0,0.0,-0.6744907594765952,2.023472278429786,0.0,-0.6744907594765952,0.6169330746055764,-0.6744907594765952,0.0,0.6744907594765952,0.0,1
-1.011736139214893,-0.6744907594765952,-1.6862268986914881,0.3372453797382976,-1.011736139214893,0.0,0.0,0.3372453797382976,-0.6744907594765952,0.0,-0.6744907594765952,0.0,-0.6744907594765952,0.0,-1.3489815189531904,0.0,-1.011736139214893,0.6744907594765952,-1.6862268986914881,0.6744907594765952,-1.011736139214893,0.0,0.0,0.3372453797382976,-0.6744907594765952,0.0,-0.6744907594765952,0.0,-0.6744907594765952,0.0,-1.3489815189531904,0.0,1
0.0,0.3372453797382976,0.0,0.0,0.0,0.6744907594765952,1.3489815189531904,-0.6744907594765952,1.3489815189531904,0.0,-0.6744907594765952,-0.6334885212226357,-0.6744907594765952,-0.6744907594765952,1.3489815189531904,-0.6675387723151709,-1.3489815189531904,-1.3489815189531904,-1.6862268986914881,-1.3489815189531904,-1.011736139214893,0.0,0.0,0.3372453797382976,-0.6744907594765952,0.0,-0.6744907594765952,0.0,-0.6744907594765952,0.0,-1.3489815189531904,0.0,1
-0.6744907594765952,-0.6744907594765952,-1.6862268986914881,0.3372453797382976,-1.011736139214893,0.0,0.0,0.3372453797382976,-0.6744907594765952,0.0,-0.6744907594765952,0.0,-0.6744907594765952,0.0,-1.3489815189531904,0.0,-1.011736139214893,-0.6744907594765952,-1.6862268986914881,-1.011736139214893,-1.011736139214893,0.0,0.0,-0.6744907594765952,1.3489815189531904,0.0,-0.6744907594765952,0.0,-0.6744907594765952,0.0,0.0,0.0,1
-1.011736139214893,0.3372453797382976,-1.011736139214893,0.0,-0.3372453797382976,0.0,0.0,-1.011736139214893,2.023472278429786,0.0,-0.6744907594765952,0.0,-0.6744907594765952,0.0,0.6744907594765952,0.0,0.3372453797382976,0.6744907594765952,0.3372453797382976,1.011736139214893,0.3372453797382976,-0.6744907594765952,-0.6744907594765952,-0.3372453797382976,1.3489815189531904,0.0,-0.6744907594765952,1.233866149211153,-0.6744907594765952,0.6744907594765952,1.3489815189531904,0.0,1
-1.011736139214893,-1.3489815189531904,-1.6862268986914881,-1.3489815189531904,-1.011736139214893,0.0,0.0,-0.6744907594765952,1.3489815189531904,0.0,-0.6744907594765952,0.0,-0.6744907594765952,0.0,0.0,0.0,-1.3489815189531904,0.22483025315886507,-1.6862268986914881,0.0,-1.011736139214893,0.0,0.0,0.3372453797382976,-0.6744907594765952,0.0,-0.6744907594765952,0.0,-0.6744907594765952,0.0,-1.3489815189531904,0.0,1
1.011736139214893,2.3607176581680833,0.3372453797382976,0.6744907594765952,0.3372453797382976,2.023472278429786,0.0,-0.3372453797382976,0.0,2.697963037906381,-1.3489815189531904,-1.2669770424452713,0.0,0.6744907594765952,2.023472278429786,2.6701550892606836,-1.011736139214893,-0.8993210126354603,-1.011736139214893,-1.011736139214893,-1.011736139214893,0.0,0.0,-0.6744907594765952,1.3489815189531904,4.046944556859572,-0.6744907594765952,0.0,-0.6744907594765952,0.0,-0.6744907594765952,0.0,1
-1.3489815189531904,-2.023472278429786,-1.6862268986914881,-1.6862268986914881,-1.011736139214893,0.0,0.0,0.3372453797382976,-0.6744907594765952,0.0,-0.6744907594765952,0.0,-0.6744907594765952,0.0,-1.3489815189531904,0.0,1.011736139214893,0.8993210126354603,0.3372453797382976,0.3372453797382976,0.0,0.6744907594765952,0.6744907594765952,0.0,0.6744907594765952,4.046944556859572,-2.023472278429786,-1.8507992238167295,0.0,0.0,2.697963037906381,1.3322971016241034,1
-0.3372453797382976,0.3372453797382976,-0.3372453797382976,0.0,-0.3372453797382976,0.0,0.0,-1.011736139214893,1.3489815189531904,4.046944556859572,-0.6744907594765952,0.0,-0.6744907594765952,0.0,-0.6744907594765952,0.0,-0.6744907594765952,-0.44966050631773014,-0.3372453797382976,-0.3372453797382976,-0.6744907594765952,0.0,0.0,-1.011736139214893,1.3489815189531904,4.046944556859572,-0.6744907594765952,0.0,-0.6744907594765952,0.0,-0.6744907594765952,0.0,1
-0.6744907594765952,-0.6744907594765952,-0.6744907594765952,-1.011736139214893,-0.6744907594765952,0.0,0.6744907594765952,-0.6744907594765952,1.3489815189531904,4.721435316336167,-0.6744907594765952,-0.6334885212226357,-0.6744907594765952,0.0,-0.6744907594765952,-0.6675387723151709,-0.3372453797382976,0.8993210126354603,0.3372453797382976,1.011736139214893,1.3489815189531904,2.697963037906381,-0.6744907594765952,-0.6744907594765952,0.6744907594765952,0.6744907594765952,-2.023472278429786,-1.8507992238167295,0.3372453797382976,0.0,2.023472278429786,0.6661485508120517,1
-1.011736139214893,-1.011736139214893,-1.011736139214893,-1.3489815189531904,-0.6744907594765952,0.0,0.0,-0.6744907594765952,1.3489815189531904,4.046944556859572,-0.6744907594765952,0.0,-0.6744907594765952,0.0,-0.6744907594765952,0.0,-0.3372453797382976,0.0,-0.3372453797382976,0.0,-0.6744907594765952,-0.6744907594765952,0.6744907594765952,-0.6744907594765952,2.023472278429786,4.721435316336167,0.0,0.0,-0.6744907594765952,0.0,-0.6744907594765952,-0.6661485508120517,1
-0.6744907594765952,0.6744907594765952,-0.6744907594765952,0.3372453797382976,0.0,0.0,0.0,-1.011736139214893,1.3489815189531904,0.0,-0.6744907594765952,0.0,-0.6744907594765952,0.0,0.6744907594765952,0.0,-0.6744907594765952,0.8993210126354603,-1.011736139214893,1.3489815189531904,-0.3372453797382976,0.0,0.0,-1.011736139214893,2.023472278429786,0.0,-0.6744907594765952,0.0,-0.6744907594765952,0.0,0.6744907594765952,0.0,1
-1.3489815189531904,-0.3372453797382976,-1.6862268986914881,-0.6744907594765952,-1.011736139214893,0.0,0.0,0.3372453797382976,-0.6744907594765952,0.0,-0.6744907594765952,0.0,-0.6744907594765952,0.0,-1.3489815189531904,0.0,-1.011736139214893,-0.6744907594765952,-1.011736139214893,-0.6744907594765952,-0.6744907594765952,0.0,0.0,-1.011736139214893,1.3489815189531904,4.046944556859572,-0.6744907594765952,0.0,-0.6744907594765952,0.0,-0.6744907594765952,0.0,1
-1.011736139214893,-0.6744907594765952,-1.3489815189531904,-1.011736139214893,-0.6744907594765952,0.0,0.0,-0.6744907594765952,2.023472278429786,0.0,-0.6744907594765952,0.0,-0.6744907594765952,0.0,0.6744907594765952,0.0,0.3372453797382976,1.1241512657943253,0.0,0.6744907594765952,0.0,1.3489815189531904,0.6744907594765952,0.0,0.6744907594765952,4.046944556859572,-2.023472278429786,-1.8507992238167295,0.0,0.0,2.023472278429786,1.3322971016241034,1
-0.6744907594765952,0.3372453797382976,-0.6744907594765952,0.0,-0.6744907594765952,1.3489815189531904,0.0,-1.011736139214893,2.023472278429786,4.721435316336167,-1.3489815189531904,0.0,-0.6744907594765952,0.0,-0.6744907594765952,0.0,-0.6744907594765952,-0.44966050631773014,-0.6744907594765952,-0.6744907594765952,-0.6744907594765952,0.0,0.6744907594765952,-0.6744907594765952,2.023472278429786,4.721435316336167,-0.6744907594765952,-0.6169330746055764,-0.6744907594765952,0.0,-0.6744907594765952,-0.6661485508120517,1
0.3372453797382976,1.011736139214893,-0.3372453797382976,0.0,-0.3372453797382976,1.3489815189531904,0.0,0.0,0.6744907594765952,4.046944556859572,-2.023472278429786,-1.900465563667907,0.0,0.6744907594765952,1.3489815189531904,1.3350775446303418,-0.6744907594765952,0.22483025315886507,-0.6744907594765952,0.3372453797382976,-0.3372453797382976,0.0,0.0,-1.011736139214893,1.3489815189531904,4.046944556859572,-0.6744907594765952,0.0,-0.6744907594765952,0.0,-0.6744907594765952,0.0,1
-0.3372453797382976,0.0,-0.3372453797382976,-0.3372453797382976,-0.3372453797382976,0.0,0.0,-1.011736139214893,2.023472278429786,4.721435316336167,-0.6744907594765952,0.0,-0.6744907594765952,0.0,-0.6744907594765952,0.0,-1.011736139214893,-1.1241512657943253,-1.3489815189531904,-0.6744907594765952,-0.6744907594765952,0.0,0.0,-0.6744907594765952,1.3489815189531904,0.0,-0.6744907594765952,0.0,-0.6744907594765952,0.0,0.6744907594765952,0.0,1
-0.6744907594765952,1.3489815189531904,-1.011736139214893,0.6744907594765952,0.3372453797382976,0.0,0.0,-1.011736139214893,1.3489815189531904,0.0,-0.6744907594765952,0.0,-0.6744907594765952,0.0,0.6744907594765952,0.0,-1.011736139214893,0.44966050631773014,-1.6862268986914881,0.3372453797382976,-0.6744907594765952,0.0,0.0,0.6744907594765952,-1.3489815189531904,0.0,-0.6744907594765952,0.0,-0.6744907594765952,0.0,-1.3489815189531904,0.0,1
-1.3489815189531904,-2.3607176581680833,-1.6862268986914881,-2.023472278429786,-1.011736139214893,0.0,0.0,0.3372453797382976,-0.6744907594765952,0.0,-0.6744907594765952,0.0,-0.6744907594765952,0.0,-1.3489815189531904,0.0,-1.011736139214893,0.8993210126354603,-1.6862268986914881,1.011736139214893,-1.011736139214893,0.0,0.0,0.3372453797382976,-0.6744907594765952,0.0,-0.6744907594765952,0.0,-0.6744907594765952,0.0,-1.3489815189531904,0.0,1
-1.3489815189531904,-0.3372453797382976,-1.6862268986914881,-0.6744907594765952,-1.011736139214893,0.0,0.0,0.6744907594765952,-1.3489815189531904,0.0,-0.6744907594765952,0.0,-0.6744907594765952,0.0,-1.3489815189531904,0.0,1.011736139214893,1.5738117721120555,0.3372453797382976,1.011736139214893,0.3372453797382976,2.023472278429786,-0.6744907594765952,0.3372453797382976,0.6744907594765952,4.721435316336167,-2.697963037906381,-1.233866149211153,0.0,0.0,2.697963037906381,1.3322971016241034,1
-1.011736139214893,-1.011736139214893,-1.011736139214893,-1.011736139214893,-0.6744907594765952,0.0,0.6744907594765952,-1.011736139214893,0.6744907594765952,4.046944556859572,-0.6744907594765952,0.0,-0.6744907594765952,0.0,-1.3489815189531904,0.0,-1.011736139214893,-0.8993210126354603,-1.011736139214893,-1.011736139214893,-0.6744907594765952,0.0,0.0,-0.6744907594765952,1.3489815189531904,4.046944556859572,-0.6744907594765952,0.0,-0.6744907594765952,0.0,-0.6744907594765952,0.0,1
-1.3489815189531904,-1.3489815189531904,-1.3489815189531904,-1.3489815189531904,-0.6744907594765952,0.0,0.0,-0.6744907594765952,0.6744907594765952,0.0,-0.6744907594765952,0.0,-0.6744907594765952,0.0,0.0,0.0,-0.3372453797382976,0.44966050631773014,0.0,0.3372453797382976,0.0,0.0,0.0,-1.011736139214893,1.3489815189531904,4.046944556859572,-0.6744907594765952,0.6169330746055764,-0.6744907594765952,0.0,-0.6744907594765952,0.0,1
-1.3489815189531904,-2.3607176581680833,-1.6862268986914881,-1.6862268986914881,-1.011736139214893,0.0,0.0,0.3372453797382976,-0.6744907594765952,0.0,-0.6744907594765952,0.0,-0.6744907594765952,0.0,-1.3489815189531904,0.0,0.6744907594765952,1.5738117721120555,0.3372453797382976,1.011736139214893,0.0,0.6744907594765952,0.0,-0.3372453797382976,0.0,4.046944556859572,-2.023472278429786,-1.8507992238167295,0.0,0.0,2.697963037906381,1.3322971016241034,1
0.0,0.3372453797382976,0.0,0.0,0.0,0.6744907594765952,1.3489815189531904,-0.6744907594765952,1.3489815189531904,0.0,-0.6744907594765952,-0.6334885212226357,-0.6744907594765952,-0.6744907594765952,1.3489815189531904,-0.6675387723151709,-0.3372453797382976,0.0,0.0,0.0,0.6744907594765952,1.3489815189531904,0.0,-0.3372453797382976,-0.6744907594765952,0.6744907594765952,-1.3489815189531904,-1.8507992238167295,0.3372453797382976,0.6744907594765952,2.023472278429786,-1.3322971016241034,1
-1.3489815189531904,-0.3372453797382976,-1.6862268986914881,-0.6744907594765952,-1.011736139214893,0.0,0.0,0.3372453797382976,-0.6744907594765952,0.0,-0.6744907594765952,0.0,-0.6744907594765952,0.0,-1.3489815189531904,0.0,0.0,-0.44966050631773014,0.3372453797382976,0.0,0.3372453797382976,0.6744907594765952,1.3489815189531904,0.3372453797382976,0.0,0.0,-0.6744907594765952,0.6169330746055764,0.3372453797382976,0.0,4.046944556859572,-0.6661485508120517,1
-1.011736139214893,-0.6744907594765952,-1.6862268986914881,0.3372453797382976,-1.011736139214893,0.0,0.0,0.3372453797382976,-0.6744907594765952,0.0,-0.6744907594765952,0.0,-0.6744907594765952,0.0,-1.3489815189531904,0.0,-0.3372453797382976,0.6744907594765952,0.0,0.6744907594765952,-0.3372453797382976,0.0,0.0,-1.011736139214893,2.697963037906381,4.721435316336167,-0.6744907594765952,0.0,-0.6744907594765952,0.0,-0.6744907594765952,0.0,1
-1.011736139214893,0.0,-1.011736139214893,-0.3372453797382976,-0.3372453797382976,0.0,0.0,-1.011736139214893,1.3489815189531904,0.0,-0.6744907594765952,0.0,-0.6744907594765952,0.0,0.0,0.0,-1.011736139214893,-0.22483025315886507,-1.6862268986914881,-0.3372453797382976,-1.011736139214893,0.0,0.0,0.3372453797382976,-0.6744907594765952,0.0,-0.6744907594765952,0.0,-0.6744907594765952,0.0,-1.3489815189531904,0.0,1
-1.011736139214893,1.011736139214893,-1.6862268986914881,0.6744907594765952,-0.6744907594765952,0.0,0.0,0.6744907594765952,-1.3489815189531904,0.0,-0.6744907594765952,0.0,-0.6744907594765952,0.0,-1.3489815189531904,0.0,-1.011736139214893,-0.22483025315886507,-1.6862268986914881,-0.3372453797382976,-1.011736139214893,0.0,0.0,0.6744907594765952,-1.3489815189531904,0.0,-0.6744907594765952,0.0,-0.6744907594765952,0.0,-1.3489815189531904,0.0,1
-1.3489815189531904,-2.023472278429786,-1.6862268986914881,-1.6862268986914881,-1.011736139214893,0.0,0.0,0.3372453797382976,-0.6744907594765952,0.0,-0.6744907594765952,0.0,-0.6744907594765952,0.0,-1.3489815189531904,0.0,-0.3372453797382976,0.8993210126354603,-0.6744907594765952,1.011736139214893,0.3372453797382976,0.6744907594765952,0.0,-1.011736139214893,1.3489815189531904,0.0,-0.6744907594765952,0.0,-0.6744907594765952,0.0,0.6744907594765952,0.0,1
1.6862268986914881,2.3607176581680833,0.3372453797382976,0.6744907594765952,0.0,2.023472278429786,-2.023472278429786,0.6744907594765952,0.0,4.046944556859572,-2.697963037906381,0.0,0.3372453797382976,-0.6744907594765952,2.023472278429786,1.3350775446303418,0.0,-0.44966050631773014,0.3372453797382976,0.0,0.3372453797382976,0.6744907594765952,1.3489815189531904,0.3372453797382976,0.6744907594765952,0.0,0.0,0.0,0.3372453797382976,0.0,4.046944556859572,0.0,1
-1.3489815189531904,-0.3372453797382976,-1.6862268986914881,-0.6744907594765952,-1.011736139214893,0.0,0.0,0.6744907594765952,-1.3489815189531904,0.0,-0.6744907594765952,0.0,-0.6744907594765952,0.0,-1.3489815189531904,0.0,-1.011736139214893,-0.6744907594765952,-1.011736139214893,-0.6744907594765952,-0.6744907594765952,0.0,0.6744907594765952,-1.011736139214893,1.3489815189531904,4.046944556859572,-0.6744907594765952,0.0,-0.6744907594765952,0.0,-0.6744907594765952,-0.6661485508120517,1
-0.3372453797382976,0.3372453797382976,0.0,0.0,0.0,0.6744907594765952,-0.6744907594765952,-0.3372453797382976,1.3489815189531904,0.0,-0.6744907594765952,-0.6334885212226357,-0.6744907594765952,0.6744907594765952,1.3489815189531904,-0.6675387723151709,-0.3372453797382976,0.22483025315886507,-0.3372453797382976,0.3372453797382976,-0.3372453797382976,0.0,0.0,-1.011736139214893,1.3489815189531904,4.046944556859572,-0.6744907594765952,0.0,-0.6744907594765952,0.0,-0.6744907594765952,0.0,1
-1.011736139214893,-0.6744907594765952,-1.6862268986914881,0.0,-1.011736139214893,0.0,0.0,0.3372453797382976,-0.6744907594765952,0.0,-0.6744907594765952,0.0,-0.6744907594765952,0.0,-1.3489815189531904,0.0,-1.011736139214893,0.22483025315886507,-1.6862268986914881,0.3372453797382976,-1.011736139214893,0.0,0.0,0.3372453797382976,-0.6744907594765952,0.0,-0.6744907594765952,0.0,-0.6744907594765952,0.0,-1.3489815189531904,0.0,1
-0.6744907594765952,0.0,-0.3372453797382976,-0.3372453797382976,0.0,2.023472278429786,-1.3489815189531904,-0.6744907594765952,0.0,0.0,-1.3489815189531904,-1.900465563667907,0.0,0.0,1.3489815189531904,-0.6675387723151709,-0.6744907594765952,-0.44966050631773014,-0.3372453797382976,-0.3372453797382976,-0.6744907594765952,0.0,0.0,-1.011736139214893,2.023472278429786,4.721435316336167,-0.6744907594765952,0.6169330746055764,-0.6744907594765952,0.0,-0.6744907594765952,0.0,1
0.6744907594765952,1.3489815189531904,-0.3372453797382976,0.0,-0.3372453797382976,2.023472278429786,-0.6744907594765952,0.6744907594765952,0.0,3.3724537973829762,-2.697963037906381,-1.2669770424452713,0.3372453797382976,0.0,2.023472278429786,1.3350775446303418,-1.011736139214893,0.0,-1.6862268986914881,-0.3372453797382976,-1.011736139214893,0.0,0.0,0.3372453797382976,-0.6744907594765952,0.0,-0.6744907594765952,0.0,-0.6744907594765952,0.0,-1.3489815189531904,0.0,1
1.011736139214893,0.3372453797382976,1.011736139214893,1.011736139214893,1.6862268986914881,0.0,0.6744907594765952,0.3372453797382976,0.6744907594765952,-0.6744907594765952,0.6744907594765952,-0.6334885212226357,0.6744907594765952,0.6744907594765952,5.395926075812762,0.6675387723151709,-0.6744907594765952,0.6744907594765952,-1.011736139214893,1.011736139214893,-0.3372453797382976,0.6744907594765952,0.0,-1.011736139214893,2.697963037906381,0.0,-0.6744907594765952,-0.6169330746055764,-0.6744907594765952,0.0,0.6744907594765952,-0.6661485508120517,1
-1.011736139214893,-0.3372453797382976,-1.6862268986914881,-0.6744907594765952,-0.6744907594765952,0.0,0.0,0.6744907594765952,-1.3489815189531904,0.0,-0.6744907594765952,0.0,-0.6744907594765952,0.0,-1.3489815189531904,0.0,-1.011736139214893,-1.1241512657943253,-1.3489815189531904,-0.6744907594765952,-0.6744907594765952,0.0,0.0,-0.6744907594765952,2.023472278429786,0.0,-0.6744907594765952,0.0,-0.6744907594765952,0.0,0.6744907594765952,0.0,1
-0.6744907594765952,0.0,-0.6744907594765952,-0.3372453797382976,-0.3372453797382976,0.0,1.3489815189531904,-1.011736139214893,0.6744907594765952,4.046944556859572,-0.6744907594765952,-0.6334885212226357,-0.6744907594765952,0.0,-0.6744907594765952,-0.6675387723151709,-1.011736139214893,-1.3489815189531904,-1.3489815189531904,-1.3489815189531904,-0.6744907594765952,0.0,0.0,-0.3372453797382976,1.3489815189531904,0.0,-0.6744907594765952,0.0,-0.6744907594765952,0.0,0.0,0.0,1
-0.6744907594765952,0.3372453797382976,-1.011736139214893,0.0,-0.3372453797382976,0.0,0.0,-1.011736139214893,1.3489815189531904,0.0,-0.6744907594765952,0.0,-0.6744907594765952,0.0,0.6744907594765952,0.0,0.6744907594765952,1.7986420252709205,-0.3372453797382976,1.011736139214893,0.0,2.697963037906381,-1.3489815189531904,0.6744907594765952,-0.6744907594765952,4.046944556859572,-2.697963037906381,0.0,0.3372453797382976,0.0,2.023472278429786,0.6661485508120517,1
-0.3372453797382976,0.6744907594765952,-0.3372453797382976,0.0,-0.3372453797382976,0.0,0.0,-1.011736139214893,2.023472278429786,4.721435316336167,-0.6744907594765952,0.6334885212226357,-0.6744907594765952,0.0,-0.6744907594765952,0.0,-0.6744907594765952,-1.1241512657943253,-1.3489815189531904,-0.3372453797382976,-0.6744907594765952,0.0,0.0,-0.6744907594765952,2.023472278429786,0.0,-0.6744907594765952,0.0,-0.6744907594765952,0.0,0.6744907594765952,0.0,1
-0.3372453797382976,0.3372453797382976,-0.3372453797382976,0.0,-0.3372453797382976,0.0,0.6744907594765952,-1.011736139214893,2.023472278429786,4.721435316336167,-0.6744907594765952,-1.2669770424452713,-0.6744907594765952,0.0,-0.6744907594765952,-0.6675387723151709,-0.3372453797382976,0.44966050631773014,-0.3372453797382976,0.6744907594765952,0.0,0.0,0.0,-1.011736139214893,1.3489815189531904,4.046944556859572,-0.6744907594765952,0.0,-0.6744907594765952,0.0,-0.6744907594765952,0.0,1
0.0,-0.6744907594765952,0.3372453797382976,-0.3372453797382976,0.3372453797382976,0.6744907594765952,1.3489815189531904,0.3372453797382976,0.0,0.0,-0.6744907594765952,0.6334885212226357,0.3372453797382976,0.0,4.046944556859572,-0.6675387723151709,-1.011736139214893,-0.22483025315886507,-1.3489815189531904,-0.3372453797382976,-0.6744907594765952,0.0,0.0,-1.011736139214893,1.3489815189531904,0.0,-0.6744907594765952,0.0,-0.6744907594765952,0.0,0.0,0.0,1
-1.011736139214893,0.0,-1.6862268986914881,-0.3372453797382976,-1.011736139214893,0.0,0.0,0.6744907594765952,-1.3489815189531904,0.0,-0.6744907594765952,0.0,-0.6744907594765952,0.0,-1.3489815189531904,0.0,-1.011736139214893,-0.44966050631773014,-1.3489815189531904,-0.3372453797382976,-0.6744907594765952,0.0,0.0,-0.6744907594765952,2.023472278429786,0.0,-0.6744907594765952,0.0,-0.6744907594765952,0.0,0.6744907594765952,0.0,1
-1.3489815189531904,-2.3607176581680833,-1.6862268986914881,-1.6862268986914881,-1.011736139214893,0.0,0.0,0.3372453797382976,-0.6744907594765952,0.0,-0.6744907594765952,0.0,-0.6744907594765952,0.0,-1.3489815189531904,0.0,0.3372453797382976,1.1241512657943253,0.0,0.3372453797382976,0.0,-0.6744907594765952,2.697963037906381,0.0,0.0,4.046944556859572,-0.6744907594765952,-2.467732298422306,-0.3372453797382976,0.0,2.023472278429786,0.0,1
-0.6744907594765952,0.6744907594765952,-0.6744907594765952,0.3372453797382976,-0.3372453797382976,0.0,0.0,-1.011736139214893,2.023472278429786,4.046944556859572,-0.6744907594765952,0.0,-0.6744907594765952,0.0,-0.6744907594765952,0.0,-1.011736139214893,-0.6744907594765952,-1.011736139214893,-0.6744907594765952,-0.6744907594765952,0.0,0.6744907594765952,-1.011736139214893,1.3489815189531904,4.046944556859572,-0.6744907594765952,0.0,-0.6744907594765952,0.0,-0.6744907594765952,-0.6661485508120517,1
-1.011736139214893,1.011736139214893,-1.6862268986914881,0.6744907594765952,-0.6744907594765952,0.0,0.0,0.6744907594765952,-1.3489815189531904,0.0,-0.6744907594765952,0.0,-0.6744907594765952,0.0,-1.3489815189531904,0.0,0.0,0.6744907594765952,0.0,1.011736139214893,0.0,-1.3489815189531904,1.3489815189531904,-1.011736139214893,1.3489815189531904,4.046944556859572,0.0,-1.233866149211153,0.0,0.6744907594765952,0.6744907594765952,-1.3322971016241034,1
-1.011736139214893,-0.6744907594765952,-1.011736139214893,-0.6744907594765952,-0.6744907594765952,0.0,0.0,-1.011736139214893,1.3489815189531904,4.046944556859572,-0.6744907594765952,0.0,-0.6744907594765952,0.0,-0.6744907594765952,0.0,-1.011736139214893,-0.44966050631773014,-0.6744907594765952,-0.3372453797382976,-0.6744907594765952,0.0,0.0,-1.011736139214893,2.023472278429786,4.046944556859572,-0.6744907594765952,0.0,-0.6744907594765952,0.0,-0.6744907594765952,-0.6661485508120517,1
-0.6744907594765952,-0.6744907594765952,-0.3372453797382976,-0.6744907594765952,-0.6744907594765952,0.0,0.0,-1.011736139214893,1.3489815189531904,4.046944556859572,-0.6744907594765952,0.0,-0.6744907594765952,0.0,-0.6744907594765952,0.0,-1.011736139214893,-1.3489815189531904,-1.6862268986914881,-1.011736139214893,-1.011736139214893,0.0,0.0,-0.6744907594765952,1.3489815189531904,0.0,-0.6744907594765952,0.0,-0.6744907594765952,0.0,0.0,0.0,1
-1.3489815189531904,0.6744907594765952,-1.6862268986914881,0.0,-1.011736139214893,0.0,0.0,0.3372453797382976,-0.6744907594765952,0.0,-0.6744907594765952,0.0,-0.6744907594765952,0.0,-1.3489815189531904,0.0,-0.6744907594765952,0.44966050631773014,-1.011736139214893,0.6744907594765952,-0.3372453797382976,0.0,0.0,-1.011736139214893,2.023472278429786,0.0,-0.6744907594765952,0.0,-0.6744907594765952,0.0,0.6744907594765952,0.0,1
-1.3489815189531904,-0.3372453797382976,-1.6862268986914881,-0.6744907594765952,-1.011736139214893,0.0,0.0,0.6744907594765952,-1.3489815189531904,0.0,-0.6744907594765952,0.0,-0.6744907594765952,0.0,-1.3489815189531904,0.0,-0.6744907594765952,0.8993210126354603,-1.6862268986914881,1.011736139214893,-0.3372453797382976,0.0,0.0,0.6744907594765952,-1.3489815189531904,0.0,-0.6744907594765952,0.0,-0.6744907594765952,0.0,-1.3489815189531904,0.0,1
-1.011736139214893,-1.011736139214893,-1.6862268986914881,0.0,-1.011736139214893,0.0,0.0,0.3372453797382976,-0.6744907594765952,0.0,-0.6744907594765952,0.0,-0.6744907594765952,0.0,-1.3489815189531904,0.0,-1.011736139214893,-1.3489815189531904,-1.3489815189531904,-0.6744907594765952,-0.6744907594765952,0.0,0.0,-0.6744907594765952,0.6744907594765952,0.0,-0.6744907594765952,0.0,-0.6744907594765952,0.0,0.0,0.0,1
-1.011736139214893,1.011736139214893,-1.6862268986914881,0.6744907594765952,-0.6744907594765952,0.0,0.0,0.6744907594765952,-1.3489815189531904,0.0,-0.6744907594765952,0.0,-0.6744907594765952,0.0,-1.3489815189531904,0.0,-0.6744907594765952,0.6744907594765952,-1.011736139214893,1.011736139214893,0.0,0.0,0.0,-1.011736139214893,1.3489815189531904,0.0,-0.6744907594765952,0.0,-0.6744907594765952,0.0,0.6744907594765952,0.0,1
0.6744907594765952,1.6862268986914881,-0.3372453797382976,0.0,-0.3372453797382976,2.697963037906381,-2.697963037906381,0.3372453797382976,0.6744907594765952,2.697963037906381,-3.3724537973829762,-0.6334885212226357,0.3372453797382976,0.0,0.6744907594765952,2.6701550892606836,-0.6744907594765952,0.44966050631773014,-1.011736139214893,0.6744907594765952,0.0,0.0,0.0,-1.011736139214893,1.3489815189531904,0.0,-0.6744907594765952,0.0,-0.6744907594765952,0.0,0.6744907594765952,0.0,1
-0.3372453797382976,0.3372453797382976,-0.3372453797382976,0.0,-0.3372453797382976,0.0,0.0,-1.011736139214893,2.023472278429786,4.721435316336167,-0.6744907594765952,0.0,-0.6744907594765952,0.0,-0.6744907594765952,-0.6675387723151709,-0.6744907594765952,0.6744907594765952,-1.011736139214893,0.6744907594765952,-0.3372453797382976,0.0,0.0,-1.011736139214893,2.023472278429786,0.0,-0.6744907594765952,0.0,-0.6744907594765952,0.0,0.6744907594765952,0.0,1
0.6744907594765952,1.6862268986914881,-0.3372453797382976,0.3372453797382976,0.0,2.697963037906381,-2.697963037906381,0.3372453797382976,0.0,3.3724537973829762,-3.3724537973829762,0.0,0.3372453797382976,0.0,1.3489815189531904,1.3350775446303418,-1.011736139214893,-1.3489815189531904,-1.3489815189531904,-1.011736139214893,-0.6744907594765952,0.0,0.0,-0.6744907594765952,1.3489815189531904,0.0,-0.6744907594765952,0.0,-0.6744907594765952,0.0,0.0,0.0,1
-1.3489815189531904,0.0,-1.6862268986914881,-0.6744907594765952,-1.011736139214893,0.0,0.0,0.3372453797382976,-0.6744907594765952,0.0,-0.6744907594765952,0.0,-0.6744907594765952,0.0,-1.3489815189531904,0.0,-0.3372453797382976,0.44966050631773014,0.0,0.6744907594765952,0.6744907594765952,3.3724537973829762,-1.3489815189531904,-0.6744907594765952,0.6744907594765952,0.6744907594765952,-2.023472278429786,-1.8507992238167295,-0.3372453797382976,0.0,2.023472278429786,1.3322971016241034,1
0.0,0.6744907594765952,0.3372453797382976,0.0,0.0,1.3489815189531904,0.6744907594765952,-0.3372453797382976,2.023472278429786,0.0,-0.6744907594765952,-1.2669770424452713,-0.6744907594765952,0.0,1.3489815189531904,-0.6675387723151709,-1.011736139214893,0.44966050631773014,-1.6862268986914881,0.3372453797382976,-0.6744907594765952,0.0,0.0,0.6744907594765952,-1.3489815189531904,0.0,-0.6744907594765952,0.0,-0.6744907594765952,0.0,-1.3489815189531904,0.0,1
-0.3372453797382976,0.6744907594765952,0.0,0.0,0.0,0.0,0.0,-1.011736139214893,1.3489815189531904,4.046944556859572,-0.6744907594765952,0.6334885212226357,-0.6744907594765952,0.0,-0.6744907594765952,0.0,-1.011736139214893,0.6744907594765952,-1.6862268986914881,0.6744907594765952,-1.011736139214893,0.0,0.0,0.3372453797382976,-0.6744907594765952,0.0,-0.6744907594765952,0.0,-0.6744907594765952,0.0,-1.3489815189531904,0.0,1
-1.011736139214893,1.011736139214893,-1.6862268986914881,0.3372453797382976,-1.011736139214893,0.0,0.0,0.3372453797382976,-0.6744907594765952,0.0,-0.6744907594765952,0.0,-0.6744907594765952,0.0,-1.3489815189531904,0.0,-0.6744907594765952,0.0,-0.6744907594765952,0.0,-0.3372453797382976,-0.6744907594765952,0.6744907594765952,-1.011736139214893,1.3489815189531904,4.046944556859572,0.0,0.0,-0.6744907594765952,0.0,-0.6744907594765952,-0.6661485508120517,1
-1.011736139214893,0.0,-1.6862268986914881,-0.3372453797382976,-0.6744907594765952,0.0,0.0,0.6744907594765952,-1.3489815189531904,0.0,-0.6744907594765952,0.0,-0.6744907594765952,0.0,-1.3489815189531904,0.0,-1.011736139214893,0.44966050631773014,-1.6862268986914881,0.3372453797382976,-0.6744907594765952,0.0,0.0,0.6744907594765952,-1.3489815189531904,0.0,-0.6744907594765952,0.0,-0.6744907594765952,0.0,-1.3489815189531904,0.0,1
-0.6744907594765952,-1.6862268986914881,-1.3489815189531904,-1.011736139214893,-0.6744907594765952,0.0,0.0,-0.6744907594765952,2.023472278429786,0.0,-0.6744907594765952,0.0,-0.6744907594765952,0.0,0.6744907594765952,0.0,1.011736139214893,1.3489815189531904,0.3372453797382976,1.011736139214893,0.0,2.023472278429786,0.0,-0.3372453797382976,0.0,2.697963037906381,-1.3489815189531904,-1.233866149211153,0.0,1.3489815189531904,2.023472278429786,1.998445652436155,1
-0.3372453797382976,1.3489815189531904,0.3372453797382976,0.6744907594765952,1.3489815189531904,2.697963037906381,-0.6744907594765952,-0.6744907594765952,0.6744907594765952,0.6744907594765952,-2.023472278429786,-1.900465563667907,0.3372453797382976,0.0,2.023472278429786,0.6675387723151709,-1.011736139214893,-1.3489815189531904,-1.3489815189531904,-1.011736139214893,-0.6744907594765952,0.0,0.0,-0.6744907594765952,1.3489815189531904,0.0,-0.6744907594765952,0.0,-0.6744907594765952,0.0,0.0,0.0,1
-0.3372453797382976,-0.3372453797382976,0.0,0.3372453797382976,0.3372453797382976,0.6744907594765952,0.6744907594765952,0.3372453797382976,0.0,0.0,-0.6744907594765952,0.0,0.3372453797382976,0.0,4.046944556859572,0.0,-1.011736139214893,0.22483025315886507,-1.011736139214893,0.3372453797382976,-0.3372453797382976,0.0,0.0,-1.011736139214893,1.3489815189531904,0.0,-0.6744907594765952,0.0,-0.6744907594765952,0.0,0.0,0.0,1
-0.3372453797382976,0.6744907594765952,-0.3372453797382976,0.3372453797382976,0.0,0.0,0.6744907594765952,-1.011736139214893,1.3489815189531904,4.046944556859572,-0.6744907594765952,0.0,-0.6744907594765952,0.0,-0.6744907594765952,0.0,-0.6744907594765952,-0.44966050631773014,-0.6744907594765952,-0.3372453797382976,-0.6744907594765952,0.0,0.0,-1.011736139214893,2.023472278429786,4.046944556859572,-0.6744907594765952,0.0,-0.6744907594765952,0.0,-0.6744907594765952,0.0,1
-1.3489815189531904,-1.3489815189531904,-1.6862268986914881,-0.6744907594765952,-1.011736139214893,0.0,0.0,0.3372453797382976,-0.6744907594765952,0.0,-0.6744907594765952,0.0,-0.6744907594765952,0.0,-1.3489815189531904,0.0,-0.3372453797382976,0.0,-0.3372453797382976,0.0,-0.3372453797382976,0.0,0.0,-1.011736139214893,1.3489815189531904,4.046944556859572,-0.6744907594765952,0.0,-0.6744907594765952,0.0,-0.6744907594765952,-0.6661485508120517,1
0.3372453797382976,0.6744907594765952,0.6744907594765952,0.0,0.3372453797382976,0.0,-0.6744907594765952,-0.3372453797382976,1.3489815189531904,0.0,-0.6744907594765952,0.6334885212226357,-0.6744907594765952,0.6744907594765952,1.3489815189531904,0.0,-0.3372453797382976,-0.22483025315886507,-0.3372453797382976,-0.3372453797382976,-0.3372453797382976,-1.3489815189531904,0.0,0.0,1.3489815189531904,0.0,-0.6744907594765952,2.467732298422306,-0.6744907594765952,0.0,1.3489815189531904,0.6661485508120517,1
1.011736139214893,2.023472278429786,0.3372453797382976,0.3372453797382976,0.0,3.3724537973829762,-1.3489815189531904,-0.3372453797382976,0.6744907594765952,3.3724537973829762,-2.697963037906381,-1.2669770424452713,0.0,1.3489815189531904,1.3489815189531904,2.6701550892606836,0.3372453797382976,1.1241512657943253,-0.3372453797382976,0.3372453797382976,-0.3372453797382976,2.697963037906381,-1.3489815189531904,0.0,0.6744907594765952,3.3724537973829762,-2.697963037906381,-0.6169330746055764,0.0,0.6744907594765952,1.3489815189531904,1.998445652436155,1
-1.011736139214893,-2.023472278429786,-1.3489815189531904,-1.3489815189531904,-0.6744907594765952,0.0,0.0,-0.6744907594765952,1.3489815189531904,0.0,-0.6744907594765952,0.0,-0.6744907594765952,0.0,0.0,0.0,1.011736139214893,1.5738117721120555,0.3372453797382976,1.011736139214893,0.3372453797382976,0.6744907594765952,0.6744907594765952,-0.3372453797382976,0.6744907594765952,4.046944556859572,-2.023472278429786,-1.8507992238167295,0.0,0.0,2.697963037906381,0.6661485508120517,1
0.3372453797382976,1.011736139214893,0.3372453797382976,0.6744907594765952,0.0,1.3489815189531904,-0.6744907594765952,-0.3372453797382976,1.3489815189531904,0.0,-0.6744907594765952,-1.900465563667907,-0.6744907594765952,0.0,1.3489815189531904,-0.6675387723151709,-0.3372453797382976,-0.6744907594765952,-0.3372453797382976,0.0,0.0,0.0,0.6744907594765952,0.3372453797382976,0.0,0.0,0.6744907594765952,-0.6169330746055764,0.0,0.6744907594765952,4.046944556859572,0.6661485508120517,1
-1.3489815189531904,0.0,-1.6862268986914881,-0.6744907594765952,-1.011736139214893,0.0,0.0,0.3372453797382976,-0.6744907594765952,0.0,-0.6744907594765952,0.0,-0.6744907594765952,0.0,-1.3489815189531904,0.0,-1.3489815189531904,-0.8993210126354603,-1.3489815189531904,-1.011736139214893,-0.6744907594765952,0.0,0.0,-0.6744907594765952,0.6744907594765952,0.0,-0.6744907594765952,0.0,-0.6744907594765952,0.0,0.0,0.0,1
-0.6744907594765952,-0.6744907594765952,-0.3372453797382976,-0.6744907594765952,-0.6744907594765952,0.0,0.0,-1.011736139214893,1.3489815189531904,4.046944556859572,-0.6744907594765952,0.0,-0.6744907594765952,0.0,-0.6744907594765952,0.0,-1.3489815189531904,-1.5738117721120555,-1.6862268986914881,-1.6862268986914881,-1.011736139214893,0.0,0.0,0.3372453797382976,-0.6744907594765952,0.0,-0.6744907594765952,0.0,-0.6744907594765952,0.0,-1.3489815189531904,0.0,1
-1.3489815189531904,-2.3607176581680833,-1.6862268986914881,-2.023472278429786,-1.011736139214893,0.0,0.0,0.3372453797382976,-0.6744907594765952,0.0,-0.6744907594765952,0.0,-0.6744907594765952,0.0,-1.3489815189531904,0.0,-1.3489815189531904,-1.3489815189531904,-1.6862268986914881,-1.3489815189531904,-1.011736139214893,0.0,0.0,0.3372453797382976,-0.6744907594765952,0.0,-0.6744907594765952,0.0,-0.6744907594765952,0.0,-1.3489815189531904,0.0,1
-1.011736139214893,-1.6862268986914881,-1.3489815189531904,-1.011736139214893,-0.6744907594765952,0.0,0.0,-0.6744907594765952,1.3489815189531904,0.0,-0.6744907594765952,0.0,-0.6744907594765952,0.0,0.0,0.0,0.6744907594765952,0.8993210126354603,0.6744907594765952,1.011736139214893,0.6744907594765952,0.0,0.0,-0.6744907594765952,1.3489815189531904,0.0,-0.6744907594765952,0.0,-0.6744907594765952,0.0,1.3489815189531904,0.0,1
0.0,-0.6744907594765952,0.3372453797382976,-0.3372453797382976,0.3372453797382976,0.6744907594765952,1.3489815189531904,0.3372453797382976,0.6744907594765952,0.0,0.0,0.0,0.3372453797382976,0.0,4.046944556859572,0.0,0.3372453797382976,0.44966050631773014,-0.3372453797382976,-0.3372453797382976,-0.3372453797382976,1.3489815189531904,0.0,1.011736139214893,-0.6744907594765952,4.046944556859572,-1.3489815189531904,0.0,0.3372453797382976,0.0,2.023472278429786,1.3322971016241034,1
0.6744907594765952,1.3489815189531904,-0.3372453797382976,0.0,-0.3372453797382976,1.3489815189531904,-0.6744907594765952,1.011736139214893,0.0,4.046944556859572,-1.3489815189531904,0.6334885212226357,0.0,0.0,1.3489815189531904,0.6675387723151709,-0.3372453797382976,0.6744907594765952,-0.3372453797382976,0.6744907594765952,-0.3372453797382976,0.0,0.6744907594765952,-1.011736139214893,2.023472278429786,4.046944556859572,-0.6744907594765952,-0.6169330746055764,-0.6744907594765952,0.0,-0.6744907594765952,-0.6661485508120517,1
-0.6744907594765952,0.0,-0.3372453797382976,-0.3372453797382976,0.3372453797382976,2.023472278429786,-0.6744907594765952,-0.3372453797382976,0.0,0.6744907594765952,-1.3489815189531904,-1.900465563667907,0.3372453797382976,0.0,2.023472278429786,-1.3350775446303418,-1.011736139214893,-0.8993210126354603,-1.3489815189531904,-1.011736139214893,-0.6744907594765952,0.6744907594765952,0.0,-0.6744907594765952,1.3489815189531904,0.0,-0.6744907594765952,-0.6169330746055764,-0.6744907594765952,0.0,0.0,-0.6661485508120517,1
-0.6744907594765952,0.3372453797382976,-0.6744907594765952,0.0,-0.3372453797382976,0.6744907594765952,0.0,-1.011736139214893,1.3489815189531904,4.046944556859572,-0.6744907594765952,0.6334885212226357,-0.6744907594765952,0.0,-0.6744907594765952,0.0,-1.011736139214893,-0.44966050631773014,-1.011736139214893,-0.3372453797382976,-0.6744907594765952,0.0,0.0,-1.011736139214893,1.3489815189531904,4.046944556859572,-0.6744907594765952,0.0,-0.6744907594765952,0.0,-0.6744907594765952,0.0,1
-0.3372453797382976,1.011736139214893,-0.3372453797382976,0.3372453797382976,0.0,0.6744907594765952,0.0,-1.011736139214893,1.3489815189531904,4.046944556859572,-0.6744907594765952,0.0,-0.6744907594765952,0.0,-0.6744907594765952,0.0,0.6744907594765952,1.7986420252709205,-0.3372453797382976,1.011736139214893,0.0,2.697963037906381,-1.3489815189531904,0.3372453797382976,0.0,3.3724537973829762,-3.3724537973829762,-0.6169330746055764,0.3372453797382976,0.0,2.023472278429786,1.3322971016241034,1
-0.3372453797382976,1.011736139214893,-0.3372453797382976,0.6744907594765952,0.0,0.0,0.0,-1.011736139214893,1.3489815189531904,4.046944556859572,-0.6744907594765952,0.0,-0.6744907594765952,0.0,-0.6744907594765952,0.0,-0.3372453797382976,0.0,-0.3372453797382976,0.0,-0.3372453797382976,1.3489815189531904,-0.6744907594765952,-1.011736139214893,1.3489815189531904,4.046944556859572,-1.3489815189531904,0.0,-0.6744907594765952,0.0,-0.6744907594765952,0.0,1
0.0,0.6744907594765952,0.0,0.3372453797382976,0.0,1.3489815189531904,-0.6744907594765952,-1.011736139214893,1.3489815189531904,4.046944556859572,-1.3489815189531904,0.6334885212226357,-0.6744907594765952,0.0,-0.6744907594765952,0.0,-0.3372453797382976,0.6744907594765952,0.0,1.011736139214893,0.0,0.6744907594765952,-0.6744907594765952,-1.011736139214893,1.3489815189531904,4.046944556859572,-0.6744907594765952,0.6169330746055764,-0.3372453797382976,-0.6744907594765952,0.0,0.0,1
-1.011736139214893,0.3372453797382976,-1.6862268986914881,0.0,-0.6744907594765952,0.0,0.0,0.6744907594765952,-1.3489815189531904,0.0,-0.6744907594765952,0.0,-0.6744907594765952,0.0,-1.3489815189531904,0.0,0.3372453797382976,0.44966050631773014,0.6744907594765952,0.3372453797382976,0.3372453797382976,-0.6744907594765952,-0.6744907594765952,0.0,1.3489815189531904,0.0,-0.6744907594765952,2.467732298422306,-0.6744907594765952,0.0,1.3489815189531904,0.6661485508120517,1
1.011736139214893,2.3607176581680833,0.3372453797382976,0.6744907594765952,0.3372453797382976,2.023472278429786,-0.6744907594765952,0.3372453797382976,0.6744907594765952,4.721435316336167,-2.697963037906381,-1.2669770424452713,0.0,0.0,2.697963037906381,1.3350775446303418,-1.011736139214893,-0.44966050631773014,-1.6862268986914881,0.6744907594765952,-1.011736139214893,0.0,0.0,0.3372453797382976,-0.6744907594765952,0.0,-0.6744907594765952,0.0,-0.6744907594765952,0.0,-1.3489815189531904,0.0,1
-0.3372453797382976,1.011736139214893,-0.3372453797382976,0.6744907594765952,-0.3372453797382976,0.0,0.0,-1.011736139214893,2.023472278429786,4.721435316336167,-0.6744907594765952,0.0,-0.6744907594765952,0.0,-0.6744907594765952,0.0,0.0,0.8993210126354603,0.0,1.011736139214893,0.0,0.0,0.0,-1.011736139214893,1.3489815189531904,4.046944556859572,-0.6744907594765952,0.0,-0.6744907594765952,0.0,-0.6744907594765952,0.0,1
-1.011736139214893,-1.3489815189531904,-1.011736139214893,-1.3489815189531904,-0.6744907594765952,0.0,0.6744907594765952,-0.6744907594765952,1.3489815189531904,4.046944556859572,-0.6744907594765952,0.0,-0.6744907594765952,0.0,-0.6744907594765952,-0.6675387723151709,-0.3372453797382976,-0.22483025315886507,-0.3372453797382976,-0.3372453797382976,-0.3372453797382976,-0.6744907594765952,1.3489815189531904,-1.011736139214893,0.6744907594765952,4.046944556859572,0.0,-0.6169330746055764,-0.6744907594765952,0.0,-0.6744907594765952,-0.6661485508120517,1
-1.011736139214893,-1.3489815189531904,-1.3489815189531904,-1.3489815189531904,-0.6744907594765952,0.0,0.0,-0.6744907594765952,1.3489815189531904,0.0,-0.6744907594765952,0.0,-0.6744907594765952,0.0,0.0,0.0,-1.011736139214893,0.0,-1.011736139214893,0.0,-0.6744907594765952,0.0,0.0,-1.011736139214893,1.3489815189531904,4.046944556859572,-0.6744907594765952,0.0,-0.6744907594765952,0.0,-0.6744907594765952,0.0,1
-1.011736139214893,-1.6862268986914881,-1.3489815189531904,-1.011736139214893,-0.6744907594765952,0.0,0.0,-0.6744907594765952,1.3489815189531904,0.0,-0.6744907594765952,0.0,-0.6744907594765952,0.0,0.0,0.0,-0.3372453797382976,0.8993210126354603,-0.3372453797382976,1.011736139214893,0.0,1.3489815189531904,0.0,-1.011736139214893,1.3489815189531904,4.046944556859572,-1.3489815189531904,0.0,-0.6744907594765952,0.0,-0.6744907594765952,0.0,1
-0.6744907594765952,1.011736139214893,-1.011736139214893,0.6744907594765952,-0.3372453797382976,0.6744907594765952,0.0,-1.011736139214893,2.697963037906381,0.0,-0.6744907594765952,-0.6334885212226357,-0.6744907594765952,0.0,0.6744907594765952,-0.6675387723151709,-0.3372453797382976,0.0,-0.3372453797382976,0.0,-0.3372453797382976,0.0,0.0,-1.011736139214893,2.023472278429786,4.721435316336167,-0.6744907594765952,0.0,-0.6744907594765952,0.0,-0.6744907594765952,0.0,1
-0.3372453797382976,1.011736139214893,0.0,0.3372453797382976,1.011736139214893,1.3489815189531904,-0.6744907594765952,0.0,-0.6744907594765952,0.6744907594765952,-1.3489815189531904,-1.900465563667907,1.3489815189531904,-0.6744907594765952,2.023472278429786,-2.0026163169455127,-1.011736139214893,0.6744907594765952,-1.6862268986914881,0.6744907594765952,-1.011736139214893,0.0,0.0,0.3372453797382976,-0.6744907594765952,0.0,-0.6744907594765952,0.0,-0.6744907594765952,0.0,-1.3489815189531904,0.0,1
-1.011736139214893,-0.6744907594765952,-1.6862268986914881,0.3372453797382976,-1.011736139214893,0.0,0.0,0.3372453797382976,-0.6744907594765952,0.0,-0.6744907594765952,0.0,-0.6744907594765952,0.0,-1.3489815189531904,0.0,-1.011736139214893,-0.8993210126354603,-1.3489815189531904,-1.011736139214893,-0.6744907594765952,0.6744907594765952,0.0,-0.6744907594765952,1.3489815189531904,0.0,-0.6744907594765952,-0.6169330746055764,-0.6744907594765952,0.0,0.0,-0.6661485508120517,1
1.011736139214893,1.6862268986914881,0.0,0.0,-0.3372453797382976,2.023472278429786,-1.3489815189531904,1.011736139214893,-0.6744907594765952,4.046944556859572,-2.697963037906381,0.6334885212226357,0.3372453797382976,0.0,1.3489815189531904,0.6675387723151709,-0.3372453797382976,-0.22483025315886507,-0.3372453797382976,-0.3372453797382976,-0.3372453797382976,-1.3489815189531904,0.0,0.0,1.3489815189531904,0.0,-0.6744907594765952,2.467732298422306,-0.6744907594765952,0.0,1.3489815189531904,0.6661485508120517,1
-1.011736139214893,0.3372453797382976,-1.011736139214893,0.0,-0.3372453797382976,0.0,0.0,-1.011736139214893,1.3489815189531904,0.0,-0.6744907594765952,0.0,-0.6744907594765952,0.0,0.0,0.0,-1.3489815189531904,-1.5738117721120555,-1.6862268986914881,-1.3489815189531904,-1.011736139214893,0.0,0.0,0.3372453797382976,-0.6744907594765952,0.0,-0.6744907594765952,0.0,-0.6744907594765952,0.0,-1.3489815189531904,0.0,1
-1.011736139214893,0.0,-1.6862268986914881,-0.6744907594765952,-1.011736139214893,0.0,0.0,0.3372453797382976,-0.6744907594765952,0.0,-0.6744907594765952,0.0,-0.6744907594765952,0.0,-1.3489815189531904,0.0,-1.011736139214893,0.44966050631773014,-1.3489815189531904,0.6744907594765952,-0.6744907594765952,0.0,0.0,-1.011736139214893,2.697963037906381,0.0,-0.6744907594765952,0.0,-0.6744907594765952,0.0,0.6744907594765952,0.0,1
0.0,0.3372453797382976,0.0,0.0,0.0,0.0,-0.6744907594765952,-0.3372453797382976,1.3489815189531904,0.0,0.0,0.0,0.3372453797382976,0.0,1.3489815189531904,0.0,-1.011736139214893,-0.22483025315886507,-1.6862268986914881,-0.3372453797382976,-0.6744907594765952,0.0,0.0,0.6744907594765952,-1.3489815189531904,0.0,-0.6744907594765952,0.0,-0.6744907594765952,0.0,-1.3489815189531904,0.0,1
-0.6744907594765952,0.3372453797382976,-0.6744907594765952,0.0,-0.6744907594765952,0.0,0.0,-1.011736139214893,2.023472278429786,4.721435316336167,-0.6744907594765952,0.6334885212226357,-0.6744907594765952,0.0,-0.6744907594765952,0.0,-1.011736139214893,-0.22483025315886507,-1.011736139214893,-0.3372453797382976,-0.6744907594765952,0.0,0.0,-1.011736139214893,1.3489815189531904,4.721435316336167,-0.6744907594765952,0.0,-0.6744907594765952,0.0,-0.6744907594765952,0.0,1
-0.6744907594765952,0.0,-0.6744907594765952,-0.3372453797382976,-0.3372453797382976,0.0,1.3489815189531904,-1.011736139214893,0.6744907594765952,4.046944556859572,-0.6744907594765952,-0.6334885212226357,-0.6744907594765952,0.0,-0.6744907594765952,-0.6675387723151709,-0.6744907594765952,0.44966050631773014,-0.6744907594765952,0.6744907594765952,0.3372453797382976,0.0,0.0,-1.011736139214893,1.3489815189531904,0.0,-0.6744907594765952,0.0,-0.6744907594765952,0.0,0.6744907594765952,0.0,1
-0.6744907594765952,0.3372453797382976,-1.011736139214893,0.0,-0.3372453797382976,0.0,0.0,-1.011736139214893,1.3489815189531904,0.0,-0.6744907594765952,0.0,-0.6744907594765952,0.0,0.6744907594765952,0.0,0.3372453797382976,1.1241512657943253,-0.3372453797382976,0.3372453797382976,0.0,2.023472278429786,-0.6744907594765952,0.0,0.0,4.046944556859572,-2.697963037906381,-1.233866149211153,0.0,0.0,2.023472278429786,1.3322971016241034,1
-1.011736139214893,0.3372453797382976,-1.6862268986914881,0.0,-1.011736139214893,0.0,0.0,0.3372453797382976,-0.6744907594765952,0.0,-0.6744907594765952,0.0,-0.6744907594765952,0.0,-1.3489815189531904,0.0,-1.011736139214893,0.0,-1.6862268986914881,-0.3372453797382976,-1.011736139214893,0.0,0.0,0.3372453797382976,-0.6744907594765952,0.0,-0.6744907594765952,0.0,-0.6744907594765952,0.0,-1.3489815189531904,0.0,1
-1.3489815189531904,-0.3372453797382976,-1.6862268986914881,-0.6744907594765952,-1.011736139214893,0.0,0.0,0.3372453797382976,-0.6744907594765952,0.0,-0.6744907594765952,0.0,-0.6744907594765952,0.0,-1.3489815189531904,0.0,-0.3372453797382976,0.44966050631773014,0.0,0.6744907594765952,0.6744907594765952,3.3724537973829762,-1.3489815189531904,-0.6744907594765952,0.6744907594765952,0.6744907594765952,-2.023472278429786,-1.8507992238167295,-0.3372453797382976,0.0,2.023472278429786,1.3322971016241034,1
-1.011736139214893,0.6744907594765952,-1.6862268986914881,0.0,-1.011736139214893,0.0,0.0,0.3372453797382976,-0.6744907594765952,0.0,-0.6744907594765952,0.0,-0.6744907594765952,0.0,-1.3489815189531904,0.0,-1.011736139214893,-0.8993210126354603,-1.3489815189531904,-1.3489815189531904,-0.6744907594765952,0.0,0.0,-0.3372453797382976,1.3489815189531904,0.0,-0.6744907594765952,0.0,-0.6744907594765952,0.0,0.0,0.0,1
-0.6744907594765952,-0.3372453797382976,-0.6744907594765952,-0.6744907594765952,-0.3372453797382976,0.0,0.0,-1.011736139214893,0.6744907594765952,4.046944556859572,-0.6744907594765952,0.0,-0.6744907594765952,0.0,-0.6744907594765952,0.0,-1.011736139214893,-1.1241512657943253,-1.3489815189531904,-0.3372453797382976,-0.6744907594765952,0.0,0.0,-0.6744907594765952,1.3489815189531904,0.0,-0.6744907594765952,0.0,-0.6744907594765952,0.0,0.0,0.0,1
-0.3372453797382976,0.3372453797382976,-0.3372453797382976,0.0,-0.3372453797382976,0.0,0.0,-1.011736139214893,2.023472278429786,4.721435316336167,-0.6744907594765952,0.0,-0.6744907594765952,0.0,-0.6744907594765952,0.0,-1.011736139214893,-0.44966050631773014,-1.6862268986914881,0.6744907594765952,-1.011736139214893,0.0,0.0,0.3372453797382976,-0.6744907594765952,0.0,-0.6744907594765952,0.0,-0.6744907594765952,0.0,-1.3489815189531904,0.0,1
-1.011736139214893,1.011736139214893,-1.6862268986914881,0.3372453797382976,-1.011736139214893,0.0,0.0,0.3372453797382976,-0.6744907594765952,0.0,-0.6744907594765952,0.0,-0.6744907594765952,0.0,-1.3489815189531904,0.0,-1.011736139214893,-0.44966050631773014,-1.011736139214893,-0.3372453797382976,-0.6744907594765952,0.0,1.3489815189531904,-1.011736139214893,1.3489815189531904,4.046944556859572,-0.6744907594765952,-1.233866149211153,-0.6744907594765952,0.0,-0.6744907594765952,-0.6661485508120517,1
-0.6744907594765952,-0.6744907594765952,-1.3489815189531904,-0.6744907594765952,-0.6744907594765952,0.0,0.0,-0.6744907594765952,1.3489815189531904,0.0,-0.6744907594765952,0.0,-0.6744907594765952,0.0,0.6744907594765952,0.0,0.6744907594765952,0.0,1.011736139214893,1.011736139214893,1.3489815189531904,1.3489815189531904,0.6744907594765952,0.6744907594765952,0.0,0.0,-1.3489815189531904,0.6169330746055764,0.3372453797382976,0.0,4.721435316336167,-0.6661485508120517,1
-1.3489815189531904,-0.3372453797382976,-1.6862268986914881,-0.6744907594765952,-1.011736139214893,0.0,0.0,0.3372453797382976,-0.6744907594765952,0.0,-0.6744907594765952,0.0,-0.6744907594765952,0.0,-1.3489815189531904,0.0,-1.011736139214893,0.22483025315886507,-1.3489815189531904,0.3372453797382976,-0.6744907594765952,0.0,0.0,-1.011736139214893,2.023472278429786,0.0,-0.6744907594765952,0.0,-0.6744907594765952,0.0,0.6744907594765952,0.0,1
-1.011736139214893,-0.3372453797382976,-1.6862268986914881,-0.6744907594765952,-1.011736139214893,0.0,0.0,0.6744907594765952,-1.3489815189531904,0.0,-0.6744907594765952,0.0,-0.6744907594765952,0.0,-1.3489815189531904,0.0,-1.3489815189531904,-1.5738117721120555,-1.6862268986914881,-1.6862268986914881,-1.011736139214893,0.0,0.0,0.3372453797382976,-0.6744907594765952,0.0,-0.6744907594765952,0.0,-0.6744907594765952,0.0,-1.3489815189531904,0.0,1
-1.011736139214893,-0.6744907594765952,-1.6862268986914881,0.3372453797382976,-1.011736139214893,0.0,0.0,0.3372453797382976,-0.6744907594765952,0.0,-0.6744907594765952,0.0,-0.6744907594765952,0.0,-1.3489815189531904,0.0,0.3372453797382976,0.22483025315886507,0.3372453797382976,1.3489815189531904,1.011736139214893,0.0,0.6744907594765952,0.6744907594765952,0.6744907594765952,0.0,0.0,-0.6169330746055764,0.3372453797382976,0.6744907594765952,4.721435316336167,0.6661485508120517,1
-1.011736139214893,-1.3489815189531904,-1.011736139214893,-1.3489815189531904,-1.011736139214893,0.0,0.0,-0.6744907594765952,1.3489815189531904,4.046944556859572,-0.6744907594765952,0.6334885212226357,-0.6744907594765952,0.0,-0.6744907594765952,0.0,-0.3372453797382976,0.44966050631773014,0.3372453797382976,0.6744907594765952,1.011736139214893,2.023472278429786,-1.3489815189531904,-0.3372453797382976,-0.6744907594765952,1.3489815189531904,-1.3489815189531904,-1.8507992238167295,0.3372453797382976,0.0,2.023472278429786,-0.6661485508120517,1
-0.3372453797382976,-1.011736139214893,-0.3372453797382976,-0.3372453797382976,0.0,0.0,0.6744907594765952,0.3372453797382976,0.0,0.0,0.6744907594765952,-0.6334885212226357,0.0,0.6744907594765952,4.046944556859572,0.6675387723151709,-1.011736139214893,0.44966050631773014,-1.6862268986914881,0.3372453797382976,-1.011736139214893,0.0,0.0,0.3372453797382976,-0.6744907594765952,0.0,-0.6744907594765952,0.0,-0.6744907594765952,0.0,-1.3489815189531904,0.0,1
1.3489815189531904,2.3607176581680833,0.6744907594765952,0.6744907594765952,0.3372453797382976,0.0,1.3489815189531904,0.0,1.3489815189531904,4.721435316336167,-1.3489815189531904,-2.5339540848905426,0.3372453797382976,-0.6744907594765952,2.697963037906381,0.0,-0.6744907594765952,0.22483025315886507,-0.6744907594765952,0.3372453797382976,-0.3372453797382976,0.0,0.0,-1.011736139214893,2.023472278429786,4.046944556859572,-0.6744907594765952,0.0,-0.6744907594765952,0.0,-0.6744907594765952,-0.6661485508120517,1
-1.3489815189531904,-2.3607176581680833,-1.6862268986914881,-2.023472278429786,-1.011736139214893,0.0,0.0,0.3372453797382976,-0.6744907594765952,0.0,-0.6744907594765952,0.0,-0.6744907594765952,0.0,-1.3489815189531904,0.0,-0.3372453797382976,0.44966050631773014,-0.3372453797382976,0.3372453797382976,0.0,0.0,0.0,-1.011736139214893,1.3489815189531904,4.046944556859572,-0.6744907594765952,0.0,-0.6744907594765952,0.0,-0.6744907594765952,0.0,1
-1.011736139214893,1.011736139214893,-1.6862268986914881,0.3372453797382976,-1.011736139214893,0.0,0.0,0.3372453797382976,-0.6744907594765952,0.0,-0.6744907594765952,0.0,-0.6744907594765952,0.0,-1.3489815189531904,0.0,-0.6744907594765952,-0.22483025315886507,-0.6744907594765952,-0.3372453797382976,-0.6744907594765952,0.0,0.0,-1.011736139214893,1.3489815189531904,4.046944556859572,-0.6744907594765952,0.0,-0.6744907594765952,0.0,-0.6744907594765952,0.0,1
-1.011736139214893,-0.3372453797382976,-1.6862268986914881,-0.6744907594765952,-0.6744907594765952,0.0,0.0,0.6744907594765952,-1.3489815189531904,0.0,-0.6744907594765952,0.0,-0.6744907594765952,0.0,-1.3489815189531904,0.0,0.0,0.6744907594765952,0.0,1.011736139214893,0.0,-1.3489815189531904,1.3489815189531904,-1.011736139214893,1.3489815189531904,4.046944556859572,0.0,-1.233866149211153,0.0,0.6744907594765952,0.6744907594765952,-1.3322971016241034,1
-0.3372453797382976,0.0,-0.3372453797382976,-0.3372453797382976,-0.3372453797382976,0.0,1.3489815189531904,-1.011736139214893,1.3489815189531904,4.046944556859572,-0.6744907594765952,-1.2669770424452713,-0.6744907594765952,0.6744907594765952,0.0,-0.6675387723151709,-1.011736139214893,0.8993210126354603,-1.6862268986914881,1.011736139214893,-1.011736139214893,0.0,0.0,0.3372453797382976,-0.6744907594765952,0.0,-0.6744907594765952,0.0,-0.6744907594765952,0.0,-1.3489815189531904,0.0,1
-1.3489815189531904,-1.3489815189531904,-1.6862268986914881,-0.6744907594765952,-1.011736139214893,0.0,0.0,0.3372453797382976,-0.6744907594765952,0.0,-0.6744907594765952,0.0,-0.6744907594765952,0.0,-1.3489815189531904,0.0,0.0,0.8993210126354603,0.0,1.011736139214893,0.0,0.6744907594765952,-0.6744907594765952,-1.011736139214893,1.3489815189531904,4.046944556859572,-0.6744907594765952,0.6169330746055764,0.0,-0.6744907594765952,0.6744907594765952,0.0,1
1.011736139214893,2.3607176581680833,0.3372453797382976,0.6744907594765952,0.3372453797382976,0.6744907594765952,0.6744907594765952,-0.3372453797382976,0.6744907594765952,4.046944556859572,-2.023472278429786,-1.900465563667907,0.0,0.0,2.697963037906381,0.6675387723151709,-0.6744907594765952,0.8993210126354603,-1.011736139214893,1.011736139214893,-0.3372453797382976,0.6744907594765952,0.0,-1.011736139214893,2.023472278429786,0.0,-0.6744907594765952,-0.6169330746055764,-0.6744907594765952,0.0,0.6744907594765952,-0.6661485508120517,1
-1.011736139214893,-0.6744907594765952,-1.3489815189531904,-1.011736139214893,-0.6744907594765952,0.0,0.0,-0.6744907594765952,1.3489815189531904,0.0,-0.6744907594765952,0.0,-0.6744907594765952,0.0,0.6744907594765952,0.0,-0.6744907594765952,-0.22483025315886507,-0.6744907594765952,-0.3372453797382976,-0.3372453797382976,0.0,0.0,-1.011736139214893,1.3489815189531904,4.046944556859572,-0.6744907594765952,0.0,-0.6744907594765952,0.0,-0.6744907594765952,0.0,1
-0.3372453797382976,1.011736139214893,-0.3372453797382976,0.6744907594765952,0.0,0.0,1.3489815189531904,-1.011736139214893,1.3489815189531904,4.046944556859572,-0.6744907594765952,-0.6334885212226357,-0.6744907594765952,0.6744907594765952,0.0,-0.6675387723151709,-0.6744907594765952,0.22483025315886507,-1.011736139214893,0.3372453797382976,-0.3372453797382976,0.0,0.0,-1.011736139214893,2.023472278429786,0.0,-0.6744907594765952,0.0,-0.6744907594765952,0.0,0.6744907594765952,0.0,1
-1.3489815189531904,-1.3489815189531904,-1.6862268986914881,-0.6744907594765952,-1.011736139214893,0.0,0.0,0.3372453797382976,-0.6744907594765952,0.0,-0.6744907594765952,0.0,-0.6744907594765952,0.0,-1.3489815189531904,0.0,-0.6744907594765952,-0.44966050631773014,-0.3372453797382976,-0.3372453797382976,-0.6744907594765952,0.0,0.0,-1.011736139214893,2.023472278429786,4.721435316336167,-0.6744907594765952,0.6169330746055764,-0.6744907594765952,0.0,-0.6744907594765952,0.0,1
-0.6744907594765952,-0.6744907594765952,-0.6744907594765952,-0.6744907594765952,-0.6744907594765952,0.0,0.0,-1.011736139214893,2.023472278429786,4.046944556859572,-0.6744907594765952,0.0,-0.6744907594765952,0.0,-0.6744907594765952,0.0,0.6744907594765952,1.1241512657943253,-0.3372453797382976,0.6744907594765952,0.0,2.697963037906381,-2.697963037906381,0.3372453797382976,0.0,3.3724537973829762,-3.3724537973829762,0.0,0.3372453797382976,0.0,1.3489815189531904,1.3322971016241034,1
-0.6744907594765952,0.6744907594765952,-1.011736139214893,0.3372453797382976,-0.3372453797382976,0.0,0.0,-1.011736139214893,2.023472278429786,0.0,-0.6744907594765952,0.0,-0.6744907594765952,0.0,0.6744907594765952,0.0,-0.6744907594765952,0.6744907594765952,-0.6744907594765952,1.011736139214893,0.3372453797382976,0.0,0.0,-1.011736139214893,1.3489815189531904,0.0,-0.6744907594765952,0.0,-0.6744907594765952,0.0,0.6744907594765952,0.0,1
-0.6744907594765952,1.011736139214893,-0.6744907594765952,0.6744907594765952,-0.3372453797382976,1.3489815189531904,-0.6744907594765952,-1.011736139214893,1.3489815189531904,4.046944556859572,-1.3489815189531904,0.0,-0.6744907594765952,0.0,-0.6744907594765952,0.0,-1.011736139214893,-1.3489815189531904,-1.6862268986914881,-1.011736139214893,-1.011736139214893,0.0,0.0,-0.6744907594765952,1.3489815189531904,0.0,-0.6744907594765952,0.0,-0.6744907594765952,0.0,0.0,0.0,1
-1.3489815189531904,0.0,-1.6862268986914881,-0.3372453797382976,-1.011736139214893,0.0,0.0,0.3372453797382976,-0.6744907594765952,0.0,-0.6744907594765952,0.0,-0.6744907594765952,0.0,-1.3489815189531904,0.0,-1.011736139214893,0.44966050631773014,-1.6862268986914881,0.3372453797382976,-0.6744907594765952,0.0,0.0,0.6744907594765952,-1.3489815189531904,0.0,-0.6744907594765952,0.0,-0.6744907594765952,0.0,-1.3489815189531904,0.0,1
-1.3489815189531904,0.3372453797382976,-1.6862268986914881,-0.3372453797382976,-1.011736139214893,0.0,0.0,0.3372453797382976,-0.6744907594765952,0.0,-0.6744907594765952,0.0,-0.6744907594765952,0.0,-1.3489815189531904,0.0,-1.011736139214893,0.0,-1.6862268986914881,0.0,-0.6744907594765952,0.0,0.0,0.6744907594765952,-1.3489815189531904,0.0,-0.6744907594765952,0.0,-0.6744907594765952,0.0,-1.3489815189531904,0.0,1
-1.011736139214893,-1.011736139214893,-0.6744907594765952,-1.011736139214893,-0.6744907594765952,0.0,0.0,-0.6744907594765952,1.3489815189531904,4.721435316336167,-0.6744907594765952,0.0,-0.6744907594765952,0.0,-0.6744907594765952,0.0,-0.3372453797382976,0.44966050631773014,-0.3372453797382976,0.6744907594765952,0.0,0.6744907594765952,-0.6744907594765952,-1.011736139214893,1.3489815189531904,4.046944556859572,-0.6744907594765952,0.6169330746055764,-0.6744907594765952,-0.6744907594765952,0.0,-0.6661485508120517,1
0.3372453797382976,0.6744907594765952,-0.3372453797382976,-0.6744907594765952,-0.3372453797382976,1.3489815189531904,0.0,1.011736139214893,-0.6744907594765952,4.046944556859572,-1.3489815189531904,0.0,0.3372453797382976,0.0,2.023472278429786,1.3350775446303418,-0.3372453797382976,0.8993210126354603,0.0,1.011736139214893,1.011736139214893,1.3489815189531904,-0.6744907594765952,0.0,-0.6744907594765952,0.6744907594765952,-1.3489815189531904,-1.8507992238167295,1.011736139214893,0.0,2.023472278429786,-1.998445652436155,1
-0.6744907594765952,0.6744907594765952,-0.6744907594765952,0.3372453797382976,0.3372453797382976,0.0,0.0,-1.011736139214893,1.3489815189531904,0.0,-0.6744907594765952,0.0,-0.6744907594765952,0.0,0.6744907594765952,0.0,-1.3489815189531904,-1.5738117721120555,-1.6862268986914881,-1.6862268986914881,-1.011736139214893,0.0,0.0,0.3372453797382976,-0.6744907594765952,0.0,-0.6744907594765952,0.0,-0.6744907594765952,0.0,-1.3489815189531904,0.0,1
-1.3489815189531904,-0.3372453797382976,-1.6862268986914881,-0.6744907594765952,-1.011736139214893,0.0,0.0,0.3372453797382976,-0.6744907594765952,0.0,-0.6744907594765952,0.0,-0.6744907594765952,0.0,-1.3489815189531904,0.0,-0.3372453797382976,0.22483025315886507,-0.3372453797382976,0.3372453797382976,-0.3372453797382976,-1.3489815189531904,1.3489815189531904,-1.011736139214893,1.3489815189531904,4.046944556859572,0.0,-0.6169330746055764,-0.6744907594765952,0.0,-0.6744907594765952,-0.6661485508120517,1
-1.011736139214893,-1.011736139214893,-1.3489815189531904,-1.011736139214893,-0.6744907594765952,0.0,0.0,-0.6744907594765952,1.3489815189531904,0.0,-0.6744907594765952,0.0,-0.6744907594765952,0.0,0.0,0.0,-1.011736139214893,-0.6744907594765952,-1.011736139214893,-0.6744907594765952,-0.6744907594765952,0.0,0.0,-1.011736139214893,1.3489815189531904,4.046944556859572,-0.6744907594765952,0.0,-0.6744907594765952,0.0,-0.6744907594765952,0.0,1
-0.3372453797382976,1.3489815189531904,-0.3372453797382976,0.6744907594765952,0.0,1.3489815189531904,0.0,-1.011736139214893,1.3489815189531904,4.046944556859572,-1.3489815189531904,0.0,-0.6744907594765952,0.0,-0.6744907594765952,0.0,-0.3372453797382976,0.8993210126354603,-0.3372453797382976,1.011736139214893,0.0,1.3489815189531904,0.0,-1.011736139214893,1.3489815189531904,4.046944556859572,-1.3489815189531904,0.0,-0.6744907594765952,0.0,-0.6744907594765952,0.0,1
-0.6744907594765952,-0.6744907594765952,-1.3489815189531904,-0.6744907594765952,-0.6744907594765952,0.0,0.0,-0.6744907594765952,1.3489815189531904,0.0,-0.6744907594765952,0.0,-0.6744907594765952,0.0,0.6744907594765952,0.0,-0.6744907594765952,-1.1241512657943253,-1.3489815189531904,-0.3372453797382976,-0.6744907594765952,0.0,0.0,-0.6744907594765952,1.3489815189531904,0.0,-0.6744907594765952,0.0,-0.6744907594765952,0.0,0.6744907594765952,0.0,1
-0.6744907594765952,0.6744907594765952,-1.011736139214893,0.3372453797382976,0.0,0.0,0.0,-1.011736139214893,1.3489815189531904,0.0,-0.6744907594765952,0.0,-0.6744907594765952,0.0,0.6744907594765952,0.0,0.0,0.6744907594765952,0.0,1.011736139214893,0.3372453797382976,-0.6744907594765952,0.6744907594765952,-1.011736139214893,1.3489815189531904,4.046944556859572,0.0,0.0,-0.6744907594765952,0.0,-0.6744907594765952,-0.6661485508120517,1
-1.011736139214893,-0.6744907594765952,-1.3489815189531904,-0.6744907594765952,-0.6744907594765952,0.6744907594765952,0.0,-0.6744907594765952,1.3489815189531904,0.0,-0.6744907594765952,-0.6334885212226357,-0.6744907594765952,0.0,0.6744907594765952,-0.6675387723151709,-1.011736139214893,0.6744907594765952,-1.6862268986914881,0.6744907594765952,-1.011736139214893,0.0,0.0,0.3372453797382976,-0.6744907594765952,0.0,-0.6744907594765952,0.0,-0.6744907594765952,0.0,-1.3489815189531904,0.0,1
-1.3489815189531904,-2.3607176581680833,-1.6862268986914881,-2.023472278429786,-1.011736139214893,0.0,0.0,0.3372453797382976,-0.6744907594765952,0.0,-0.6744907594765952,0.0,-0.6744907594765952,0.0,-1.3489815189531904,0.0,-1.011736139214893,-0.44966050631773014,-1.011736139214893,-0.6744907594765952,-0.6744907594765952,0.0,0.0,-1.011736139214893,1.3489815189531904,4.046944556859572,-0.6744907594765952,0.0,-0.6744907594765952,0.0,-0.6744907594765952,0.0,1
0.6744907594765952,0.0,1.011736139214893,0.6744907594765952,1.3489815189531904,1.3489815189531904,0.6744907594765952,0.6744907594765952,0.0,0.0,-1.3489815189531904,0.6334885212226357,0.3372453797382976,0.0,4.721435316336167,-0.6675387723151709,0.3372453797382976,0.22483025315886507,0.3372453797382976,0.3372453797382976,0.0,0.0,-1.3489815189531904,-0.3372453797382976,1.3489815189531904,0.0,0.0,0.6169330746055764,-0.3372453797382976,1.3489815189531904,1.3489815189531904,0.0,1
-0.6744907594765952,0.6744907594765952,-1.011736139214893,0.3372453797382976,0.0,0.0,0.0,-1.011736139214893,1.3489815189531904,0.0,-0.6744907594765952,0.0,-0.6744907594765952,0.0,0.6744907594765952,0.0,-1.011736139214893,0.6744907594765952,-1.011736139214893,1.011736139214893,0.0,0.0,0.0,-1.011736139214893,1.3489815189531904,0.0,-0.6744907594765952,0.0,-0.6744907594765952,0.0,0.6744907594765952,0.0,1
-0.6744907594765952,-0.6744907594765952,-1.6862268986914881,0.3372453797382976,-1.011736139214893,0.0,0.0,0.3372453797382976,-0.6744907594765952,0.0,-0.6744907594765952,0.0,-0.6744907594765952,0.0,-1.3489815189531904,0.0,-0.6744907594765952,0.6744907594765952,-1.011736139214893,1.011736139214893,0.0,0.0,0.0,-1.011736139214893,1.3489815189531904,0.0,-0.6744907594765952,0.0,-0.6744907594765952,0.0,0.6744907594765952,0.0,1
-1.011736139214893,1.3489815189531904,-1.6862268986914881,0.6744907594765952,-0.6744907594765952,0.0,0.0,0.6744907594765952,-1.3489815189531904,0.0,-0.6744907594765952,0.0,-0.6744907594765952,0.0,-1.3489815189531904,0.0,-0.6744907594765952,0.22483025315886507,-0.6744907594765952,0.3372453797382976,-0.3372453797382976,-0.6744907594765952,0.6744907594765952,-1.011736139214893,0.6744907594765952,4.046944556859572,0.0,-0.6169330746055764,-0.6744907594765952,0.0,-0.6744907594765952,-0.6661485508120517,1
-0.3372453797382976,0.6744907594765952,0.0,0.0,1.011736139214893,2.023472278429786,-0.6744907594765952,-0.3372453797382976,0.0,0.6744907594765952,-1.3489815189531904,-1.900465563667907,0.3372453797382976,0.0,2.023472278429786,-0.6675387723151709,-0.3372453797382976,0.44966050631773014,0.0,0.6744907594765952,0.6744907594765952,3.3724537973829762,-1.3489815189531904,-0.6744907594765952,0.6744907594765952,0.6744907594765952,-2.023472278429786,-1.8507992238167295,-0.3372453797382976,0.0,2.023472278429786,1.3322971016241034,1
0.0,0.6744907594765952,-0.6744907594765952,-0.3372453797382976,-0.3372453797382976,-0.6744907594765952,2.023472278429786,-0.3372453797382976,0.0,4.046944556859572,-0.6744907594765952,-2.5339540848905426,-0.3372453797382976,0.6744907594765952,1.3489815189531904,0.0,-1.3489815189531904,0.0,-1.6862268986914881,-0.3372453797382976,-1.011736139214893,0.0,0.0,0.3372453797382976,-0.6744907594765952,0.0,-0.6744907594765952,0.0,-0.6744907594765952,0.0,-1.3489815189531904,0.0,1
-1.011736139214893,-1.3489815189531904,-1.3489815189531904,-1.3489815189531904,-1.011736139214893,0.0,0.0,-0.3372453797382976,0.6744907594765952,0.0,-0.6744907594765952,0.0,-0.6744907594765952,0.0,0.0,0.0,-1.3489815189531904,0.22483025315886507,-1.6862268986914881,0.0,-1.011736139214893,0.0,0.0,0.3372453797382976,-0.6744907594765952,0.0,-0.6744907594765952,0.0,-0.6744907594765952,0.0,-1.3489815189531904,0.0,1
-0.3372453797382976,1.011736139214893,-0.3372453797382976,0.3372453797382976,0.0,0.6744907594765952,0.0,-1.011736139214893,1.3489815189531904,4.046944556859572,-0.6744907594765952,0.0,-0.6744907594765952,0.0,-0.6744907594765952,0.0,-1.011736139214893,-0.22483025315886507,-1.6862268986914881,-0.3372453797382976,-1.011736139214893,0.0,0.0,0.6744907594765952,-1.3489815189531904,0.0,-0.6744907594765952,0.0,-0.6744907594765952,0.0,-1.3489815189531904,0.0,1
1.011736139214893,1.011736139214893,1.3489815189531904,0.6744907594765952,0.6744907594765952,-0.6744907594765952,0.6744907594765952,-0.3372453797382976,2.023472278429786,0.0,-0.6744907594765952,1.2669770424452713,-0.6744907594765952,-0.6744907594765952,1.3489815189531904,0.0,-1.011736139214893,-0.44966050631773014,-1.011736139214893,-0.3372453797382976,-0.6744907594765952,0.0,0.6744907594765952,-1.011736139214893,1.3489815189531904,4.046944556859572,-0.6744907594765952,-0.6169330746055764,-0.6744907594765952,0.0,-0.6744907594765952,-0.6661485508120517,1
0.3372453797382976,1.011736139214893,0.6744907594765952,0.6744907594765952,0.3372453797382976,0.6744907594765952,-2.023472278429786,-0.3372453797382976,0.6744907594765952,0.0,0.0,-0.6334885212226357,-0.3372453797382976,1.3489815189531904,1.3489815189531904,-0.6675387723151709,-1.011736139214893,-0.8993210126354603,-1.6862268986914881,-1.011736139214893,-1.011736139214893,0.0,0.0,-0.6744907594765952,1.3489815189531904,0.0,-0.6744907594765952,0.0,-0.6744907594765952,0.0,0.0,0.0,1
-0.6744907594765952,-0.3372453797382976,-0.6744907594765952,-0.6744907594765952,-0.3372453797382976,0.0,0.6744907594765952,-1.011736139214893,1.3489815189531904,4.046944556859572,-0.6744907594765952,0.0,-0.6744907594765952,0.0,-0.6744907594765952,0.0,0.0,0.0,0.0,0.0,0.0,0.0,0.6744907594765952,-0.3372453797382976,1.3489815189531904,0.0,-0.6744907594765952,0.6169330746055764,-0.6744907594765952,0.0,1.3489815189531904,0.0,1
-0.6744907594765952,-0.3372453797382976,-0.6744907594765952,-0.6744907594765952,-0.6744907594765952,0.0,0.0,-1.011736139214893,1.3489815189531904,4.046944556859572,-0.6744907594765952,0.0,-0.6744907594765952,0.0,-0.6744907594765952,0.0,-0.6744907594765952,0.44966050631773014,-1.011736139214893,0.6744907594765952,-0.3372453797382976,0.0,0.0,-1.011736139214893,2.697963037906381,0.0,-0.6744907594765952,0.0,-0.6744907594765952,0.0,0.6744907594765952,0.0,1
0.3372453797382976,0.6744907594765952,-0.6744907594765952,-0.6744907594765952,-0.6744907594765952,2.023472278429786,-0.6744907594765952,0.6744907594765952,-0.6744907594765952,4.046944556859572,-2.697963037906381,-0.6334885212226357,0.0,0.0,2.023472278429786,1.3350775446303418,-0.6744907594765952,0.22483025315886507,-1.011736139214893,0.3372453797382976,-0.3372453797382976,0.0,0.0,-1.011736139214893,1.3489815189531904,0.0,-0.6744907594765952,0.0,-0.6744907594765952,0.0,0.6744907594765952,0.0,1
-1.3489815189531904,-2.023472278429786,-1.6862268986914881,-1.6862268986914881,-1.011736139214893,0.0,0.0,0.3372453797382976,-0.6744907594765952,0.0,-0.6744907594765952,0.0,-0.6744907594765952,0.0,-1.3489815189531904,0.0,-1.011736139214893,-0.8993210126354603,-1.011736139214893,-1.011736139214893,-1.011736139214893,0.0,0.0,-0.6744907594765952,1.3489815189531904,4.046944556859572,-0.6744907594765952,0.6169330746055764,-0.6744907594765952,0.0,-0.6744907594765952,0.0,1
-1.011736139214893,0.0,-1.011736139214893,-0.3372453797382976,-0.6744907594765952,0.0,0.0,-1.011736139214893,1.3489815189531904,4.046944556859572,-0.6744907594765952,0.0,-0.6744907594765952,0.0,-0.6744907594765952,0.0,-0.3372453797382976,0.8993210126354603,-0.3372453797382976,1.011736139214893,-0.3372453797382976,0.0,0.0,-1.011736139214893,2.023472278429786,4.046944556859572,-0.6744907594765952,0.0,-0.6744907594765952,0.0,-0.6744907594765952,0.0,1
-0.6744907594765952,1.3489815189531904,-1.011736139214893,0.6744907594765952,0.3372453797382976,0.0,0.0,-1.011736139214893,1.3489815189531904,0.0,-0.6744907594765952,0.0,-0.6744907594765952,0.0,0.6744907594765952,0.0,-1.3489815189531904,-1.5738117721120555,-1.6862268986914881,-1.6862268986914881,-1.011736139214893,0.0,0.0,0.3372453797382976,-0.6744907594765952,0.0,-0.6744907594765952,0.0,-0.6744907594765952,0.0,-1.3489815189531904,0.0,1
0.0,-0.6744907594765952,0.3372453797382976,-0.3372453797382976,0.3372453797382976,0.6744907594765952,1.3489815189531904,0.3372453797382976,0.0,0.0,-0.6744907594765952,0.6334885212226357,0.3372453797382976,0.0,4.046944556859572,-0.6675387723151709,0.3372453797382976,1.1241512657943253,0.0,0.3372453797382976,0.0,1.3489815189531904,0.6744907594765952,-0.3372453797382976,0.0,3.3724537973829762,-2.023472278429786,-1.8507992238167295,0.0,1.3489815189531904,2.023472278429786,1.998445652436155,1
-0.6744907594765952,-0.3372453797382976,-0.3372453797382976,-0.6744907594765952,0.0,2.023472278429786,0.0,-0.3372453797382976,-0.6744907594765952,0.6744907594765952,-1.3489815189531904,-1.900465563667907,0.3372453797382976,0.6744907594765952,2.023472278429786,-0.6675387723151709,-1.011736139214893,0.22483025315886507,-1.6862268986914881,0.3372453797382976,-0.6744907594765952,0.0,0.0,0.6744907594765952,-1.3489815189531904,0.0,-0.6744907594765952,0.0,-0.6744907594765952,0.0,-1.3489815189531904,0.0,1
-0.6744907594765952,0.6744907594765952,-0.6744907594765952,0.3372453797382976,-0.3372453797382976,0.6744907594765952,0.0,-1.011736139214893,1.3489815189531904,4.046944556859572,-0.6744907594765952,0.6334885212226357,-0.6744907594765952,0.0,-0.6744907594765952,0.0,-0.6744907594765952,-0.22483025315886507,-0.3372453797382976,-0.3372453797382976,0.0,2.023472278429786,0.0,-0.3372453797382976,-0.6744907594765952,0.6744907594765952,-1.3489815189531904,-1.8507992238167295,0.3372453797382976,0.6744907594765952,2.023472278429786,-0.6661485508120517,1
-1.011736139214893,-1.3489815189531904,-1.011736139214893,-1.3489815189531904,-0.6744907594765952,0.0,0.0,-0.6744907594765952,1.3489815189531904,4.046944556859572,-0.6744907594765952,0.0,-0.6744907594765952,0.0,-0.6744907594765952,0.0,-1.011736139214893,0.44966050631773014,-1.6862268986914881,0.3372453797382976,-0.6744907594765952,0.0,0.0,0.6744907594765952,-1.3489815189531904,0.0,-0.6744907594765952,0.0,-0.6744907594765952,0.0,-1.3489815189531904,0.0,1
-0.6744907594765952,0.3372453797382976,-0.6744907594765952,0.0,-0.6744907594765952,1.3489815189531904,0.0,-1.011736139214893,2.023472278429786,4.721435316336167,-1.3489815189531904,0.0,-0.6744907594765952,0.0,-0.6744907594765952,0.0,0.3372453797382976,0.44966050631773014,0.3372453797382976,0.3372453797382976,0.3372453797382976,-1.3489815189531904,0.0,0.0,1.3489815189531904,0.0,-0.6744907594765952,2.467732298422306,-0.6744907594765952,0.0,1.3489815189531904,0.6661485508120517,1
-1.011736139214893,-1.3489815189531904,-1.011736139214893,-1.3489815189531904,-0.6744907594765952,0.0,0.0,-0.6744907594765952,0.6744907594765952,4.046944556859572,-0.6744907594765952,0.0,-0.6744907594765952,0.0,-1.3489815189531904,0.0,-0.3372453797382976,0.6744907594765952,-0.3372453797382976,1.011736139214893,-0.3372453797382976,0.0,0.0,-1.011736139214893,2.023472278429786,4.046944556859572,-0.6744907594765952,0.0,-0.6744907594765952,0.0,-0.6744907594765952,0.0,1
0.0,0.0,0.0,0.6744907594765952,0.6744907594765952,0.6744907594765952,1.3489815189531904,0.3372453797382976,-0.6744907594765952,0.0,0.0,0.6334885212226357,0.6744907594765952,-0.6744907594765952,3.3724537973829762,-1.3350775446303418,-0.3372453797382976,0.0,-0.3372453797382976,0.0,-0.3372453797382976,1.3489815189531904,-0.6744907594765952,-1.011736139214893,1.3489815189531904,4.046944556859572,-1.3489815189531904,0.6169330746055764,-0.6744907594765952,0.0,-0.6744907594765952,0.0,1
-1.011736139214893,1.3489815189531904,-1.6862268986914881,0.6744907594765952,-0.6744907594765952,0.0,0.0,0.6744907594765952,-1.3489815189531904,0.0,-0.6744907594765952,0.0,-0.6744907594765952,0.0,-1.3489815189531904,0.0,0.3372453797382976,-0.22483025315886507,0.6744907594765952,0.6744907594765952,1.011736139214893,0.0,1.3489815189531904,0.3372453797382976,0.0,0.0,0.0,-0.6169330746055764,0.3372453797382976,0.0,4.046944556859572,0.0,1
0.0,1.011736139214893,0.0,0.6744907594765952,0.0,-1.3489815189531904,1.3489815189531904,-1.011736139214893,1.3489815189531904,4.046944556859572,0.0,-1.2669770424452713,0.0,0.6744907594765952,0.6744907594765952,-1.3350775446303418,-1.011736139214893,-0.6744907594765952,-1.011736139214893,-0.6744907594765952,-0.6744907594765952,0.0,0.0,-1.011736139214893,1.3489815189531904,4.046944556859572,-0.6744907594765952,0.0,-0.6744907594765952,0.0,-0.6744907594765952,0.0,1
-0.6744907594765952,-0.3372453797382976,-0.6744907594765952,-0.6744907594765952,-0.6744907594765952,0.0,0.0,-1.011736139214893,2.023472278429786,4.721435316336167,-0.6744907594765952,0.0,-0.6744907594765952,0.0,-0.6744907594765952,0.0,-0.6744907594765952,0.22483025315886507,-1.011736139214893,0.3372453797382976,-0.3372453797382976,0.0,0.0,-1.011736139214893,1.3489815189531904,0.0,-0.6744907594765952,0.0,-0.6744907594765952,0.0,0.6744907594765952,0.0,1
-0.6744907594765952,0.0,-0.6744907594765952,-0.3372453797382976,-0.6744907594765952,0.0,0.6744907594765952,-1.011736139214893,1.3489815189531904,4.046944556859572,-0.6744907594765952,-0.6334885212226357,-0.6744907594765952,0.0,-0.6744907594765952,-0.6675387723151709,-1.011736139214893,-0.6744907594765952,-1.011736139214893,-1.011736139214893,-0.6744907594765952,0.0,0.0,-0.6744907594765952,1.3489815189531904,4.046944556859572,-0.6744907594765952,0.0,-0.6744907594765952,0.0,-0.6744907594765952,0.0,1
-1.3489815189531904,-2.3607176581680833,-1.6862268986914881,-2.023472278429786,-1.011736139214893,0.0,0.0,0.3372453797382976,-0.6744907594765952,0.0,-0.6744907594765952,0.0,-0.6744907594765952,0.0,-1.3489815189531904,0.0,-1.011736139214893,-1.1241512657943253,-1.3489815189531904,-0.3372453797382976,-0.6744907594765952,0.0,0.0,-0.6744907594765952,1.3489815189531904,0.0,-0.6744907594765952,0.6169330746055764,-0.6744907594765952,0.0,0.6744907594765952,0.0,1
-1.3489815189531904,-2.023472278429786,-1.6862268986914881,-1.6862268986914881,-1.011736139214893,0.0,0.0,0.3372453797382976,-0.6744907594765952,0.0,-0.6744907594765952,0.0,-0.6744907594765952,0.0,-1.3489815189531904,0.0,0.0,0.22483025315886507,0.0,0.3372453797382976,0.0,0.0,-0.6744907594765952,-0.3372453797382976,1.3489815189531904,0.0,0.0,0.0,0.3372453797382976,0.0,1.3489815189531904,0.0,1
-1.3489815189531904,-0.3372453797382976,-1.6862268986914881,-0.6744907594765952,-1.011736139214893,0.0,0.0,0.3372453797382976,-0.6744907594765952,0.0,-0.6744907594765952,0.0,-0.6744907594765952,0.0,-1.3489815189531904,0.0,1.011736139214893,1.5738117721120555,0.3372453797382976,1.011736139214893,0.3372453797382976,2.023472278429786,-0.6744907594765952,0.3372453797382976,0.6744907594765952,4.721435316336167,-2.697963037906381,-1.233866149211153,0.0,0.0,2.697963037906381,1.3322971016241034,1
-1.011736139214893,0.3372453797382976,-1.6862268986914881,0.0,-0.6744907594765952,0.0,0.0,0.6744907594765952,-1.3489815189531904,0.0,-0.6744907594765952,0.0,-0.6744907594765952,0.0,-1.3489815189531904,0.0,-1.011736139214893,0.6744907594765952,-1.6862268986914881,0.6744907594765952,-1.011736139214893,0.0,0.0,0.3372453797382976,-0.6744907594765952,0.0,-0.6744907594765952,0.0,-0.6744907594765952,0.0,-1.3489815189531904,0.0,1
-1.011736139214893,-1.011736139214893,-1.3489815189531904,-1.011736139214893,-0.6744907594765952,0.0,0.0,-0.6744907594765952,1.3489815189531904,0.0,-0.6744907594765952,0.0,-0.6744907594765952,0.0,0.0,0.0,-0.3372453797382976,0.8993210126354603,-0.6744907594765952,1.011736139214893,0.3372453797382976,0.6744907594765952,0.0,-1.011736139214893,1.3489815189531904,0.0,-0.6744907594765952,0.0,-0.6744907594765952,0.0,0.6744907594765952,0.0,1
0.0,1.6862268986914881,-0.6744907594765952,0.0,-0.3372453797382976,2.697963037906381,-1.3489815189531904,0.3372453797382976,-0.6744907594765952,3.3724537973829762,-2.697963037906381,-0.6334885212226357,0.3372453797382976,0.0,2.023472278429786,1.3350775446303418,-1.011736139214893,-0.22483025315886507,-1.3489815189531904,-0.3372453797382976,-0.6744907594765952,0.0,0.0,-1.011736139214893,1.3489815189531904,0.0,-0.6744907594765952,0.6169330746055764,-0.6744907594765952,0.0,0.6744907594765952,0.0,1
-1.011736139214893,-2.023472278429786,-1.3489815189531904,-1.011736139214893,-0.6744907594765952,0.0,0.0,-0.6744907594765952,0.6744907594765952,0.0,-0.6744907594765952,0.0,-0.6744907594765952,0.0,0.0,0.0,0.3372453797382976,0.6744907594765952,0.0,0.0,0.0,0.6744907594765952,0.6744907594765952,0.0,0.0,3.3724537973829762,-1.3489815189531904,-1.233866149211153,0.0,1.3489815189531904,2.023472278429786,1.3322971016241034,1
0.0,-0.3372453797382976,0.3372453797382976,-0.6744907594765952,0.0,-0.6744907594765952,0.0,0.0,2.023472278429786,0.0,-0.6744907594765952,1.900465563667907,-0.6744907594765952,0.0,1.3489815189531904,0.0,1.011736139214893,1.7986420252709205,0.0,1.011736139214893,0.0,2.023472278429786,-1.3489815189531904,1.011736139214893,-0.6744907594765952,4.046944556859572,-2.697963037906381,-0.6169330746055764,0.3372453797382976,0.0,2.023472278429786,1.3322971016241034,1
0.6744907594765952,1.3489815189531904,-0.3372453797382976,0.0,-0.3372453797382976,2.023472278429786,-0.6744907594765952,0.6744907594765952,0.0,3.3724537973829762,-2.697963037906381,-1.2669770424452713,0.3372453797382976,0.0,2.023472278429786,1.3350775446303418,0.3372453797382976,0.22483025315886507,0.6744907594765952,0.3372453797382976,0.0,1.3489815189531904,-2.023472278429786,0.0,0.6744907594765952,-0.6744907594765952,0.0,-2.467732298422306,-0.3372453797382976,1.3489815189531904,1.3489815189531904,-0.6661485508120517,1
-0.6744907594765952,0.6744907594765952,-1.011736139214893,0.3372453797382976,0.0,0.0,0.0,-1.011736139214893,1.3489815189531904,0.0,-0.6744907594765952,0.0,-0.6744907594765952,0.0,0.6744907594765952,0.0,-1.011736139214893,0.8993210126354603,-1.6862268986914881,1.011736139214893,-0.6744907594765952,0.0,0.0,0.6744907594765952,-1.3489815189531904,0.0,-0.6744907594765952,0.0,-0.6744907594765952,0.0,-1.3489815189531904,0.0,1
-1.011736139214893,-1.011736139214893,-1.011736139214893,-1.3489815189531904,-0.6744907594765952,0.0,0.0,-0.6744907594765952,1.3489815189531904,4.046944556859572,-0.6744907594765952,0.0,-0.6744907594765952,0.0,-0.6744907594765952,0.0,-1.011736139214893,-0.6744907594765952,-0.6744907594765952,-0.6744907594765952,-0.6744907594765952,0.0,0.0,-0.6744907594765952,1.3489815189531904,4.721435316336167,-0.6744907594765952,0.0,-0.6744907594765952,0.0,-0.6744907594765952,0.0,1
-1.011736139214893,-2.023472278429786,-1.3489815189531904,-1.011736139214893,-0.6744907594765952,0.0,0.0,-0.6744907594765952,0.6744907594765952,0.0,-0.6744907594765952,0.0,-0.6744907594765952,0.0,0.0,0.0,0.3372453797382976,0.6744907594765952,0.3372453797382976,1.011736139214893,0.3372453797382976,-0.6744907594765952,0.6744907594765952,-1.011736139214893,1.3489815189531904,4.046944556859572,0.0,0.0,-0.6744907594765952,0.0,-0.6744907594765952,-0.6661485508120517,1
1.3489815189531904,2.3607176581680833,0.6744907594765952,0.6744907594765952,0.3372453797382976,0.0,1.3489815189531904,0.0,1.3489815189531904,4.721435316336167,-1.3489815189531904,-2.5339540848905426,0.3372453797382976,-0.6744907594765952,2.697963037906381,0.0,-1.3489815189531904,0.44966050631773014,-1.6862268986914881,0.3372453797382976,-1.011736139214893,0.0,0.0,0.3372453797382976,-0.6744907594765952,0.0,-0.6744907594765952,0.0,-0.6744907594765952,0.0,-1.3489815189531904,0.0,1
1.011736139214893,2.023472278429786,0.0,0.3372453797382976,0.0,1.3489815189531904,0.0,1.011736139214893,-0.6744907594765952,4.046944556859572,-2.023472278429786,0.6334885212226357,0.3372453797382976,0.0,2.023472278429786,1.3350775446303418,0.0,0.6744907594765952,0.0,1.011736139214893,0.3372453797382976,-0.6744907594765952,0.6744907594765952,-1.011736139214893,1.3489815189531904,4.046944556859572,0.0,0.0,-0.6744907594765952,0.0,-0.6744907594765952,-0.6661485508120517,1
-1.011736139214893,-1.011736139214893,-1.011736139214893,-1.011736139214893,-1.011736139214893,0.0,0.6744907594765952,-1.011736139214893,1.3489815189531904,4.046944556859572,-0.6744907594765952,0.0,-0.6744907594765952,0.0,-1.3489815189531904,0.0,-1.3489815189531904,-1.5738117721120555,-1.6862268986914881,-1.6862268986914881,-1.011736139214893,0.0,0.0,0.3372453797382976,-0.6744907594765952,0.0,-0.6744907594765952,0.0,-0.6744907594765952,0.0,-1.3489815189531904,0.0,1
-1.011736139214893,-0.6744907594765952,-1.6862268986914881,0.3372453797382976,-1.011736139214893,0.0,0.0,0.3372453797382976,-0.6744907594765952,0.0,-0.6744907594765952,0.0,-0.6744907594765952,0.0,-1.3489815189531904,0.0,0.0,0.6744907594765952,0.3372453797382976,1.011736139214893,0.3372453797382976,0.0,0.0,-1.011736139214893,2.023472278429786,4.046944556859572,-0.6744907594765952,0.0,-0.6744907594765952,0.0,-0.6744907594765952,0.0,1
0.0,0.3372453797382976,0.0,0.0,0.0,0.6744907594765952,1.3489815189531904,-0.6744907594765952,1.3489815189531904,0.0,-0.6744907594765952,-0.6334885212226357,-0.6744907594765952,-0.6744907594765952,1.3489815189531904,-0.6675387723151709,-0.6744907594765952,0.0,-0.6744907594765952,0.0,-0.6744907594765952,0.0,-1.3489815189531904,-1.011736139214893,1.3489815189531904,4.721435316336167,0.0,1.233866149211153,-0.6744907594765952,-0.6744907594765952,-0.6744907594765952,0.0,1
1.011736139214893,1.011736139214893,1.3489815189531904,0.6744907594765952,0.6744907594765952,-0.6744907594765952,0.6744907594765952,-0.3372453797382976,2.023472278429786,0.0,-0.6744907594765952,1.2669770424452713,-0.6744907594765952,-0.6744907594765952,1.3489815189531904,0.0,-0.3372453797382976,0.44966050631773014,0.0,0.3372453797382976,-0.3372453797382976,0.0,1.3489815189531904,-1.011736139214893,2.023472278429786,4.721435316336167,-0.6744907594765952,-1.8507992238167295,-0.6744907594765952,0.6744907594765952,0.0,-0.6661485508120517,1
1.3489815189531904,2.3607176581680833,0.0,0.6744907594765952,0.0,2.023472278429786,-2.023472278429786,0.3372453797382976,1.3489815189531904,2.697963037906381,-3.3724537973829762,-0.6334885212226357,0.3372453797382976,-0.6744907594765952,2.023472278429786,2.0026163169455127,0.3372453797382976,1.7986420252709205,0.0,1.011736139214893,0.0,2.023472278429786,-0.6744907594765952,-0.3372453797382976,0.0,2.697963037906381,-2.023472278429786,-1.233866149211153,0.0,0.6744907594765952,2.023472278429786,2.664594203248207,1
0.0,0.3372453797382976,0.0,0.0,0.0,0.0,-0.6744907594765952,-0.3372453797382976,1.3489815189531904,0.0,0.0,0.0,0.3372453797382976,0.0,1.3489815189531904,0.0,-0.6744907594765952,0.22483025315886507,-0.6744907594765952,0.3372453797382976,-0.3372453797382976,-0.6744907594765952,0.6744907594765952,-1.011736139214893,0.6744907594765952,4.046944556859572,0.0,-0.6169330746055764,-0.6744907594765952,0.0,-0.6744907594765952,-0.6661485508120517,1
0.6744907594765952,2.3607176581680833,0.3372453797382976,0.6744907594765952,0.0,0.6744907594765952,0.0,-0.3372453797382976,0.0,4.046944556859572,-2.023472278429786,-1.900465563667907,0.0,0.0,2.697963037906381,1.3350775446303418,-0.6744907594765952,0.0,-0.6744907594765952,0.0,-0.3372453797382976,0.0,1.3489815189531904,-1.011736139214893,0.6744907594765952,4.046944556859572,-0.6744907594765952,-0.6169330746055764,-0.6744907594765952,0.0,-0.6744907594765952,-0.6661485508120517,1
-0.3372453797382976,-0.3372453797382976,0.0,0.3372453797382976,0.3372453797382976,0.6744907594765952,0.6744907594765952,0.3372453797382976,0.0,0.0,-0.6744907594765952,0.0,0.3372453797382976,0.0,4.046944556859572,0.0,-1.3489815189531904,-1.3489815189531904,-1.6862268986914881,-1.3489815189531904,-1.011736139214893,0.0,0.0,0.3372453797382976,-0.6744907594765952,0.0,-0.6744907594765952,0.0,-0.6744907594765952,0.0,-1.3489815189531904,0.0,1
-1.3489815189531904,-0.3372453797382976,-1.6862268986914881,-0.6744907594765952,-1.011736139214893,0.0,0.0,0.3372453797382976,-0.6744907594765952,0.0,-0.6744907594765952,0.0,-0.6744907594765952,0.0,-1.3489815189531904,0.0,-1.3489815189531904,-0.6744907594765952,-1.6862268986914881,0.3372453797382976,-1.011736139214893,0.0,0.0,0.3372453797382976,-0.6744907594765952,0.0,-0.6744907594765952,0.0,-0.6744907594765952,0.0,-1.3489815189531904,0.0,1
-0.3372453797382976,1.011736139214893,-0.3372453797382976,0.3372453797382976,-0.3372453797382976,0.0,0.6744907594765952,-1.011736139214893,2.023472278429786,4.046944556859572,-0.6744907594765952,-0.6334885212226357,-0.6744907594765952,0.0,-0.6744907594765952,-0.6675387723151709,-1.3489815189531904,-1.5738117721120555,-1.6862268986914881,-1.3489815189531904,-1.011736139214893,0.0,0.0,0.3372453797382976,-0.6744907594765952,0.0,-0.6744907594765952,0.0,-0.6744907594765952,0.0,-1.3489815189531904,0.0,1
-1.011736139214893,0.3372453797382976,-1.3489815189531904,0.0,-0.6744907594765952,0.0,0.0,-1.011736139214893,2.023472278429786,0.0,-0.6744907594765952,0.0,-0.6744907594765952,0.0,0.6744907594765952,0.0,-1.011736139214893,-0.6744907594765952,-1.011736139214893,-0.6744907594765952,-0.6744907594765952,0.0,0.0,-0.6744907594765952,2.023472278429786,4.046944556859572,-0.6744907594765952,0.0,-0.6744907594765952,0.0,-0.6744907594765952,0.0,1
0.3372453797382976,0.0,0.3372453797382976,0.6744907594765952,1.011736139214893,0.6744907594765952,2.023472278429786,0.3372453797382976,0.0,-0.6744907594765952,0.0,0.6334885212226357,0.3372453797382976,-1.3489815189531904,4.046944556859572,-1.3350775446303418,-0.3372453797382976,0.44966050631773014,-0.3372453797382976,0.3372453797382976,0.0,0.0,0.0,-1.011736139214893,1.3489815189531904,4.046944556859572,-0.6744907594765952,0.0,-0.6744907594765952,0.0,-0.6744907594765952,0.0,1
-1.011736139214893,1.011736139214893,-1.6862268986914881,0.6744907594765952,-0.6744907594765952,0.0,0.0,0.6744907594765952,-1.3489815189531904,0.0,-0.6744907594765952,0.0,-0.6744907594765952,0.0,-1.3489815189531904,0.0,-0.6744907594765952,0.22483025315886507,-1.011736139214893,0.3372453797382976,-0.3372453797382976,0.0,0.0,-1.011736139214893,2.023472278429786,0.0,-0.6744907594765952,0.0,-0.6744907594765952,0.0,0.6744907594765952,0.0,1
-1.3489815189531904,-1.3489815189531904,-1.6862268986914881,-0.6744907594765952,-1.011736139214893,0.0,0.0,0.3372453797382976,-0.6744907594765952,0.0,-0.6744907594765952,0.0,-0.6744907594765952,0.0,-1.3489815189531904,0.0,-0.6744907594765952,0.6744907594765952,-0.6744907594765952,0.6744907594765952,-0.3372453797382976,1.3489815189531904,0.0,-1.011736139214893,1.3489815189531904,4.046944556859572,-1.3489815189531904,0.0,-0.6744907594765952,0.0,-0.6744907594765952,0.0,1
-1.011736139214893,-2.023472278429786,-1.3489815189531904,-1.3489815189531904,-0.6744907594765952,0.0,0.0,-0.6744907594765952,1.3489815189531904,0.0,-0.6744907594765952,0.0,-0.6744907594765952,0.0,0.0,0.0,-1.011736139214893,-0.8993210126354603,-1.011736139214893,-1.011736139214893,-1.011736139214893,0.0,0.0,-0.6744907594765952,1.3489815189531904,4.046944556859572,-0.6744907594765952,0.0,-0.6744907594765952,0.0,-1.3489815189531904,-0.6661485508120517,1
0.3372453797382976,0.6744907594765952,0.6744907594765952,0.0,0.3372453797382976,-0.6744907594765952,-0.6744907594765952,0.0,1.3489815189531904,0.0,-0.6744907594765952,2.5339540848905426,-0.6744907594765952,0.0,1.3489815189531904,0.6675387723151709,-0.6744907594765952,-0.22483025315886507,-0.6744907594765952,-0.3372453797382976,-0.3372453797382976,0.0,0.6744907594765952,-1.011736139214893,1.3489815189531904,4.046944556859572,-0.6744907594765952,0.0,-0.6744907594765952,0.0,-0.6744907594765952,0.0,1
-1.011736139214893,-0.3372453797382976,-1.6862268986914881,-0.6744907594765952,-0.6744907594765952,0.0,0.0,0.6744907594765952,-1.3489815189531904,0.0,-0.6744907594765952,0.0,-0.6744907594765952,0.0,-1.3489815189531904,0.0,-1.011736139214893,-0.8993210126354603,-1.3489815189531904,-1.011736139214893,-0.6744907594765952,0.0,0.0,-0.6744907594765952,1.3489815189531904,0.0,-0.6744907594765952,0.0,-0.6744907594765952,0.0,0.0,0.0,1
-1.011736139214893,-0.6744907594765952,-1.6862268986914881,0.3372453797382976,-1.011736139214893,0.0,0.0,0.3372453797382976,-0.6744907594765952,0.0,-0.6744907594765952,0.0,-0.6744907594765952,0.0,-1.3489815189531904,0.0,-0.6744907594765952,0.44966050631773014,-0.6744907594765952,0.6744907594765952,0.0,0.6744907594765952,0.0,-1.011736139214893,1.3489815189531904,0.0,-0.6744907594765952,0.0,-0.6744907594765952,0.0,0.6744907594765952,-0.6661485508120517,1
-0.6744907594765952,0.6744907594765952,-1.011736139214893,0.0,-0.3372453797382976,0.0,0.0,-1.011736139214893,2.023472278429786,0.0,-0.6744907594765952,0.0,-0.6744907594765952,0.0,0.6744907594765952,0.0,-1.3489815189531904,0.0,-1.6862268986914881,-0.3372453797382976,-1.011736139214893,0.0,0.0,0.3372453797382976,-0.6744907594765952,0.0,-0.6744907594765952,0.0,-0.6744907594765952,0.0,-1.3489815189531904,0.0,1
-0.6744907594765952,0.0,-0.6744907594765952,-0.3372453797382976,-0.6744907594765952,0.0,0.6744907594765952,-1.011736139214893,1.3489815189531904,4.046944556859572,-0.6744907594765952,-0.6334885212226357,-0.6744907594765952,0.0,-0.6744907594765952,-0.6675387723151709,-1.011736139214893,-0.8993210126354603,-1.3489815189531904,-1.3489815189531904,-0.6744907594765952,0.0,0.0,-0.3372453797382976,1.3489815189531904,0.0,-0.6744907594765952,0.0,-0.6744907594765952,0.0,0.0,0.0,1
0.0,0.6744907594765952,-0.3372453797382976,-0.3372453797382976,-0.3372453797382976,0.6744907594765952,0.6744907594765952,-0.3372453797382976,0.0,4.046944556859572,-1.3489815189531904,-1.900465563667907,-0.3372453797382976,0.6744907594765952,2.023472278429786,1.3350775446303418,-1.011736139214893,0.6744907594765952,-1.6862268986914881,0.6744907594765952,-1.011736139214893,0.0,0.0,0.3372453797382976,-0.6744907594765952,0.0,-0.6744907594765952,0.0,-0.6744907594765952,0.0,-1.3489815189531904,0.0,1
-0.6744907594765952,-0.6744907594765952,-1.6862268986914881,0.3372453797382976,-1.011736139214893,0.0,0.0,0.3372453797382976,-0.6744907594765952,0.0,-0.6744907594765952,0.0,-0.6744907594765952,0.0,-1.3489815189531904,0.0,-0.6744907594765952,0.6744907594765952,-1.011736139214893,0.6744907594765952,-0.3372453797382976,0.0,0.0,-1.011736139214893,2.023472278429786,0.0,-0.6744907594765952,0.0,-0.6744907594765952,0.0,0.6744907594765952,0.0,1
-0.6744907594765952,0.0,-1.011736139214893,-0.3372453797382976,-0.6744907594765952,0.0,0.0,-1.011736139214893,1.3489815189531904,4.046944556859572,-0.6744907594765952,0.0,-0.6744907594765952,0.0,-0.6744907594765952,0.0,-1.3489815189531904,-1.5738117721120555,-1.6862268986914881,-1.6862268986914881,-1.011736139214893,0.0,0.0,0.3372453797382976,-0.6744907594765952,0.0,-0.6744907594765952,0.0,-0.6744907594765952,0.0,-1.3489815189531904,0.0,1
-1.011736139214893,-0.6744907594765952,-1.011736139214893,-1.011736139214893,-0.6744907594765952,0.0,0.0,-1.011736139214893,1.3489815189531904,4.046944556859572,-0.6744907594765952,0.0,-0.6744907594765952,0.0,-1.3489815189531904,0.0,0.6744907594765952,1.7986420252709205,-0.3372453797382976,1.011736139214893,0.0,2.697963037906381,-1.3489815189531904,0.6744907594765952,-0.6744907594765952,4.046944556859572,-2.697963037906381,0.0,0.3372453797382976,0.0,2.023472278429786,0.6661485508120517,1
-0.3372453797382976,0.3372453797382976,-0.3372453797382976,0.0,-0.3372453797382976,-1.3489815189531904,1.3489815189531904,-1.011736139214893,1.3489815189531904,4.046944556859572,0.0,-0.6334885212226357,-0.6744907594765952,0.0,-0.6744907594765952,-0.6675387723151709,-0.3372453797382976,0.44966050631773014,-0.3372453797382976,0.3372453797382976,0.0,0.6744907594765952,0.0,-1.011736139214893,1.3489815189531904,4.046944556859572,-0.6744907594765952,0.0,-0.6744907594765952,0.0,-0.6744907594765952,0.0,1
-0.6744907594765952,0.6744907594765952,-0.6744907594765952,0.3372453797382976,0.0,0.0,0.0,-1.011736139214893,1.3489815189531904,0.0,-0.6744907594765952,0.0,-0.6744907594765952,0.0,0.6744907594765952,0.0,-1.011736139214893,0.0,-1.6862268986914881,0.0,-1.011736139214893,0.0,0.0,0.6744907594765952,-1.3489815189531904,0.0,-0.6744907594765952,0.0,-0.6744907594765952,0.0,-1.3489815189531904,0.0,1
0.0,1.011736139214893,0.6744907594765952,0.6744907594765952,1.6862268986914881,2.023472278429786,0.6744907594765952,-0.6744907594765952,0.6744907594765952,1.3489815189531904,-1.3489815189531904,-1.900465563667907,0.3372453797382976,0.0,3.3724537973829762,-1.3350775446303418,-1.011736139214893,0.44966050631773014,-1.011736139214893,0.6744907594765952,-0.3372453797382976,0.0,0.0,-1.011736139214893,2.023472278429786,0.0,-0.6744907594765952,0.0,-0.6744907594765952,0.0,0.6744907594765952,0.0,1
-1.3489815189531904,-1.011736139214893,-1.6862268986914881,0.0,-1.011736139214893,0.0,0.0,0.3372453797382976,-0.6744907594765952,0.0,-0.6744907594765952,0.0,-0.6744907594765952,0.0,-1.3489815189531904,0.0,-0.3372453797382976,0.44966050631773014,-0.3372453797382976,0.6744907594765952,0.0,0.0,0.0,-1.011736139214893,1.3489815189531904,4.046944556859572,-0.6744907594765952,0.0,-0.6744907594765952,0.0,-0.6744907594765952,0.0,1
-1.011736139214893,-0.3372453797382976,-1.6862268986914881,-0.6744907594765952,-0.6744907594765952,0.0,0.0,0.6744907594765952,-1.3489815189531904,0.0,-0.6744907594765952,0.0,-0.6744907594765952,0.0,-1.3489815189531904,0.0,0.0,0.0,0.3372453797382976,1.011736139214893,1.011736139214893,1.3489815189531904,0.6744907594765952,0.6744907594765952,0.0,0.0,-1.3489815189531904,-0.6169330746055764,0.3372453797382976,0.0,4.721435316336167,0.0,1
-1.3489815189531904,-1.011736139214893,-1.6862268986914881,0.0,-1.011736139214893,0.0,0.0,0.3372453797382976,-0.6744907594765952,0.0,-0.6744907594765952,0.0,-0.6744907594765952,0.0,-1.3489815189531904,0.0,-1.011736139214893,-0.22483025315886507,-1.3489815189531904,-0.3372453797382976,-0.3372453797382976,0.0,0.0,-1.011736139214893,1.3489815189531904,0.0,-0.6744907594765952,0.0,-0.6744907594765952,0.0,0.6744907594765952,0.0,1
-0.3372453797382976,1.011736139214893,-0.3372453797382976,0.3372453797382976,-0.3372453797382976,0.0,0.6744907594765952,-1.011736139214893,2.023472278429786,4.046944556859572,-0.6744907594765952,-0.6334885212226357,-0.6744907594765952,0.0,-0.6744907594765952,-0.6675387723151709,0.0,0.0,0.3372453797382976,1.011736139214893,0.6744907594765952,0.6744907594765952,0.6744907594765952,0.6744907594765952,0.6744907594765952,0.0,0.0,-0.6169330746055764,0.6744907594765952,0.0,4.721435316336167,0.6661485508120517,1
-1.011736139214893,1.3489815189531904,-1.6862268986914881,0.6744907594765952,-1.011736139214893,0.0,0.0,0.3372453797382976,-0.6744907594765952,0.0,-0.6744907594765952,0.0,-0.6744907594765952,0.0,-1.3489815189531904,0.0,-0.6744907594765952,-0.44966050631773014,-0.3372453797382976,-0.3372453797382976,-0.3372453797382976,0.0,0.0,-1.011736139214893,2.023472278429786,4.046944556859572,-0.6744907594765952,0.0,-0.6744907594765952,0.0,-0.6744907594765952,0.0,1
0.3372453797382976,2.023472278429786,-0.3372453797382976,0.6744907594765952,-0.3372453797382976,1.3489815189531904,-0.6744907594765952,0.6744907594765952,-0.6744907594765952,3.3724537973829762,-2.023472278429786,-0.6334885212226357,0.3372453797382976,0.0,2.023472278429786,1.3350775446303418,-1.3489815189531904,-1.5738117721120555,-1.6862268986914881,-1.6862268986914881,-1.011736139214893,0.0,0.0,0.3372453797382976,-0.6744907594765952,0.0,-0.6744907594765952,0.0,-0.6744907594765952,0.0,-1.3489815189531904,0.0,1
-1.011736139214893,-0.6744907594765952,-1.011736139214893,-0.6744907594765952,-0.6744907594765952,0.0,0.0,-1.011736139214893,1.3489815189531904,4.046944556859572,-0.6744907594765952,0.0,-0.6744907594765952,0.0,-0.6744907594765952,0.0,-1.3489815189531904,0.0,-1.6862268986914881,0.0,-1.011736139214893,0.0,0.0,0.3372453797382976,-0.6744907594765952,0.0,-0.6744907594765952,0.0,-0.6744907594765952,0.0,-1.3489815189531904,0.0,1
-0.6744907594765952,0.6744907594765952,-0.6744907594765952,0.3372453797382976,-0.3372453797382976,0.6744907594765952,0.0,-1.011736139214893,1.3489815189531904,4.046944556859572,-0.6744907594765952,0.6334885212226357,-0.6744907594765952,0.0,-0.6744907594765952,0.0,-1.011736139214893,-0.44966050631773014,-1.6862268986914881,0.6744907594765952,-1.011736139214893,0.0,0.0,0.3372453797382976,-0.6744907594765952,0.0,-0.6744907594765952,0.0,-0.6744907594765952,0.0,-1.3489815189531904,0.0,1
1.011736139214893,2.023472278429786,0.3372453797382976,0.6744907594765952,0.0,2.023472278429786,0.0,-0.3372453797382976,0.0,2.697963037906381,-1.3489815189531904,-1.2669770424452713,0.0,1.3489815189531904,2.023472278429786,2.0026163169455127,-1.011736139214893,0.6744907594765952,-1.6862268986914881,0.6744907594765952,-1.011736139214893,0.0,0.0,0.3372453797382976,-0.6744907594765952,0.0,-0.6744907594765952,0.0,-0.6744907594765952,0.0,-1.3489815189531904,0.0,1
-1.3489815189531904,-1.3489815189531904,-1.6862268986914881,-0.6744907594765952,-1.011736139214893,0.0,0.0,0.3372453797382976,-0.6744907594765952,0.0,-0.6744907594765952,0.0,-0.6744907594765952,0.0,-1.3489815189531904,0.0,-1.011736139214893,-1.1241512657943253,-1.3489815189531904,-0.6744907594765952,-0.6744907594765952,0.0,0.0,-0.6744907594765952,1.3489815189531904,0.0,-0.6744907594765952,0.0,-0.6744907594765952,0.0,0.6744907594765952,0.0,1
-1.011736139214893,-1.011736139214893,-1.6862268986914881,0.0,-1.011736139214893,0.0,0.0,0.3372453797382976,-0.6744907594765952,0.0,-0.6744907594765952,0.0,-0.6744907594765952,0.0,-1.3489815189531904,0.0,-1.3489815189531904,-0.8993210126354603,-1.3489815189531904,-1.3489815189531904,-1.011736139214893,0.0,0.0,-0.6744907594765952,0.6744907594765952,4.046944556859572,-0.6744907594765952,0.0,-0.6744907594765952,0.0,-1.3489815189531904,-0.6661485508120517,1
-0.6744907594765952,0.6744907594765952,0.0,0.3372453797382976,0.6744907594765952,2.023472278429786,-0.6744907594765952,-0.3372453797382976,-0.6744907594765952,1.3489815189531904,-1.3489815189531904,-1.900465563667907,0.3372453797382976,0.0,2.023472278429786,-0.6675387723151709,-1.011736139214893,-0.6744907594765952,-1.6862268986914881,0.0,-1.011736139214893,0.0,0.0,0.3372453797382976,-0.6744907594765952,0.0,-0.6744907594765952,0.0,-0.6744907594765952,0.0,-1.3489815189531904,0.0,1
-1.3489815189531904,-0.3372453797382976,-1.6862268986914881,-0.6744907594765952,-1.011736139214893,0.0,0.0,0.3372453797382976,-0.6744907594765952,0.0,-0.6744907594765952,0.0,-0.6744907594765952,0.0,-1.3489815189531904,0.0,-0.3372453797382976,0.22483025315886507,-0.3372453797382976,0.3372453797382976,-0.3372453797382976,0.0,0.0,-1.011736139214893,0.6744907594765952,4.046944556859572,-0.6744907594765952,0.0,-0.6744907594765952,0.0,-0.6744907594765952,0.0,1
0.3372453797382976,1.011736139214893,0.6744907594765952,0.6744907594765952,0.3372453797382976,0.6744907594765952,-2.023472278429786,-0.3372453797382976,0.6744907594765952,0.0,0.0,-0.6334885212226357,-0.3372453797382976,1.3489815189531904,1.3489815189531904,-0.6675387723151709,-0.3372453797382976,0.44966050631773014,-0.3372453797382976,0.6744907594765952,0.0,0.0,0.6744907594765952,-1.011736139214893,1.3489815189531904,4.046944556859572,-0.6744907594765952,0.0,-0.6744907594765952,0.0,-0.6744907594765952,0.0,1
-1.011736139214893,1.3489815189531904,-1.6862268986914881,0.6744907594765952,-0.6744907594765952,0.0,0.0,0.6744907594765952,-1.3489815189531904,0.0,-0.6744907594765952,0.0,-0.6744907594765952,0.0,-1.3489815189531904,0.0,0.6744907594765952,1.7986420252709205,-0.3372453797382976,1.011736139214893,0.0,3.3724537973829762,-2.023472278429786,0.0,0.6744907594765952,2.697963037906381,-3.3724537973829762,-0.6169330746055764,0.3372453797382976,0.0,0.6744907594765952,2.664594203248207,1
-1.011736139214893,1.011736139214893,-1.6862268986914881,0.6744907594765952,-0.6744907594765952,0.0,0.0,0.6744907594765952,-1.3489815189531904,0.0,-0.6744907594765952,0.0,-0.6744907594765952,0.0,-1.3489815189531904,0.0,0.3372453797382976,-0.22483025315886507,0.3372453797382976,-0.3372453797382976,0.0,0.0,-0.6744907594765952,-0.3372453797382976,1.3489815189531904,0.0,-0.6744907594765952,0.6169330746055764,-0.6744907594765952,0.6744907594765952,1.3489815189531904,0.0,1
-1.3489815189531904,-1.3489815189531904,-1.6862268986914881,-0.6744907594765952,-1.011736139214893,0.0,0.0,0.3372453797382976,-0.6744907594765952,0.0,-0.6744907594765952,0.0,-0.6744907594765952,0.0,-1.3489815189531904,0.0,-1.011736139214893,0.0,-1.011736139214893,0.0,-0.3372453797382976,0.0,0.0,-1.011736139214893,1.3489815189531904,0.0,-0.6744907594765952,0.0,-0.6744907594765952,0.0,0.0,0.0,1
-1.011736139214893,-1.3489815189531904,-1.011736139214893,-1.3489815189531904,-1.011736139214893,0.0,0.6744907594765952,-0.6744907594765952,0.6744907594765952,4.046944556859572,-0.6744907594765952,0.0,-0.6744907594765952,0.0,-1.3489815189531904,0.0,0.3372453797382976,1.1241512657943253,-0.3372453797382976,0.3372453797382976,-0.3372453797382976,2.697963037906381,-1.3489815189531904,0.0,0.6744907594765952,3.3724537973829762,-2.697963037906381,-0.6169330746055764,0.0,0.6744907594765952,1.3489815189531904,1.998445652436155,1
-1.011736139214893,0.6744907594765952,-1.6862268986914881,0.0,-1.011736139214893,0.0,0.0,0.3372453797382976,-0.6744907594765952,0.0,-0.6744907594765952,0.0,-0.6744907594765952,0.0,-1.3489815189531904,0.0,-1.3489815189531904,-1.3489815189531904,-1.6862268986914881,-1.3489815189531904,-1.011736139214893,0.0,0.0,0.3372453797382976,-0.6744907594765952,0.0,-0.6744907594765952,0.0,-0.6744907594765952,0.0,-1.3489815189531904,0.0,1
1.011736139214893,1.6862268986914881,0.0,0.0,-0.3372453797382976,1.3489815189531904,-0.6744907594765952,0.6744907594765952,0.0,4.046944556859572,-2.697963037906381,0.0,0.3372453797382976,-0.6744907594765952,2.023472278429786,1.3350775446303418,1.011736139214893,1.3489815189531904,0.3372453797382976,0.6744907594765952,0.0,3.3724537973829762,-1.3489815189531904,-0.3372453797382976,0.6744907594765952,3.3724537973829762,-2.697963037906381,-1.233866149211153,0.0,1.3489815189531904,1.3489815189531904,2.664594203248207,1
-1.011736139214893,-1.6862268986914881,-1.3489815189531904,-1.011736139214893,-0.6744907594765952,0.0,0.0,-0.6744907594765952,2.023472278429786,0.0,-0.6744907594765952,0.0,-0.6744907594765952,0.0,0.6744907594765952,0.0,-0.3372453797382976,0.22483025315886507,-0.3372453797382976,0.3372453797382976,-0.3372453797382976,0.0,0.0,-1.011736139214893,0.6744907594765952,4.046944556859572,-0.6744907594765952,0.0,-0.6744907594765952,0.0,-0.6744907594765952,0.0,1
-1.011736139214893,1.3489815189531904,-1.6862268986914881,0.6744907594765952,-0.6744907594765952,0.0,0.0,0.6744907594765952,-1.3489815189531904,0.0,-0.6744907594765952,0.0,-0.6744907594765952,0.0,-1.3489815189531904,0.0,-1.011736139214893,-0.44966050631773014,-1.011736139214893,-0.3372453797382976,-0.6744907594765952,0.0,0.6744907594765952,-1.011736139214893,1.3489815189531904,4.046944556859572,-0.6744907594765952,-0.6169330746055764,-0.6744907594765952,0.0,-0.6744907594765952,-0.6661485508120517,1
-1.011736139214893,0.0,-1.011736139214893,-0.3372453797382976,-0.3372453797382976,0.0,0.0,-1.011736139214893,1.3489815189531904,0.0,-0.6744907594765952,0.0,-0.6744907594765952,0.0,0.0,0.0,-1.3489815189531904,0.44966050631773014,-1.6862268986914881,0.3372453797382976,-1.011736139214893,0.0,0.0,0.3372453797382976,-0.6744907594765952,0.0,-0.6744907594765952,0.0,-0.6744907594765952,0.0,-1.3489815189531904,0.0,1
1.011736139214893,1.6862268986914881,0.0,0.0,-0.3372453797382976,1.3489815189531904,-0.6744907594765952,0.6744907594765952,0.0,4.046944556859572,-2.697963037906381,0.0,0.3372453797382976,-0.6744907594765952,2.023472278429786,1.3350775446303418,0.6744907594765952,0.6744907594765952,0.0,0.3372453797382976,0.0,2.023472278429786,-0.6744907594765952,0.3372453797382976,0.6744907594765952,4.721435316336167,-2.697963037906381,-1.233866149211153,0.0,0.6744907594765952,1.3489815189531904,1.998445652436155,1
-1.011736139214893,0.6744907594765952,-1.6862268986914881,0.0,-0.6744907594765952,0.0,0.0,0.6744907594765952,-1.3489815189531904,0.0,-0.6744907594765952,0.0,-0.6744907594765952,0.0,-1.3489815189531904,0.0,0.0,0.6744907594765952,0.6744907594765952,1.011736139214893,1.6862268986914881,2.023472278429786,0.6744907594765952,-0.6744907594765952,0.6744907594765952,1.3489815189531904,-1.3489815189531904,-1.8507992238167295,0.3372453797382976,0.0,3.3724537973829762,-1.3322971016241034,1
-0.3372453797382976,1.3489815189531904,-0.3372453797382976,0.6744907594765952,-0.3372453797382976,0.0,0.0,-1.011736139214893,2.023472278429786,4.046944556859572,-0.6744907594765952,0.0,-0.6744907594765952,0.0,-0.6744907594765952,0.0,-1.011736139214893,-0.8993210126354603,-1.011736139214893,-1.011736139214893,-0.6744907594765952,0.0,0.6744907594765952,-0.6744907594765952,1.3489815189531904,4.046944556859572,-0.6744907594765952,0.0,-0.6744907594765952,0.0,-0.6744907594765952,-0.6661485508120517,1
1.011736139214893,2.3607176581680833,0.0,0.6744907594765952,-0.3372453797382976,1.3489815189531904,0.0,1.011736139214893,-0.6744907594765952,4.046944556859572,-2.697963037906381,-0.6334885212226357,0.3372453797382976,-0.6744907594765952,2.697963037906381,2.0026163169455127,-1.011736139214893,-1.3489815189531904,-1.3489815189531904,-1.011736139214893,-0.6744907594765952,0.0,0.0,-0.6744907594765952,1.3489815189531904,0.0,-0.6744907594765952,0.0,-0.6744907594765952,0.0,0.0,0.0,1
-0.6744907594765952,-0.3372453797382976,-0.6744907594765952,-0.6744907594765952,-0.3372453797382976,0.0,0.6744907594765952,-1.011736139214893,1.3489815189531904,4.046944556859572,-0.6744907594765952,0.0,-0.6744907594765952,0.0,-0.6744907594765952,0.0,0.0,0.0,0.3372453797382976,1.011736139214893,0.6744907594765952,0.6744907594765952,0.6744907594765952,0.6744907594765952,0.6744907594765952,0.0,0.0,-0.6169330746055764,0.6744907594765952,0.0,4.721435316336167,0.6661485508120517,1
-0.6744907594765952,0.0,-0.6744907594765952,-0.3372453797382976,-0.6744907594765952,0.0,-0.6744907594765952,-1.011736139214893,2.023472278429786,4.721435316336167,0.0,1.2669770424452713,-0.6744907594765952,0.0,-0.6744907594765952,0.0,-1.011736139214893,-0.44966050631773014,-1.6862268986914881,0.6744907594765952,-1.011736139214893,0.0,0.0,0.3372453797382976,-0.6744907594765952,0.0,-0.6744907594765952,0.0,-0.6744907594765952,0.0,-1.3489815189531904,0.0,1
-0.3372453797382976,0.3372453797382976,-0.3372453797382976,0.0,-0.3372453797382976,0.0,0.6744907594765952,-1.011736139214893,2.023472278429786,4.721435316336167,-0.6744907594765952,-0.6334885212226357,-0.6744907594765952,0.0,-0.6744907594765952,-0.6675387723151709,-0.6744907594765952,0.22483025315886507,0.0,0.3372453797382976,0.6744907594765952,1.3489815189531904,-0.6744907594765952,0.0,0.0,0.6744907594765952,-1.3489815189531904,-1.8507992238167295,1.011736139214893,0.0,2.023472278429786,-1.998445652436155,1
-0.3372453797382976,0.6744907594765952,-0.3372453797382976,0.3372453797382976,-0.3372453797382976,0.0,0.0,-1.011736139214893,2.023472278429786,4.721435316336167,-0.6744907594765952,0.0,-0.6744907594765952,0.0,-0.6744907594765952,0.0,-1.011736139214893,-1.1241512657943253,-1.3489815189531904,-0.6744907594765952,-0.6744907594765952,0.0,0.0,-0.6744907594765952,1.3489815189531904,0.0,-0.6744907594765952,0.6169330746055764,-0.6744907594765952,0.0,0.6744907594765952,0.0,1
-1.011736139214893,-2.023472278429786,-1.3489815189531904,-1.011736139214893,-0.6744907594765952,0.0,0.0,-0.6744907594765952,0.6744907594765952,0.0,-0.6744907594765952,0.0,-0.6744907594765952,0.0,0.0,0.0,-1.011736139214893,-0.44966050631773014,-1.3489815189531904,-0.3372453797382976,-0.6744907594765952,0.0,0.0,-0.6744907594765952,2.023472278429786,0.0,-0.6744907594765952,0.0,-0.6744907594765952,0.0,0.6744907594765952,0.0,1
-1.011736139214893,0.3372453797382976,-1.011736139214893,0.0,-0.3372453797382976,0.0,0.0,-1.011736139214893,2.023472278429786,0.0,-0.6744907594765952,0.0,-0.6744907594765952,0.0,0.6744907594765952,0.0,-1.011736139214893,0.22483025315886507,-1.6862268986914881,0.3372453797382976,-0.6744907594765952,0.0,0.0,0.6744907594765952,-1.3489815189531904,0.0,-0.6744907594765952,0.0,-0.6744907594765952,0.0,-1.3489815189531904,0.0,1
-1.011736139214893,-1.3489815189531904,-1.011736139214893,-1.3489815189531904,-1.011736139214893,0.0,0.0,-0.6744907594765952,1.3489815189531904,4.046944556859572,-0.6744907594765952,0.0,-0.6744907594765952,0.0,-1.3489815189531904,-0.6675387723151709,-1.011736139214893,-0.6744907594765952,-1.6862268986914881,0.3372453797382976,-1.011736139214893,0.0,0.0,0.3372453797382976,-0.6744907594765952,0.0,-0.6744907594765952,0.0,-0.6744907594765952,0.0,-1.3489815189531904,0.0,1
-1.011736139214893,1.011736139214893,-1.6862268986914881,0.3372453797382976,-1.011736139214893,0.0,0.0,0.3372453797382976,-0.6744907594765952,0.0,-0.6744907594765952,0.0,-0.6744907594765952,0.0,-1.3489815189531904,0.0,0.0,0.8993210126354603,0.0,1.011736139214893,-0.3372453797382976,1.3489815189531904,-1.3489815189531904,-1.011736139214893,2.023472278429786,4.721435316336167,-1.3489815189531904,1.233866149211153,-0.6744907594765952,0.0,-0.6744907594765952,0.6661485508120517,1
0.6744907594765952,1.011736139214893,1.011736139214893,0.3372453797382976,0.6744907594765952,0.0,-0.6744907594765952,-0.3372453797382976,2.023472278429786,0.0,-0.6744907594765952,0.0,-0.6744907594765952,0.6744907594765952,1.3489815189531904,0.0,-1.011736139214893,-0.6744907594765952,-1.011736139214893,-0.6744907594765952,-0.6744907594765952,0.0,0.6744907594765952,-1.011736139214893,1.3489815189531904,4.046944556859572,-0.6744907594765952,0.0,-0.6744907594765952,0.0,-0.6744907594765952,-0.6661485508120517,1
-0.3372453797382976,0.6744907594765952,0.0,0.0,-0.3372453797382976,0.0,1.3489815189531904,-1.011736139214893,2.023472278429786,4.721435316336167,-0.6744907594765952,-1.900465563667907,-0.6744907594765952,0.6744907594765952,0.0,-0.6675387723151709,-1.011736139214893,0.44966050631773014,-1.6862268986914881,0.3372453797382976,-0.6744907594765952,0.0,0.0,0.6744907594765952,-1.3489815189531904,0.0,-0.6744907594765952,0.0,-0.6744907594765952,0.0,-1.3489815189531904,0.0,1
-0.6744907594765952,0.6744907594765952,-1.011736139214893,0.3372453797382976,-0.3372453797382976,0.0,0.0,-1.011736139214893,2.697963037906381,0.0,-0.6744907594765952,0.0,-0.6744907594765952,0.0,0.6744907594765952,0.0,-0.6744907594765952,-0.44966050631773014,-0.3372453797382976,-0.3372453797382976,-0.6744907594765952,0.0,0.0,-1.011736139214893,1.3489815189531904,4.046944556859572,-0.6744907594765952,0.0,-0.6744907594765952,0.0,-0.6744907594765952,0.0,1
-0.6744907594765952,1.3489815189531904,-1.011736139214893,0.6744907594765952,-0.3372453797382976,0.6744907594765952,0.0,-1.011736139214893,2.023472278429786,0.0,-0.6744907594765952,-0.6334885212226357,-0.6744907594765952,0.0,0.6744907594765952,-0.6675387723151709,-0.3372453797382976,0.6744907594765952,-0.3372453797382976,1.011736139214893,-0.3372453797382976,0.0,0.0,-1.011736139214893,2.023472278429786,4.046944556859572,-0.6744907594765952,0.0,-0.6744907594765952,0.0,-0.6744907594765952,0.0,1
-1.011736139214893,1.011736139214893,-1.011736139214893,0.6744907594765952,0.0,0.0,0.0,-1.011736139214893,1.3489815189531904,0.0,-0.6744907594765952,0.0,-0.6744907594765952,0.0,0.6744907594765952,0.0,-0.6744907594765952,0.8993210126354603,-1.011736139214893,1.011736139214893,0.3372453797382976,0.0,0.0,-1.011736139214893,1.3489815189531904,0.0,-0.6744907594765952,0.0,-0.6744907594765952,0.0,0.0,0.0,1
0.0,1.3489815189531904,0.6744907594765952,0.6744907594765952,1.6862268986914881,2.023472278429786,0.0,-0.3372453797382976,0.0,1.3489815189531904,-2.023472278429786,-2.5339540848905426,0.6744907594765952,0.6744907594765952,3.3724537973829762,-2.0026163169455127,-1.011736139214893,-0.6744907594765952,-1.011736139214893,-0.6744907594765952,-0.6744907594765952,0.0,0.0,-1.011736139214893,1.3489815189531904,4.046944556859572,-0.6744907594765952,0.0,-0.6744907594765952,0.0,-0.6744907594765952,0.0,1
1.011736139214893,2.023472278429786,0.0,0.6744907594765952,0.0,2.023472278429786,-2.023472278429786,0.6744907594765952,-0.6744907594765952,4.046944556859572,-2.697963037906381,0.6334885212226357,0.3372453797382976,0.0,1.3489815189531904,0.6675387723151709,-1.011736139214893,0.44966050631773014,-1.6862268986914881,0.6744907594765952,-0.6744907594765952,0.0,0.0,0.6744907594765952,-1.3489815189531904,0.0,-0.6744907594765952,0.0,-0.6744907594765952,0.0,-1.3489815189531904,0.0,1
-1.011736139214893,-1.6862268986914881,-1.3489815189531904,-1.011736139214893,-0.6744907594765952,0.0,0.0,-0.6744907594765952,1.3489815189531904,0.0,-0.6744907594765952,0.6334885212226357,-0.6744907594765952,0.0,0.6744907594765952,0.0,-0.3372453797382976,0.0,-0.3372453797382976,0.0,-0.3372453797382976,0.0,1.3489815189531904,-1.011736139214893,1.3489815189531904,4.046944556859572,-0.6744907594765952,-1.233866149211153,-0.6744907594765952,0.6744907594765952,0.0,-0.6661485508120517,1
0.0,1.011736139214893,0.0,0.6744907594765952,0.0,0.6744907594765952,-0.6744907594765952,-1.011736139214893,2.023472278429786,4.046944556859572,-0.6744907594765952,0.6334885212226357,-0.3372453797382976,-1.3489815189531904,0.6744907594765952,0.0,0.0,0.8993210126354603,0.6744907594765952,1.011736139214893,1.6862268986914881,2.023472278429786,0.0,-0.3372453797382976,0.0,1.3489815189531904,-2.023472278429786,-2.467732298422306,0.6744907594765952,0.6744907594765952,3.3724537973829762,-1.998445652436155,1
0.6744907594765952,1.011736139214893,0.0,0.0,0.0,2.023472278429786,-0.6744907594765952,0.3372453797382976,0.6744907594765952,4.721435316336167,-2.697963037906381,-1.2669770424452713,0.0,0.6744907594765952,1.3489815189531904,2.0026163169455127,-1.3489815189531904,-1.5738117721120555,-1.6862268986914881,-1.3489815189531904,-1.011736139214893,0.0,0.0,0.3372453797382976,-0.6744907594765952,0.0,-0.6744907594765952,0.0,-0.6744907594765952,0.0,-1.3489815189531904,0.0,1
-1.011736139214893,1.011736139214893,-1.6862268986914881,0.3372453797382976,-1.011736139214893,0.0,0.0,0.3372453797382976,-0.6744907594765952,0.0,-0.6744907594765952,0.0,-0.6744907594765952,0.0,-1.3489815189531904,0.0,-1.3489815189531904,0.22483025315886507,-1.6862268986914881,0.0,-1.011736139214893,0.0,0.0,0.3372453797382976,-0.6744907594765952,0.0,-0.6744907594765952,0.0,-0.6744907594765952,0.0,-1.3489815189531904,0.0,1
1.011736139214893,2.3607176581680833,0.3372453797382976,0.6744907594765952,0.3372453797382976,2.023472278429786,0.0,-0.3372453797382976,0.0,2.697963037906381,-1.3489815189531904,-1.2669770424452713,0.0,0.6744907594765952,2.023472278429786,2.6701550892606836,-0.3372453797382976,-0.6744907594765952,-0.3372453797382976,0.0,0.0,0.0,0.6744907594765952,0.3372453797382976,0.0,0.0,0.6744907594765952,-0.6169330746055764,0.0,0.6744907594765952,4.046944556859572,0.6661485508120517,1
-1.011736139214893,-1.3489815189531904,-1.011736139214893,-1.3489815189531904,-1.011736139214893,0.0,0.0,-0.6744907594765952,1.3489815189531904,4.046944556859572,-0.6744907594765952,0.0,-0.6744907594765952,0.0,-0.6744907594765952,0.0,0.6744907594765952,0.6744907594765952,0.6744907594765952,1.011736139214893,0.3372453797382976,0.6744907594765952,-2.023472278429786,-0.6744907594765952,0.6744907594765952,0.0,0.0,0.0,-0.3372453797382976,1.3489815189531904,1.3489815189531904,0.0,1
-1.3489815189531904,0.0,-1.6862268986914881,-0.3372453797382976,-1.011736139214893,0.0,0.0,0.3372453797382976,-0.6744907594765952,0.0,-0.6744907594765952,0.0,-0.6744907594765952,0.0,-1.3489815189531904,0.0,0.3372453797382976,0.0,0.3372453797382976,1.011736139214893,1.011736139214893,0.6744907594765952,2.023472278429786,0.3372453797382976,0.0,-0.6744907594765952,0.0,0.6169330746055764,0.3372453797382976,-1.3489815189531904,4.046944556859572,-1.3322971016241034,1
0.3372453797382976,1.6862268986914881,0.0,0.0,0.0,-0.6744907594765952,2.697963037906381,0.0,0.0,4.046944556859572,-0.6744907594765952,-2.5339540848905426,-0.3372453797382976,0.0,2.023472278429786,0.0,-1.3489815189531904,-1.5738117721120555,-1.6862268986914881,-1.6862268986914881,-1.011736139214893,0.0,0.0,0.3372453797382976,-0.6744907594765952,0.0,-0.6744907594765952,0.0,-0.6744907594765952,0.0,-1.3489815189531904,0.0,1
0.0,0.6744907594765952,-0.3372453797382976,-0.6744907594765952,-0.3372453797382976,0.6744907594765952,0.6744907594765952,-0.3372453797382976,-0.6744907594765952,3.3724537973829762,-1.3489815189531904,-1.2669770424452713,-0.3372453797382976,1.3489815189531904,2.023472278429786,2.0026163169455127,-1.011736139214893,0.22483025315886507,-1.3489815189531904,0.3372453797382976,-0.6744907594765952,0.0,0.0,-1.011736139214893,2.023472278429786,0.0,-0.6744907594765952,0.0,-0.6744907594765952,0.0,0.6744907594765952,0.0,1
-1.011736139214893,1.3489815189531904,-1.6862268986914881,0.6744907594765952,-1.011736139214893,0.0,0.0,0.3372453797382976,-0.6744907594765952,0.0,-0.6744907594765952,0.0,-0.6744907594765952,0.0,-1.3489815189531904,0.0,0.3372453797382976,0.8993210126354603,0.3372453797382976,1.011736139214893,0.3372453797382976,1.3489815189531904,-0.6744907594765952,-1.011736139214893,2.023472278429786,4.046944556859572,-1.3489815189531904,0.6169330746055764,-0.6744907594765952,0.0,-0.6744907594765952,0.6661485508120517,1
-1.011736139214893,0.3372453797382976,-1.6862268986914881,0.0,-0.6744907594765952,0.0,0.0,0.6744907594765952,-1.3489815189531904,0.0,-0.6744907594765952,0.0,-0.6744907594765952,0.0,-1.3489815189531904,0.0,-0.6744907594765952,0.0,-0.6744907594765952,0.0,-0.6744907594765952,-0.6744907594765952,0.6744907594765952,-0.6744907594765952,2.023472278429786,4.721435316336167,0.0,-0.6169330746055764,-0.6744907594765952,0.0,-0.6744907594765952,-0.6661485508120517,1
0.6744907594765952,1.3489815189531904,0.6744907594765952,0.6744907594765952,0.6744907594765952,0.0,0.6744907594765952,-0.6744907594765952,2.023472278429786,0.0,-0.6744907594765952,0.0,-0.6744907594765952,-0.6744907594765952,1.3489815189531904,0.0,-0.3372453797382976,-0.22483025315886507,-0.3372453797382976,-0.3372453797382976,-0.3372453797382976,-0.6744907594765952,1.3489815189531904,-1.011736139214893,0.6744907594765952,4.046944556859572,0.0,-0.6169330746055764,-0.6744907594765952,0.0,-0.6744907594765952,-0.6661485508120517,1
-1.011736139214893,0.3372453797382976,-1.3489815189531904,0.0,-0.6744907594765952,0.0,0.0,-1.011736139214893,2.023472278429786,0.0,-0.6744907594765952,0.0,-0.6744907594765952,0.0,0.6744907594765952,0.0,-0.3372453797382976,0.22483025315886507,-0.3372453797382976,0.3372453797382976,-0.3372453797382976,0.0,0.6744907594765952,-1.011736139214893,2.023472278429786,4.721435316336167,-0.6744907594765952,-1.233866149211153,-0.6744907594765952,0.0,-0.6744907594765952,-0.6661485508120517,1
-0.3372453797382976,1.3489815189531904,-0.3372453797382976,0.6744907594765952,-0.3372453797382976,0.0,0.0,-1.011736139214893,2.023472278429786,4.721435316336167,-0.6744907594765952,0.0,-0.6744907594765952,0.0,-0.6744907594765952,0.0,-1.011736139214893,-0.8993210126354603,-1.011736139214893,-1.3489815189531904,-1.011736139214893,0.0,0.0,-0.6744907594765952,0.6744907594765952,4.046944556859572,-0.6744907594765952,0.0,-0.6744907594765952,0.0,-1.3489815189531904,0.0,1
-1.011736139214893,1.3489815189531904,-1.6862268986914881,0.6744907594765952,-1.011736139214893,0.0,0.0,0.3372453797382976,-0.6744907594765952,0.0,-0.6744907594765952,0.0,-0.6744907594765952,0.0,-1.3489815189531904,0.0,-0.3372453797382976,0.0,-0.3372453797382976,0.0,-0.3372453797382976,-0.6744907594765952,0.6744907594765952,-1.011736139214893,1.3489815189531904,4.046944556859572,0.0,0.0,-0.6744907594765952,0.0,-0.6744907594765952,-0.6661485508120517,1
-0.6744907594765952,-0.6744907594765952,-1.3489815189531904,-1.011736139214893,-0.6744907594765952,0.0,0.0,-0.6744907594765952,1.3489815189531904,0.0,-0.6744907594765952,0.0,-0.6744907594765952,0.0,0.6744907594765952,0.0,-1.011736139214893,-0.6744907594765952,-1.6862268986914881,0.3372453797382976,-1.011736139214893,0.0,0.0,0.3372453797382976,-0.6744907594765952,0.0,-0.6744907594765952,0.0,-0.6744907594765952,0.0,-1.3489815189531904,0.0,1
0.3372453797382976,0.6744907594765952,0.3372453797382976,0.3372453797382976,0.3372453797382976,0.0,-0.6744907594765952,-0.3372453797382976,1.3489815189531904,0.0,-0.6744907594765952,0.6334885212226357,-0.6744907594765952,0.6744907594765952,1.3489815189531904,0.0,0.0,0.44966050631773014,0.0,0.6744907594765952,0.0,0.0,0.6744907594765952,-0.3372453797382976,2.023472278429786,0.0,-0.6744907594765952,0.0,-0.6744907594765952,-0.6744907594765952,1.3489815189531904,0.0,1
-0.6744907594765952,1.011736139214893,-1.011736139214893,0.6744907594765952,-0.3372453797382976,0.0,0.0,-1.011736139214893,2.023472278429786,0.0,-0.6744907594765952,0.0,-0.6744907594765952,0.0,0.6744907594765952,0.0,0.3372453797382976,0.8993210126354603,0.3372453797382976,1.011736139214893,0.3372453797382976,1.3489815189531904,-0.6744907594765952,-1.011736139214893,2.023472278429786,4.046944556859572,-1.3489815189531904,0.6169330746055764,-0.6744907594765952,0.0,-0.6744907594765952,0.6661485508120517,1
-1.011736139214893,-2.023472278429786,-1.3489815189531904,-1.6862268986914881,-1.011736139214893,0.0,0.0,-0.3372453797382976,2.023472278429786,0.0,-0.6744907594765952,0.0,-0.6744907594765952,0.0,0.6744907594765952,0.0,-0.6744907594765952,0.22483025315886507,-0.6744907594765952,0.3372453797382976,-0.3372453797382976,0.0,0.0,-1.011736139214893,2.023472278429786,4.046944556859572,-0.6744907594765952,0.0,-0.6744907594765952,0.0,-0.6744907594765952,-0.6661485508120517,1
-1.011736139214893,0.3372453797382976,-1.6862268986914881,0.0,-1.011736139214893,0.0,0.0,0.3372453797382976,-0.6744907594765952,0.0,-0.6744907594765952,0.0,-0.6744907594765952,0.0,-1.3489815189531904,0.0,0.0,0.6744907594765952,0.0,1.011736139214893,-0.3372453797382976,0.0,-0.6744907594765952,-1.011736139214893,2.697963037906381,4.721435316336167,-0.6744907594765952,0.6169330746055764,-0.6744907594765952,0.0,-0.6744907594765952,0.0,1
-1.3489815189531904,0.0,-1.6862268986914881,-0.6744907594765952,-1.011736139214893,0.0,0.0,0.3372453797382976,-0.6744907594765952,0.0,-0.6744907594765952,0.0,-0.6744907594765952,0.0,-1.3489815189531904,0.0,1.011736139214893,0.6744907594765952,1.3489815189531904,1.011736139214893,0.6744907594765952,1.3489815189531904,-1.3489815189531904,0.0,1.3489815189531904,-0.6744907594765952,0.0,-2.467732298422306,-0.6744907594765952,0.6744907594765952,1.3489815189531904,-0.6661485508120517,1
-1.011736139214893,0.6744907594765952,-1.6862268986914881,0.0,-1.011736139214893,0.0,0.0,0.3372453797382976,-0.6744907594765952,0.0,-0.6744907594765952,0.0,-0.6744907594765952,0.0,-1.3489815189531904,0.0,0.3372453797382976,1.1241512657943253,0.0,0.6744907594765952,0.0,1.3489815189531904,0.6744907594765952,0.0,0.6744907594765952,4.046944556859572,-2.023472278429786,-1.8507992238167295,0.0,0.0,2.023472278429786,1.3322971016241034,1
-1.011736139214893,-1.011736139214893,-1.011736139214893,-1.011736139214893,-0.6744907594765952,0.0,0.0,-1.011736139214893,1.3489815189531904,4.046944556859572,-0.6744907594765952,0.0,-0.6744907594765952,0.0,-0.6744907594765952,0.0,-1.3489815189531904,-1.3489815189531904,-1.6862268986914881,-1.3489815189531904,-1.011736139214893,0.0,0.0,0.3372453797382976,-0.6744907594765952,0.0,-0.6744907594765952,0.0,-0.6744907594765952,0.0,-1.3489815189531904,0.0,1
-1.011736139214893,-1.011736139214893,-0.6744907594765952,-1.011736139214893,-0.6744907594765952,0.0,0.0,-0.6744907594765952,1.3489815189531904,4.721435316336167,-0.6744907594765952,0.0,-0.6744907594765952,0.0,-0.6744907594765952,0.0,-1.3489815189531904,-0.22483025315886507,-1.6862268986914881,-0.3372453797382976,-1.011736139214893,0.0,0.0,0.3372453797382976,-0.6744907594765952,0.0,-0.6744907594765952,0.0,-0.6744907594765952,0.0,-1.3489815189531904,0.0,1
-0.3372453797382976,0.6744907594765952,0.0,0.0,-0.3372453797382976,0.0,1.3489815189531904,-1.011736139214893,2.023472278429786,4.721435316336167,-0.6744907594765952,-1.900465563667907,-0.6744907594765952,0.6744907594765952,0.0,-0.6675387723151709,-0.6744907594765952,0.22483025315886507,-1.011736139214893,0.3372453797382976,0.0,0.0,0.0,-1.011736139214893,1.3489815189531904,0.0,-0.6744907594765952,0.0,-0.6744907594765952,0.0,0.6744907594765952,0.0,1
-1.3489815189531904,0.6744907594765952,-1.6862268986914881,0.0,-1.011736139214893,0.0,0.0,0.3372453797382976,-0.6744907594765952,0.0,-0.6744907594765952,0.0,-0.6744907594765952,0.0,-1.3489815189531904,0.0,-1.011736139214893,0.44966050631773014,-1.6862268986914881,0.3372453797382976,-1.011736139214893,0.0,0.0,0.3372453797382976,-0.6744907594765952,0.0,-0.6744907594765952,0.0,-0.6744907594765952,0.0,-1.3489815189531904,0.0,1
-0.3372453797382976,0.0,-0.3372453797382976,-0.3372453797382976,-0.6744907594765952,0.6744907594765952,-1.3489815189531904,-1.011736139214893,2.023472278429786,4.721435316336167,-0.6744907594765952,1.2669770424452713,-0.6744907594765952,-0.6744907594765952,-0.6744907594765952,0.0,-0.3372453797382976,0.8993210126354603,-0.3372453797382976,1.3489815189531904,-0.3372453797382976,-0.6744907594765952,0.6744907594765952,-1.011736139214893,1.3489815189531904,4.046944556859572,0.0,0.0,-0.6744907594765952,0.0,-0.6744907594765952,-0.6661485508120517,1
-1.011736139214893,1.011736139214893,-1.6862268986914881,0.3372453797382976,-1.011736139214893,0.0,0.0,0.3372453797382976,-0.6744907594765952,0.0,-0.6744907594765952,0.0,-0.6744907594765952,0.0,-1.3489815189531904,0.0,-0.3372453797382976,-0.22483025315886507,-0.3372453797382976,-0.3372453797382976,-0.3372453797382976,0.0,0.0,-1.011736139214893,1.3489815189531904,4.046944556859572,-0.6744907594765952,0.0,-0.6744907594765952,0.0,-0.6744907594765952,-0.6661485508120517,1
-1.011736139214893,0.6744907594765952,-1.6862268986914881,0.0,-1.011736139214893,0.0,0.0,0.3372453797382976,-0.6744907594765952,0.0,-0.6744907594765952,0.0,-0.6744907594765952,0.0,-1.3489815189531904,0.0,0.0,0.8993210126354603,0.0,1.011736139214893,0.0,0.0,0.0,-1.011736139214893,1.3489815189531904,4.046944556859572,-0.6744907594765952,0.0,-0.6744907594765952,0.0,-0.6744907594765952,0.0,1
-0.6744907594765952,0.6744907594765952,-0.6744907594765952,0.3372453797382976,-0.3372453797382976,0.0,0.0,-1.011736139214893,1.3489815189531904,4.046944556859572,-0.6744907594765952,0.0,-0.6744907594765952,0.0,-0.6744907594765952,0.0,0.0,0.6744907594765952,0.0,1.011736139214893,-0.3372453797382976,0.0,-0.6744907594765952,-1.011736139214893,2.697963037906381,4.721435316336167,-0.6744907594765952,0.6169330746055764,-0.6744907594765952,0.0,-0.6744907594765952,0.0,1
-1.011736139214893,-1.6862268986914881,-1.3489815189531904,-0.6744907594765952,-0.6744907594765952,0.0,0.0,-0.6744907594765952,1.3489815189531904,0.0,-0.6744907594765952,0.0,-0.6744907594765952,0.0,0.0,0.0,-1.011736139214893,-0.6744907594765952,-1.3489815189531904,-0.6744907594765952,-0.6744907594765952,0.0,0.0,-0.6744907594765952,2.023472278429786,0.0,-0.6744907594765952,0.6169330746055764,-0.6744907594765952,0.0,0.6744907594765952,0.0,1
-0.3372453797382976,1.011736139214893,-0.3372453797382976,0.6744907594765952,-0.3372453797382976,0.0,0.0,-1.011736139214893,2.023472278429786,4.046944556859572,-0.6744907594765952,0.0,-0.6744907594765952,0.0,-0.6744907594765952,0.0,0.3372453797382976,0.0,0.3372453797382976,1.011736139214893,1.011736139214893,0.6744907594765952,2.023472278429786,0.3372453797382976,0.0,-0.6744907594765952,0.0,0.6169330746055764,0.3372453797382976,-1.3489815189531904,4.046944556859572,-1.3322971016241034,1
0.3372453797382976,0.0,0.3372453797382976,0.6744907594765952,1.011736139214893,0.6744907594765952,2.023472278429786,0.3372453797382976,0.0,-0.6744907594765952,0.0,0.6334885212226357,0.3372453797382976,-1.3489815189531904,4.046944556859572,-1.3350775446303418,0.3372453797382976,0.22483025315886507,0.3372453797382976,1.3489815189531904,1.011736139214893,0.0,0.6744907594765952,0.6744907594765952,0.6744907594765952,0.0,0.0,-0.6169330746055764,0.3372453797382976,0.6744907594765952,4.721435316336167,0.6661485508120517,1
-1.011736139214893,-1.3489815189531904,-1.011736139214893,-1.6862268986914881,-1.011736139214893,0.0,0.0,-0.6744907594765952,1.3489815189531904,4.046944556859572,-0.6744907594765952,0.0,-0.6744907594765952,0.0,-0.6744907594765952,0.0,-0.3372453797382976,-0.6744907594765952,-0.3372453797382976,0.0,0.0,0.0,0.6744907594765952,0.3372453797382976,0.0,0.0,0.6744907594765952,-0.6169330746055764,0.0,0.6744907594765952,4.046944556859572,0.6661485508120517,1
-1.011736139214893,-2.023472278429786,-1.3489815189531904,-1.3489815189531904,-0.6744907594765952,0.0,0.0,-0.6744907594765952,1.3489815189531904,0.0,-0.6744907594765952,0.0,-0.6744907594765952,0.0,0.0,0.0,-1.011736139214893,-0.8993210126354603,-1.011736139214893,-1.011736139214893,-0.6744907594765952,0.0,0.6744907594765952,-1.011736139214893,0.6744907594765952,4.046944556859572,-0.6744907594765952,-0.6169330746055764,-0.6744907594765952,0.0,-1.3489815189531904,-0.6661485508120517,1
-0.6744907594765952,-0.3372453797382976,-0.6744907594765952,-0.6744907594765952,-0.3372453797382976,0.0,0.0,-1.011736139214893,0.6744907594765952,4.046944556859572,-0.6744907594765952,0.0,-0.6744907594765952,0.0,-0.6744907594765952,0.0,-1.3489815189531904,-1.5738117721120555,-1.6862268986914881,-1.6862268986914881,-1.011736139214893,0.0,0.0,0.3372453797382976,-0.6744907594765952,0.0,-0.6744907594765952,0.0,-0.6744907594765952,0.0,-1.3489815189531904,0.0,1
-0.3372453797382976,0.3372453797382976,-0.3372453797382976,0.0,-0.3372453797382976,-0.6744907594765952,1.3489815189531904,-1.011736139214893,1.3489815189531904,4.046944556859572,0.0,-0.6334885212226357,-0.6744907594765952,0.0,-0.6744907594765952,-0.6675387723151709,-0.6744907594765952,0.6744907594765952,-1.6862268986914881,0.6744907594765952,-1.011736139214893,0.0,0.0,0.3372453797382976,-0.6744907594765952,0.0,-0.6744907594765952,0.0,-0.6744907594765952,0.0,-1.3489815189531904,0.0,1
-0.6744907594765952,1.011736139214893,-0.6744907594765952,0.6744907594765952,0.3372453797382976,0.0,0.0,-1.011736139214893,1.3489815189531904,0.0,-0.6744907594765952,0.0,-0.6744907594765952,0.0,0.6744907594765952,0.0,0.0,0.0,0.0,1.011736139214893,0.6744907594765952,0.6744907594765952,1.3489815189531904,0.3372453797382976,-0.6744907594765952,0.0,0.0,0.6169330746055764,0.6744907594765952,-0.6744907594765952,3.3724537973829762,-1.3322971016241034,1
-1.011736139214893,-1.3489815189531904,-1.6862268986914881,-1.3489815189531904,-1.011736139214893,0.0,0.0,-0.6744907594765952,1.3489815189531904,0.0,-0.6744907594765952,0.0,-0.6744907594765952,0.0,0.0,0.0,-1.011736139214893,0.22483025315886507,-1.6862268986914881,0.0,-1.011736139214893,0.0,0.0,0.3372453797382976,-0.6744907594765952,0.0,-0.6744907594765952,0.0,-0.6744907594765952,0.0,-1.3489815189531904,0.0,1
0.6744907594765952,1.011736139214893,0.3372453797382976,0.0,0.0,0.6744907594765952,0.6744907594765952,0.0,0.0,4.046944556859572,-2.023472278429786,-1.900465563667907,0.0,0.6744907594765952,2.023472278429786,2.0026163169455127,-1.3489815189531904,-1.3489815189531904,-1.6862268986914881,-1.3489815189531904,-1.011736139214893,0.0,0.0,0.3372453797382976,-0.6744907594765952,0.0,-0.6744907594765952,0.0,-0.6744907594765952,0.0,-1.3489815189531904,0.0,1
-0.3372453797382976,0.3372453797382976,-0.3372453797382976,0.0,-0.3372453797382976,0.0,1.3489815189531904,-1.011736139214893,2.023472278429786,4.721435316336167,-0.6744907594765952,-1.2669770424452713,-0.6744907594765952,0.6744907594765952,-0.6744907594765952,-0.6675387723151709,1.3489815189531904,1.5738117721120555,0.6744907594765952,1.011736139214893,0.3372453797382976,0.0,1.3489815189531904,0.0,1.3489815189531904,4.721435316336167,-1.3489815189531904,-2.467732298422306,0.3372453797382976,-0.6744907594765952,2.697963037906381,0.0,1
-0.6744907594765952,0.3372453797382976,-0.6744907594765952,0.0,-0.3372453797382976,0.6744907594765952,0.0,-1.011736139214893,1.3489815189531904,4.046944556859572,-0.6744907594765952,0.0,-0.6744907594765952,0.0,-0.6744907594765952,0.0,-1.3489815189531904,-1.3489815189531904,-1.6862268986914881,-1.3489815189531904,-1.011736139214893,0.0,0.0,0.3372453797382976,-0.6744907594765952,0.0,-0.6744907594765952,0.0,-0.6744907594765952,0.0,-1.3489815189531904,0.0,1
1.011736139214893,2.023472278429786,0.3372453797382976,0.6744907594765952,0.0,2.023472278429786,0.0,-0.3372453797382976,0.0,2.697963037906381,-1.3489815189531904,-1.2669770424452713,0.0,1.3489815189531904,2.023472278429786,2.0026163169455127,-1.011736139214893,-1.3489815189531904,-1.3489815189531904,-1.011736139214893,-0.6744907594765952,0.0,0.0,-0.6744907594765952,1.3489815189531904,0.0,-0.6744907594765952,0.0,-0.6744907594765952,0.0,0.0,0.0,1
-0.6744907594765952,-0.3372453797382976,-0.6744907594765952,-0.6744907594765952,-0.6744907594765952,0.0,0.0,-1.011736139214893,1.3489815189531904,4.046944556859572,-0.6744907594765952,0.0,-0.6744907594765952,0.0,-0.6744907594765952,0.0,0.0,0.22483025315886507,0.0,0.3372453797382976,0.0,-0.6744907594765952,-0.6744907594765952,-0.3372453797382976,1.3489815189531904,0.0,-0.6744907594765952,1.233866149211153,-0.6744907594765952,0.6744907594765952,1.3489815189531904,0.0,1
-0.6744907594765952,0.6744907594765952,-1.011736139214893,0.3372453797382976,0.0,0.0,0.0,-1.011736139214893,1.3489815189531904,0.0,-0.6744907594765952,0.0,-0.6744907594765952,0.0,0.6744907594765952,0.0,-1.011736139214893,-1.3489815189531904,-1.3489815189531904,-1.011736139214893,-0.6744907594765952,0.0,0.0,-0.6744907594765952,1.3489815189531904,0.0,-0.6744907594765952,0.0,-0.6744907594765952,0.0,0.0,0.0,1
-0.3372453797382976,-0.6744907594765952,-0.3372453797382976,0.0,0.3372453797382976,0.0,0.6744907594765952,0.6744907594765952,0.0,-0.6744907594765952,0.6744907594765952,-0.6334885212226357,0.3372453797382976,1.3489815189531904,4.046944556859572,0.0,0.6744907594765952,0.6744907594765952,0.0,0.3372453797382976,0.0,2.023472278429786,-0.6744907594765952,0.3372453797382976,0.6744907594765952,4.721435316336167,-2.697963037906381,-1.233866149211153,0.0,0.6744907594765952,1.3489815189531904,1.998445652436155,1
-1.011736139214893,0.6744907594765952,-1.6862268986914881,0.0,-1.011736139214893,0.0,0.0,0.3372453797382976,-0.6744907594765952,0.0,-0.6744907594765952,0.0,-0.6744907594765952,0.0,-1.3489815189531904,0.0,-0.6744907594765952,-0.22483025315886507,-0.6744907594765952,-0.3372453797382976,-0.3372453797382976,0.0,0.0,-1.011736139214893,2.023472278429786,4.046944556859572,-0.6744907594765952,0.0,-0.6744907594765952,0.0,-0.6744907594765952,0.0,1
-1.3489815189531904,-2.3607176581680833,-1.6862268986914881,-2.023472278429786,-1.011736139214893,0.0,0.0,0.3372453797382976,-0.6744907594765952,0.0,-0.6744907594765952,0.0,-0.6744907594765952,0.0,-1.3489815189531904,0.0,1.011736139214893,1.5738117721120555,0.3372453797382976,1.011736139214893,0.3372453797382976,2.023472278429786,0.0,-0.3372453797382976,0.0,2.697963037906381,-1.3489815189531904,-1.233866149211153,0.0,0.6744907594765952,2.023472278429786,2.664594203248207,1
-0.6744907594765952,-0.3372453797382976,-0.6744907594765952,-0.6744907594765952,-0.3372453797382976,0.0,0.0,-1.011736139214893,2.023472278429786,4.046944556859572,-0.6744907594765952,0.0,-0.6744907594765952,0.0,-0.6744907594765952,0.0,-0.3372453797382976,0.6744907594765952,-0.3372453797382976,1.011736139214893,-0.3372453797382976,0.0,0.0,-1.011736139214893,2.023472278429786,4.046944556859572,-0.6744907594765952,0.0,-0.6744907594765952,0.0,-0.6744907594765952,-0.6661485508120517,1
-1.011736139214893,-1.3489815189531904,-1.3489815189531904,-1.3489815189531904,-1.011736139214893,0.0,0.0,-0.6744907594765952,2.023472278429786,0.0,-0.6744907594765952,0.0,-0.6744907594765952,0.0,0.6744907594765952,0.0,-1.3489815189531904,0.0,-1.6862268986914881,-0.3372453797382976,-1.011736139214893,0.0,0.0,0.3372453797382976,-0.6744907594765952,0.0,-0.6744907594765952,0.0,-0.6744907594765952,0.0,-1.3489815189531904,0.0,1
-1.011736139214893,-1.011736139214893,-1.6862268986914881,-0.3372453797382976,-1.011736139214893,0.0,0.0,0.3372453797382976,-0.6744907594765952,0.0,-0.6744907594765952,0.0,-0.6744907594765952,0.0,-1.3489815189531904,0.0,-1.3489815189531904,-1.5738117721120555,-1.6862268986914881,-1.6862268986914881,-1.011736139214893,0.0,0.0,0.3372453797382976,-0.6744907594765952,0.0,-0.6744907594765952,0.0,-0.6744907594765952,0.0,-1.3489815189531904,0.0,1
0.6744907594765952,0.3372453797382976,0.6744907594765952,1.3489815189531904,1.3489815189531904,0.6744907594765952,1.3489815189531904,0.3372453797382976,0.0,0.0,0.0,0.0,0.3372453797382976,-0.6744907594765952,4.721435316336167,-0.6675387723151709,-1.3489815189531904,-0.22483025315886507,-1.6862268986914881,-0.3372453797382976,-1.011736139214893,0.0,0.0,0.6744907594765952,-1.3489815189531904,0.0,-0.6744907594765952,0.0,-0.6744907594765952,0.0,-1.3489815189531904,0.0,1
-0.3372453797382976,-0.3372453797382976,-0.3372453797382976,-0.6744907594765952,-0.3372453797382976,0.0,0.0,-1.011736139214893,1.3489815189531904,4.046944556859572,-0.6744907594765952,0.0,-0.6744907594765952,0.0,-0.6744907594765952,-0.6675387723151709,-1.011736139214893,-0.44966050631773014,-1.3489815189531904,-0.3372453797382976,-0.6744907594765952,0.0,0.0,-0.6744907594765952,1.3489815189531904,0.0,-0.6744907594765952,0.0,-0.6744907594765952,0.0,0.0,0.0,1
-0.6744907594765952,0.6744907594765952,-1.011736139214893,0.0,-0.3372453797382976,0.0,0.0,-1.011736139214893,2.023472278429786,0.0,-0.6744907594765952,0.0,-0.6744907594765952,0.0,0.6744907594765952,0.0,1.011736139214893,1.1241512657943253,0.0,0.6744907594765952,0.0,2.023472278429786,-1.3489815189531904,0.3372453797382976,0.0,3.3724537973829762,-2.697963037906381,-0.6169330746055764,0.3372453797382976,0.0,2.023472278429786,1.3322971016241034,1
-0.3372453797382976,1.3489815189531904,0.0,0.6744907594765952,1.011736139214893,2.023472278429786,-0.6744907594765952,-0.6744907594765952,-0.6744907594765952,1.3489815189531904,-2.023472278429786,-2.5339540848905426,0.3372453797382976,0.0,2.023472278429786,0.0,-1.011736139214893,0.6744907594765952,-1.6862268986914881,0.6744907594765952,-1.011736139214893,0.0,0.0,0.3372453797382976,-0.6744907594765952,0.0,-0.6744907594765952,0.0,-0.6744907594765952,0.0,-1.3489815189531904,0.0,1
-0.6744907594765952,-0.6744907594765952,-1.6862268986914881,0.3372453797382976,-1.011736139214893,0.0,0.0,0.3372453797382976,-0.6744907594765952,0.0,-0.6744907594765952,0.0,-0.6744907594765952,0.0,-1.3489815189531904,0.0,0.3372453797382976,0.44966050631773014,0.3372453797382976,0.3372453797382976,0.3372453797382976,-1.3489815189531904,0.0,0.0,1.3489815189531904,0.0,-0.6744907594765952,2.467732298422306,-0.6744907594765952,0.0,1.3489815189531904,0.6661485508120517,1
0.3372453797382976,0.0,0.3372453797382976,0.6744907594765952,1.011736139214893,0.0,1.3489815189531904,0.3372453797382976,0.0,0.6744907594765952,0.0,-0.6334885212226357,0.6744907594765952,0.0,4.721435316336167,1.3350775446303418,-1.3489815189531904,-0.22483025315886507,-1.6862268986914881,-0.3372453797382976,-1.011736139214893,0.0,0.0,0.3372453797382976,-0.6744907594765952,0.0,-0.6744907594765952,0.0,-0.6744907594765952,0.0,-1.3489815189531904,0.0,1
-0.3372453797382976,1.011736139214893,-0.3372453797382976,0.3372453797382976,0.0,1.3489815189531904,-1.3489815189531904,-1.011736139214893,1.3489815189531904,4.046944556859572,-1.3489815189531904,0.6334885212226357,-0.6744907594765952,-0.6744907594765952,0.0,0.6675387723151709,0.0,0.6744907594765952,0.3372453797382976,1.011736139214893,1.3489815189531904,0.6744907594765952,1.3489815189531904,0.0,0.0,1.3489815189531904,-1.3489815189531904,-2.467732298422306,1.3489815189531904,0.6744907594765952,3.3724537973829762,-3.99689130487231,1
-1.3489815189531904,-2.3607176581680833,-1.6862268986914881,-2.023472278429786,-1.011736139214893,0.0,0.0,0.3372453797382976,-0.6744907594765952,0.0,-0.6744907594765952,0.0,-0.6744907594765952,0.0,-1.3489815189531904,0.0,-1.011736139214893,0.44966050631773014,-1.6862268986914881,0.3372453797382976,-1.011736139214893,0.0,0.0,0.3372453797382976,-0.6744907594765952,0.0,-0.6744907594765952,0.0,-0.6744907594765952,0.0,-1.3489815189531904,0.0,1
-0.6744907594765952,0.0,-0.6744907594765952,-0.3372453797382976,-0.3372453797382976,0.0,0.0,-1.011736139214893,0.6744907594765952,4.046944556859572,-0.6744907594765952,0.0,-0.6744907594765952,0.0,-0.6744907594765952,0.0,-1.3489815189531904,-1.5738117721120555,-1.6862268986914881,-1.6862268986914881,-1.011736139214893,0.0,0.0,0.3372453797382976,-0.6744907594765952,0.0,-0.6744907594765952,0.0,-0.6744907594765952,0.0,-1.3489815189531904,0.0,1
-1.011736139214893,-0.3372453797382976,-1.3489815189531904,-0.6744907594765952,-0.3372453797382976,0.0,0.0,-1.011736139214893,1.3489815189531904,0.0,-0.6744907594765952,0.0,-0.6744907594765952,0.0,0.6744907594765952,0.0,-1.011736139214893,-0.22483025315886507,-1.011736139214893,-0.3372453797382976,-0.3372453797382976,0.0,0.0,-0.6744907594765952,2.023472278429786,0.0,-0.6744907594765952,0.6169330746055764,-0.6744907594765952,0.0,0.6744907594765952,0.0,1
1.011736139214893,1.6862268986914881,0.0,0.0,-0.3372453797382976,2.023472278429786,-1.3489815189531904,1.011736139214893,-0.6744907594765952,4.046944556859572,-2.697963037906381,0.6334885212226357,0.3372453797382976,0.0,1.3489815189531904,0.6675387723151709,-0.6744907594765952,-0.44966050631773014,-0.6744907594765952,-0.3372453797382976,-0.6744907594765952,0.0,0.0,-1.011736139214893,2.023472278429786,4.046944556859572,-0.6744907594765952,0.0,-0.6744907594765952,0.0,-0.6744907594765952,0.0,1
-1.011736139214893,1.3489815189531904,-1.6862268986914881,0.6744907594765952,-0.6744907594765952,0.0,0.0,0.6744907594765952,-1.3489815189531904,0.0,-0.6744907594765952,0.0,-0.6744907594765952,0.0,-1.3489815189531904,0.0,-0.3372453797382976,-0.44966050631773014,0.0,0.3372453797382976,0.3372453797382976,0.6744907594765952,0.0,0.3372453797382976,0.6744907594765952,-0.6744907594765952,-0.6744907594765952,-0.6169330746055764,0.3372453797382976,0.6744907594765952,4.046944556859572,0.6661485508120517,1
-1.011736139214893,-1.011736139214893,-1.011736139214893,-1.3489815189531904,-0.6744907594765952,0.0,0.0,-0.6744907594765952,1.3489815189531904,4.046944556859572,-0.6744907594765952,0.0,-0.6744907594765952,0.0,-0.6744907594765952,0.0,-1.3489815189531904,-1.3489815189531904,-1.3489815189531904,-1.011736139214893,-0.6744907594765952,0.0,0.0,-0.6744907594765952,0.6744907594765952,0.0,-0.6744907594765952,0.0,-0.6744907594765952,0.0,0.0,0.0,1
-1.3489815189531904,-2.023472278429786,-1.6862268986914881,-1.6862268986914881,-1.011736139214893,0.0,0.0,0.3372453797382976,-0.6744907594765952,0.0,-0.6744907594765952,0.0,-0.6744907594765952,0.0,-1.3489815189531904,0.0,0.3372453797382976,1.1241512657943253,0.0,0.3372453797382976,0.0,-0.6744907594765952,2.697963037906381,0.0,0.0,4.046944556859572,-0.6744907594765952,-2.467732298422306,-0.3372453797382976,0.0,2.023472278429786,0.0,1
-1.011736139214893,-0.6744907594765952,-1.6862268986914881,0.3372453797382976,-1.011736139214893,0.0,0.0,0.3372453797382976,-0.6744907594765952,0.0,-0.6744907594765952,0.0,-0.6744907594765952,0.0,-1.3489815189531904,0.0,-0.6744907594765952,0.6744907594765952,-1.011736139214893,1.011736139214893,-0.3372453797382976,0.0,0.0,-1.011736139214893,2.023472278429786,0.0,-0.6744907594765952,0.0,-0.6744907594765952,0.0,0.6744907594765952,0.0,1
-1.3489815189531904,-1.3489815189531904,-1.3489815189531904,-1.3489815189531904,-0.6744907594765952,0.0,0.0,-0.6744907594765952,0.6744907594765952,0.0,-0.6744907594765952,0.0,-0.6744907594765952,0.0,0.0,0.0,-1.011736139214893,-0.22483025315886507,-1.6862268986914881,-0.3372453797382976,-0.6744907594765952,0.0,0.0,0.6744907594765952,-1.3489815189531904,0.0,-0.6744907594765952,0.0,-0.6744907594765952,0.0,-1.3489815189531904,0.0,1
-0.3372453797382976,1.011736139214893,-0.3372453797382976,0.6744907594765952,-0.3372453797382976,0.0,0.0,-1.011736139214893,2.023472278429786,4.046944556859572,-0.6744907594765952,0.0,-0.6744907594765952,0.0,-0.6744907594765952,0.0,-1.011736139214893,0.44966050631773014,-1.3489815189531904,0.6744907594765952,-0.3372453797382976,0.6744907594765952,0.0,-1.011736139214893,2.023472278429786,0.0,-0.6744907594765952,-0.6169330746055764,-0.6744907594765952,0.0,0.6744907594765952,-0.6661485508120517,1
-1.011736139214893,0.3372453797382976,-1.011736139214893,0.0,-0.3372453797382976,0.0,0.0,-1.011736139214893,1.3489815189531904,0.0,-0.6744907594765952,0.0,-0.6744907594765952,0.0,0.0,0.0,-1.3489815189531904,-1.3489815189531904,-1.6862268986914881,-1.3489815189531904,-1.011736139214893,0.0,0.0,0.3372453797382976,-0.6744907594765952,0.0,-0.6744907594765952,0.0,-0.6744907594765952,0.0,-1.3489815189531904,0.0,1
-0.3372453797382976,0.6744907594765952,-0.3372453797382976,0.3372453797382976,0.0,0.6744907594765952,-0.6744907594765952,-1.011736139214893,1.3489815189531904,4.046944556859572,-0.6744907594765952,0.6334885212226357,-0.6744907594765952,-0.6744907594765952,0.0,-0.6675387723151709,-0.6744907594765952,0.8993210126354603,-1.011736139214893,1.011736139214893,0.3372453797382976,0.0,0.0,-1.011736139214893,1.3489815189531904,0.0,-0.6744907594765952,0.0,-0.6744907594765952,0.0,0.0,0.0,1
1.011736139214893,1.6862268986914881,0.0,0.0,0.0,2.697963037906381,-2.023472278429786,0.6744907594765952,0.0,4.046944556859572,-2.697963037906381,0.0,0.3372453797382976,-0.6744907594765952,1.3489815189531904,0.6675387723151709,0.6744907594765952,1.1241512657943253,0.3372453797382976,0.6744907594765952,0.3372453797382976,1.3489815189531904,0.6744907594765952,-0.3372453797382976,0.0,2.697963037906381,-1.3489815189531904,-1.233866149211153,0.3372453797382976,0.6744907594765952,2.697963037906381,1.998445652436155,1
-1.3489815189531904,-2.3607176581680833,-1.6862268986914881,-2.023472278429786,-1.011736139214893,0.0,0.0,0.3372453797382976,-0.6744907594765952,0.0,-0.6744907594765952,0.0,-0.6744907594765952,0.0,-1.3489815189531904,0.0,-1.011736139214893,-0.6744907594765952,-1.011736139214893,-0.6744907594765952,-0.6744907594765952,0.0,0.0,-1.011736139214893,1.3489815189531904,4.046944556859572,-0.6744907594765952,0.0,-0.6744907594765952,0.0,-0.6744907594765952,0.0,1
0.0,0.0,0.3372453797382976,0.6744907594765952,1.011736139214893,0.6744907594765952,1.3489815189531904,0.3372453797382976,0.0,0.0,0.0,0.6334885212226357,0.3372453797382976,-1.3489815189531904,4.046944556859572,-0.6675387723151709,0.0,-0.22483025315886507,0.3372453797382976,0.6744907594765952,0.6744907594765952,1.3489815189531904,0.6744907594765952,0.6744907594765952,0.6744907594765952,0.0,-0.6744907594765952,0.0,0.3372453797382976,0.6744907594765952,4.046944556859572,0.0,1
-0.6744907594765952,0.6744907594765952,-1.011736139214893,0.3372453797382976,-0.3372453797382976,0.0,0.0,-1.011736139214893,2.023472278429786,0.0,-0.6744907594765952,0.0,-0.6744907594765952,0.0,0.6744907594765952,0.0,-1.011736139214893,-0.6744907594765952,-1.011736139214893,-1.011736139214893,-0.6744907594765952,0.0,0.0,-0.6744907594765952,1.3489815189531904,4.046944556859572,-0.6744907594765952,0.0,-0.6744907594765952,0.0,-0.6744907594765952,0.0,1
-1.011736139214893,-1.3489815189531904,-1.6862268986914881,-1.3489815189531904,-1.011736139214893,0.0,0.0,-0.6744907594765952,1.3489815189531904,0.0,-0.6744907594765952,0.0,-0.6744907594765952,0.0,0.0,0.0,-1.011736139214893,-0.44966050631773014,-1.3489815189531904,-0.6744907594765952,-0.6744907594765952,0.0,0.0,-0.6744907594765952,1.3489815189531904,0.0,-0.6744907594765952,0.0,-0.6744907594765952,0.0,0.6744907594765952,0.0,1
-0.6744907594765952,-0.6744907594765952,-0.3372453797382976,-0.6744907594765952,-0.6744907594765952,0.0,0.0,-1.011736139214893,2.023472278429786,4.721435316336167,-0.6744907594765952,0.6334885212226357,-0.6744907594765952,0.0,-0.6744907594765952,0.0,-0.3372453797382976,0.44966050631773014,0.0,0.3372453797382976,-0.3372453797382976,0.0,1.3489815189531904,-1.011736139214893,2.023472278429786,4.721435316336167,-0.6744907594765952,-1.8507992238167295,-0.6744907594765952,0.6744907594765952,0.0,-0.6661485508120517,1
-1.011736139214893,-2.023472278429786,-1.3489815189531904,-1.011736139214893,-1.011736139214893,0.0,0.0,-0.6744907594765952,2.023472278429786,0.0,-0.6744907594765952,0.0,-0.6744907594765952,0.0,0.6744907594765952,0.0,-1.011736139214893,-0.8993210126354603,-1.011736139214893,-1.011736139214893,-0.6744907594765952,0.0,0.6744907594765952,-0.6744907594765952,1.3489815189531904,4.046944556859572,-0.6744907594765952,0.0,-0.6744907594765952,0.0,-0.6744907594765952,-0.6661485508120517,1
-0.6744907594765952,0.6744907594765952,-1.011736139214893,0.3372453797382976,-0.3372453797382976,0.0,0.0,-1.011736139214893,2.023472278429786,0.0,-0.6744907594765952,0.6334885212226357,-0.6744907594765952,0.0,0.6744907594765952,0.0,-1.011736139214893,-1.3489815189531904,-1.3489815189531904,-0.6744907594765952,-0.6744907594765952,0.6744907594765952,0.0,-0.6744907594765952,1.3489815189531904,0.0,-0.6744907594765952,-0.6169330746055764,-0.6744907594765952,0.0,0.0,-0.6661485508120517,1
-1.011736139214893,0.6744907594765952,-1.011736139214893,0.0,0.0,0.6744907594765952,0.0,-1.011736139214893,1.3489815189531904,0.0,-0.6744907594765952,-0.6334885212226357,-0.6744907594765952,0.0,0.0,-0.6675387723151709,-1.011736139214893,0.44966050631773014,-1.6862268986914881,0.3372453797382976,-1.011736139214893,0.0,0.0,0.3372453797382976,-0.6744907594765952,0.0,-0.6744907594765952,0.0,-0.6744907594765952,0.0,-1.3489815189531904,0.0,1
-1.011736139214893,-0.6744907594765952,-1.011736139214893,-0.6744907594765952,-0.6744907594765952,0.0,0.6744907594765952,-1.011736139214893,1.3489815189531904,4.046944556859572,-0.6744907594765952,-0.6334885212226357,-0.6744907594765952,0.0,-0.6744907594765952,-0.6675387723151709,-0.3372453797382976,0.6744907594765952,-0.3372453797382976,0.6744907594765952,-0.3372453797382976,0.0,0.0,-1.011736139214893,2.023472278429786,4.721435316336167,-0.6744907594765952,0.0,-0.6744907594765952,0.0,-0.6744907594765952,0.0,1
-1.3489815189531904,-2.3607176581680833,-1.6862268986914881,-2.023472278429786,-1.011736139214893,0.0,0.0,0.3372453797382976,-0.6744907594765952,0.0,-0.6744907594765952,0.0,-0.6744907594765952,0.0,-1.3489815189531904,0.0,0.0,0.6744907594765952,0.0,1.011736139214893,0.0,-1.3489815189531904,1.3489815189531904,-1.011736139214893,1.3489815189531904,4.046944556859572,0.0,-1.233866149211153,0.0,0.6744907594765952,0.6744907594765952,-1.3322971016241034,1
-1.011736139214893,1.011736139214893,-1.011736139214893,0.6744907594765952,-0.3372453797382976,0.0,0.0,-1.011736139214893,2.023472278429786,0.0,-0.6744907594765952,0.0,-0.6744907594765952,0.0,0.6744907594765952,0.0,-1.011736139214893,-0.6744907594765952,-1.6862268986914881,0.0,-1.011736139214893,0.0,0.0,0.3372453797382976,-0.6744907594765952,0.0,-0.6744907594765952,0.0,-0.6744907594765952,0.0,-1.3489815189531904,0.0,1
-1.011736139214893,0.3372453797382976,-1.011736139214893,0.0,-0.3372453797382976,0.0,0.0,-1.011736139214893,1.3489815189531904,0.0,-0.6744907594765952,0.0,-0.6744907594765952,0.0,0.0,0.0,-1.011736139214893,-0.8993210126354603,-1.011736139214893,-1.011736139214893,-0.6744907594765952,0.0,0.6744907594765952,-1.011736139214893,0.6744907594765952,4.046944556859572,-0.6744907594765952,-0.6169330746055764,-0.6744907594765952,0.0,-1.3489815189531904,-0.6661485508120517,1
-0.6744907594765952,0.6744907594765952,-0.6744907594765952,0.3372453797382976,0.0,0.0,0.0,-1.011736139214893,1.3489815189531904,0.0,-0.6744907594765952,0.0,-0.6744907594765952,0.0,0.6744907594765952,0.0,-1.011736139214893,-0.22483025315886507,-0.6744907594765952,-0.3372453797382976,0.0,1.3489815189531904,-0.6744907594765952,0.0,-0.6744907594765952,0.0,-0.6744907594765952,-1.8507992238167295,0.3372453797382976,0.0,2.023472278429786,-1.998445652436155,1
-0.6744907594765952,-1.6862268986914881,-1.3489815189531904,-0.6744907594765952,-0.6744907594765952,0.0,0.0,-0.6744907594765952,1.3489815189531904,0.0,-0.6744907594765952,0.0,-0.6744907594765952,0.0,0.6744907594765952,0.0,-0.6744907594765952,0.22483025315886507,0.0,0.3372453797382976,0.6744907594765952,1.3489815189531904,-0.6744907594765952,0.0,0.0,0.6744907594765952,-1.3489815189531904,-1.8507992238167295,1.011736139214893,0.0,2.023472278429786,-1.998445652436155,1
-0.6744907594765952,0.3372453797382976,-0.6744907594765952,0.0,-0.3372453797382976,1.3489815189531904,-0.6744907594765952,-1.011736139214893,1.3489815189531904,4.046944556859572,-1.3489815189531904,0.6334885212226357,-0.6744907594765952,0.0,-0.6744907594765952,0.0,-0.6744907594765952,0.8993210126354603,-1.011736139214893,1.011736139214893,-0.3372453797382976,0.0,0.0,-1.011736139214893,2.697963037906381,0.0,-0.6744907594765952,0.0,-0.6744907594765952,0.0,0.6744907594765952,0.0,1
-1.011736139214893,0.0,-1.6862268986914881,-0.6744907594765952,-1.011736139214893,0.0,0.0,0.3372453797382976,-0.6744907594765952,0.0,-0.6744907594765952,0.0,-0.6744907594765952,0.0,-1.3489815189531904,0.0,-1.011736139214893,-0.6744907594765952,-1.3489815189531904,-0.6744907594765952,-0.6744907594765952,0.0,0.0,-0.6744907594765952,2.023472278429786,0.0,-0.6744907594765952,0.6169330746055764,-0.6744907594765952,0.0,0.6744907594765952,0.0,1
-0.3372453797382976,0.6744907594765952,-0.3372453797382976,0.3372453797382976,0.0,0.6744907594765952,-0.6744907594765952,-1.011736139214893,1.3489815189531904,4.046944556859572,-0.6744907594765952,0.6334885212226357,-0.6744907594765952,-0.6744907594765952,0.0,-0.6675387723151709,-1.011736139214893,-0.6744907594765952,-1.011736139214893,-0.6744907594765952,-0.6744907594765952,0.0,0.0,-1.011736139214893,1.3489815189531904,4.046944556859572,-0.6744907594765952,0.0,-0.6744907594765952,0.0,-0.6744907594765952,0.0,1
-1.3489815189531904,-0.3372453797382976,-1.6862268986914881,-0.6744907594765952,-1.011736139214893,0.0,0.0,0.3372453797382976,-0.6744907594765952,0.0,-0.6744907594765952,0.0,-0.6744907594765952,0.0,-1.3489815189531904,0.0,-1.3489815189531904,-1.5738117721120555,-1.6862268986914881,-1.6862268986914881,-1.011736139214893,0.0,0.0,0.3372453797382976,-0.6744907594765952,0.0,-0.6744907594765952,0.0,-0.6744907594765952,0.0,-1.3489815189531904,0.0,1
-1.011736139214893,-1.011736139214893,-1.6862268986914881,0.0,-1.011736139214893,0.0,0.0,0.3372453797382976,-0.6744907594765952,0.0,-0.6744907594765952,0.0,-0.6744907594765952,0.0,-1.3489815189531904,0.0,1.3489815189531904,1.5738117721120555,0.0,1.011736139214893,0.0,2.023472278429786,-2.023472278429786,0.3372453797382976,1.3489815189531904,2.697963037906381,-3.3724537973829762,-0.6169330746055764,0.3372453797382976,-0.6744907594765952,2.023472278429786,1.998445652436155,1
-1.011736139214893,-1.011736139214893,-1.6862268986914881,0.0,-1.011736139214893,0.0,0.0,0.3372453797382976,-0.6744907594765952,0.0,-0.6744907594765952,0.0,-0.6744907594765952,0.0,-1.3489815189531904,0.0,-1.3489815189531904,0.0,-1.6862268986914881,0.0,-1.011736139214893,0.0,0.0,0.3372453797382976,-0.6744907594765952,0.0,-0.6744907594765952,0.0,-0.6744907594765952,0.0,-1.3489815189531904,0.0,1
-0.6744907594765952,0.3372453797382976,-0.6744907594765952,0.0,-0.6744907594765952,0.0,0.0,-1.011736139214893,2.023472278429786,4.721435316336167,-0.6744907594765952,0.0,-0.6744907594765952,0.0,-0.6744907594765952,-0.6675387723151709,-0.6744907594765952,0.44966050631773014,-1.011736139214893,0.3372453797382976,0.0,0.0,0.0,-1.011736139214893,1.3489815189531904,0.0,-0.6744907594765952,0.0,-0.6744907594765952,0.0,0.0,0.0,1
-1.3489815189531904,-2.3607176581680833,-1.6862268986914881,-2.023472278429786,-1.011736139214893,0.0,0.0,0.3372453797382976,-0.6744907594765952,0.0,-0.6744907594765952,0.0,-0.6744907594765952,0.0,-1.3489815189531904,0.0,-1.011736139214893,-0.44966050631773014,-1.011736139214893,-0.6744907594765952,-0.6744907594765952,0.0,0.0,-1.011736139214893,1.3489815189531904,4.046944556859572,-0.6744907594765952,0.0,-0.6744907594765952,0.0,-1.3489815189531904,0.0,1
-0.6744907594765952,1.011736139214893,-0.6744907594765952,0.6744907594765952,0.3372453797382976,0.0,0.0,-1.011736139214893,1.3489815189531904,0.0,-0.6744907594765952,0.0,-0.6744907594765952,0.0,0.6744907594765952,0.0,0.3372453797382976,0.8993210126354603,-0.3372453797382976,0.3372453797382976,-0.3372453797382976,0.6744907594765952,0.6744907594765952,-0.3372453797382976,0.0,4.046944556859572,-2.023472278429786,-1.8507992238167295,0.0,0.6744907594765952,2.023472278429786,0.6661485508120517,1
-1.011736139214893,-1.3489815189531904,-1.3489815189531904,-1.3489815189531904,-1.011736139214893,0.0,0.6744907594765952,-1.011736139214893,0.6744907594765952,3.3724537973829762,-0.6744907594765952,0.0,-0.6744907594765952,0.0,-1.3489815189531904,-0.6675387723151709,0.0,0.6744907594765952,0.3372453797382976,1.011736139214893,0.3372453797382976,-1.3489815189531904,-0.6744907594765952,-0.3372453797382976,0.6744907594765952,0.0,0.0,2.467732298422306,-0.6744907594765952,0.6744907594765952,1.3489815189531904,0.6661485508120517,1
-0.6744907594765952,0.3372453797382976,-0.6744907594765952,0.0,-0.3372453797382976,-0.6744907594765952,0.6744907594765952,-1.011736139214893,0.6744907594765952,4.046944556859572,0.0,-0.6334885212226357,-0.6744907594765952,0.0,-0.6744907594765952,-0.6675387723151709,-1.011736139214893,0.6744907594765952,-1.6862268986914881,0.6744907594765952,-1.011736139214893,0.0,0.0,0.3372453797382976,-0.6744907594765952,0.0,-0.6744907594765952,0.0,-0.6744907594765952,0.0,-1.3489815189531904,0.0,1
-1.011736139214893,-1.3489815189531904,-1.3489815189531904,-1.3489815189531904,-1.011736139214893,0.0,0.0,-0.6744907594765952,1.3489815189531904,0.0,-0.6744907594765952,0.6334885212226357,-0.6744907594765952,0.0,0.0,0.0,-0.6744907594765952,0.0,-1.011736139214893,0.0,-0.6744907594765952,0.0,0.0,-1.011736139214893,1.3489815189531904,4.046944556859572,-0.6744907594765952,0.0,-0.6744907594765952,0.0,-0.6744907594765952,0.0,1
-1.3489815189531904,0.0,-1.6862268986914881,-0.6744907594765952,-1.011736139214893,0.0,0.0,0.3372453797382976,-0.6744907594765952,0.0,-0.6744907594765952,0.0,-0.6744907594765952,0.0,-1.3489815189531904,0.0,-0.6744907594765952,0.22483025315886507,-0.6744907594765952,0.3372453797382976,-0.3372453797382976,0.0,0.0,-1.011736139214893,2.023472278429786,4.046944556859572,-0.6744907594765952,0.0,-0.6744907594765952,0.0,-0.6744907594765952,-0.6661485508120517,1
-0.3372453797382976,0.0,-0.3372453797382976,-0.3372453797382976,-0.3372453797382976,0.0,1.3489815189531904,-1.011736139214893,1.3489815189531904,4.046944556859572,-0.6744907594765952,-1.2669770424452713,-0.6744907594765952,0.6744907594765952,0.0,-0.6675387723151709,-0.3372453797382976,0.0,-0.3372453797382976,0.0,-0.3372453797382976,-0.6744907594765952,0.6744907594765952,-1.011736139214893,1.3489815189531904,4.046944556859572,0.0,0.0,-0.6744907594765952,0.0,-0.6744907594765952,-0.6661485508120517,1
-0.6744907594765952,-0.6744907594765952,-0.6744907594765952,-1.011736139214893,-0.6744907594765952,0.0,0.6744907594765952,-0.6744907594765952,1.3489815189531904,4.721435316336167,-0.6744907594765952,-0.6334885212226357,-0.6744907594765952,0.0,-0.6744907594765952,-0.6675387723151709,-1.011736139214893,0.44966050631773014,-1.6862268986914881,0.3372453797382976,-0.6744907594765952,0.0,0.0,0.6744907594765952,-1.3489815189531904,0.0,-0.6744907594765952,0.0,-0.6744907594765952,0.0,-1.3489815189531904,0.0,1
-0.3372453797382976,0.3372453797382976,-0.3372453797382976,0.0,-0.3372453797382976,0.0,0.0,-1.011736139214893,2.023472278429786,4.721435316336167,-0.6744907594765952,0.0,-0.6744907594765952,0.0,-0.6744907594765952,0.0,-1.011736139214893,0.22483025315886507,-1.6862268986914881,0.3372453797382976,-0.6744907594765952,0.0,0.0,0.6744907594765952,-1.3489815189531904,0.0,-0.6744907594765952,0.0,-0.6744907594765952,0.0,-1.3489815189531904,0.0,1
-0.6744907594765952,0.6744907594765952,-1.011736139214893,0.3372453797382976,0.0,0.0,0.0,-1.011736139214893,1.3489815189531904,0.0,-0.6744907594765952,0.0,-0.6744907594765952,0.0,0.6744907594765952,0.0,-1.011736139214893,-0.44966050631773014,-0.6744907594765952,-0.3372453797382976,-0.6744907594765952,0.0,0.0,-1.011736139214893,1.3489815189531904,4.046944556859572,-0.6744907594765952,0.0,-0.6744907594765952,0.0,-0.6744907594765952,0.0,1
-1.3489815189531904,-2.3607176581680833,-1.6862268986914881,-1.6862268986914881,-1.011736139214893,0.0,0.0,0.3372453797382976,-0.6744907594765952,0.0,-0.6744907594765952,0.0,-0.6744907594765952,0.0,-1.3489815189531904,0.0,-0.6744907594765952,0.22483025315886507,-1.011736139214893,0.3372453797382976,-0.3372453797382976,0.0,0.0,-1.011736139214893,1.3489815189531904,0.0,-0.6744907594765952,0.0,-0.6744907594765952,0.0,0.6744907594765952,0.0,1
-0.6744907594765952,-0.6744907594765952,-1.3489815189531904,-1.011736139214893,-0.6744907594765952,0.0,0.0,-0.6744907594765952,1.3489815189531904,0.0,-0.6744907594765952,0.0,-0.6744907594765952,0.0,0.6744907594765952,0.0,-0.3372453797382976,0.44966050631773014,-0.3372453797382976,0.3372453797382976,0.0,0.6744907594765952,0.0,-1.011736139214893,1.3489815189531904,4.046944556859572,-0.6744907594765952,0.0,-0.6744907594765952,0.0,-0.6744907594765952,0.0,1
-0.3372453797382976,0.6744907594765952,-0.3372453797382976,0.3372453797382976,-0.3372453797382976,0.0,0.0,-1.011736139214893,2.023472278429786,4.721435316336167,-0.6744907594765952,0.0,-0.6744907594765952,0.0,-0.6744907594765952,0.0,-1.011736139214893,-1.1241512657943253,-1.3489815189531904,-0.6744907594765952,-0.6744907594765952,0.0,0.0,-0.6744907594765952,1.3489815189531904,0.0,-0.6744907594765952,0.0,-0.6744907594765952,0.0,0.0,0.0,1
-0.3372453797382976,0.3372453797382976,0.3372453797382976,0.0,0.6744907594765952,0.6744907594765952,0.6744907594765952,0.3372453797382976,0.0,1.3489815189531904,-0.6744907594765952,-2.5339540848905426,1.011736139214893,1.3489815189531904,1.3489815189531904,-1.3350775446303418,0.0,0.6744907594765952,0.3372453797382976,1.011736139214893,1.3489815189531904,2.023472278429786,0.6744907594765952,-0.3372453797382976,0.6744907594765952,1.3489815189531904,-2.023472278429786,-2.467732298422306,0.6744907594765952,0.0,3.3724537973829762,-2.664594203248207,1
-1.3489815189531904,-2.3607176581680833,-1.6862268986914881,-2.023472278429786,-1.011736139214893,0.0,0.0,0.3372453797382976,-0.6744907594765952,0.0,-0.6744907594765952,0.0,-0.6744907594765952,0.0,-1.3489815189531904,0.0,0.6744907594765952,1.5738117721120555,0.3372453797382976,1.011736139214893,0.0,0.6744907594765952,0.0,-0.3372453797382976,0.0,4.046944556859572,-2.023472278429786,-1.8507992238167295,0.0,0.0,2.697963037906381,1.3322971016241034,1
-0.6744907594765952,-0.3372453797382976,-0.6744907594765952,-0.6744907594765952,-0.3372453797382976,0.0,0.6744907594765952,-1.011736139214893,1.3489815189531904,4.046944556859572,-0.6744907594765952,0.0,-0.6744907594765952,0.0,-0.6744907594765952,0.0,-0.3372453797382976,0.44966050631773014,0.0,0.3372453797382976,0.6744907594765952,1.3489815189531904,-1.3489815189531904,0.0,0.0,0.0,-0.6744907594765952,-1.8507992238167295,1.3489815189531904,-1.3489815189531904,2.023472278429786,-1.3322971016241034,1
-1.011736139214893,-0.6744907594765952,-0.6744907594765952,-0.6744907594765952,-0.6744907594765952,0.0,0.0,-1.011736139214893,1.3489815189531904,4.046944556859572,-0.6744907594765952,0.0,-0.6744907594765952,0.0,-0.6744907594765952,0.0,-1.011736139214893,-0.6744907594765952,-1.011736139214893,-0.6744907594765952,-0.6744907594765952,0.0,0.6744907594765952,-1.011736139214893,1.3489815189531904,4.046944556859572,-0.6744907594765952,0.0,-0.6744907594765952,0.0,-0.6744907594765952,-0.6661485508120517,1
-1.011736139214893,-1.011736139214893,-1.011736139214893,-1.011736139214893,-0.6744907594765952,0.0,0.6744907594765952,-1.011736139214893,1.3489815189531904,4.046944556859572,-0.6744907594765952,0.0,-0.6744907594765952,0.0,-0.6744907594765952,-0.6675387723151709,-1.3489815189531904,-1.3489815189531904,-1.6862268986914881,-1.3489815189531904,-1.011736139214893,0.0,0.0,0.3372453797382976,-0.6744907594765952,0.0,-0.6744907594765952,0.0,-0.6744907594765952,0.0,-1.3489815189531904,0.0,1
-1.011736139214893,-1.3489815189531904,-1.3489815189531904,-1.3489815189531904,-1.011736139214893,0.0,0.0,-0.3372453797382976,0.6744907594765952,0.0,-0.6744907594765952,0.0,-0.6744907594765952,0.0,0.0,0.0,-1.3489815189531904,-0.8993210126354603,-1.3489815189531904,-1.3489815189531904,-1.011736139214893,0.0,0.0,-0.6744907594765952,0.6744907594765952,4.046944556859572,-0.6744907594765952,0.0,-0.6744907594765952,0.0,-1.3489815189531904,-0.6661485508120517,1
-1.3489815189531904,0.6744907594765952,-1.6862268986914881,0.0,-1.011736139214893,0.0,0.0,0.3372453797382976,-0.6744907594765952,0.0,-0.6744907594765952,0.0,-0.6744907594765952,0.0,-1.3489815189531904,0.0,-1.011736139214893,-0.22483025315886507,-1.6862268986914881,1.011736139214893,-0.6744907594765952,0.0,0.0,0.3372453797382976,-0.6744907594765952,0.0,-0.6744907594765952,0.0,-0.6744907594765952,0.0,-1.3489815189531904,0.0,1
0.3372453797382976,1.011736139214893,0.3372453797382976,0.6744907594765952,0.0,1.3489815189531904,-0.6744907594765952,-0.3372453797382976,1.3489815189531904,0.0,-0.6744907594765952,-1.900465563667907,-0.6744907594765952,0.0,1.3489815189531904,-0.6675387723151709,-1.011736139214893,0.44966050631773014,-1.6862268986914881,0.3372453797382976,-1.011736139214893,0.0,0.0,0.3372453797382976,-0.6744907594765952,0.0,-0.6744907594765952,0.0,-0.6744907594765952,0.0,-1.3489815189531904,0.0,1
0.0,0.3372453797382976,0.0,0.0,0.0,-0.6744907594765952,-0.6744907594765952,-0.3372453797382976,1.3489815189531904,0.0,-0.6744907594765952,1.2669770424452713,-0.6744907594765952,0.6744907594765952,1.3489815189531904,0.0,-0.6744907594765952,0.6744907594765952,-1.011736139214893,0.6744907594765952,-0.3372453797382976,0.0,0.0,-1.011736139214893,2.023472278429786,0.0,-0.6744907594765952,0.0,-0.6744907594765952,0.0,0.6744907594765952,0.0,1
-1.3489815189531904,-2.3607176581680833,-1.6862268986914881,-2.023472278429786,-1.011736139214893,0.0,0.0,0.3372453797382976,-0.6744907594765952,0.0,-0.6744907594765952,0.0,-0.6744907594765952,0.0,-1.3489815189531904,0.0,-1.011736139214893,0.44966050631773014,-1.6862268986914881,0.6744907594765952,-0.6744907594765952,0.0,0.0,0.6744907594765952,-1.3489815189531904,0.0,-0.6744907594765952,0.0,-0.6744907594765952,0.0,-1.3489815189531904,0.0,1
-1.011736139214893,0.6744907594765952,-1.011736139214893,0.0,0.0,0.6744907594765952,0.0,-1.011736139214893,1.3489815189531904,0.0,-0.6744907594765952,-0.6334885212226357,-0.6744907594765952,0.0,0.0,-0.6675387723151709,-0.3372453797382976,0.22483025315886507,-0.3372453797382976,0.3372453797382976,-0.3372453797382976,0.0,0.0,-1.011736139214893,2.023472278429786,4.721435316336167,-0.6744907594765952,0.0,-0.6744907594765952,0.0,-0.6744907594765952,0.0,1
-1.011736139214893,-0.6744907594765952,-1.3489815189531904,-0.6744907594765952,-0.6744907594765952,0.0,0.0,-0.6744907594765952,2.023472278429786,0.0,-0.6744907594765952,0.0,-0.6744907594765952,0.0,0.6744907594765952,0.0,-1.011736139214893,0.8993210126354603,-1.6862268986914881,1.011736139214893,-0.6744907594765952,0.0,0.0,0.6744907594765952,-1.3489815189531904,0.0,-0.6744907594765952,0.0,-0.6744907594765952,0.0,-1.3489815189531904,0.0,1
-1.011736139214893,-2.023472278429786,-1.3489815189531904,-1.3489815189531904,-0.6744907594765952,0.0,0.0,-0.6744907594765952,0.6744907594765952,0.0,-0.6744907594765952,0.0,-0.6744907594765952,0.0,0.0,0.0,1.011736139214893,0.8993210126354603,1.3489815189531904,1.011736139214893,1.011736139214893,2.023472278429786,-1.3489815189531904,-0.3372453797382976,1.3489815189531904,0.0,0.0,-2.467732298422306,-0.6744907594765952,0.6744907594765952,1.3489815189531904,-0.6661485508120517,1
-1.3489815189531904,0.0,-1.6862268986914881,-0.6744907594765952,-1.011736139214893,0.0,0.0,0.3372453797382976,-0.6744907594765952,0.0,-0.6744907594765952,0.0,-0.6744907594765952,0.0,-1.3489815189531904,0.0,-1.3489815189531904,-1.3489815189531904,-1.3489815189531904,-1.011736139214893,-1.011736139214893,0.0,0.0,-0.3372453797382976,0.6744907594765952,0.0,-0.6744907594765952,0.0,-0.6744907594765952,0.0,0.0,0.0,1
0.3372453797382976,-0.3372453797382976,0.6744907594765952,0.3372453797382976,1.011736139214893,0.0,1.3489815189531904,0.3372453797382976,0.0,0.0,0.0,-0.6334885212226357,0.3372453797382976,0.0,4.046944556859572,0.0,0.6744907594765952,0.8993210126354603,1.011736139214893,1.011736139214893,0.6744907594765952,2.023472278429786,-1.3489815189531904,-0.3372453797382976,0.6744907594765952,-0.6744907594765952,0.0,-2.467732298422306,-0.6744907594765952,1.3489815189531904,1.3489815189531904,-0.6661485508120517,1
-1.011736139214893,1.3489815189531904,-1.6862268986914881,0.6744907594765952,-0.6744907594765952,0.0,0.0,0.6744907594765952,-1.3489815189531904,0.0,-0.6744907594765952,0.0,-0.6744907594765952,0.0,-1.3489815189531904,0.0,-0.6744907594765952,0.0,-0.6744907594765952,0.0,-0.6744907594765952,0.0,-1.3489815189531904,-1.011736139214893,1.3489815189531904,4.721435316336167,0.0,1.233866149211153,-0.6744907594765952,-0.6744907594765952,-0.6744907594765952,0.0,1
-1.011736139214893,-1.011736139214893,-1.6862268986914881,0.0,-1.011736139214893,0.0,0.0,0.3372453797382976,-0.6744907594765952,0.0,-0.6744907594765952,0.0,-0.6744907594765952,0.0,-1.3489815189531904,0.0,0.3372453797382976,0.8993210126354603,-0.3372453797382976,0.3372453797382976,-0.3372453797382976,0.6744907594765952,0.6744907594765952,-0.3372453797382976,0.0,4.046944556859572,-2.023472278429786,-1.8507992238167295,0.0,0.6744907594765952,2.023472278429786,0.6661485508120517,1
-0.3372453797382976,1.011736139214893,-0.3372453797382976,0.6744907594765952,-0.3372453797382976,0.0,0.0,-1.011736139214893,2.023472278429786,4.046944556859572,-0.6744907594765952,0.0,-0.6744907594765952,0.0,-0.6744907594765952,0.0,-1.011736139214893,-0.44966050631773014,-1.6862268986914881,0.6744907594765952,-1.011736139214893,0.0,0.0,0.3372453797382976,-0.6744907594765952,0.0,-0.6744907594765952,0.0,-0.6744907594765952,0.0,-1.3489815189531904,0.0,1
-1.011736139214893,-0.6744907594765952,-1.011736139214893,-0.6744907594765952,-0.6744907594765952,0.0,0.0,-1.011736139214893,1.3489815189531904,4.046944556859572,-0.6744907594765952,0.0,-0.6744907594765952,0.0,-0.6744907594765952,-0.6675387723151709,0.0,0.8993210126354603,0.3372453797382976,1.011736139214893,0.0,0.0,0.0,-1.011736139214893,2.023472278429786,4.721435316336167,-0.6744907594765952,0.0,-0.6744907594765952,0.0,-0.6744907594765952,0.0,1
-0.6744907594765952,0.6744907594765952,-1.011736139214893,0.3372453797382976,-0.3372453797382976,0.0,0.0,-1.011736139214893,2.023472278429786,0.0,-0.6744907594765952,0.0,-0.6744907594765952,0.0,0.6744907594765952,0.0,-0.3372453797382976,0.6744907594765952,0.3372453797382976,1.011736139214893,1.3489815189531904,2.023472278429786,-0.6744907594765952,-0.3372453797382976,0.0,0.6744907594765952,-2.023472278429786,-1.8507992238167295,0.3372453797382976,0.0,2.023472278429786,-0.6661485508120517,1
0.0,-0.3372453797382976,0.0,0.3372453797382976,0.6744907594765952,0.6744907594765952,1.3489815189531904,0.3372453797382976,0.0,0.6744907594765952,0.0,0.0,0.6744907594765952,-0.6744907594765952,4.046944556859572,-0.6675387723151709,-1.3489815189531904,-1.3489815189531904,-1.6862268986914881,-1.3489815189531904,-1.011736139214893,0.0,0.0,0.3372453797382976,-0.6744907594765952,0.0,-0.6744907594765952,0.0,-0.6744907594765952,0.0,-1.3489815189531904,0.0,1
-1.3489815189531904,0.0,-1.6862268986914881,-0.3372453797382976,-1.011736139214893,0.0,0.0,0.3372453797382976,-0.6744907594765952,0.0,-0.6744907594765952,0.0,-0.6744907594765952,0.0,-1.3489815189531904,0.0,-1.011736139214893,0.6744907594765952,-1.6862268986914881,0.6744907594765952,-1.011736139214893,0.0,0.0,0.3372453797382976,-0.6744907594765952,0.0,-0.6744907594765952,0.0,-0.6744907594765952,0.0,-1.3489815189531904,0.0,1
-1.011736139214893,-1.3489815189531904,-1.3489815189531904,-1.3489815189531904,-0.6744907594765952,0.6744907594765952,0.0,-0.6744907594765952,1.3489815189531904,0.0,-0.6744907594765952,-0.6334885212226357,-0.6744907594765952,0.0,0.0,-0.6675387723151709,-1.011736139214893,0.0,-1.3489815189531904,0.0,-0.6744907594765952,0.6744907594765952,0.0,-1.011736139214893,2.023472278429786,0.0,-0.6744907594765952,-0.6169330746055764,-0.6744907594765952,0.0,0.6744907594765952,-0.6661485508120517,1
-0.3372453797382976,1.011736139214893,-0.3372453797382976,0.3372453797382976,0.0,0.6744907594765952,0.0,-1.011736139214893,1.3489815189531904,4.046944556859572,-0.6744907594765952,0.0,-0.6744907594765952,0.0,-0.6744907594765952,0.0,-1.3489815189531904,0.0,-1.6862268986914881,-0.3372453797382976,-1.011736139214893,0.0,0.0,0.3372453797382976,-0.6744907594765952,0.0,-0.6744907594765952,0.0,-0.6744907594765952,0.0,-1.3489815189531904,0.0,1
-1.3489815189531904,0.0,-1.6862268986914881,-0.3372453797382976,-1.011736139214893,0.0,0.0,0.3372453797382976,-0.6744907594765952,0.0,-0.6744907594765952,0.0,-0.6744907594765952,0.0,-1.3489815189531904,0.0,-1.011736139214893,0.0,-1.6862268986914881,-0.3372453797382976,-1.011736139214893,0.0,0.0,0.3372453797382976,-0.6744907594765952,0.0,-0.6744907594765952,0.0,-0.6744907594765952,0.0,-1.3489815189531904,0.0,1
0.0,1.3489815189531904,-0.6744907594765952,0.0,-0.3372453797382976,2.023472278429786,-1.3489815189531904,0.3372453797382976,-0.6744907594765952,3.3724537973829762,-2.697963037906381,-0.6334885212226357,0.3372453797382976,0.0,2.023472278429786,1.3350775446303418,-0.3372453797382976,0.44966050631773014,0.0,0.3372453797382976,0.0,0.0,0.0,-1.011736139214893,1.3489815189531904,4.046944556859572,-0.6744907594765952,0.6169330746055764,-0.6744907594765952,0.0,-0.6744907594765952,0.0,1
-0.6744907594765952,0.6744907594765952,-1.011736139214893,0.0,0.0,0.0,0.0,-1.011736139214893,1.3489815189531904,0.0,-0.6744907594765952,0.0,-0.6744907594765952,0.0,0.0,0.0,-0.6744907594765952,0.44966050631773014,-0.6744907594765952,0.6744907594765952,-0.3372453797382976,0.0,0.0,-1.011736139214893,1.3489815189531904,4.046944556859572,-0.6744907594765952,0.0,-0.6744907594765952,0.0,-0.6744907594765952,0.0,1
-1.011736139214893,0.6744907594765952,-1.6862268986914881,0.0,-1.011736139214893,0.0,0.0,0.3372453797382976,-0.6744907594765952,0.0,-0.6744907594765952,0.0,-0.6744907594765952,0.0,-1.3489815189531904,0.0,-1.3489815189531904,-0.8993210126354603,-1.6862268986914881,-1.3489815189531904,-1.011736139214893,0.0,0.0,-0.6744907594765952,1.3489815189531904,0.0,-0.6744907594765952,0.0,-0.6744907594765952,0.0,0.0,0.0,1
1.011736139214893,2.697963037906381,0.0,0.6744907594765952,0.0,2.023472278429786,-1.3489815189531904,1.011736139214893,-0.6744907594765952,4.046944556859572,-2.697963037906381,-0.6334885212226357,0.3372453797382976,0.0,2.023472278429786,1.3350775446303418,-1.011736139214893,0.6744907594765952,-1.6862268986914881,0.6744907594765952,-1.011736139214893,0.0,0.0,0.3372453797382976,-0.6744907594765952,0.0,-0.6744907594765952,0.0,-0.6744907594765952,0.0,-1.3489815189531904,0.0,1
-1.3489815189531904,-1.3489815189531904,-1.3489815189531904,-1.3489815189531904,-0.6744907594765952,0.0,0.0,-0.6744907594765952,0.6744907594765952,0.0,-0.6744907594765952,0.0,-0.6744907594765952,0.0,0.0,0.0,-1.011736139214893,-0.22483025315886507,-1.6862268986914881,-0.3372453797382976,-1.011736139214893,0.0,0.0,0.6744907594765952,-1.3489815189531904,0.0,-0.6744907594765952,0.0,-0.6744907594765952,0.0,-1.3489815189531904,0.0,1
-1.011736139214893,0.3372453797382976,-1.6862268986914881,0.0,-1.011736139214893,0.0,0.0,0.3372453797382976,-0.6744907594765952,0.0,-0.6744907594765952,0.0,-0.6744907594765952,0.0,-1.3489815189531904,0.0,-1.011736139214893,-1.1241512657943253,-1.3489815189531904,-0.6744907594765952,-0.6744907594765952,0.0,0.0,-0.6744907594765952,2.023472278429786,0.0,-0.6744907594765952,0.0,-0.6744907594765952,0.0,0.6744907594765952,0.0,1
0.6744907594765952,0.3372453797382976,0.6744907594765952,0.0,0.3372453797382976,-1.3489815189531904,-0.6744907594765952,0.0,1.3489815189531904,0.0,-0.6744907594765952,2.5339540848905426,-0.6744907594765952,0.6744907594765952,1.3489815189531904,0.0,-1.011736139214893,0.22483025315886507,-1.6862268986914881,0.0,-1.011736139214893,0.0,0.0,0.3372453797382976,-0.6744907594765952,0.0,-0.6744907594765952,0.0,-0.6744907594765952,0.0,-1.3489815189531904,0.0,1
1.011736139214893,2.3607176581680833,0.3372453797382976,0.6744907594765952,0.3372453797382976,0.6744907594765952,0.6744907594765952,-0.3372453797382976,0.6744907594765952,4.046944556859572,-2.023472278429786,-1.900465563667907,0.0,0.0,2.697963037906381,0.6675387723151709,0.6744907594765952,0.6744907594765952,0.0,0.3372453797382976,0.0,2.023472278429786,-0.6744907594765952,0.3372453797382976,0.6744907594765952,4.721435316336167,-2.697963037906381,-1.233866149211153,0.0,0.6744907594765952,1.3489815189531904,1.998445652436155,1
-1.011736139214893,-1.6862268986914881,-1.3489815189531904,-0.6744907594765952,-0.6744907594765952,0.0,0.0,-0.6744907594765952,1.3489815189531904,0.0,-0.6744907594765952,0.0,-0.6744907594765952,0.0,0.0,0.0,0.0,0.8993210126354603,0.0,1.011736139214893,0.0,0.6744907594765952,-0.6744907594765952,-1.011736139214893,1.3489815189531904,4.046944556859572,-0.6744907594765952,0.6169330746055764,-0.3372453797382976,-0.6744907594765952,0.6744907594765952,0.0,1
-1.011736139214893,0.0,-1.011736139214893,-0.3372453797382976,-0.3372453797382976,0.0,0.0,-1.011736139214893,1.3489815189531904,0.0,-0.6744907594765952,0.0,-0.6744907594765952,0.0,0.0,0.0,-1.3489815189531904,-0.6744907594765952,-1.6862268986914881,0.3372453797382976,-1.011736139214893,0.0,0.0,0.3372453797382976,-0.6744907594765952,0.0,-0.6744907594765952,0.0,-0.6744907594765952,0.0,-1.3489815189531904,0.0,1
0.6744907594765952,1.6862268986914881,-0.3372453797382976,0.3372453797382976,0.0,2.697963037906381,-2.697963037906381,0.3372453797382976,0.0,3.3724537973829762,-3.3724537973829762,0.0,0.3372453797382976,0.0,1.3489815189531904,1.3350775446303418,-1.3489815189531904,-1.5738117721120555,-1.6862268986914881,-1.3489815189531904,-1.011736139214893,0.0,0.0,0.3372453797382976,-0.6744907594765952,0.0,-0.6744907594765952,0.0,-0.6744907594765952,0.0,-1.3489815189531904,0.0,1
0.6744907594765952,0.0,1.011736139214893,0.6744907594765952,1.3489815189531904,1.3489815189531904,0.6744907594765952,0.6744907594765952,0.0,0.0,-1.3489815189531904,0.6334885212226357,0.3372453797382976,0.0,4.721435316336167,-0.6675387723151709,0.6744907594765952,0.22483025315886507,0.6744907594765952,0.3372453797382976,0.3372453797382976,-1.3489815189531904,-0.6744907594765952,0.0,1.3489815189531904,0.0,-0.6744907594765952,2.467732298422306,-0.6744907594765952,0.6744907594765952,1.3489815189531904,0.0,1
-0.3372453797382976,0.3372453797382976,-0.3372453797382976,0.0,-0.3372453797382976,0.0,0.0,-1.011736139214893,1.3489815189531904,4.046944556859572,-0.6744907594765952,0.0,-0.6744907594765952,0.0,-0.6744907594765952,0.0,0.0,0.0,0.0,0.0,0.0,0.6744907594765952,0.6744907594765952,-0.3372453797382976,2.023472278429786,0.0,-0.6744907594765952,-0.6169330746055764,-0.6744907594765952,0.0,1.3489815189531904,-0.6661485508120517,1
0.0,1.3489815189531904,0.0,0.6744907594765952,0.0,0.0,0.0,-1.011736139214893,2.023472278429786,4.721435316336167,-0.6744907594765952,0.0,-0.6744907594765952,0.0,-0.6744907594765952,0.0,0.0,0.0,0.3372453797382976,1.011736139214893,1.011736139214893,0.6744907594765952,1.3489815189531904,0.3372453797382976,0.0,0.0,0.0,0.6169330746055764,0.3372453797382976,-1.3489815189531904,4.046944556859572,-0.6661485508120517,1
0.3372453797382976,1.3489815189531904,0.3372453797382976,1.011736139214893,0.3372453797382976,1.3489815189531904,-1.3489815189531904,-0.3372453797382976,0.0,-0.6744907594765952,0.0,-1.900465563667907,-0.3372453797382976,1.3489815189531904,1.3489815189531904,-0.6675387723151709,-1.011736139214893,-0.22483025315886507,-1.3489815189531904,-0.3372453797382976,-0.6744907594765952,0.0,0.0,-1.011736139214893,1.3489815189531904,0.0,-0.6744907594765952,0.6169330746055764,-0.6744907594765952,0.0,0.6744907594765952,0.0,1
-1.011736139214893,-1.011736139214893,-1.6862268986914881,-0.3372453797382976,-1.011736139214893,0.0,0.0,0.3372453797382976,-0.6744907594765952,0.0,-0.6744907594765952,0.0,-0.6744907594765952,0.0,-1.3489815189531904,0.0,-1.011736139214893,-0.6744907594765952,-0.6744907594765952,-1.011736139214893,-0.6744907594765952,0.0,0.0,-0.6744907594765952,2.023472278429786,4.721435316336167,-0.6744907594765952,0.0,-0.6744907594765952,0.0,-0.6744907594765952,0.0,1
-0.6744907594765952,0.6744907594765952,-0.6744907594765952,0.3372453797382976,-0.3372453797382976,1.3489815189531904,0.0,-1.011736139214893,1.3489815189531904,4.046944556859572,-1.3489815189531904,0.0,-0.6744907594765952,0.0,-0.6744907594765952,0.0,-1.3489815189531904,-1.5738117721120555,-1.6862268986914881,-1.3489815189531904,-1.011736139214893,0.0,0.0,0.3372453797382976,-0.6744907594765952,0.0,-0.6744907594765952,0.0,-0.6744907594765952,0.0,-1.3489815189531904,0.0,1
-1.011736139214893,1.011736139214893,-1.6862268986914881,0.6744907594765952,-0.6744907594765952,0.0,0.0,0.6744907594765952,-1.3489815189531904,0.0,-0.6744907594765952,0.0,-0.6744907594765952,0.0,-1.3489815189531904,0.0,-0.6744907594765952,0.8993210126354603,-1.011736139214893,1.011736139214893,0.3372453797382976,0.0,0.0,-1.011736139214893,1.3489815189531904,0.0,-0.6744907594765952,0.0,-0.6744907594765952,0.0,0.6744907594765952,0.0,1
0.3372453797382976,1.011736139214893,0.6744907594765952,0.6744907594765952,0.3372453797382976,0.6744907594765952,-2.023472278429786,-0.3372453797382976,0.6744907594765952,0.0,0.0,-0.6334885212226357,-0.3372453797382976,1.3489815189531904,1.3489815189531904,-0.6675387723151709,-1.011736139214893,0.44966050631773014,-1.3489815189531904,0.6744907594765952,-0.6744907594765952,0.0,0.0,-1.011736139214893,2.697963037906381,0.0,-0.6744907594765952,0.0,-0.6744907594765952,0.0,0.6744907594765952,0.0,1
-1.011736139214893,-0.6744907594765952,-1.3489815189531904,-0.6744907594765952,-0.6744907594765952,0.0,0.0,-0.6744907594765952,1.3489815189531904,0.0,-0.6744907594765952,0.0,-0.6744907594765952,0.0,0.0,0.0,-1.011736139214893,-1.3489815189531904,-1.3489815189531904,-0.6744907594765952,-0.6744907594765952,0.6744907594765952,0.0,-0.6744907594765952,1.3489815189531904,0.0,-0.6744907594765952,-0.6169330746055764,-0.6744907594765952,0.0,0.0,-0.6661485508120517,1
-0.3372453797382976,1.3489815189531904,-0.3372453797382976,0.6744907594765952,0.0,0.6744907594765952,-0.6744907594765952,-1.011736139214893,1.3489815189531904,4.046944556859572,-0.6744907594765952,0.6334885212226357,-0.6744907594765952,-0.6744907594765952,0.0,0.0,-1.011736139214893,-0.44966050631773014,-0.6744907594765952,-0.3372453797382976,-0.6744907594765952,0.0,0.0,-1.011736139214893,1.3489815189531904,4.046944556859572,-0.6744907594765952,0.0,-0.6744907594765952,0.0,-0.6744907594765952,0.0,1
-1.011736139214893,0.0,-1.6862268986914881,-0.3372453797382976,-0.6744907594765952,0.0,0.0,0.6744907594765952,-1.3489815189531904,0.0,-0.6744907594765952,0.0,-0.6744907594765952,0.0,-1.3489815189531904,0.0,-0.6744907594765952,0.0,-0.6744907594765952,0.0,-0.6744907594765952,0.0,-0.6744907594765952,-1.011736139214893,2.023472278429786,4.721435316336167,0.0,1.233866149211153,-0.6744907594765952,0.0,-0.6744907594765952,0.0,1
-1.011736139214893,-1.3489815189531904,-1.011736139214893,-1.3489815189531904,-0.6744907594765952,0.0,0.6744907594765952,-0.6744907594765952,1.3489815189531904,4.046944556859572,-0.6744907594765952,0.0,-0.6744907594765952,0.0,-0.6744907594765952,-0.6675387723151709,0.6744907594765952,1.1241512657943253,-0.3372453797382976,0.3372453797382976,-0.3372453797382976,2.697963037906381,-2.697963037906381,0.3372453797382976,0.6744907594765952,2.697963037906381,-3.3724537973829762,-0.6169330746055764,0.3372453797382976,0.0,0.6744907594765952,2.664594203248207,1
-0.3372453797382976,-0.3372453797382976,0.0,0.3372453797382976,0.3372453797382976,0.6744907594765952,0.6744907594765952,0.3372453797382976,0.0,0.0,-0.6744907594765952,0.0,0.3372453797382976,0.0,4.046944556859572,0.0,-1.3489815189531904,-1.5738117721120555,-1.6862268986914881,-1.6862268986914881,-1.011736139214893,0.0,0.0,0.3372453797382976,-0.6744907594765952,0.0,-0.6744907594765952,0.0,-0.6744907594765952,0.0,-1.3489815189531904,0.0,1
-0.6744907594765952,0.3372453797382976,-1.011736139214893,0.0,-0.3372453797382976,0.0,0.0,-1.011736139214893,1.3489815189531904,0.0,-0.6744907594765952,0.0,-0.6744907594765952,0.0,0.6744907594765952,0.0,-1.3489815189531904,-0.6744907594765952,-1.6862268986914881,0.3372453797382976,-1.011736139214893,0.0,0.0,0.3372453797382976,-0.6744907594765952,0.0,-0.6744907594765952,0.0,-0.6744907594765952,0.0,-1.3489815189531904,0.0,1
-1.3489815189531904,0.6744907594765952,-1.6862268986914881,0.0,-1.011736139214893,0.0,0.0,0.3372453797382976,-0.6744907594765952,0.0,-0.6744907594765952,0.0,-0.6744907594765952,0.0,-1.3489815189531904,0.0,0.0,0.8993210126354603,0.0,1.011736139214893,0.0,0.6744907594765952,-0.6744907594765952,-1.011736139214893,1.3489815189531904,4.046944556859572,-0.6744907594765952,0.6169330746055764,-0.3372453797382976,-0.6744907594765952,0.6744907594765952,0.0,1
-1.3489815189531904,-0.3372453797382976,-1.6862268986914881,-0.6744907594765952,-1.011736139214893,0.0,0.0,0.3372453797382976,-0.6744907594765952,0.0,-0.6744907594765952,0.0,-0.6744907594765952,0.0,-1.3489815189531904,0.0,-1.3489815189531904,0.0,-1.6862268986914881,0.0,-1.011736139214893,0.0,0.0,0.3372453797382976,-0.6744907594765952,0.0,-0.6744907594765952,0.0,-0.6744907594765952,0.0,-1.3489815189531904,0.0,1
0.3372453797382976,1.011736139214893,0.3372453797382976,0.6744907594765952,0.3372453797382976,0.0,0.6744907594765952,-0.6744907594765952,1.3489815189531904,0.0,-0.6744907594765952,0.0,-0.6744907594765952,0.0,1.3489815189531904,0.0,-1.011736139214893,-0.8993210126354603,-1.011736139214893,-1.011736139214893,-0.6744907594765952,0.0,0.6744907594765952,-0.6744907594765952,1.3489815189531904,4.046944556859572,-0.6744907594765952,0.0,-0.6744907594765952,0.0,-0.6744907594765952,-0.6661485508120517,1
0.6744907594765952,0.3372453797382976,0.6744907594765952,0.0,0.3372453797382976,-1.3489815189531904,-0.6744907594765952,0.0,1.3489815189531904,0.0,-0.6744907594765952,2.5339540848905426,-0.6744907594765952,0.6744907594765952,1.3489815189531904,0.0,0.0,0.6744907594765952,0.3372453797382976,1.011736139214893,0.3372453797382976,0.0,0.0,-1.011736139214893,2.023472278429786,4.046944556859572,-0.6744907594765952,0.0,-0.6744907594765952,0.0,-0.6744907594765952,0.0,1
-1.3489815189531904,-2.3607176581680833,-1.6862268986914881,-1.6862268986914881,-1.011736139214893,0.0,0.0,0.3372453797382976,-0.6744907594765952,0.0,-0.6744907594765952,0.0,-0.6744907594765952,0.0,-1.3489815189531904,0.0,-1.3489815189531904,-1.5738117721120555,-1.6862268986914881,-1.3489815189531904,-1.011736139214893,0.0,0.0,0.3372453797382976,-0.6744907594765952,0.0,-0.6744907594765952,0.0,-0.6744907594765952,0.0,-1.3489815189531904,0.0,1
-0.6744907594765952,0.3372453797382976,-0.3372453797382976,0.0,0.3372453797382976,2.023472278429786,-0.6744907594765952,-0.6744907594765952,-0.6744907594765952,0.6744907594765952,-1.3489815189531904,-1.900465563667907,0.3372453797382976,0.0,2.023472278429786,-0.6675387723151709,-1.011736139214893,-0.22483025315886507,-1.6862268986914881,-0.3372453797382976,-0.6744907594765952,0.0,0.0,0.6744907594765952,-1.3489815189531904,0.0,-0.6744907594765952,0.0,-0.6744907594765952,0.0,-1.3489815189531904,0.0,1
-1.011736139214893,0.6744907594765952,-1.6862268986914881,0.0,-1.011736139214893,0.0,0.0,0.3372453797382976,-0.6744907594765952,0.0,-0.6744907594765952,0.0,-0.6744907594765952,0.0,-1.3489815189531904,0.0,-0.6744907594765952,0.44966050631773014,-1.011736139214893,0.6744907594765952,-0.3372453797382976,0.0,0.0,-1.011736139214893,2.697963037906381,0.0,-0.6744907594765952,0.0,-0.6744907594765952,0.0,0.6744907594765952,0.0,1
-1.011736139214893,-2.023472278429786,-1.6862268986914881,-1.3489815189531904,-1.011736139214893,0.0,0.0,-0.6744907594765952,1.3489815189531904,0.0,-0.6744907594765952,0.0,-0.6744907594765952,0.0,0.0,0.0,-1.3489815189531904,-1.5738117721120555,-1.6862268986914881,-1.6862268986914881,-1.011736139214893,0.0,0.0,0.3372453797382976,-0.6744907594765952,0.0,-0.6744907594765952,0.0,-0.6744907594765952,0.0,-1.3489815189531904,0.0,1
-0.3372453797382976,1.011736139214893,-0.3372453797382976,0.3372453797382976,0.0,1.3489815189531904,-1.3489815189531904,-1.011736139214893,1.3489815189531904,4.046944556859572,-1.3489815189531904,0.6334885212226357,-0.6744907594765952,-0.6744907594765952,0.0,0.6675387723151709,-1.011736139214893,-0.8993210126354603,-1.3489815189531904,-1.011736139214893,-0.6744907594765952,0.0,0.0,-0.6744907594765952,1.3489815189531904,0.0,-0.6744907594765952,0.0,-0.6744907594765952,0.0,0.0,0.0,1
-0.6744907594765952,0.3372453797382976,-0.6744907594765952,0.0,-0.3372453797382976,0.0,0.0,-1.011736139214893,1.3489815189531904,3.3724537973829762,-0.6744907594765952,0.0,-0.6744907594765952,0.0,-0.6744907594765952,0.0,-0.6744907594765952,0.44966050631773014,-1.011736139214893,0.6744907594765952,-0.3372453797382976,0.6744907594765952,0.0,-1.011736139214893,2.697963037906381,0.0,-0.6744907594765952,-0.6169330746055764,-0.6744907594765952,0.0,0.6744907594765952,-0.6661485508120517,1
-1.011736139214893,-1.3489815189531904,-1.011736139214893,-1.3489815189531904,-0.6744907594765952,0.0,0.6744907594765952,-1.011736139214893,0.6744907594765952,4.046944556859572,-0.6744907594765952,-0.6334885212226357,-0.6744907594765952,0.0,-1.3489815189531904,-0.6675387723151709,0.0,0.8993210126354603,0.0,1.011736139214893,0.0,0.0,0.0,-1.011736139214893,2.023472278429786,4.721435316336167,-0.6744907594765952,0.0,-0.6744907594765952,0.0,-0.6744907594765952,0.0,1
0.0,-0.6744907594765952,0.3372453797382976,0.0,0.6744907594765952,0.0,1.3489815189531904,0.3372453797382976,0.0,0.0,0.0,0.0,0.3372453797382976,-0.6744907594765952,4.046944556859572,0.0,-0.6744907594765952,-0.44966050631773014,-0.6744907594765952,-0.3372453797382976,-0.6744907594765952,0.0,0.0,-1.011736139214893,2.023472278429786,4.046944556859572,-0.6744907594765952,0.0,-0.6744907594765952,0.0,-0.6744907594765952,0.0,1
-1.011736139214893,-0.6744907594765952,-1.3489815189531904,-0.6744907594765952,-0.6744907594765952,0.0,0.0,-0.6744907594765952,1.3489815189531904,0.0,-0.6744907594765952,0.0,-0.6744907594765952,0.0,0.0,0.0,0.0,0.0,0.3372453797382976,1.011736139214893,1.011736139214893,1.3489815189531904,0.6744907594765952,0.6744907594765952,0.0,0.0,-1.3489815189531904,-0.6169330746055764,0.3372453797382976,0.0,4.721435316336167,0.0,1
0.3372453797382976,1.011736139214893,0.0,-0.3372453797382976,0.0,0.6744907594765952,0.6744907594765952,0.0,0.0,3.3724537973829762,-1.3489815189531904,-1.2669770424452713,0.0,1.3489815189531904,2.023472278429786,1.3350775446303418,0.6744907594765952,0.8993210126354603,0.6744907594765952,1.011736139214893,0.6744907594765952,0.0,0.6744907594765952,-0.6744907594765952,2.023472278429786,0.0,-0.6744907594765952,0.0,-0.6744907594765952,-0.6744907594765952,1.3489815189531904,0.0,1
1.011736139214893,2.023472278429786,0.3372453797382976,0.3372453797382976,0.0,3.3724537973829762,-1.3489815189531904,-0.3372453797382976,0.6744907594765952,3.3724537973829762,-2.697963037906381,-1.2669770424452713,0.0,1.3489815189531904,1.3489815189531904,2.6701550892606836,-1.011736139214893,-0.22483025315886507,-1.6862268986914881,-0.3372453797382976,-0.6744907594765952,0.0,0.0,0.6744907594765952,-1.3489815189531904,0.0,-0.6744907594765952,0.0,-0.6744907594765952,0.0,-1.3489815189531904,0.0,1
-1.011736139214893,-1.3489815189531904,-1.011736139214893,-1.3489815189531904,-0.6744907594765952,0.0,0.6744907594765952,-0.6744907594765952,1.3489815189531904,4.046944556859572,-0.6744907594765952,0.0,-0.6744907594765952,0.0,-0.6744907594765952,-0.6675387723151709,-1.3489815189531904,0.44966050631773014,-1.6862268986914881,0.3372453797382976,-1.011736139214893,0.0,0.0,0.3372453797382976,-0.6744907594765952,0.0,-0.6744907594765952,0.0,-0.6744907594765952,0.0,-1.3489815189531904,0.0,1
-1.011736139214893,-0.3372453797382976,-1.6862268986914881,0.6744907594765952,-1.011736139214893,0.0,0.0,0.3372453797382976,-0.6744907594765952,0.0,-0.6744907594765952,0.0,-0.6744907594765952,0.0,-1.3489815189531904,0.0,0.0,0.0,0.3372453797382976,1.011736139214893,1.011736139214893,0.6744907594765952,0.6744907594765952,0.6744907594765952,0.6744907594765952,0.0,-1.3489815189531904,0.0,0.3372453797382976,0.6744907594765952,4.046944556859572,0.6661485508120517,1
1.011736139214893,2.023472278429786,0.0,0.6744907594765952,0.0,2.023472278429786,-2.023472278429786,0.6744907594765952,-0.6744907594765952,4.046944556859572,-2.697963037906381,0.6334885212226357,0.3372453797382976,0.0,1.3489815189531904,0.6675387723151709,-1.011736139214893,0.22483025315886507,-1.6862268986914881,0.3372453797382976,-1.011736139214893,0.0,0.0,0.3372453797382976,-0.6744907594765952,0.0,-0.6744907594765952,0.0,-0.6744907594765952,0.0,-1.3489815189531904,0.0,1
-1.011736139214893,0.3372453797382976,-1.6862268986914881,0.0,-0.6744907594765952,0.0,0.0,0.6744907594765952,-1.3489815189531904,0.0,-0.6744907594765952,0.0,-0.6744907594765952,0.0,-1.3489815189531904,0.0,-0.3372453797382976,0.0,-0.3372453797382976,0.0,-0.3372453797382976,0.6744907594765952,-0.6744907594765952,-0.3372453797382976,1.3489815189531904,0.0,-0.6744907594765952,-0.6169330746055764,-0.6744907594765952,0.6744907594765952,1.3489815189531904,-0.6661485508120517,1
-1.011736139214893,-1.011736139214893,-1.6862268986914881,-0.3372453797382976,-1.011736139214893,0.0,0.0,0.3372453797382976,-0.6744907594765952,0.0,-0.6744907594765952,0.0,-0.6744907594765952,0.0,-1.3489815189531904,0.0,-0.6744907594765952,0.0,-0.6744907594765952,0.0,-0.3372453797382976,0.0,0.0,-1.011736139214893,1.3489815189531904,4.046944556859572,-0.6744907594765952,0.0,-0.6744907594765952,0.0,-0.6744907594765952,0.0,1
0.0,0.0,0.0,-0.3372453797382976,0.0,1.3489815189531904,-1.3489815189531904,-0.3372453797382976,0.6744907594765952,-0.6744907594765952,0.0,-1.900465563667907,-0.6744907594765952,0.6744907594765952,1.3489815189531904,-0.6675387723151709,-1.011736139214893,-0.8993210126354603,-1.3489815189531904,-1.011736139214893,-1.011736139214893,0.0,0.0,-0.6744907594765952,1.3489815189531904,0.0,-0.6744907594765952,0.6169330746055764,-0.6744907594765952,0.0,0.0,0.0,1
0.3372453797382976,0.0,0.3372453797382976,0.6744907594765952,1.011736139214893,0.6744907594765952,2.023472278429786,0.3372453797382976,0.0,-0.6744907594765952,0.0,0.6334885212226357,0.3372453797382976,-1.3489815189531904,4.046944556859572,-1.3350775446303418,-0.3372453797382976,0.0,-0.3372453797382976,0.0,-0.3372453797382976,0.6744907594765952,-0.6744907594765952,-0.3372453797382976,1.3489815189531904,0.0,-0.6744907594765952,-0.6169330746055764,-0.6744907594765952,0.6744907594765952,1.3489815189531904,-0.6661485508120517,1
-0.3372453797382976,0.6744907594765952,-0.3372453797382976,0.3372453797382976,0.0,0.0,0.0,-1.011736139214893,0.6744907594765952,4.046944556859572,-0.6744907594765952,0.0,-0.6744907594765952,0.0,-0.6744907594765952,0.0,0.3372453797382976,0.8993210126354603,0.6744907594765952,1.011736139214893,0.3372453797382976,1.3489815189531904,-0.6744907594765952,-0.3372453797382976,1.3489815189531904,0.0,-0.6744907594765952,-1.233866149211153,-0.6744907594765952,0.6744907594765952,1.3489815189531904,-0.6661485508120517,1
-1.011736139214893,0.0,-1.011736139214893,-0.3372453797382976,-0.6744907594765952,0.0,0.0,-1.011736139214893,1.3489815189531904,4.046944556859572,-0.6744907594765952,0.0,-0.6744907594765952,0.0,-0.6744907594765952,0.0,-1.3489815189531904,-1.5738117721120555,-1.6862268986914881,-1.6862268986914881,-1.011736139214893,0.0,0.0,0.3372453797382976,-0.6744907594765952,0.0,-0.6744907594765952,0.0,-0.6744907594765952,0.0,-1.3489815189531904,0.0,1
-1.011736139214893,-0.6744907594765952,-1.6862268986914881,0.3372453797382976,-1.011736139214893,0.0,0.0,0.3372453797382976,-0.6744907594765952,0.0,-0.6744907594765952,0.0,-0.6744907594765952,0.0,-1.3489815189531904,0.0,-1.011736139214893,-1.3489815189531904,-1.3489815189531904,-1.011736139214893,-0.6744907594765952,0.0,0.0,-0.6744907594765952,1.3489815189531904,0.0,-0.6744907594765952,0.0,-0.6744907594765952,0.0,0.0,0.0,1
-1.011736139214893,-1.3489815189531904,-1.011736139214893,-1.3489815189531904,-1.011736139214893,0.0,0.0,-0.6744907594765952,1.3489815189531904,4.046944556859572,-0.6744907594765952,0.0,-0.6744907594765952,0.0,-0.6744907594765952,0.0,-0.3372453797382976,0.22483025315886507,-0.3372453797382976,0.3372453797382976,-0.3372453797382976,0.0,1.3489815189531904,-1.011736139214893,2.023472278429786,4.721435316336167,-0.6744907594765952,-1.233866149211153,-0.6744907594765952,0.6744907594765952,-0.6744907594765952,-0.6661485508120517,1
-1.3489815189531904,-2.3607176581680833,-1.6862268986914881,-2.023472278429786,-1.011736139214893,0.0,0.0,0.3372453797382976,-0.6744907594765952,0.0,-0.6744907594765952,0.0,-0.6744907594765952,0.0,-1.3489815189531904,0.0,-1.011736139214893,-0.8993210126354603,-1.3489815189531904,-1.011736139214893,-1.011736139214893,0.0,0.0,-0.3372453797382976,0.6744907594765952,0.0,-0.6744907594765952,0.0,-0.6744907594765952,0.0,0.0,0.0,1
-1.011736139214893,0.6744907594765952,-1.6862268986914881,0.0,-0.6744907594765952,0.0,0.0,0.6744907594765952,-1.3489815189531904,0.0,-0.6744907594765952,0.0,-0.6744907594765952,0.0,-1.3489815189531904,0.0,-1.011736139214893,-0.22483025315886507,-1.6862268986914881,-0.3372453797382976,-1.011736139214893,0.0,0.0,0.6744907594765952,-1.3489815189531904,0.0,-0.6744907594765952,0.0,-0.6744907594765952,0.0,-1.3489815189531904,0.0,1
0.0,1.3489815189531904,0.3372453797382976,0.6744907594765952,0.0,0.0,0.0,-1.011736139214893,2.023472278429786,4.721435316336167,-0.6744907594765952,0.0,-0.6744907594765952,0.0,-0.6744907594765952,0.0,-1.011736139214893,-0.8993210126354603,-1.011736139214893,-1.011736139214893,-1.011736139214893,0.0,0.0,-0.6744907594765952,1.3489815189531904,4.046944556859572,-0.6744907594765952,0.0,-0.6744907594765952,0.0,-0.6744907594765952,0.0,1
-1.011736139214893,-0.3372453797382976,-1.011736139214893,-0.6744907594765952,-0.3372453797382976,0.0,0.0,-0.6744907594765952,2.023472278429786,0.0,-0.6744907594765952,0.6334885212226357,-0.6744907594765952,0.0,0.6744907594765952,0.0,1.011736139214893,1.5738117721120555,0.0,1.011736139214893,0.0,2.023472278429786,-1.3489815189531904,1.011736139214893,0.0,4.046944556859572,-2.697963037906381,-0.6169330746055764,0.3372453797382976,0.0,2.023472278429786,1.3322971016241034,1
0.6744907594765952,2.3607176581680833,0.0,0.6744907594765952,0.0,0.0,1.3489815189531904,-0.3372453797382976,0.6744907594765952,4.721435316336167,-1.3489815189531904,-1.2669770424452713,-0.3372453797382976,0.0,2.023472278429786,0.0,-1.011736139214893,0.0,-1.6862268986914881,-0.3372453797382976,-1.011736139214893,0.0,0.0,0.3372453797382976,-0.6744907594765952,0.0,-0.6744907594765952,0.0,-0.6744907594765952,0.0,-1.3489815189531904,0.0,1
0.3372453797382976,0.6744907594765952,0.3372453797382976,0.0,0.3372453797382976,-1.3489815189531904,0.0,0.0,1.3489815189531904,0.0,-0.6744907594765952,2.5339540848905426,-0.6744907594765952,0.0,1.3489815189531904,0.6675387723151709,1.011736139214893,1.5738117721120555,0.3372453797382976,1.011736139214893,0.3372453797382976,2.023472278429786,-0.6744907594765952,0.3372453797382976,0.6744907594765952,4.721435316336167,-2.697963037906381,-1.233866149211153,0.0,0.0,2.697963037906381,1.3322971016241034,1
-1.011736139214893,-0.3372453797382976,-1.6862268986914881,0.6744907594765952,-0.6744907594765952,0.0,0.0,0.3372453797382976,-0.6744907594765952,0.0,-0.6744907594765952,0.0,-0.6744907594765952,0.0,-1.3489815189531904,0.0,0.6744907594765952,0.6744907594765952,0.6744907594765952,1.011736139214893,0.3372453797382976,0.6744907594765952,-2.023472278429786,-0.6744907594765952,0.6744907594765952,0.0,0.0,0.0,-0.3372453797382976,1.3489815189531904,1.3489815189531904,0.0,1
-0.6744907594765952,-0.6744907594765952,-1.6862268986914881,0.3372453797382976,-1.011736139214893,0.0,0.0,0.3372453797382976,-0.6744907594765952,0.0,-0.6744907594765952,0.0,-0.6744907594765952,0.0,-1.3489815189531904,0.0,-1.011736139214893,0.0,-1.011736139214893,0.0,-0.6744907594765952,0.0,0.0,-1.011736139214893,2.023472278429786,0.0,-0.6744907594765952,0.0,-0.6744907594765952,0.0,0.6744907594765952,0.0,1
-0.6744907594765952,0.3372453797382976,-0.6744907594765952,0.0,-0.3372453797382976,0.6744907594765952,0.0,-1.011736139214893,1.3489815189531904,4.046944556859572,-0.6744907594765952,0.0,-0.6744907594765952,0.0,-0.6744907594765952,0.0,-0.6744907594765952,-0.44966050631773014,-0.3372453797382976,-0.3372453797382976,-0.3372453797382976,0.0,0.0,-1.011736139214893,2.023472278429786,4.046944556859572,-0.6744907594765952,0.0,-0.6744907594765952,0.0,-0.6744907594765952,0.0,1
-1.011736139214893,-0.3372453797382976,-1.6862268986914881,-0.6744907594765952,-1.011736139214893,0.0,0.0,0.3372453797382976,-0.6744907594765952,0.0,-0.6744907594765952,0.0,-0.6744907594765952,0.0,-1.3489815189531904,0.0,-1.011736139214893,0.44966050631773014,-1.6862268986914881,0.3372453797382976,-0.6744907594765952,0.0,0.0,0.6744907594765952,-1.3489815189531904,0.0,-0.6744907594765952,0.0,-0.6744907594765952,0.0,-1.3489815189531904,0.0,1
0.3372453797382976,0.6744907594765952,-0.3372453797382976,-0.6744907594765952,-0.3372453797382976,1.3489815189531904,0.0,1.011736139214893,-0.6744907594765952,4.046944556859572,-1.3489815189531904,0.0,0.3372453797382976,0.0,2.023472278429786,1.3350775446303418,-1.3489815189531904,-1.5738117721120555,-1.6862268986914881,-1.6862268986914881,-1.011736139214893,0.0,0.0,0.3372453797382976,-0.6744907594765952,0.0,-0.6744907594765952,0.0,-0.6744907594765952,0.0,-1.3489815189531904,0.0,1
-0.6744907594765952,-0.3372453797382976,-1.011736139214893,-0.6744907594765952,-0.6744907594765952,-0.6744907594765952,0.6744907594765952,-1.011736139214893,0.6744907594765952,4.046944556859572,0.0,0.0,-0.6744907594765952,0.0,-0.6744907594765952,-0.6675387723151709,-0.6744907594765952,0.22483025315886507,-0.6744907594765952,0.3372453797382976,-0.6744907594765952,0.0,0.0,-1.011736139214893,1.3489815189531904,4.046944556859572,-0.6744907594765952,0.6169330746055764,-0.6744907594765952,0.0,-0.6744907594765952,0.0,1
-1.011736139214893,1.011736139214893,-1.6862268986914881,0.6744907594765952,-0.6744907594765952,0.0,0.0,0.6744907594765952,-1.3489815189531904,0.0,-0.6744907594765952,0.0,-0.6744907594765952,0.0,-1.3489815189531904,0.0,-1.011736139214893,-0.22483025315886507,-1.3489815189531904,-0.3372453797382976,-0.6744907594765952,0.0,0.0,-0.6744907594765952,0.6744907594765952,0.0,-0.6744907594765952,0.0,-0.6744907594765952,0.0,0.0,0.0,1
-1.011736139214893,0.3372453797382976,-1.6862268986914881,0.0,-0.6744907594765952,0.0,0.0,0.6744907594765952,-1.3489815189531904,0.0,-0.6744907594765952,0.0,-0.6744907594765952,0.0,-1.3489815189531904,0.0,0.3372453797382976,0.0,0.3372453797382976,1.011736139214893,1.011736139214893,0.0,1.3489815189531904,0.3372453797382976,0.0,0.6744907594765952,0.0,-0.6169330746055764,0.6744907594765952,0.0,4.721435316336167,1.3322971016241034,1
-1.011736139214893,-1.011736139214893,-1.011736139214893,-1.011736139214893,-0.6744907594765952,0.0,0.0,-1.011736139214893,1.3489815189531904,4.046944556859572,-0.6744907594765952,0.0,-0.6744907594765952,0.0,-0.6744907594765952,0.0,-1.011736139214893,-0.6744907594765952,-1.011736139214893,-0.6744907594765952,-0.6744907594765952,0.0,0.0,-1.011736139214893,1.3489815189531904,4.046944556859572,-0.6744907594765952,0.0,-0.6744907594765952,0.0,-1.3489815189531904,0.0,1
-1.3489815189531904,-2.3607176581680833,-1.6862268986914881,-2.023472278429786,-1.011736139214893,0.0,0.0,0.3372453797382976,-0.6744907594765952,0.0,-0.6744907594765952,0.0,-0.6744907594765952,0.0,-1.3489815189531904,0.0,-0.3372453797382976,0.0,0.0,0.0,0.6744907594765952,1.3489815189531904,0.0,-0.3372453797382976,-0.6744907594765952,0.6744907594765952,-1.3489815189531904,-1.8507992238167295,0.3372453797382976,0.6744907594765952,2.023472278429786,-1.3322971016241034,1
-0.6744907594765952,-0.6744907594765952,-0.6744907594765952,-1.011736139214893,-0.6744907594765952,0.0,0.0,-1.011736139214893,1.3489815189531904,4.046944556859572,-0.6744907594765952,0.0,-0.6744907594765952,0.0,-0.6744907594765952,-0.6675387723151709,0.0,0.6744907594765952,0.3372453797382976,1.011736139214893,1.3489815189531904,0.6744907594765952,1.3489815189531904,0.0,0.0,1.3489815189531904,-1.3489815189531904,-2.467732298422306,1.3489815189531904,0.6744907594765952,3.3724537973829762,-3.99689130487231,1
-1.011736139214893,-1.011736139214893,-1.011736139214893,-1.3489815189531904,-0.6744907594765952,0.0,0.0,-0.6744907594765952,1.3489815189531904,4.046944556859572,-0.6744907594765952,0.0,-0.6744907594765952,0.0,-0.6744907594765952,0.0,-1.3489815189531904,-1.5738117721120555,-1.6862268986914881,-1.6862268986914881,-1.011736139214893,0.0,0.0,0.3372453797382976,-0.6744907594765952,0.0,-0.6744907594765952,0.0,-0.6744907594765952,0.0,-1.3489815189531904,0.0,1
-0.3372453797382976,1.011736139214893,-0.3372453797382976,0.6744907594765952,0.0,0.0,1.3489815189531904,-1.011736139214893,1.3489815189531904,4.046944556859572,-0.6744907594765952,-0.6334885212226357,-0.6744907594765952,0.6744907594765952,0.0,-0.6675387723151709,-1.011736139214893,0.6744907594765952,-1.6862268986914881,0.6744907594765952,-1.011736139214893,0.0,0.0,0.3372453797382976,-0.6744907594765952,0.0,-0.6744907594765952,0.0,-0.6744907594765952,0.0,-1.3489815189531904,0.0,1
-1.011736139214893,-1.011736139214893,-0.6744907594765952,-1.011736139214893,-0.6744907594765952,0.0,0.0,-0.6744907594765952,1.3489815189531904,4.721435316336167,-0.6744907594765952,0.0,-0.6744907594765952,0.0,-0.6744907594765952,0.0,-1.011736139214893,-1.3489815189531904,-1.3489815189531904,-0.6744907594765952,-0.6744907594765952,0.0,0.0,-0.6744907594765952,1.3489815189531904,0.0,-0.6744907594765952,0.0,-0.6744907594765952,0.0,0.0,0.0,1
-1.011736139214893,-0.6744907594765952,-1.3489815189531904,-0.6744907594765952,-0.6744907594765952,0.0,0.0,-0.6744907594765952,2.023472278429786,0.0,-0.6744907594765952,0.0,-0.6744907594765952,0.0,0.6744907594765952,0.0,-1.011736139214893,0.6744907594765952,-1.6862268986914881,0.6744907594765952,-1.011736139214893,0.0,0.0,0.3372453797382976,-0.6744907594765952,0.0,-0.6744907594765952,0.0,-0.6744907594765952,0.0,-1.3489815189531904,0.0,1
-0.3372453797382976,0.6744907594765952,0.0,0.0,0.6744907594765952,1.3489815189531904,-1.3489815189531904,0.0,0.0,0.0,-0.6744907594765952,-1.900465563667907,1.3489815189531904,-1.3489815189531904,2.023472278429786,-1.3350775446303418,-1.3489815189531904,-1.5738117721120555,-1.6862268986914881,-1.6862268986914881,-1.011736139214893,0.0,0.0,0.3372453797382976,-0.6744907594765952,0.0,-0.6744907594765952,0.0,-0.6744907594765952,0.0,-1.3489815189531904,0.0,1
-1.011736139214893,1.3489815189531904,-1.6862268986914881,0.6744907594765952,-1.011736139214893,0.0,0.0,0.3372453797382976,-0.6744907594765952,0.0,-0.6744907594765952,0.0,-0.6744907594765952,0.0,-1.3489815189531904,0.0,-0.6744907594765952,-0.44966050631773014,-0.3372453797382976,-0.3372453797382976,-0.3372453797382976,0.0,0.0,-1.011736139214893,2.023472278429786,4.721435316336167,-0.6744907594765952,0.0,-0.6744907594765952,0.0,-0.6744907594765952,-0.6661485508120517,1
-1.011736139214893,-1.011736139214893,-1.6862268986914881,0.0,-1.011736139214893,0.0,0.0,0.3372453797382976,-0.6744907594765952,0.0,-0.6744907594765952,0.0,-0.6744907594765952,0.0,-1.3489815189531904,0.0,-1.011736139214893,-0.6744907594765952,-1.6862268986914881,0.0,-1.011736139214893,0.0,0.0,0.3372453797382976,-0.6744907594765952,0.0,-0.6744907594765952,0.0,-0.6744907594765952,0.0,-1.3489815189531904,0.0,1
0.0,1.3489815189531904,0.6744907594765952,0.6744907594765952,1.6862268986914881,2.023472278429786,0.0,-0.3372453797382976,0.0,1.3489815189531904,-2.023472278429786,-2.5339540848905426,0.6744907594765952,0.6744907594765952,3.3724537973829762,-2.0026163169455127,-0.3372453797382976,0.0,0.0,0.0,0.3372453797382976,3.3724537973829762,-1.3489815189531904,-0.6744907594765952,0.6744907594765952,0.6744907594765952,-2.023472278429786,-1.8507992238167295,0.0,0.0,1.3489815189531904,0.0,1
0.0,1.011736139214893,0.0,0.6744907594765952,-0.3372453797382976,0.0,0.0,-1.011736139214893,2.697963037906381,4.721435316336167,-0.6744907594765952,0.0,-0.6744907594765952,0.0,-0.6744907594765952,0.0,0.0,0.0,0.0,0.0,0.0,0.6744907594765952,-2.023472278429786,-0.3372453797382976,0.6744907594765952,0.0,0.0,-0.6169330746055764,-0.3372453797382976,1.3489815189531904,1.3489815189531904,-0.6661485508120517,1
0.6744907594765952,1.011736139214893,1.011736139214893,0.6744907594765952,0.6744907594765952,1.3489815189531904,-1.3489815189531904,-0.3372453797382976,0.6744907594765952,-0.6744907594765952,0.0,-1.2669770424452713,-0.6744907594765952,1.3489815189531904,1.3489815189531904,-0.6675387723151709,-0.6744907594765952,0.44966050631773014,-0.6744907594765952,0.6744907594765952,0.0,0.0,0.0,-1.011736139214893,1.3489815189531904,0.0,-0.6744907594765952,0.0,-0.6744907594765952,0.0,0.6744907594765952,0.0,1
-1.011736139214893,-0.6744907594765952,-1.6862268986914881,0.0,-1.011736139214893,0.0,0.0,0.3372453797382976,-0.6744907594765952,0.0,-0.6744907594765952,0.0,-0.6744907594765952,0.0,-1.3489815189531904,0.0,0.6744907594765952,1.5738117721120555,0.0,1.011736139214893,0.0,0.0,1.3489815189531904,-0.3372453797382976,0.6744907594765952,4.721435316336167,-1.3489815189531904,-1.233866149211153,-0.3372453797382976,0.0,2.023472278429786,0.0,1
-0.3372453797382976,1.3489815189531904,-0.3372453797382976,1.011736139214893,-0.3372453797382976,0.0,0.6744907594765952,-1.011736139214893,2.023472278429786,4.046944556859572,-0.6744907594765952,-0.6334885212226357,-0.6744907594765952,0.0,-0.6744907594765952,-0.6675387723151709,0.6744907594765952,0.22483025315886507,1.011736139214893,1.3489815189531904,1.3489815189531904,0.0,0.6744907594765952,0.3372453797382976,1.3489815189531904,-0.6744907594765952,0.6744907594765952,-0.6169330746055764,0.6744907594765952,0.0,6.070416835289357,0.6661485508120517,1
0.6744907594765952,0.6744907594765952,1.011736139214893,0.3372453797382976,0.3372453797382976,-0.6744907594765952,0.0,-0.3372453797382976,1.3489815189531904,0.0,-0.6744907594765952,1.900465563667907,-0.6744907594765952,0.0,1.3489815189531904,0.0,0.3372453797382976,0.6744907594765952,0.3372453797382976,1.011736139214893,0.3372453797382976,0.0,0.6744907594765952,-0.6744907594765952,1.3489815189531904,0.0,-0.6744907594765952,0.0,-0.6744907594765952,0.0,1.3489815189531904,0.0,1
0.3372453797382976,0.6744907594765952,0.3372453797382976,0.0,0.3372453797382976,-1.3489815189531904,0.0,0.0,1.3489815189531904,0.0,-0.6744907594765952,2.5339540848905426,-0.6744907594765952,0.0,1.3489815189531904,0.6675387723151709,-0.3372453797382976,0.44966050631773014,-0.3372453797382976,0.3372453797382976,0.0,0.0,0.0,-1.011736139214893,1.3489815189531904,4.046944556859572,-0.6744907594765952,0.0,-0.6744907594765952,0.0,-0.6744907594765952,0.0,1
-0.3372453797382976,0.3372453797382976,-0.3372453797382976,0.0,-0.3372453797382976,0.0,0.6744907594765952,-1.011736139214893,2.023472278429786,4.721435316336167,-0.6744907594765952,-1.2669770424452713,-0.6744907594765952,0.0,-0.6744907594765952,-0.6675387723151709,-1.011736139214893,-0.44966050631773014,-1.011736139214893,-0.6744907594765952,-0.6744907594765952,0.0,0.0,-1.011736139214893,1.3489815189531904,4.046944556859572,-0.6744907594765952,0.0,-0.6744907594765952,0.0,-0.6744907594765952,-0.6661485508120517,1
-1.3489815189531904,0.0,-1.6862268986914881,-0.6744907594765952,-1.011736139214893,0.0,0.0,0.3372453797382976,-0.6744907594765952,0.0,-0.6744907594765952,0.0,-0.6744907594765952,0.0,-1.3489815189531904,0.0,-0.6744907594765952,0.6744907594765952,-1.6862268986914881,0.6744907594765952,-1.011736139214893,0.0,0.0,0.3372453797382976,-0.6744907594765952,0.0,-0.6744907594765952,0.0,-0.6744907594765952,0.0,-1.3489815189531904,0.0,1
-0.6744907594765952,1.011736139214893,-1.011736139214893,0.3372453797382976,-0.3372453797382976,0.0,0.0,-1.011736139214893,2.023472278429786,0.0,-0.6744907594765952,0.0,-0.6744907594765952,0.0,0.6744907594765952,0.0,-0.6744907594765952,-1.1241512657943253,-1.011736139214893,-0.3372453797382976,-0.3372453797382976,0.0,0.0,-0.6744907594765952,2.023472278429786,0.0,-0.6744907594765952,0.0,-0.6744907594765952,0.0,0.6744907594765952,0.0,1
-1.3489815189531904,0.6744907594765952,-1.6862268986914881,0.0,-1.011736139214893,0.0,0.0,0.3372453797382976,-0.6744907594765952,0.0,-0.6744907594765952,0.0,-0.6744907594765952,0.0,-1.3489815189531904,0.0,-1.011736139214893,-0.44966050631773014,-1.011736139214893,-0.6744907594765952,-0.6744907594765952,0.0,0.0,-1.011736139214893,1.3489815189531904,4.046944556859572,-0.6744907594765952,0.0,-0.6744907594765952,0.0,-0.6744907594765952,0.0,1
-0.6744907594765952,0.0,-0.6744907594765952,-0.3372453797382976,-0.3372453797382976,0.0,0.0,-1.011736139214893,1.3489815189531904,4.046944556859572,-0.6744907594765952,0.0,-0.6744907594765952,0.0,-0.6744907594765952,0.0,-0.3372453797382976,0.44966050631773014,-0.3372453797382976,0.6744907594765952,0.0,0.0,0.0,-1.011736139214893,1.3489815189531904,4.046944556859572,-0.6744907594765952,0.0,-0.6744907594765952,0.0,-0.6744907594765952,0.0,1
-1.3489815189531904,0.3372453797382976,-1.6862268986914881,-0.3372453797382976,-1.011736139214893,0.0,0.0,0.3372453797382976,-0.6744907594765952,0.0,-0.6744907594765952,0.0,-0.6744907594765952,0.0,-1.3489815189531904,0.0,-1.011736139214893,0.0,-1.6862268986914881,-0.3372453797382976,-1.011736139214893,0.0,0.0,0.3372453797382976,-0.6744907594765952,0.0,-0.6744907594765952,0.0,-0.6744907594765952,0.0,-1.3489815189531904,0.0,1
-1.3489815189531904,-2.3607176581680833,-1.6862268986914881,-2.023472278429786,-1.011736139214893,0.0,0.0,0.3372453797382976,-0.6744907594765952,0.0,-0.6744907594765952,0.0,-0.6744907594765952,0.0,-1.3489815189531904,0.0,-1.011736139214893,-0.22483025315886507,-1.6862268986914881,1.011736139214893,-1.011736139214893,0.0,0.0,0.3372453797382976,-0.6744907594765952,0.0,-0.6744907594765952,0.0,-0.6744907594765952,0.0,-1.3489815189531904,0.0,1
-0.6744907594765952,-0.6744907594765952,-1.6862268986914881,0.3372453797382976,-1.011736139214893,0.0,0.0,0.3372453797382976,-0.6744907594765952,0.0,-0.6744907594765952,0.0,-0.6744907594765952,0.0,-1.3489815189531904,0.0,-1.011736139214893,-0.22483025315886507,-1.3489815189531904,-0.3372453797382976,-0.6744907594765952,0.0,0.0,-1.011736139214893,1.3489815189531904,0.0,-0.6744907594765952,0.6169330746055764,-0.6744907594765952,0.0,0.6744907594765952,0.0,1
-1.011736139214893,-1.3489815189531904,-1.011736139214893,-1.3489815189531904,-1.011736139214893,0.0,0.0,-0.6744907594765952,1.3489815189531904,4.046944556859572,-0.6744907594765952,0.0,-0.6744907594765952,0.0,-0.6744907594765952,0.0,-1.011736139214893,-0.44966050631773014,-1.6862268986914881,0.6744907594765952,-1.011736139214893,0.0,0.0,0.3372453797382976,-0.6744907594765952,0.0,-0.6744907594765952,0.0,-0.6744907594765952,0.0,-1.3489815189531904,0.0,1
-1.011736139214893,-1.3489815189531904,-1.011736139214893,-1.3489815189531904,-1.011736139214893,0.0,0.0,-1.011736139214893,1.3489815189531904,4.046944556859572,-0.6744907594765952,0.0,-0.6744907594765952,0.0,-0.6744907594765952,0.0,0.0,0.8993210126354603,0.0,1.011736139214893,-0.3372453797382976,1.3489815189531904,-1.3489815189531904,-1.011736139214893,2.023472278429786,4.721435316336167,-1.3489815189531904,1.233866149211153,-0.6744907594765952,0.0,-0.6744907594765952,0.6661485508120517,1
-0.3372453797382976,-0.6744907594765952,-0.3372453797382976,0.0,0.3372453797382976,0.0,0.6744907594765952,0.6744907594765952,0.0,-0.6744907594765952,0.6744907594765952,-0.6334885212226357,0.3372453797382976,1.3489815189531904,4.046944556859572,0.0,-1.011736139214893,0.44966050631773014,-1.6862268986914881,0.3372453797382976,-0.6744907594765952,0.0,0.0,0.6744907594765952,-1.3489815189531904,0.0,-0.6744907594765952,0.0,-0.6744907594765952,0.0,-1.3489815189531904,0.0,1
-1.011736139214893,-1.011736139214893,-1.011736139214893,-1.011736139214893,-0.6744907594765952,0.0,0.0,-1.011736139214893,1.3489815189531904,4.046944556859572,-0.6744907594765952,0.0,-0.6744907594765952,0.0,-0.6744907594765952,0.0,-1.011736139214893,-1.3489815189531904,-1.3489815189531904,-1.3489815189531904,-0.6744907594765952,0.0,0.0,-0.3372453797382976,1.3489815189531904,0.0,-0.6744907594765952,0.0,-0.6744907594765952,0.0,0.0,0.0,1
0.0,0.3372453797382976,0.0,0.0,0.0,-0.6744907594765952,-0.6744907594765952,-0.3372453797382976,1.3489815189531904,0.0,-0.6744907594765952,1.2669770424452713,-0.6744907594765952,0.6744907594765952,1.3489815189531904,0.0,-1.3489815189531904,-1.5738117721120555,-1.6862268986914881,-1.6862268986914881,-1.011736139214893,0.0,0.0,0.3372453797382976,-0.6744907594765952,0.0,-0.6744907594765952,0.0,-0.6744907594765952,0.0,-1.3489815189531904,0.0,1
-0.3372453797382976,0.0,-0.3372453797382976,-0.3372453797382976,-0.3372453797382976,1.3489815189531904,-0.6744907594765952,-1.011736139214893,1.3489815189531904,4.046944556859572,-1.3489815189531904,0.6334885212226357,-0.6744907594765952,0.0,-0.6744907594765952,0.0,-0.3372453797382976,0.44966050631773014,-0.3372453797382976,0.3372453797382976,0.0,0.0,0.0,-1.011736139214893,1.3489815189531904,4.046944556859572,-0.6744907594765952,0.0,-0.6744907594765952,0.0,-0.6744907594765952,0.0,1
-1.011736139214893,0.3372453797382976,-1.011736139214893,0.0,-0.3372453797382976,0.0,0.0,-1.011736139214893,1.3489815189531904,0.0,-0.6744907594765952,0.0,-0.6744907594765952,0.0,0.0,0.0,-1.011736139214893,0.6744907594765952,-1.011736139214893,1.011736139214893,0.0,0.0,0.0,-1.011736139214893,1.3489815189531904,0.0,-0.6744907594765952,0.0,-0.6744907594765952,0.0,0.6744907594765952,0.0,1
-0.6744907594765952,0.3372453797382976,-0.6744907594765952,0.0,-0.6744907594765952,0.0,0.0,-1.011736139214893,2.023472278429786,4.721435316336167,-0.6744907594765952,0.0,-0.6744907594765952,0.0,-0.6744907594765952,-0.6675387723151709,-1.011736139214893,0.6744907594765952,-1.6862268986914881,0.6744907594765952,-1.011736139214893,0.0,0.0,0.3372453797382976,-0.6744907594765952,0.0,-0.6744907594765952,0.0,-0.6744907594765952,0.0,-1.3489815189531904,0.0,1
-1.3489815189531904,-2.3607176581680833,-1.6862268986914881,-1.6862268986914881,-1.011736139214893,0.0,0.0,0.3372453797382976,-0.6744907594765952,0.0,-0.6744907594765952,0.0,-0.6744907594765952,0.0,-1.3489815189531904,0.0,-0.6744907594765952,0.44966050631773014,-1.011736139214893,0.6744907594765952,-0.3372453797382976,0.0,0.0,-1.011736139214893,2.023472278429786,0.0,-0.6744907594765952,0.0,-0.6744907594765952,0.0,0.6744907594765952,0.0,1
-0.3372453797382976,0.3372453797382976,0.0,0.0,0.0,0.6744907594765952,-0.6744907594765952,-0.3372453797382976,1.3489815189531904,0.0,-0.6744907594765952,-0.6334885212226357,-0.6744907594765952,0.6744907594765952,1.3489815189531904,-0.6675387723151709,-0.3372453797382976,0.6744907594765952,-0.3372453797382976,1.011736139214893,-0.3372453797382976,0.0,0.0,-1.011736139214893,2.023472278429786,4.046944556859572,-0.6744907594765952,0.0,-0.6744907594765952,0.0,-0.6744907594765952,0.0,1
-1.011736139214893,-1.3489815189531904,-1.3489815189531904,-1.6862268986914881,-1.011736139214893,0.6744907594765952,0.0,-0.6744907594765952,1.3489815189531904,4.046944556859572,-0.6744907594765952,0.0,-0.6744907594765952,0.0,-1.3489815189531904,0.0,-1.011736139214893,0.44966050631773014,-1.3489815189531904,0.3372453797382976,-0.6744907594765952,0.0,0.0,-1.011736139214893,2.023472278429786,0.0,-0.6744907594765952,0.0,-0.6744907594765952,0.0,0.6744907594765952,0.0,1
-0.6744907594765952,-1.011736139214893,-0.6744907594765952,-1.011736139214893,-0.6744907594765952,0.0,0.0,-1.011736139214893,1.3489815189531904,4.046944556859572,-0.6744907594765952,0.0,-0.6744907594765952,0.0,-0.6744907594765952,-0.6675387723151709,-0.6744907594765952,-0.22483025315886507,-0.3372453797382976,-0.3372453797382976,-0.3372453797382976,0.0,0.0,-1.011736139214893,2.023472278429786,4.046944556859572,-0.6744907594765952,0.0,-0.6744907594765952,0.0,-0.6744907594765952,-0.6661485508120517,1
-0.3372453797382976,0.3372453797382976,-0.3372453797382976,0.0,-0.3372453797382976,-1.3489815189531904,1.3489815189531904,-1.011736139214893,1.3489815189531904,4.046944556859572,0.0,-0.6334885212226357,-0.6744907594765952,0.0,-0.6744907594765952,-0.6675387723151709,-1.011736139214893,0.44966050631773014,-1.6862268986914881,0.3372453797382976,-0.6744907594765952,0.0,0.0,0.6744907594765952,-1.3489815189531904,0.0,-0.6744907594765952,0.0,-0.6744907594765952,0.0,-1.3489815189531904,0.0,1
-0.6744907594765952,1.011736139214893,0.0,0.6744907594765952,0.6744907594765952,2.023472278429786,0.0,-0.3372453797382976,0.0,1.3489815189531904,-1.3489815189531904,-1.900465563667907,0.3372453797382976,0.0,2.697963037906381,-0.6675387723151709,-0.3372453797382976,0.22483025315886507,0.0,0.3372453797382976,0.0,0.6744907594765952,-0.6744907594765952,-0.3372453797382976,1.3489815189531904,0.0,-0.6744907594765952,-0.6169330746055764,-0.6744907594765952,0.6744907594765952,1.3489815189531904,-0.6661485508120517,1
-0.6744907594765952,1.011736139214893,-0.6744907594765952,0.3372453797382976,-0.3372453797382976,1.3489815189531904,0.0,-1.011736139214893,1.3489815189531904,4.046944556859572,-1.3489815189531904,0.0,-0.6744907594765952,0.0,-0.6744907594765952,0.0,0.0,0.8993210126354603,0.0,1.011736139214893,0.0,0.6744907594765952,-0.6744907594765952,-1.011736139214893,1.3489815189531904,4.046944556859572,-0.6744907594765952,0.6169330746055764,0.0,-0.6744907594765952,0.6744907594765952,0.0,1
-1.011736139214893,1.3489815189531904,-1.6862268986914881,0.6744907594765952,-0.6744907594765952,0.0,0.0,0.6744907594765952,-1.3489815189531904,0.0,-0.6744907594765952,0.0,-0.6744907594765952,0.0,-1.3489815189531904,0.0,-1.011736139214893,-0.44966050631773014,-1.6862268986914881,0.6744907594765952,-1.011736139214893,0.0,0.0,0.3372453797382976,-0.6744907594765952,0.0,-0.6744907594765952,0.0,-0.6744907594765952,0.0,-1.3489815189531904,0.0,1
-1.011736139214893,0.6744907594765952,-1.6862268986914881,0.0,-0.6744907594765952,0.0,0.0,0.6744907594765952,-1.3489815189531904,0.0,-0.6744907594765952,0.0,-0.6744907594765952,0.0,-1.3489815189531904,0.0,0.0,0.44966050631773014,0.0,0.3372453797382976,0.0,0.6744907594765952,-0.6744907594765952,-0.6744907594765952,0.6744907594765952,0.0,-0.6744907594765952,-0.6169330746055764,-0.6744907594765952,0.6744907594765952,1.3489815189531904,-0.6661485508120517,1
-1.011736139214893,-1.3489815189531904,-1.011736139214893,-1.3489815189531904,-0.6744907594765952,0.0,0.0,-0.6744907594765952,0.6744907594765952,4.046944556859572,-0.6744907594765952,0.0,-0.6744907594765952,0.0,-1.3489815189531904,0.0,-1.011736139214893,-0.8993210126354603,-1.6862268986914881,-0.3372453797382976,-1.011736139214893,0.0,0.0,0.3372453797382976,-0.6744907594765952,0.0,-0.6744907594765952,0.0,-0.6744907594765952,0.0,-1.3489815189531904,0.0,1
-0.6744907594765952,1.3489815189531904,-1.011736139214893,1.011736139214893,-0.3372453797382976,0.0,0.0,-1.011736139214893,2.023472278429786,0.0,-0.6744907594765952,0.0,-0.6744907594765952,0.0,0.6744907594765952,0.0,-0.6744907594765952,0.6744907594765952,-0.6744907594765952,1.011736139214893,-0.3372453797382976,1.3489815189531904,-0.6744907594765952,-1.011736139214893,1.3489815189531904,4.046944556859572,-1.3489815189531904,0.0,-0.6744907594765952,0.0,-0.6744907594765952,0.0,1
1.011736139214893,1.011736139214893,1.3489815189531904,0.6744907594765952,0.6744907594765952,1.3489815189531904,-1.3489815189531904,0.0,1.3489815189531904,-0.6744907594765952,0.0,-2.5339540848905426,-0.6744907594765952,0.6744907594765952,1.3489815189531904,-0.6675387723151709,0.0,0.44966050631773014,0.0,0.6744907594765952,0.0,1.3489815189531904,-0.6744907594765952,-1.011736139214893,1.3489815189531904,4.046944556859572,-1.3489815189531904,0.6169330746055764,-0.6744907594765952,0.0,-0.6744907594765952,0.0,1
-1.011736139214893,1.3489815189531904,-1.6862268986914881,0.6744907594765952,-1.011736139214893,0.0,0.0,0.3372453797382976,-0.6744907594765952,0.0,-0.6744907594765952,0.0,-0.6744907594765952,0.0,-1.3489815189531904,0.0,0.0,0.6744907594765952,0.3372453797382976,1.011736139214893,0.3372453797382976,-0.6744907594765952,1.3489815189531904,-1.011736139214893,1.3489815189531904,4.046944556859572,0.0,-0.6169330746055764,-0.6744907594765952,0.0,-0.6744907594765952,-0.6661485508120517,1
-1.3489815189531904,-1.3489815189531904,-1.3489815189531904,-1.3489815189531904,-1.011736139214893,0.0,0.0,-0.6744907594765952,0.6744907594765952,4.046944556859572,-0.6744907594765952,0.0,-0.6744907594765952,0.0,-1.3489815189531904,-0.6675387723151709,0.0,0.6744907594765952,0.3372453797382976,1.011736139214893,1.3489815189531904,0.6744907594765952,1.3489815189531904,0.0,0.0,1.3489815189531904,-1.3489815189531904,-2.467732298422306,1.3489815189531904,0.6744907594765952,3.3724537973829762,-3.99689130487231,1
-0.6744907594765952,0.6744907594765952,-1.011736139214893,0.3372453797382976,-0.3372453797382976,0.0,0.0,-1.011736139214893,2.023472278429786,0.0,-0.6744907594765952,0.6334885212226357,-0.6744907594765952,0.0,0.6744907594765952,0.0,0.0,0.22483025315886507,0.3372453797382976,1.3489815189531904,1.011736139214893,1.3489815189531904,0.6744907594765952,1.011736139214893,1.3489815189531904,0.0,-2.023472278429786,-0.6169330746055764,0.3372453797382976,1.3489815189531904,4.721435316336167,0.6661485508120517,1
-0.6744907594765952,1.011736139214893,-1.011736139214893,0.6744907594765952,0.0,0.0,0.0,-1.011736139214893,1.3489815189531904,0.0,-0.6744907594765952,0.0,-0.6744907594765952,0.0,0.6744907594765952,0.0,0.0,0.6744907594765952,0.6744907594765952,1.011736139214893,1.6862268986914881,2.023472278429786,0.6744907594765952,-0.6744907594765952,0.6744907594765952,1.3489815189531904,-1.3489815189531904,-1.8507992238167295,0.3372453797382976,0.0,3.3724537973829762,-1.3322971016241034,1
0.3372453797382976,0.0,0.3372453797382976,-0.3372453797382976,0.0,0.0,-0.6744907594765952,-0.3372453797382976,1.3489815189531904,0.0,-0.6744907594765952,0.0,-0.6744907594765952,0.6744907594765952,1.3489815189531904,0.0,-1.011736139214893,0.22483025315886507,-1.011736139214893,0.3372453797382976,-0.3372453797382976,0.0,0.0,-1.011736139214893,1.3489815189531904,0.0,-0.6744907594765952,0.0,-0.6744907594765952,0.0,0.0,0.0,1
-1.011736139214893,0.6744907594765952,-1.6862268986914881,0.0,-1.011736139214893,0.0,0.0,0.3372453797382976,-0.6744907594765952,0.0,-0.6744907594765952,0.0,-0.6744907594765952,0.0,-1.3489815189531904,0.0,-0.6744907594765952,0.0,-0.6744907594765952,0.0,-0.6744907594765952,0.0,-0.6744907594765952,-1.011736139214893,2.023472278429786,4.721435316336167,0.0,1.233866149211153,-0.6744907594765952,0.0,-0.6744907594765952,0.0,1
-1.011736139214893,-1.011736139214893,-1.011736139214893,-1.011736139214893,-0.6744907594765952,0.0,0.0,-1.011736139214893,1.3489815189531904,4.046944556859572,-0.6744907594765952,0.0,-0.6744907594765952,0.0,-0.6744907594765952,0.0,-1.011736139214893,-0.6744907594765952,-1.011736139214893,-0.6744907594765952,-0.6744907594765952,0.0,0.0,-1.011736139214893,0.6744907594765952,4.046944556859572,-0.6744907594765952,0.0,-0.6744907594765952,0.0,-1.3489815189531904,0.0,1
-1.3489815189531904,-2.023472278429786,-1.6862268986914881,-1.6862268986914881,-1.011736139214893,0.0,0.0,0.3372453797382976,-0.6744907594765952,0.0,-0.6744907594765952,0.0,-0.6744907594765952,0.0,-1.3489815189531904,0.0,-1.011736139214893,0.44966050631773014,-1.3489815189531904,0.3372453797382976,-0.3372453797382976,0.0,0.0,-1.011736139214893,1.3489815189531904,0.0,-0.6744907594765952,0.0,-0.6744907594765952,0.0,0.6744907594765952,0.0,1
0.3372453797382976,1.3489815189531904,0.3372453797382976,1.011736139214893,0.3372453797382976,1.3489815189531904,-1.3489815189531904,-0.3372453797382976,0.0,-0.6744907594765952,0.0,-1.900465563667907,-0.3372453797382976,1.3489815189531904,1.3489815189531904,-0.6675387723151709,-1.3489815189531904,-1.5738117721120555,-1.6862268986914881,-1.6862268986914881,-1.011736139214893,0.0,0.0,0.3372453797382976,-0.6744907594765952,0.0,-0.6744907594765952,0.0,-0.6744907594765952,0.0,-1.3489815189531904,0.0,1
-0.6744907594765952,0.6744907594765952,-1.011736139214893,0.3372453797382976,-0.3372453797382976,0.6744907594765952,0.0,-1.011736139214893,2.697963037906381,0.0,-0.6744907594765952,-0.6334885212226357,-0.6744907594765952,0.0,0.6744907594765952,-0.6675387723151709,-1.011736139214893,-0.6744907594765952,-1.011736139214893,-0.6744907594765952,-0.6744907594765952,0.0,0.0,-1.011736139214893,1.3489815189531904,4.046944556859572,-0.6744907594765952,0.0,-0.6744907594765952,0.0,-0.6744907594765952,0.0,1
-0.6744907594765952,0.3372453797382976,-0.6744907594765952,0.0,-0.3372453797382976,-0.6744907594765952,0.6744907594765952,-1.011736139214893,0.6744907594765952,4.046944556859572,0.0,-0.6334885212226357,-0.6744907594765952,0.0,-0.6744907594765952,-0.6675387723151709,0.6744907594765952,0.44966050631773014,1.011736139214893,0.6744907594765952,0.3372453797382976,-0.6744907594765952,0.0,-0.3372453797382976,1.3489815189531904,0.0,-0.6744907594765952,1.8507992238167295,-0.6744907594765952,0.0,1.3489815189531904,0.0,1
-0.3372453797382976,-0.6744907594765952,-0.3372453797382976,-0.6744907594765952,-0.3372453797382976,-1.3489815189531904,4.046944556859572,0.3372453797382976,0.6744907594765952,3.3724537973829762,1.3489815189531904,-3.1674426061131786,-0.3372453797382976,2.023472278429786,0.0,-2.6701550892606836,0.6744907594765952,0.6744907594765952,0.3372453797382976,0.6744907594765952,0.6744907594765952,-1.3489815189531904,2.697963037906381,0.0,1.3489815189531904,2.697963037906381,2.023472278429786,-1.8507992238167295,0.0,2.697963037906381,0.0,-2.664594203248207,1
-0.6744907594765952,-2.023472278429786,-1.011736139214893,-1.3489815189531904,-0.6744907594765952,0.0,2.697963037906381,-0.6744907594765952,0.6744907594765952,0.0,2.023472278429786,0.0,-0.3372453797382976,1.3489815189531904,-0.6744907594765952,0.0,-0.3372453797382976,0.0,0.0,0.0,0.0,0.0,3.3724537973829762,0.0,1.3489815189531904,0.6744907594765952,2.697963037906381,-0.6169330746055764,0.0,2.023472278429786,-0.6744907594765952,-0.6661485508120517,1
0.0,1.011736139214893,0.3372453797382976,0.6744907594765952,0.0,-1.3489815189531904,2.697963037906381,-0.6744907594765952,2.697963037906381,1.3489815189531904,3.3724537973829762,0.0,-0.6744907594765952,1.3489815189531904,-0.6744907594765952,-0.6675387723151709,1.011736139214893,1.3489815189531904,0.3372453797382976,0.6744907594765952,0.3372453797382976,0.6744907594765952,0.6744907594765952,0.0,1.3489815189531904,2.697963037906381,-1.3489815189531904,-1.233866149211153,0.0,0.0,2.697963037906381,-0.6661485508120517,1
1.3489815189531904,1.3489815189531904,0.6744907594765952,0.0,0.0,-0.6744907594765952,1.3489815189531904,0.0,2.023472278429786,4.046944556859572,-0.6744907594765952,-1.2669770424452713,0.0,0.0,1.3489815189531904,-2.0026163169455127,-0.6744907594765952,-0.22483025315886507,-0.3372453797382976,-0.3372453797382976,-0.3372453797382976,-0.6744907594765952,3.3724537973829762,0.0,1.3489815189531904,0.6744907594765952,2.697963037906381,0.0,-0.3372453797382976,2.023472278429786,-0.6744907594765952,-0.6661485508120517,1
-0.6744907594765952,-1.011736139214893,-0.3372453797382976,0.0,-0.6744907594765952,0.0,4.721435316336167,-1.011736139214893,0.6744907594765952,0.0,2.697963037906381,0.0,-0.6744907594765952,0.0,-1.3489815189531904,0.0,0.0,-0.44966050631773014,0.0,-0.6744907594765952,-0.3372453797382976,0.0,3.3724537973829762,0.0,1.3489815189531904,0.0,2.697963037906381,0.0,0.0,2.023472278429786,-0.6744907594765952,0.0,1
0.6744907594765952,0.6744907594765952,0.3372453797382976,0.3372453797382976,-0.3372453797382976,-1.3489815189531904,4.046944556859572,0.0,2.697963037906381,3.3724537973829762,1.3489815189531904,-3.1674426061131786,-0.6744907594765952,1.3489815189531904,0.0,-2.6701550892606836,0.3372453797382976,0.0,0.6744907594765952,0.3372453797382976,1.011736139214893,-1.3489815189531904,0.6744907594765952,0.0,2.023472278429786,0.0,0.0,0.6169330746055764,0.3372453797382976,-0.6744907594765952,3.3724537973829762,-1.998445652436155,1
-0.6744907594765952,-0.6744907594765952,-0.3372453797382976,0.3372453797382976,-0.6744907594765952,-1.3489815189531904,4.721435316336167,-0.6744907594765952,0.6744907594765952,1.3489815189531904,2.697963037906381,-0.6334885212226357,-0.6744907594765952,0.0,-1.3489815189531904,0.0,-0.3372453797382976,0.6744907594765952,0.0,0.6744907594765952,-0.6744907594765952,0.0,5.395926075812762,-1.011736139214893,0.6744907594765952,0.0,2.697963037906381,0.0,-0.6744907594765952,0.0,-1.3489815189531904,0.0,1
-0.6744907594765952,-1.3489815189531904,-0.6744907594765952,-1.3489815189531904,-0.6744907594765952,-1.3489815189531904,3.3724537973829762,0.0,0.6744907594765952,2.697963037906381,1.3489815189531904,-2.5339540848905426,-0.3372453797382976,1.3489815189531904,0.0,-2.0026163169455127,0.0,0.44966050631773014,0.0,0.6744907594765952,0.0,-1.3489815189531904,4.721435316336167,-0.6744907594765952,0.6744907594765952,1.3489815189531904,2.023472278429786,-0.6169330746055764,-0.6744907594765952,0.0,-1.3489815189531904,0.0,1
0.3372453797382976,-0.3372453797382976,0.0,-0.6744907594765952,-0.3372453797382976,-1.3489815189531904,3.3724537973829762,0.0,2.023472278429786,3.3724537973829762,1.3489815189531904,-2.5339540848905426,-0.3372453797382976,2.023472278429786,0.0,-2.6701550892606836,0.0,-0.22483025315886507,-0.3372453797382976,-0.3372453797382976,-0.3372453797382976,-0.6744907594765952,2.697963037906381,-0.3372453797382976,2.697963037906381,2.697963037906381,1.3489815189531904,-2.467732298422306,-0.6744907594765952,1.3489815189531904,0.6744907594765952,-1.998445652436155,1
-0.3372453797382976,-0.6744907594765952,-0.3372453797382976,-0.6744907594765952,0.0,1.3489815189531904,3.3724537973829762,0.3372453797382976,0.0,-1.3489815189531904,2.697963037906381,0.6334885212226357,0.0,2.697963037906381,-0.6744907594765952,0.0,0.6744907594765952,0.8993210126354603,1.011736139214893,1.011736139214893,1.3489815189531904,0.0,0.0,1.3489815189531904,1.3489815189531904,-1.3489815189531904,1.3489815189531904,1.233866149211153,1.3489815189531904,-0.6744907594765952,4.721435316336167,-2.664594203248207,1
-0.6744907594765952,-1.3489815189531904,-0.6744907594765952,-1.6862268986914881,-0.6744907594765952,-1.3489815189531904,3.3724537973829762,0.0,0.0,2.697963037906381,1.3489815189531904,-1.900465563667907,-0.3372453797382976,1.3489815189531904,-0.6744907594765952,-2.0026163169455127,0.0,0.0,0.0,0.0,0.3372453797382976,0.0,0.6744907594765952,1.3489815189531904,1.3489815189531904,0.0,0.6744907594765952,0.6169330746055764,0.3372453797382976,1.3489815189531904,2.023472278429786,0.0,1
0.3372453797382976,0.3372453797382976,0.0,0.0,0.0,-2.023472278429786,4.046944556859572,0.6744907594765952,0.0,3.3724537973829762,1.3489815189531904,-2.5339540848905426,0.0,2.697963037906381,-0.6744907594765952,-2.0026163169455127,1.6862268986914881,0.8993210126354603,0.6744907594765952,0.3372453797382976,0.0,-1.3489815189531904,1.3489815189531904,0.0,2.697963037906381,4.046944556859572,0.0,-1.8507992238167295,0.0,1.3489815189531904,0.6744907594765952,-1.998445652436155,1
0.3372453797382976,-0.3372453797382976,0.0,-0.6744907594765952,0.0,-0.6744907594765952,2.697963037906381,0.0,0.6744907594765952,2.697963037906381,1.3489815189531904,-1.900465563667907,0.0,2.697963037906381,0.0,-2.6701550892606836,0.0,0.6744907594765952,0.3372453797382976,1.011736139214893,0.6744907594765952,0.0,2.697963037906381,-0.3372453797382976,1.3489815189531904,0.0,2.697963037906381,0.0,-0.3372453797382976,2.697963037906381,-0.6744907594765952,-0.6661485508120517,1
-0.3372453797382976,-1.011736139214893,-0.3372453797382976,-1.3489815189531904,-0.3372453797382976,-1.3489815189531904,3.3724537973829762,0.0,0.6744907594765952,2.697963037906381,1.3489815189531904,-2.5339540848905426,0.0,2.023472278429786,0.0,-2.0026163169455127,-0.6744907594765952,-0.6744907594765952,-0.6744907594765952,0.0,-0.6744907594765952,-1.3489815189531904,4.721435316336167,-0.6744907594765952,0.6744907594765952,1.3489815189531904,2.697963037906381,-0.6169330746055764,-0.6744907594765952,0.0,-1.3489815189531904,0.0,1
0.0,-0.6744907594765952,0.3372453797382976,-0.6744907594765952,0.6744907594765952,0.0,1.3489815189531904,0.3372453797382976,2.023472278429786,0.0,0.0,0.0,0.3372453797382976,1.3489815189531904,3.3724537973829762,-0.6675387723151709,0.3372453797382976,0.44966050631773014,0.6744907594765952,0.3372453797382976,1.6862268986914881,-0.6744907594765952,0.0,0.0,0.6744907594765952,0.0,-0.6744907594765952,1.233866149211153,1.011736139214893,0.6744907594765952,2.023472278429786,-0.6661485508120517,1
-0.3372453797382976,-1.3489815189531904,-0.6744907594765952,-1.3489815189531904,-0.6744907594765952,-1.3489815189531904,2.697963037906381,-0.3372453797382976,0.6744907594765952,2.697963037906381,1.3489815189531904,-1.900465563667907,-0.3372453797382976,1.3489815189531904,0.0,-2.0026163169455127,1.011736139214893,1.1241512657943253,0.3372453797382976,0.6744907594765952,0.0,-0.6744907594765952,2.023472278429786,0.0,0.6744907594765952,3.3724537973829762,0.6744907594765952,-1.233866149211153,0.0,0.6744907594765952,1.3489815189531904,-1.998445652436155,1
0.3372453797382976,1.011736139214893,0.6744907594765952,0.6744907594765952,1.3489815189531904,0.0,-0.6744907594765952,1.3489815189531904,1.3489815189531904,-0.6744907594765952,0.6744907594765952,0.6334885212226357,0.6744907594765952,0.6744907594765952,4.046944556859572,-1.3350775446303418,0.3372453797382976,0.44966050631773014,0.0,0.6744907594765952,0.3372453797382976,-1.3489815189531904,2.697963037906381,-0.3372453797382976,1.3489815189531904,2.697963037906381,2.023472278429786,-1.8507992238167295,-0.3372453797382976,2.697963037906381,0.0,-2.664594203248207,1
-0.3372453797382976,-0.3372453797382976,-0.3372453797382976,0.6744907594765952,-0.6744907594765952,2.023472278429786,4.721435316336167,-1.011736139214893,0.6744907594765952,-1.3489815189531904,2.697963037906381,0.6334885212226357,-0.6744907594765952,0.0,-1.3489815189531904,0.0,0.6744907594765952,0.44966050631773014,0.3372453797382976,0.6744907594765952,0.0,-1.3489815189531904,2.697963037906381,-0.3372453797382976,3.3724537973829762,3.3724537973829762,1.3489815189531904,-2.467732298422306,-0.6744907594765952,1.3489815189531904,0.6744907594765952,-2.664594203248207,1
-0.6744907594765952,-0.3372453797382976,-0.6744907594765952,-0.6744907594765952,-0.3372453797382976,1.3489815189531904,2.697963037906381,0.0,1.3489815189531904,-1.3489815189531904,2.697963037906381,0.0,0.0,2.023472278429786,-0.6744907594765952,0.0,-0.6744907594765952,-0.22483025315886507,-0.6744907594765952,-0.3372453797382976,-0.3372453797382976,0.0,3.3724537973829762,-0.3372453797382976,1.3489815189531904,0.0,2.697963037906381,0.0,-0.3372453797382976,2.023472278429786,-0.6744907594765952,0.0,1
-0.3372453797382976,1.011736139214893,-0.3372453797382976,0.3372453797382976,-0.6744907594765952,0.0,4.721435316336167,-1.011736139214893,0.6744907594765952,0.0,2.697963037906381,0.0,-0.6744907594765952,0.0,-1.3489815189531904,0.0,0.3372453797382976,0.6744907594765952,0.6744907594765952,1.011736139214893,1.6862268986914881,0.6744907594765952,0.6744907594765952,0.6744907594765952,0.6744907594765952,-0.6744907594765952,0.0,0.6169330746055764,1.6862268986914881,-0.6744907594765952,4.046944556859572,-3.330742754060258,1
-1.011736139214893,-0.3372453797382976,-1.011736139214893,-0.6744907594765952,-0.6744907594765952,0.0,4.046944556859572,-1.011736139214893,-0.6744907594765952,0.0,2.023472278429786,0.0,-0.6744907594765952,0.0,-1.3489815189531904,0.0,0.6744907594765952,0.6744907594765952,0.3372453797382976,0.6744907594765952,0.6744907594765952,-1.3489815189531904,2.697963037906381,0.0,1.3489815189531904,2.697963037906381,2.023472278429786,-1.8507992238167295,0.0,2.697963037906381,0.0,-2.664594203248207,1
0.0,0.0,-0.3372453797382976,-0.3372453797382976,-0.3372453797382976,-0.6744907594765952,2.697963037906381,0.3372453797382976,0.0,2.697963037906381,1.3489815189531904,-2.5339540848905426,0.0,2.697963037906381,0.0,-2.0026163169455127,0.6744907594765952,0.8993210126354603,0.3372453797382976,1.011736139214893,0.3372453797382976,-2.023472278429786,3.3724537973829762,0.0,1.3489815189531904,3.3724537973829762,2.023472278429786,-2.467732298422306,-0.3372453797382976,2.023472278429786,0.0,-2.664594203248207,1
-0.6744907594765952,-0.6744907594765952,-0.6744907594765952,-0.6744907594765952,-0.3372453797382976,0.0,3.3724537973829762,0.0,0.6744907594765952,0.0,2.697963037906381,0.0,0.0,2.023472278429786,-0.6744907594765952,0.0,0.0,0.8993210126354603,0.0,1.011736139214893,-0.3372453797382976,-1.3489815189531904,5.395926075812762,-0.6744907594765952,0.6744907594765952,1.3489815189531904,2.697963037906381,-0.6169330746055764,-0.6744907594765952,0.0,-1.3489815189531904,0.0,1
0.3372453797382976,1.011736139214893,0.6744907594765952,0.3372453797382976,1.011736139214893,-0.6744907594765952,0.0,1.3489815189531904,1.3489815189531904,0.0,2.023472278429786,0.6334885212226357,0.6744907594765952,-1.3489815189531904,4.046944556859572,-0.6675387723151709,0.0,0.8993210126354603,0.3372453797382976,1.011736139214893,-0.3372453797382976,0.6744907594765952,5.395926075812762,-0.6744907594765952,0.6744907594765952,0.0,2.697963037906381,0.0,-0.6744907594765952,0.0,-1.3489815189531904,0.0,1
1.6862268986914881,2.023472278429786,1.011736139214893,0.3372453797382976,0.3372453797382976,0.6744907594765952,-0.6744907594765952,0.3372453797382976,3.3724537973829762,4.046944556859572,-1.3489815189531904,-0.6334885212226357,0.0,0.6744907594765952,2.697963037906381,-1.3350775446303418,-0.3372453797382976,-0.6744907594765952,-0.6744907594765952,-0.6744907594765952,-0.6744907594765952,-1.3489815189531904,2.697963037906381,0.0,1.3489815189531904,2.697963037906381,1.3489815189531904,-1.8507992238167295,-0.3372453797382976,2.023472278429786,0.0,-1.998445652436155,1
-0.6744907594765952,-1.3489815189531904,-0.6744907594765952,-0.6744907594765952,-0.6744907594765952,0.0,4.721435316336167,-1.011736139214893,0.6744907594765952,0.0,2.697963037906381,0.0,-0.6744907594765952,0.0,-1.3489815189531904,0.0,-0.6744907594765952,-0.8993210126354603,-0.6744907594765952,-1.3489815189531904,-0.6744907594765952,-1.3489815189531904,3.3724537973829762,-0.3372453797382976,1.3489815189531904,2.697963037906381,1.3489815189531904,-2.467732298422306,-0.6744907594765952,0.6744907594765952,-0.6744907594765952,-1.998445652436155,1
0.0,0.3372453797382976,0.3372453797382976,0.0,0.6744907594765952,-0.6744907594765952,0.6744907594765952,1.3489815189531904,1.3489815189531904,0.6744907594765952,0.0,0.0,0.3372453797382976,1.3489815189531904,2.697963037906381,0.6675387723151709,0.3372453797382976,-0.44966050631773014,0.0,-0.3372453797382976,-0.3372453797382976,-1.3489815189531904,2.697963037906381,0.0,1.3489815189531904,3.3724537973829762,1.3489815189531904,-2.467732298422306,-0.3372453797382976,2.023472278429786,0.0,-2.664594203248207,1
0.0,0.3372453797382976,0.0,0.0,0.0,0.0,2.023472278429786,-0.6744907594765952,2.023472278429786,2.697963037906381,1.3489815189531904,-1.900465563667907,-0.3372453797382976,1.3489815189531904,0.6744907594765952,-2.0026163169455127,-0.6744907594765952,0.0,-0.3372453797382976,0.0,-0.3372453797382976,0.0,4.046944556859572,-1.011736139214893,0.0,0.0,2.023472278429786,0.0,-0.6744907594765952,0.0,-1.3489815189531904,0.0,1
1.011736139214893,0.6744907594765952,1.011736139214893,0.6744907594765952,1.6862268986914881,-0.6744907594765952,0.6744907594765952,0.0,2.697963037906381,0.6744907594765952,0.0,0.6334885212226357,0.3372453797382976,0.0,4.046944556859572,-1.3350775446303418,-0.3372453797382976,-0.22483025315886507,0.0,1.011736139214893,-0.3372453797382976,-1.3489815189531904,5.395926075812762,-0.6744907594765952,0.6744907594765952,1.3489815189531904,2.697963037906381,-0.6169330746055764,-0.6744907594765952,0.0,-1.3489815189531904,0.0,1
0.6744907594765952,1.011736139214893,0.3372453797382976,0.0,-0.3372453797382976,-0.6744907594765952,1.3489815189531904,0.0,2.023472278429786,4.046944556859572,-0.6744907594765952,-1.900465563667907,0.0,0.6744907594765952,1.3489815189531904,-2.0026163169455127,0.3372453797382976,0.0,0.0,0.0,0.0,-0.6744907594765952,2.697963037906381,0.0,1.3489815189531904,2.697963037906381,1.3489815189531904,-2.467732298422306,0.0,2.697963037906381,0.0,-2.664594203248207,1
0.0,1.011736139214893,0.3372453797382976,0.6744907594765952,1.6862268986914881,0.6744907594765952,0.0,0.6744907594765952,0.6744907594765952,0.0,-0.6744907594765952,0.0,1.6862268986914881,-1.3489815189531904,3.3724537973829762,-0.6675387723151709,0.6744907594765952,0.6744907594765952,0.0,0.3372453797382976,-0.3372453797382976,-1.3489815189531904,2.697963037906381,-0.3372453797382976,1.3489815189531904,3.3724537973829762,0.0,-1.8507992238167295,0.0,0.6744907594765952,1.3489815189531904,-2.664594203248207,1
0.0,0.3372453797382976,0.0,0.0,0.0,-0.6744907594765952,2.697963037906381,0.0,1.3489815189531904,1.3489815189531904,2.697963037906381,-0.6334885212226357,1.011736139214893,2.697963037906381,-0.6744907594765952,-0.6675387723151709,0.6744907594765952,1.5738117721120555,0.3372453797382976,1.011736139214893,0.3372453797382976,1.3489815189531904,0.0,0.0,1.3489815189531904,3.3724537973829762,-1.3489815189531904,-1.233866149211153,0.0,0.0,2.697963037906381,-1.3322971016241034,1
0.0,-0.3372453797382976,0.3372453797382976,0.6744907594765952,-0.3372453797382976,-0.6744907594765952,5.395926075812762,-0.6744907594765952,0.6744907594765952,1.3489815189531904,2.697963037906381,-0.6334885212226357,-0.6744907594765952,0.0,-1.3489815189531904,0.0,0.3372453797382976,0.0,0.3372453797382976,0.0,0.0,-2.023472278429786,4.046944556859572,0.3372453797382976,0.0,3.3724537973829762,1.3489815189531904,-2.467732298422306,0.0,2.697963037906381,0.0,-1.998445652436155,1
-0.3372453797382976,-1.011736139214893,-0.6744907594765952,-1.011736139214893,-0.6744907594765952,-1.3489815189531904,3.3724537973829762,0.0,0.6744907594765952,2.697963037906381,1.3489815189531904,-2.5339540848905426,-0.3372453797382976,2.023472278429786,0.0,-2.0026163169455127,0.0,-0.22483025315886507,-0.3372453797382976,-0.3372453797382976,-0.3372453797382976,-1.3489815189531904,2.697963037906381,-0.3372453797382976,1.3489815189531904,2.697963037906381,1.3489815189531904,-1.8507992238167295,-0.3372453797382976,1.3489815189531904,0.0,-1.998445652436155,1
-0.6744907594765952,-2.023472278429786,-0.6744907594765952,-1.3489815189531904,-0.6744907594765952,0.0,3.3724537973829762,-0.3372453797382976,0.6744907594765952,0.0,2.697963037906381,0.0,-0.3372453797382976,2.023472278429786,-0.6744907594765952,0.0,1.011736139214893,0.6744907594765952,0.3372453797382976,0.0,-0.3372453797382976,-2.023472278429786,3.3724537973829762,0.0,1.3489815189531904,3.3724537973829762,0.6744907594765952,-2.467732298422306,0.0,0.0,0.6744907594765952,-3.330742754060258,1
-1.011736139214893,-2.023472278429786,-1.011736139214893,-1.6862268986914881,-1.011736139214893,0.6744907594765952,4.721435316336167,-0.6744907594765952,0.0,-0.6744907594765952,2.023472278429786,0.0,-0.6744907594765952,0.0,-1.3489815189531904,0.0,0.3372453797382976,-0.22483025315886507,0.6744907594765952,0.0,0.6744907594765952,-1.3489815189531904,0.0,0.0,2.023472278429786,0.0,-0.6744907594765952,1.233866149211153,0.3372453797382976,-0.6744907594765952,3.3724537973829762,-1.998445652436155,1
0.0,-0.6744907594765952,0.0,-0.6744907594765952,-0.3372453797382976,-0.6744907594765952,2.697963037906381,-0.3372453797382976,2.023472278429786,2.697963037906381,1.3489815189531904,-1.900465563667907,-0.3372453797382976,2.023472278429786,0.6744907594765952,-2.6701550892606836,1.011736139214893,0.6744907594765952,0.3372453797382976,0.0,-0.3372453797382976,-2.023472278429786,3.3724537973829762,0.0,1.3489815189531904,3.3724537973829762,0.6744907594765952,-2.467732298422306,0.0,0.0,0.6744907594765952,-3.330742754060258,1
-0.3372453797382976,-1.011736139214893,-0.3372453797382976,-1.011736139214893,-0.3372453797382976,-0.6744907594765952,2.697963037906381,0.0,1.3489815189531904,2.697963037906381,1.3489815189531904,-2.5339540848905426,0.0,2.023472278429786,0.6744907594765952,-2.6701550892606836,0.3372453797382976,0.6744907594765952,0.0,0.0,-0.3372453797382976,-0.6744907594765952,1.3489815189531904,-0.3372453797382976,1.3489815189531904,3.3724537973829762,0.0,-1.8507992238167295,0.0,1.3489815189531904,0.6744907594765952,-1.998445652436155,1
1.3489815189531904,1.3489815189531904,0.6744907594765952,0.0,0.0,-1.3489815189531904,2.023472278429786,0.0,2.697963037906381,4.046944556859572,0.0,-1.900465563667907,0.0,0.6744907594765952,0.6744907594765952,-2.6701550892606836,1.011736139214893,1.1241512657943253,0.3372453797382976,0.3372453797382976,0.3372453797382976,-1.3489815189531904,2.697963037906381,-0.3372453797382976,1.3489815189531904,3.3724537973829762,0.0,-1.8507992238167295,0.0,0.6744907594765952,2.023472278429786,-2.664594203248207,1
0.0,0.6744907594765952,0.0,0.3372453797382976,0.6744907594765952,0.0,2.697963037906381,0.3372453797382976,0.6744907594765952,0.0,2.697963037906381,0.0,0.0,2.697963037906381,-0.6744907594765952,-0.6675387723151709,-0.6744907594765952,0.6744907594765952,-0.3372453797382976,0.6744907594765952,-0.6744907594765952,0.0,4.721435316336167,-1.011736139214893,0.6744907594765952,0.0,2.697963037906381,0.0,-0.6744907594765952,0.0,-1.3489815189531904,0.0,1
-0.6744907594765952,-0.3372453797382976,-0.3372453797382976,-0.6744907594765952,-0.3372453797382976,-1.3489815189531904,4.046944556859572,-1.011736139214893,0.0,1.3489815189531904,2.023472278429786,-0.6334885212226357,-0.6744907594765952,0.0,-1.3489815189531904,0.0,-0.6744907594765952,0.0,-0.6744907594765952,0.0,-0.3372453797382976,1.3489815189531904,3.3724537973829762,-1.011736139214893,0.0,-0.6744907594765952,2.023472278429786,0.0,-0.6744907594765952,0.0,-1.3489815189531904,0.0,1
-0.6744907594765952,0.0,-0.3372453797382976,-0.6744907594765952,-0.6744907594765952,0.0,5.395926075812762,-0.6744907594765952,0.0,0.0,2.697963037906381,0.0,-0.6744907594765952,0.0,-1.3489815189531904,0.0,1.3489815189531904,0.6744907594765952,1.011736139214893,1.011736139214893,1.011736139214893,0.0,2.023472278429786,-0.3372453797382976,2.023472278429786,2.697963037906381,1.3489815189531904,-1.8507992238167295,0.3372453797382976,1.3489815189531904,2.023472278429786,-2.664594203248207,1
-0.6744907594765952,-2.023472278429786,-1.011736139214893,-1.3489815189531904,-1.011736139214893,0.0,4.721435316336167,-0.6744907594765952,0.0,0.0,2.697963037906381,0.0,-0.6744907594765952,0.0,-1.3489815189531904,0.0,0.3372453797382976,0.44966050631773014,0.0,0.3372453797382976,0.3372453797382976,-0.6744907594765952,3.3724537973829762,0.3372453797382976,0.0,2.697963037906381,1.3489815189531904,-1.8507992238167295,0.3372453797382976,2.697963037906381,0.0,-2.664594203248207,1
-0.3372453797382976,-1.011736139214893,-0.3372453797382976,-1.011736139214893,-0.6744907594765952,-0.6744907594765952,2.697963037906381,-0.3372453797382976,2.023472278429786,2.697963037906381,1.3489815189531904,-1.900465563667907,-0.3372453797382976,1.3489815189531904,0.0,-2.0026163169455127,0.0,0.22483025315886507,0.0,0.3372453797382976,0.6744907594765952,0.6744907594765952,2.697963037906381,0.0,0.6744907594765952,-0.6744907594765952,2.697963037906381,0.0,0.3372453797382976,2.697963037906381,-0.6744907594765952,-0.6661485508120517,1
-0.3372453797382976,0.6744907594765952,-0.3372453797382976,0.0,-0.6744907594765952,0.0,4.721435316336167,-1.011736139214893,0.6744907594765952,0.0,2.697963037906381,0.0,-0.6744907594765952,0.0,-1.3489815189531904,0.0,1.011736139214893,1.3489815189531904,0.3372453797382976,1.011736139214893,0.3372453797382976,0.0,0.6744907594765952,-0.3372453797382976,1.3489815189531904,3.3724537973829762,-0.6744907594765952,-0.6169330746055764,0.3372453797382976,0.0,2.023472278429786,-1.998445652436155,1
-0.3372453797382976,-1.3489815189531904,-0.3372453797382976,-1.3489815189531904,-0.6744907594765952,-1.3489815189531904,2.697963037906381,-0.3372453797382976,1.3489815189531904,2.697963037906381,1.3489815189531904,-1.900465563667907,-0.3372453797382976,1.3489815189531904,0.0,-2.0026163169455127,-0.3372453797382976,-0.22483025315886507,-0.3372453797382976,-0.3372453797382976,0.0,-0.6744907594765952,2.697963037906381,0.0,0.0,2.697963037906381,0.6744907594765952,-1.8507992238167295,0.3372453797382976,2.697963037906381,0.0,-1.998445652436155,1
-1.011736139214893,-2.3607176581680833,-1.011736139214893,-2.023472278429786,-1.011736139214893,0.0,5.395926075812762,-0.3372453797382976,-0.6744907594765952,0.0,2.023472278429786,0.0,-0.6744907594765952,0.0,-1.3489815189531904,0.0,1.011736139214893,0.6744907594765952,0.3372453797382976,0.0,-0.3372453797382976,-2.023472278429786,3.3724537973829762,0.0,0.6744907594765952,4.046944556859572,0.6744907594765952,-2.467732298422306,0.0,0.6744907594765952,0.6744907594765952,-2.664594203248207,1
-0.6744907594765952,-2.023472278429786,-1.011736139214893,-1.6862268986914881,-1.011736139214893,0.6744907594765952,5.395926075812762,-0.3372453797382976,-0.6744907594765952,-0.6744907594765952,2.023472278429786,0.0,-0.6744907594765952,0.0,-1.3489815189531904,0.0,1.011736139214893,0.44966050631773014,1.011736139214893,1.011736139214893,2.023472278429786,0.0,1.3489815189531904,0.6744907594765952,2.023472278429786,0.0,0.0,0.0,1.011736139214893,1.3489815189531904,6.070416835289357,-0.6661485508120517,1
-0.6744907594765952,-2.023472278429786,-1.011736139214893,-1.6862268986914881,-1.011736139214893,0.6744907594765952,5.395926075812762,-0.6744907594765952,-0.6744907594765952,-0.6744907594765952,2.023472278429786,0.0,-0.6744907594765952,0.0,-1.3489815189531904,0.0,0.6744907594765952,1.3489815189531904,0.0,0.6744907594765952,-0.3372453797382976,-0.6744907594765952,1.3489815189531904,0.0,1.3489815189531904,4.046944556859572,-0.6744907594765952,-1.233866149211153,0.0,0.0,1.3489815189531904,-2.664594203248207,1
0.0,1.011736139214893,0.0,0.6744907594765952,0.3372453797382976,-1.3489815189531904,3.3724537973829762,0.3372453797382976,1.3489815189531904,1.3489815189531904,3.3724537973829762,-0.6334885212226357,0.0,2.697963037906381,-0.6744907594765952,-0.6675387723151709,0.0,0.8993210126354603,0.0,1.011736139214893,-0.3372453797382976,0.0,5.395926075812762,-0.6744907594765952,0.6744907594765952,0.6744907594765952,2.697963037906381,0.0,-0.6744907594765952,0.0,-1.3489815189531904,0.0,1
1.3489815189531904,1.3489815189531904,1.011736139214893,0.6744907594765952,1.011736139214893,0.0,2.697963037906381,0.3372453797382976,2.023472278429786,2.697963037906381,1.3489815189531904,-2.5339540848905426,1.3489815189531904,2.697963037906381,2.697963037906381,-2.0026163169455127,-0.3372453797382976,0.8993210126354603,-0.3372453797382976,1.011736139214893,-0.6744907594765952,-0.6744907594765952,4.721435316336167,-1.011736139214893,0.6744907594765952,0.6744907594765952,2.697963037906381,0.0,-0.6744907594765952,0.0,-1.3489815189531904,0.0,1
1.011736139214893,2.697963037906381,0.3372453797382976,0.6744907594765952,0.3372453797382976,-0.6744907594765952,2.023472278429786,-0.3372453797382976,0.6744907594765952,3.3724537973829762,0.0,-1.2669770424452713,0.3372453797382976,0.6744907594765952,2.023472278429786,-2.0026163169455127,-0.6744907594765952,0.6744907594765952,-0.3372453797382976,0.6744907594765952,-0.6744907594765952,0.0,4.721435316336167,-1.011736139214893,0.6744907594765952,0.0,2.697963037906381,0.0,-0.6744907594765952,0.0,-1.3489815189531904,0.0,1
0.0,0.6744907594765952,-0.3372453797382976,-0.6744907594765952,-0.6744907594765952,-0.6744907594765952,2.023472278429786,-0.3372453797382976,1.3489815189531904,3.3724537973829762,0.0,-1.900465563667907,-0.3372453797382976,1.3489815189531904,0.6744907594765952,-2.0026163169455127,0.0,-0.44966050631773014,0.0,-0.3372453797382976,-0.3372453797382976,-1.3489815189531904,3.3724537973829762,0.0,1.3489815189531904,2.697963037906381,2.023472278429786,-2.467732298422306,-0.3372453797382976,2.023472278429786,0.0,-2.664594203248207,1
0.6744907594765952,0.0,0.3372453797382976,-0.3372453797382976,0.0,-2.023472278429786,4.046944556859572,0.3372453797382976,0.6744907594765952,3.3724537973829762,1.3489815189531904,-2.5339540848905426,-0.3372453797382976,2.023472278429786,0.0,-2.6701550892606836,-0.6744907594765952,0.22483025315886507,-0.3372453797382976,0.0,-0.6744907594765952,0.6744907594765952,5.395926075812762,-0.6744907594765952,0.6744907594765952,-0.6744907594765952,2.697963037906381,0.0,-0.6744907594765952,0.0,-1.3489815189531904,0.0,1
-0.3372453797382976,-0.6744907594765952,-0.3372453797382976,-0.6744907594765952,-0.3372453797382976,-1.3489815189531904,4.046944556859572,0.3372453797382976,0.6744907594765952,3.3724537973829762,1.3489815189531904,-3.1674426061131786,-0.3372453797382976,2.023472278429786,0.0,-2.6701550892606836,0.0,0.6744907594765952,0.3372453797382976,1.011736139214893,0.0,-1.3489815189531904,2.697963037906381,-0.6744907594765952,2.697963037906381,1.3489815189531904,3.3724537973829762,0.0,-0.6744907594765952,1.3489815189531904,-0.6744907594765952,-0.6661485508120517,1
0.3372453797382976,0.3372453797382976,0.6744907594765952,0.3372453797382976,1.3489815189531904,0.0,1.3489815189531904,0.3372453797382976,2.023472278429786,0.0,0.0,0.0,0.3372453797382976,1.3489815189531904,4.046944556859572,-1.3350775446303418,0.6744907594765952,0.8993210126354603,1.011736139214893,1.011736139214893,2.023472278429786,-1.3489815189531904,0.6744907594765952,0.0,1.3489815189531904,0.0,-0.6744907594765952,1.233866149211153,1.011736139214893,0.0,3.3724537973829762,0.0,1
2.023472278429786,2.3607176581680833,1.011736139214893,0.6744907594765952,0.0,-2.023472278429786,3.3724537973829762,0.0,2.023472278429786,3.3724537973829762,0.6744907594765952,-2.5339540848905426,0.0,0.6744907594765952,0.6744907594765952,-2.6701550892606836,-0.6744907594765952,-0.6744907594765952,-0.3372453797382976,0.3372453797382976,-0.6744907594765952,0.0,4.721435316336167,-1.011736139214893,0.6744907594765952,0.0,2.697963037906381,0.0,-0.6744907594765952,0.0,-1.3489815189531904,0.0,1
0.3372453797382976,1.011736139214893,0.6744907594765952,0.6744907594765952,1.011736139214893,0.0,0.0,1.3489815189531904,0.6744907594765952,-1.3489815189531904,2.023472278429786,1.2669770424452713,1.011736139214893,-1.3489815189531904,4.721435316336167,-0.6675387723151709,-0.6744907594765952,-0.6744907594765952,-0.6744907594765952,-0.6744907594765952,-0.6744907594765952,0.0,2.697963037906381,-0.3372453797382976,1.3489815189531904,-0.6744907594765952,2.697963037906381,0.0,-0.3372453797382976,1.3489815189531904,-0.6744907594765952,0.0,1
-0.3372453797382976,0.0,-0.3372453797382976,-0.3372453797382976,0.0,0.0,2.697963037906381,-0.6744907594765952,2.023472278429786,0.0,2.697963037906381,0.0,-0.6744907594765952,1.3489815189531904,-0.6744907594765952,0.0,0.6744907594765952,0.6744907594765952,1.011736139214893,1.011736139214893,2.023472278429786,-0.6744907594765952,0.0,0.3372453797382976,0.6744907594765952,0.0,0.0,1.233866149211153,1.6862268986914881,-0.6744907594765952,3.3724537973829762,-1.3322971016241034,1
1.3489815189531904,1.6862268986914881,0.6744907594765952,0.3372453797382976,-0.3372453797382976,-1.3489815189531904,2.697963037906381,0.0,1.3489815189531904,4.046944556859572,0.0,-2.5339540848905426,0.0,0.0,1.3489815189531904,-2.6701550892606836,-0.6744907594765952,0.0,-0.3372453797382976,-0.3372453797382976,-0.6744907594765952,0.6744907594765952,5.395926075812762,-0.6744907594765952,0.0,-0.6744907594765952,2.697963037906381,0.0,-0.6744907594765952,0.0,-1.3489815189531904,0.0,1
-0.3372453797382976,0.3372453797382976,-0.3372453797382976,0.0,0.0,-1.3489815189531904,2.697963037906381,-0.3372453797382976,1.3489815189531904,0.6744907594765952,2.697963037906381,0.0,0.0,2.023472278429786,-0.6744907594765952,-0.6675387723151709,1.011736139214893,1.3489815189531904,0.3372453797382976,0.6744907594765952,0.3372453797382976,0.6744907594765952,0.6744907594765952,0.0,1.3489815189531904,2.697963037906381,-1.3489815189531904,-1.233866149211153,0.0,0.0,2.697963037906381,-0.6661485508120517,1
0.0,1.011736139214893,0.0,0.3372453797382976,0.0,0.6744907594765952,4.721435316336167,-0.6744907594765952,0.0,-0.6744907594765952,2.023472278429786,0.6334885212226357,-0.6744907594765952,0.0,-1.3489815189531904,0.0,-0.6744907594765952,-0.6744907594765952,-0.6744907594765952,-0.6744907594765952,-0.3372453797382976,0.0,3.3724537973829762,0.0,0.6744907594765952,0.0,2.697963037906381,0.6169330746055764,0.0,2.023472278429786,-0.6744907594765952,0.0,1
1.011736139214893,0.6744907594765952,0.3372453797382976,-0.3372453797382976,-0.3372453797382976,0.0,0.6744907594765952,0.0,2.023472278429786,4.046944556859572,-0.6744907594765952,-0.6334885212226357,0.0,0.0,2.023472278429786,-2.0026163169455127,0.3372453797382976,0.0,0.0,0.0,0.0,0.0,2.697963037906381,0.0,2.023472278429786,2.697963037906381,1.3489815189531904,-2.467732298422306,0.0,2.697963037906381,0.6744907594765952,-1.998445652436155,1
0.0,-0.6744907594765952,0.0,-0.3372453797382976,0.6744907594765952,0.0,1.3489815189531904,0.3372453797382976,1.3489815189531904,0.0,0.6744907594765952,0.0,0.3372453797382976,1.3489815189531904,2.697963037906381,-0.6675387723151709,-0.6744907594765952,-0.8993210126354603,-0.6744907594765952,0.0,-0.6744907594765952,1.3489815189531904,4.721435316336167,-1.011736139214893,0.6744907594765952,-1.3489815189531904,2.697963037906381,0.0,-0.6744907594765952,0.0,-1.3489815189531904,0.0,1
0.6744907594765952,1.3489815189531904,0.3372453797382976,0.6744907594765952,0.6744907594765952,-0.6744907594765952,2.697963037906381,0.0,1.3489815189531904,2.697963037906381,1.3489815189531904,-1.900465563667907,0.0,2.697963037906381,0.0,-2.6701550892606836,-0.3372453797382976,-0.6744907594765952,-0.6744907594765952,-0.6744907594765952,-0.6744907594765952,-1.3489815189531904,3.3724537973829762,0.0,0.6744907594765952,2.697963037906381,1.3489815189531904,-1.8507992238167295,-0.3372453797382976,2.023472278429786,-0.6744907594765952,-1.998445652436155,1
0.3372453797382976,0.6744907594765952,0.6744907594765952,0.6744907594765952,1.6862268986914881,0.0,0.0,0.3372453797382976,2.023472278429786,0.0,-0.6744907594765952,0.6334885212226357,1.011736139214893,-2.697963037906381,6.070416835289357,-2.0026163169455127,-0.6744907594765952,0.22483025315886507,-0.3372453797382976,0.3372453797382976,-0.3372453797382976,-0.6744907594765952,2.697963037906381,0.0,1.3489815189531904,0.6744907594765952,2.697963037906381,-0.6169330746055764,0.0,2.023472278429786,-0.6744907594765952,-0.6661485508120517,1
0.3372453797382976,1.011736139214893,0.6744907594765952,0.3372453797382976,1.6862268986914881,-0.6744907594765952,0.0,0.0,0.6744907594765952,0.0,0.0,1.2669770424452713,1.011736139214893,0.0,2.023472278429786,-1.3350775446303418,0.3372453797382976,0.44966050631773014,0.3372453797382976,0.6744907594765952,0.3372453797382976,-0.6744907594765952,1.3489815189531904,-1.011736139214893,2.023472278429786,2.023472278429786,1.3489815189531904,-1.8507992238167295,-0.6744907594765952,0.6744907594765952,0.6744907594765952,-2.664594203248207,1
0.0,0.3372453797382976,0.3372453797382976,0.0,0.3372453797382976,1.3489815189531904,2.697963037906381,-0.3372453797382976,1.3489815189531904,-0.6744907594765952,2.697963037906381,0.0,-0.3372453797382976,2.023472278429786,-0.6744907594765952,0.0,0.3372453797382976,0.22483025315886507,0.6744907594765952,0.3372453797382976,1.3489815189531904,0.0,0.6744907594765952,0.3372453797382976,1.3489815189531904,0.6744907594765952,-0.6744907594765952,0.6169330746055764,1.011736139214893,0.0,2.023472278429786,-1.3322971016241034,1
-1.011736139214893,-2.3607176581680833,-1.011736139214893,-1.6862268986914881,-1.011736139214893,0.0,4.721435316336167,-0.6744907594765952,-0.6744907594765952,0.0,2.023472278429786,0.0,-0.6744907594765952,0.0,-1.3489815189531904,0.0,0.6744907594765952,0.22483025315886507,0.3372453797382976,0.3372453797382976,0.0,-2.023472278429786,3.3724537973829762,0.0,1.3489815189531904,3.3724537973829762,2.023472278429786,-1.8507992238167295,-0.3372453797382976,2.023472278429786,-0.6744907594765952,-1.998445652436155,1
-0.3372453797382976,0.3372453797382976,-0.3372453797382976,0.0,0.0,-1.3489815189531904,2.697963037906381,-0.3372453797382976,1.3489815189531904,0.6744907594765952,2.697963037906381,0.0,0.0,2.023472278429786,-0.6744907594765952,-0.6675387723151709,-0.3372453797382976,-0.6744907594765952,-0.3372453797382976,-1.011736139214893,-0.6744907594765952,-1.3489815189531904,4.046944556859572,0.0,0.6744907594765952,3.3724537973829762,1.3489815189531904,-3.0846653730278826,-0.3372453797382976,1.3489815189531904,-0.6744907594765952,-1.998445652436155,1
0.6744907594765952,1.3489815189531904,0.3372453797382976,0.6744907594765952,0.3372453797382976,-2.697963037906381,4.046944556859572,0.3372453797382976,0.6744907594765952,3.3724537973829762,2.023472278429786,-2.5339540848905426,-0.3372453797382976,2.023472278429786,-0.6744907594765952,-2.6701550892606836,-0.6744907594765952,-0.8993210126354603,-0.6744907594765952,-1.3489815189531904,-0.6744907594765952,-1.3489815189531904,3.3724537973829762,0.0,0.0,2.697963037906381,1.3489815189531904,-1.8507992238167295,-0.3372453797382976,1.3489815189531904,-0.6744907594765952,-1.998445652436155,1
1.6862268986914881,2.697963037906381,1.011736139214893,0.6744907594765952,0.0,0.0,0.6744907594765952,0.0,2.697963037906381,4.046944556859572,-1.3489815189531904,-1.2669770424452713,0.0,0.0,2.023472278429786,-2.0026163169455127,-0.3372453797382976,0.0,-0.3372453797382976,0.0,-0.3372453797382976,-0.6744907594765952,4.721435316336167,-0.6744907594765952,0.0,0.6744907594765952,2.023472278429786,-0.6169330746055764,-0.6744907594765952,0.0,-1.3489815189531904,0.0,1
-0.6744907594765952,0.3372453797382976,-0.3372453797382976,0.0,-0.3372453797382976,0.6744907594765952,2.697963037906381,-0.3372453797382976,2.697963037906381,-0.6744907594765952,2.697963037906381,-0.6334885212226357,-0.3372453797382976,2.023472278429786,-0.6744907594765952,-0.6675387723151709,-0.3372453797382976,0.44966050631773014,0.0,0.3372453797382976,0.3372453797382976,0.6744907594765952,2.697963037906381,-0.3372453797382976,1.3489815189531904,-0.6744907594765952,2.697963037906381,-0.6169330746055764,0.0,2.697963037906381,-0.6744907594765952,-0.6661485508120517,1
-0.6744907594765952,0.6744907594765952,-0.6744907594765952,0.0,-0.6744907594765952,0.0,4.721435316336167,-1.011736139214893,0.6744907594765952,0.0,2.697963037906381,0.0,-0.6744907594765952,0.0,-1.3489815189531904,0.0,0.0,0.22483025315886507,0.3372453797382976,0.3372453797382976,0.6744907594765952,-0.6744907594765952,0.6744907594765952,1.3489815189531904,1.3489815189531904,0.6744907594765952,0.0,0.0,0.3372453797382976,1.3489815189531904,2.697963037906381,0.6661485508120517,1
-0.3372453797382976,-1.3489815189531904,-0.3372453797382976,-1.3489815189531904,-0.3372453797382976,-0.6744907594765952,2.697963037906381,0.0,1.3489815189531904,2.697963037906381,1.3489815189531904,-1.900465563667907,-0.3372453797382976,2.023472278429786,0.6744907594765952,-2.6701550892606836,0.3372453797382976,-0.22483025315886507,0.6744907594765952,0.0,0.6744907594765952,-1.3489815189531904,0.0,0.0,2.023472278429786,0.0,-0.6744907594765952,1.233866149211153,0.3372453797382976,-0.6744907594765952,3.3724537973829762,-1.998445652436155,1
-1.011736139214893,-2.3607176581680833,-1.011736139214893,-2.023472278429786,-1.011736139214893,0.0,4.721435316336167,-0.6744907594765952,-0.6744907594765952,0.0,2.023472278429786,0.0,-0.6744907594765952,0.0,-1.3489815189531904,0.0,-0.6744907594765952,-0.22483025315886507,-0.6744907594765952,-0.3372453797382976,-0.6744907594765952,0.0,3.3724537973829762,-1.011736139214893,0.0,0.0,2.023472278429786,0.0,-0.6744907594765952,0.0,-1.3489815189531904,0.0,1
-0.3372453797382976,-1.3489815189531904,-0.6744907594765952,-1.3489815189531904,-0.6744907594765952,-1.3489815189531904,2.697963037906381,-0.3372453797382976,0.6744907594765952,2.697963037906381,1.3489815189531904,-1.900465563667907,-0.3372453797382976,1.3489815189531904,0.0,-2.0026163169455127,-0.6744907594765952,0.0,-0.3372453797382976,0.0,-0.3372453797382976,-0.6744907594765952,3.3724537973829762,0.0,1.3489815189531904,0.6744907594765952,2.697963037906381,-0.6169330746055764,-0.3372453797382976,2.023472278429786,-0.6744907594765952,-0.6661485508120517,1
-1.011736139214893,-2.3607176581680833,-1.011736139214893,-1.6862268986914881,-1.011736139214893,0.0,4.721435316336167,-0.6744907594765952,-0.6744907594765952,0.0,2.023472278429786,0.0,-0.6744907594765952,0.0,-1.3489815189531904,0.0,0.0,-0.44966050631773014,0.3372453797382976,-0.3372453797382976,0.6744907594765952,0.6744907594765952,1.3489815189531904,0.6744907594765952,1.3489815189531904,0.0,0.0,0.0,0.3372453797382976,1.3489815189531904,3.3724537973829762,-0.6661485508120517,1
0.0,1.011736139214893,0.0,0.6744907594765952,0.3372453797382976,0.0,3.3724537973829762,0.6744907594765952,0.6744907594765952,0.0,2.697963037906381,0.0,0.3372453797382976,2.697963037906381,-0.6744907594765952,-0.6675387723151709,0.3372453797382976,0.22483025315886507,0.3372453797382976,0.3372453797382976,1.3489815189531904,-1.3489815189531904,0.0,0.0,0.6744907594765952,0.0,-0.6744907594765952,0.6169330746055764,1.011736139214893,0.0,2.023472278429786,-0.6661485508120517,1
0.6744907594765952,1.3489815189531904,0.3372453797382976,0.6744907594765952,0.6744907594765952,-2.023472278429786,4.046944556859572,1.011736139214893,-0.6744907594765952,3.3724537973829762,1.3489815189531904,-2.5339540848905426,0.0,2.697963037906381,-0.6744907594765952,-2.0026163169455127,1.011736139214893,0.6744907594765952,0.3372453797382976,0.0,-0.3372453797382976,-1.3489815189531904,2.023472278429786,0.0,2.023472278429786,4.046944556859572,0.0,-1.8507992238167295,0.0,0.0,1.3489815189531904,-2.664594203248207,1
-0.3372453797382976,-1.011736139214893,-0.3372453797382976,-1.011736139214893,-0.3372453797382976,0.0,3.3724537973829762,0.3372453797382976,0.6744907594765952,0.0,2.697963037906381,0.0,0.0,2.023472278429786,-0.6744907594765952,-0.6675387723151709,-0.3372453797382976,0.0,-0.3372453797382976,0.0,0.0,0.0,3.3724537973829762,0.0,1.3489815189531904,0.0,2.697963037906381,0.0,0.0,2.023472278429786,-0.6744907594765952,0.0,1
-0.6744907594765952,0.0,-0.6744907594765952,-0.3372453797382976,-0.6744907594765952,-0.6744907594765952,4.721435316336167,-1.011736139214893,0.6744907594765952,0.6744907594765952,2.697963037906381,0.0,-0.6744907594765952,0.0,-1.3489815189531904,0.0,0.3372453797382976,0.44966050631773014,0.3372453797382976,0.3372453797382976,0.6744907594765952,-0.6744907594765952,0.0,1.3489815189531904,1.3489815189531904,0.6744907594765952,1.3489815189531904,0.0,0.3372453797382976,0.6744907594765952,2.697963037906381,0.6661485508120517,1
0.3372453797382976,0.3372453797382976,0.0,0.0,0.0,0.0,2.023472278429786,-0.3372453797382976,2.697963037906381,2.697963037906381,1.3489815189531904,-1.900465563667907,-0.3372453797382976,2.023472278429786,0.6744907594765952,-2.6701550892606836,2.023472278429786,1.5738117721120555,1.011736139214893,1.011736139214893,0.3372453797382976,0.0,0.6744907594765952,0.0,3.3724537973829762,4.046944556859572,-0.6744907594765952,-1.233866149211153,0.0,0.6744907594765952,2.023472278429786,-1.998445652436155,1
0.6744907594765952,0.3372453797382976,0.3372453797382976,0.0,0.0,-2.023472278429786,3.3724537973829762,-0.3372453797382976,2.697963037906381,3.3724537973829762,1.3489815189531904,-1.900465563667907,-0.6744907594765952,1.3489815189531904,0.0,-2.6701550892606836,-0.3372453797382976,0.44966050631773014,0.0,0.3372453797382976,0.0,0.0,3.3724537973829762,-0.3372453797382976,2.023472278429786,0.0,3.3724537973829762,0.0,-0.3372453797382976,2.023472278429786,-0.6744907594765952,0.0,1
-0.6744907594765952,-1.3489815189531904,-1.011736139214893,-1.6862268986914881,-0.6744907594765952,-1.3489815189531904,3.3724537973829762,-0.3372453797382976,0.0,2.697963037906381,1.3489815189531904,-1.900465563667907,-0.3372453797382976,1.3489815189531904,-0.6744907594765952,-2.0026163169455127,-0.6744907594765952,-0.6744907594765952,-0.3372453797382976,0.3372453797382976,-0.6744907594765952,0.0,4.721435316336167,-1.011736139214893,0.6744907594765952,0.6744907594765952,2.697963037906381,0.0,-0.6744907594765952,0.0,-1.3489815189531904,0.0,1
-0.6744907594765952,-1.011736139214893,-0.6744907594765952,-0.3372453797382976,-0.6744907594765952,-1.3489815189531904,4.721435316336167,-0.6744907594765952,0.6744907594765952,1.3489815189531904,2.697963037906381,-0.6334885212226357,-0.6744907594765952,0.0,-1.3489815189531904,0.0,0.3372453797382976,0.6744907594765952,0.3372453797382976,1.011736139214893,0.3372453797382976,0.0,1.3489815189531904,-1.011736139214893,2.023472278429786,2.697963037906381,1.3489815189531904,-1.233866149211153,-0.3372453797382976,1.3489815189531904,0.6744907594765952,-2.664594203248207,1
0.0,0.6744907594765952,0.3372453797382976,0.3372453797382976,0.3372453797382976,0.6744907594765952,2.023472278429786,-0.6744907594765952,2.023472278429786,-0.6744907594765952,2.697963037906381,-0.6334885212226357,-0.6744907594765952,1.3489815189531904,-0.6744907594765952,-0.6675387723151709,-0.6744907594765952,-1.3489815189531904,-1.011736139214893,-1.011736139214893,-0.6744907594765952,0.6744907594765952,2.697963037906381,0.0,0.0,0.0,2.023472278429786,-0.6169330746055764,0.0,2.023472278429786,-0.6744907594765952,-0.6661485508120517,1
1.011736139214893,1.011736139214893,0.3372453797382976,-0.3372453797382976,0.0,0.6744907594765952,1.3489815189531904,-0.3372453797382976,1.3489815189531904,2.697963037906381,0.0,-0.6334885212226357,0.0,0.6744907594765952,1.3489815189531904,-1.3350775446303418,0.0,0.8993210126354603,0.0,1.011736139214893,-0.3372453797382976,-1.3489815189531904,5.395926075812762,-0.6744907594765952,0.6744907594765952,1.3489815189531904,2.697963037906381,-0.6169330746055764,-0.6744907594765952,0.0,-1.3489815189531904,0.0,1
-0.6744907594765952,-1.3489815189531904,-0.6744907594765952,-1.3489815189531904,-0.6744907594765952,-0.6744907594765952,2.697963037906381,-0.3372453797382976,1.3489815189531904,2.697963037906381,1.3489815189531904,-1.900465563667907,-0.3372453797382976,1.3489815189531904,0.0,-2.0026163169455127,0.0,0.44966050631773014,0.3372453797382976,0.6744907594765952,0.6744907594765952,-0.6744907594765952,2.697963037906381,-0.3372453797382976,1.3489815189531904,0.6744907594765952,2.697963037906381,0.0,-0.3372453797382976,2.697963037906381,-0.6744907594765952,0.0,1
0.3372453797382976,1.011736139214893,0.0,0.3372453797382976,0.3372453797382976,-2.023472278429786,3.3724537973829762,0.0,0.0,2.697963037906381,2.023472278429786,-1.900465563667907,0.0,3.3724537973829762,0.0,-2.6701550892606836,-0.6744907594765952,-0.8993210126354603,-0.6744907594765952,-1.011736139214893,-0.6744907594765952,-0.6744907594765952,2.697963037906381,-0.3372453797382976,1.3489815189531904,2.697963037906381,1.3489815189531904,-1.8507992238167295,-0.3372453797382976,1.3489815189531904,0.0,-1.998445652436155,1
0.3372453797382976,-0.3372453797382976,0.6744907594765952,0.0,1.011736139214893,0.6744907594765952,2.023472278429786,0.6744907594765952,2.023472278429786,0.0,-0.6744907594765952,0.0,0.3372453797382976,1.3489815189531904,3.3724537973829762,-0.6675387723151709,-1.011736139214893,-1.5738117721120555,-1.3489815189531904,-1.3489815189531904,-1.011736139214893,0.6744907594765952,4.046944556859572,-0.6744907594765952,0.0,-0.6744907594765952,2.023472278429786,0.0,-0.6744907594765952,0.0,-1.3489815189531904,0.0,1
0.3372453797382976,1.011736139214893,0.0,-0.3372453797382976,0.0,0.0,1.3489815189531904,-0.3372453797382976,0.6744907594765952,2.697963037906381,-0.6744907594765952,-0.6334885212226357,0.0,0.6744907594765952,1.3489815189531904,-1.3350775446303418,-0.3372453797382976,0.44966050631773014,-0.3372453797382976,0.3372453797382976,-0.6744907594765952,0.0,5.395926075812762,-1.011736139214893,0.6744907594765952,0.0,2.697963037906381,0.0,-0.6744907594765952,0.0,-1.3489815189531904,0.0,1
0.6744907594765952,0.0,0.3372453797382976,-0.3372453797382976,0.3372453797382976,-0.6744907594765952,2.023472278429786,-0.6744907594765952,3.3724537973829762,2.697963037906381,1.3489815189531904,-1.900465563667907,-0.6744907594765952,1.3489815189531904,0.6744907594765952,-2.6701550892606836,0.0,0.44966050631773014,-0.3372453797382976,-0.3372453797382976,-0.3372453797382976,-1.3489815189531904,2.023472278429786,-0.3372453797382976,0.6744907594765952,2.697963037906381,0.6744907594765952,-1.233866149211153,0.0,0.6744907594765952,1.3489815189531904,-3.330742754060258,1
-0.3372453797382976,-1.011736139214893,-0.3372453797382976,0.0,-0.6744907594765952,0.0,5.395926075812762,-0.6744907594765952,0.6744907594765952,0.0,2.697963037906381,0.0,-0.6744907594765952,0.0,-1.3489815189531904,0.0,-0.6744907594765952,-0.8993210126354603,-0.6744907594765952,-1.3489815189531904,-0.6744907594765952,-1.3489815189531904,3.3724537973829762,0.0,0.0,2.697963037906381,1.3489815189531904,-1.8507992238167295,-0.3372453797382976,1.3489815189531904,-0.6744907594765952,-1.998445652436155,1
-0.6744907594765952,-1.3489815189531904,-0.6744907594765952,-1.6862268986914881,-0.6744907594765952,0.0,2.697963037906381,-0.3372453797382976,0.6744907594765952,0.0,2.697963037906381,0.0,-0.3372453797382976,1.3489815189531904,-0.6744907594765952,-0.6675387723151709,0.6744907594765952,0.0,0.3372453797382976,0.0,0.3372453797382976,-0.6744907594765952,2.023472278429786,-0.6744907594765952,3.3724537973829762,2.697963037906381,1.3489815189531904,-1.8507992238167295,-0.6744907594765952,1.3489815189531904,0.6744907594765952,-2.664594203248207,1
-1.011736139214893,-0.3372453797382976,-1.011736139214893,-0.6744907594765952,-0.6744907594765952,0.0,4.046944556859572,-1.011736139214893,-0.6744907594765952,0.0,2.023472278429786,0.0,-0.6744907594765952,0.0,-1.3489815189531904,0.0,-0.6744907594765952,-0.22483025315886507,-0.3372453797382976,-0.3372453797382976,-0.3372453797382976,-0.6744907594765952,3.3724537973829762,0.0,1.3489815189531904,0.6744907594765952,2.697963037906381,0.0,-0.3372453797382976,2.023472278429786,-0.6744907594765952,-0.6661485508120517,1
-0.6744907594765952,-0.3372453797382976,-0.3372453797382976,-0.6744907594765952,-0.3372453797382976,1.3489815189531904,2.697963037906381,-0.6744907594765952,1.3489815189531904,-1.3489815189531904,2.697963037906381,-0.6334885212226357,-0.3372453797382976,1.3489815189531904,-0.6744907594765952,0.0,1.3489815189531904,0.8993210126354603,0.6744907594765952,0.3372453797382976,0.0,-0.6744907594765952,1.3489815189531904,0.0,2.023472278429786,4.046944556859572,-0.6744907594765952,-1.233866149211153,0.0,0.0,1.3489815189531904,-1.998445652436155,1
0.3372453797382976,1.3489815189531904,0.6744907594765952,0.6744907594765952,1.3489815189531904,0.6744907594765952,2.697963037906381,0.0,0.6744907594765952,-0.6744907594765952,2.697963037906381,0.0,0.3372453797382976,2.697963037906381,-0.6744907594765952,0.0,1.3489815189531904,1.1241512657943253,0.6744907594765952,0.6744907594765952,-0.3372453797382976,-1.3489815189531904,2.697963037906381,0.0,1.3489815189531904,4.046944556859572,0.0,-2.467732298422306,0.0,0.0,1.3489815189531904,-2.664594203248207,1
-0.6744907594765952,-1.3489815189531904,-0.6744907594765952,-1.3489815189531904,-0.6744907594765952,0.0,2.697963037906381,0.0,0.6744907594765952,0.0,2.697963037906381,0.0,0.0,2.023472278429786,-0.6744907594765952,0.0,0.3372453797382976,-0.22483025315886507,0.0,-0.3372453797382976,-0.3372453797382976,-0.6744907594765952,2.023472278429786,-0.3372453797382976,2.697963037906381,2.697963037906381,1.3489815189531904,-2.467732298422306,-0.3372453797382976,1.3489815189531904,0.6744907594765952,-2.664594203248207,1
0.6744907594765952,0.3372453797382976,0.3372453797382976,0.0,0.0,-1.3489815189531904,4.721435316336167,0.6744907594765952,0.6744907594765952,3.3724537973829762,1.3489815189531904,-3.800931127335814,0.0,2.697963037906381,0.0,-2.6701550892606836,1.011736139214893,0.44966050631773014,0.6744907594765952,0.6744907594765952,0.6744907594765952,-1.3489815189531904,3.3724537973829762,0.3372453797382976,0.6744907594765952,2.697963037906381,1.3489815189531904,-2.467732298422306,0.0,2.697963037906381,0.0,-2.664594203248207,1
1.011736139214893,1.6862268986914881,0.3372453797382976,0.3372453797382976,0.3372453797382976,1.3489815189531904,0.6744907594765952,0.0,1.3489815189531904,2.697963037906381,-1.3489815189531904,-1.2669770424452713,0.0,0.0,2.697963037906381,-0.6675387723151709,-0.6744907594765952,0.44966050631773014,-0.3372453797382976,0.6744907594765952,-0.3372453797382976,0.0,4.046944556859572,-1.011736139214893,0.0,0.0,2.023472278429786,0.0,-0.6744907594765952,0.0,-1.3489815189531904,0.0,1
0.6744907594765952,1.3489815189531904,0.3372453797382976,0.6744907594765952,0.6744907594765952,-2.023472278429786,4.046944556859572,1.011736139214893,-0.6744907594765952,3.3724537973829762,1.3489815189531904,-2.5339540848905426,0.0,2.697963037906381,-0.6744907594765952,-2.0026163169455127,-1.011736139214893,-1.3489815189531904,-1.011736139214893,-1.011736139214893,-0.6744907594765952,0.0,3.3724537973829762,0.0,0.6744907594765952,0.0,2.023472278429786,0.6169330746055764,-0.3372453797382976,2.023472278429786,-0.6744907594765952,0.0,1
0.0,1.3489815189531904,0.3372453797382976,0.6744907594765952,0.6744907594765952,0.0,2.697963037906381,0.0,0.6744907594765952,0.0,2.697963037906381,0.0,0.0,2.697963037906381,-0.6744907594765952,0.0,-0.6744907594765952,0.22483025315886507,-0.3372453797382976,0.3372453797382976,0.0,0.0,3.3724537973829762,0.0,0.6744907594765952,0.0,2.697963037906381,0.0,0.0,2.697963037906381,-0.6744907594765952,0.0,1
-0.3372453797382976,-1.011736139214893,-0.3372453797382976,-1.011736139214893,-0.3372453797382976,-0.6744907594765952,2.697963037906381,0.0,1.3489815189531904,2.697963037906381,1.3489815189531904,-2.5339540848905426,0.0,2.023472278429786,0.6744907594765952,-2.6701550892606836,0.0,0.6744907594765952,0.0,1.011736139214893,0.3372453797382976,0.0,3.3724537973829762,0.6744907594765952,0.6744907594765952,0.0,2.697963037906381,0.0,0.3372453797382976,2.697963037906381,-0.6744907594765952,-0.6661485508120517,1
-0.3372453797382976,-0.6744907594765952,-0.3372453797382976,-0.6744907594765952,0.0,1.3489815189531904,3.3724537973829762,0.3372453797382976,0.0,-1.3489815189531904,2.697963037906381,0.6334885212226357,0.0,2.697963037906381,-0.6744907594765952,0.0,0.3372453797382976,0.6744907594765952,0.3372453797382976,1.011736139214893,0.6744907594765952,-0.6744907594765952,2.023472278429786,-0.6744907594765952,2.023472278429786,2.697963037906381,1.3489815189531904,-1.233866149211153,-0.3372453797382976,1.3489815189531904,0.6744907594765952,-2.664594203248207,1
1.011736139214893,0.6744907594765952,0.3372453797382976,-0.6744907594765952,-0.3372453797382976,-0.6744907594765952,1.3489815189531904,0.0,2.023472278429786,4.046944556859572,-0.6744907594765952,-0.6334885212226357,0.0,0.0,2.023472278429786,-2.0026163169455127,0.0,0.0,0.0,0.0,0.6744907594765952,-0.6744907594765952,0.6744907594765952,0.0,0.0,0.0,-0.6744907594765952,0.6169330746055764,1.011736139214893,0.6744907594765952,1.3489815189531904,0.0,1
0.3372453797382976,-0.3372453797382976,0.3372453797382976,-0.3372453797382976,0.6744907594765952,-0.6744907594765952,0.6744907594765952,0.3372453797382976,2.023472278429786,0.6744907594765952,0.0,0.6334885212226357,0.3372453797382976,0.0,2.697963037906381,-1.3350775446303418,0.0,0.6744907594765952,0.0,0.6744907594765952,0.0,-1.3489815189531904,4.721435316336167,-0.6744907594765952,0.0,1.3489815189531904,2.023472278429786,-0.6169330746055764,-0.6744907594765952,0.0,-1.3489815189531904,0.0,1
-0.3372453797382976,0.0,-0.3372453797382976,-0.6744907594765952,-0.6744907594765952,0.6744907594765952,5.395926075812762,-0.6744907594765952,0.0,-0.6744907594765952,2.697963037906381,0.6334885212226357,-0.6744907594765952,0.0,-1.3489815189531904,0.0,0.6744907594765952,0.8993210126354603,0.3372453797382976,0.3372453797382976,0.0,-0.6744907594765952,2.023472278429786,-0.3372453797382976,1.3489815189531904,3.3724537973829762,0.0,-1.233866149211153,0.0,0.6744907594765952,2.023472278429786,-2.664594203248207,1
-0.6744907594765952,-0.6744907594765952,-0.6744907594765952,-0.6744907594765952,-0.3372453797382976,0.0,3.3724537973829762,0.0,0.6744907594765952,0.0,2.697963037906381,0.0,0.0,2.023472278429786,-0.6744907594765952,0.0,-0.6744907594765952,-0.8993210126354603,-0.6744907594765952,-0.3372453797382976,-0.6744907594765952,0.6744907594765952,4.721435316336167,-1.011736139214893,0.6744907594765952,-0.6744907594765952,2.697963037906381,0.0,-0.6744907594765952,0.0,-1.3489815189531904,0.0,1
-0.3372453797382976,0.3372453797382976,0.0,0.0,0.3372453797382976,-0.6744907594765952,2.697963037906381,-0.3372453797382976,1.3489815189531904,0.6744907594765952,2.697963037906381,0.0,0.0,2.697963037906381,-0.6744907594765952,-0.6675387723151709,0.3372453797382976,0.22483025315886507,0.3372453797382976,0.3372453797382976,0.0,-2.023472278429786,4.046944556859572,0.3372453797382976,0.6744907594765952,3.3724537973829762,2.023472278429786,-2.467732298422306,0.0,2.023472278429786,0.0,-2.664594203248207,1
0.0,0.3372453797382976,0.3372453797382976,0.0,0.3372453797382976,-0.6744907594765952,0.0,1.3489815189531904,1.3489815189531904,0.6744907594765952,1.3489815189531904,0.0,0.3372453797382976,1.3489815189531904,2.023472278429786,0.6675387723151709,0.0,-0.44966050631773014,0.0,-0.3372453797382976,-0.3372453797382976,-1.3489815189531904,3.3724537973829762,0.0,2.023472278429786,2.697963037906381,1.3489815189531904,-2.467732298422306,-0.3372453797382976,2.023472278429786,0.0,-2.664594203248207,1
-0.6744907594765952,-0.6744907594765952,-0.3372453797382976,0.3372453797382976,-0.6744907594765952,0.6744907594765952,4.721435316336167,-1.011736139214893,0.6744907594765952,-0.6744907594765952,2.697963037906381,0.0,-0.6744907594765952,0.0,-1.3489815189531904,0.0,0.3372453797382976,0.0,0.0,0.0,-0.3372453797382976,-2.023472278429786,3.3724537973829762,0.0,1.3489815189531904,3.3724537973829762,2.023472278429786,-2.467732298422306,-0.3372453797382976,1.3489815189531904,-0.6744907594765952,-1.998445652436155,1
0.0,0.0,0.0,-0.3372453797382976,0.3372453797382976,0.0,0.0,1.3489815189531904,0.6744907594765952,-0.6744907594765952,0.0,0.6334885212226357,0.3372453797382976,1.3489815189531904,2.697963037906381,-0.6675387723151709,-0.3372453797382976,-0.6744907594765952,-0.3372453797382976,-1.011736139214893,-0.6744907594765952,-1.3489815189531904,4.046944556859572,0.0,0.6744907594765952,3.3724537973829762,1.3489815189531904,-3.0846653730278826,-0.3372453797382976,1.3489815189531904,-0.6744907594765952,-1.998445652436155,1
-0.3372453797382976,-1.6862268986914881,-0.3372453797382976,-0.6744907594765952,-0.3372453797382976,0.0,3.3724537973829762,0.0,0.6744907594765952,0.0,2.697963037906381,0.0,0.0,2.023472278429786,-0.6744907594765952,-0.6675387723151709,0.0,-0.44966050631773014,-0.3372453797382976,-0.3372453797382976,-0.3372453797382976,-0.6744907594765952,2.697963037906381,-0.3372453797382976,1.3489815189531904,2.697963037906381,1.3489815189531904,-2.467732298422306,-0.3372453797382976,2.023472278429786,0.0,-2.664594203248207,1
0.0,-0.3372453797382976,0.0,-0.6744907594765952,0.6744907594765952,0.0,0.6744907594765952,0.3372453797382976,0.0,-0.6744907594765952,0.0,0.6334885212226357,1.011736139214893,0.0,2.023472278429786,-0.6675387723151709,-0.3372453797382976,0.0,0.0,0.0,0.0,0.6744907594765952,3.3724537973829762,0.0,1.3489815189531904,0.0,2.697963037906381,0.0,0.0,2.023472278429786,-0.6744907594765952,0.0,1
-0.6744907594765952,-1.3489815189531904,-0.6744907594765952,-0.6744907594765952,-0.6744907594765952,0.6744907594765952,4.721435316336167,-1.011736139214893,0.6744907594765952,-0.6744907594765952,2.697963037906381,0.0,-0.6744907594765952,0.0,-1.3489815189531904,0.0,-0.3372453797382976,0.0,0.0,0.0,0.0,-0.6744907594765952,3.3724537973829762,0.0,1.3489815189531904,0.6744907594765952,2.697963037906381,0.0,-0.3372453797382976,2.023472278429786,-0.6744907594765952,-0.6661485508120517,1
0.6744907594765952,1.3489815189531904,0.3372453797382976,0.6744907594765952,0.6744907594765952,-0.6744907594765952,2.697963037906381,0.6744907594765952,0.6744907594765952,2.697963037906381,1.3489815189531904,-2.5339540848905426,0.3372453797382976,2.697963037906381,0.0,-2.6701550892606836,1.3489815189531904,1.3489815189531904,0.6744907594765952,1.011736139214893,0.0,0.0,0.6744907594765952,0.0,2.697963037906381,4.046944556859572,-1.3489815189531904,-1.233866149211153,0.0,0.6744907594765952,2.023472278429786,-1.998445652436155,1
-0.3372453797382976,1.3489815189531904,0.0,0.6744907594765952,-0.6744907594765952,1.3489815189531904,5.395926075812762,-1.011736139214893,0.6744907594765952,-0.6744907594765952,2.697963037906381,0.0,-0.6744907594765952,0.0,-1.3489815189531904,0.0,1.011736139214893,0.6744907594765952,1.3489815189531904,0.6744907594765952,1.3489815189531904,-0.6744907594765952,0.0,1.3489815189531904,1.3489815189531904,0.6744907594765952,2.023472278429786,0.0,0.3372453797382976,0.6744907594765952,2.697963037906381,0.0,1
1.011736139214893,2.023472278429786,0.3372453797382976,0.3372453797382976,0.3372453797382976,1.3489815189531904,0.0,-0.3372453797382976,1.3489815189531904,2.023472278429786,-1.3489815189531904,0.0,0.3372453797382976,0.0,2.023472278429786,0.0,0.3372453797382976,-0.22483025315886507,0.3372453797382976,0.0,0.6744907594765952,-0.6744907594765952,0.0,0.0,2.023472278429786,0.0,-0.6744907594765952,1.233866149211153,0.3372453797382976,-1.3489815189531904,3.3724537973829762,-1.3322971016241034,1
0.6744907594765952,0.3372453797382976,0.3372453797382976,0.0,0.0,-1.3489815189531904,4.721435316336167,0.6744907594765952,0.6744907594765952,3.3724537973829762,1.3489815189531904,-3.800931127335814,0.0,2.697963037906381,0.0,-2.6701550892606836,-0.3372453797382976,0.22483025315886507,-0.3372453797382976,0.3372453797382976,-0.3372453797382976,1.3489815189531904,4.046944556859572,-1.011736139214893,0.6744907594765952,-0.6744907594765952,2.023472278429786,0.0,-0.6744907594765952,0.0,-1.3489815189531904,0.0,1
0.3372453797382976,0.3372453797382976,0.6744907594765952,0.3372453797382976,1.3489815189531904,0.0,1.3489815189531904,0.3372453797382976,2.023472278429786,0.0,0.0,0.0,0.3372453797382976,1.3489815189531904,4.046944556859572,-1.3350775446303418,-0.6744907594765952,-0.6744907594765952,-0.6744907594765952,-0.6744907594765952,-0.3372453797382976,0.0,3.3724537973829762,0.0,0.6744907594765952,0.0,2.697963037906381,0.0,0.0,2.023472278429786,-0.6744907594765952,0.0,1
1.3489815189531904,2.023472278429786,0.6744907594765952,0.3372453797382976,0.3372453797382976,-0.6744907594765952,2.023472278429786,0.0,1.3489815189531904,3.3724537973829762,0.0,-1.2669770424452713,0.3372453797382976,0.6744907594765952,2.023472278429786,-2.6701550892606836,0.6744907594765952,0.6744907594765952,1.011736139214893,0.6744907594765952,2.023472278429786,0.6744907594765952,0.6744907594765952,0.6744907594765952,0.6744907594765952,-0.6744907594765952,0.0,0.6169330746055764,2.023472278429786,-0.6744907594765952,4.721435316336167,-1.998445652436155,1
-0.6744907594765952,-0.6744907594765952,-0.3372453797382976,0.0,-0.6744907594765952,-1.3489815189531904,4.721435316336167,-0.6744907594765952,0.6744907594765952,1.3489815189531904,2.697963037906381,-0.6334885212226357,-0.6744907594765952,0.0,-1.3489815189531904,0.0,0.6744907594765952,0.6744907594765952,1.011736139214893,1.011736139214893,1.3489815189531904,-0.6744907594765952,0.0,1.3489815189531904,1.3489815189531904,0.0,1.3489815189531904,0.6169330746055764,0.6744907594765952,1.3489815189531904,2.697963037906381,0.0,1
0.3372453797382976,0.6744907594765952,0.6744907594765952,0.0,1.6862268986914881,-0.6744907594765952,0.0,0.0,0.6744907594765952,0.0,-0.6744907594765952,1.2669770424452713,1.011736139214893,0.6744907594765952,2.023472278429786,-0.6675387723151709,-0.6744907594765952,-0.6744907594765952,-0.6744907594765952,-1.011736139214893,-0.6744907594765952,-0.6744907594765952,2.697963037906381,-0.3372453797382976,1.3489815189531904,2.697963037906381,1.3489815189531904,-1.8507992238167295,-0.3372453797382976,1.3489815189531904,0.0,-1.998445652436155,1
-0.3372453797382976,0.3372453797382976,-0.3372453797382976,0.0,-0.3372453797382976,0.0,4.046944556859572,-1.011736139214893,0.6744907594765952,0.0,2.023472278429786,0.0,-0.6744907594765952,0.0,-1.3489815189531904,0.0,-0.6744907594765952,0.6744907594765952,-0.3372453797382976,0.6744907594765952,-0.6744907594765952,0.6744907594765952,4.721435316336167,-1.011736139214893,0.6744907594765952,-0.6744907594765952,2.697963037906381,0.0,-0.6744907594765952,0.0,-1.3489815189531904,0.0,1
0.0,1.3489815189531904,0.3372453797382976,0.6744907594765952,0.6744907594765952,1.3489815189531904,2.697963037906381,-0.6744907594765952,2.023472278429786,-0.6744907594765952,2.697963037906381,0.0,-0.3372453797382976,2.023472278429786,-0.6744907594765952,0.0,0.0,0.6744907594765952,0.3372453797382976,0.6744907594765952,0.3372453797382976,1.3489815189531904,2.697963037906381,-0.3372453797382976,2.023472278429786,-1.3489815189531904,3.3724537973829762,0.0,-0.3372453797382976,2.023472278429786,-0.6744907594765952,0.6661485508120517,1
0.3372453797382976,1.011736139214893,0.3372453797382976,0.6744907594765952,1.011736139214893,-0.6744907594765952,-0.6744907594765952,1.3489815189531904,1.3489815189531904,0.0,-0.6744907594765952,0.0,0.6744907594765952,2.023472278429786,3.3724537973829762,-0.6675387723151709,-0.3372453797382976,-0.6744907594765952,-0.3372453797382976,-0.6744907594765952,-0.6744907594765952,-1.3489815189531904,4.046944556859572,0.0,0.6744907594765952,2.697963037906381,1.3489815189531904,-2.467732298422306,-0.3372453797382976,2.023472278429786,-0.6744907594765952,-1.998445652436155,1
0.0,0.0,0.0,-0.3372453797382976,-0.3372453797382976,-0.6744907594765952,2.697963037906381,-0.3372453797382976,2.023472278429786,2.697963037906381,1.3489815189531904,-1.900465563667907,-0.3372453797382976,2.023472278429786,0.6744907594765952,-2.6701550892606836,-0.3372453797382976,-0.6744907594765952,-0.3372453797382976,-0.6744907594765952,-0.6744907594765952,-0.6744907594765952,2.697963037906381,-0.3372453797382976,2.023472278429786,2.697963037906381,1.3489815189531904,-1.8507992238167295,-0.3372453797382976,1.3489815189531904,0.0,-1.998445652436155,1
0.6744907594765952,1.3489815189531904,0.0,0.0,-0.3372453797382976,-1.3489815189531904,2.023472278429786,0.0,1.3489815189531904,4.046944556859572,0.0,-1.900465563667907,0.0,0.0,1.3489815189531904,-2.6701550892606836,-0.6744907594765952,0.0,-0.3372453797382976,0.0,-0.6744907594765952,1.3489815189531904,4.721435316336167,-0.6744907594765952,0.6744907594765952,-1.3489815189531904,2.697963037906381,0.6169330746055764,-0.6744907594765952,0.0,-1.3489815189531904,0.0,1
0.3372453797382976,0.0,0.6744907594765952,0.0,1.011736139214893,0.0,0.6744907594765952,0.3372453797382976,2.023472278429786,0.0,0.0,0.0,0.3372453797382976,0.6744907594765952,4.046944556859572,-1.3350775446303418,1.6862268986914881,1.1241512657943253,1.011736139214893,0.3372453797382976,0.0,-2.023472278429786,3.3724537973829762,0.0,2.023472278429786,4.046944556859572,0.6744907594765952,-2.467732298422306,0.0,0.0,1.3489815189531904,-3.330742754060258,1
0.0,0.3372453797382976,0.0,0.0,0.3372453797382976,-0.6744907594765952,2.697963037906381,0.0,0.6744907594765952,0.6744907594765952,2.697963037906381,0.0,0.0,2.697963037906381,-0.6744907594765952,-0.6675387723151709,0.6744907594765952,0.8993210126354603,1.011736139214893,1.011736139214893,1.3489815189531904,0.0,0.0,1.3489815189531904,1.3489815189531904,-1.3489815189531904,1.3489815189531904,1.233866149211153,1.3489815189531904,-0.6744907594765952,4.721435316336167,-2.664594203248207,1
-0.6744907594765952,1.011736139214893,-0.3372453797382976,0.3372453797382976,-0.6744907594765952,0.6744907594765952,4.721435316336167,-1.011736139214893,0.6744907594765952,-0.6744907594765952,2.697963037906381,0.0,-0.6744907594765952,0.0,-1.3489815189531904,0.0,0.0,0.0,0.0,0.0,-0.3372453797382976,-0.6744907594765952,2.697963037906381,-0.3372453797382976,2.023472278429786,2.697963037906381,1.3489815189531904,-1.8507992238167295,-0.3372453797382976,2.023472278429786,0.6744907594765952,-2.664594203248207,1
0.6744907594765952,0.0,0.3372453797382976,-0.3372453797382976,0.3372453797382976,0.0,2.023472278429786,-0.3372453797382976,1.3489815189531904,2.697963037906381,1.3489815189531904,-1.900465563667907,0.3372453797382976,2.023472278429786,1.3489815189531904,-2.6701550892606836,1.3489815189531904,1.1241512657943253,1.011736139214893,0.6744907594765952,0.3372453797382976,0.0,0.6744907594765952,-0.3372453797382976,1.3489815189531904,3.3724537973829762,0.0,-0.6169330746055764,0.3372453797382976,0.6744907594765952,2.023472278429786,-1.3322971016241034,1
0.0,-0.6744907594765952,0.0,-0.6744907594765952,-0.3372453797382976,-1.3489815189531904,3.3724537973829762,0.0,1.3489815189531904,2.697963037906381,2.023472278429786,-2.5339540848905426,-0.3372453797382976,2.023472278429786,0.0,-2.6701550892606836,-0.3372453797382976,0.8993210126354603,0.0,1.011736139214893,-0.6744907594765952,0.6744907594765952,5.395926075812762,-1.011736139214893,0.6744907594765952,0.0,2.697963037906381,0.0,-0.6744907594765952,0.0,-1.3489815189531904,0.0,1
-0.3372453797382976,-1.3489815189531904,-0.3372453797382976,-0.6744907594765952,-0.3372453797382976,0.0,3.3724537973829762,0.0,0.6744907594765952,0.0,2.697963037906381,0.0,0.0,2.023472278429786,-0.6744907594765952,0.0,-1.011736139214893,-1.5738117721120555,-1.3489815189531904,-1.3489815189531904,-1.011736139214893,0.6744907594765952,4.046944556859572,-0.6744907594765952,0.0,-0.6744907594765952,2.023472278429786,0.0,-0.6744907594765952,0.0,-1.3489815189531904,0.0,1
-0.3372453797382976,0.6744907594765952,0.0,0.0,0.0,0.0,3.3724537973829762,-0.3372453797382976,2.023472278429786,0.0,3.3724537973829762,0.0,-0.3372453797382976,2.023472278429786,-0.6744907594765952,0.0,-0.6744907594765952,-0.6744907594765952,-0.6744907594765952,0.0,-0.6744907594765952,-1.3489815189531904,4.721435316336167,-0.6744907594765952,0.6744907594765952,1.3489815189531904,2.697963037906381,-0.6169330746055764,-0.6744907594765952,0.0,-1.3489815189531904,0.0,1
-0.6744907594765952,-0.6744907594765952,-0.3372453797382976,0.3372453797382976,-0.6744907594765952,-1.3489815189531904,4.721435316336167,-0.6744907594765952,0.6744907594765952,1.3489815189531904,2.697963037906381,-0.6334885212226357,-0.6744907594765952,0.0,-1.3489815189531904,0.0,0.6744907594765952,0.22483025315886507,0.3372453797382976,0.3372453797382976,0.3372453797382976,-2.023472278429786,4.046944556859572,0.6744907594765952,0.0,2.697963037906381,1.3489815189531904,-2.467732298422306,0.0,2.697963037906381,-0.6744907594765952,-1.998445652436155,1
0.0,1.011736139214893,0.0,0.6744907594765952,0.0,0.0,4.046944556859572,-1.011736139214893,0.6744907594765952,0.0,2.023472278429786,0.0,-0.6744907594765952,0.0,-1.3489815189531904,0.0,-0.3372453797382976,-0.6744907594765952,-0.3372453797382976,-0.6744907594765952,-0.3372453797382976,-0.6744907594765952,2.697963037906381,0.0,1.3489815189531904,2.697963037906381,1.3489815189531904,-2.467732298422306,0.0,2.023472278429786,0.6744907594765952,-2.664594203248207,1
1.3489815189531904,1.3489815189531904,1.011736139214893,1.011736139214893,1.3489815189531904,-0.6744907594765952,2.697963037906381,-0.3372453797382976,2.023472278429786,2.697963037906381,1.3489815189531904,-1.900465563667907,0.6744907594765952,1.3489815189531904,1.3489815189531904,-2.6701550892606836,-0.3372453797382976,0.6744907594765952,0.0,0.6744907594765952,-0.6744907594765952,0.0,5.395926075812762,-1.011736139214893,0.6744907594765952,0.0,2.697963037906381,0.0,-0.6744907594765952,0.0,-1.3489815189531904,0.0,1
0.6744907594765952,0.3372453797382976,0.3372453797382976,0.0,0.3372453797382976,0.0,2.697963037906381,0.0,2.023472278429786,3.3724537973829762,1.3489815189531904,-2.5339540848905426,0.0,2.697963037906381,0.6744907594765952,-2.6701550892606836,-0.6744907594765952,-1.1241512657943253,-0.6744907594765952,-0.6744907594765952,-0.3372453797382976,0.0,2.697963037906381,-0.3372453797382976,1.3489815189531904,0.0,2.697963037906381,0.0,-0.3372453797382976,2.023472278429786,-0.6744907594765952,0.0,1
-0.3372453797382976,-2.023472278429786,-0.3372453797382976,-1.011736139214893,-0.3372453797382976,0.0,3.3724537973829762,0.3372453797382976,0.6744907594765952,0.0,2.697963037906381,0.0,0.0,2.023472278429786,-0.6744907594765952,0.0,0.0,0.6744907594765952,0.0,0.6744907594765952,0.0,-1.3489815189531904,4.721435316336167,-0.6744907594765952,0.0,1.3489815189531904,2.023472278429786,-0.6169330746055764,-0.6744907594765952,0.0,-1.3489815189531904,0.0,1
-0.3372453797382976,-1.011736139214893,-0.3372453797382976,-1.011736139214893,-0.6744907594765952,-1.3489815189531904,4.046944556859572,0.0,0.6744907594765952,2.697963037906381,1.3489815189531904,-2.5339540848905426,-0.3372453797382976,2.023472278429786,-0.6744907594765952,-2.0026163169455127,0.0,-0.44966050631773014,0.0,-0.3372453797382976,-0.3372453797382976,-1.3489815189531904,3.3724537973829762,0.0,1.3489815189531904,2.697963037906381,2.023472278429786,-2.467732298422306,-0.3372453797382976,2.023472278429786,0.0,-2.664594203248207,1
0.0,0.6744907594765952,0.0,0.3372453797382976,0.3372453797382976,1.3489815189531904,2.697963037906381,0.0,1.3489815189531904,-1.3489815189531904,2.697963037906381,0.0,0.0,2.697963037906381,-0.6744907594765952,0.0,-0.6744907594765952,0.0,-0.3372453797382976,0.0,-0.3372453797382976,-0.6744907594765952,2.697963037906381,-0.3372453797382976,2.023472278429786,0.6744907594765952,2.697963037906381,0.0,-0.3372453797382976,1.3489815189531904,-0.6744907594765952,-0.6661485508120517,1
0.6744907594765952,1.3489815189531904,0.3372453797382976,0.6744907594765952,0.3372453797382976,-2.023472278429786,3.3724537973829762,0.0,1.3489815189531904,3.3724537973829762,2.023472278429786,-2.5339540848905426,-0.3372453797382976,2.023472278429786,0.0,-2.6701550892606836,-0.3372453797382976,-0.22483025315886507,-0.6744907594765952,-0.3372453797382976,-0.3372453797382976,-1.3489815189531904,3.3724537973829762,0.3372453797382976,0.0,2.697963037906381,1.3489815189531904,-1.8507992238167295,0.0,2.697963037906381,-0.6744907594765952,-1.998445652436155,1
-0.6744907594765952,-2.023472278429786,-0.6744907594765952,-1.3489815189531904,-0.6744907594765952,-0.6744907594765952,3.3724537973829762,-0.3372453797382976,1.3489815189531904,0.6744907594765952,2.697963037906381,0.0,-0.3372453797382976,1.3489815189531904,-0.6744907594765952,-0.6675387723151709,-0.6744907594765952,0.0,-0.3372453797382976,-0.3372453797382976,-0.6744907594765952,1.3489815189531904,4.721435316336167,-0.6744907594765952,0.6744907594765952,-1.3489815189531904,2.697963037906381,0.6169330746055764,-0.6744907594765952,0.0,-1.3489815189531904,0.0,1
-0.6744907594765952,0.3372453797382976,-0.3372453797382976,-0.3372453797382976,-0.6744907594765952,0.6744907594765952,5.395926075812762,-0.6744907594765952,0.6744907594765952,-0.6744907594765952,2.697963037906381,0.0,-0.6744907594765952,0.0,-1.3489815189531904,0.0,-0.3372453797382976,-1.1241512657943253,-0.3372453797382976,-0.3372453797382976,-0.3372453797382976,0.0,3.3724537973829762,0.0,0.6744907594765952,0.0,2.697963037906381,0.0,0.0,2.023472278429786,-0.6744907594765952,-0.6661485508120517,1
0.0,1.3489815189531904,0.3372453797382976,1.011736139214893,1.011736139214893,1.3489815189531904,2.697963037906381,0.0,0.6744907594765952,-0.6744907594765952,2.697963037906381,0.0,0.0,2.697963037906381,-0.6744907594765952,0.0,-0.3372453797382976,0.22483025315886507,-0.3372453797382976,0.3372453797382976,-0.3372453797382976,1.3489815189531904,4.046944556859572,-1.011736139214893,0.0,-0.6744907594765952,2.023472278429786,0.0,-0.6744907594765952,0.0,-1.3489815189531904,0.0,1
2.023472278429786,2.3607176581680833,1.011736139214893,0.6744907594765952,0.3372453797382976,0.0,0.6744907594765952,0.0,3.3724537973829762,4.046944556859572,-0.6744907594765952,-1.2669770424452713,0.0,0.6744907594765952,2.023472278429786,-2.0026163169455127,0.3372453797382976,0.6744907594765952,0.0,0.6744907594765952,0.0,-2.023472278429786,4.721435316336167,0.6744907594765952,0.0,3.3724537973829762,1.3489815189531904,-3.0846653730278826,-0.3372453797382976,2.023472278429786,-0.6744907594765952,-1.998445652436155,1
0.3372453797382976,1.011736139214893,0.0,0.3372453797382976,0.0,-1.3489815189531904,4.046944556859572,0.0,1.3489815189531904,3.3724537973829762,1.3489815189531904,-3.1674426061131786,-0.3372453797382976,2.023472278429786,0.0,-2.6701550892606836,0.3372453797382976,-0.22483025315886507,0.3372453797382976,0.0,1.011736139214893,0.6744907594765952,1.3489815189531904,0.6744907594765952,1.3489815189531904,0.0,0.0,0.0,0.3372453797382976,1.3489815189531904,3.3724537973829762,-0.6661485508120517,1
0.6744907594765952,2.3607176581680833,0.0,0.6744907594765952,0.0,-0.6744907594765952,2.023472278429786,-0.3372453797382976,0.6744907594765952,2.697963037906381,0.0,-1.2669770424452713,0.0,0.6744907594765952,2.023472278429786,-2.6701550892606836,0.3372453797382976,0.0,0.6744907594765952,0.3372453797382976,1.3489815189531904,0.0,0.6744907594765952,0.3372453797382976,2.023472278429786,0.6744907594765952,0.0,0.6169330746055764,0.3372453797382976,0.0,4.046944556859572,-1.3322971016241034,1
-0.6744907594765952,1.011736139214893,-0.3372453797382976,0.3372453797382976,-0.6744907594765952,0.6744907594765952,4.721435316336167,-1.011736139214893,0.6744907594765952,-0.6744907594765952,2.697963037906381,0.0,-0.6744907594765952,0.0,-1.3489815189531904,0.0,0.3372453797382976,0.0,0.6744907594765952,0.3372453797382976,1.3489815189531904,0.0,0.6744907594765952,0.3372453797382976,2.023472278429786,0.6744907594765952,0.0,0.6169330746055764,0.3372453797382976,0.0,4.046944556859572,-1.3322971016241034,1
0.6744907594765952,0.3372453797382976,0.3372453797382976,0.0,0.0,-2.023472278429786,3.3724537973829762,0.0,1.3489815189531904,3.3724537973829762,2.023472278429786,-1.900465563667907,-0.3372453797382976,2.023472278429786,-0.6744907594765952,-2.0026163169455127,1.6862268986914881,1.3489815189531904,1.011736139214893,0.6744907594765952,0.3372453797382976,0.6744907594765952,-0.6744907594765952,0.3372453797382976,3.3724537973829762,4.046944556859572,-1.3489815189531904,-0.6169330746055764,0.0,0.6744907594765952,2.697963037906381,-1.3322971016241034,1
-1.011736139214893,-2.3607176581680833,-1.011736139214893,-1.6862268986914881,-1.011736139214893,0.0,4.721435316336167,-0.6744907594765952,-0.6744907594765952,0.0,2.023472278429786,0.0,-0.6744907594765952,0.0,-1.3489815189531904,0.0,0.6744907594765952,0.22483025315886507,0.3372453797382976,0.3372453797382976,0.3372453797382976,0.0,2.697963037906381,0.0,2.023472278429786,3.3724537973829762,1.3489815189531904,-2.467732298422306,0.0,2.697963037906381,0.6744907594765952,-2.664594203248207,1
0.3372453797382976,0.0,0.0,-0.3372453797382976,-0.3372453797382976,-1.3489815189531904,2.697963037906381,-0.3372453797382976,2.697963037906381,3.3724537973829762,1.3489815189531904,-2.5339540848905426,-0.6744907594765952,1.3489815189531904,0.0,-2.6701550892606836,0.3372453797382976,0.0,0.6744907594765952,0.3372453797382976,1.3489815189531904,0.0,0.6744907594765952,0.3372453797382976,2.023472278429786,0.6744907594765952,0.0,0.6169330746055764,0.3372453797382976,0.0,4.046944556859572,-1.3322971016241034,1
1.011736139214893,1.011736139214893,0.3372453797382976,-0.3372453797382976,0.0,-1.3489815189531904,2.697963037906381,-0.3372453797382976,1.3489815189531904,3.3724537973829762,0.0,-1.900465563667907,0.0,0.0,1.3489815189531904,-2.6701550892606836,-0.3372453797382976,-0.6744907594765952,-0.3372453797382976,-1.011736139214893,-0.6744907594765952,-1.3489815189531904,2.697963037906381,-0.3372453797382976,1.3489815189531904,2.697963037906381,1.3489815189531904,-2.467732298422306,-0.3372453797382976,1.3489815189531904,0.0,-1.998445652436155,1
1.011736139214893,1.6862268986914881,0.3372453797382976,0.3372453797382976,0.3372453797382976,-0.6744907594765952,2.023472278429786,-0.3372453797382976,0.6744907594765952,3.3724537973829762,0.0,-1.2669770424452713,0.0,0.6744907594765952,1.3489815189531904,-2.6701550892606836,-0.6744907594765952,0.0,-0.6744907594765952,-0.3372453797382976,-0.6744907594765952,2.023472278429786,4.721435316336167,-0.6744907594765952,0.6744907594765952,-2.023472278429786,2.697963037906381,0.6169330746055764,-0.6744907594765952,0.0,-1.3489815189531904,0.0,1
0.0,0.6744907594765952,0.3372453797382976,0.3372453797382976,0.3372453797382976,0.6744907594765952,2.023472278429786,-0.6744907594765952,2.023472278429786,-0.6744907594765952,2.697963037906381,-0.6334885212226357,-0.6744907594765952,1.3489815189531904,-0.6744907594765952,-0.6675387723151709,-0.6744907594765952,-0.8993210126354603,-0.6744907594765952,-1.011736139214893,-0.6744907594765952,0.0,3.3724537973829762,-0.3372453797382976,1.3489815189531904,0.0,2.697963037906381,0.0,-0.3372453797382976,2.023472278429786,-0.6744907594765952,0.0,1
0.0,0.6744907594765952,0.0,0.3372453797382976,0.0,-1.3489815189531904,4.721435316336167,-0.6744907594765952,0.6744907594765952,1.3489815189531904,2.023472278429786,-0.6334885212226357,-0.6744907594765952,0.0,-1.3489815189531904,0.0,-0.3372453797382976,0.6744907594765952,0.0,0.6744907594765952,-0.6744907594765952,2.023472278429786,5.395926075812762,-0.6744907594765952,0.6744907594765952,-2.023472278429786,2.697963037906381,0.6169330746055764,-0.6744907594765952,0.0,-1.3489815189531904,0.0,1
0.3372453797382976,1.3489815189531904,0.0,0.6744907594765952,0.0,-1.3489815189531904,2.697963037906381,-0.3372453797382976,2.023472278429786,3.3724537973829762,2.023472278429786,-2.5339540848905426,-0.3372453797382976,2.023472278429786,0.0,-2.6701550892606836,1.011736139214893,0.22483025315886507,0.6744907594765952,0.3372453797382976,0.6744907594765952,0.0,2.023472278429786,0.0,1.3489815189531904,2.023472278429786,1.3489815189531904,-1.8507992238167295,0.6744907594765952,2.023472278429786,2.023472278429786,-1.998445652436155,1
-0.3372453797382976,0.3372453797382976,-0.3372453797382976,0.0,0.3372453797382976,-0.6744907594765952,2.697963037906381,0.0,0.6744907594765952,0.6744907594765952,2.697963037906381,0.0,0.0,2.697963037906381,-0.6744907594765952,-0.6675387723151709,0.0,0.6744907594765952,0.3372453797382976,0.6744907594765952,-0.3372453797382976,0.0,5.395926075812762,-0.6744907594765952,0.6744907594765952,0.0,2.697963037906381,0.0,-0.6744907594765952,0.0,-1.3489815189531904,0.0,1
1.011736139214893,0.6744907594765952,0.6744907594765952,0.3372453797382976,0.3372453797382976,-1.3489815189531904,2.023472278429786,-0.6744907594765952,2.023472278429786,2.697963037906381,1.3489815189531904,-1.2669770424452713,-0.6744907594765952,0.6744907594765952,0.0,-2.6701550892606836,-0.3372453797382976,-0.6744907594765952,-0.3372453797382976,-0.6744907594765952,-0.3372453797382976,-0.6744907594765952,2.697963037906381,0.0,1.3489815189531904,2.697963037906381,1.3489815189531904,-2.467732298422306,0.0,2.023472278429786,0.6744907594765952,-2.664594203248207,1
0.0,-0.3372453797382976,-0.3372453797382976,-0.6744907594765952,-0.3372453797382976,-1.3489815189531904,2.697963037906381,-0.3372453797382976,1.3489815189531904,2.697963037906381,1.3489815189531904,-1.900465563667907,-0.3372453797382976,1.3489815189531904,0.0,-2.0026163169455127,-0.3372453797382976,0.22483025315886507,-0.3372453797382976,0.3372453797382976,0.3372453797382976,-0.6744907594765952,2.697963037906381,0.0,0.6744907594765952,0.6744907594765952,2.697963037906381,0.0,0.0,2.697963037906381,-0.6744907594765952,-0.6661485508120517,1
-0.3372453797382976,-0.3372453797382976,-0.3372453797382976,-0.3372453797382976,0.3372453797382976,-0.6744907594765952,0.0,0.0,2.023472278429786,0.6744907594765952,0.0,1.2669770424452713,0.3372453797382976,-0.6744907594765952,3.3724537973829762,-1.3350775446303418,0.3372453797382976,0.8993210126354603,0.6744907594765952,1.011736139214893,1.011736139214893,0.0,2.697963037906381,-0.3372453797382976,1.3489815189531904,0.0,2.697963037906381,0.0,0.0,2.697963037906381,-0.6744907594765952,0.0,1
0.0,-0.6744907594765952,0.0,-0.6744907594765952,0.0,-1.3489815189531904,3.3724537973829762,0.3372453797382976,0.6744907594765952,2.697963037906381,1.3489815189531904,-2.5339540848905426,0.0,2.023472278429786,-0.6744907594765952,-2.0026163169455127,0.3372453797382976,0.0,0.0,0.0,0.0,-0.6744907594765952,2.697963037906381,0.0,0.6744907594765952,2.697963037906381,1.3489815189531904,-1.8507992238167295,0.3372453797382976,2.023472278429786,0.6744907594765952,-2.664594203248207,1
0.3372453797382976,0.6744907594765952,0.0,0.0,0.3372453797382976,-0.6744907594765952,3.3724537973829762,0.3372453797382976,0.0,2.697963037906381,1.3489815189531904,-1.900465563667907,0.3372453797382976,2.697963037906381,0.0,-2.6701550892606836,-1.011736139214893,-0.22483025315886507,-1.011736139214893,-0.3372453797382976,-0.6744907594765952,0.0,4.046944556859572,-1.011736139214893,0.0,0.0,2.023472278429786,0.0,-0.6744907594765952,0.0,-1.3489815189531904,0.0,1
-0.3372453797382976,-0.6744907594765952,-0.3372453797382976,-1.011736139214893,-0.3372453797382976,-1.3489815189531904,3.3724537973829762,0.0,1.3489815189531904,2.697963037906381,1.3489815189531904,-1.900465563667907,-0.3372453797382976,2.023472278429786,0.0,-2.0026163169455127,0.3372453797382976,0.22483025315886507,0.0,0.3372453797382976,0.0,-2.023472278429786,4.046944556859572,0.3372453797382976,0.6744907594765952,3.3724537973829762,2.023472278429786,-2.467732298422306,-0.3372453797382976,2.023472278429786,-0.6744907594765952,-1.998445652436155,1
0.6744907594765952,0.3372453797382976,0.3372453797382976,0.0,0.0,0.0,2.697963037906381,0.0,2.023472278429786,2.697963037906381,1.3489815189531904,-2.5339540848905426,0.0,2.697963037906381,0.6744907594765952,-2.6701550892606836,-0.6744907594765952,-1.3489815189531904,-0.6744907594765952,-0.6744907594765952,-0.6744907594765952,0.0,3.3724537973829762,0.0,0.6744907594765952,0.0,2.697963037906381,0.0,0.0,2.023472278429786,-0.6744907594765952,0.0,1
0.3372453797382976,-0.3372453797382976,0.3372453797382976,-0.6744907594765952,0.0,-1.3489815189531904,2.697963037906381,0.0,1.3489815189531904,2.697963037906381,1.3489815189531904,-1.900465563667907,0.0,2.023472278429786,0.0,-2.6701550892606836,-0.6744907594765952,0.0,-0.6744907594765952,0.0,-0.6744907594765952,-0.6744907594765952,4.721435316336167,-1.011736139214893,0.6744907594765952,0.6744907594765952,2.697963037906381,0.0,-0.6744907594765952,0.0,-1.3489815189531904,0.0,1
-0.6744907594765952,-1.3489815189531904,-0.6744907594765952,-1.3489815189531904,-0.6744907594765952,-1.3489815189531904,2.697963037906381,0.0,0.6744907594765952,2.697963037906381,1.3489815189531904,-1.900465563667907,-0.3372453797382976,2.023472278429786,-0.6744907594765952,-2.0026163169455127,-0.6744907594765952,-0.8993210126354603,-0.6744907594765952,-1.011736139214893,-0.6744907594765952,-1.3489815189531904,3.3724537973829762,0.0,0.6744907594765952,2.697963037906381,1.3489815189531904,-2.467732298422306,-0.3372453797382976,1.3489815189531904,0.0,-1.998445652436155,1
-0.3372453797382976,1.011736139214893,-0.3372453797382976,0.6744907594765952,0.0,1.3489815189531904,4.046944556859572,-1.011736139214893,0.0,-0.6744907594765952,2.023472278429786,0.0,-0.6744907594765952,0.0,-1.3489815189531904,0.0,0.0,0.0,-0.3372453797382976,0.0,-0.3372453797382976,-0.6744907594765952,2.697963037906381,0.3372453797382976,0.0,2.697963037906381,1.3489815189531904,-2.467732298422306,0.0,2.697963037906381,0.0,-1.998445652436155,1
-0.3372453797382976,-0.6744907594765952,-0.3372453797382976,-0.6744907594765952,-0.3372453797382976,-0.6744907594765952,3.3724537973829762,-0.3372453797382976,1.3489815189531904,0.6744907594765952,2.697963037906381,-0.6334885212226357,-0.3372453797382976,2.023472278429786,-0.6744907594765952,-0.6675387723151709,-0.6744907594765952,-0.8993210126354603,-0.6744907594765952,-1.011736139214893,-0.6744907594765952,-1.3489815189531904,3.3724537973829762,-0.3372453797382976,1.3489815189531904,2.697963037906381,1.3489815189531904,-2.467732298422306,-0.3372453797382976,1.3489815189531904,0.0,-1.998445652436155,1
0.3372453797382976,0.0,0.3372453797382976,-0.3372453797382976,1.011736139214893,-0.6744907594765952,0.6744907594765952,0.3372453797382976,0.0,-0.6744907594765952,0.0,0.6334885212226357,1.3489815189531904,0.0,2.023472278429786,0.0,-0.6744907594765952,-0.8993210126354603,-0.6744907594765952,-1.3489815189531904,-0.6744907594765952,-1.3489815189531904,3.3724537973829762,0.0,0.0,2.697963037906381,1.3489815189531904,-1.8507992238167295,-0.3372453797382976,1.3489815189531904,-0.6744907594765952,-1.998445652436155,1
1.011736139214893,1.6862268986914881,0.3372453797382976,0.3372453797382976,0.3372453797382976,1.3489815189531904,0.6744907594765952,0.0,1.3489815189531904,2.697963037906381,-1.3489815189531904,-1.2669770424452713,0.0,0.0,2.697963037906381,-0.6675387723151709,-0.3372453797382976,-0.44966050631773014,-0.3372453797382976,-0.3372453797382976,0.0,1.3489815189531904,3.3724537973829762,0.0,0.6744907594765952,-0.6744907594765952,2.697963037906381,0.0,0.0,2.023472278429786,-0.6744907594765952,0.0,1
0.6744907594765952,0.6744907594765952,1.011736139214893,0.3372453797382976,1.011736139214893,-0.6744907594765952,0.0,1.3489815189531904,1.3489815189531904,0.0,0.0,0.0,0.6744907594765952,1.3489815189531904,2.697963037906381,0.6675387723151709,0.0,0.6744907594765952,0.0,1.011736139214893,0.6744907594765952,0.0,2.697963037906381,0.0,1.3489815189531904,0.0,2.697963037906381,0.0,0.0,2.697963037906381,-0.6744907594765952,0.0,1
0.3372453797382976,0.6744907594765952,0.0,0.0,0.3372453797382976,-0.6744907594765952,3.3724537973829762,0.3372453797382976,0.0,2.697963037906381,1.3489815189531904,-1.900465563667907,0.3372453797382976,2.697963037906381,0.0,-2.6701550892606836,-0.3372453797382976,-1.3489815189531904,-0.3372453797382976,-1.011736139214893,-0.6744907594765952,0.0,2.697963037906381,-0.3372453797382976,1.3489815189531904,0.0,2.697963037906381,0.0,-0.3372453797382976,1.3489815189531904,-0.6744907594765952,0.0,1
-1.011736139214893,-2.3607176581680833,-1.3489815189531904,-2.023472278429786,-1.011736139214893,0.0,4.046944556859572,-0.6744907594765952,-0.6744907594765952,0.0,2.023472278429786,0.0,-0.6744907594765952,0.0,-1.3489815189531904,0.0,-0.3372453797382976,-0.22483025315886507,-0.3372453797382976,-0.3372453797382976,0.0,0.6744907594765952,2.697963037906381,-0.3372453797382976,0.6744907594765952,-0.6744907594765952,2.697963037906381,0.0,0.0,2.023472278429786,-0.6744907594765952,0.0,1
-0.3372453797382976,-1.011736139214893,-0.6744907594765952,-1.011736139214893,-0.6744907594765952,-1.3489815189531904,3.3724537973829762,0.0,0.6744907594765952,2.697963037906381,1.3489815189531904,-1.900465563667907,-0.3372453797382976,2.023472278429786,-0.6744907594765952,-2.0026163169455127,0.3372453797382976,0.6744907594765952,0.6744907594765952,1.011736139214893,1.011736139214893,0.0,2.697963037906381,0.0,1.3489815189531904,0.0,2.697963037906381,0.0,0.0,2.697963037906381,-0.6744907594765952,0.0,1
-0.3372453797382976,-2.023472278429786,-0.3372453797382976,-1.011736139214893,-0.3372453797382976,0.0,3.3724537973829762,0.0,0.6744907594765952,0.0,2.697963037906381,0.0,0.0,2.023472278429786,-0.6744907594765952,-0.6675387723151709,-0.3372453797382976,-0.6744907594765952,-0.6744907594765952,-0.6744907594765952,-0.6744907594765952,-1.3489815189531904,2.697963037906381,0.0,1.3489815189531904,2.697963037906381,1.3489815189531904,-1.8507992238167295,-0.3372453797382976,2.023472278429786,0.0,-1.998445652436155,1
-0.3372453797382976,-1.3489815189531904,-0.3372453797382976,-1.3489815189531904,-0.6744907594765952,-1.3489815189531904,2.697963037906381,-0.3372453797382976,1.3489815189531904,2.697963037906381,1.3489815189531904,-1.900465563667907,-0.3372453797382976,1.3489815189531904,0.0,-2.0026163169455127,-0.6744907594765952,-1.3489815189531904,-0.6744907594765952,-1.011736139214893,-0.6744907594765952,0.0,3.3724537973829762,0.0,0.6744907594765952,0.0,2.697963037906381,0.0,0.0,2.023472278429786,-0.6744907594765952,0.0,1
-1.011736139214893,-2.023472278429786,-1.011736139214893,-1.6862268986914881,-1.011736139214893,0.0,4.721435316336167,-0.6744907594765952,0.0,0.0,2.697963037906381,0.0,-0.6744907594765952,0.0,-1.3489815189531904,0.0,0.6744907594765952,0.22483025315886507,0.3372453797382976,0.3372453797382976,0.0,-1.3489815189531904,3.3724537973829762,0.0,2.023472278429786,3.3724537973829762,1.3489815189531904,-2.467732298422306,-0.3372453797382976,2.023472278429786,0.0,-2.664594203248207,1
-0.6744907594765952,-2.023472278429786,-1.011736139214893,-1.6862268986914881,-1.011736139214893,0.6744907594765952,5.395926075812762,-0.6744907594765952,-0.6744907594765952,-0.6744907594765952,2.023472278429786,0.0,-0.6744907594765952,0.0,-1.3489815189531904,0.0,-0.3372453797382976,-0.44966050631773014,-0.3372453797382976,-0.3372453797382976,0.0,1.3489815189531904,3.3724537973829762,0.3372453797382976,0.0,-1.3489815189531904,2.697963037906381,0.6169330746055764,0.0,2.697963037906381,-0.6744907594765952,0.0,1
0.3372453797382976,0.6744907594765952,0.3372453797382976,0.0,0.6744907594765952,-0.6744907594765952,0.0,1.3489815189531904,1.3489815189531904,0.6744907594765952,1.3489815189531904,0.0,0.3372453797382976,0.6744907594765952,2.697963037906381,0.6675387723151709,0.0,0.44966050631773014,0.3372453797382976,0.6744907594765952,0.0,-0.6744907594765952,3.3724537973829762,0.0,2.023472278429786,0.6744907594765952,3.3724537973829762,0.0,-0.3372453797382976,2.023472278429786,-0.6744907594765952,-0.6661485508120517,1
-0.3372453797382976,0.6744907594765952,-0.3372453797382976,0.0,0.0,2.023472278429786,2.697963037906381,0.0,1.3489815189531904,-2.023472278429786,3.3724537973829762,0.0,0.0,2.697963037906381,-0.6744907594765952,0.0,0.6744907594765952,0.8993210126354603,0.3372453797382976,1.011736139214893,0.6744907594765952,-2.023472278429786,4.046944556859572,1.011736139214893,-0.6744907594765952,3.3724537973829762,1.3489815189531904,-2.467732298422306,0.0,2.697963037906381,-0.6744907594765952,-1.998445652436155,1
-0.6744907594765952,-1.011736139214893,-1.011736139214893,-1.011736139214893,-0.6744907594765952,0.0,2.697963037906381,-0.3372453797382976,0.6744907594765952,0.0,2.697963037906381,0.0,-0.3372453797382976,2.023472278429786,-0.6744907594765952,-0.6675387723151709,-1.011736139214893,-0.22483025315886507,-1.011736139214893,-0.3372453797382976,-0.6744907594765952,0.0,4.046944556859572,-1.011736139214893,-0.6744907594765952,0.0,2.023472278429786,0.0,-0.6744907594765952,0.0,-1.3489815189531904,0.0,1
-0.3372453797382976,-0.3372453797382976,0.0,-0.3372453797382976,0.6744907594765952,-0.6744907594765952,1.3489815189531904,0.0,1.3489815189531904,0.6744907594765952,0.0,0.6334885212226357,0.3372453797382976,0.0,3.3724537973829762,-2.0026163169455127,-0.3372453797382976,-0.44966050631773014,-0.3372453797382976,-0.3372453797382976,-0.3372453797382976,-0.6744907594765952,2.697963037906381,-0.3372453797382976,1.3489815189531904,2.697963037906381,1.3489815189531904,-1.8507992238167295,-0.3372453797382976,2.023472278429786,0.6744907594765952,-2.664594203248207,1
-0.3372453797382976,1.3489815189531904,-0.3372453797382976,0.6744907594765952,-0.6744907594765952,-0.6744907594765952,4.721435316336167,-1.011736139214893,0.6744907594765952,0.6744907594765952,2.697963037906381,0.0,-0.6744907594765952,0.0,-1.3489815189531904,0.0,0.3372453797382976,0.0,0.6744907594765952,0.3372453797382976,1.3489815189531904,0.0,0.6744907594765952,0.3372453797382976,2.023472278429786,0.0,0.0,0.0,0.3372453797382976,0.6744907594765952,4.046944556859572,-0.6661485508120517,1
0.6744907594765952,0.6744907594765952,0.3372453797382976,0.3372453797382976,0.0,-1.3489815189531904,2.697963037906381,-0.3372453797382976,3.3724537973829762,3.3724537973829762,1.3489815189531904,-2.5339540848905426,-0.6744907594765952,1.3489815189531904,0.6744907594765952,-2.6701550892606836,-0.6744907594765952,0.0,-0.6744907594765952,-0.3372453797382976,-0.6744907594765952,0.0,4.721435316336167,-1.011736139214893,0.6744907594765952,0.0,2.697963037906381,0.0,-0.6744907594765952,0.0,-1.3489815189531904,0.0,1
1.011736139214893,1.011736139214893,0.3372453797382976,-0.3372453797382976,-0.3372453797382976,-1.3489815189531904,2.023472278429786,0.0,2.023472278429786,4.046944556859572,0.0,-1.900465563667907,0.0,0.0,1.3489815189531904,-2.6701550892606836,1.011736139214893,0.6744907594765952,1.3489815189531904,1.011736139214893,1.3489815189531904,-0.6744907594765952,0.0,1.3489815189531904,2.023472278429786,0.0,0.6744907594765952,0.6169330746055764,0.6744907594765952,1.3489815189531904,3.3724537973829762,-0.6661485508120517,1
0.3372453797382976,-0.6744907594765952,0.0,-0.6744907594765952,0.0,-0.6744907594765952,2.697963037906381,-0.3372453797382976,2.023472278429786,2.697963037906381,1.3489815189531904,-2.5339540848905426,0.3372453797382976,1.3489815189531904,1.3489815189531904,-2.6701550892606836,-0.3372453797382976,-0.22483025315886507,0.0,-0.3372453797382976,0.0,-0.6744907594765952,2.697963037906381,0.0,1.3489815189531904,0.6744907594765952,2.697963037906381,-0.6169330746055764,0.6744907594765952,2.023472278429786,-0.6744907594765952,-0.6661485508120517,1
-0.6744907594765952,-1.6862268986914881,-0.6744907594765952,-1.011736139214893,-0.3372453797382976,0.0,3.3724537973829762,0.0,0.6744907594765952,0.0,2.697963037906381,0.0,0.0,2.023472278429786,-0.6744907594765952,-0.6675387723151709,-0.6744907594765952,-0.22483025315886507,-0.6744907594765952,-0.3372453797382976,-0.6744907594765952,0.0,3.3724537973829762,-1.011736139214893,0.0,0.0,2.023472278429786,0.0,-0.6744907594765952,0.0,-1.3489815189531904,0.0,1
-0.3372453797382976,-0.3372453797382976,-0.3372453797382976,-0.6744907594765952,-0.3372453797382976,1.3489815189531904,2.697963037906381,-0.3372453797382976,2.697963037906381,-1.3489815189531904,2.697963037906381,0.0,-0.3372453797382976,1.3489815189531904,-0.6744907594765952,0.0,0.3372453797382976,0.6744907594765952,0.3372453797382976,1.011736139214893,0.6744907594765952,-0.6744907594765952,2.023472278429786,-0.6744907594765952,2.023472278429786,2.697963037906381,1.3489815189531904,-1.233866149211153,-0.3372453797382976,1.3489815189531904,0.6744907594765952,-2.664594203248207,1
0.0,0.0,0.0,-0.3372453797382976,0.3372453797382976,0.0,0.0,1.3489815189531904,0.6744907594765952,0.0,0.6744907594765952,0.0,0.3372453797382976,1.3489815189531904,2.023472278429786,0.6675387723151709,-0.3372453797382976,0.22483025315886507,0.0,0.3372453797382976,0.0,-0.6744907594765952,3.3724537973829762,0.3372453797382976,1.3489815189531904,1.3489815189531904,3.3724537973829762,-0.6169330746055764,0.0,2.697963037906381,-0.6744907594765952,-0.6661485508120517,1
0.6744907594765952,0.3372453797382976,0.3372453797382976,0.0,0.0,-1.3489815189531904,3.3724537973829762,-0.3372453797382976,2.023472278429786,3.3724537973829762,1.3489815189531904,-2.5339540848905426,-0.3372453797382976,2.023472278429786,0.0,-2.6701550892606836,0.0,0.22483025315886507,0.0,0.3372453797382976,0.6744907594765952,0.6744907594765952,2.697963037906381,0.0,0.6744907594765952,-0.6744907594765952,2.697963037906381,0.0,0.3372453797382976,2.697963037906381,-0.6744907594765952,-0.6661485508120517,1
-0.6744907594765952,-1.3489815189531904,-0.6744907594765952,-1.3489815189531904,-0.6744907594765952,-0.6744907594765952,2.697963037906381,0.3372453797382976,0.0,0.6744907594765952,2.023472278429786,-0.6334885212226357,0.0,2.023472278429786,-0.6744907594765952,-0.6675387723151709,-0.3372453797382976,-0.6744907594765952,-0.3372453797382976,-0.6744907594765952,-0.6744907594765952,-1.3489815189531904,4.046944556859572,0.0,0.6744907594765952,3.3724537973829762,1.3489815189531904,-2.467732298422306,-0.3372453797382976,2.023472278429786,-0.6744907594765952,-1.998445652436155,1
-0.3372453797382976,-0.6744907594765952,-0.3372453797382976,-0.6744907594765952,-0.3372453797382976,-0.6744907594765952,3.3724537973829762,0.0,0.6744907594765952,0.0,2.697963037906381,0.6334885212226357,0.0,2.023472278429786,-0.6744907594765952,0.0,0.0,0.6744907594765952,0.3372453797382976,0.6744907594765952,1.3489815189531904,0.0,0.6744907594765952,0.6744907594765952,0.0,-0.6744907594765952,0.0,0.6169330746055764,1.3489815189531904,0.0,4.046944556859572,-1.3322971016241034,1
-0.6744907594765952,-2.023472278429786,-0.6744907594765952,-1.3489815189531904,-0.6744907594765952,-0.6744907594765952,3.3724537973829762,0.0,0.6744907594765952,0.6744907594765952,2.697963037906381,-0.6334885212226357,0.0,2.023472278429786,-0.6744907594765952,-0.6675387723151709,-0.3372453797382976,0.6744907594765952,-0.3372453797382976,0.6744907594765952,-0.6744907594765952,0.0,4.721435316336167,-1.011736139214893,0.6744907594765952,0.0,2.697963037906381,0.0,-0.6744907594765952,0.0,-1.3489815189531904,0.0,1
-0.6744907594765952,-1.3489815189531904,-0.6744907594765952,-1.6862268986914881,-0.6744907594765952,-1.3489815189531904,3.3724537973829762,0.0,0.0,2.697963037906381,1.3489815189531904,-1.900465563667907,-0.3372453797382976,1.3489815189531904,-0.6744907594765952,-2.0026163169455127,-1.011736139214893,-1.5738117721120555,-1.011736139214893,-1.6862268986914881,-1.011736139214893,0.0,4.721435316336167,-0.3372453797382976,-0.6744907594765952,0.0,2.023472278429786,0.0,-0.6744907594765952,0.0,-1.3489815189531904,0.0,1
0.3372453797382976,0.3372453797382976,0.6744907594765952,0.0,1.3489815189531904,0.6744907594765952,0.6744907594765952,1.011736139214893,1.3489815189531904,0.6744907594765952,-0.6744907594765952,0.0,1.011736139214893,-0.6744907594765952,2.023472278429786,-1.3350775446303418,-0.6744907594765952,-0.6744907594765952,-0.6744907594765952,-0.6744907594765952,-0.6744907594765952,0.0,2.697963037906381,-0.3372453797382976,1.3489815189531904,-0.6744907594765952,2.697963037906381,0.0,-0.3372453797382976,1.3489815189531904,-0.6744907594765952,0.0,1
0.6744907594765952,0.3372453797382976,0.3372453797382976,0.0,0.0,-2.023472278429786,3.3724537973829762,0.0,1.3489815189531904,3.3724537973829762,2.023472278429786,-1.900465563667907,-0.3372453797382976,2.023472278429786,-0.6744907594765952,-2.0026163169455127,2.023472278429786,1.7986420252709205,1.3489815189531904,1.011736139214893,0.6744907594765952,-0.6744907594765952,2.023472278429786,0.0,1.3489815189531904,3.3724537973829762,0.0,-1.233866149211153,0.3372453797382976,0.6744907594765952,2.697963037906381,-1.998445652436155,1
-0.6744907594765952,-0.6744907594765952,-0.3372453797382976,-0.6744907594765952,0.0,0.0,0.6744907594765952,0.3372453797382976,1.3489815189531904,0.0,0.0,0.0,0.3372453797382976,0.6744907594765952,2.697963037906381,-0.6675387723151709,0.6744907594765952,0.22483025315886507,1.011736139214893,0.6744907594765952,1.3489815189531904,-0.6744907594765952,0.6744907594765952,1.011736139214893,0.6744907594765952,0.0,0.6744907594765952,-0.6169330746055764,0.6744907594765952,2.023472278429786,4.721435316336167,0.0,1
0.0,0.6744907594765952,-0.3372453797382976,-0.6744907594765952,-0.3372453797382976,-1.3489815189531904,2.023472278429786,-0.3372453797382976,0.6744907594765952,2.697963037906381,0.6744907594765952,-1.2669770424452713,0.0,0.6744907594765952,1.3489815189531904,-3.337693861575855,0.6744907594765952,0.44966050631773014,0.3372453797382976,0.6744907594765952,0.0,-2.023472278429786,4.721435316336167,0.6744907594765952,0.6744907594765952,3.3724537973829762,1.3489815189531904,-3.0846653730278826,-0.3372453797382976,2.023472278429786,0.0,-2.664594203248207,1
1.011736139214893,0.6744907594765952,0.6744907594765952,0.3372453797382976,0.3372453797382976,-2.023472278429786,4.046944556859572,0.6744907594765952,0.6744907594765952,3.3724537973829762,1.3489815189531904,-3.1674426061131786,0.0,2.697963037906381,0.0,-2.6701550892606836,0.0,0.0,-0.3372453797382976,0.0,-0.3372453797382976,-0.6744907594765952,2.697963037906381,0.3372453797382976,0.0,2.697963037906381,1.3489815189531904,-2.467732298422306,0.0,2.697963037906381,0.0,-1.998445652436155,1
0.6744907594765952,1.011736139214893,0.3372453797382976,0.6744907594765952,0.3372453797382976,-1.3489815189531904,3.3724537973829762,0.3372453797382976,0.6744907594765952,3.3724537973829762,1.3489815189531904,-2.5339540848905426,0.0,2.697963037906381,0.0,-2.6701550892606836,-0.3372453797382976,0.22483025315886507,-0.3372453797382976,0.0,-0.6744907594765952,2.023472278429786,5.395926075812762,-0.6744907594765952,0.6744907594765952,-2.023472278429786,2.697963037906381,0.6169330746055764,-0.6744907594765952,0.0,-1.3489815189531904,0.0,1
0.0,0.6744907594765952,0.0,0.0,0.0,-1.3489815189531904,4.046944556859572,1.011736139214893,-0.6744907594765952,2.697963037906381,1.3489815189531904,-2.5339540848905426,0.3372453797382976,2.697963037906381,0.0,-2.6701550892606836,-0.3372453797382976,-0.6744907594765952,-0.3372453797382976,0.3372453797382976,-0.6744907594765952,0.0,5.395926075812762,-0.6744907594765952,0.6744907594765952,0.0,2.697963037906381,0.0,-0.6744907594765952,0.0,-1.3489815189531904,0.0,1
0.0,-0.6744907594765952,0.0,0.6744907594765952,-0.3372453797382976,1.3489815189531904,5.395926075812762,-0.6744907594765952,0.6744907594765952,-1.3489815189531904,2.697963037906381,0.6334885212226357,-0.6744907594765952,0.0,-1.3489815189531904,0.0,-0.3372453797382976,-0.44966050631773014,-0.3372453797382976,0.6744907594765952,-0.6744907594765952,2.023472278429786,4.721435316336167,-0.6744907594765952,0.6744907594765952,-2.023472278429786,2.697963037906381,0.6169330746055764,-0.6744907594765952,0.0,-1.3489815189531904,0.0,1
-0.6744907594765952,-0.3372453797382976,-0.6744907594765952,-0.6744907594765952,-0.3372453797382976,0.0,3.3724537973829762,0.0,1.3489815189531904,0.0,2.697963037906381,0.0,-0.3372453797382976,2.023472278429786,-0.6744907594765952,-0.6675387723151709,0.3372453797382976,0.8993210126354603,0.6744907594765952,1.011736139214893,1.3489815189531904,0.6744907594765952,2.697963037906381,0.0,0.6744907594765952,-0.6744907594765952,2.697963037906381,0.0,0.3372453797382976,2.697963037906381,-0.6744907594765952,0.0,1
-0.6744907594765952,-0.3372453797382976,-0.3372453797382976,-0.6744907594765952,-0.6744907594765952,0.6744907594765952,5.395926075812762,-0.6744907594765952,0.0,-0.6744907594765952,2.697963037906381,0.0,-0.6744907594765952,0.0,-1.3489815189531904,0.0,0.3372453797382976,0.0,0.0,0.0,0.0,0.0,2.697963037906381,0.0,2.023472278429786,2.697963037906381,1.3489815189531904,-2.467732298422306,0.0,2.697963037906381,0.6744907594765952,-1.998445652436155,1
0.0,1.3489815189531904,0.3372453797382976,0.6744907594765952,0.3372453797382976,-0.6744907594765952,4.721435316336167,-1.011736139214893,0.0,0.6744907594765952,2.023472278429786,0.0,-0.6744907594765952,0.0,-1.3489815189531904,0.0,1.011736139214893,0.6744907594765952,0.6744907594765952,1.011736139214893,0.3372453797382976,0.0,2.023472278429786,-0.3372453797382976,3.3724537973829762,2.697963037906381,1.3489815189531904,-2.467732298422306,0.3372453797382976,0.6744907594765952,2.023472278429786,-1.998445652436155,1
0.6744907594765952,0.6744907594765952,0.3372453797382976,0.0,0.6744907594765952,-0.6744907594765952,2.697963037906381,0.3372453797382976,0.6744907594765952,2.697963037906381,1.3489815189531904,-1.900465563667907,0.3372453797382976,2.697963037906381,0.0,-2.6701550892606836,0.3372453797382976,0.6744907594765952,0.6744907594765952,1.011736139214893,1.011736139214893,-0.6744907594765952,0.0,1.3489815189531904,1.3489815189531904,0.6744907594765952,1.3489815189531904,0.0,0.6744907594765952,0.6744907594765952,3.3724537973829762,-0.6661485508120517,1
-0.3372453797382976,1.3489815189531904,-0.3372453797382976,0.6744907594765952,-0.6744907594765952,-0.6744907594765952,4.721435316336167,-1.011736139214893,0.6744907594765952,0.6744907594765952,2.697963037906381,0.0,-0.6744907594765952,0.0,-1.3489815189531904,0.0,1.011736139214893,0.8993210126354603,0.3372453797382976,0.3372453797382976,-0.3372453797382976,-1.3489815189531904,2.023472278429786,0.0,2.023472278429786,4.046944556859572,0.0,-1.8507992238167295,0.0,0.6744907594765952,1.3489815189531904,-3.330742754060258,1
0.0,-0.3372453797382976,-0.3372453797382976,-0.6744907594765952,0.0,-0.6744907594765952,2.697963037906381,0.0,1.3489815189531904,2.697963037906381,1.3489815189531904,-2.5339540848905426,0.0,2.697963037906381,0.6744907594765952,-2.0026163169455127,-0.6744907594765952,-0.22483025315886507,-0.3372453797382976,-0.3372453797382976,-0.6744907594765952,1.3489815189531904,5.395926075812762,-0.6744907594765952,0.0,-1.3489815189531904,2.697963037906381,0.6169330746055764,-0.6744907594765952,0.0,-1.3489815189531904,0.0,1
0.3372453797382976,0.0,0.0,-0.3372453797382976,-0.3372453797382976,-2.023472278429786,3.3724537973829762,0.0,1.3489815189531904,3.3724537973829762,2.023472278429786,-2.5339540848905426,-0.3372453797382976,1.3489815189531904,-0.6744907594765952,-2.0026163169455127,-0.3372453797382976,0.0,-0.3372453797382976,0.0,-0.3372453797382976,0.0,2.697963037906381,0.0,1.3489815189531904,2.023472278429786,1.3489815189531904,-2.467732298422306,0.0,2.023472278429786,0.6744907594765952,-1.998445652436155,1
-0.6744907594765952,0.0,-0.3372453797382976,-0.6744907594765952,-0.6744907594765952,0.0,5.395926075812762,-0.6744907594765952,0.0,0.0,2.697963037906381,0.0,-0.6744907594765952,0.0,-1.3489815189531904,0.0,-1.011736139214893,-1.5738117721120555,-1.011736139214893,-1.3489815189531904,-1.011736139214893,0.0,4.721435316336167,-0.6744907594765952,-0.6744907594765952,0.0,2.023472278429786,0.0,-0.6744907594765952,0.0,-1.3489815189531904,0.0,1
0.0,-0.3372453797382976,-0.3372453797382976,-0.6744907594765952,-0.3372453797382976,-0.6744907594765952,3.3724537973829762,0.0,0.6744907594765952,2.697963037906381,1.3489815189531904,-2.5339540848905426,0.0,2.023472278429786,0.0,-2.0026163169455127,0.0,0.0,0.0,0.0,0.3372453797382976,0.6744907594765952,2.023472278429786,0.0,0.6744907594765952,2.023472278429786,0.6744907594765952,-1.8507992238167295,0.0,2.697963037906381,0.6744907594765952,-1.998445652436155,1
0.0,-0.3372453797382976,-0.3372453797382976,-0.6744907594765952,-0.3372453797382976,-0.6744907594765952,3.3724537973829762,0.0,0.6744907594765952,2.697963037906381,1.3489815189531904,-2.5339540848905426,0.0,2.023472278429786,0.0,-2.0026163169455127,0.6744907594765952,0.6744907594765952,0.3372453797382976,0.3372453797382976,-0.3372453797382976,-0.6744907594765952,1.3489815189531904,0.0,2.023472278429786,4.046944556859572,-0.6744907594765952,-1.8507992238167295,0.0,0.6744907594765952,1.3489815189531904,-1.998445652436155,1
0.3372453797382976,-0.3372453797382976,0.3372453797382976,-0.3372453797382976,0.6744907594765952,-0.6744907594765952,0.6744907594765952,0.3372453797382976,2.023472278429786,0.6744907594765952,0.0,0.6334885212226357,0.3372453797382976,0.0,2.697963037906381,-1.3350775446303418,-1.011736139214893,-1.5738117721120555,-1.3489815189531904,-1.6862268986914881,-1.011736139214893,0.0,4.721435316336167,-0.6744907594765952,-0.6744907594765952,0.0,2.023472278429786,0.0,-0.6744907594765952,0.0,-1.3489815189531904,0.0,1
-0.3372453797382976,0.3372453797382976,-0.3372453797382976,0.0,0.0,-1.3489815189531904,2.697963037906381,-0.3372453797382976,1.3489815189531904,0.6744907594765952,2.697963037906381,0.0,0.0,2.023472278429786,-0.6744907594765952,-0.6675387723151709,1.3489815189531904,0.8993210126354603,1.011736139214893,1.011736139214893,0.3372453797382976,-1.3489815189531904,4.721435316336167,1.3489815189531904,-0.6744907594765952,2.697963037906381,0.6744907594765952,-3.0846653730278826,0.0,2.697963037906381,-0.6744907594765952,-2.664594203248207,1
-0.6744907594765952,-1.3489815189531904,-0.6744907594765952,-1.6862268986914881,-0.6744907594765952,-1.3489815189531904,2.697963037906381,-0.6744907594765952,1.3489815189531904,2.697963037906381,1.3489815189531904,-1.900465563667907,-0.6744907594765952,0.6744907594765952,0.0,-2.0026163169455127,-0.3372453797382976,-0.6744907594765952,-0.3372453797382976,-0.6744907594765952,-0.3372453797382976,-1.3489815189531904,3.3724537973829762,0.0,0.6744907594765952,2.697963037906381,1.3489815189531904,-2.467732298422306,-0.3372453797382976,2.023472278429786,-0.6744907594765952,-1.998445652436155,1
-0.3372453797382976,-1.011736139214893,-0.3372453797382976,-1.011736139214893,-0.6744907594765952,-1.3489815189531904,3.3724537973829762,-0.3372453797382976,1.3489815189531904,2.697963037906381,1.3489815189531904,-1.900465563667907,-0.6744907594765952,1.3489815189531904,-0.6744907594765952,-2.0026163169455127,-0.6744907594765952,0.22483025315886507,-0.3372453797382976,0.3372453797382976,-0.3372453797382976,0.6744907594765952,2.697963037906381,-0.3372453797382976,2.697963037906381,-0.6744907594765952,2.697963037906381,-0.6169330746055764,-0.3372453797382976,2.023472278429786,-0.6744907594765952,-0.6661485508120517,1
-0.6744907594765952,1.011736139214893,-0.3372453797382976,0.3372453797382976,-0.6744907594765952,-0.6744907594765952,4.721435316336167,-1.011736139214893,0.6744907594765952,0.6744907594765952,2.697963037906381,0.0,-0.6744907594765952,0.0,-1.3489815189531904,0.0,0.6744907594765952,0.8993210126354603,0.3372453797382976,1.011736139214893,0.6744907594765952,-0.6744907594765952,2.697963037906381,0.0,1.3489815189531904,2.697963037906381,1.3489815189531904,-1.8507992238167295,0.0,2.697963037906381,0.0,-2.664594203248207,1
0.6744907594765952,0.3372453797382976,0.3372453797382976,0.0,0.0,-1.3489815189531904,3.3724537973829762,0.0,2.023472278429786,3.3724537973829762,1.3489815189531904,-2.5339540848905426,-0.3372453797382976,2.023472278429786,0.0,-2.6701550892606836,-0.3372453797382976,-1.3489815189531904,-0.3372453797382976,-0.6744907594765952,-0.3372453797382976,0.0,3.3724537973829762,0.0,0.6744907594765952,0.0,2.697963037906381,0.0,0.0,2.023472278429786,-0.6744907594765952,-0.6661485508120517,1
-0.3372453797382976,-2.023472278429786,-0.3372453797382976,-1.011736139214893,-0.3372453797382976,0.0,3.3724537973829762,0.0,0.6744907594765952,0.0,2.697963037906381,0.0,0.0,2.023472278429786,-0.6744907594765952,-0.6675387723151709,0.3372453797382976,0.22483025315886507,0.0,0.3372453797382976,0.0,-2.023472278429786,4.046944556859572,0.6744907594765952,0.0,3.3724537973829762,1.3489815189531904,-2.467732298422306,0.0,2.697963037906381,-0.6744907594765952,-1.998445652436155,1
0.0,-0.6744907594765952,-0.3372453797382976,-0.6744907594765952,-0.3372453797382976,-0.6744907594765952,2.697963037906381,-0.3372453797382976,1.3489815189531904,2.697963037906381,1.3489815189531904,-2.5339540848905426,-0.3372453797382976,2.023472278429786,0.0,-2.6701550892606836,-0.6744907594765952,-1.3489815189531904,-0.6744907594765952,-1.3489815189531904,-1.011736139214893,0.0,5.395926075812762,-0.6744907594765952,-0.6744907594765952,0.0,2.697963037906381,0.0,-0.6744907594765952,0.0,-1.3489815189531904,0.0,1
0.0,-0.6744907594765952,0.0,-0.6744907594765952,-0.3372453797382976,-0.6744907594765952,2.697963037906381,-0.3372453797382976,2.023472278429786,2.697963037906381,1.3489815189531904,-1.900465563667907,-0.3372453797382976,2.023472278429786,0.6744907594765952,-2.6701550892606836,-0.6744907594765952,0.0,-0.6744907594765952,-0.3372453797382976,-0.6744907594765952,0.0,4.721435316336167,-1.011736139214893,0.6744907594765952,0.0,2.697963037906381,0.0,-0.6744907594765952,0.0,-1.3489815189531904,0.0,1
1.3489815189531904,1.3489815189531904,1.011736139214893,0.6744907594765952,1.011736139214893,-0.6744907594765952,2.023472278429786,-0.6744907594765952,2.697963037906381,2.697963037906381,1.3489815189531904,-1.900465563667907,0.3372453797382976,0.6744907594765952,1.3489815189531904,-2.6701550892606836,0.0,-0.44966050631773014,0.0,-0.6744907594765952,-0.3372453797382976,-0.6744907594765952,2.697963037906381,-0.3372453797382976,2.023472278429786,2.697963037906381,1.3489815189531904,-1.8507992238167295,0.3372453797382976,0.6744907594765952,0.6744907594765952,-2.664594203248207,1
0.3372453797382976,0.3372453797382976,0.6744907594765952,0.3372453797382976,1.011736139214893,-1.3489815189531904,0.6744907594765952,0.3372453797382976,2.697963037906381,0.6744907594765952,0.0,0.6334885212226357,0.3372453797382976,0.6744907594765952,3.3724537973829762,-1.3350775446303418,0.6744907594765952,0.8993210126354603,0.3372453797382976,1.011736139214893,0.6744907594765952,-0.6744907594765952,2.697963037906381,0.6744907594765952,0.6744907594765952,2.697963037906381,1.3489815189531904,-2.467732298422306,0.3372453797382976,2.697963037906381,0.0,-2.664594203248207,1
-0.6744907594765952,0.0,-0.3372453797382976,-0.6744907594765952,-0.6744907594765952,0.6744907594765952,4.721435316336167,-0.6744907594765952,0.6744907594765952,-0.6744907594765952,2.697963037906381,0.0,-0.6744907594765952,0.0,-1.3489815189531904,0.0,0.3372453797382976,-0.22483025315886507,0.3372453797382976,-0.3372453797382976,0.0,-1.3489815189531904,2.697963037906381,0.0,1.3489815189531904,2.697963037906381,1.3489815189531904,-1.8507992238167295,0.0,2.023472278429786,0.0,-2.664594203248207,1
0.3372453797382976,1.011736139214893,0.6744907594765952,0.3372453797382976,1.011736139214893,-0.6744907594765952,0.0,1.3489815189531904,1.3489815189531904,0.0,-0.6744907594765952,0.0,0.6744907594765952,2.023472278429786,3.3724537973829762,0.0,-0.3372453797382976,0.8993210126354603,0.0,1.011736139214893,-0.6744907594765952,0.0,4.721435316336167,-1.011736139214893,0.6744907594765952,0.0,2.697963037906381,0.0,-0.6744907594765952,0.0,-1.3489815189531904,0.0,1
-0.6744907594765952,0.0,-0.3372453797382976,-0.6744907594765952,-0.6744907594765952,0.0,5.395926075812762,-0.6744907594765952,0.0,0.0,2.697963037906381,0.0,-0.6744907594765952,0.0,-1.3489815189531904,0.0,1.6862268986914881,1.7986420252709205,1.011736139214893,1.011736139214893,0.6744907594765952,0.6744907594765952,0.6744907594765952,0.0,2.697963037906381,3.3724537973829762,-1.3489815189531904,-1.233866149211153,0.3372453797382976,-0.6744907594765952,2.697963037906381,-1.3322971016241034,1
-0.6744907594765952,-2.023472278429786,-0.6744907594765952,-1.3489815189531904,-0.6744907594765952,0.0,3.3724537973829762,0.0,0.6744907594765952,0.0,2.697963037906381,0.0,0.0,2.023472278429786,-0.6744907594765952,0.0,0.3372453797382976,0.0,0.0,0.0,0.0,-0.6744907594765952,2.697963037906381,-0.3372453797382976,1.3489815189531904,2.697963037906381,1.3489815189531904,-1.8507992238167295,-0.3372453797382976,2.023472278429786,0.0,-2.664594203248207,1
0.6744907594765952,0.0,0.3372453797382976,-0.3372453797382976,0.0,-2.023472278429786,4.046944556859572,0.3372453797382976,0.6744907594765952,3.3724537973829762,1.3489815189531904,-2.5339540848905426,-0.3372453797382976,2.023472278429786,0.0,-2.6701550892606836,1.3489815189531904,0.8993210126354603,1.011736139214893,1.011736139214893,1.3489815189531904,-0.6744907594765952,2.697963037906381,0.0,1.3489815189531904,2.697963037906381,1.3489815189531904,-1.8507992238167295,1.011736139214893,2.023472278429786,1.3489815189531904,-3.330742754060258,1
-0.3372453797382976,1.011736139214893,0.0,0.3372453797382976,-0.6744907594765952,-1.3489815189531904,5.395926075812762,-0.6744907594765952,0.6744907594765952,1.3489815189531904,2.697963037906381,-0.6334885212226357,-0.6744907594765952,0.0,-1.3489815189531904,0.0,-0.6744907594765952,-0.6744907594765952,-1.011736139214893,-1.011736139214893,-0.6744907594765952,0.6744907594765952,3.3724537973829762,0.0,0.0,-0.6744907594765952,2.023472278429786,0.0,0.0,2.023472278429786,-0.6744907594765952,0.0,1
-0.3372453797382976,1.3489815189531904,0.0,0.6744907594765952,-0.6744907594765952,-0.6744907594765952,4.721435316336167,-1.011736139214893,0.6744907594765952,0.6744907594765952,2.697963037906381,0.0,-0.6744907594765952,0.0,-1.3489815189531904,0.0,0.6744907594765952,0.44966050631773014,0.3372453797382976,0.3372453797382976,0.0,-1.3489815189531904,3.3724537973829762,0.3372453797382976,2.023472278429786,3.3724537973829762,2.023472278429786,-2.467732298422306,0.0,2.697963037906381,0.6744907594765952,-2.664594203248207,1
0.6744907594765952,1.3489815189531904,0.3372453797382976,0.6744907594765952,0.6744907594765952,-0.6744907594765952,2.697963037906381,0.6744907594765952,0.6744907594765952,2.697963037906381,1.3489815189531904,-2.5339540848905426,0.3372453797382976,2.697963037906381,0.0,-2.6701550892606836,2.023472278429786,1.7986420252709205,1.3489815189531904,1.011736139214893,0.6744907594765952,-0.6744907594765952,2.023472278429786,0.0,1.3489815189531904,3.3724537973829762,0.0,-1.233866149211153,0.3372453797382976,0.6744907594765952,2.697963037906381,-1.998445652436155,1
1.011736139214893,1.011736139214893,0.6744907594765952,0.6744907594765952,0.3372453797382976,-0.6744907594765952,3.3724537973829762,0.3372453797382976,2.023472278429786,3.3724537973829762,1.3489815189531904,-3.1674426061131786,0.0,2.697963037906381,0.6744907594765952,-2.6701550892606836,-0.3372453797382976,-0.44966050631773014,-0.3372453797382976,-0.6744907594765952,-0.3372453797382976,-1.3489815189531904,3.3724537973829762,0.0,1.3489815189531904,2.697963037906381,1.3489815189531904,-1.8507992238167295,-0.3372453797382976,2.023472278429786,0.0,-1.998445652436155,1
-0.3372453797382976,-1.6862268986914881,-0.3372453797382976,-0.6744907594765952,-0.3372453797382976,0.0,3.3724537973829762,0.0,0.6744907594765952,0.0,2.697963037906381,0.0,0.0,2.023472278429786,-0.6744907594765952,-0.6675387723151709,0.6744907594765952,0.22483025315886507,0.3372453797382976,0.3372453797382976,0.3372453797382976,0.0,2.697963037906381,0.0,2.023472278429786,3.3724537973829762,1.3489815189531904,-2.467732298422306,0.0,2.697963037906381,0.6744907594765952,-2.664594203248207,1
-0.6744907594765952,-0.3372453797382976,-0.3372453797382976,-0.6744907594765952,-0.3372453797382976,1.3489815189531904,2.697963037906381,-0.6744907594765952,1.3489815189531904,-1.3489815189531904,2.697963037906381,-0.6334885212226357,-0.3372453797382976,1.3489815189531904,-0.6744907594765952,0.0,0.3372453797382976,0.6744907594765952,0.3372453797382976,1.011736139214893,1.3489815189531904,0.6744907594765952,0.0,0.3372453797382976,1.3489815189531904,0.0,-0.6744907594765952,0.6169330746055764,1.011736139214893,-0.6744907594765952,2.023472278429786,-0.6661485508120517,1
-0.3372453797382976,1.011736139214893,0.0,0.3372453797382976,-0.6744907594765952,0.0,5.395926075812762,-1.011736139214893,0.6744907594765952,0.0,2.697963037906381,0.0,-0.6744907594765952,0.0,-1.3489815189531904,0.0,0.0,0.22483025315886507,0.0,0.3372453797382976,0.3372453797382976,-0.6744907594765952,0.0,1.6862268986914881,0.6744907594765952,-0.6744907594765952,-0.6744907594765952,0.0,0.6744907594765952,0.6744907594765952,2.697963037906381,1.3322971016241034,1
-0.3372453797382976,-1.011736139214893,-0.6744907594765952,-1.011736139214893,-0.6744907594765952,-1.3489815189531904,4.046944556859572,0.0,0.0,2.697963037906381,1.3489815189531904,-3.1674426061131786,-0.3372453797382976,2.023472278429786,-0.6744907594765952,-2.0026163169455127,-0.6744907594765952,0.0,-0.6744907594765952,-0.3372453797382976,-0.6744907594765952,0.0,4.721435316336167,-1.011736139214893,0.6744907594765952,0.0,2.697963037906381,0.0,-0.6744907594765952,0.0,-1.3489815189531904,0.0,1
0.0,1.011736139214893,0.0,0.3372453797382976,0.3372453797382976,0.6744907594765952,2.023472278429786,-1.011736139214893,2.023472278429786,-0.6744907594765952,2.697963037906381,0.0,-0.6744907594765952,1.3489815189531904,-0.6744907594765952,0.0,-0.3372453797382976,-0.44966050631773014,-0.3372453797382976,-0.3372453797382976,-0.3372453797382976,-1.3489815189531904,3.3724537973829762,-0.3372453797382976,1.3489815189531904,2.697963037906381,1.3489815189531904,-2.467732298422306,-0.3372453797382976,2.023472278429786,0.0,-1.998445652436155,1
0.0,-0.3372453797382976,0.0,-0.6744907594765952,0.3372453797382976,0.0,0.0,1.3489815189531904,1.3489815189531904,0.0,-0.6744907594765952,0.0,0.3372453797382976,1.3489815189531904,2.697963037906381,0.0,0.3372453797382976,1.1241512657943253,0.0,0.3372453797382976,0.0,0.0,1.3489815189531904,-0.3372453797382976,0.6744907594765952,2.697963037906381,-0.6744907594765952,-1.233866149211153,0.0,0.6744907594765952,2.023472278429786,-1.998445652436155,1
1.3489815189531904,1.3489815189531904,1.011736139214893,0.6744907594765952,0.3372453797382976,-1.3489815189531904,4.721435316336167,1.3489815189531904,-0.6744907594765952,2.697963037906381,0.6744907594765952,-3.1674426061131786,0.0,2.697963037906381,-0.6744907594765952,-2.6701550892606836,0.0,0.8993210126354603,0.3372453797382976,1.011736139214893,0.6744907594765952,0.0,2.697963037906381,0.0,0.6744907594765952,0.0,2.697963037906381,0.0,0.0,2.697963037906381,-0.6744907594765952,0.0,1
0.3372453797382976,0.3372453797382976,0.6744907594765952,0.3372453797382976,1.3489815189531904,-0.6744907594765952,0.0,0.0,2.023472278429786,0.0,-0.6744907594765952,0.6334885212226357,0.6744907594765952,-1.3489815189531904,4.721435316336167,-2.6701550892606836,-0.6744907594765952,-0.6744907594765952,-0.3372453797382976,0.3372453797382976,-0.6744907594765952,0.0,4.721435316336167,-1.011736139214893,0.6744907594765952,0.0,2.697963037906381,0.0,-0.6744907594765952,0.0,-1.3489815189531904,0.0,1
0.3372453797382976,1.3489815189531904,0.6744907594765952,0.6744907594765952,1.3489815189531904,0.6744907594765952,2.697963037906381,0.0,0.6744907594765952,-0.6744907594765952,2.697963037906381,0.0,0.3372453797382976,2.697963037906381,-0.6744907594765952,0.0,-0.6744907594765952,-0.8993210126354603,-0.6744907594765952,-1.3489815189531904,-0.6744907594765952,0.0,2.697963037906381,-0.3372453797382976,0.6744907594765952,0.0,2.697963037906381,0.0,-0.3372453797382976,1.3489815189531904,-0.6744907594765952,-0.6661485508120517,1
0.0,1.3489815189531904,0.3372453797382976,0.6744907594765952,0.6744907594765952,1.3489815189531904,2.697963037906381,-0.6744907594765952,2.023472278429786,-0.6744907594765952,2.697963037906381,0.0,-0.3372453797382976,2.023472278429786,-0.6744907594765952,0.0,0.6744907594765952,0.22483025315886507,0.3372453797382976,0.3372453797382976,0.3372453797382976,-1.3489815189531904,2.697963037906381,0.0,1.3489815189531904,2.697963037906381,1.3489815189531904,-1.8507992238167295,0.0,2.697963037906381,0.0,-2.664594203248207,1
-0.3372453797382976,0.3372453797382976,-0.3372453797382976,0.0,0.0,-1.3489815189531904,2.697963037906381,-0.3372453797382976,1.3489815189531904,0.6744907594765952,2.697963037906381,0.0,0.0,2.023472278429786,-0.6744907594765952,-0.6675387723151709,0.3372453797382976,0.6744907594765952,0.3372453797382976,1.011736139214893,1.011736139214893,-0.6744907594765952,-0.6744907594765952,1.3489815189531904,1.3489815189531904,0.0,-0.6744907594765952,0.0,0.6744907594765952,2.023472278429786,3.3724537973829762,-0.6661485508120517,1
-0.6744907594765952,0.3372453797382976,-0.3372453797382976,-0.3372453797382976,-0.6744907594765952,1.3489815189531904,5.395926075812762,-0.6744907594765952,0.6744907594765952,-1.3489815189531904,2.697963037906381,0.6334885212226357,-0.6744907594765952,0.0,-1.3489815189531904,0.0,-0.6744907594765952,-0.8993210126354603,-0.6744907594765952,-1.011736139214893,-0.6744907594765952,-1.3489815189531904,3.3724537973829762,0.0,0.6744907594765952,2.697963037906381,1.3489815189531904,-2.467732298422306,-0.3372453797382976,1.3489815189531904,0.0,-1.998445652436155,1
0.0,-0.6744907594765952,-0.3372453797382976,-0.6744907594765952,-0.3372453797382976,-0.6744907594765952,2.697963037906381,-0.3372453797382976,1.3489815189531904,2.697963037906381,1.3489815189531904,-2.5339540848905426,-0.3372453797382976,2.023472278429786,0.0,-2.6701550892606836,0.6744907594765952,0.22483025315886507,0.3372453797382976,0.3372453797382976,0.0,-2.023472278429786,3.3724537973829762,0.0,1.3489815189531904,3.3724537973829762,2.023472278429786,-1.8507992238167295,-0.3372453797382976,2.023472278429786,-0.6744907594765952,-1.998445652436155,1
-0.3372453797382976,0.6744907594765952,-0.3372453797382976,0.0,0.0,2.023472278429786,2.697963037906381,0.0,1.3489815189531904,-2.023472278429786,3.3724537973829762,0.0,0.0,2.697963037906381,-0.6744907594765952,0.0,-0.6744907594765952,0.0,-0.3372453797382976,-0.3372453797382976,-0.6744907594765952,0.6744907594765952,5.395926075812762,-0.6744907594765952,0.0,-0.6744907594765952,2.697963037906381,0.0,-0.6744907594765952,0.0,-1.3489815189531904,0.0,1
0.3372453797382976,0.6744907594765952,0.3372453797382976,0.0,0.6744907594765952,-0.6744907594765952,0.0,1.3489815189531904,1.3489815189531904,0.6744907594765952,1.3489815189531904,0.0,0.3372453797382976,0.6744907594765952,2.697963037906381,0.6675387723151709,-0.3372453797382976,0.0,0.0,0.0,0.0,-0.6744907594765952,2.697963037906381,0.3372453797382976,0.6744907594765952,0.6744907594765952,2.697963037906381,0.0,0.0,2.697963037906381,-0.6744907594765952,-0.6661485508120517,1
0.0,0.3372453797382976,0.0,0.0,0.3372453797382976,-0.6744907594765952,0.0,1.6862268986914881,0.6744907594765952,-0.6744907594765952,-0.6744907594765952,0.0,0.6744907594765952,0.6744907594765952,2.697963037906381,1.3350775446303418,-1.011736139214893,-1.5738117721120555,-1.3489815189531904,-1.6862268986914881,-1.011736139214893,0.0,4.046944556859572,-0.6744907594765952,-0.6744907594765952,0.0,2.023472278429786,0.0,-0.6744907594765952,0.0,-1.3489815189531904,0.0,1
0.6744907594765952,0.3372453797382976,0.3372453797382976,0.0,0.0,-1.3489815189531904,3.3724537973829762,-0.3372453797382976,2.023472278429786,3.3724537973829762,1.3489815189531904,-2.5339540848905426,-0.3372453797382976,2.023472278429786,0.0,-2.6701550892606836,0.6744907594765952,0.6744907594765952,0.3372453797382976,0.6744907594765952,0.6744907594765952,-1.3489815189531904,2.697963037906381,0.0,1.3489815189531904,2.697963037906381,2.023472278429786,-1.8507992238167295,0.0,2.697963037906381,0.0,-2.664594203248207,1
-0.6744907594765952,0.0,-0.6744907594765952,-0.6744907594765952,-0.6744907594765952,2.023472278429786,4.721435316336167,-0.6744907594765952,0.6744907594765952,-2.023472278429786,2.697963037906381,0.6334885212226357,-0.6744907594765952,0.0,-1.3489815189531904,0.0,-0.6744907594765952,0.0,-0.6744907594765952,-0.3372453797382976,-0.6744907594765952,-0.6744907594765952,4.721435316336167,-1.011736139214893,0.6744907594765952,0.6744907594765952,2.697963037906381,0.0,-0.6744907594765952,0.0,-1.3489815189531904,0.0,1
1.011736139214893,0.6744907594765952,0.6744907594765952,0.3372453797382976,0.3372453797382976,-1.3489815189531904,2.023472278429786,-0.6744907594765952,2.023472278429786,2.697963037906381,1.3489815189531904,-1.2669770424452713,-0.6744907594765952,0.6744907594765952,0.0,-2.6701550892606836,-0.3372453797382976,0.8993210126354603,0.0,1.011736139214893,-0.6744907594765952,0.6744907594765952,5.395926075812762,-1.011736139214893,0.6744907594765952,0.0,2.697963037906381,0.0,-0.6744907594765952,0.0,-1.3489815189531904,0.0,1
1.011736139214893,1.011736139214893,0.6744907594765952,0.6744907594765952,0.3372453797382976,0.0,2.023472278429786,-0.3372453797382976,3.3724537973829762,2.697963037906381,1.3489815189531904,-2.5339540848905426,0.3372453797382976,0.6744907594765952,2.023472278429786,-2.0026163169455127,0.6744907594765952,0.22483025315886507,0.6744907594765952,0.3372453797382976,1.6862268986914881,-0.6744907594765952,0.6744907594765952,0.3372453797382976,0.6744907594765952,0.6744907594765952,-0.6744907594765952,0.6169330746055764,1.011736139214893,0.0,2.023472278429786,-0.6661485508120517,1
-0.3372453797382976,-0.6744907594765952,-0.3372453797382976,-0.6744907594765952,-0.3372453797382976,-1.3489815189531904,3.3724537973829762,-0.3372453797382976,1.3489815189531904,2.697963037906381,1.3489815189531904,-2.5339540848905426,-0.3372453797382976,2.023472278429786,0.0,-2.0026163169455127,-0.3372453797382976,0.44966050631773014,-0.3372453797382976,0.6744907594765952,0.3372453797382976,0.0,2.697963037906381,0.0,0.6744907594765952,0.0,2.697963037906381,0.6169330746055764,0.0,2.697963037906381,-0.6744907594765952,0.0,1
-0.3372453797382976,1.011736139214893,0.0,0.3372453797382976,-0.6744907594765952,0.6744907594765952,4.721435316336167,-1.011736139214893,0.6744907594765952,-0.6744907594765952,2.697963037906381,0.0,-0.6744907594765952,0.0,-1.3489815189531904,0.0,0.6744907594765952,0.8993210126354603,0.3372453797382976,1.011736139214893,0.6744907594765952,-0.6744907594765952,2.697963037906381,0.6744907594765952,0.6744907594765952,2.697963037906381,1.3489815189531904,-2.467732298422306,0.3372453797382976,2.697963037906381,0.0,-2.664594203248207,1
-0.6744907594765952,0.0,-0.3372453797382976,-0.3372453797382976,-0.3372453797382976,0.0,4.046944556859572,-1.011736139214893,0.0,0.0,2.023472278429786,0.0,-0.6744907594765952,0.0,-1.3489815189531904,0.0,0.3372453797382976,0.8993210126354603,0.6744907594765952,1.011736139214893,1.3489815189531904,0.6744907594765952,2.697963037906381,0.0,0.6744907594765952,-0.6744907594765952,2.697963037906381,0.0,0.3372453797382976,2.697963037906381,-0.6744907594765952,0.0,1
0.6744907594765952,0.6744907594765952,0.3372453797382976,0.3372453797382976,-0.3372453797382976,-1.3489815189531904,4.046944556859572,0.0,2.697963037906381,3.3724537973829762,1.3489815189531904,-3.1674426061131786,-0.6744907594765952,1.3489815189531904,0.0,-2.6701550892606836,0.0,0.44966050631773014,-0.3372453797382976,0.3372453797382976,-0.3372453797382976,-2.023472278429786,3.3724537973829762,-0.3372453797382976,2.023472278429786,3.3724537973829762,2.023472278429786,-1.8507992238167295,-0.6744907594765952,1.3489815189531904,0.0,-1.998445652436155,1
-0.6744907594765952,-1.011736139214893,-0.6744907594765952,-1.3489815189531904,-0.6744907594765952,-0.6744907594765952,2.697963037906381,-0.3372453797382976,1.3489815189531904,2.697963037906381,1.3489815189531904,-1.900465563667907,-0.3372453797382976,1.3489815189531904,0.0,-2.0026163169455127,0.3372453797382976,0.0,0.0,0.0,0.0,-0.6744907594765952,2.697963037906381,0.0,0.6744907594765952,2.697963037906381,1.3489815189531904,-1.8507992238167295,0.3372453797382976,2.023472278429786,0.6744907594765952,-2.664594203248207,1
-0.6744907594765952,-1.6862268986914881,-0.6744907594765952,-1.011736139214893,-0.3372453797382976,-0.6744907594765952,3.3724537973829762,0.0,0.6744907594765952,0.6744907594765952,2.697963037906381,0.0,0.0,2.023472278429786,-0.6744907594765952,-0.6675387723151709,0.3372453797382976,0.6744907594765952,0.0,0.6744907594765952,0.0,-1.3489815189531904,4.046944556859572,0.0,1.3489815189531904,3.3724537973829762,1.3489815189531904,-3.0846653730278826,-0.3372453797382976,2.023472278429786,0.0,-2.664594203248207,1
-0.3372453797382976,0.0,-0.3372453797382976,-0.3372453797382976,0.0,0.0,3.3724537973829762,0.0,1.3489815189531904,0.0,2.697963037906381,0.0,0.0,2.023472278429786,-0.6744907594765952,0.0,-0.3372453797382976,-0.22483025315886507,-0.3372453797382976,-0.3372453797382976,0.0,0.0,3.3724537973829762,0.3372453797382976,0.6744907594765952,0.0,2.697963037906381,0.0,0.0,2.697963037906381,-0.6744907594765952,-0.6661485508120517,1
0.0,0.3372453797382976,0.0,0.0,0.3372453797382976,-0.6744907594765952,0.0,1.3489815189531904,0.6744907594765952,0.6744907594765952,2.023472278429786,0.0,0.3372453797382976,0.6744907594765952,2.023472278429786,0.6675387723151709,1.011736139214893,0.6744907594765952,0.3372453797382976,0.0,0.0,-1.3489815189531904,2.697963037906381,-0.3372453797382976,1.3489815189531904,3.3724537973829762,0.0,-1.8507992238167295,0.0,0.0,1.3489815189531904,-2.664594203248207,1
0.6744907594765952,1.3489815189531904,0.3372453797382976,0.6744907594765952,0.3372453797382976,-2.023472278429786,3.3724537973829762,0.0,1.3489815189531904,3.3724537973829762,2.023472278429786,-2.5339540848905426,-0.3372453797382976,2.023472278429786,0.0,-2.6701550892606836,1.011736139214893,0.8993210126354603,0.3372453797382976,0.3372453797382976,-0.3372453797382976,-1.3489815189531904,2.023472278429786,0.0,2.023472278429786,4.046944556859572,0.0,-1.8507992238167295,0.0,0.6744907594765952,1.3489815189531904,-3.330742754060258,1
-0.6744907594765952,-1.3489815189531904,-0.3372453797382976,-0.6744907594765952,-0.6744907594765952,1.3489815189531904,5.395926075812762,-0.6744907594765952,0.0,-1.3489815189531904,2.697963037906381,0.6334885212226357,-0.6744907594765952,0.0,-1.3489815189531904,0.0,-0.6744907594765952,0.0,-0.3372453797382976,0.0,-0.3372453797382976,-0.6744907594765952,3.3724537973829762,0.0,1.3489815189531904,0.6744907594765952,2.697963037906381,-0.6169330746055764,-0.3372453797382976,2.023472278429786,-0.6744907594765952,-0.6661485508120517,1
-0.3372453797382976,1.011736139214893,0.0,0.3372453797382976,-0.6744907594765952,0.0,5.395926075812762,-1.011736139214893,0.6744907594765952,0.0,2.697963037906381,0.0,-0.6744907594765952,0.0,-1.3489815189531904,0.0,0.6744907594765952,0.8993210126354603,0.3372453797382976,1.011736139214893,0.6744907594765952,-0.6744907594765952,2.697963037906381,0.0,1.3489815189531904,2.697963037906381,1.3489815189531904,-1.8507992238167295,0.0,2.697963037906381,0.0,-2.664594203248207,1
1.3489815189531904,2.697963037906381,0.6744907594765952,1.011736139214893,0.0,-0.6744907594765952,2.023472278429786,0.0,2.023472278429786,4.046944556859572,-0.6744907594765952,-1.2669770424452713,0.0,0.0,2.023472278429786,-2.6701550892606836,-0.6744907594765952,-0.44966050631773014,-0.6744907594765952,-0.3372453797382976,-0.3372453797382976,0.0,3.3724537973829762,0.0,0.6744907594765952,0.0,2.697963037906381,0.0,0.0,2.023472278429786,-0.6744907594765952,0.0,1
0.3372453797382976,1.3489815189531904,0.3372453797382976,0.6744907594765952,1.6862268986914881,0.0,0.6744907594765952,0.3372453797382976,0.0,-0.6744907594765952,0.0,0.6334885212226357,1.6862268986914881,-0.6744907594765952,4.046944556859572,-0.6675387723151709,-0.6744907594765952,0.22483025315886507,-0.3372453797382976,0.0,-0.6744907594765952,0.6744907594765952,5.395926075812762,-0.6744907594765952,0.6744907594765952,-0.6744907594765952,2.697963037906381,0.0,-0.6744907594765952,0.0,-1.3489815189531904,0.0,1
-0.3372453797382976,-1.6862268986914881,-0.3372453797382976,-1.011736139214893,-0.3372453797382976,-0.6744907594765952,3.3724537973829762,0.0,1.3489815189531904,0.6744907594765952,2.697963037906381,-0.6334885212226357,0.0,2.023472278429786,-0.6744907594765952,-0.6675387723151709,-0.6744907594765952,-0.8993210126354603,-0.6744907594765952,-1.011736139214893,-0.6744907594765952,0.0,2.697963037906381,0.0,0.6744907594765952,0.0,2.697963037906381,0.0,0.0,2.023472278429786,-0.6744907594765952,0.0,1
0.3372453797382976,0.3372453797382976,0.0,0.0,0.0,-2.023472278429786,4.046944556859572,0.6744907594765952,0.0,3.3724537973829762,1.3489815189531904,-2.5339540848905426,0.0,2.697963037906381,-0.6744907594765952,-2.0026163169455127,-0.6744907594765952,-0.8993210126354603,-0.6744907594765952,-1.011736139214893,-0.6744907594765952,-0.6744907594765952,3.3724537973829762,-0.3372453797382976,0.6744907594765952,2.697963037906381,1.3489815189531904,-2.467732298422306,-0.3372453797382976,1.3489815189531904,0.0,-1.998445652436155,1
0.3372453797382976,-0.3372453797382976,0.6744907594765952,0.0,1.011736139214893,0.6744907594765952,2.023472278429786,0.6744907594765952,2.023472278429786,0.0,-0.6744907594765952,0.0,0.3372453797382976,1.3489815189531904,3.3724537973829762,-0.6675387723151709,0.0,-0.6744907594765952,-0.3372453797382976,-0.6744907594765952,-0.3372453797382976,-1.3489815189531904,3.3724537973829762,0.0,1.3489815189531904,3.3724537973829762,1.3489815189531904,-2.467732298422306,-0.3372453797382976,2.023472278429786,-0.6744907594765952,-1.998445652436155,1
0.0,1.011736139214893,0.3372453797382976,0.3372453797382976,-0.3372453797382976,0.0,5.395926075812762,-0.6744907594765952,0.6744907594765952,0.0,2.697963037906381,0.0,-0.6744907594765952,0.0,-1.3489815189531904,0.0,-0.3372453797382976,0.6744907594765952,0.0,0.6744907594765952,0.0,1.3489815189531904,3.3724537973829762,0.0,1.3489815189531904,-1.3489815189531904,3.3724537973829762,0.0,0.0,2.697963037906381,-0.6744907594765952,0.0,1
0.3372453797382976,-0.6744907594765952,0.0,-0.6744907594765952,-0.3372453797382976,-1.3489815189531904,2.697963037906381,0.0,1.3489815189531904,3.3724537973829762,1.3489815189531904,-2.5339540848905426,-0.3372453797382976,2.023472278429786,0.0,-2.6701550892606836,-0.3372453797382976,0.0,0.0,0.0,0.0,-0.6744907594765952,2.697963037906381,-0.6744907594765952,1.3489815189531904,0.6744907594765952,2.697963037906381,0.6169330746055764,-0.3372453797382976,2.023472278429786,-0.6744907594765952,0.0,1
-0.3372453797382976,-0.3372453797382976,-0.3372453797382976,-0.6744907594765952,0.0,0.0,3.3724537973829762,0.3372453797382976,0.6744907594765952,0.0,2.697963037906381,0.0,0.0,2.697963037906381,-0.6744907594765952,-0.6675387723151709,-1.011736139214893,-1.3489815189531904,-1.011736139214893,-1.3489815189531904,-1.011736139214893,0.0,4.721435316336167,-0.6744907594765952,0.0,0.0,2.697963037906381,0.0,-0.6744907594765952,0.0,-1.3489815189531904,0.0,1
0.0,-0.3372453797382976,-0.3372453797382976,-0.6744907594765952,-0.3372453797382976,-0.6744907594765952,3.3724537973829762,0.0,0.6744907594765952,2.697963037906381,1.3489815189531904,-2.5339540848905426,0.0,2.023472278429786,0.0,-2.0026163169455127,-0.6744907594765952,-0.8993210126354603,-0.6744907594765952,-1.011736139214893,-0.6744907594765952,-1.3489815189531904,3.3724537973829762,0.0,1.3489815189531904,2.697963037906381,1.3489815189531904,-1.8507992238167295,-0.3372453797382976,1.3489815189531904,0.0,-1.998445652436155,1
0.6744907594765952,1.3489815189531904,0.3372453797382976,0.6744907594765952,0.6744907594765952,-0.6744907594765952,2.697963037906381,0.6744907594765952,0.6744907594765952,2.697963037906381,1.3489815189531904,-2.5339540848905426,0.3372453797382976,2.697963037906381,0.0,-2.6701550892606836,-1.011736139214893,-1.5738117721120555,-1.011736139214893,-1.6862268986914881,-1.011736139214893,0.6744907594765952,4.721435316336167,-0.3372453797382976,-0.6744907594765952,-0.6744907594765952,2.023472278429786,0.0,-0.6744907594765952,0.0,-1.3489815189531904,0.0,1
0.0,-0.3372453797382976,0.0,-0.6744907594765952,-0.3372453797382976,-0.6744907594765952,3.3724537973829762,0.0,1.3489815189531904,3.3724537973829762,1.3489815189531904,-2.5339540848905426,0.0,2.023472278429786,0.0,-2.6701550892606836,-0.6744907594765952,-1.3489815189531904,-1.011736139214893,-1.3489815189531904,-1.011736139214893,0.6744907594765952,5.395926075812762,-0.6744907594765952,-0.6744907594765952,-0.6744907594765952,2.023472278429786,0.0,-0.6744907594765952,0.0,-1.3489815189531904,0.0,1
0.3372453797382976,0.6744907594765952,0.6744907594765952,0.6744907594765952,1.6862268986914881,0.0,0.0,0.3372453797382976,2.023472278429786,0.0,-0.6744907594765952,0.6334885212226357,1.011736139214893,-2.697963037906381,6.070416835289357,-2.0026163169455127,2.023472278429786,1.5738117721120555,1.011736139214893,1.011736139214893,0.3372453797382976,0.0,0.6744907594765952,0.0,3.3724537973829762,4.046944556859572,-0.6744907594765952,-1.233866149211153,0.0,0.6744907594765952,2.023472278429786,-1.998445652436155,1
-0.3372453797382976,0.3372453797382976,-0.3372453797382976,-0.3372453797382976,-0.6744907594765952,2.023472278429786,5.395926075812762,-0.6744907594765952,0.6744907594765952,-2.023472278429786,2.697963037906381,0.6334885212226357,-0.6744907594765952,0.0,-1.3489815189531904,0.0,-0.3372453797382976,-0.6744907594765952,-0.3372453797382976,0.3372453797382976,-0.6744907594765952,0.6744907594765952,5.395926075812762,-0.6744907594765952,0.6744907594765952,-0.6744907594765952,2.697963037906381,0.6169330746055764,-0.6744907594765952,0.0,-1.3489815189531904,0.0,1
-0.3372453797382976,0.6744907594765952,0.0,0.0,-0.6744907594765952,-1.3489815189531904,5.395926075812762,-0.6744907594765952,0.6744907594765952,1.3489815189531904,2.697963037906381,-0.6334885212226357,-0.6744907594765952,0.0,-1.3489815189531904,0.0,1.011736139214893,0.44966050631773014,0.6744907594765952,0.6744907594765952,0.3372453797382976,-1.3489815189531904,2.023472278429786,-0.6744907594765952,2.023472278429786,2.697963037906381,1.3489815189531904,-1.233866149211153,-0.6744907594765952,0.6744907594765952,0.0,-2.664594203248207,1
-0.6744907594765952,-0.3372453797382976,-0.6744907594765952,-0.6744907594765952,-0.6744907594765952,0.0,3.3724537973829762,-1.011736139214893,0.0,0.0,2.023472278429786,0.0,-0.6744907594765952,0.0,-1.3489815189531904,0.0,-0.3372453797382976,0.22483025315886507,-0.3372453797382976,0.3372453797382976,-0.3372453797382976,1.3489815189531904,4.721435316336167,-1.011736139214893,0.0,-0.6744907594765952,2.023472278429786,0.0,-0.6744907594765952,0.0,-1.3489815189531904,0.0,1
1.011736139214893,0.6744907594765952,0.6744907594765952,0.3372453797382976,0.6744907594765952,-1.3489815189531904,3.3724537973829762,0.3372453797382976,0.6744907594765952,2.697963037906381,1.3489815189531904,-2.5339540848905426,0.0,2.697963037906381,0.0,-2.6701550892606836,-0.6744907594765952,-0.6744907594765952,-0.6744907594765952,-0.6744907594765952,-0.6744907594765952,0.0,2.697963037906381,-0.3372453797382976,1.3489815189531904,-0.6744907594765952,2.697963037906381,0.0,-0.3372453797382976,1.3489815189531904,-0.6744907594765952,0.0,1
-0.3372453797382976,-1.011736139214893,-0.6744907594765952,-1.011736139214893,-0.6744907594765952,-1.3489815189531904,4.046944556859572,0.0,0.0,2.697963037906381,1.3489815189531904,-3.1674426061131786,-0.3372453797382976,2.023472278429786,-0.6744907594765952,-2.0026163169455127,-0.6744907594765952,-0.22483025315886507,-0.6744907594765952,-0.3372453797382976,-0.3372453797382976,0.6744907594765952,3.3724537973829762,-0.3372453797382976,2.023472278429786,-1.3489815189531904,2.697963037906381,0.6169330746055764,-0.3372453797382976,2.023472278429786,-0.6744907594765952,0.0,1
0.0,0.3372453797382976,0.3372453797382976,0.0,0.3372453797382976,-0.6744907594765952,0.0,1.3489815189531904,1.3489815189531904,0.6744907594765952,1.3489815189531904,0.0,0.3372453797382976,1.3489815189531904,2.023472278429786,0.6675387723151709,-0.3372453797382976,0.6744907594765952,0.0,0.6744907594765952,-0.6744907594765952,0.6744907594765952,4.721435316336167,-1.011736139214893,0.6744907594765952,-0.6744907594765952,2.697963037906381,0.0,-0.6744907594765952,0.0,-1.3489815189531904,0.0,1
-0.6744907594765952,-2.023472278429786,-0.6744907594765952,-1.3489815189531904,-0.6744907594765952,-0.6744907594765952,3.3724537973829762,0.0,0.6744907594765952,0.6744907594765952,2.697963037906381,-0.6334885212226357,0.0,2.023472278429786,-0.6744907594765952,-0.6675387723151709,-0.6744907594765952,-0.6744907594765952,-0.6744907594765952,-0.6744907594765952,-0.3372453797382976,0.0,3.3724537973829762,0.0,0.6744907594765952,0.0,2.697963037906381,0.6169330746055764,0.0,2.023472278429786,-0.6744907594765952,0.0,1
0.0,1.011736139214893,0.3372453797382976,0.6744907594765952,0.0,-1.3489815189531904,2.697963037906381,-0.6744907594765952,2.697963037906381,1.3489815189531904,3.3724537973829762,0.0,-0.6744907594765952,1.3489815189531904,-0.6744907594765952,-0.6675387723151709,0.0,-0.22483025315886507,-0.3372453797382976,-0.3372453797382976,-0.3372453797382976,-1.3489815189531904,2.697963037906381,-0.3372453797382976,1.3489815189531904,2.697963037906381,1.3489815189531904,-1.8507992238167295,-0.3372453797382976,1.3489815189531904,0.0,-1.998445652436155,1
0.0,1.3489815189531904,0.3372453797382976,0.6744907594765952,-0.3372453797382976,0.6744907594765952,5.395926075812762,-0.6744907594765952,0.6744907594765952,0.0,2.697963037906381,0.0,-0.6744907594765952,0.0,-1.3489815189531904,0.0,-1.011736139214893,-1.5738117721120555,-1.011736139214893,-1.3489815189531904,-1.011736139214893,0.0,4.721435316336167,-0.6744907594765952,-0.6744907594765952,0.0,2.023472278429786,0.0,-0.6744907594765952,0.0,-1.3489815189531904,0.0,1
0.0,1.3489815189531904,0.3372453797382976,0.6744907594765952,1.011736139214893,1.3489815189531904,2.697963037906381,0.0,1.3489815189531904,-1.3489815189531904,3.3724537973829762,0.0,0.0,2.697963037906381,-0.6744907594765952,0.6675387723151709,0.3372453797382976,0.6744907594765952,0.6744907594765952,1.011736139214893,1.6862268986914881,0.6744907594765952,0.6744907594765952,0.6744907594765952,0.6744907594765952,-0.6744907594765952,0.0,0.6169330746055764,1.6862268986914881,-0.6744907594765952,4.046944556859572,-3.330742754060258,1
-0.3372453797382976,1.011736139214893,0.0,0.3372453797382976,-0.6744907594765952,0.0,5.395926075812762,-1.011736139214893,0.6744907594765952,0.0,2.697963037906381,0.0,-0.6744907594765952,0.0,-1.3489815189531904,0.0,0.0,0.6744907594765952,0.3372453797382976,1.011736139214893,0.6744907594765952,2.023472278429786,2.697963037906381,-0.3372453797382976,1.3489815189531904,-1.3489815189531904,2.697963037906381,-0.6169330746055764,-0.3372453797382976,2.023472278429786,-0.6744907594765952,0.0,1
-0.3372453797382976,1.011736139214893,0.0,0.3372453797382976,-0.6744907594765952,0.6744907594765952,4.721435316336167,-1.011736139214893,0.6744907594765952,-0.6744907594765952,2.697963037906381,0.0,-0.6744907594765952,0.0,-1.3489815189531904,0.0,0.3372453797382976,0.0,0.3372453797382976,0.0,1.011736139214893,-0.6744907594765952,0.6744907594765952,0.3372453797382976,0.0,-0.6744907594765952,0.0,0.6169330746055764,1.3489815189531904,0.0,2.023472278429786,0.0,1
0.3372453797382976,1.3489815189531904,0.3372453797382976,0.6744907594765952,0.6744907594765952,1.3489815189531904,3.3724537973829762,0.3372453797382976,0.6744907594765952,-0.6744907594765952,2.697963037906381,0.0,0.3372453797382976,2.697963037906381,-0.6744907594765952,0.0,1.011736139214893,0.6744907594765952,0.3372453797382976,0.0,0.0,0.6744907594765952,1.3489815189531904,-0.3372453797382976,1.3489815189531904,2.697963037906381,0.0,-0.6169330746055764,0.0,0.6744907594765952,1.3489815189531904,-1.3322971016241034,1
0.3372453797382976,0.0,0.6744907594765952,0.0,1.011736139214893,0.0,0.6744907594765952,0.3372453797382976,2.023472278429786,0.0,0.0,0.0,0.3372453797382976,0.6744907594765952,4.046944556859572,-1.3350775446303418,-0.3372453797382976,-0.6744907594765952,0.0,0.3372453797382976,-0.6744907594765952,-0.6744907594765952,5.395926075812762,-0.6744907594765952,0.6744907594765952,0.6744907594765952,2.697963037906381,-0.6169330746055764,-0.6744907594765952,0.0,-1.3489815189531904,0.0,1
1.6862268986914881,1.6862268986914881,1.011736139214893,0.0,0.0,-2.023472278429786,3.3724537973829762,0.0,2.023472278429786,4.046944556859572,0.6744907594765952,-2.5339540848905426,0.0,0.0,1.3489815189531904,-3.337693861575855,0.0,-0.22483025315886507,0.0,0.3372453797382976,0.6744907594765952,-1.3489815189531904,0.6744907594765952,0.3372453797382976,1.3489815189531904,0.6744907594765952,0.6744907594765952,0.6169330746055764,0.3372453797382976,0.0,3.3724537973829762,-1.3322971016241034,1
-0.3372453797382976,1.011736139214893,0.0,0.6744907594765952,0.6744907594765952,0.0,2.697963037906381,0.3372453797382976,0.0,0.0,2.697963037906381,0.0,0.3372453797382976,2.697963037906381,-0.6744907594765952,0.0,-0.3372453797382976,0.22483025315886507,0.0,0.3372453797382976,0.0,0.0,3.3724537973829762,0.3372453797382976,0.6744907594765952,0.0,2.697963037906381,0.0,0.0,2.697963037906381,-0.6744907594765952,0.0,1
1.011736139214893,1.011736139214893,0.6744907594765952,0.6744907594765952,0.3372453797382976,0.0,2.023472278429786,-0.3372453797382976,3.3724537973829762,2.697963037906381,1.3489815189531904,-2.5339540848905426,0.3372453797382976,0.6744907594765952,2.023472278429786,-2.0026163169455127,-0.3372453797382976,-0.6744907594765952,-0.3372453797382976,-0.6744907594765952,-0.6744907594765952,-1.3489815189531904,2.697963037906381,-0.3372453797382976,1.3489815189531904,2.697963037906381,1.3489815189531904,-2.467732298422306,-0.3372453797382976,1.3489815189531904,0.0,-1.998445652436155,1
0.6744907594765952,1.3489815189531904,0.3372453797382976,0.6744907594765952,0.3372453797382976,-1.3489815189531904,3.3724537973829762,-0.3372453797382976,2.023472278429786,3.3724537973829762,1.3489815189531904,-2.5339540848905426,-0.3372453797382976,2.023472278429786,0.0,-2.6701550892606836,0.3372453797382976,0.22483025315886507,0.3372453797382976,0.3372453797382976,0.0,-2.023472278429786,4.046944556859572,0.3372453797382976,0.6744907594765952,3.3724537973829762,2.023472278429786,-2.467732298422306,0.0,2.023472278429786,0.0,-2.664594203248207,1
-0.6744907594765952,-1.3489815189531904,-0.3372453797382976,-0.6744907594765952,-0.6744907594765952,1.3489815189531904,5.395926075812762,-0.6744907594765952,0.0,-1.3489815189531904,2.697963037906381,0.6334885212226357,-0.6744907594765952,0.0,-1.3489815189531904,0.0,-0.6744907594765952,-0.22483025315886507,-0.6744907594765952,-0.3372453797382976,-0.3372453797382976,0.6744907594765952,3.3724537973829762,-0.3372453797382976,2.023472278429786,-1.3489815189531904,2.697963037906381,0.6169330746055764,-0.3372453797382976,2.023472278429786,-0.6744907594765952,0.0,1
0.3372453797382976,0.0,0.3372453797382976,-0.3372453797382976,0.3372453797382976,-1.3489815189531904,3.3724537973829762,0.3372453797382976,0.0,3.3724537973829762,1.3489815189531904,-2.5339540848905426,0.0,2.697963037906381,-0.6744907594765952,-2.0026163169455127,0.3372453797382976,0.0,0.0,0.0,0.0,-0.6744907594765952,2.697963037906381,0.0,1.3489815189531904,2.697963037906381,1.3489815189531904,-1.8507992238167295,0.0,2.697963037906381,0.6744907594765952,-2.664594203248207,1
-0.6744907594765952,0.0,-0.6744907594765952,-0.6744907594765952,-0.6744907594765952,2.023472278429786,4.721435316336167,-0.6744907594765952,0.6744907594765952,-2.023472278429786,2.697963037906381,0.6334885212226357,-0.6744907594765952,0.0,-1.3489815189531904,0.0,-0.6744907594765952,-0.6744907594765952,-0.6744907594765952,-0.6744907594765952,-0.6744907594765952,0.0,2.697963037906381,-0.3372453797382976,1.3489815189531904,-0.6744907594765952,2.697963037906381,0.0,-0.3372453797382976,1.3489815189531904,-0.6744907594765952,0.0,1
-0.6744907594765952,-2.023472278429786,-0.6744907594765952,-1.6862268986914881,-1.011736139214893,0.6744907594765952,5.395926075812762,-0.3372453797382976,-0.6744907594765952,-0.6744907594765952,2.023472278429786,0.0,-0.6744907594765952,0.0,-1.3489815189531904,0.0,0.3372453797382976,0.6744907594765952,0.6744907594765952,1.011736139214893,1.011736139214893,-0.6744907594765952,0.0,1.3489815189531904,1.3489815189531904,-0.6744907594765952,0.6744907594765952,0.6169330746055764,0.6744907594765952,1.3489815189531904,3.3724537973829762,-1.3322971016241034,1
0.6744907594765952,0.3372453797382976,0.3372453797382976,0.0,0.0,-1.3489815189531904,3.3724537973829762,-0.3372453797382976,2.023472278429786,3.3724537973829762,1.3489815189531904,-2.5339540848905426,-0.3372453797382976,2.023472278429786,0.0,-2.6701550892606836,-0.3372453797382976,-0.8993210126354603,-0.3372453797382976,-1.011736139214893,-0.6744907594765952,-1.3489815189531904,2.697963037906381,-0.3372453797382976,1.3489815189531904,2.697963037906381,1.3489815189531904,-1.8507992238167295,-0.3372453797382976,1.3489815189531904,0.0,-1.998445652436155,1
0.6744907594765952,0.3372453797382976,0.3372453797382976,0.0,0.0,-1.3489815189531904,4.721435316336167,0.6744907594765952,0.6744907594765952,3.3724537973829762,1.3489815189531904,-3.800931127335814,0.0,2.697963037906381,0.0,-2.6701550892606836,0.0,0.6744907594765952,0.0,1.011736139214893,0.0,0.0,4.046944556859572,-1.011736139214893,0.6744907594765952,0.0,2.023472278429786,0.0,-0.6744907594765952,0.0,-1.3489815189531904,0.0,1
1.3489815189531904,1.3489815189531904,1.011736139214893,0.6744907594765952,0.3372453797382976,-2.023472278429786,3.3724537973829762,-0.3372453797382976,2.023472278429786,4.046944556859572,2.023472278429786,-1.900465563667907,-0.6744907594765952,1.3489815189531904,0.0,-2.6701550892606836,-0.3372453797382976,-0.44966050631773014,-0.3372453797382976,-0.3372453797382976,-0.3372453797382976,-0.6744907594765952,3.3724537973829762,-0.3372453797382976,1.3489815189531904,0.6744907594765952,2.697963037906381,-0.6169330746055764,-0.3372453797382976,2.023472278429786,-0.6744907594765952,-0.6661485508120517,1
-0.6744907594765952,-0.3372453797382976,-0.3372453797382976,-0.6744907594765952,-0.6744907594765952,1.3489815189531904,5.395926075812762,-0.6744907594765952,0.0,-1.3489815189531904,2.697963037906381,0.6334885212226357,-0.6744907594765952,0.0,-1.3489815189531904,0.0,-0.3372453797382976,0.44966050631773014,-0.3372453797382976,0.3372453797382976,0.0,2.023472278429786,2.697963037906381,0.0,1.3489815189531904,-2.023472278429786,3.3724537973829762,0.0,0.0,2.697963037906381,-0.6744907594765952,0.0,1
-0.3372453797382976,-0.6744907594765952,-0.3372453797382976,-1.011736139214893,-0.3372453797382976,-1.3489815189531904,3.3724537973829762,0.0,1.3489815189531904,2.697963037906381,1.3489815189531904,-1.900465563667907,-0.3372453797382976,2.023472278429786,0.0,-2.0026163169455127,-0.6744907594765952,-0.44966050631773014,-0.6744907594765952,-0.3372453797382976,-0.3372453797382976,0.0,3.3724537973829762,0.0,0.6744907594765952,0.0,2.697963037906381,0.0,0.0,2.023472278429786,-0.6744907594765952,0.0,1
0.3372453797382976,1.011736139214893,0.0,-0.3372453797382976,0.0,0.0,1.3489815189531904,-0.3372453797382976,0.6744907594765952,2.697963037906381,-0.6744907594765952,-0.6334885212226357,0.0,0.6744907594765952,1.3489815189531904,-1.3350775446303418,0.6744907594765952,0.44966050631773014,0.0,-0.3372453797382976,-0.3372453797382976,-1.3489815189531904,2.697963037906381,0.0,0.6744907594765952,4.046944556859572,0.0,-1.8507992238167295,0.0,0.0,0.6744907594765952,-2.664594203248207,1
0.0,0.6744907594765952,-0.3372453797382976,-0.6744907594765952,-0.6744907594765952,-0.6744907594765952,2.023472278429786,-0.3372453797382976,1.3489815189531904,3.3724537973829762,0.0,-1.900465563667907,-0.3372453797382976,1.3489815189531904,0.6744907594765952,-2.0026163169455127,0.3372453797382976,0.6744907594765952,0.0,1.011736139214893,0.3372453797382976,-0.6744907594765952,2.697963037906381,0.3372453797382976,0.6744907594765952,2.697963037906381,1.3489815189531904,-1.8507992238167295,0.6744907594765952,2.023472278429786,1.3489815189531904,-2.664594203248207,1
-0.3372453797382976,0.3372453797382976,0.0,0.0,0.0,-0.6744907594765952,3.3724537973829762,-0.3372453797382976,2.023472278429786,0.6744907594765952,3.3724537973829762,0.0,-0.3372453797382976,2.023472278429786,-0.6744907594765952,-0.6675387723151709,-0.6744907594765952,0.22483025315886507,-0.6744907594765952,0.3372453797382976,-0.6744907594765952,0.0,4.046944556859572,-1.011736139214893,0.6744907594765952,0.0,2.697963037906381,0.0,-0.6744907594765952,0.0,-1.3489815189531904,0.0,1
0.3372453797382976,-0.3372453797382976,0.3372453797382976,-0.3372453797382976,0.6744907594765952,-0.6744907594765952,0.6744907594765952,0.3372453797382976,2.023472278429786,0.6744907594765952,0.0,0.6334885212226357,0.3372453797382976,0.0,2.697963037906381,-1.3350775446303418,-0.3372453797382976,-0.6744907594765952,0.0,0.3372453797382976,-0.6744907594765952,-0.6744907594765952,5.395926075812762,-0.6744907594765952,0.6744907594765952,0.6744907594765952,2.697963037906381,-0.6169330746055764,-0.6744907594765952,0.0,-1.3489815189531904,0.0,1
0.3372453797382976,0.0,0.0,-0.3372453797382976,0.0,-0.6744907594765952,2.697963037906381,-0.3372453797382976,0.6744907594765952,2.697963037906381,1.3489815189531904,-1.900465563667907,0.0,2.023472278429786,0.0,-2.0026163169455127,-0.3372453797382976,-0.6744907594765952,-0.3372453797382976,-0.6744907594765952,-0.3372453797382976,-1.3489815189531904,3.3724537973829762,0.0,1.3489815189531904,2.697963037906381,1.3489815189531904,-2.467732298422306,-0.3372453797382976,2.023472278429786,0.0,-1.998445652436155,1
-0.3372453797382976,-1.011736139214893,-0.3372453797382976,-1.011736139214893,-0.6744907594765952,-1.3489815189531904,4.046944556859572,0.0,0.6744907594765952,2.697963037906381,1.3489815189531904,-2.5339540848905426,-0.3372453797382976,2.023472278429786,-0.6744907594765952,-2.0026163169455127,-0.3372453797382976,-0.6744907594765952,-0.3372453797382976,-0.6744907594765952,-0.6744907594765952,-0.6744907594765952,2.697963037906381,-0.3372453797382976,2.023472278429786,2.697963037906381,1.3489815189531904,-1.8507992238167295,-0.3372453797382976,1.3489815189531904,0.0,-1.998445652436155,1
-0.3372453797382976,1.011736139214893,0.0,0.6744907594765952,0.6744907594765952,0.0,2.697963037906381,0.3372453797382976,0.0,0.0,2.697963037906381,0.0,0.3372453797382976,2.697963037906381,-0.6744907594765952,0.0,-0.6744907594765952,0.0,-0.3372453797382976,0.0,-0.6744907594765952,1.3489815189531904,4.721435316336167,-0.6744907594765952,0.6744907594765952,-1.3489815189531904,2.697963037906381,0.6169330746055764,-0.6744907594765952,0.0,-1.3489815189531904,0.0,1
0.3372453797382976,-0.3372453797382976,0.3372453797382976,-0.6744907594765952,0.0,-1.3489815189531904,2.697963037906381,0.0,1.3489815189531904,2.697963037906381,1.3489815189531904,-1.900465563667907,0.0,2.023472278429786,0.0,-2.6701550892606836,-0.6744907594765952,-0.22483025315886507,-0.6744907594765952,-0.3372453797382976,-0.3372453797382976,0.6744907594765952,3.3724537973829762,-0.3372453797382976,2.023472278429786,-1.3489815189531904,2.697963037906381,0.6169330746055764,-0.3372453797382976,2.023472278429786,-0.6744907594765952,0.0,1
-0.6744907594765952,0.6744907594765952,-0.6744907594765952,0.0,-0.6744907594765952,0.0,4.721435316336167,-1.011736139214893,0.6744907594765952,0.0,2.697963037906381,0.0,-0.6744907594765952,0.0,-1.3489815189531904,0.0,-0.6744907594765952,-0.6744907594765952,-0.6744907594765952,-1.011736139214893,-0.6744907594765952,-1.3489815189531904,2.697963037906381,-0.3372453797382976,1.3489815189531904,2.697963037906381,1.3489815189531904,-1.8507992238167295,-0.3372453797382976,1.3489815189531904,0.0,-1.998445652436155,1
-0.3372453797382976,-0.6744907594765952,0.0,-1.011736139214893,-0.3372453797382976,0.6744907594765952,3.3724537973829762,0.0,1.3489815189531904,-0.6744907594765952,2.697963037906381,-0.6334885212226357,0.0,2.023472278429786,-0.6744907594765952,-0.6675387723151709,-0.6744907594765952,0.0,-0.6744907594765952,-0.3372453797382976,-0.6744907594765952,2.023472278429786,4.721435316336167,-0.6744907594765952,0.6744907594765952,-2.023472278429786,2.697963037906381,0.6169330746055764,-0.6744907594765952,0.0,-1.3489815189531904,0.0,1
0.6744907594765952,0.6744907594765952,0.3372453797382976,0.3372453797382976,0.0,-2.023472278429786,4.721435316336167,0.6744907594765952,0.6744907594765952,3.3724537973829762,1.3489815189531904,-3.1674426061131786,-0.3372453797382976,2.023472278429786,0.0,-2.6701550892606836,0.3372453797382976,0.22483025315886507,0.0,0.3372453797382976,0.0,0.0,2.023472278429786,-0.3372453797382976,2.697963037906381,2.697963037906381,1.3489815189531904,-1.8507992238167295,-0.3372453797382976,2.023472278429786,0.6744907594765952,-2.664594203248207,1
0.6744907594765952,0.0,0.3372453797382976,-0.3372453797382976,0.3372453797382976,-0.6744907594765952,2.023472278429786,-0.6744907594765952,3.3724537973829762,2.697963037906381,1.3489815189531904,-1.900465563667907,-0.6744907594765952,1.3489815189531904,0.6744907594765952,-2.6701550892606836,0.0,0.0,-0.3372453797382976,0.0,0.0,-1.3489815189531904,2.697963037906381,0.0,0.6744907594765952,2.697963037906381,1.3489815189531904,-1.8507992238167295,0.0,2.023472278429786,0.0,-1.998445652436155,1
0.3372453797382976,0.6744907594765952,0.0,0.3372453797382976,0.3372453797382976,-1.3489815189531904,2.697963037906381,-0.3372453797382976,1.3489815189531904,2.697963037906381,2.023472278429786,-1.900465563667907,-0.3372453797382976,2.697963037906381,0.0,-2.6701550892606836,0.3372453797382976,0.6744907594765952,0.3372453797382976,1.011736139214893,1.3489815189531904,0.6744907594765952,0.0,0.3372453797382976,1.3489815189531904,0.0,-0.6744907594765952,0.6169330746055764,1.011736139214893,-0.6744907594765952,2.023472278429786,-0.6661485508120517,1
0.0,-1.6862268986914881,0.0,-0.6744907594765952,0.0,1.3489815189531904,3.3724537973829762,0.0,1.3489815189531904,-1.3489815189531904,2.697963037906381,0.6334885212226357,0.0,2.023472278429786,-0.6744907594765952,0.0,0.3372453797382976,0.0,0.3372453797382976,0.0,0.3372453797382976,-0.6744907594765952,2.023472278429786,-0.6744907594765952,2.023472278429786,2.697963037906381,1.3489815189531904,-1.8507992238167295,-0.3372453797382976,1.3489815189531904,0.6744907594765952,-2.664594203248207,1
0.3372453797382976,0.6744907594765952,0.0,0.3372453797382976,0.3372453797382976,-1.3489815189531904,2.697963037906381,-0.3372453797382976,1.3489815189531904,2.697963037906381,2.023472278429786,-1.900465563667907,-0.3372453797382976,2.697963037906381,0.0,-2.6701550892606836,0.6744907594765952,0.8993210126354603,0.3372453797382976,1.011736139214893,0.3372453797382976,-2.023472278429786,3.3724537973829762,0.0,1.3489815189531904,3.3724537973829762,2.023472278429786,-2.467732298422306,-0.3372453797382976,2.023472278429786,0.0,-2.664594203248207,1
-0.3372453797382976,0.6744907594765952,-0.3372453797382976,0.0,0.0,2.023472278429786,2.697963037906381,0.0,1.3489815189531904,-2.023472278429786,3.3724537973829762,0.0,0.0,2.697963037906381,-0.6744907594765952,0.0,-0.3372453797382976,0.22483025315886507,-0.3372453797382976,0.3372453797382976,-0.3372453797382976,1.3489815189531904,4.721435316336167,-1.011736139214893,0.0,-0.6744907594765952,2.023472278429786,0.0,-0.6744907594765952,0.0,-1.3489815189531904,0.0,1
0.0,0.3372453797382976,0.3372453797382976,0.0,0.3372453797382976,1.3489815189531904,2.697963037906381,-0.3372453797382976,1.3489815189531904,-0.6744907594765952,2.697963037906381,0.0,-0.3372453797382976,2.023472278429786,-0.6744907594765952,0.0,-0.3372453797382976,-0.44966050631773014,-0.3372453797382976,0.6744907594765952,-0.6744907594765952,2.023472278429786,4.721435316336167,-0.6744907594765952,0.6744907594765952,-2.023472278429786,2.697963037906381,0.6169330746055764,-0.6744907594765952,0.0,-1.3489815189531904,0.0,1
-0.6744907594765952,-0.3372453797382976,-0.6744907594765952,-0.6744907594765952,-0.3372453797382976,1.3489815189531904,2.697963037906381,0.0,1.3489815189531904,-1.3489815189531904,2.697963037906381,0.0,0.0,2.023472278429786,-0.6744907594765952,0.0,0.3372453797382976,0.6744907594765952,0.3372453797382976,1.011736139214893,1.3489815189531904,0.6744907594765952,0.0,0.3372453797382976,1.3489815189531904,0.0,-0.6744907594765952,0.6169330746055764,1.011736139214893,-0.6744907594765952,2.023472278429786,-0.6661485508120517,1
0.6744907594765952,1.011736139214893,0.0,0.0,-0.3372453797382976,-1.3489815189531904,2.697963037906381,-0.3372453797382976,1.3489815189531904,3.3724537973829762,0.0,-1.900465563667907,0.0,0.6744907594765952,1.3489815189531904,-2.6701550892606836,0.3372453797382976,-0.22483025315886507,0.3372453797382976,0.0,1.011736139214893,0.0,1.3489815189531904,0.6744907594765952,2.023472278429786,0.0,0.0,0.0,0.3372453797382976,1.3489815189531904,3.3724537973829762,-0.6661485508120517,1
0.3372453797382976,0.6744907594765952,0.6744907594765952,0.0,1.6862268986914881,-0.6744907594765952,0.0,0.0,0.6744907594765952,0.0,-0.6744907594765952,1.2669770424452713,1.011736139214893,0.6744907594765952,2.023472278429786,-0.6675387723151709,0.3372453797382976,0.6744907594765952,0.6744907594765952,1.011736139214893,1.011736139214893,0.0,2.697963037906381,0.0,1.3489815189531904,0.0,2.697963037906381,0.0,0.0,2.697963037906381,-0.6744907594765952,0.0,1
-0.6744907594765952,-1.3489815189531904,-1.011736139214893,-1.6862268986914881,-0.6744907594765952,-1.3489815189531904,3.3724537973829762,-0.3372453797382976,0.0,2.697963037906381,1.3489815189531904,-1.900465563667907,-0.3372453797382976,1.3489815189531904,-0.6744907594765952,-2.0026163169455127,-1.011736139214893,-1.5738117721120555,-1.3489815189531904,-1.6862268986914881,-1.011736139214893,0.0,4.046944556859572,-0.6744907594765952,-0.6744907594765952,0.0,2.023472278429786,0.0,-0.6744907594765952,0.0,-1.3489815189531904,0.0,1
-0.3372453797382976,-1.011736139214893,-0.6744907594765952,-1.3489815189531904,-0.6744907594765952,-0.6744907594765952,2.697963037906381,-0.3372453797382976,1.3489815189531904,2.697963037906381,1.3489815189531904,-1.900465563667907,0.0,0.6744907594765952,0.6744907594765952,-2.6701550892606836,-0.3372453797382976,-0.8993210126354603,-0.3372453797382976,-0.3372453797382976,-0.3372453797382976,0.0,3.3724537973829762,0.0,0.6744907594765952,0.0,2.697963037906381,0.0,0.0,2.023472278429786,-0.6744907594765952,0.0,1
-0.3372453797382976,-1.011736139214893,-0.3372453797382976,-1.3489815189531904,-0.6744907594765952,-1.3489815189531904,3.3724537973829762,-0.3372453797382976,1.3489815189531904,2.697963037906381,1.3489815189531904,-2.5339540848905426,-0.3372453797382976,1.3489815189531904,0.0,-2.0026163169455127,0.0,0.6744907594765952,0.3372453797382976,0.6744907594765952,0.3372453797382976,1.3489815189531904,2.697963037906381,-0.3372453797382976,2.023472278429786,-1.3489815189531904,3.3724537973829762,0.0,-0.3372453797382976,2.023472278429786,-0.6744907594765952,0.6661485508120517,1
0.0,-0.3372453797382976,-0.3372453797382976,-0.6744907594765952,-0.3372453797382976,-0.6744907594765952,2.697963037906381,-0.3372453797382976,2.697963037906381,2.697963037906381,1.3489815189531904,-2.5339540848905426,-0.6744907594765952,1.3489815189531904,0.6744907594765952,-2.0026163169455127,-0.3372453797382976,0.8993210126354603,-0.3372453797382976,1.011736139214893,-0.6744907594765952,-1.3489815189531904,4.721435316336167,-0.6744907594765952,0.6744907594765952,1.3489815189531904,2.697963037906381,-0.6169330746055764,-0.6744907594765952,0.0,-1.3489815189531904,0.0,1
0.0,1.3489815189531904,0.3372453797382976,1.011736139214893,1.011736139214893,1.3489815189531904,2.697963037906381,0.0,0.6744907594765952,-0.6744907594765952,2.697963037906381,0.0,0.0,2.697963037906381,-0.6744907594765952,0.0,1.011736139214893,1.1241512657943253,0.3372453797382976,0.3372453797382976,0.0,-1.3489815189531904,2.697963037906381,-0.3372453797382976,0.6744907594765952,2.697963037906381,0.6744907594765952,-1.233866149211153,0.0,0.6744907594765952,2.023472278429786,-3.330742754060258,1
-0.3372453797382976,0.6744907594765952,-0.3372453797382976,0.0,0.0,2.023472278429786,2.023472278429786,-0.6744907594765952,2.023472278429786,-1.3489815189531904,2.697963037906381,0.0,-0.3372453797382976,1.3489815189531904,-0.6744907594765952,0.0,0.0,0.44966050631773014,0.3372453797382976,0.6744907594765952,0.3372453797382976,0.6744907594765952,2.023472278429786,-0.6744907594765952,2.023472278429786,-0.6744907594765952,2.697963037906381,-0.6169330746055764,-0.6744907594765952,1.3489815189531904,-0.6744907594765952,-0.6661485508120517,1
-0.3372453797382976,0.3372453797382976,-0.3372453797382976,0.0,-0.3372453797382976,1.3489815189531904,4.046944556859572,-1.011736139214893,0.6744907594765952,-0.6744907594765952,2.023472278429786,0.0,-0.6744907594765952,0.0,-1.3489815189531904,0.0,0.0,-0.22483025315886507,-0.3372453797382976,-0.3372453797382976,-0.3372453797382976,-1.3489815189531904,3.3724537973829762,0.0,0.6744907594765952,2.697963037906381,1.3489815189531904,-2.467732298422306,0.0,2.023472278429786,0.0,-1.998445652436155,1
0.6744907594765952,0.6744907594765952,0.0,-0.3372453797382976,0.0,0.0,0.6744907594765952,-0.3372453797382976,1.3489815189531904,3.3724537973829762,0.0,0.0,0.0,0.6744907594765952,1.3489815189531904,-2.0026163169455127,-0.3372453797382976,0.0,-0.3372453797382976,0.0,0.0,0.0,2.697963037906381,-0.6744907594765952,2.023472278429786,0.0,2.697963037906381,0.0,-0.6744907594765952,1.3489815189531904,-0.6744907594765952,0.0,1
-0.6744907594765952,-1.3489815189531904,-0.6744907594765952,-1.6862268986914881,-0.6744907594765952,-1.3489815189531904,3.3724537973829762,-0.3372453797382976,1.3489815189531904,2.697963037906381,1.3489815189531904,-2.5339540848905426,-0.6744907594765952,0.6744907594765952,-0.6744907594765952,-2.0026163169455127,-0.6744907594765952,0.22483025315886507,-0.3372453797382976,0.0,-0.6744907594765952,0.6744907594765952,5.395926075812762,-0.6744907594765952,0.6744907594765952,-0.6744907594765952,2.697963037906381,0.0,-0.6744907594765952,0.0,-1.3489815189531904,0.0,1
-0.3372453797382976,0.3372453797382976,0.0,0.0,0.0,-0.6744907594765952,3.3724537973829762,-0.3372453797382976,2.023472278429786,0.6744907594765952,3.3724537973829762,0.0,-0.3372453797382976,2.023472278429786,-0.6744907594765952,-0.6675387723151709,-0.3372453797382976,-0.6744907594765952,-0.3372453797382976,-1.011736139214893,-0.6744907594765952,-1.3489815189531904,3.3724537973829762,-0.3372453797382976,1.3489815189531904,2.697963037906381,1.3489815189531904,-2.467732298422306,-0.3372453797382976,1.3489815189531904,0.0,-1.998445652436155,1
-0.6744907594765952,-0.6744907594765952,-0.3372453797382976,-0.6744907594765952,0.0,0.0,0.6744907594765952,0.3372453797382976,1.3489815189531904,0.0,0.0,0.0,0.3372453797382976,0.6744907594765952,2.697963037906381,-0.6675387723151709,0.3372453797382976,0.44966050631773014,0.6744907594765952,0.6744907594765952,1.3489815189531904,0.0,0.6744907594765952,0.6744907594765952,0.0,-0.6744907594765952,0.6744907594765952,0.6169330746055764,1.6862268986914881,-0.6744907594765952,4.046944556859572,-0.6661485508120517,1
-0.6744907594765952,0.3372453797382976,-0.6744907594765952,-0.3372453797382976,-0.6744907594765952,0.6744907594765952,4.046944556859572,-1.011736139214893,0.6744907594765952,-0.6744907594765952,2.023472278429786,0.0,-0.6744907594765952,0.0,-1.3489815189531904,0.0,-0.3372453797382976,-1.3489815189531904,-0.3372453797382976,-1.011736139214893,-0.6744907594765952,0.0,2.697963037906381,-0.3372453797382976,1.3489815189531904,0.0,2.697963037906381,0.0,-0.3372453797382976,1.3489815189531904,-0.6744907594765952,0.0,1
0.6744907594765952,0.0,0.3372453797382976,-0.3372453797382976,0.0,0.0,2.023472278429786,-0.3372453797382976,3.3724537973829762,2.697963037906381,1.3489815189531904,-2.5339540848905426,-0.3372453797382976,2.023472278429786,1.3489815189531904,-2.0026163169455127,-0.6744907594765952,-1.5738117721120555,-1.011736139214893,-1.6862268986914881,-1.011736139214893,0.0,5.395926075812762,-0.3372453797382976,-1.3489815189531904,0.0,2.023472278429786,0.0,-0.6744907594765952,0.0,-1.3489815189531904,0.0,1
-1.011736139214893,-2.3607176581680833,-1.3489815189531904,-2.023472278429786,-1.011736139214893,0.6744907594765952,4.046944556859572,-0.6744907594765952,-0.6744907594765952,-0.6744907594765952,2.023472278429786,0.0,-0.6744907594765952,0.0,-1.3489815189531904,0.0,-0.6744907594765952,0.44966050631773014,-0.3372453797382976,0.3372453797382976,-0.6744907594765952,1.3489815189531904,4.721435316336167,-1.011736139214893,0.6744907594765952,-1.3489815189531904,2.697963037906381,0.0,-0.6744907594765952,0.0,-1.3489815189531904,0.0,1
-0.3372453797382976,0.3372453797382976,-0.3372453797382976,0.0,-0.6744907594765952,0.6744907594765952,5.395926075812762,-0.6744907594765952,0.6744907594765952,-0.6744907594765952,2.697963037906381,0.6334885212226357,-0.6744907594765952,0.0,-1.3489815189531904,0.0,-0.6744907594765952,-1.3489815189531904,-0.6744907594765952,-1.3489815189531904,-1.011736139214893,0.0,5.395926075812762,-0.6744907594765952,-0.6744907594765952,0.0,2.697963037906381,0.0,-0.6744907594765952,0.0,-1.3489815189531904,0.0,1
0.3372453797382976,0.0,0.0,-0.3372453797382976,0.0,0.0,2.697963037906381,0.0,2.023472278429786,2.697963037906381,1.3489815189531904,-2.5339540848905426,0.0,2.697963037906381,0.6744907594765952,-2.0026163169455127,0.6744907594765952,0.6744907594765952,0.0,1.011736139214893,-0.3372453797382976,-2.023472278429786,4.046944556859572,0.0,1.3489815189531904,3.3724537973829762,2.023472278429786,-2.467732298422306,-0.6744907594765952,1.3489815189531904,-0.6744907594765952,-1.998445652436155,1
0.3372453797382976,0.0,0.0,-0.3372453797382976,0.0,-0.6744907594765952,2.697963037906381,-0.3372453797382976,1.3489815189531904,2.697963037906381,1.3489815189531904,-1.900465563667907,-0.3372453797382976,2.023472278429786,0.0,-2.6701550892606836,0.3372453797382976,-0.22483025315886507,0.0,-0.3372453797382976,0.0,-1.3489815189531904,2.023472278429786,-0.6744907594765952,2.023472278429786,2.697963037906381,1.3489815189531904,-1.8507992238167295,-0.3372453797382976,0.6744907594765952,0.6744907594765952,-2.664594203248207,1
0.0,-0.3372453797382976,0.3372453797382976,0.0,0.6744907594765952,-1.3489815189531904,0.6744907594765952,0.3372453797382976,2.023472278429786,0.6744907594765952,0.6744907594765952,0.6334885212226357,0.3372453797382976,0.6744907594765952,3.3724537973829762,-1.3350775446303418,-0.6744907594765952,0.0,-0.3372453797382976,-0.3372453797382976,-0.6744907594765952,0.6744907594765952,5.395926075812762,-0.6744907594765952,0.0,-0.6744907594765952,2.697963037906381,0.0,-0.6744907594765952,0.0,-1.3489815189531904,0.0,1
0.0,0.3372453797382976,0.0,0.0,0.0,0.0,3.3724537973829762,0.0,1.3489815189531904,0.0,2.697963037906381,0.0,0.0,2.697963037906381,-0.6744907594765952,-0.6675387723151709,-0.6744907594765952,-0.22483025315886507,-0.3372453797382976,-0.3372453797382976,-0.6744907594765952,1.3489815189531904,5.395926075812762,-0.6744907594765952,0.0,-1.3489815189531904,2.697963037906381,0.6169330746055764,-0.6744907594765952,0.0,-1.3489815189531904,0.0,1
-0.6744907594765952,-2.023472278429786,-0.6744907594765952,-1.3489815189531904,-0.6744907594765952,0.0,3.3724537973829762,0.0,0.6744907594765952,0.0,2.697963037906381,0.0,0.0,2.023472278429786,-0.6744907594765952,0.0,0.3372453797382976,0.44966050631773014,-0.3372453797382976,-0.3372453797382976,-0.3372453797382976,-0.6744907594765952,2.023472278429786,-0.3372453797382976,0.6744907594765952,3.3724537973829762,0.0,-1.233866149211153,0.0,0.6744907594765952,1.3489815189531904,-2.664594203248207,1
0.0,1.011736139214893,0.3372453797382976,0.6744907594765952,0.6744907594765952,2.023472278429786,2.697963037906381,-0.3372453797382976,1.3489815189531904,-1.3489815189531904,2.697963037906381,-0.6334885212226357,-0.3372453797382976,2.023472278429786,-0.6744907594765952,0.0,0.3372453797382976,0.6744907594765952,0.6744907594765952,0.6744907594765952,1.6862268986914881,-0.6744907594765952,0.6744907594765952,0.3372453797382976,0.6744907594765952,0.0,-0.6744907594765952,0.6169330746055764,1.011736139214893,0.0,2.023472278429786,-1.3322971016241034,1
0.3372453797382976,0.6744907594765952,0.3372453797382976,0.3372453797382976,0.3372453797382976,-0.6744907594765952,1.3489815189531904,-1.011736139214893,2.023472278429786,2.023472278429786,1.3489815189531904,-1.900465563667907,-0.6744907594765952,0.6744907594765952,0.6744907594765952,-2.6701550892606836,0.0,-0.22483025315886507,-0.3372453797382976,-0.3372453797382976,-0.3372453797382976,-1.3489815189531904,3.3724537973829762,0.0,0.6744907594765952,2.697963037906381,1.3489815189531904,-2.467732298422306,0.0,2.023472278429786,0.0,-1.998445652436155,1
0.3372453797382976,0.3372453797382976,0.3372453797382976,0.0,1.3489815189531904,-1.3489815189531904,0.0,0.0,0.6744907594765952,0.0,-0.6744907594765952,0.6334885212226357,1.011736139214893,0.0,2.023472278429786,-0.6675387723151709,-0.6744907594765952,-0.22483025315886507,-0.6744907594765952,-0.3372453797382976,-0.3372453797382976,0.0,3.3724537973829762,-0.3372453797382976,1.3489815189531904,0.0,2.697963037906381,0.0,-0.3372453797382976,2.023472278429786,-0.6744907594765952,0.0,1
-0.3372453797382976,0.6744907594765952,-0.3372453797382976,0.0,-0.6744907594765952,0.0,5.395926075812762,-1.011736139214893,0.6744907594765952,0.0,2.697963037906381,0.0,-0.6744907594765952,0.0,-1.3489815189531904,0.0,-0.3372453797382976,-0.22483025315886507,-0.3372453797382976,1.011736139214893,-0.6744907594765952,2.023472278429786,4.721435316336167,-1.011736139214893,0.6744907594765952,-1.3489815189531904,2.697963037906381,0.6169330746055764,-0.6744907594765952,0.0,-1.3489815189531904,0.0,1
-0.3372453797382976,-0.6744907594765952,-0.3372453797382976,-0.6744907594765952,-0.3372453797382976,-1.3489815189531904,3.3724537973829762,-0.3372453797382976,1.3489815189531904,2.697963037906381,1.3489815189531904,-2.5339540848905426,-0.3372453797382976,2.023472278429786,0.0,-2.0026163169455127,0.6744907594765952,0.6744907594765952,0.0,0.3372453797382976,-0.3372453797382976,-1.3489815189531904,2.697963037906381,-0.3372453797382976,1.3489815189531904,3.3724537973829762,0.0,-1.8507992238167295,0.0,0.6744907594765952,1.3489815189531904,-2.664594203248207,1
0.6744907594765952,0.3372453797382976,0.6744907594765952,0.0,0.3372453797382976,0.0,2.023472278429786,-0.6744907594765952,2.023472278429786,2.697963037906381,1.3489815189531904,-1.900465563667907,0.0,1.3489815189531904,1.3489815189531904,-2.6701550892606836,-0.6744907594765952,-0.8993210126354603,-0.6744907594765952,-0.3372453797382976,-0.6744907594765952,0.6744907594765952,4.721435316336167,-1.011736139214893,0.6744907594765952,-0.6744907594765952,2.697963037906381,0.0,-0.6744907594765952,0.0,-1.3489815189531904,0.0,1
-0.3372453797382976,0.3372453797382976,-0.3372453797382976,-0.3372453797382976,-0.6744907594765952,0.6744907594765952,5.395926075812762,-0.6744907594765952,0.6744907594765952,-0.6744907594765952,2.697963037906381,0.6334885212226357,-0.6744907594765952,0.0,-1.3489815189531904,0.0,-0.3372453797382976,-0.6744907594765952,-0.3372453797382976,0.0,-0.6744907594765952,0.0,5.395926075812762,-0.6744907594765952,0.0,0.0,2.697963037906381,0.0,-0.6744907594765952,0.0,-1.3489815189531904,0.0,1
1.3489815189531904,1.3489815189531904,1.011736139214893,0.6744907594765952,0.3372453797382976,-1.3489815189531904,4.721435316336167,1.3489815189531904,-0.6744907594765952,2.697963037906381,0.6744907594765952,-3.1674426061131786,0.0,2.697963037906381,-0.6744907594765952,-2.6701550892606836,-0.3372453797382976,-0.8993210126354603,-0.3372453797382976,-0.3372453797382976,-0.3372453797382976,0.0,3.3724537973829762,0.0,0.6744907594765952,0.0,2.697963037906381,0.0,0.0,2.023472278429786,-0.6744907594765952,0.0,1
0.3372453797382976,0.0,0.6744907594765952,0.0,1.011736139214893,0.0,0.6744907594765952,0.3372453797382976,2.023472278429786,0.0,0.0,0.0,0.3372453797382976,0.6744907594765952,4.046944556859572,-1.3350775446303418,-0.3372453797382976,-1.3489815189531904,-0.3372453797382976,-1.011736139214893,-0.6744907594765952,0.0,2.697963037906381,-0.3372453797382976,1.3489815189531904,0.0,2.697963037906381,0.0,-0.3372453797382976,1.3489815189531904,-0.6744907594765952,0.0,1
-0.3372453797382976,0.0,0.0,-0.3372453797382976,0.3372453797382976,-0.6744907594765952,0.0,1.3489815189531904,0.6744907594765952,0.0,2.023472278429786,0.6334885212226357,0.3372453797382976,0.6744907594765952,1.3489815189531904,0.0,-0.3372453797382976,-0.44966050631773014,-0.3372453797382976,0.6744907594765952,-0.6744907594765952,1.3489815189531904,4.721435316336167,-1.011736139214893,0.6744907594765952,-1.3489815189531904,2.697963037906381,0.0,-0.6744907594765952,0.0,-1.3489815189531904,0.0,1
0.6744907594765952,2.3607176581680833,0.0,0.6744907594765952,0.0,-0.6744907594765952,2.023472278429786,-0.3372453797382976,0.6744907594765952,2.697963037906381,0.0,-1.2669770424452713,0.0,0.6744907594765952,2.023472278429786,-2.6701550892606836,0.6744907594765952,0.0,0.3372453797382976,0.0,0.3372453797382976,0.0,2.023472278429786,-0.3372453797382976,1.3489815189531904,2.697963037906381,1.3489815189531904,-1.8507992238167295,0.3372453797382976,2.023472278429786,1.3489815189531904,-2.664594203248207,1
-1.011736139214893,-2.023472278429786,-1.011736139214893,-1.6862268986914881,-1.011736139214893,0.0,4.721435316336167,-0.6744907594765952,0.0,0.0,2.697963037906381,0.0,-0.6744907594765952,0.0,-1.3489815189531904,0.0,-0.3372453797382976,0.6744907594765952,-0.3372453797382976,1.011736139214893,0.0,1.3489815189531904,4.046944556859572,-1.011736139214893,0.0,-0.6744907594765952,2.023472278429786,0.0,-0.6744907594765952,0.0,-1.3489815189531904,0.0,1
0.3372453797382976,1.011736139214893,0.6744907594765952,0.6744907594765952,1.6862268986914881,0.6744907594765952,0.6744907594765952,0.6744907594765952,0.6744907594765952,-0.6744907594765952,0.0,0.6334885212226357,1.6862268986914881,-0.6744907594765952,4.046944556859572,-3.337693861575855,0.3372453797382976,0.44966050631773014,0.3372453797382976,0.6744907594765952,0.3372453797382976,-0.6744907594765952,1.3489815189531904,-1.011736139214893,2.023472278429786,2.023472278429786,1.3489815189531904,-1.8507992238167295,-0.6744907594765952,0.6744907594765952,0.6744907594765952,-2.664594203248207,1
-1.011736139214893,-2.023472278429786,-1.011736139214893,-1.6862268986914881,-1.011736139214893,0.0,4.721435316336167,-0.6744907594765952,-0.6744907594765952,0.0,2.023472278429786,0.0,-0.6744907594765952,0.0,-1.3489815189531904,0.0,0.3372453797382976,0.0,0.3372453797382976,0.0,0.0,-2.023472278429786,4.046944556859572,0.3372453797382976,0.0,3.3724537973829762,1.3489815189531904,-2.467732298422306,0.0,2.697963037906381,0.0,-1.998445652436155,1
0.3372453797382976,1.011736139214893,0.3372453797382976,0.6744907594765952,1.011736139214893,-0.6744907594765952,-0.6744907594765952,1.3489815189531904,1.3489815189531904,0.0,-0.6744907594765952,0.0,0.6744907594765952,2.023472278429786,3.3724537973829762,-0.6675387723151709,-0.6744907594765952,-1.1241512657943253,-0.6744907594765952,-0.6744907594765952,-0.3372453797382976,0.0,2.697963037906381,-0.3372453797382976,1.3489815189531904,0.0,2.697963037906381,0.0,-0.3372453797382976,2.023472278429786,-0.6744907594765952,0.0,1
0.6744907594765952,0.6744907594765952,0.3372453797382976,0.3372453797382976,0.0,-2.023472278429786,4.721435316336167,0.6744907594765952,0.6744907594765952,3.3724537973829762,1.3489815189531904,-3.1674426061131786,-0.3372453797382976,2.023472278429786,0.0,-2.6701550892606836,-0.3372453797382976,-0.8993210126354603,-0.3372453797382976,-1.011736139214893,-0.6744907594765952,-1.3489815189531904,2.697963037906381,-0.3372453797382976,1.3489815189531904,2.697963037906381,1.3489815189531904,-1.8507992238167295,-0.3372453797382976,1.3489815189531904,0.0,-1.998445652436155,1
-1.011736139214893,-2.3607176581680833,-1.011736139214893,-2.023472278429786,-1.011736139214893,0.0,4.721435316336167,-0.6744907594765952,-0.6744907594765952,0.0,2.023472278429786,0.0,-0.6744907594765952,0.0,-1.3489815189531904,0.0,1.011736139214893,1.1241512657943253,0.3372453797382976,0.3372453797382976,0.3372453797382976,-1.3489815189531904,2.697963037906381,-0.3372453797382976,1.3489815189531904,3.3724537973829762,0.0,-1.8507992238167295,0.0,0.6744907594765952,2.023472278429786,-2.664594203248207,1
-0.3372453797382976,-1.011736139214893,-0.3372453797382976,-1.3489815189531904,-0.6744907594765952,-1.3489815189531904,2.697963037906381,-0.3372453797382976,1.3489815189531904,2.697963037906381,1.3489815189531904,-2.5339540848905426,-0.3372453797382976,1.3489815189531904,0.0,-2.0026163169455127,0.3372453797382976,0.22483025315886507,0.3372453797382976,0.6744907594765952,1.011736139214893,-0.6744907594765952,0.6744907594765952,0.3372453797382976,2.023472278429786,0.0,0.0,0.0,0.3372453797382976,1.3489815189531904,3.3724537973829762,-0.6661485508120517,1
0.3372453797382976,1.011736139214893,0.0,-0.3372453797382976,-0.3372453797382976,-1.3489815189531904,2.697963037906381,-0.3372453797382976,1.3489815189531904,3.3724537973829762,0.6744907594765952,-1.900465563667907,0.0,0.6744907594765952,1.3489815189531904,-3.337693861575855,0.0,-0.22483025315886507,-0.3372453797382976,-0.3372453797382976,-0.3372453797382976,-0.6744907594765952,2.697963037906381,-0.3372453797382976,2.697963037906381,2.697963037906381,1.3489815189531904,-2.467732298422306,-0.6744907594765952,1.3489815189531904,0.6744907594765952,-1.998445652436155,1
0.6744907594765952,0.0,0.3372453797382976,-0.3372453797382976,0.3372453797382976,-0.6744907594765952,2.023472278429786,-0.6744907594765952,3.3724537973829762,2.697963037906381,1.3489815189531904,-1.900465563667907,-0.6744907594765952,1.3489815189531904,0.6744907594765952,-2.6701550892606836,-0.6744907594765952,0.22483025315886507,-0.6744907594765952,0.0,-0.6744907594765952,0.0,4.721435316336167,-1.011736139214893,0.6744907594765952,0.0,2.697963037906381,0.0,-0.6744907594765952,0.0,-1.3489815189531904,0.0,1
0.3372453797382976,0.6744907594765952,0.0,0.0,0.3372453797382976,-0.6744907594765952,3.3724537973829762,0.3372453797382976,0.0,2.697963037906381,1.3489815189531904,-1.900465563667907,0.3372453797382976,2.697963037906381,0.0,-2.6701550892606836,0.3372453797382976,0.6744907594765952,0.6744907594765952,1.011736139214893,1.011736139214893,-0.6744907594765952,0.0,1.3489815189531904,1.3489815189531904,0.6744907594765952,1.3489815189531904,0.0,0.6744907594765952,0.6744907594765952,3.3724537973829762,-0.6661485508120517,1
0.0,-1.011736139214893,-0.3372453797382976,-1.011736139214893,-0.3372453797382976,-1.3489815189531904,2.697963037906381,-0.3372453797382976,2.023472278429786,3.3724537973829762,1.3489815189531904,-2.5339540848905426,-0.3372453797382976,1.3489815189531904,0.0,-2.6701550892606836,0.0,0.6744907594765952,0.3372453797382976,0.6744907594765952,-0.3372453797382976,0.0,5.395926075812762,-0.6744907594765952,0.6744907594765952,0.0,2.697963037906381,0.0,-0.6744907594765952,0.0,-1.3489815189531904,0.0,1
-0.3372453797382976,0.0,0.0,-0.3372453797382976,0.0,0.6744907594765952,3.3724537973829762,0.0,1.3489815189531904,0.0,2.697963037906381,0.0,0.0,2.023472278429786,-0.6744907594765952,0.0,0.0,0.22483025315886507,0.0,0.3372453797382976,0.0,0.0,2.023472278429786,-0.6744907594765952,2.023472278429786,2.697963037906381,1.3489815189531904,-1.8507992238167295,-0.3372453797382976,1.3489815189531904,0.6744907594765952,-1.998445652436155,1
-0.3372453797382976,-1.011736139214893,-0.3372453797382976,0.0,-0.6744907594765952,0.6744907594765952,5.395926075812762,-0.6744907594765952,0.6744907594765952,-0.6744907594765952,2.697963037906381,0.6334885212226357,-0.6744907594765952,0.0,-1.3489815189531904,0.0,1.011736139214893,0.22483025315886507,0.6744907594765952,0.3372453797382976,0.6744907594765952,0.0,2.023472278429786,0.0,1.3489815189531904,2.023472278429786,1.3489815189531904,-1.8507992238167295,0.6744907594765952,2.023472278429786,2.023472278429786,-1.998445652436155,1
-1.011736139214893,-2.023472278429786,-1.011736139214893,-1.6862268986914881,-1.011736139214893,0.0,4.721435316336167,-0.6744907594765952,-0.6744907594765952,0.0,2.023472278429786,0.0,-0.6744907594765952,0.0,-1.3489815189531904,0.0,0.6744907594765952,0.44966050631773014,0.3372453797382976,0.3372453797382976,0.0,0.0,2.023472278429786,-0.3372453797382976,2.697963037906381,2.697963037906381,1.3489815189531904,-2.467732298422306,0.3372453797382976,0.6744907594765952,1.3489815189531904,-2.664594203248207,1
-0.3372453797382976,-1.3489815189531904,-0.3372453797382976,-1.3489815189531904,-0.6744907594765952,-1.3489815189531904,2.697963037906381,-0.3372453797382976,1.3489815189531904,2.697963037906381,1.3489815189531904,-1.900465563667907,-0.3372453797382976,1.3489815189531904,0.0,-2.0026163169455127,-0.6744907594765952,-0.8993210126354603,-0.6744907594765952,-1.011736139214893,-0.6744907594765952,-0.6744907594765952,2.697963037906381,-0.3372453797382976,1.3489815189531904,2.697963037906381,1.3489815189531904,-1.8507992238167295,-0.3372453797382976,1.3489815189531904,0.0,-1.998445652436155,1
-0.6744907594765952,-1.011736139214893,-1.011736139214893,-1.3489815189531904,-0.6744907594765952,0.6744907594765952,3.3724537973829762,0.0,0.0,-0.6744907594765952,2.023472278429786,0.0,0.0,2.023472278429786,-0.6744907594765952,0.0,0.0,-0.22483025315886507,-0.3372453797382976,-0.3372453797382976,-0.3372453797382976,-1.3489815189531904,3.3724537973829762,0.3372453797382976,0.0,2.697963037906381,1.3489815189531904,-2.467732298422306,0.0,2.023472278429786,-0.6744907594765952,-1.998445652436155,1
0.6744907594765952,0.3372453797382976,0.3372453797382976,0.0,0.3372453797382976,0.0,2.697963037906381,0.0,2.023472278429786,3.3724537973829762,1.3489815189531904,-2.5339540848905426,0.0,2.697963037906381,0.6744907594765952,-2.6701550892606836,-0.6744907594765952,-0.6744907594765952,-0.6744907594765952,-1.011736139214893,-0.3372453797382976,0.0,3.3724537973829762,0.0,0.6744907594765952,0.0,2.697963037906381,0.0,0.0,2.023472278429786,-0.6744907594765952,0.0,1
0.3372453797382976,1.011736139214893,0.6744907594765952,0.6744907594765952,1.6862268986914881,-1.3489815189531904,0.6744907594765952,0.3372453797382976,1.3489815189531904,0.0,-0.6744907594765952,0.6334885212226357,1.011736139214893,0.0,2.023472278429786,-1.3350775446303418,-0.6744907594765952,-0.6744907594765952,-0.6744907594765952,0.0,-0.6744907594765952,0.0,4.721435316336167,-1.011736139214893,0.6744907594765952,0.0,2.697963037906381,0.0,-0.6744907594765952,0.0,-1.3489815189531904,0.0,1
-0.6744907594765952,-1.3489815189531904,-0.6744907594765952,-1.3489815189531904,-0.6744907594765952,0.0,3.3724537973829762,-0.3372453797382976,1.3489815189531904,0.0,2.697963037906381,0.0,-0.3372453797382976,2.023472278429786,-0.6744907594765952,0.0,-0.6744907594765952,0.44966050631773014,-0.3372453797382976,0.3372453797382976,-0.6744907594765952,0.0,4.721435316336167,-1.011736139214893,0.6744907594765952,0.0,2.697963037906381,0.0,-0.6744907594765952,0.0,-1.3489815189531904,0.0,1
-0.3372453797382976,-1.011736139214893,-0.3372453797382976,0.0,-0.6744907594765952,-0.6744907594765952,5.395926075812762,-0.6744907594765952,0.6744907594765952,0.6744907594765952,2.697963037906381,-0.6334885212226357,-0.6744907594765952,0.0,-1.3489815189531904,0.0,0.3372453797382976,0.22483025315886507,0.6744907594765952,0.3372453797382976,1.011736139214893,0.0,0.0,1.3489815189531904,1.3489815189531904,-0.6744907594765952,0.0,0.6169330746055764,0.3372453797382976,1.3489815189531904,2.697963037906381,-0.6661485508120517,1
0.0,0.3372453797382976,0.0,0.0,0.6744907594765952,0.6744907594765952,2.697963037906381,0.0,0.6744907594765952,-0.6744907594765952,2.697963037906381,0.0,0.3372453797382976,2.697963037906381,-0.6744907594765952,-0.6675387723151709,-0.3372453797382976,-0.6744907594765952,-0.3372453797382976,0.3372453797382976,-0.6744907594765952,-0.6744907594765952,5.395926075812762,-0.6744907594765952,0.6744907594765952,0.6744907594765952,2.697963037906381,-0.6169330746055764,-0.6744907594765952,0.0,-1.3489815189531904,0.0,1
0.3372453797382976,0.3372453797382976,0.0,0.0,0.0,-1.3489815189531904,2.697963037906381,-0.3372453797382976,2.023472278429786,3.3724537973829762,2.023472278429786,-1.900465563667907,-0.3372453797382976,1.3489815189531904,0.0,-2.6701550892606836,1.011736139214893,0.44966050631773014,0.3372453797382976,-0.3372453797382976,-0.3372453797382976,-0.6744907594765952,1.3489815189531904,0.0,2.023472278429786,4.046944556859572,-0.6744907594765952,-0.6169330746055764,0.0,0.0,2.023472278429786,-1.998445652436155,1
1.011736139214893,1.011736139214893,0.3372453797382976,-0.3372453797382976,-0.3372453797382976,-1.3489815189531904,2.023472278429786,0.0,2.023472278429786,4.046944556859572,0.0,-1.900465563667907,0.0,0.0,1.3489815189531904,-2.6701550892606836,0.6744907594765952,0.6744907594765952,0.3372453797382976,0.6744907594765952,0.3372453797382976,-2.023472278429786,4.046944556859572,0.3372453797382976,0.6744907594765952,3.3724537973829762,2.023472278429786,-2.467732298422306,0.0,2.697963037906381,0.0,-2.664594203248207,1
0.3372453797382976,-0.3372453797382976,0.3372453797382976,-0.3372453797382976,1.011736139214893,0.6744907594765952,1.3489815189531904,0.6744907594765952,1.3489815189531904,0.0,0.0,0.0,0.3372453797382976,1.3489815189531904,3.3724537973829762,-0.6675387723151709,0.3372453797382976,0.6744907594765952,0.6744907594765952,0.6744907594765952,1.6862268986914881,-0.6744907594765952,0.0,0.0,0.6744907594765952,0.0,0.0,1.233866149211153,1.011736139214893,0.0,2.023472278429786,-1.3322971016241034,1
-0.6744907594765952,-1.3489815189531904,-0.6744907594765952,-1.3489815189531904,-0.6744907594765952,-1.3489815189531904,3.3724537973829762,0.0,0.6744907594765952,2.697963037906381,1.3489815189531904,-1.900465563667907,-0.3372453797382976,1.3489815189531904,-0.6744907594765952,-2.0026163169455127,-0.3372453797382976,-0.6744907594765952,-0.6744907594765952,-1.011736139214893,-0.6744907594765952,-0.6744907594765952,2.697963037906381,-0.3372453797382976,1.3489815189531904,2.697963037906381,1.3489815189531904,-1.8507992238167295,0.0,0.6744907594765952,0.6744907594765952,-2.664594203248207,1
-0.6744907594765952,0.0,-0.6744907594765952,-0.6744907594765952,-0.6744907594765952,0.0,4.721435316336167,-1.011736139214893,0.6744907594765952,0.0,2.697963037906381,0.0,-0.6744907594765952,0.0,-1.3489815189531904,0.0,-0.3372453797382976,-0.22483025315886507,-0.3372453797382976,1.011736139214893,-0.6744907594765952,2.023472278429786,4.721435316336167,-1.011736139214893,0.6744907594765952,-1.3489815189531904,2.697963037906381,0.6169330746055764,-0.6744907594765952,0.0,-1.3489815189531904,0.0,1
-0.6744907594765952,-1.3489815189531904,-0.6744907594765952,-1.3489815189531904,-0.6744907594765952,-0.6744907594765952,2.697963037906381,-0.3372453797382976,1.3489815189531904,2.023472278429786,1.3489815189531904,-1.900465563667907,-0.3372453797382976,1.3489815189531904,0.0,-2.0026163169455127,0.0,-0.22483025315886507,0.3372453797382976,-0.3372453797382976,0.6744907594765952,0.0,0.6744907594765952,0.3372453797382976,0.0,-0.6744907594765952,0.0,0.6169330746055764,1.011736139214893,0.6744907594765952,2.023472278429786,-0.6661485508120517,1
-0.6744907594765952,-1.3489815189531904,-0.6744907594765952,-1.3489815189531904,-0.6744907594765952,-1.3489815189531904,3.3724537973829762,-0.3372453797382976,1.3489815189531904,2.697963037906381,1.3489815189531904,-2.5339540848905426,-0.3372453797382976,1.3489815189531904,0.0,-2.0026163169455127,0.0,0.8993210126354603,0.0,1.011736139214893,0.3372453797382976,-0.6744907594765952,2.697963037906381,-0.6744907594765952,2.023472278429786,0.6744907594765952,2.697963037906381,0.0,-0.3372453797382976,2.023472278429786,-0.6744907594765952,-0.6661485508120517,1
-0.3372453797382976,-0.6744907594765952,-0.3372453797382976,0.3372453797382976,-0.6744907594765952,0.0,4.721435316336167,-1.011736139214893,0.6744907594765952,0.0,2.697963037906381,0.0,-0.6744907594765952,0.0,-1.3489815189531904,0.0,-0.3372453797382976,-0.6744907594765952,-0.3372453797382976,-0.6744907594765952,-0.3372453797382976,-1.3489815189531904,3.3724537973829762,0.0,0.6744907594765952,2.697963037906381,1.3489815189531904,-2.467732298422306,-0.3372453797382976,2.023472278429786,-0.6744907594765952,-1.998445652436155,1
1.011736139214893,0.6744907594765952,0.6744907594765952,0.3372453797382976,0.3372453797382976,-1.3489815189531904,2.697963037906381,-0.3372453797382976,2.023472278429786,2.697963037906381,2.023472278429786,-1.900465563667907,-0.3372453797382976,2.023472278429786,0.0,-2.6701550892606836,-0.6744907594765952,-0.8993210126354603,-0.6744907594765952,-1.011736139214893,-0.6744907594765952,-1.3489815189531904,3.3724537973829762,0.0,0.6744907594765952,2.697963037906381,1.3489815189531904,-1.8507992238167295,-0.3372453797382976,2.023472278429786,0.0,-1.998445652436155,1
-0.3372453797382976,-1.011736139214893,-0.3372453797382976,-1.3489815189531904,-0.6744907594765952,-1.3489815189531904,2.697963037906381,-0.3372453797382976,1.3489815189531904,2.697963037906381,1.3489815189531904,-2.5339540848905426,-0.3372453797382976,1.3489815189531904,0.0,-2.0026163169455127,-0.3372453797382976,0.6744907594765952,0.0,0.6744907594765952,-0.6744907594765952,0.0,5.395926075812762,-0.6744907594765952,0.6744907594765952,0.0,2.697963037906381,0.0,-0.6744907594765952,0.0,-1.3489815189531904,0.0,1
0.3372453797382976,-0.3372453797382976,0.6744907594765952,-0.3372453797382976,0.6744907594765952,-1.3489815189531904,0.0,0.0,2.023472278429786,0.0,-0.6744907594765952,1.2669770424452713,0.3372453797382976,-0.6744907594765952,3.3724537973829762,-2.0026163169455127,-0.6744907594765952,0.22483025315886507,-0.6744907594765952,0.3372453797382976,-0.3372453797382976,-0.6744907594765952,3.3724537973829762,-1.011736139214893,0.6744907594765952,0.6744907594765952,2.023472278429786,0.0,-0.6744907594765952,0.0,-1.3489815189531904,0.0,1
-0.6744907594765952,-1.3489815189531904,-0.6744907594765952,-0.6744907594765952,-0.6744907594765952,2.023472278429786,4.721435316336167,-0.6744907594765952,0.6744907594765952,-2.023472278429786,2.697963037906381,0.6334885212226357,-0.6744907594765952,0.0,-1.3489815189531904,0.0,0.0,0.44966050631773014,0.3372453797382976,1.011736139214893,1.011736139214893,-0.6744907594765952,0.6744907594765952,0.3372453797382976,2.023472278429786,0.6744907594765952,0.0,0.0,0.3372453797382976,0.6744907594765952,4.046944556859572,-0.6661485508120517,1
-0.3372453797382976,1.011736139214893,0.0,0.3372453797382976,-0.6744907594765952,0.0,5.395926075812762,-0.6744907594765952,0.6744907594765952,0.0,2.697963037906381,0.0,-0.6744907594765952,0.0,-1.3489815189531904,0.0,1.011736139214893,0.6744907594765952,1.3489815189531904,0.6744907594765952,1.3489815189531904,-0.6744907594765952,0.0,1.3489815189531904,1.3489815189531904,0.6744907594765952,2.023472278429786,0.0,0.3372453797382976,0.6744907594765952,2.697963037906381,0.0,1
-0.3372453797382976,-1.3489815189531904,-0.3372453797382976,-1.3489815189531904,-0.6744907594765952,-1.3489815189531904,2.697963037906381,0.0,1.3489815189531904,2.697963037906381,1.3489815189531904,-1.900465563667907,-0.3372453797382976,2.023472278429786,0.0,-2.0026163169455127,0.0,0.6744907594765952,0.0,0.6744907594765952,0.3372453797382976,0.6744907594765952,2.023472278429786,-1.011736139214893,2.023472278429786,-0.6744907594765952,2.697963037906381,0.0,-0.6744907594765952,1.3489815189531904,-0.6744907594765952,0.0,1
-0.6744907594765952,-0.6744907594765952,-0.6744907594765952,-0.6744907594765952,-0.3372453797382976,0.0,3.3724537973829762,0.0,0.6744907594765952,0.0,2.697963037906381,0.0,0.0,2.023472278429786,-0.6744907594765952,0.0,-0.6744907594765952,-0.22483025315886507,-0.6744907594765952,-0.3372453797382976,-0.6744907594765952,0.0,3.3724537973829762,-1.011736139214893,0.0,0.0,2.023472278429786,0.0,-0.6744907594765952,0.0,-1.3489815189531904,0.0,1
0.6744907594765952,1.3489815189531904,1.011736139214893,0.6744907594765952,1.3489815189531904,0.0,0.0,1.3489815189531904,1.3489815189531904,-1.3489815189531904,1.3489815189531904,1.2669770424452713,1.3489815189531904,-0.6744907594765952,4.721435316336167,-2.6701550892606836,-0.6744907594765952,-0.8993210126354603,-0.6744907594765952,-1.011736139214893,-0.6744907594765952,-1.3489815189531904,3.3724537973829762,0.0,0.6744907594765952,2.697963037906381,1.3489815189531904,-2.467732298422306,-0.3372453797382976,1.3489815189531904,0.0,-1.998445652436155,1
0.0,1.011736139214893,0.0,0.6744907594765952,0.6744907594765952,0.0,2.697963037906381,0.0,1.3489815189531904,0.0,2.697963037906381,0.0,0.0,2.697963037906381,-0.6744907594765952,0.0,-0.6744907594765952,-0.8993210126354603,-0.6744907594765952,-1.011736139214893,-0.6744907594765952,-0.6744907594765952,2.697963037906381,-0.3372453797382976,1.3489815189531904,2.697963037906381,1.3489815189531904,-1.8507992238167295,-0.3372453797382976,1.3489815189531904,0.0,-1.998445652436155,1
0.0,1.3489815189531904,0.3372453797382976,0.6744907594765952,-0.3372453797382976,0.0,5.395926075812762,-0.6744907594765952,0.6744907594765952,0.0,2.697963037906381,0.0,-0.6744907594765952,0.0,-1.3489815189531904,0.0,-0.3372453797382976,-0.8993210126354603,-0.6744907594765952,-1.011736139214893,-0.6744907594765952,-0.6744907594765952,2.697963037906381,-0.3372453797382976,1.3489815189531904,2.697963037906381,1.3489815189531904,-1.8507992238167295,-0.3372453797382976,1.3489815189531904,0.0,-1.998445652436155,1
-0.6744907594765952,0.0,-0.3372453797382976,-0.6744907594765952,-0.6744907594765952,0.0,5.395926075812762,-0.6744907594765952,0.0,0.0,2.697963037906381,0.0,-0.6744907594765952,0.0,-1.3489815189531904,0.0,0.3372453797382976,0.22483025315886507,0.3372453797382976,0.3372453797382976,0.0,-2.023472278429786,4.046944556859572,0.3372453797382976,0.6744907594765952,3.3724537973829762,2.023472278429786,-2.467732298422306,0.0,2.023472278429786,0.0,-2.664594203248207,1
1.011736139214893,2.697963037906381,0.3372453797382976,0.6744907594765952,0.0,-0.6744907594765952,1.3489815189531904,0.0,2.023472278429786,4.046944556859572,-0.6744907594765952,-1.2669770424452713,0.0,0.0,2.023472278429786,-2.6701550892606836,1.011736139214893,1.3489815189531904,0.3372453797382976,0.6744907594765952,0.3372453797382976,1.3489815189531904,0.0,-0.3372453797382976,1.3489815189531904,2.023472278429786,-1.3489815189531904,0.0,0.3372453797382976,0.0,2.023472278429786,0.0,1
-0.3372453797382976,-1.011736139214893,-0.6744907594765952,-1.011736139214893,-0.6744907594765952,-1.3489815189531904,2.697963037906381,0.0,1.3489815189531904,2.697963037906381,1.3489815189531904,-1.900465563667907,-0.3372453797382976,2.023472278429786,0.0,-2.0026163169455127,0.0,-0.22483025315886507,-0.3372453797382976,-0.3372453797382976,-0.3372453797382976,-1.3489815189531904,3.3724537973829762,0.0,0.6744907594765952,3.3724537973829762,1.3489815189531904,-1.8507992238167295,0.0,2.023472278429786,-0.6744907594765952,-1.998445652436155,1
0.6744907594765952,0.3372453797382976,0.3372453797382976,0.0,0.0,-1.3489815189531904,3.3724537973829762,0.0,2.023472278429786,3.3724537973829762,1.3489815189531904,-2.5339540848905426,-0.3372453797382976,2.023472278429786,0.0,-2.6701550892606836,-0.3372453797382976,-0.22483025315886507,-0.3372453797382976,-0.3372453797382976,0.0,-0.6744907594765952,3.3724537973829762,0.3372453797382976,0.6744907594765952,0.6744907594765952,2.697963037906381,0.0,0.0,2.697963037906381,-0.6744907594765952,0.0,1
0.6744907594765952,1.3489815189531904,1.011736139214893,1.011736139214893,1.011736139214893,-0.6744907594765952,0.0,1.6862268986914881,1.3489815189531904,0.6744907594765952,1.3489815189531904,-0.6334885212226357,0.3372453797382976,0.6744907594765952,2.697963037906381,1.3350775446303418,-0.6744907594765952,-0.6744907594765952,-0.3372453797382976,0.3372453797382976,-0.6744907594765952,0.0,4.721435316336167,-1.011736139214893,0.6744907594765952,0.0,2.697963037906381,0.0,-0.6744907594765952,0.0,-1.3489815189531904,0.0,1
-0.3372453797382976,0.6744907594765952,-0.3372453797382976,0.3372453797382976,0.3372453797382976,0.0,2.697963037906381,0.0,0.6744907594765952,0.0,2.697963037906381,0.6334885212226357,0.0,2.697963037906381,-0.6744907594765952,0.0,0.0,0.0,-0.3372453797382976,0.0,-0.3372453797382976,-1.3489815189531904,2.697963037906381,-0.6744907594765952,2.023472278429786,2.697963037906381,1.3489815189531904,-1.8507992238167295,-0.6744907594765952,1.3489815189531904,0.0,-2.664594203248207,1
-0.6744907594765952,0.6744907594765952,-0.3372453797382976,0.0,-0.6744907594765952,0.0,4.721435316336167,-1.011736139214893,0.6744907594765952,0.0,2.697963037906381,0.0,-0.6744907594765952,0.0,-1.3489815189531904,0.0,0.0,0.22483025315886507,0.0,0.3372453797382976,0.3372453797382976,-0.6744907594765952,0.0,1.3489815189531904,0.6744907594765952,0.6744907594765952,2.023472278429786,0.0,0.3372453797382976,0.6744907594765952,2.023472278429786,0.6661485508120517,1
-0.6744907594765952,0.3372453797382976,-0.6744907594765952,0.0,-0.3372453797382976,0.0,4.046944556859572,-1.011736139214893,0.0,0.0,2.023472278429786,0.0,-0.6744907594765952,0.0,-1.3489815189531904,0.0,1.011736139214893,0.6744907594765952,0.6744907594765952,1.011736139214893,0.6744907594765952,0.0,2.697963037906381,0.3372453797382976,1.3489815189531904,2.697963037906381,0.6744907594765952,-2.467732298422306,0.3372453797382976,2.697963037906381,0.6744907594765952,-2.664594203248207,1
0.3372453797382976,-0.3372453797382976,0.0,-0.6744907594765952,0.0,-0.6744907594765952,2.697963037906381,0.0,0.6744907594765952,2.697963037906381,1.3489815189531904,-1.900465563667907,0.0,2.697963037906381,0.0,-2.6701550892606836,0.0,-0.44966050631773014,0.3372453797382976,-0.3372453797382976,0.6744907594765952,0.0,1.3489815189531904,0.3372453797382976,2.023472278429786,0.0,0.0,0.0,0.3372453797382976,1.3489815189531904,3.3724537973829762,-0.6661485508120517,1
-0.6744907594765952,-2.023472278429786,-0.6744907594765952,-1.3489815189531904,-0.6744907594765952,0.0,3.3724537973829762,-0.3372453797382976,0.6744907594765952,0.0,2.697963037906381,0.0,-0.3372453797382976,2.023472278429786,-0.6744907594765952,0.0,-1.011736139214893,-0.22483025315886507,-1.011736139214893,-0.3372453797382976,-0.6744907594765952,0.0,4.046944556859572,-1.011736139214893,-0.6744907594765952,0.0,2.023472278429786,0.0,-0.6744907594765952,0.0,-1.3489815189531904,0.0,1
-0.3372453797382976,-0.3372453797382976,0.0,0.0,0.3372453797382976,-0.6744907594765952,0.0,0.0,2.023472278429786,0.6744907594765952,-0.6744907594765952,0.6334885212226357,0.3372453797382976,-0.6744907594765952,3.3724537973829762,-1.3350775446303418,-1.011736139214893,-1.5738117721120555,-1.3489815189531904,-1.6862268986914881,-1.011736139214893,0.6744907594765952,4.046944556859572,-0.6744907594765952,-0.6744907594765952,-0.6744907594765952,2.023472278429786,0.0,-0.6744907594765952,0.0,-1.3489815189531904,0.0,1
1.3489815189531904,1.6862268986914881,0.6744907594765952,0.3372453797382976,-0.3372453797382976,-1.3489815189531904,2.697963037906381,0.0,1.3489815189531904,4.046944556859572,0.0,-2.5339540848905426,0.0,0.0,1.3489815189531904,-2.6701550892606836,-0.6744907594765952,-0.8993210126354603,-0.6744907594765952,-0.3372453797382976,-0.6744907594765952,0.0,4.721435316336167,-1.011736139214893,0.6744907594765952,0.0,2.697963037906381,0.0,-0.6744907594765952,0.0,-1.3489815189531904,0.0,1
-0.3372453797382976,-0.3372453797382976,0.0,0.0,0.3372453797382976,-0.6744907594765952,0.0,0.0,2.023472278429786,0.6744907594765952,-0.6744907594765952,0.6334885212226357,0.3372453797382976,-0.6744907594765952,3.3724537973829762,-1.3350775446303418,0.0,0.44966050631773014,0.3372453797382976,1.011736139214893,1.011736139214893,-0.6744907594765952,0.6744907594765952,0.3372453797382976,2.023472278429786,0.6744907594765952,0.0,0.0,0.3372453797382976,0.6744907594765952,4.046944556859572,-0.6661485508120517,1
-0.3372453797382976,-1.011736139214893,-0.3372453797382976,-1.011736139214893,-0.6744907594765952,-1.3489815189531904,4.046944556859572,0.0,0.6744907594765952,2.697963037906381,1.3489815189531904,-2.5339540848905426,-0.3372453797382976,2.023472278429786,-0.6744907594765952,-2.0026163169455127,0.0,-0.22483025315886507,-0.3372453797382976,-0.3372453797382976,0.0,-0.6744907594765952,2.697963037906381,0.0,1.3489815189531904,2.697963037906381,1.3489815189531904,-2.467732298422306,0.0,2.697963037906381,0.6744907594765952,-1.998445652436155,1
1.011736139214893,1.6862268986914881,0.3372453797382976,0.3372453797382976,0.3372453797382976,1.3489815189531904,0.6744907594765952,0.0,1.3489815189531904,2.697963037906381,-1.3489815189531904,-1.2669770424452713,0.0,0.0,2.697963037906381,-0.6675387723151709,-0.3372453797382976,0.44966050631773014,-0.3372453797382976,0.3372453797382976,0.0,2.023472278429786,2.697963037906381,0.0,1.3489815189531904,-2.023472278429786,3.3724537973829762,0.0,0.0,2.697963037906381,-0.6744907594765952,0.0,1
-0.6744907594765952,-1.011736139214893,-0.6744907594765952,-1.3489815189531904,-0.3372453797382976,0.0,3.3724537973829762,0.0,0.6744907594765952,0.0,2.697963037906381,0.0,0.0,2.023472278429786,-0.6744907594765952,0.0,1.011736139214893,1.7986420252709205,0.3372453797382976,1.011736139214893,0.3372453797382976,-0.6744907594765952,2.023472278429786,-0.3372453797382976,0.6744907594765952,3.3724537973829762,0.0,-1.233866149211153,0.3372453797382976,0.6744907594765952,2.023472278429786,-1.998445652436155,1
0.3372453797382976,1.011736139214893,0.3372453797382976,0.6744907594765952,0.3372453797382976,-1.3489815189531904,2.697963037906381,-0.6744907594765952,2.697963037906381,0.6744907594765952,2.697963037906381,0.6334885212226357,-0.3372453797382976,1.3489815189531904,-0.6744907594765952,-0.6675387723151709,-0.3372453797382976,-0.8993210126354603,-0.6744907594765952,-1.011736139214893,-0.6744907594765952,-0.6744907594765952,2.697963037906381,-0.3372453797382976,1.3489815189531904,2.697963037906381,1.3489815189531904,-1.8507992238167295,-0.3372453797382976,1.3489815189531904,0.0,-1.998445652436155,1
0.3372453797382976,0.3372453797382976,0.0,0.0,0.0,-2.023472278429786,4.046944556859572,0.3372453797382976,0.6744907594765952,3.3724537973829762,2.023472278429786,-2.5339540848905426,-0.3372453797382976,2.023472278429786,-0.6744907594765952,-2.0026163169455127,-0.3372453797382976,-0.6744907594765952,-0.6744907594765952,-0.6744907594765952,-0.6744907594765952,-1.3489815189531904,3.3724537973829762,0.0,0.6744907594765952,2.697963037906381,1.3489815189531904,-1.8507992238167295,-0.3372453797382976,2.023472278429786,-0.6744907594765952,-1.998445652436155,1
0.6744907594765952,0.6744907594765952,0.3372453797382976,0.3372453797382976,0.0,-2.023472278429786,4.721435316336167,0.6744907594765952,0.6744907594765952,3.3724537973829762,1.3489815189531904,-3.1674426061131786,-0.3372453797382976,2.023472278429786,0.0,-2.6701550892606836,0.0,0.44966050631773014,0.3372453797382976,0.6744907594765952,0.0,-0.6744907594765952,3.3724537973829762,0.0,2.023472278429786,0.6744907594765952,3.3724537973829762,0.0,-0.3372453797382976,2.023472278429786,-0.6744907594765952,-0.6661485508120517,1
0.0,0.3372453797382976,0.3372453797382976,0.0,0.6744907594765952,-0.6744907594765952,0.0,1.011736139214893,0.6744907594765952,0.0,1.3489815189531904,0.6334885212226357,0.3372453797382976,1.3489815189531904,2.023472278429786,0.0,-0.6744907594765952,0.0,-0.6744907594765952,-0.3372453797382976,-0.6744907594765952,-1.3489815189531904,4.721435316336167,-0.6744907594765952,0.6744907594765952,1.3489815189531904,2.697963037906381,-0.6169330746055764,-0.6744907594765952,0.0,-1.3489815189531904,0.0,1
-0.6744907594765952,-0.6744907594765952,-0.6744907594765952,-0.6744907594765952,-0.3372453797382976,0.0,3.3724537973829762,0.0,0.6744907594765952,0.0,2.697963037906381,0.0,0.0,2.023472278429786,-0.6744907594765952,0.0,0.0,0.22483025315886507,0.0,0.3372453797382976,0.3372453797382976,-0.6744907594765952,0.0,1.3489815189531904,0.6744907594765952,0.6744907594765952,2.023472278429786,0.0,0.3372453797382976,0.6744907594765952,2.023472278429786,0.6661485508120517,1
0.6744907594765952,0.6744907594765952,1.011736139214893,0.3372453797382976,1.011736139214893,-0.6744907594765952,0.0,1.3489815189531904,1.3489815189531904,0.0,0.0,0.0,0.6744907594765952,1.3489815189531904,2.697963037906381,0.6675387723151709,-0.6744907594765952,0.22483025315886507,-0.6744907594765952,0.0,-0.6744907594765952,0.6744907594765952,4.046944556859572,-1.011736139214893,0.6744907594765952,-0.6744907594765952,2.023472278429786,0.0,-0.6744907594765952,0.0,-1.3489815189531904,0.0,1
-0.6744907594765952,0.0,-0.6744907594765952,-0.6744907594765952,-0.6744907594765952,-0.6744907594765952,4.721435316336167,-1.011736139214893,0.6744907594765952,0.6744907594765952,2.697963037906381,0.0,-0.6744907594765952,0.0,-1.3489815189531904,0.0,-0.3372453797382976,0.22483025315886507,0.0,0.3372453797382976,0.0,0.0,3.3724537973829762,0.3372453797382976,0.6744907594765952,0.0,2.697963037906381,0.0,0.0,2.697963037906381,-0.6744907594765952,0.0,1
-0.6744907594765952,-1.6862268986914881,-0.6744907594765952,-1.011736139214893,-0.3372453797382976,0.0,2.697963037906381,-0.3372453797382976,1.3489815189531904,0.0,2.697963037906381,0.0,-0.3372453797382976,2.023472278429786,-0.6744907594765952,0.0,0.3372453797382976,0.6744907594765952,0.6744907594765952,0.6744907594765952,1.6862268986914881,-0.6744907594765952,0.0,0.0,0.6744907594765952,0.0,0.0,1.233866149211153,1.011736139214893,0.0,2.023472278429786,-1.3322971016241034,1
-1.011736139214893,-2.3607176581680833,-1.3489815189531904,-2.023472278429786,-1.011736139214893,0.0,4.046944556859572,-0.6744907594765952,-0.6744907594765952,0.0,2.023472278429786,0.0,-0.6744907594765952,0.0,-1.3489815189531904,0.0,-0.6744907594765952,0.0,-0.6744907594765952,-0.3372453797382976,-0.6744907594765952,0.0,4.721435316336167,-1.011736139214893,0.6744907594765952,0.0,2.697963037906381,0.0,-0.6744907594765952,0.0,-1.3489815189531904,0.0,1
-0.3372453797382976,-2.023472278429786,-0.3372453797382976,-1.011736139214893,-0.3372453797382976,0.0,3.3724537973829762,0.3372453797382976,0.6744907594765952,0.0,2.697963037906381,0.0,0.0,2.023472278429786,-0.6744907594765952,0.0,0.3372453797382976,0.44966050631773014,0.0,0.3372453797382976,0.0,-1.3489815189531904,3.3724537973829762,0.0,2.023472278429786,3.3724537973829762,1.3489815189531904,-2.467732298422306,-0.3372453797382976,2.023472278429786,0.0,-2.664594203248207,1
0.6744907594765952,0.3372453797382976,0.3372453797382976,0.0,0.0,-0.6744907594765952,2.697963037906381,-0.3372453797382976,2.697963037906381,3.3724537973829762,1.3489815189531904,-2.5339540848905426,-0.3372453797382976,2.023472278429786,0.6744907594765952,-2.6701550892606836,-0.3372453797382976,0.6744907594765952,0.0,0.6744907594765952,-0.3372453797382976,1.3489815189531904,4.046944556859572,-1.011736139214893,0.6744907594765952,-0.6744907594765952,2.023472278429786,0.0,-0.6744907594765952,0.0,-1.3489815189531904,0.0,1
0.6744907594765952,1.3489815189531904,0.3372453797382976,0.6744907594765952,0.6744907594765952,-2.023472278429786,3.3724537973829762,0.0,0.6744907594765952,3.3724537973829762,2.023472278429786,-1.900465563667907,0.0,2.697963037906381,0.0,-2.6701550892606836,0.0,0.8993210126354603,0.0,1.011736139214893,0.0,0.0,4.721435316336167,-1.011736139214893,0.0,0.0,2.023472278429786,0.0,-0.6744907594765952,0.0,-1.3489815189531904,0.0,1
0.6744907594765952,1.011736139214893,0.3372453797382976,-0.3372453797382976,0.0,0.0,1.3489815189531904,-0.3372453797382976,1.3489815189531904,3.3724537973829762,-0.6744907594765952,-1.2669770424452713,0.0,0.6744907594765952,1.3489815189531904,-1.3350775446303418,0.3372453797382976,0.8993210126354603,0.6744907594765952,1.011736139214893,1.011736139214893,-0.6744907594765952,0.0,1.3489815189531904,1.3489815189531904,-0.6744907594765952,2.023472278429786,1.233866149211153,1.011736139214893,-2.023472278429786,4.721435316336167,-1.3322971016241034,1
-0.3372453797382976,-0.6744907594765952,-0.3372453797382976,-0.6744907594765952,-0.3372453797382976,-1.3489815189531904,3.3724537973829762,0.0,0.6744907594765952,2.697963037906381,2.023472278429786,-1.900465563667907,-0.3372453797382976,2.023472278429786,-0.6744907594765952,-2.0026163169455127,-0.6744907594765952,-0.8993210126354603,-0.6744907594765952,-1.011736139214893,-0.6744907594765952,-1.3489815189531904,3.3724537973829762,0.0,0.6744907594765952,2.697963037906381,1.3489815189531904,-2.467732298422306,-0.3372453797382976,1.3489815189531904,0.0,-1.998445652436155,1
0.3372453797382976,0.3372453797382976,0.6744907594765952,0.0,1.3489815189531904,0.6744907594765952,0.6744907594765952,1.011736139214893,1.3489815189531904,0.6744907594765952,-0.6744907594765952,0.0,1.011736139214893,-0.6744907594765952,2.023472278429786,-1.3350775446303418,1.3489815189531904,0.8993210126354603,1.3489815189531904,1.011736139214893,1.011736139214893,0.0,1.3489815189531904,-0.3372453797382976,2.697963037906381,2.023472278429786,1.3489815189531904,-1.8507992238167295,0.0,0.6744907594765952,2.023472278429786,-1.998445652436155,1
-0.3372453797382976,-1.6862268986914881,-0.3372453797382976,-1.011736139214893,-0.3372453797382976,-0.6744907594765952,3.3724537973829762,0.0,1.3489815189531904,0.6744907594765952,2.697963037906381,-0.6334885212226357,0.0,2.023472278429786,-0.6744907594765952,-0.6675387723151709,-0.3372453797382976,-0.22483025315886507,-0.3372453797382976,-0.3372453797382976,0.0,-0.6744907594765952,0.0,1.3489815189531904,0.6744907594765952,0.0,-0.6744907594765952,-0.6169330746055764,0.3372453797382976,0.6744907594765952,2.023472278429786,0.6661485508120517,1
0.3372453797382976,0.0,0.3372453797382976,-0.3372453797382976,0.3372453797382976,0.0,1.3489815189531904,-0.6744907594765952,2.697963037906381,2.023472278429786,1.3489815189531904,-1.900465563667907,-0.6744907594765952,0.6744907594765952,0.6744907594765952,-2.0026163169455127,0.0,0.0,0.0,0.0,0.6744907594765952,-0.6744907594765952,0.6744907594765952,0.0,0.0,0.0,-0.6744907594765952,0.6169330746055764,1.011736139214893,0.6744907594765952,1.3489815189531904,0.0,1
-0.6744907594765952,-2.023472278429786,-0.6744907594765952,-1.011736139214893,-0.6744907594765952,0.0,3.3724537973829762,0.0,0.6744907594765952,0.0,2.697963037906381,0.0,0.0,2.023472278429786,-0.6744907594765952,0.0,0.0,-0.22483025315886507,0.3372453797382976,-0.3372453797382976,0.6744907594765952,-1.3489815189531904,0.6744907594765952,0.3372453797382976,0.0,-0.6744907594765952,0.0,0.0,1.011736139214893,1.3489815189531904,1.3489815189531904,0.0,1
0.0,-0.6744907594765952,-0.3372453797382976,-1.011736139214893,-0.3372453797382976,-1.3489815189531904,2.697963037906381,-0.3372453797382976,2.023472278429786,2.697963037906381,1.3489815189531904,-2.5339540848905426,-0.3372453797382976,2.023472278429786,0.0,-2.6701550892606836,-1.011736139214893,-1.5738117721120555,-1.011736139214893,-1.3489815189531904,-1.011736139214893,0.0,4.721435316336167,-0.6744907594765952,-0.6744907594765952,0.0,2.023472278429786,0.0,-0.6744907594765952,0.0,-1.3489815189531904,0.0,1
-0.6744907594765952,-1.6862268986914881,-0.6744907594765952,-1.011736139214893,-0.3372453797382976,0.0,2.697963037906381,-0.3372453797382976,1.3489815189531904,0.0,2.697963037906381,0.0,-0.3372453797382976,2.023472278429786,-0.6744907594765952,0.0,-0.6744907594765952,-0.8993210126354603,-0.6744907594765952,-1.011736139214893,-0.6744907594765952,-1.3489815189531904,3.3724537973829762,0.0,0.6744907594765952,2.697963037906381,1.3489815189531904,-2.467732298422306,-0.3372453797382976,1.3489815189531904,0.0,-1.998445652436155,1
0.3372453797382976,0.0,0.0,-0.3372453797382976,0.0,-0.6744907594765952,2.697963037906381,-0.3372453797382976,0.6744907594765952,2.697963037906381,1.3489815189531904,-1.900465563667907,0.0,2.023472278429786,0.0,-2.0026163169455127,-0.6744907594765952,0.0,-0.3372453797382976,0.0,-0.3372453797382976,-0.6744907594765952,3.3724537973829762,0.0,1.3489815189531904,0.6744907594765952,2.697963037906381,-0.6169330746055764,-0.3372453797382976,2.023472278429786,-0.6744907594765952,-0.6661485508120517,1
-0.6744907594765952,0.0,-0.6744907594765952,-0.6744907594765952,-0.6744907594765952,0.0,4.721435316336167,-1.011736139214893,0.6744907594765952,0.0,2.697963037906381,0.0,-0.6744907594765952,0.0,-1.3489815189531904,0.0,1.3489815189531904,0.6744907594765952,1.011736139214893,0.6744907594765952,1.011736139214893,-0.6744907594765952,2.697963037906381,0.3372453797382976,0.6744907594765952,2.697963037906381,1.3489815189531904,-1.8507992238167295,0.3372453797382976,2.697963037906381,0.0,-2.664594203248207,1
-0.6744907594765952,0.3372453797382976,-0.6744907594765952,0.0,-0.3372453797382976,0.0,4.046944556859572,-1.011736139214893,0.0,0.0,2.023472278429786,0.0,-0.6744907594765952,0.0,-1.3489815189531904,0.0,1.011736139214893,0.44966050631773014,1.011736139214893,1.011736139214893,2.023472278429786,0.0,1.3489815189531904,0.6744907594765952,2.023472278429786,0.0,0.0,0.0,1.011736139214893,1.3489815189531904,6.070416835289357,-0.6661485508120517,1
-0.3372453797382976,-0.6744907594765952,-0.3372453797382976,-0.6744907594765952,0.0,1.3489815189531904,3.3724537973829762,0.0,0.6744907594765952,-0.6744907594765952,2.697963037906381,0.0,0.0,2.023472278429786,-0.6744907594765952,0.0,1.3489815189531904,1.5738117721120555,0.6744907594765952,1.011736139214893,0.3372453797382976,0.6744907594765952,0.6744907594765952,0.0,1.3489815189531904,2.697963037906381,-0.6744907594765952,-0.6169330746055764,0.0,0.6744907594765952,2.023472278429786,-1.3322971016241034,1
-0.3372453797382976,0.0,0.0,-0.3372453797382976,0.0,-0.6744907594765952,2.697963037906381,-0.6744907594765952,1.3489815189531904,0.6744907594765952,2.697963037906381,0.6334885212226357,-0.3372453797382976,2.023472278429786,-0.6744907594765952,0.0,-1.011736139214893,-1.5738117721120555,-1.011736139214893,-1.6862268986914881,-1.011736139214893,0.0,4.721435316336167,-0.6744907594765952,-0.6744907594765952,0.0,2.023472278429786,0.0,-0.6744907594765952,0.0,-1.3489815189531904,0.0,1
0.3372453797382976,1.011736139214893,0.6744907594765952,0.6744907594765952,1.011736139214893,0.0,0.0,1.3489815189531904,0.6744907594765952,-1.3489815189531904,2.023472278429786,1.2669770424452713,1.011736139214893,-1.3489815189531904,4.721435316336167,-0.6675387723151709,0.6744907594765952,0.8993210126354603,0.3372453797382976,1.011736139214893,0.3372453797382976,-2.697963037906381,4.046944556859572,0.3372453797382976,0.6744907594765952,3.3724537973829762,2.023472278429786,-2.467732298422306,-0.3372453797382976,2.023472278429786,-0.6744907594765952,-2.664594203248207,1
0.0,0.6744907594765952,-0.3372453797382976,-0.6744907594765952,-0.3372453797382976,-1.3489815189531904,2.023472278429786,-0.3372453797382976,0.6744907594765952,2.697963037906381,0.6744907594765952,-1.2669770424452713,0.0,0.6744907594765952,1.3489815189531904,-3.337693861575855,0.3372453797382976,0.22483025315886507,0.0,0.3372453797382976,0.0,0.0,2.023472278429786,-0.3372453797382976,2.697963037906381,2.697963037906381,1.3489815189531904,-1.8507992238167295,-0.3372453797382976,2.023472278429786,0.6744907594765952,-2.664594203248207,1
-0.3372453797382976,0.3372453797382976,-0.3372453797382976,-0.3372453797382976,-0.6744907594765952,0.6744907594765952,5.395926075812762,-0.6744907594765952,0.6744907594765952,-0.6744907594765952,2.697963037906381,0.6334885212226357,-0.6744907594765952,0.0,-1.3489815189531904,0.0,-0.3372453797382976,0.8993210126354603,-0.3372453797382976,1.011736139214893,-0.6744907594765952,-1.3489815189531904,4.721435316336167,-0.6744907594765952,0.6744907594765952,1.3489815189531904,2.697963037906381,-0.6169330746055764,-0.6744907594765952,0.0,-1.3489815189531904,0.0,1
0.6744907594765952,1.3489815189531904,0.3372453797382976,0.6744907594765952,0.6744907594765952,-0.6744907594765952,2.697963037906381,0.6744907594765952,0.6744907594765952,2.697963037906381,1.3489815189531904,-2.5339540848905426,0.3372453797382976,2.697963037906381,0.0,-2.6701550892606836,-0.3372453797382976,-0.22483025315886507,-0.3372453797382976,-0.3372453797382976,0.0,-0.6744907594765952,0.0,1.3489815189531904,0.6744907594765952,0.0,-0.6744907594765952,-0.6169330746055764,0.3372453797382976,0.6744907594765952,2.023472278429786,0.6661485508120517,1
0.6744907594765952,0.6744907594765952,0.3372453797382976,0.0,0.6744907594765952,-0.6744907594765952,2.697963037906381,0.3372453797382976,0.6744907594765952,2.697963037906381,1.3489815189531904,-1.900465563667907,0.3372453797382976,2.697963037906381,0.0,-2.6701550892606836,-0.6744907594765952,-0.6744907594765952,-0.3372453797382976,0.3372453797382976,-0.6744907594765952,0.0,4.721435316336167,-1.011736139214893,0.6744907594765952,0.0,2.697963037906381,0.0,-0.6744907594765952,0.0,-1.3489815189531904,0.0,1
0.6744907594765952,1.011736139214893,0.3372453797382976,0.0,-0.3372453797382976,-0.6744907594765952,1.3489815189531904,0.0,2.023472278429786,4.046944556859572,-0.6744907594765952,-1.900465563667907,0.0,0.6744907594765952,1.3489815189531904,-2.0026163169455127,-0.3372453797382976,-0.22483025315886507,0.0,1.011736139214893,-0.6744907594765952,-1.3489815189531904,4.721435316336167,-0.6744907594765952,0.6744907594765952,1.3489815189531904,2.697963037906381,-0.6169330746055764,-0.6744907594765952,0.0,-1.3489815189531904,0.0,1
-0.6744907594765952,0.0,-0.6744907594765952,-0.6744907594765952,-0.6744907594765952,-0.6744907594765952,4.721435316336167,-1.011736139214893,0.6744907594765952,0.6744907594765952,2.697963037906381,0.0,-0.6744907594765952,0.0,-1.3489815189531904,0.0,0.0,0.44966050631773014,0.0,0.6744907594765952,0.0,-1.3489815189531904,4.721435316336167,-0.6744907594765952,0.6744907594765952,1.3489815189531904,2.023472278429786,-0.6169330746055764,-0.6744907594765952,0.0,-1.3489815189531904,0.0,1
0.6744907594765952,1.011736139214893,0.3372453797382976,0.3372453797382976,0.3372453797382976,-0.6744907594765952,3.3724537973829762,0.3372453797382976,1.3489815189531904,2.697963037906381,1.3489815189531904,-2.5339540848905426,0.0,3.3724537973829762,1.3489815189531904,-2.6701550892606836,0.3372453797382976,0.6744907594765952,0.3372453797382976,1.011736139214893,0.6744907594765952,-0.6744907594765952,2.023472278429786,-0.6744907594765952,2.023472278429786,2.697963037906381,1.3489815189531904,-1.233866149211153,-0.3372453797382976,1.3489815189531904,0.6744907594765952,-2.664594203248207,1
-0.6744907594765952,0.0,-0.6744907594765952,-0.6744907594765952,-0.6744907594765952,-1.3489815189531904,4.721435316336167,-0.6744907594765952,0.6744907594765952,1.3489815189531904,2.697963037906381,-0.6334885212226357,-0.6744907594765952,0.0,-1.3489815189531904,0.0,1.011736139214893,0.44966050631773014,0.3372453797382976,0.0,-0.3372453797382976,-2.023472278429786,3.3724537973829762,0.0,0.6744907594765952,4.046944556859572,0.6744907594765952,-2.467732298422306,0.0,0.0,1.3489815189531904,-3.330742754060258,1
0.3372453797382976,0.0,0.3372453797382976,-0.3372453797382976,1.011736139214893,0.0,0.6744907594765952,0.6744907594765952,0.0,-0.6744907594765952,0.6744907594765952,0.6334885212226357,1.3489815189531904,0.6744907594765952,2.697963037906381,-2.0026163169455127,-0.6744907594765952,-0.8993210126354603,-0.6744907594765952,-1.011736139214893,-0.6744907594765952,0.0,3.3724537973829762,0.0,0.6744907594765952,0.0,2.697963037906381,0.0,-0.3372453797382976,2.023472278429786,-0.6744907594765952,0.0,1
0.0,1.011736139214893,0.0,0.3372453797382976,0.0,-1.3489815189531904,4.721435316336167,-0.6744907594765952,0.0,1.3489815189531904,2.023472278429786,-0.6334885212226357,-0.6744907594765952,0.0,-1.3489815189531904,0.0,0.6744907594765952,0.8993210126354603,1.011736139214893,1.011736139214893,2.023472278429786,-1.3489815189531904,0.6744907594765952,0.0,1.3489815189531904,0.0,-0.6744907594765952,1.233866149211153,1.011736139214893,0.0,3.3724537973829762,0.0,1
0.3372453797382976,1.011736139214893,0.3372453797382976,0.3372453797382976,0.6744907594765952,0.6744907594765952,2.697963037906381,0.0,1.3489815189531904,-0.6744907594765952,2.697963037906381,0.0,0.0,2.697963037906381,-0.6744907594765952,0.0,-0.3372453797382976,-0.22483025315886507,-0.3372453797382976,-0.3372453797382976,-0.3372453797382976,-0.6744907594765952,2.697963037906381,-0.6744907594765952,2.023472278429786,0.6744907594765952,2.697963037906381,0.6169330746055764,-0.3372453797382976,1.3489815189531904,-0.6744907594765952,0.0,1
-1.011736139214893,-2.3607176581680833,-1.011736139214893,-2.023472278429786,-1.011736139214893,0.0,4.721435316336167,-0.3372453797382976,-1.3489815189531904,0.0,2.023472278429786,0.0,-0.6744907594765952,0.0,-1.3489815189531904,0.0,-0.3372453797382976,0.0,0.0,0.0,0.6744907594765952,0.0,0.6744907594765952,0.3372453797382976,0.0,0.0,0.0,0.6169330746055764,1.011736139214893,0.6744907594765952,2.023472278429786,-0.6661485508120517,1
0.0,-0.6744907594765952,0.0,-0.3372453797382976,0.6744907594765952,0.0,1.3489815189531904,0.3372453797382976,1.3489815189531904,0.0,0.6744907594765952,0.0,0.3372453797382976,1.3489815189531904,2.697963037906381,-0.6675387723151709,0.6744907594765952,1.5738117721120555,0.3372453797382976,1.011736139214893,0.3372453797382976,1.3489815189531904,0.0,0.0,1.3489815189531904,3.3724537973829762,-1.3489815189531904,-1.233866149211153,0.0,0.0,2.697963037906381,-1.3322971016241034,1
-0.3372453797382976,-0.3372453797382976,0.0,0.0,0.3372453797382976,-0.6744907594765952,0.0,0.0,2.023472278429786,0.6744907594765952,-0.6744907594765952,0.6334885212226357,0.3372453797382976,-0.6744907594765952,3.3724537973829762,-1.3350775446303418,-0.6744907594765952,-0.8993210126354603,-0.6744907594765952,-0.3372453797382976,-0.6744907594765952,0.6744907594765952,4.721435316336167,-1.011736139214893,0.6744907594765952,-0.6744907594765952,2.697963037906381,0.0,-0.6744907594765952,0.0,-1.3489815189531904,0.0,1
-0.3372453797382976,0.3372453797382976,0.0,0.0,0.3372453797382976,-0.6744907594765952,2.697963037906381,-0.3372453797382976,1.3489815189531904,0.6744907594765952,2.697963037906381,0.0,0.0,2.697963037906381,-0.6744907594765952,-0.6675387723151709,-0.6744907594765952,0.0,-0.3372453797382976,0.0,-0.3372453797382976,-0.6744907594765952,2.697963037906381,-0.3372453797382976,2.023472278429786,0.6744907594765952,2.697963037906381,0.0,-0.3372453797382976,1.3489815189531904,-0.6744907594765952,-0.6661485508120517,1
-0.6744907594765952,-0.6744907594765952,-0.3372453797382976,0.0,-0.6744907594765952,0.0,4.721435316336167,-1.011736139214893,0.6744907594765952,0.0,2.697963037906381,0.0,-0.6744907594765952,0.0,-1.3489815189531904,0.0,1.011736139214893,0.6744907594765952,0.3372453797382976,0.0,0.0,-1.3489815189531904,2.697963037906381,-0.3372453797382976,1.3489815189531904,3.3724537973829762,0.0,-1.8507992238167295,0.0,0.0,1.3489815189531904,-2.664594203248207,1
0.3372453797382976,1.011736139214893,0.0,-0.3372453797382976,0.0,0.0,1.3489815189531904,-0.3372453797382976,0.6744907594765952,2.697963037906381,-0.6744907594765952,-0.6334885212226357,0.0,0.6744907594765952,1.3489815189531904,-1.3350775446303418,-0.3372453797382976,-0.6744907594765952,-0.3372453797382976,0.3372453797382976,-0.6744907594765952,-0.6744907594765952,5.395926075812762,-0.6744907594765952,0.6744907594765952,0.6744907594765952,2.697963037906381,-0.6169330746055764,-0.6744907594765952,0.0,-1.3489815189531904,0.0,1
0.3372453797382976,-0.3372453797382976,0.3372453797382976,-0.3372453797382976,1.011736139214893,0.6744907594765952,1.3489815189531904,0.6744907594765952,1.3489815189531904,0.0,0.0,0.0,0.3372453797382976,1.3489815189531904,3.3724537973829762,-0.6675387723151709,0.6744907594765952,0.6744907594765952,0.3372453797382976,0.6744907594765952,0.3372453797382976,-2.023472278429786,4.046944556859572,0.3372453797382976,0.6744907594765952,3.3724537973829762,2.023472278429786,-2.467732298422306,0.0,2.697963037906381,0.0,-2.664594203248207,1
0.6744907594765952,1.011736139214893,0.3372453797382976,0.3372453797382976,0.6744907594765952,-1.3489815189531904,2.697963037906381,0.0,1.3489815189531904,2.697963037906381,2.023472278429786,-1.900465563667907,0.0,2.697963037906381,0.0,-2.6701550892606836,1.011736139214893,1.1241512657943253,0.3372453797382976,0.6744907594765952,0.3372453797382976,1.3489815189531904,0.6744907594765952,0.0,1.3489815189531904,2.697963037906381,-1.3489815189531904,-1.233866149211153,0.0,0.0,2.697963037906381,-0.6661485508120517,1
-0.3372453797382976,0.3372453797382976,-0.3372453797382976,0.0,0.0,-1.3489815189531904,2.697963037906381,-0.3372453797382976,1.3489815189531904,0.6744907594765952,2.697963037906381,0.0,0.0,2.023472278429786,-0.6744907594765952,-0.6675387723151709,-0.3372453797382976,0.6744907594765952,0.0,0.6744907594765952,-0.6744907594765952,-1.3489815189531904,5.395926075812762,-0.6744907594765952,0.6744907594765952,1.3489815189531904,2.697963037906381,-0.6169330746055764,-0.6744907594765952,0.0,-1.3489815189531904,0.0,1
0.0,-1.6862268986914881,0.0,-0.6744907594765952,0.0,1.3489815189531904,3.3724537973829762,0.0,1.3489815189531904,-1.3489815189531904,2.697963037906381,0.6334885212226357,0.0,2.023472278429786,-0.6744907594765952,0.0,1.011736139214893,1.1241512657943253,0.3372453797382976,0.6744907594765952,0.0,-0.6744907594765952,2.023472278429786,0.0,0.6744907594765952,3.3724537973829762,0.6744907594765952,-1.233866149211153,0.0,0.6744907594765952,1.3489815189531904,-1.998445652436155,1
-0.6744907594765952,-2.023472278429786,-1.011736139214893,-1.3489815189531904,-0.6744907594765952,0.0,2.697963037906381,-0.6744907594765952,0.6744907594765952,0.0,2.023472278429786,0.0,-0.3372453797382976,1.3489815189531904,-0.6744907594765952,0.0,0.0,-0.22483025315886507,0.0,0.3372453797382976,0.6744907594765952,-1.3489815189531904,0.6744907594765952,0.3372453797382976,1.3489815189531904,0.6744907594765952,0.6744907594765952,0.6169330746055764,0.3372453797382976,0.0,3.3724537973829762,-1.3322971016241034,1
0.0,1.011736139214893,0.0,0.3372453797382976,0.0,-1.3489815189531904,4.721435316336167,-0.6744907594765952,0.0,1.3489815189531904,2.023472278429786,-0.6334885212226357,-0.6744907594765952,0.0,-1.3489815189531904,0.0,1.011736139214893,1.1241512657943253,0.3372453797382976,0.3372453797382976,-0.3372453797382976,-1.3489815189531904,2.697963037906381,0.0,1.3489815189531904,3.3724537973829762,0.6744907594765952,-2.467732298422306,0.0,0.6744907594765952,1.3489815189531904,-3.330742754060258,1
0.3372453797382976,1.011736139214893,0.0,0.3372453797382976,0.0,-2.023472278429786,4.721435316336167,0.6744907594765952,0.0,3.3724537973829762,1.3489815189531904,-3.1674426061131786,-0.3372453797382976,2.023472278429786,-0.6744907594765952,-2.0026163169455127,0.3372453797382976,0.6744907594765952,0.6744907594765952,1.011736139214893,0.3372453797382976,-1.3489815189531904,3.3724537973829762,0.0,2.023472278429786,0.6744907594765952,3.3724537973829762,0.0,-0.3372453797382976,2.697963037906381,-0.6744907594765952,-0.6661485508120517,1
-0.3372453797382976,-1.6862268986914881,-0.3372453797382976,-0.6744907594765952,-0.3372453797382976,0.0,3.3724537973829762,0.0,0.6744907594765952,0.0,2.697963037906381,0.0,0.0,2.023472278429786,-0.6744907594765952,-0.6675387723151709,0.0,-0.44966050631773014,0.0,-0.3372453797382976,0.0,-1.3489815189531904,3.3724537973829762,0.3372453797382976,0.6744907594765952,2.697963037906381,1.3489815189531904,-2.467732298422306,0.0,2.023472278429786,-0.6744907594765952,-1.998445652436155,1
0.3372453797382976,1.011736139214893,0.3372453797382976,0.6744907594765952,0.3372453797382976,-1.3489815189531904,2.697963037906381,-0.6744907594765952,2.697963037906381,0.6744907594765952,2.697963037906381,0.6334885212226357,-0.3372453797382976,1.3489815189531904,-0.6744907594765952,-0.6675387723151709,0.3372453797382976,0.8993210126354603,0.0,1.011736139214893,0.0,0.0,2.023472278429786,-0.3372453797382976,2.697963037906381,2.697963037906381,1.3489815189531904,-2.467732298422306,-0.3372453797382976,2.023472278429786,0.6744907594765952,-1.998445652436155,1
0.3372453797382976,1.3489815189531904,0.0,0.0,-0.3372453797382976,-1.3489815189531904,2.697963037906381,-0.3372453797382976,1.3489815189531904,3.3724537973829762,0.6744907594765952,-1.900465563667907,0.0,0.6744907594765952,0.6744907594765952,-2.6701550892606836,1.3489815189531904,0.6744907594765952,1.011736139214893,1.011736139214893,0.3372453797382976,-0.6744907594765952,4.046944556859572,0.6744907594765952,0.6744907594765952,3.3724537973829762,0.6744907594765952,-3.701598447633459,0.0,2.697963037906381,0.0,-2.664594203248207,1
-0.6744907594765952,-2.023472278429786,-1.011736139214893,-1.6862268986914881,-1.011736139214893,0.6744907594765952,5.395926075812762,-0.3372453797382976,-0.6744907594765952,-0.6744907594765952,2.023472278429786,0.0,-0.6744907594765952,0.0,-1.3489815189531904,0.0,0.6744907594765952,0.0,0.3372453797382976,0.0,0.0,-2.023472278429786,4.046944556859572,0.3372453797382976,0.6744907594765952,3.3724537973829762,1.3489815189531904,-2.467732298422306,-0.3372453797382976,2.023472278429786,0.0,-2.664594203248207,1
-0.3372453797382976,0.3372453797382976,-0.3372453797382976,0.0,0.0,-1.3489815189531904,2.697963037906381,-0.3372453797382976,1.3489815189531904,0.6744907594765952,2.697963037906381,0.0,0.0,2.023472278429786,-0.6744907594765952,-0.6675387723151709,-0.3372453797382976,-0.44966050631773014,-0.3372453797382976,-0.3372453797382976,0.0,1.3489815189531904,3.3724537973829762,0.3372453797382976,0.0,-1.3489815189531904,2.697963037906381,0.6169330746055764,0.0,2.697963037906381,-0.6744907594765952,0.0,1
-0.3372453797382976,0.3372453797382976,-0.3372453797382976,-0.3372453797382976,-0.6744907594765952,0.6744907594765952,5.395926075812762,-0.6744907594765952,0.6744907594765952,-0.6744907594765952,2.697963037906381,0.6334885212226357,-0.6744907594765952,0.0,-1.3489815189531904,0.0,0.3372453797382976,-0.22483025315886507,0.0,-0.3372453797382976,0.0,-2.023472278429786,2.697963037906381,-0.6744907594765952,1.3489815189531904,2.697963037906381,1.3489815189531904,-1.233866149211153,-0.3372453797382976,1.3489815189531904,0.0,-1.998445652436155,1
0.0,0.3372453797382976,0.0,0.0,0.0,0.0,3.3724537973829762,0.0,1.3489815189531904,0.0,2.697963037906381,0.0,0.0,2.697963037906381,-0.6744907594765952,-0.6675387723151709,-0.6744907594765952,-1.3489815189531904,-1.011736139214893,-1.3489815189531904,-1.011736139214893,0.6744907594765952,5.395926075812762,-0.6744907594765952,-0.6744907594765952,-0.6744907594765952,2.023472278429786,0.0,-0.6744907594765952,0.0,-1.3489815189531904,0.0,1
0.0,-0.6744907594765952,0.0,0.6744907594765952,-0.3372453797382976,1.3489815189531904,5.395926075812762,-0.6744907594765952,0.6744907594765952,-1.3489815189531904,2.697963037906381,0.6334885212226357,-0.6744907594765952,0.0,-1.3489815189531904,0.0,-0.6744907594765952,-1.3489815189531904,-0.6744907594765952,-0.6744907594765952,-0.6744907594765952,-0.6744907594765952,3.3724537973829762,0.0,0.6744907594765952,0.6744907594765952,2.697963037906381,-0.6169330746055764,-0.3372453797382976,2.023472278429786,-0.6744907594765952,-0.6661485508120517,1
0.3372453797382976,0.6744907594765952,0.3372453797382976,0.3372453797382976,1.3489815189531904,-0.6744907594765952,0.6744907594765952,0.0,0.6744907594765952,0.0,-0.6744907594765952,1.2669770424452713,1.011736139214893,0.0,2.023472278429786,-0.6675387723151709,1.011736139214893,1.1241512657943253,0.3372453797382976,0.3372453797382976,-0.3372453797382976,-1.3489815189531904,2.697963037906381,0.0,1.3489815189531904,3.3724537973829762,0.6744907594765952,-2.467732298422306,0.0,0.6744907594765952,1.3489815189531904,-3.330742754060258,1
1.3489815189531904,1.3489815189531904,0.6744907594765952,0.0,0.0,-0.6744907594765952,1.3489815189531904,0.0,2.023472278429786,4.046944556859572,-0.6744907594765952,-1.2669770424452713,0.0,0.0,1.3489815189531904,-2.0026163169455127,0.0,-0.44966050631773014,0.0,0.0,0.6744907594765952,0.0,0.6744907594765952,0.3372453797382976,1.3489815189531904,0.0,-0.6744907594765952,0.6169330746055764,0.3372453797382976,-0.6744907594765952,3.3724537973829762,-1.3322971016241034,1
-0.3372453797382976,-0.3372453797382976,0.0,0.0,0.3372453797382976,-0.6744907594765952,0.0,0.0,2.023472278429786,0.6744907594765952,-0.6744907594765952,0.6334885212226357,0.3372453797382976,-0.6744907594765952,3.3724537973829762,-1.3350775446303418,0.3372453797382976,0.0,0.0,0.0,-0.3372453797382976,-2.023472278429786,3.3724537973829762,0.0,1.3489815189531904,3.3724537973829762,2.023472278429786,-2.467732298422306,-0.3372453797382976,1.3489815189531904,-0.6744907594765952,-1.998445652436155,1
-0.6744907594765952,-1.011736139214893,-0.6744907594765952,-1.3489815189531904,-0.6744907594765952,-1.3489815189531904,2.697963037906381,-0.3372453797382976,1.3489815189531904,2.697963037906381,1.3489815189531904,-1.900465563667907,-0.3372453797382976,1.3489815189531904,0.0,-2.0026163169455127,-0.6744907594765952,-0.8993210126354603,-0.6744907594765952,-1.011736139214893,-0.6744907594765952,-1.3489815189531904,3.3724537973829762,0.0,0.6744907594765952,2.697963037906381,1.3489815189531904,-2.467732298422306,-0.3372453797382976,1.3489815189531904,0.0,-1.998445652436155,1
-0.3372453797382976,-0.3372453797382976,-0.3372453797382976,-0.6744907594765952,0.0,-0.6744907594765952,2.697963037906381,0.0,0.0,2.697963037906381,0.6744907594765952,-1.900465563667907,0.3372453797382976,2.697963037906381,0.0,-2.0026163169455127,-0.3372453797382976,-0.44966050631773014,-0.3372453797382976,-0.3372453797382976,-0.3372453797382976,-1.3489815189531904,3.3724537973829762,0.0,0.6744907594765952,2.697963037906381,2.023472278429786,-1.8507992238167295,-0.3372453797382976,2.023472278429786,-0.6744907594765952,-1.998445652436155,1
0.0,0.0,0.0,-0.3372453797382976,0.3372453797382976,0.6744907594765952,2.023472278429786,0.0,0.6744907594765952,2.023472278429786,0.6744907594765952,-1.900465563667907,0.0,2.697963037906381,0.6744907594765952,-2.0026163169455127,-0.6744907594765952,-0.8993210126354603,-1.011736139214893,-1.3489815189531904,-0.6744907594765952,-1.3489815189531904,3.3724537973829762,-0.3372453797382976,0.0,2.697963037906381,1.3489815189531904,-1.8507992238167295,-0.3372453797382976,1.3489815189531904,-0.6744907594765952,-1.998445652436155,1
-0.3372453797382976,-1.011736139214893,-0.3372453797382976,-1.3489815189531904,-0.6744907594765952,-1.3489815189531904,2.697963037906381,-0.3372453797382976,1.3489815189531904,2.697963037906381,1.3489815189531904,-1.900465563667907,-0.3372453797382976,1.3489815189531904,0.0,-2.0026163169455127,-0.3372453797382976,-0.8993210126354603,-0.3372453797382976,-1.011736139214893,-0.6744907594765952,-1.3489815189531904,2.697963037906381,0.0,1.3489815189531904,2.697963037906381,1.3489815189531904,-2.467732298422306,-0.3372453797382976,1.3489815189531904,0.0,-1.998445652436155,1
0.3372453797382976,-0.3372453797382976,0.0,-0.6744907594765952,-0.3372453797382976,-2.023472278429786,4.721435316336167,0.6744907594765952,0.0,3.3724537973829762,1.3489815189531904,-3.1674426061131786,-0.3372453797382976,2.023472278429786,-0.6744907594765952,-2.0026163169455127,0.0,0.44966050631773014,0.0,0.6744907594765952,0.3372453797382976,1.3489815189531904,2.697963037906381,0.0,1.3489815189531904,-1.3489815189531904,2.697963037906381,0.0,0.0,2.697963037906381,-0.6744907594765952,0.0,1
-0.3372453797382976,0.0,-0.3372453797382976,-0.6744907594765952,-0.6744907594765952,0.6744907594765952,5.395926075812762,-0.6744907594765952,0.0,-0.6744907594765952,2.697963037906381,0.6334885212226357,-0.6744907594765952,0.0,-1.3489815189531904,0.0,-1.011736139214893,-1.3489815189531904,-1.011736139214893,-1.3489815189531904,-1.011736139214893,0.0,4.721435316336167,-0.6744907594765952,-0.6744907594765952,0.0,2.697963037906381,0.0,-0.6744907594765952,0.0,-1.3489815189531904,0.0,1
-0.6744907594765952,0.0,-0.6744907594765952,-0.3372453797382976,-0.3372453797382976,-0.6744907594765952,4.046944556859572,-1.011736139214893,0.0,0.6744907594765952,2.023472278429786,0.0,-0.6744907594765952,0.0,-1.3489815189531904,0.0,0.3372453797382976,0.0,0.0,0.0,-0.3372453797382976,-2.023472278429786,3.3724537973829762,0.0,1.3489815189531904,3.3724537973829762,2.023472278429786,-2.467732298422306,-0.3372453797382976,1.3489815189531904,-0.6744907594765952,-1.998445652436155,1
-0.3372453797382976,-1.3489815189531904,-0.3372453797382976,-1.3489815189531904,-0.3372453797382976,-0.6744907594765952,2.697963037906381,0.0,1.3489815189531904,2.697963037906381,1.3489815189531904,-1.900465563667907,-0.3372453797382976,2.023472278429786,0.6744907594765952,-2.6701550892606836,0.0,0.44966050631773014,-0.3372453797382976,-0.3372453797382976,-0.3372453797382976,-2.023472278429786,2.697963037906381,-0.3372453797382976,0.6744907594765952,3.3724537973829762,0.6744907594765952,-1.8507992238167295,0.0,0.0,1.3489815189531904,-3.330742754060258,1
0.3372453797382976,1.011736139214893,0.6744907594765952,0.6744907594765952,1.3489815189531904,1.3489815189531904,2.697963037906381,0.3372453797382976,0.6744907594765952,-1.3489815189531904,2.697963037906381,0.0,0.3372453797382976,2.697963037906381,-0.6744907594765952,0.0,-0.6744907594765952,-1.3489815189531904,-1.011736139214893,-1.011736139214893,-0.6744907594765952,0.0,2.697963037906381,-0.6744907594765952,0.6744907594765952,0.0,2.023472278429786,0.0,-0.3372453797382976,1.3489815189531904,-0.6744907594765952,0.0,1
0.3372453797382976,0.0,0.0,-0.3372453797382976,-0.3372453797382976,-2.023472278429786,3.3724537973829762,0.0,1.3489815189531904,3.3724537973829762,2.023472278429786,-2.5339540848905426,-0.3372453797382976,1.3489815189531904,-0.6744907594765952,-2.0026163169455127,-0.3372453797382976,0.6744907594765952,-0.3372453797382976,1.011736139214893,0.0,1.3489815189531904,4.046944556859572,-1.011736139214893,0.0,-0.6744907594765952,2.023472278429786,0.0,-0.6744907594765952,0.0,-1.3489815189531904,0.0,1
-0.3372453797382976,-0.6744907594765952,-0.3372453797382976,-1.011736139214893,-0.3372453797382976,-1.3489815189531904,3.3724537973829762,0.0,1.3489815189531904,2.697963037906381,1.3489815189531904,-1.900465563667907,-0.3372453797382976,2.023472278429786,0.0,-2.0026163169455127,-0.3372453797382976,-0.44966050631773014,-0.3372453797382976,-0.3372453797382976,-0.3372453797382976,-1.3489815189531904,4.046944556859572,0.3372453797382976,0.6744907594765952,3.3724537973829762,1.3489815189531904,-3.0846653730278826,-0.3372453797382976,2.023472278429786,0.0,-2.664594203248207,1
-0.6744907594765952,-1.3489815189531904,-1.011736139214893,-1.3489815189531904,-0.6744907594765952,0.0,2.697963037906381,-0.3372453797382976,0.6744907594765952,0.0,2.023472278429786,0.0,-0.3372453797382976,2.023472278429786,-0.6744907594765952,-0.6675387723151709,-0.3372453797382976,0.8993210126354603,0.0,1.011736139214893,-0.6744907594765952,-0.6744907594765952,4.721435316336167,-1.011736139214893,0.6744907594765952,0.6744907594765952,2.697963037906381,0.0,-0.6744907594765952,0.0,-1.3489815189531904,0.0,1
1.011736139214893,2.023472278429786,0.3372453797382976,0.3372453797382976,0.3372453797382976,0.6744907594765952,0.6744907594765952,0.0,1.3489815189531904,2.697963037906381,-1.3489815189531904,-1.2669770424452713,0.0,0.0,2.697963037906381,-0.6675387723151709,-1.011736139214893,-1.5738117721120555,-1.3489815189531904,-1.6862268986914881,-1.011736139214893,0.0,4.046944556859572,-0.6744907594765952,-0.6744907594765952,0.0,2.023472278429786,0.0,-0.6744907594765952,0.0,-1.3489815189531904,0.0,1
-0.3372453797382976,-1.011736139214893,-0.3372453797382976,-1.011736139214893,-0.6744907594765952,-1.3489815189531904,4.046944556859572,0.0,0.6744907594765952,3.3724537973829762,1.3489815189531904,-2.5339540848905426,-0.3372453797382976,2.023472278429786,-0.6744907594765952,-2.0026163169455127,1.6862268986914881,0.8993210126354603,1.3489815189531904,1.011736139214893,1.3489815189531904,0.0,2.023472278429786,-0.3372453797382976,2.697963037906381,2.697963037906381,1.3489815189531904,-1.8507992238167295,0.6744907594765952,2.023472278429786,2.023472278429786,-1.998445652436155,1
-0.3372453797382976,1.011736139214893,0.0,0.6744907594765952,0.6744907594765952,0.0,2.697963037906381,0.3372453797382976,0.0,0.0,2.697963037906381,0.0,0.3372453797382976,2.697963037906381,-0.6744907594765952,0.0,0.3372453797382976,0.8993210126354603,0.6744907594765952,1.011736139214893,1.011736139214893,0.0,2.697963037906381,-0.3372453797382976,1.3489815189531904,0.0,2.697963037906381,0.0,0.0,2.697963037906381,-0.6744907594765952,0.0,1
0.3372453797382976,0.6744907594765952,0.3372453797382976,0.3372453797382976,0.3372453797382976,-0.6744907594765952,1.3489815189531904,-1.011736139214893,2.023472278429786,2.023472278429786,1.3489815189531904,-1.900465563667907,-0.6744907594765952,0.6744907594765952,0.6744907594765952,-2.6701550892606836,-0.6744907594765952,0.0,-0.3372453797382976,0.0,-0.3372453797382976,0.6744907594765952,3.3724537973829762,0.3372453797382976,0.6744907594765952,-0.6744907594765952,2.697963037906381,0.0,0.0,2.697963037906381,-0.6744907594765952,0.0,1
1.3489815189531904,2.023472278429786,0.6744907594765952,0.6744907594765952,0.0,0.0,0.6744907594765952,0.0,2.697963037906381,4.046944556859572,-1.3489815189531904,-1.2669770424452713,0.0,0.6744907594765952,2.023472278429786,-2.0026163169455127,-0.3372453797382976,0.44966050631773014,-0.3372453797382976,0.3372453797382976,0.0,2.023472278429786,2.023472278429786,-0.6744907594765952,2.023472278429786,-1.3489815189531904,2.697963037906381,0.0,-0.3372453797382976,1.3489815189531904,-0.6744907594765952,0.0,1
-1.011736139214893,-2.023472278429786,-1.011736139214893,-1.6862268986914881,-1.011736139214893,0.0,4.721435316336167,-0.6744907594765952,-0.6744907594765952,0.0,2.023472278429786,0.0,-0.6744907594765952,0.0,-1.3489815189531904,0.0,-0.6744907594765952,0.22483025315886507,-0.6744907594765952,0.0,-0.6744907594765952,0.6744907594765952,4.046944556859572,-1.011736139214893,0.6744907594765952,-0.6744907594765952,2.023472278429786,0.0,-0.6744907594765952,0.0,-1.3489815189531904,0.0,1
-1.011736139214893,-2.3607176581680833,-1.011736139214893,-1.6862268986914881,-1.011736139214893,0.0,4.721435316336167,-0.6744907594765952,-0.6744907594765952,0.0,2.023472278429786,0.0,-0.6744907594765952,0.0,-1.3489815189531904,0.0,0.0,0.8993210126354603,0.0,1.011736139214893,0.0,0.0,4.721435316336167,-1.011736139214893,0.0,0.0,2.023472278429786,0.0,-0.6744907594765952,0.0,-1.3489815189531904,0.0,1
-0.3372453797382976,0.0,0.0,-0.3372453797382976,0.0,-0.6744907594765952,2.697963037906381,0.3372453797382976,0.6744907594765952,0.6744907594765952,2.697963037906381,0.0,0.0,2.697963037906381,-0.6744907594765952,-0.6675387723151709,1.011736139214893,1.1241512657943253,0.3372453797382976,0.6744907594765952,0.3372453797382976,1.3489815189531904,0.6744907594765952,0.0,1.3489815189531904,2.697963037906381,-1.3489815189531904,-1.233866149211153,0.0,0.0,2.697963037906381,-0.6661485508120517,1
0.3372453797382976,1.011736139214893,0.6744907594765952,0.6744907594765952,1.011736139214893,0.0,2.697963037906381,0.0,1.3489815189531904,0.0,2.697963037906381,0.0,0.0,2.697963037906381,-0.6744907594765952,0.0,-0.3372453797382976,-0.6744907594765952,-0.3372453797382976,-0.6744907594765952,-0.6744907594765952,-1.3489815189531904,4.046944556859572,0.0,0.6744907594765952,2.697963037906381,1.3489815189531904,-2.467732298422306,-0.3372453797382976,2.023472278429786,-0.6744907594765952,-1.998445652436155,1
-0.3372453797382976,-0.6744907594765952,-0.3372453797382976,-0.6744907594765952,-0.3372453797382976,-1.3489815189531904,4.046944556859572,0.3372453797382976,0.6744907594765952,3.3724537973829762,1.3489815189531904,-3.1674426061131786,-0.3372453797382976,2.023472278429786,0.0,-2.6701550892606836,0.6744907594765952,0.6744907594765952,0.3372453797382976,0.0,0.0,0.0,1.3489815189531904,-0.3372453797382976,1.3489815189531904,3.3724537973829762,-0.6744907594765952,-1.233866149211153,0.0,0.6744907594765952,1.3489815189531904,-1.3322971016241034,1
-0.6744907594765952,0.0,-0.6744907594765952,-0.3372453797382976,-0.3372453797382976,-0.6744907594765952,4.046944556859572,-1.011736139214893,0.0,0.6744907594765952,2.023472278429786,0.0,-0.6744907594765952,0.0,-1.3489815189531904,0.0,-0.6744907594765952,-0.8993210126354603,-0.6744907594765952,-1.011736139214893,-0.6744907594765952,-1.3489815189531904,2.697963037906381,0.0,0.6744907594765952,2.697963037906381,1.3489815189531904,-1.8507992238167295,-0.3372453797382976,2.023472278429786,-0.6744907594765952,-1.998445652436155,1
0.0,0.3372453797382976,0.0,0.0,0.3372453797382976,-0.6744907594765952,0.0,1.3489815189531904,0.6744907594765952,0.6744907594765952,2.023472278429786,0.0,0.3372453797382976,0.6744907594765952,2.023472278429786,0.6675387723151709,-0.3372453797382976,-0.22483025315886507,-0.3372453797382976,-0.3372453797382976,0.0,0.0,3.3724537973829762,0.3372453797382976,0.6744907594765952,0.0,2.697963037906381,0.0,0.0,2.697963037906381,-0.6744907594765952,-0.6661485508120517,1
-0.3372453797382976,-0.3372453797382976,-0.3372453797382976,-0.3372453797382976,0.3372453797382976,-0.6744907594765952,0.0,0.0,2.023472278429786,0.6744907594765952,0.0,1.2669770424452713,0.3372453797382976,-0.6744907594765952,3.3724537973829762,-1.3350775446303418,0.0,-0.44966050631773014,0.0,-0.3372453797382976,0.0,-1.3489815189531904,3.3724537973829762,0.3372453797382976,0.6744907594765952,2.697963037906381,1.3489815189531904,-2.467732298422306,0.0,2.023472278429786,-0.6744907594765952,-1.998445652436155,1
-0.6744907594765952,-2.023472278429786,-0.6744907594765952,-1.6862268986914881,-0.6744907594765952,0.0,2.697963037906381,0.0,0.0,0.0,2.023472278429786,0.0,0.0,2.023472278429786,-0.6744907594765952,0.0,-0.3372453797382976,-0.44966050631773014,-0.3372453797382976,-0.3372453797382976,-0.3372453797382976,-1.3489815189531904,4.046944556859572,0.3372453797382976,0.6744907594765952,3.3724537973829762,1.3489815189531904,-3.0846653730278826,-0.3372453797382976,2.023472278429786,0.0,-2.664594203248207,1
0.3372453797382976,1.011736139214893,0.0,-0.3372453797382976,-0.3372453797382976,-0.6744907594765952,1.3489815189531904,-0.3372453797382976,1.3489815189531904,3.3724537973829762,0.0,-1.900465563667907,0.0,1.3489815189531904,0.6744907594765952,-2.0026163169455127,0.3372453797382976,0.0,0.6744907594765952,0.3372453797382976,1.3489815189531904,0.0,0.6744907594765952,0.3372453797382976,2.023472278429786,0.0,0.0,0.0,0.3372453797382976,0.6744907594765952,4.046944556859572,-0.6661485508120517,1
0.0,1.011736139214893,0.0,0.3372453797382976,0.0,-1.3489815189531904,4.721435316336167,-0.6744907594765952,0.0,1.3489815189531904,2.023472278429786,-0.6334885212226357,-0.6744907594765952,0.0,-1.3489815189531904,0.0,0.3372453797382976,0.6744907594765952,0.3372453797382976,1.011736139214893,1.3489815189531904,0.6744907594765952,0.0,0.3372453797382976,1.3489815189531904,0.0,-0.6744907594765952,0.6169330746055764,1.011736139214893,-0.6744907594765952,2.023472278429786,-0.6661485508120517,1
0.3372453797382976,1.3489815189531904,0.3372453797382976,1.011736139214893,1.6862268986914881,0.0,2.023472278429786,1.011736139214893,-1.3489815189531904,0.0,-0.6744907594765952,0.0,2.023472278429786,1.3489815189531904,3.3724537973829762,0.0,0.0,0.0,0.3372453797382976,0.0,1.011736139214893,1.3489815189531904,0.0,0.6744907594765952,0.0,-0.6744907594765952,0.0,-1.8507992238167295,2.023472278429786,-1.3489815189531904,0.0,-1.3322971016241034,1
0.3372453797382976,-0.3372453797382976,0.6744907594765952,-0.6744907594765952,0.6744907594765952,2.023472278429786,-0.6744907594765952,-0.3372453797382976,-0.6744907594765952,1.3489815189531904,-2.023472278429786,-0.6334885212226357,1.6862268986914881,-1.3489815189531904,0.0,0.0,-0.3372453797382976,-0.6744907594765952,0.0,-0.6744907594765952,0.0,0.6744907594765952,-1.3489815189531904,0.0,-1.3489815189531904,1.3489815189531904,-0.6744907594765952,0.0,1.6862268986914881,-2.023472278429786,-0.6744907594765952,0.0,1
-0.3372453797382976,-2.023472278429786,-0.3372453797382976,-1.011736139214893,0.0,0.6744907594765952,-0.6744907594765952,1.011736139214893,-0.6744907594765952,-0.6744907594765952,0.0,0.0,1.6862268986914881,-2.023472278429786,0.0,-0.6675387723151709,-1.011736139214893,-1.5738117721120555,-1.011736139214893,-1.6862268986914881,-0.6744907594765952,0.0,-0.6744907594765952,2.023472278429786,-3.3724537973829762,0.0,0.6744907594765952,0.0,1.011736139214893,-1.3489815189531904,-1.3489815189531904,0.0,1
0.0,0.0,0.6744907594765952,-0.3372453797382976,1.3489815189531904,1.3489815189531904,-1.3489815189531904,-0.3372453797382976,-2.697963037906381,0.6744907594765952,-2.023472278429786,0.0,2.697963037906381,-2.023472278429786,0.0,-1.3350775446303418,0.0,-0.44966050631773014,1.011736139214893,-0.3372453797382976,0.3372453797382976,1.3489815189531904,-0.6744907594765952,0.0,0.0,1.3489815189531904,-1.3489815189531904,-0.6169330746055764,2.023472278429786,-0.6744907594765952,0.0,0.0,1
-0.3372453797382976,-1.011736139214893,0.0,-1.011736139214893,0.0,0.6744907594765952,-0.6744907594765952,0.0,-0.6744907594765952,1.3489815189531904,-0.6744907594765952,0.0,1.3489815189531904,-2.023472278429786,0.0,0.0,0.3372453797382976,0.8993210126354603,1.3489815189531904,1.011736139214893,3.0352084176446783,2.023472278429786,-0.6744907594765952,0.0,-1.3489815189531904,0.6744907594765952,-2.023472278429786,-0.6169330746055764,3.0352084176446783,-1.3489815189531904,2.023472278429786,-2.664594203248207,1
2.3607176581680833,2.697963037906381,2.697963037906381,1.011736139214893,1.3489815189531904,4.046944556859572,-3.3724537973829762,1.011736139214893,-2.023472278429786,3.3724537973829762,-4.046944556859572,0.6334885212226357,2.023472278429786,-4.721435316336167,-0.6744907594765952,0.0,0.0,-0.44966050631773014,0.3372453797382976,-0.3372453797382976,1.011736139214893,-0.6744907594765952,0.6744907594765952,0.6744907594765952,-1.3489815189531904,-0.6744907594765952,-1.3489815189531904,0.0,2.3607176581680833,-0.6744907594765952,1.3489815189531904,0.0,1
-0.3372453797382976,-0.3372453797382976,-0.3372453797382976,-0.6744907594765952,0.3372453797382976,0.6744907594765952,-1.3489815189531904,2.3607176581680833,-3.3724537973829762,-0.6744907594765952,0.6744907594765952,0.0,1.3489815189531904,-2.023472278429786,-1.3489815189531904,-0.6675387723151709,0.0,-0.22483025315886507,0.0,-0.3372453797382976,0.0,0.6744907594765952,0.0,3.0352084176446783,-2.697963037906381,-0.6744907594765952,1.3489815189531904,0.0,2.023472278429786,-1.3489815189531904,-1.3489815189531904,0.0,1
0.0,-0.6744907594765952,0.3372453797382976,-0.6744907594765952,0.3372453797382976,0.6744907594765952,-0.6744907594765952,-0.3372453797382976,-0.6744907594765952,1.3489815189531904,-0.6744907594765952,0.0,1.6862268986914881,-2.023472278429786,0.0,0.0,0.3372453797382976,0.44966050631773014,0.0,0.3372453797382976,0.0,0.0,0.0,3.0352084176446783,-2.023472278429786,0.6744907594765952,1.3489815189531904,0.0,2.023472278429786,-1.3489815189531904,-1.3489815189531904,0.0,1
1.6862268986914881,1.6862268986914881,2.023472278429786,0.3372453797382976,0.6744907594765952,4.046944556859572,-3.3724537973829762,0.6744907594765952,-2.023472278429786,3.3724537973829762,-4.046944556859572,0.6334885212226357,1.6862268986914881,-3.3724537973829762,-0.6744907594765952,0.6675387723151709,-0.3372453797382976,-1.1241512657943253,-0.3372453797382976,-0.6744907594765952,0.0,0.6744907594765952,-0.6744907594765952,0.6744907594765952,-0.6744907594765952,0.0,0.0,0.0,1.6862268986914881,-2.023472278429786,0.0,-0.6661485508120517,1
-0.3372453797382976,-1.011736139214893,0.3372453797382976,-1.011736139214893,0.0,0.0,-0.6744907594765952,0.0,-0.6744907594765952,1.3489815189531904,0.0,0.0,1.6862268986914881,-2.023472278429786,-0.6744907594765952,0.0,0.6744907594765952,0.22483025315886507,1.6862268986914881,0.3372453797382976,1.3489815189531904,-2.023472278429786,0.0,0.0,0.0,2.697963037906381,2.023472278429786,1.8507992238167295,2.3607176581680833,0.0,1.3489815189531904,-0.6661485508120517,1
0.3372453797382976,0.6744907594765952,1.011736139214893,0.3372453797382976,1.3489815189531904,2.023472278429786,-0.6744907594765952,-0.3372453797382976,-0.6744907594765952,1.3489815189531904,-1.3489815189531904,-0.6334885212226357,1.6862268986914881,-1.3489815189531904,0.0,0.0,0.6744907594765952,0.44966050631773014,0.6744907594765952,-0.3372453797382976,0.3372453797382976,0.0,-2.697963037906381,0.0,-2.023472278429786,0.6744907594765952,-2.023472278429786,1.233866149211153,1.6862268986914881,-3.3724537973829762,-0.6744907594765952,0.6661485508120517,1
0.3372453797382976,-0.6744907594765952,1.011736139214893,-0.6744907594765952,0.6744907594765952,0.6744907594765952,-0.6744907594765952,0.0,0.0,1.3489815189531904,0.0,0.0,2.3607176581680833,-1.3489815189531904,0.0,0.0,-0.3372453797382976,0.22483025315886507,-0.3372453797382976,0.3372453797382976,0.0,0.0,0.0,2.697963037906381,-2.697963037906381,0.0,1.3489815189531904,0.0,2.023472278429786,-2.023472278429786,-1.3489815189531904,0.0,1
0.6744907594765952,1.011736139214893,0.6744907594765952,0.6744907594765952,0.3372453797382976,0.0,0.0,3.3724537973829762,-2.023472278429786,0.0,1.3489815189531904,0.0,2.3607176581680833,-1.3489815189531904,-1.3489815189531904,0.0,3.3724537973829762,1.7986420252709205,3.0352084176446783,1.011736139214893,1.3489815189531904,2.023472278429786,2.697963037906381,1.3489815189531904,-0.6744907594765952,-2.023472278429786,-0.6744907594765952,1.233866149211153,2.697963037906381,3.3724537973829762,0.6744907594765952,-1.3322971016241034,1
2.023472278429786,0.6744907594765952,1.6862268986914881,-0.6744907594765952,0.3372453797382976,0.0,2.697963037906381,0.6744907594765952,0.0,-2.023472278429786,-1.3489815189531904,1.2669770424452713,2.697963037906381,2.697963037906381,0.0,-0.6675387723151709,-0.3372453797382976,0.0,-0.3372453797382976,0.0,0.3372453797382976,0.0,-1.3489815189531904,2.3607176581680833,-3.3724537973829762,0.0,0.6744907594765952,0.0,1.3489815189531904,-2.023472278429786,-1.3489815189531904,0.0,1
0.0,0.6744907594765952,0.0,0.0,0.0,0.0,0.0,3.0352084176446783,-2.697963037906381,0.0,1.3489815189531904,0.0,2.023472278429786,-1.3489815189531904,-1.3489815189531904,0.0,0.3372453797382976,0.22483025315886507,1.011736139214893,0.3372453797382976,1.3489815189531904,1.3489815189531904,0.0,-0.3372453797382976,-0.6744907594765952,1.3489815189531904,-1.3489815189531904,-0.6169330746055764,1.6862268986914881,-0.6744907594765952,0.0,0.0,1
-0.3372453797382976,-1.011736139214893,0.0,-1.3489815189531904,0.0,1.3489815189531904,-0.6744907594765952,0.0,-0.6744907594765952,0.6744907594765952,-1.3489815189531904,-0.6334885212226357,1.6862268986914881,-2.023472278429786,-0.6744907594765952,0.0,-0.3372453797382976,-0.44966050631773014,0.0,-0.6744907594765952,0.3372453797382976,0.0,-0.6744907594765952,0.0,-0.6744907594765952,1.3489815189531904,0.0,0.0,1.6862268986914881,-1.3489815189531904,-0.6744907594765952,0.0,1
1.011736139214893,0.6744907594765952,1.6862268986914881,0.3372453797382976,1.011736139214893,0.6744907594765952,-0.6744907594765952,-0.3372453797382976,0.0,1.3489815189531904,-0.6744907594765952,0.0,2.697963037906381,0.0,0.6744907594765952,0.0,1.3489815189531904,0.44966050631773014,2.023472278429786,0.3372453797382976,2.023472278429786,0.6744907594765952,-0.6744907594765952,-0.3372453797382976,0.0,1.3489815189531904,0.0,0.0,2.023472278429786,-1.3489815189531904,0.0,0.0,1
0.0,0.0,0.6744907594765952,-0.3372453797382976,0.3372453797382976,-2.023472278429786,-0.6744907594765952,0.3372453797382976,-0.6744907594765952,2.697963037906381,2.697963037906381,1.900465563667907,1.3489815189531904,-1.3489815189531904,0.0,-0.6675387723151709,0.3372453797382976,0.8993210126354603,0.3372453797382976,1.3489815189531904,1.6862268986914881,0.0,2.023472278429786,1.011736139214893,-1.3489815189531904,0.0,-0.6744907594765952,0.0,2.023472278429786,1.3489815189531904,3.3724537973829762,0.0,1
0.3372453797382976,1.3489815189531904,1.011736139214893,0.6744907594765952,1.6862268986914881,1.3489815189531904,0.0,0.6744907594765952,0.0,-0.6744907594765952,0.0,-1.900465563667907,2.697963037906381,0.0,0.6744907594765952,-2.0026163169455127,0.3372453797382976,0.8993210126354603,0.6744907594765952,1.011736139214893,2.023472278429786,0.6744907594765952,1.3489815189531904,1.3489815189531904,-0.6744907594765952,0.0,0.0,0.0,2.023472278429786,0.0,4.721435316336167,-1.998445652436155,1
1.011736139214893,1.6862268986914881,1.011736139214893,0.0,0.6744907594765952,0.0,-2.697963037906381,0.0,-2.023472278429786,0.6744907594765952,-2.023472278429786,1.2669770424452713,2.023472278429786,-4.046944556859572,0.0,0.0,1.6862268986914881,0.6744907594765952,2.697963037906381,1.011736139214893,2.3607176581680833,-2.697963037906381,0.6744907594765952,0.3372453797382976,0.0,2.023472278429786,2.697963037906381,1.8507992238167295,3.3724537973829762,0.0,2.697963037906381,-1.3322971016241034,1
-0.6744907594765952,-2.3607176581680833,-1.011736139214893,-1.6862268986914881,-0.6744907594765952,0.0,-0.6744907594765952,2.3607176581680833,-3.3724537973829762,0.0,0.6744907594765952,0.0,1.3489815189531904,-1.3489815189531904,-1.3489815189531904,0.0,1.011736139214893,0.8993210126354603,1.3489815189531904,1.011736139214893,2.697963037906381,0.0,0.6744907594765952,1.011736139214893,-0.6744907594765952,0.0,-0.6744907594765952,0.0,2.023472278429786,1.3489815189531904,4.721435316336167,1.998445652436155,1
1.3489815189531904,1.011736139214893,2.023472278429786,0.6744907594765952,1.6862268986914881,1.3489815189531904,-0.6744907594765952,-0.3372453797382976,0.0,1.3489815189531904,-0.6744907594765952,-0.6334885212226357,2.023472278429786,-1.3489815189531904,0.0,0.0,0.3372453797382976,0.0,0.6744907594765952,0.0,1.011736139214893,0.0,-0.6744907594765952,1.011736139214893,0.0,0.0,0.0,1.8507992238167295,2.697963037906381,-1.3489815189531904,0.0,0.6661485508120517,1
-0.6744907594765952,-1.3489815189531904,-0.3372453797382976,-1.3489815189531904,-0.3372453797382976,0.0,-0.6744907594765952,0.0,-0.6744907594765952,1.3489815189531904,0.0,0.0,1.3489815189531904,-2.023472278429786,-0.6744907594765952,0.0,0.0,-0.6744907594765952,0.3372453797382976,-0.6744907594765952,0.3372453797382976,0.6744907594765952,-0.6744907594765952,-0.3372453797382976,-0.6744907594765952,1.3489815189531904,-0.6744907594765952,0.0,1.6862268986914881,-2.023472278429786,0.0,0.0,1
0.3372453797382976,-1.6862268986914881,0.3372453797382976,-1.011736139214893,0.3372453797382976,0.0,-0.6744907594765952,1.3489815189531904,0.0,0.0,0.6744907594765952,1.2669770424452713,2.023472278429786,-2.023472278429786,0.0,0.6675387723151709,-0.3372453797382976,0.22483025315886507,-0.3372453797382976,0.3372453797382976,0.0,0.0,0.0,2.697963037906381,-2.697963037906381,0.0,1.3489815189531904,0.0,2.023472278429786,-2.023472278429786,-1.3489815189531904,0.0,1
0.6744907594765952,-0.6744907594765952,0.6744907594765952,0.6744907594765952,0.3372453797382976,0.6744907594765952,0.0,3.3724537973829762,-2.023472278429786,-0.6744907594765952,1.3489815189531904,0.0,2.3607176581680833,-1.3489815189531904,-1.3489815189531904,0.0,-0.3372453797382976,0.0,-0.3372453797382976,0.0,0.3372453797382976,1.3489815189531904,-0.6744907594765952,0.6744907594765952,-0.6744907594765952,-0.6744907594765952,0.0,-1.233866149211153,1.6862268986914881,-2.023472278429786,0.0,-1.3322971016241034,1
-0.3372453797382976,-0.3372453797382976,0.3372453797382976,-0.6744907594765952,1.011736139214893,1.3489815189531904,-2.023472278429786,-0.3372453797382976,-2.023472278429786,0.6744907594765952,-2.023472278429786,0.0,2.023472278429786,-1.3489815189531904,0.0,-0.6675387723151709,-0.6744907594765952,-1.3489815189531904,-0.6744907594765952,-1.011736139214893,-0.3372453797382976,-0.6744907594765952,-0.6744907594765952,1.011736139214893,-0.6744907594765952,0.0,0.0,1.233866149211153,1.3489815189531904,-2.023472278429786,0.0,0.6661485508120517,1
1.011736139214893,0.6744907594765952,1.6862268986914881,0.0,1.3489815189531904,-1.3489815189531904,-0.6744907594765952,0.0,0.0,1.3489815189531904,2.023472278429786,1.2669770424452713,2.023472278429786,-2.023472278429786,0.0,-0.6675387723151709,0.0,-0.6744907594765952,0.0,-1.011736139214893,0.0,0.6744907594765952,-0.6744907594765952,1.011736139214893,-0.6744907594765952,-0.6744907594765952,0.0,0.0,2.023472278429786,-1.3489815189531904,0.0,-0.6661485508120517,1
-0.3372453797382976,-0.3372453797382976,-0.3372453797382976,-0.6744907594765952,-0.3372453797382976,0.6744907594765952,0.0,2.697963037906381,-2.697963037906381,0.0,1.3489815189531904,0.0,1.6862268986914881,-2.023472278429786,-1.3489815189531904,0.0,-0.3372453797382976,-0.8993210126354603,-0.3372453797382976,-1.011736139214893,0.0,-0.6744907594765952,-0.6744907594765952,1.011736139214893,-0.6744907594765952,0.0,0.0,1.233866149211153,1.6862268986914881,-2.023472278429786,0.0,0.6661485508120517,1
0.3372453797382976,0.3372453797382976,0.6744907594765952,0.0,1.011736139214893,1.3489815189531904,0.0,1.011736139214893,0.0,-0.6744907594765952,0.0,-2.5339540848905426,2.697963037906381,-0.6744907594765952,1.3489815189531904,-2.0026163169455127,0.3372453797382976,-0.22483025315886507,0.6744907594765952,0.0,1.6862268986914881,0.0,0.0,0.3372453797382976,-0.6744907594765952,0.0,-0.6744907594765952,0.0,2.697963037906381,0.0,2.023472278429786,-1.3322971016241034,1
-0.3372453797382976,-1.011736139214893,-0.3372453797382976,-1.3489815189531904,0.0,0.0,-0.6744907594765952,1.011736139214893,-0.6744907594765952,-0.6744907594765952,0.0,0.0,1.3489815189531904,-1.3489815189531904,0.0,0.0,-0.3372453797382976,-0.22483025315886507,0.0,-0.3372453797382976,0.6744907594765952,3.3724537973829762,-1.3489815189531904,0.0,-2.023472278429786,1.3489815189531904,-2.023472278429786,0.0,1.011736139214893,-1.3489815189531904,0.0,-1.3322971016241034,1
0.0,0.3372453797382976,0.6744907594765952,0.0,2.023472278429786,1.3489815189531904,-1.3489815189531904,-0.3372453797382976,-2.023472278429786,0.6744907594765952,-2.023472278429786,0.0,2.697963037906381,-1.3489815189531904,0.0,-1.3350775446303418,0.3372453797382976,0.0,0.6744907594765952,0.3372453797382976,2.023472278429786,0.0,0.6744907594765952,0.3372453797382976,-1.3489815189531904,0.0,-0.6744907594765952,-0.6169330746055764,2.697963037906381,0.0,2.023472278429786,-1.998445652436155,1
0.0,0.0,0.0,-0.3372453797382976,1.011736139214893,0.0,0.0,1.3489815189531904,-0.6744907594765952,-0.6744907594765952,-1.3489815189531904,0.0,1.3489815189531904,0.6744907594765952,3.3724537973829762,0.0,0.6744907594765952,0.6744907594765952,0.6744907594765952,0.3372453797382976,0.3372453797382976,4.046944556859572,-3.3724537973829762,0.3372453797382976,-1.3489815189531904,3.3724537973829762,-4.046944556859572,0.6169330746055764,1.011736139214893,-2.023472278429786,-0.6744907594765952,0.6661485508120517,1
1.6862268986914881,1.6862268986914881,2.023472278429786,0.3372453797382976,0.6744907594765952,4.046944556859572,-3.3724537973829762,0.6744907594765952,-2.023472278429786,3.3724537973829762,-4.046944556859572,0.6334885212226357,1.6862268986914881,-3.3724537973829762,-0.6744907594765952,0.6675387723151709,1.3489815189531904,0.6744907594765952,1.011736139214893,0.3372453797382976,0.6744907594765952,-2.023472278429786,1.3489815189531904,0.6744907594765952,-0.6744907594765952,-2.023472278429786,-2.697963037906381,2.467732298422306,2.3607176581680833,1.3489815189531904,0.0,0.0,1
-0.3372453797382976,-1.3489815189531904,0.0,-1.3489815189531904,0.0,0.6744907594765952,-0.6744907594765952,1.011736139214893,-0.6744907594765952,0.0,0.0,0.0,1.6862268986914881,-2.023472278429786,0.0,-0.6675387723151709,0.3372453797382976,0.44966050631773014,0.3372453797382976,0.3372453797382976,1.011736139214893,0.6744907594765952,-1.3489815189531904,2.697963037906381,-3.3724537973829762,-0.6744907594765952,1.3489815189531904,0.0,1.6862268986914881,-2.023472278429786,-1.3489815189531904,-0.6661485508120517,1
-0.6744907594765952,-0.3372453797382976,-0.6744907594765952,-0.6744907594765952,-0.3372453797382976,0.0,-0.6744907594765952,2.697963037906381,-2.697963037906381,0.0,1.3489815189531904,0.0,1.6862268986914881,-2.023472278429786,-1.3489815189531904,0.0,-0.3372453797382976,-0.22483025315886507,-0.3372453797382976,-0.3372453797382976,0.3372453797382976,0.0,-1.3489815189531904,2.3607176581680833,-3.3724537973829762,0.0,0.6744907594765952,0.0,1.3489815189531904,-2.023472278429786,-1.3489815189531904,0.0,1
-0.6744907594765952,-2.3607176581680833,-1.011736139214893,-1.6862268986914881,-0.6744907594765952,0.0,-0.6744907594765952,2.3607176581680833,-3.3724537973829762,0.0,0.6744907594765952,0.0,1.3489815189531904,-1.3489815189531904,-1.3489815189531904,0.0,0.6744907594765952,0.22483025315886507,1.3489815189531904,0.3372453797382976,2.3607176581680833,-0.6744907594765952,0.6744907594765952,0.3372453797382976,-1.3489815189531904,0.0,-2.023472278429786,0.0,4.046944556859572,-3.3724537973829762,1.3489815189531904,-0.6661485508120517,1
-0.3372453797382976,0.0,-0.6744907594765952,-0.3372453797382976,0.0,0.6744907594765952,0.0,2.697963037906381,-2.697963037906381,-0.6744907594765952,1.3489815189531904,0.0,1.6862268986914881,-1.3489815189531904,-1.3489815189531904,0.0,0.0,-1.3489815189531904,0.0,-0.6744907594765952,0.0,1.3489815189531904,-0.6744907594765952,1.011736139214893,-0.6744907594765952,-0.6744907594765952,0.0,-1.8507992238167295,2.023472278429786,-1.3489815189531904,0.0,-1.3322971016241034,1
-1.011736139214893,-2.3607176581680833,-1.011736139214893,-2.023472278429786,-0.6744907594765952,0.0,-0.6744907594765952,2.023472278429786,-3.3724537973829762,0.0,0.6744907594765952,0.0,1.011736139214893,-1.3489815189531904,-1.3489815189531904,0.0,0.6744907594765952,0.44966050631773014,1.011736139214893,0.6744907594765952,1.6862268986914881,0.0,0.0,0.6744907594765952,0.0,-0.6744907594765952,0.0,0.0,2.3607176581680833,-0.6744907594765952,0.6744907594765952,-0.6661485508120517,1
2.3607176581680833,2.697963037906381,2.023472278429786,0.6744907594765952,1.011736139214893,1.3489815189531904,2.697963037906381,1.011736139214893,-0.6744907594765952,-2.023472278429786,-0.6744907594765952,0.6334885212226357,2.697963037906381,2.697963037906381,0.0,-0.6675387723151709,1.011736139214893,0.22483025315886507,1.6862268986914881,0.3372453797382976,1.011736139214893,1.3489815189531904,-0.6744907594765952,-0.3372453797382976,0.0,1.3489815189531904,-0.6744907594765952,0.0,2.023472278429786,-1.3489815189531904,0.0,0.0,1
-0.6744907594765952,-1.3489815189531904,-0.3372453797382976,-1.3489815189531904,-0.3372453797382976,0.6744907594765952,-0.6744907594765952,0.0,-0.6744907594765952,1.3489815189531904,-0.6744907594765952,0.0,1.3489815189531904,-2.023472278429786,-0.6744907594765952,-0.6675387723151709,1.3489815189531904,0.44966050631773014,2.023472278429786,0.3372453797382976,2.023472278429786,0.6744907594765952,-0.6744907594765952,-0.3372453797382976,0.0,1.3489815189531904,0.0,0.0,2.023472278429786,-1.3489815189531904,0.0,0.0,1
0.0,-0.3372453797382976,0.0,-0.6744907594765952,0.3372453797382976,-0.6744907594765952,-0.6744907594765952,1.011736139214893,0.0,-0.6744907594765952,0.6744907594765952,1.2669770424452713,1.6862268986914881,-2.023472278429786,0.0,0.6675387723151709,0.3372453797382976,-0.44966050631773014,0.3372453797382976,-0.3372453797382976,0.3372453797382976,0.0,-0.6744907594765952,1.011736139214893,0.0,-0.6744907594765952,0.0,0.6169330746055764,2.3607176581680833,-1.3489815189531904,0.0,0.0,1
0.6744907594765952,0.3372453797382976,1.011736139214893,0.0,1.6862268986914881,0.6744907594765952,1.3489815189531904,1.011736139214893,-0.6744907594765952,0.0,0.0,0.0,1.3489815189531904,0.6744907594765952,2.697963037906381,-0.6675387723151709,0.0,-0.6744907594765952,0.0,0.3372453797382976,0.0,0.0,0.0,3.0352084176446783,-2.697963037906381,0.0,1.3489815189531904,0.0,2.023472278429786,-1.3489815189531904,-1.3489815189531904,0.0,1
-0.6744907594765952,-2.3607176581680833,-1.011736139214893,-1.6862268986914881,-0.6744907594765952,0.0,-0.6744907594765952,2.3607176581680833,-3.3724537973829762,0.0,0.6744907594765952,0.0,1.3489815189531904,-1.3489815189531904,-1.3489815189531904,0.0,0.3372453797382976,0.22483025315886507,0.3372453797382976,0.3372453797382976,0.0,0.6744907594765952,0.0,3.0352084176446783,-2.023472278429786,-0.6744907594765952,1.3489815189531904,0.0,2.3607176581680833,-1.3489815189531904,-1.3489815189531904,0.0,1
-0.3372453797382976,-1.3489815189531904,-0.6744907594765952,-0.6744907594765952,-0.3372453797382976,0.6744907594765952,-0.6744907594765952,2.697963037906381,-2.697963037906381,-0.6744907594765952,1.3489815189531904,0.0,1.6862268986914881,-1.3489815189531904,-1.3489815189531904,0.0,0.3372453797382976,0.8993210126354603,1.3489815189531904,1.011736139214893,3.0352084176446783,2.023472278429786,-0.6744907594765952,0.0,-1.3489815189531904,0.6744907594765952,-2.023472278429786,-0.6169330746055764,3.0352084176446783,-1.3489815189531904,2.023472278429786,-2.664594203248207,1
0.3372453797382976,0.6744907594765952,0.3372453797382976,0.3372453797382976,0.3372453797382976,0.6744907594765952,0.0,3.3724537973829762,-2.023472278429786,-0.6744907594765952,1.3489815189531904,0.0,2.023472278429786,-1.3489815189531904,-1.3489815189531904,0.0,0.6744907594765952,0.44966050631773014,0.6744907594765952,-0.3372453797382976,0.0,-2.023472278429786,0.6744907594765952,0.6744907594765952,0.0,-2.023472278429786,-3.3724537973829762,1.8507992238167295,2.023472278429786,0.6744907594765952,0.0,0.0,1
0.0,0.6744907594765952,0.3372453797382976,0.3372453797382976,1.3489815189531904,0.0,0.0,0.6744907594765952,0.0,-0.6744907594765952,0.0,0.0,2.023472278429786,-0.6744907594765952,0.6744907594765952,-0.6675387723151709,0.3372453797382976,0.44966050631773014,0.6744907594765952,0.6744907594765952,1.6862268986914881,0.6744907594765952,0.0,1.011736139214893,-0.6744907594765952,-0.6744907594765952,0.0,0.0,2.023472278429786,-1.3489815189531904,0.0,-0.6661485508120517,1
-0.3372453797382976,-1.3489815189531904,0.3372453797382976,-1.3489815189531904,0.0,0.6744907594765952,-1.3489815189531904,0.0,-0.6744907594765952,2.023472278429786,0.0,0.6334885212226357,1.6862268986914881,-2.023472278429786,0.0,0.0,0.3372453797382976,0.44966050631773014,0.0,0.3372453797382976,1.011736139214893,0.6744907594765952,-1.3489815189531904,2.697963037906381,-3.3724537973829762,-0.6744907594765952,0.6744907594765952,0.0,2.023472278429786,-1.3489815189531904,-0.6744907594765952,-1.3322971016241034,1
0.6744907594765952,-0.6744907594765952,1.011736139214893,-0.6744907594765952,1.3489815189531904,1.3489815189531904,0.6744907594765952,0.6744907594765952,-0.6744907594765952,0.0,-0.6744907594765952,-0.6334885212226357,2.3607176581680833,0.0,2.023472278429786,-3.337693861575855,0.3372453797382976,0.22483025315886507,1.011736139214893,0.3372453797382976,0.6744907594765952,-2.697963037906381,0.0,0.3372453797382976,0.0,2.697963037906381,3.3724537973829762,1.8507992238167295,1.011736139214893,0.0,0.0,-0.6661485508120517,1
0.0,0.0,0.3372453797382976,-0.3372453797382976,0.6744907594765952,2.697963037906381,-0.6744907594765952,0.0,-0.6744907594765952,1.3489815189531904,-2.697963037906381,-1.2669770424452713,1.6862268986914881,-1.3489815189531904,0.0,0.0,0.0,0.44966050631773014,0.6744907594765952,0.3372453797382976,2.023472278429786,0.6744907594765952,-0.6744907594765952,0.0,-2.697963037906381,0.0,-2.023472278429786,0.0,2.697963037906381,-0.6744907594765952,0.0,-1.3322971016241034,1
-0.3372453797382976,-1.6862268986914881,0.0,-0.6744907594765952,0.3372453797382976,1.3489815189531904,-0.6744907594765952,1.011736139214893,-0.6744907594765952,-0.6744907594765952,0.0,-1.2669770424452713,1.6862268986914881,-1.3489815189531904,0.0,-2.0026163169455127,0.3372453797382976,-0.22483025315886507,0.6744907594765952,-0.3372453797382976,0.6744907594765952,2.697963037906381,-0.6744907594765952,0.0,-0.6744907594765952,1.3489815189531904,-3.3724537973829762,-1.233866149211153,1.6862268986914881,-1.3489815189531904,0.0,0.0,1
1.011736139214893,1.6862268986914881,1.011736139214893,0.3372453797382976,0.3372453797382976,3.3724537973829762,-3.3724537973829762,0.3372453797382976,-1.3489815189531904,3.3724537973829762,-4.046944556859572,0.0,1.3489815189531904,-3.3724537973829762,-0.6744907594765952,0.6675387723151709,-0.3372453797382976,-0.6744907594765952,0.0,-0.6744907594765952,0.0,1.3489815189531904,-0.6744907594765952,0.0,-0.6744907594765952,1.3489815189531904,-1.3489815189531904,-0.6169330746055764,1.3489815189531904,-2.023472278429786,-0.6744907594765952,0.0,1
0.3372453797382976,1.3489815189531904,0.3372453797382976,0.6744907594765952,0.3372453797382976,0.6744907594765952,0.0,3.0352084176446783,-2.023472278429786,-0.6744907594765952,1.3489815189531904,0.0,2.3607176581680833,-1.3489815189531904,-1.3489815189531904,0.0,-0.3372453797382976,-1.1241512657943253,0.0,-0.6744907594765952,0.0,1.3489815189531904,-0.6744907594765952,1.011736139214893,-0.6744907594765952,-0.6744907594765952,0.0,-1.233866149211153,1.6862268986914881,-2.023472278429786,0.0,-1.3322971016241034,1
0.6744907594765952,1.011736139214893,1.3489815189531904,0.6744907594765952,1.3489815189531904,-0.6744907594765952,-0.6744907594765952,1.3489815189531904,0.6744907594765952,0.0,0.6744907594765952,1.900465563667907,2.3607176581680833,-1.3489815189531904,0.0,0.6675387723151709,2.023472278429786,0.8993210126354603,1.6862268986914881,0.3372453797382976,0.6744907594765952,0.0,2.697963037906381,0.6744907594765952,0.0,-2.023472278429786,-2.023472278429786,1.233866149211153,2.3607176581680833,1.3489815189531904,0.0,-0.6661485508120517,1
0.3372453797382976,-1.6862268986914881,0.3372453797382976,-1.011736139214893,0.3372453797382976,0.0,-0.6744907594765952,1.3489815189531904,0.0,0.0,0.6744907594765952,1.2669770424452713,2.023472278429786,-2.023472278429786,0.0,0.6675387723151709,2.023472278429786,1.3489815189531904,1.6862268986914881,1.011736139214893,0.6744907594765952,2.023472278429786,2.697963037906381,1.3489815189531904,-0.6744907594765952,-2.023472278429786,-0.6744907594765952,0.6169330746055764,2.023472278429786,2.697963037906381,0.6744907594765952,-0.6661485508120517,1
0.0,0.3372453797382976,0.3372453797382976,0.0,0.6744907594765952,0.6744907594765952,-0.6744907594765952,-0.3372453797382976,-0.6744907594765952,1.3489815189531904,-0.6744907594765952,0.0,1.6862268986914881,-1.3489815189531904,0.0,0.0,1.011736139214893,0.44966050631773014,1.3489815189531904,0.6744907594765952,1.3489815189531904,-0.6744907594765952,-0.6744907594765952,0.0,0.0,2.023472278429786,1.3489815189531904,0.6169330746055764,2.697963037906381,-0.6744907594765952,0.6744907594765952,0.0,1
0.0,-0.3372453797382976,0.0,0.6744907594765952,0.3372453797382976,0.6744907594765952,0.0,3.0352084176446783,-2.023472278429786,-0.6744907594765952,1.3489815189531904,0.0,2.023472278429786,-1.3489815189531904,-1.3489815189531904,0.0,0.0,-1.3489815189531904,0.0,-1.011736139214893,0.0,0.0,-0.6744907594765952,1.3489815189531904,-0.6744907594765952,0.0,0.0,1.233866149211153,1.6862268986914881,-1.3489815189531904,0.0,0.0,1
-0.6744907594765952,-2.023472278429786,-1.011736139214893,-1.3489815189531904,-0.6744907594765952,0.0,-0.6744907594765952,2.3607176581680833,-3.3724537973829762,0.0,0.6744907594765952,0.0,1.3489815189531904,-1.3489815189531904,-1.3489815189531904,0.0,0.6744907594765952,0.6744907594765952,0.6744907594765952,1.011736139214893,0.3372453797382976,0.6744907594765952,0.0,3.3724537973829762,-2.023472278429786,-0.6744907594765952,1.3489815189531904,0.0,2.3607176581680833,-1.3489815189531904,-1.3489815189531904,0.0,1
0.0,0.3372453797382976,0.3372453797382976,0.0,0.6744907594765952,2.023472278429786,-0.6744907594765952,1.011736139214893,-0.6744907594765952,-0.6744907594765952,0.0,-1.900465563667907,1.6862268986914881,-2.023472278429786,0.0,-2.0026163169455127,-0.3372453797382976,-0.8993210126354603,0.0,-1.011736139214893,0.0,0.0,-0.6744907594765952,0.0,-0.6744907594765952,1.3489815189531904,0.0,0.0,1.6862268986914881,-2.023472278429786,-0.6744907594765952,0.0,1
-0.3372453797382976,-1.3489815189531904,0.0,-1.3489815189531904,0.0,-1.3489815189531904,0.0,0.0,-0.6744907594765952,2.023472278429786,1.3489815189531904,1.2669770424452713,1.3489815189531904,-2.023472278429786,0.0,-0.6675387723151709,-0.3372453797382976,-0.8993210126354603,0.0,-1.3489815189531904,-0.3372453797382976,1.3489815189531904,-0.6744907594765952,0.0,-0.6744907594765952,1.3489815189531904,-1.3489815189531904,0.0,1.6862268986914881,-2.023472278429786,-0.6744907594765952,0.0,1
0.6744907594765952,0.0,1.011736139214893,0.0,1.6862268986914881,0.6744907594765952,0.6744907594765952,0.3372453797382976,-0.6744907594765952,0.0,-0.6744907594765952,-0.6334885212226357,2.697963037906381,0.0,2.023472278429786,-2.0026163169455127,0.3372453797382976,0.6744907594765952,0.6744907594765952,0.3372453797382976,0.3372453797382976,4.046944556859572,-3.3724537973829762,0.6744907594765952,-2.023472278429786,3.3724537973829762,-4.046944556859572,0.6169330746055764,1.3489815189531904,-3.3724537973829762,-0.6744907594765952,0.0,1
0.0,-1.011736139214893,0.3372453797382976,-1.011736139214893,0.3372453797382976,-1.3489815189531904,-0.6744907594765952,0.3372453797382976,-0.6744907594765952,2.023472278429786,2.023472278429786,1.2669770424452713,1.3489815189531904,-2.023472278429786,0.0,-0.6675387723151709,0.3372453797382976,-0.44966050631773014,0.3372453797382976,-0.3372453797382976,0.3372453797382976,0.6744907594765952,-0.6744907594765952,1.011736139214893,0.0,-0.6744907594765952,0.0,0.0,2.697963037906381,-1.3489815189531904,1.3489815189531904,-1.3322971016241034,1
1.011736139214893,0.6744907594765952,1.6862268986914881,0.0,1.011736139214893,2.023472278429786,-1.3489815189531904,-0.3372453797382976,0.6744907594765952,1.3489815189531904,-2.023472278429786,-0.6334885212226357,2.023472278429786,-1.3489815189531904,0.0,0.0,-0.6744907594765952,-0.8993210126354603,-0.6744907594765952,-1.3489815189531904,-0.3372453797382976,-0.6744907594765952,-0.6744907594765952,1.011736139214893,-0.6744907594765952,0.0,0.0,1.233866149211153,1.3489815189531904,-2.023472278429786,-0.6744907594765952,0.6661485508120517,1
1.011736139214893,0.6744907594765952,1.6862268986914881,0.0,1.6862268986914881,-1.3489815189531904,0.0,0.0,0.0,1.3489815189531904,1.3489815189531904,0.6334885212226357,2.697963037906381,-1.3489815189531904,0.6744907594765952,0.0,-0.3372453797382976,-0.8993210126354603,-0.3372453797382976,-1.011736139214893,-0.3372453797382976,0.0,-0.6744907594765952,1.011736139214893,-0.6744907594765952,-0.6744907594765952,0.0,0.0,1.3489815189531904,-2.023472278429786,0.0,0.0,1
-0.6744907594765952,-1.3489815189531904,-0.3372453797382976,-1.3489815189531904,-0.3372453797382976,0.6744907594765952,-0.6744907594765952,0.0,-0.6744907594765952,1.3489815189531904,-0.6744907594765952,0.0,1.3489815189531904,-2.023472278429786,-0.6744907594765952,-0.6675387723151709,0.3372453797382976,-0.44966050631773014,0.3372453797382976,1.011736139214893,0.3372453797382976,0.0,0.0,3.0352084176446783,-2.023472278429786,0.0,1.3489815189531904,0.0,2.023472278429786,-1.3489815189531904,-1.3489815189531904,0.0,1
0.6744907594765952,0.6744907594765952,1.3489815189531904,0.0,1.3489815189531904,1.3489815189531904,-0.6744907594765952,-0.3372453797382976,0.0,1.3489815189531904,-1.3489815189531904,-0.6334885212226357,2.023472278429786,-1.3489815189531904,0.0,0.0,0.3372453797382976,0.44966050631773014,1.011736139214893,0.6744907594765952,1.6862268986914881,-1.3489815189531904,0.0,0.0,-0.6744907594765952,1.3489815189531904,1.3489815189531904,0.6169330746055764,1.6862268986914881,-2.023472278429786,0.0,-0.6661485508120517,1
0.3372453797382976,1.011736139214893,0.3372453797382976,0.6744907594765952,0.3372453797382976,0.0,0.0,3.0352084176446783,-2.023472278429786,0.0,1.3489815189531904,0.0,2.023472278429786,-1.3489815189531904,-1.3489815189531904,0.0,0.0,0.0,0.0,0.0,0.0,0.6744907594765952,0.0,3.0352084176446783,-2.697963037906381,-0.6744907594765952,1.3489815189531904,0.0,2.023472278429786,-1.3489815189531904,-1.3489815189531904,0.0,1
0.0,-0.6744907594765952,0.3372453797382976,-1.011736139214893,0.3372453797382976,0.6744907594765952,-0.6744907594765952,1.011736139214893,0.0,-0.6744907594765952,0.0,0.0,2.3607176581680833,-1.3489815189531904,0.6744907594765952,-0.6675387723151709,0.3372453797382976,0.6744907594765952,0.0,1.011736139214893,0.3372453797382976,0.0,0.0,3.0352084176446783,-2.023472278429786,0.0,1.3489815189531904,0.0,2.023472278429786,-1.3489815189531904,-1.3489815189531904,0.0,1
0.6744907594765952,0.3372453797382976,1.3489815189531904,0.0,0.6744907594765952,2.023472278429786,-0.6744907594765952,0.0,0.0,1.3489815189531904,-2.023472278429786,-1.2669770424452713,2.023472278429786,-1.3489815189531904,0.0,0.0,-0.6744907594765952,-1.3489815189531904,-1.011736139214893,-1.3489815189531904,-0.6744907594765952,0.0,-0.6744907594765952,2.3607176581680833,-3.3724537973829762,0.0,0.6744907594765952,0.0,1.3489815189531904,-1.3489815189531904,-1.3489815189531904,0.0,1
0.6744907594765952,0.3372453797382976,1.3489815189531904,0.0,2.023472278429786,2.023472278429786,-0.6744907594765952,0.0,-1.3489815189531904,1.3489815189531904,-2.023472278429786,-0.6334885212226357,2.3607176581680833,0.0,0.6744907594765952,-1.3350775446303418,0.6744907594765952,0.0,1.011736139214893,0.0,1.011736139214893,-0.6744907594765952,0.0,0.0,-0.6744907594765952,1.3489815189531904,0.6744907594765952,0.6169330746055764,2.023472278429786,-1.3489815189531904,0.6744907594765952,0.0,1
0.0,0.0,-0.3372453797382976,-0.3372453797382976,0.0,0.0,0.0,3.0352084176446783,-2.697963037906381,0.0,1.3489815189531904,0.0,2.023472278429786,-1.3489815189531904,-1.3489815189531904,0.0,0.3372453797382976,0.44966050631773014,0.3372453797382976,0.6744907594765952,0.3372453797382976,0.6744907594765952,0.0,3.3724537973829762,-2.023472278429786,-0.6744907594765952,1.3489815189531904,0.0,2.023472278429786,-1.3489815189531904,-1.3489815189531904,0.0,1
1.011736139214893,0.6744907594765952,2.023472278429786,0.0,1.6862268986914881,-2.023472278429786,0.0,0.0,0.0,2.697963037906381,2.023472278429786,1.900465563667907,2.697963037906381,0.6744907594765952,2.023472278429786,-0.6675387723151709,0.0,-1.1241512657943253,0.3372453797382976,-0.6744907594765952,0.3372453797382976,0.6744907594765952,-0.6744907594765952,1.011736139214893,0.0,-0.6744907594765952,0.0,0.0,2.023472278429786,-0.6744907594765952,0.6744907594765952,-1.3322971016241034,1
-0.3372453797382976,-1.6862268986914881,-0.3372453797382976,-1.011736139214893,0.0,0.6744907594765952,-0.6744907594765952,0.6744907594765952,-1.3489815189531904,0.0,0.0,0.6334885212226357,2.3607176581680833,-2.023472278429786,-0.6744907594765952,0.0,3.7096991771212737,1.7986420252709205,3.3724537973829762,1.011736139214893,1.3489815189531904,1.3489815189531904,2.697963037906381,1.011736139214893,-0.6744907594765952,-2.023472278429786,-0.6744907594765952,1.233866149211153,3.0352084176446783,3.3724537973829762,0.0,-1.3322971016241034,1
0.0,0.3372453797382976,0.3372453797382976,0.0,1.011736139214893,0.6744907594765952,-0.6744907594765952,0.6744907594765952,0.0,-0.6744907594765952,0.0,0.0,2.023472278429786,-2.023472278429786,0.0,-0.6675387723151709,0.3372453797382976,0.8993210126354603,0.3372453797382976,1.011736139214893,0.3372453797382976,0.6744907594765952,0.0,3.0352084176446783,-2.023472278429786,-0.6744907594765952,1.3489815189531904,0.0,2.3607176581680833,-1.3489815189531904,-1.3489815189531904,0.0,1
-0.6744907594765952,-2.3607176581680833,-0.6744907594765952,-1.6862268986914881,-0.6744907594765952,0.6744907594765952,-0.6744907594765952,2.3607176581680833,-3.3724537973829762,0.0,1.3489815189531904,0.0,1.6862268986914881,-1.3489815189531904,-1.3489815189531904,0.0,0.6744907594765952,0.6744907594765952,1.3489815189531904,1.011736139214893,1.6862268986914881,0.0,0.0,-0.3372453797382976,-0.6744907594765952,1.3489815189531904,0.0,0.0,2.023472278429786,-1.3489815189531904,0.0,0.0,1
0.3372453797382976,1.011736139214893,0.0,0.6744907594765952,0.3372453797382976,0.0,0.0,3.0352084176446783,-2.023472278429786,0.0,1.3489815189531904,0.0,2.023472278429786,-1.3489815189531904,-1.3489815189531904,0.0,-1.011736139214893,-1.5738117721120555,-1.011736139214893,-1.6862268986914881,-0.6744907594765952,0.0,-0.6744907594765952,2.023472278429786,-3.3724537973829762,0.0,0.6744907594765952,0.0,1.011736139214893,-1.3489815189531904,-1.3489815189531904,0.0,1
0.3372453797382976,-1.6862268986914881,0.6744907594765952,-0.6744907594765952,0.6744907594765952,0.6744907594765952,-0.6744907594765952,1.011736139214893,0.0,-0.6744907594765952,0.0,-0.6334885212226357,2.697963037906381,-1.3489815189531904,0.6744907594765952,-1.3350775446303418,0.3372453797382976,0.0,0.6744907594765952,0.3372453797382976,1.6862268986914881,-1.3489815189531904,0.0,0.6744907594765952,-0.6744907594765952,-0.6744907594765952,-1.3489815189531904,0.0,3.0352084176446783,-0.6744907594765952,2.023472278429786,0.6661485508120517,1
0.3372453797382976,-0.6744907594765952,1.011736139214893,-0.6744907594765952,0.3372453797382976,-0.6744907594765952,-0.6744907594765952,0.0,-0.6744907594765952,2.023472278429786,1.3489815189531904,1.2669770424452713,2.697963037906381,-2.023472278429786,0.6744907594765952,0.6675387723151709,0.0,-0.44966050631773014,0.6744907594765952,-0.3372453797382976,0.3372453797382976,0.6744907594765952,0.0,-0.3372453797382976,-0.6744907594765952,1.3489815189531904,-0.6744907594765952,0.0,1.6862268986914881,-2.023472278429786,0.0,-0.6661485508120517,1
0.0,-1.3489815189531904,-0.3372453797382976,-0.6744907594765952,0.0,0.0,0.0,3.0352084176446783,-2.697963037906381,0.0,1.3489815189531904,0.0,2.023472278429786,-1.3489815189531904,-1.3489815189531904,0.0,0.3372453797382976,-0.44966050631773014,0.3372453797382976,-0.3372453797382976,0.3372453797382976,0.6744907594765952,-0.6744907594765952,1.011736139214893,0.0,-0.6744907594765952,0.0,-0.6169330746055764,2.697963037906381,-1.3489815189531904,1.3489815189531904,-1.3322971016241034,1
1.011736139214893,2.023472278429786,1.011736139214893,0.3372453797382976,0.6744907594765952,1.3489815189531904,-2.697963037906381,-0.3372453797382976,-2.023472278429786,1.3489815189531904,-2.023472278429786,0.6334885212226357,1.3489815189531904,-4.046944556859572,-0.6744907594765952,0.6675387723151709,1.6862268986914881,1.3489815189531904,2.023472278429786,0.6744907594765952,1.011736139214893,4.046944556859572,-3.3724537973829762,1.011736139214893,-2.023472278429786,3.3724537973829762,-4.046944556859572,0.6169330746055764,1.6862268986914881,-4.046944556859572,-0.6744907594765952,0.0,1
1.011736139214893,0.6744907594765952,2.023472278429786,0.0,1.6862268986914881,-2.023472278429786,0.0,0.0,0.0,2.697963037906381,2.023472278429786,1.900465563667907,2.697963037906381,0.6744907594765952,2.023472278429786,-0.6675387723151709,1.011736139214893,0.8993210126354603,1.3489815189531904,1.011736139214893,2.3607176581680833,0.0,2.023472278429786,1.3489815189531904,0.0,0.0,0.0,0.6169330746055764,2.023472278429786,1.3489815189531904,3.3724537973829762,2.664594203248207,1
0.0,-1.6862268986914881,0.0,-1.011736139214893,0.0,0.6744907594765952,-0.6744907594765952,1.011736139214893,-0.6744907594765952,-0.6744907594765952,0.0,0.0,1.6862268986914881,-1.3489815189531904,0.0,-1.3350775446303418,0.0,-0.44966050631773014,1.011736139214893,-0.3372453797382976,0.3372453797382976,1.3489815189531904,-0.6744907594765952,0.0,0.0,1.3489815189531904,-1.3489815189531904,-0.6169330746055764,2.023472278429786,-0.6744907594765952,0.0,0.0,1
-0.3372453797382976,-1.011736139214893,0.0,-1.011736139214893,0.0,0.6744907594765952,-0.6744907594765952,0.0,-0.6744907594765952,1.3489815189531904,-0.6744907594765952,0.0,1.3489815189531904,-2.023472278429786,0.0,0.0,3.7096991771212737,1.7986420252709205,3.3724537973829762,1.011736139214893,1.3489815189531904,1.3489815189531904,2.697963037906381,1.011736139214893,-0.6744907594765952,-2.023472278429786,-0.6744907594765952,1.233866149211153,3.0352084176446783,3.3724537973829762,0.0,-1.3322971016241034,1
0.0,-1.011736139214893,0.3372453797382976,-1.011736139214893,0.0,0.0,-0.6744907594765952,0.0,-0.6744907594765952,1.3489815189531904,0.0,0.0,1.6862268986914881,-2.023472278429786,0.0,0.0,0.0,-0.6744907594765952,0.0,-1.011736139214893,0.0,0.6744907594765952,-0.6744907594765952,1.011736139214893,-0.6744907594765952,-0.6744907594765952,0.0,0.0,2.023472278429786,-1.3489815189531904,0.0,-0.6661485508120517,1
0.6744907594765952,-0.6744907594765952,0.3372453797382976,0.6744907594765952,0.3372453797382976,0.0,0.0,3.3724537973829762,-2.023472278429786,0.0,1.3489815189531904,0.0,2.3607176581680833,-1.3489815189531904,-1.3489815189531904,0.0,0.3372453797382976,0.6744907594765952,0.0,1.011736139214893,0.3372453797382976,0.6744907594765952,0.0,3.0352084176446783,-2.023472278429786,-0.6744907594765952,1.3489815189531904,0.0,2.023472278429786,-1.3489815189531904,-1.3489815189531904,0.0,1
0.0,0.0,0.0,-0.3372453797382976,0.0,0.0,0.0,3.0352084176446783,-2.697963037906381,0.0,1.3489815189531904,0.0,2.023472278429786,-1.3489815189531904,-1.3489815189531904,0.0,0.0,-0.44966050631773014,0.6744907594765952,-0.6744907594765952,0.3372453797382976,1.3489815189531904,-0.6744907594765952,0.0,0.0,1.3489815189531904,-2.023472278429786,-0.6169330746055764,2.697963037906381,-1.3489815189531904,0.0,0.0,1
1.011736139214893,1.3489815189531904,1.3489815189531904,0.6744907594765952,2.697963037906381,0.0,0.6744907594765952,1.011736139214893,-0.6744907594765952,0.0,-0.6744907594765952,0.0,2.023472278429786,1.3489815189531904,4.721435316336167,2.0026163169455127,-0.6744907594765952,-0.8993210126354603,-0.6744907594765952,-1.011736139214893,-0.3372453797382976,0.0,-0.6744907594765952,1.011736139214893,-1.3489815189531904,0.0,0.0,0.0,1.011736139214893,-2.023472278429786,-0.6744907594765952,0.0,1
-0.6744907594765952,-2.023472278429786,-0.6744907594765952,-1.3489815189531904,-0.6744907594765952,0.6744907594765952,-0.6744907594765952,2.3607176581680833,-2.697963037906381,-0.6744907594765952,1.3489815189531904,0.0,1.6862268986914881,-2.023472278429786,-1.3489815189531904,0.0,0.0,0.22483025315886507,-0.3372453797382976,0.3372453797382976,0.0,0.6744907594765952,0.0,3.0352084176446783,-2.697963037906381,-0.6744907594765952,1.3489815189531904,0.0,2.023472278429786,-1.3489815189531904,-1.3489815189531904,0.0,1
0.6744907594765952,1.3489815189531904,1.011736139214893,0.6744907594765952,2.697963037906381,0.0,0.6744907594765952,1.011736139214893,-0.6744907594765952,0.0,-0.6744907594765952,0.0,1.3489815189531904,0.6744907594765952,4.046944556859572,0.0,0.6744907594765952,0.44966050631773014,1.011736139214893,0.6744907594765952,1.011736139214893,0.6744907594765952,-0.6744907594765952,-0.3372453797382976,0.0,1.3489815189531904,-0.6744907594765952,0.0,2.023472278429786,-1.3489815189531904,0.0,0.0,1
-0.3372453797382976,-1.6862268986914881,0.0,-0.6744907594765952,0.3372453797382976,1.3489815189531904,-0.6744907594765952,1.011736139214893,-0.6744907594765952,-0.6744907594765952,0.0,-1.2669770424452713,1.6862268986914881,-1.3489815189531904,0.0,-2.0026163169455127,0.0,-0.44966050631773014,0.3372453797382976,-0.3372453797382976,1.011736139214893,-0.6744907594765952,0.6744907594765952,0.6744907594765952,-1.3489815189531904,-0.6744907594765952,-1.3489815189531904,0.0,2.3607176581680833,-0.6744907594765952,1.3489815189531904,0.0,1
-0.3372453797382976,-0.6744907594765952,-0.3372453797382976,-0.6744907594765952,0.3372453797382976,0.6744907594765952,-0.6744907594765952,1.011736139214893,-0.6744907594765952,0.0,0.0,0.0,1.6862268986914881,-2.023472278429786,0.0,-0.6675387723151709,0.6744907594765952,0.22483025315886507,1.3489815189531904,0.3372453797382976,2.023472278429786,2.023472278429786,-0.6744907594765952,0.0,-1.3489815189531904,1.3489815189531904,-2.023472278429786,-0.6169330746055764,2.3607176581680833,0.0,0.6744907594765952,-1.3322971016241034,1
0.3372453797382976,0.0,0.6744907594765952,-0.3372453797382976,0.6744907594765952,0.6744907594765952,0.0,-0.3372453797382976,-0.6744907594765952,1.3489815189531904,0.0,0.0,1.6862268986914881,-1.3489815189531904,0.0,0.0,0.0,-0.6744907594765952,0.6744907594765952,-0.6744907594765952,0.0,0.0,0.0,0.0,0.0,1.3489815189531904,0.0,0.0,2.3607176581680833,-0.6744907594765952,0.0,-0.6661485508120517,1
0.6744907594765952,0.0,1.3489815189531904,-0.3372453797382976,1.011736139214893,-1.3489815189531904,0.0,0.0,-0.6744907594765952,2.023472278429786,2.023472278429786,1.2669770424452713,2.697963037906381,-1.3489815189531904,1.3489815189531904,0.0,0.3372453797382976,0.6744907594765952,0.3372453797382976,1.011736139214893,0.3372453797382976,0.6744907594765952,0.0,3.3724537973829762,-2.023472278429786,-0.6744907594765952,1.3489815189531904,0.0,2.023472278429786,-1.3489815189531904,-1.3489815189531904,0.0,1
0.3372453797382976,0.3372453797382976,0.6744907594765952,0.0,1.011736139214893,1.3489815189531904,0.0,1.011736139214893,0.0,-0.6744907594765952,0.0,-2.5339540848905426,2.697963037906381,-0.6744907594765952,1.3489815189531904,-2.0026163169455127,0.3372453797382976,0.44966050631773014,0.3372453797382976,0.6744907594765952,1.011736139214893,0.6744907594765952,-0.6744907594765952,1.011736139214893,0.0,-0.6744907594765952,0.0,0.0,2.023472278429786,-1.3489815189531904,0.0,-0.6661485508120517,1
0.3372453797382976,0.6744907594765952,0.3372453797382976,0.0,1.011736139214893,0.6744907594765952,-1.3489815189531904,2.697963037906381,-3.3724537973829762,-0.6744907594765952,1.3489815189531904,0.0,1.6862268986914881,-2.023472278429786,-1.3489815189531904,-0.6675387723151709,-0.3372453797382976,-0.44966050631773014,0.3372453797382976,-0.3372453797382976,0.3372453797382976,-1.3489815189531904,-0.6744907594765952,0.0,-0.6744907594765952,2.023472278429786,2.023472278429786,1.233866149211153,1.3489815189531904,-2.023472278429786,0.0,-0.6661485508120517,1
0.3372453797382976,0.6744907594765952,1.011736139214893,0.3372453797382976,1.011736139214893,-2.023472278429786,0.0,0.0,-0.6744907594765952,2.023472278429786,2.023472278429786,1.2669770424452713,2.023472278429786,-1.3489815189531904,0.6744907594765952,-0.6675387723151709,-0.3372453797382976,-1.1241512657943253,0.0,-0.6744907594765952,0.0,0.0,-0.6744907594765952,1.011736139214893,0.0,-0.6744907594765952,0.0,-0.6169330746055764,2.023472278429786,-1.3489815189531904,0.0,-0.6661485508120517,1
0.3372453797382976,-1.6862268986914881,0.6744907594765952,-0.6744907594765952,0.6744907594765952,0.6744907594765952,-0.6744907594765952,1.011736139214893,0.0,-0.6744907594765952,0.0,-0.6334885212226357,2.697963037906381,-1.3489815189531904,0.6744907594765952,-1.3350775446303418,-0.6744907594765952,-1.5738117721120555,-1.011736139214893,-1.3489815189531904,-0.6744907594765952,0.0,-0.6744907594765952,2.3607176581680833,-3.3724537973829762,0.0,0.6744907594765952,0.0,1.3489815189531904,-1.3489815189531904,-1.3489815189531904,0.0,1
0.6744907594765952,-0.6744907594765952,1.3489815189531904,-0.6744907594765952,1.6862268986914881,1.3489815189531904,0.0,0.6744907594765952,0.0,0.0,-0.6744907594765952,0.0,3.3724537973829762,0.6744907594765952,2.697963037906381,-2.6701550892606836,1.011736139214893,0.6744907594765952,1.3489815189531904,1.011736139214893,2.697963037906381,0.6744907594765952,-0.6744907594765952,1.011736139214893,0.0,0.0,-1.3489815189531904,0.0,1.3489815189531904,0.6744907594765952,4.046944556859572,0.0,1
0.6744907594765952,1.3489815189531904,1.6862268986914881,0.6744907594765952,3.7096991771212737,0.6744907594765952,0.0,0.0,-1.3489815189531904,0.6744907594765952,-2.023472278429786,-0.6334885212226357,3.3724537973829762,-2.697963037906381,1.3489815189531904,-1.3350775446303418,-0.6744907594765952,-1.3489815189531904,-0.6744907594765952,-1.011736139214893,-0.6744907594765952,0.0,-0.6744907594765952,2.3607176581680833,-2.697963037906381,0.0,1.3489815189531904,0.0,1.6862268986914881,-1.3489815189531904,-1.3489815189531904,0.0,1
0.6744907594765952,1.011736139214893,1.3489815189531904,0.6744907594765952,1.3489815189531904,0.0,0.0,-0.3372453797382976,0.0,1.3489815189531904,0.6744907594765952,0.0,2.3607176581680833,-0.6744907594765952,0.6744907594765952,0.0,1.3489815189531904,0.6744907594765952,2.023472278429786,1.011736139214893,1.6862268986914881,1.3489815189531904,-0.6744907594765952,-0.3372453797382976,0.0,1.3489815189531904,-0.6744907594765952,-0.6169330746055764,2.023472278429786,-1.3489815189531904,0.0,0.0,1
0.0,0.0,0.3372453797382976,-0.3372453797382976,0.3372453797382976,-2.023472278429786,0.0,0.3372453797382976,0.0,2.023472278429786,2.697963037906381,1.2669770424452713,1.3489815189531904,-2.023472278429786,0.0,-1.3350775446303418,0.0,0.22483025315886507,0.3372453797382976,0.3372453797382976,1.011736139214893,0.0,0.0,-0.3372453797382976,-0.6744907594765952,1.3489815189531904,0.0,0.0,1.6862268986914881,-1.3489815189531904,0.0,0.0,1
0.6744907594765952,0.6744907594765952,1.3489815189531904,0.6744907594765952,2.697963037906381,0.0,0.0,0.3372453797382976,-1.3489815189531904,-0.6744907594765952,-0.6744907594765952,0.0,2.697963037906381,0.6744907594765952,2.023472278429786,-2.0026163169455127,-0.6744907594765952,-1.5738117721120555,-0.6744907594765952,-1.3489815189531904,-0.6744907594765952,0.6744907594765952,-0.6744907594765952,2.3607176581680833,-3.3724537973829762,0.0,1.3489815189531904,0.0,1.6862268986914881,-1.3489815189531904,-1.3489815189531904,0.0,1
-0.6744907594765952,-2.3607176581680833,-1.011736139214893,-1.6862268986914881,-0.6744907594765952,0.0,-0.6744907594765952,2.3607176581680833,-3.3724537973829762,0.0,0.6744907594765952,0.0,1.3489815189531904,-1.3489815189531904,-1.3489815189531904,0.0,0.6744907594765952,0.44966050631773014,1.6862268986914881,0.6744907594765952,3.0352084176446783,0.0,-1.3489815189531904,0.0,-2.023472278429786,0.0,-1.3489815189531904,0.0,4.384189936597869,-0.6744907594765952,1.3489815189531904,-1.3322971016241034,1
0.6744907594765952,0.6744907594765952,1.011736139214893,0.3372453797382976,2.023472278429786,0.0,1.3489815189531904,1.3489815189531904,0.0,0.0,-0.6744907594765952,0.0,2.697963037906381,1.3489815189531904,4.046944556859572,-1.3350775446303418,0.3372453797382976,0.44966050631773014,0.0,0.3372453797382976,0.0,0.0,0.0,3.0352084176446783,-2.023472278429786,0.6744907594765952,1.3489815189531904,0.0,2.023472278429786,-1.3489815189531904,-1.3489815189531904,0.0,1
0.6744907594765952,0.6744907594765952,0.6744907594765952,-0.6744907594765952,0.3372453797382976,0.0,-2.697963037906381,0.0,-2.023472278429786,0.6744907594765952,-2.023472278429786,1.2669770424452713,1.6862268986914881,-3.3724537973829762,-0.6744907594765952,0.6675387723151709,-0.3372453797382976,-1.3489815189531904,-0.6744907594765952,-1.3489815189531904,-0.6744907594765952,0.6744907594765952,-0.6744907594765952,2.697963037906381,-3.3724537973829762,0.0,1.3489815189531904,0.0,1.6862268986914881,-1.3489815189531904,-1.3489815189531904,0.0,1
-0.3372453797382976,-1.3489815189531904,0.0,-1.3489815189531904,0.0,1.3489815189531904,-0.6744907594765952,0.0,-0.6744907594765952,1.3489815189531904,-1.3489815189531904,-0.6334885212226357,1.3489815189531904,-2.023472278429786,-0.6744907594765952,0.0,0.6744907594765952,0.8993210126354603,1.011736139214893,1.011736139214893,2.697963037906381,0.0,0.6744907594765952,1.011736139214893,-0.6744907594765952,0.0,-0.6744907594765952,0.0,1.3489815189531904,0.6744907594765952,4.046944556859572,0.0,1
0.0,0.3372453797382976,0.0,0.0,0.6744907594765952,0.6744907594765952,-1.3489815189531904,2.697963037906381,-2.697963037906381,-0.6744907594765952,1.3489815189531904,0.0,2.023472278429786,-2.023472278429786,-0.6744907594765952,-1.3350775446303418,0.6744907594765952,0.22483025315886507,1.3489815189531904,0.3372453797382976,2.023472278429786,2.023472278429786,-0.6744907594765952,0.0,-1.3489815189531904,1.3489815189531904,-2.023472278429786,-0.6169330746055764,2.3607176581680833,0.0,0.6744907594765952,-1.3322971016241034,1
0.0,-0.6744907594765952,0.3372453797382976,-0.6744907594765952,1.011736139214893,-0.6744907594765952,0.6744907594765952,0.6744907594765952,-1.3489815189531904,-0.6744907594765952,-1.3489815189531904,0.0,2.3607176581680833,-0.6744907594765952,1.3489815189531904,0.0,0.6744907594765952,0.0,1.3489815189531904,0.0,1.011736139214893,1.3489815189531904,-0.6744907594765952,-0.3372453797382976,0.0,1.3489815189531904,-1.3489815189531904,-0.6169330746055764,2.023472278429786,-2.697963037906381,0.0,0.0,1
0.3372453797382976,0.0,0.3372453797382976,-0.3372453797382976,1.3489815189531904,0.0,1.3489815189531904,1.011736139214893,0.0,0.0,-0.6744907594765952,0.0,2.023472278429786,0.0,2.023472278429786,-0.6675387723151709,0.0,0.0,0.3372453797382976,0.0,1.6862268986914881,2.697963037906381,0.0,0.0,-0.6744907594765952,0.6744907594765952,-2.023472278429786,-0.6169330746055764,1.011736139214893,-2.023472278429786,0.0,-1.3322971016241034,1
0.3372453797382976,0.3372453797382976,1.011736139214893,0.0,1.3489815189531904,1.3489815189531904,0.0,-0.3372453797382976,-0.6744907594765952,1.3489815189531904,-1.3489815189531904,-0.6334885212226357,1.6862268986914881,-0.6744907594765952,0.0,0.0,0.6744907594765952,-0.44966050631773014,1.3489815189531904,-0.3372453797382976,1.6862268986914881,1.3489815189531904,0.0,0.6744907594765952,0.0,0.0,-0.6744907594765952,0.0,3.3724537973829762,0.6744907594765952,2.697963037906381,-2.664594203248207,1
0.0,-0.6744907594765952,0.6744907594765952,-1.011736139214893,0.3372453797382976,0.0,-0.6744907594765952,0.0,-0.6744907594765952,1.3489815189531904,0.0,0.0,1.6862268986914881,-2.023472278429786,0.0,0.0,1.3489815189531904,1.1241512657943253,1.6862268986914881,0.6744907594765952,0.6744907594765952,1.3489815189531904,-2.023472278429786,0.0,-2.023472278429786,2.023472278429786,-3.3724537973829762,0.6169330746055764,2.697963037906381,-4.721435316336167,-0.6744907594765952,0.0,1
1.011736139214893,1.011736139214893,1.6862268986914881,0.6744907594765952,1.3489815189531904,-1.3489815189531904,-0.6744907594765952,0.0,0.0,1.3489815189531904,1.3489815189531904,0.6334885212226357,2.023472278429786,-2.023472278429786,0.0,0.0,-0.3372453797382976,-0.22483025315886507,-0.3372453797382976,-0.3372453797382976,0.3372453797382976,0.0,-1.3489815189531904,2.3607176581680833,-3.3724537973829762,-0.6744907594765952,0.6744907594765952,0.0,1.3489815189531904,-2.023472278429786,-1.3489815189531904,-0.6661485508120517,1
2.023472278429786,2.3607176581680833,2.3607176581680833,0.6744907594765952,1.3489815189531904,1.3489815189531904,-2.697963037906381,0.0,-2.023472278429786,1.3489815189531904,-2.697963037906381,1.2669770424452713,3.0352084176446783,-5.395926075812762,0.0,0.0,-0.3372453797382976,-0.8993210126354603,-0.3372453797382976,-1.011736139214893,0.0,0.6744907594765952,-0.6744907594765952,1.3489815189531904,-0.6744907594765952,0.0,0.0,0.0,1.6862268986914881,-2.023472278429786,-0.6744907594765952,0.0,1
-0.3372453797382976,-0.6744907594765952,0.3372453797382976,-0.6744907594765952,0.3372453797382976,1.3489815189531904,-0.6744907594765952,-0.3372453797382976,-0.6744907594765952,1.3489815189531904,-2.023472278429786,-1.2669770424452713,2.023472278429786,-2.023472278429786,0.0,0.0,0.3372453797382976,0.8993210126354603,1.3489815189531904,1.011736139214893,3.0352084176446783,0.0,-1.3489815189531904,0.0,-2.023472278429786,0.0,-1.3489815189531904,0.0,4.046944556859572,-1.3489815189531904,1.3489815189531904,-0.6661485508120517,1
1.011736139214893,0.6744907594765952,1.6862268986914881,0.3372453797382976,1.011736139214893,-2.023472278429786,0.0,0.0,0.0,2.023472278429786,2.023472278429786,1.2669770424452713,2.023472278429786,-2.023472278429786,0.0,-0.6675387723151709,0.0,0.6744907594765952,0.0,1.011736139214893,1.011736139214893,0.6744907594765952,-1.3489815189531904,2.697963037906381,-2.697963037906381,-0.6744907594765952,0.6744907594765952,0.0,2.023472278429786,-2.023472278429786,-0.6744907594765952,-1.998445652436155,1
0.3372453797382976,-0.6744907594765952,0.3372453797382976,-0.6744907594765952,0.3372453797382976,0.0,-0.6744907594765952,1.011736139214893,0.0,-0.6744907594765952,0.0,0.6334885212226357,2.3607176581680833,-1.3489815189531904,0.0,0.0,0.3372453797382976,0.44966050631773014,0.3372453797382976,-0.3372453797382976,0.3372453797382976,-0.6744907594765952,-2.023472278429786,-0.3372453797382976,-2.023472278429786,0.6744907594765952,-2.023472278429786,1.233866149211153,1.6862268986914881,-3.3724537973829762,-0.6744907594765952,0.6661485508120517,1
0.3372453797382976,1.011736139214893,0.3372453797382976,0.6744907594765952,1.011736139214893,0.6744907594765952,-0.6744907594765952,2.697963037906381,-2.697963037906381,-0.6744907594765952,0.6744907594765952,0.0,2.3607176581680833,-2.023472278429786,0.0,-2.0026163169455127,-0.6744907594765952,-1.5738117721120555,-1.011736139214893,-1.6862268986914881,-0.6744907594765952,0.0,-0.6744907594765952,2.3607176581680833,-3.3724537973829762,0.0,1.3489815189531904,0.0,1.3489815189531904,-1.3489815189531904,-1.3489815189531904,0.0,1
0.6744907594765952,0.3372453797382976,1.3489815189531904,0.0,1.3489815189531904,0.6744907594765952,0.0,-0.3372453797382976,0.0,1.3489815189531904,-0.6744907594765952,0.0,2.3607176581680833,-1.3489815189531904,0.0,0.0,0.3372453797382976,0.44966050631773014,0.3372453797382976,0.0,0.0,4.721435316336167,-3.3724537973829762,0.3372453797382976,-1.3489815189531904,3.3724537973829762,-4.046944556859572,0.6169330746055764,1.011736139214893,-2.697963037906381,-1.3489815189531904,0.6661485508120517,1
1.011736139214893,-0.3372453797382976,1.3489815189531904,-0.3372453797382976,2.023472278429786,0.0,0.0,0.6744907594765952,-0.6744907594765952,-0.6744907594765952,-1.3489815189531904,0.0,2.697963037906381,0.0,2.023472278429786,-2.0026163169455127,0.3372453797382976,0.22483025315886507,0.6744907594765952,0.3372453797382976,1.011736139214893,0.6744907594765952,0.0,-0.3372453797382976,-0.6744907594765952,1.3489815189531904,0.0,0.0,1.6862268986914881,-1.3489815189531904,0.0,0.0,1
0.0,0.0,0.0,-0.3372453797382976,0.0,-0.6744907594765952,0.0,3.0352084176446783,-2.697963037906381,0.6744907594765952,1.3489815189531904,0.0,2.023472278429786,-1.3489815189531904,-1.3489815189531904,0.0,1.3489815189531904,0.8993210126354603,1.6862268986914881,1.011736139214893,3.3724537973829762,0.0,0.0,1.3489815189531904,-0.6744907594765952,0.0,-1.3489815189531904,0.0,1.6862268986914881,2.023472278429786,4.721435316336167,0.0,1
0.6744907594765952,1.3489815189531904,1.3489815189531904,1.011736139214893,2.3607176581680833,1.3489815189531904,0.0,0.6744907594765952,0.0,-0.6744907594765952,0.0,-1.2669770424452713,2.697963037906381,0.6744907594765952,0.6744907594765952,-1.3350775446303418,0.3372453797382976,-0.44966050631773014,0.3372453797382976,-0.3372453797382976,0.3372453797382976,0.0,-0.6744907594765952,1.011736139214893,0.0,-0.6744907594765952,0.0,0.6169330746055764,2.3607176581680833,-1.3489815189531904,0.0,0.0,1
0.3372453797382976,0.0,0.0,-0.3372453797382976,0.3372453797382976,0.0,-1.3489815189531904,2.697963037906381,-3.3724537973829762,0.6744907594765952,0.6744907594765952,0.0,2.023472278429786,-2.023472278429786,-0.6744907594765952,1.3350775446303418,0.0,0.44966050631773014,0.0,0.3372453797382976,0.0,0.0,0.0,3.0352084176446783,-2.697963037906381,0.0,1.3489815189531904,0.0,2.023472278429786,-1.3489815189531904,-1.3489815189531904,0.0,1
-1.011736139214893,-2.3607176581680833,-1.011736139214893,-2.023472278429786,-1.011736139214893,0.0,-0.6744907594765952,2.023472278429786,-3.3724537973829762,0.0,0.6744907594765952,0.0,1.011736139214893,-1.3489815189531904,-1.3489815189531904,0.0,0.3372453797382976,-0.44966050631773014,0.3372453797382976,-0.3372453797382976,0.3372453797382976,0.6744907594765952,-0.6744907594765952,1.011736139214893,0.0,-0.6744907594765952,0.0,0.0,2.697963037906381,-1.3489815189531904,1.3489815189531904,-1.3322971016241034,1
0.6744907594765952,0.6744907594765952,1.011736139214893,0.3372453797382976,1.6862268986914881,0.0,0.0,0.6744907594765952,0.0,-0.6744907594765952,0.0,0.0,2.3607176581680833,-0.6744907594765952,0.6744907594765952,-0.6675387723151709,0.0,-1.1241512657943253,0.0,-0.6744907594765952,0.3372453797382976,0.6744907594765952,-0.6744907594765952,1.011736139214893,-0.6744907594765952,0.0,0.0,0.6169330746055764,2.3607176581680833,-2.023472278429786,0.0,0.0,1
0.0,0.0,1.011736139214893,-0.3372453797382976,1.6862268986914881,2.023472278429786,-2.023472278429786,-0.3372453797382976,-2.697963037906381,1.3489815189531904,-2.023472278429786,0.6334885212226357,2.023472278429786,-1.3489815189531904,0.0,-1.3350775446303418,0.6744907594765952,0.22483025315886507,1.3489815189531904,0.6744907594765952,2.3607176581680833,-0.6744907594765952,0.6744907594765952,0.6744907594765952,-1.3489815189531904,-0.6744907594765952,-1.3489815189531904,0.0,3.7096991771212737,0.6744907594765952,2.023472278429786,0.0,1
0.0,-0.3372453797382976,0.0,-0.6744907594765952,0.0,0.6744907594765952,0.0,3.0352084176446783,-2.697963037906381,-0.6744907594765952,1.3489815189531904,0.0,2.023472278429786,-1.3489815189531904,-1.3489815189531904,0.0,0.6744907594765952,0.22483025315886507,1.3489815189531904,0.3372453797382976,0.6744907594765952,2.023472278429786,-0.6744907594765952,0.0,0.0,1.3489815189531904,-2.023472278429786,-1.233866149211153,2.023472278429786,-1.3489815189531904,0.0,0.0,1
0.0,1.3489815189531904,0.0,0.6744907594765952,1.3489815189531904,0.0,-0.6744907594765952,2.3607176581680833,-2.697963037906381,0.0,0.6744907594765952,0.0,2.023472278429786,-2.697963037906381,-1.3489815189531904,0.0,0.3372453797382976,0.44966050631773014,0.0,0.3372453797382976,1.011736139214893,0.6744907594765952,-1.3489815189531904,2.697963037906381,-3.3724537973829762,-0.6744907594765952,0.6744907594765952,0.0,2.023472278429786,-1.3489815189531904,-0.6744907594765952,-1.3322971016241034,1
0.6744907594765952,1.011736139214893,1.011736139214893,0.3372453797382976,1.011736139214893,2.697963037906381,-1.3489815189531904,0.0,-0.6744907594765952,1.3489815189531904,-2.697963037906381,-1.2669770424452713,2.023472278429786,-1.3489815189531904,0.0,0.6675387723151709,-0.6744907594765952,-0.8993210126354603,-0.3372453797382976,-1.3489815189531904,-0.3372453797382976,-1.3489815189531904,-0.6744907594765952,0.0,-0.6744907594765952,2.023472278429786,2.023472278429786,1.233866149211153,0.6744907594765952,-0.6744907594765952,-0.6744907594765952,-0.6661485508120517,1
0.3372453797382976,1.3489815189531904,0.6744907594765952,0.6744907594765952,2.023472278429786,0.6744907594765952,0.0,1.011736139214893,0.0,-0.6744907594765952,0.0,0.0,2.023472278429786,-1.3489815189531904,0.0,0.0,0.3372453797382976,0.44966050631773014,1.011736139214893,0.3372453797382976,2.3607176581680833,0.0,0.0,0.0,-2.023472278429786,0.0,-2.023472278429786,0.0,4.384189936597869,-1.3489815189531904,0.6744907594765952,-0.6661485508120517,1
1.3489815189531904,1.011736139214893,2.3607176581680833,0.6744907594765952,2.023472278429786,-2.023472278429786,0.6744907594765952,0.0,0.0,2.023472278429786,2.023472278429786,1.2669770424452713,3.7096991771212737,0.0,2.023472278429786,0.0,0.3372453797382976,0.0,0.6744907594765952,0.0,0.3372453797382976,-0.6744907594765952,-0.6744907594765952,0.0,0.0,2.023472278429786,1.3489815189531904,0.6169330746055764,1.6862268986914881,-2.023472278429786,0.0,0.0,1
0.0,0.6744907594765952,0.0,0.0,0.0,0.0,0.0,3.0352084176446783,-2.697963037906381,0.0,1.3489815189531904,0.0,2.023472278429786,-1.3489815189531904,-1.3489815189531904,0.0,0.3372453797382976,0.44966050631773014,0.6744907594765952,0.3372453797382976,1.3489815189531904,1.3489815189531904,0.0,0.6744907594765952,0.0,-0.6744907594765952,0.0,-1.8507992238167295,2.023472278429786,-0.6744907594765952,0.6744907594765952,-1.998445652436155,1
0.0,-1.6862268986914881,0.0,-1.011736139214893,0.3372453797382976,1.3489815189531904,-0.6744907594765952,1.011736139214893,-0.6744907594765952,-0.6744907594765952,0.0,-1.2669770424452713,2.3607176581680833,-1.3489815189531904,0.6744907594765952,-1.3350775446303418,-0.3372453797382976,-1.3489815189531904,-0.3372453797382976,-1.011736139214893,-0.6744907594765952,0.6744907594765952,0.0,2.697963037906381,-2.697963037906381,0.0,1.3489815189531904,0.0,1.6862268986914881,-1.3489815189531904,-1.3489815189531904,0.0,1
1.011736139214893,0.6744907594765952,1.6862268986914881,0.0,1.011736139214893,2.023472278429786,-1.3489815189531904,-0.3372453797382976,0.6744907594765952,1.3489815189531904,-2.023472278429786,-0.6334885212226357,2.023472278429786,-1.3489815189531904,0.0,0.0,1.011736139214893,0.6744907594765952,1.6862268986914881,1.011736139214893,1.011736139214893,2.023472278429786,-1.3489815189531904,-0.3372453797382976,0.0,1.3489815189531904,-2.023472278429786,-0.6169330746055764,2.023472278429786,-1.3489815189531904,0.0,0.6661485508120517,1
-1.011736139214893,-2.3607176581680833,-1.011736139214893,-2.023472278429786,-1.011736139214893,0.0,-0.6744907594765952,2.023472278429786,-3.3724537973829762,0.0,0.6744907594765952,0.0,1.011736139214893,-1.3489815189531904,-1.3489815189531904,0.0,0.6744907594765952,0.44966050631773014,1.3489815189531904,0.3372453797382976,1.3489815189531904,1.3489815189531904,-0.6744907594765952,-0.3372453797382976,0.0,1.3489815189531904,-1.3489815189531904,-0.6169330746055764,2.023472278429786,-1.3489815189531904,0.0,0.0,1
-0.6744907594765952,-1.3489815189531904,-0.3372453797382976,-1.3489815189531904,-0.3372453797382976,-0.6744907594765952,-0.6744907594765952,0.0,-1.3489815189531904,1.3489815189531904,0.6744907594765952,0.6334885212226357,1.011736139214893,-2.023472278429786,-0.6744907594765952,0.0,0.6744907594765952,0.22483025315886507,1.3489815189531904,0.6744907594765952,2.3607176581680833,0.6744907594765952,0.0,0.3372453797382976,0.0,0.0,-0.6744907594765952,-0.6169330746055764,3.3724537973829762,0.0,2.697963037906381,-2.664594203248207,1
-0.3372453797382976,-2.023472278429786,-0.3372453797382976,-1.3489815189531904,-0.6744907594765952,0.0,0.0,2.697963037906381,-2.697963037906381,0.0,1.3489815189531904,0.0,1.6862268986914881,-1.3489815189531904,-1.3489815189531904,0.0,-1.011736139214893,-1.5738117721120555,-1.011736139214893,-1.6862268986914881,-0.6744907594765952,0.0,-0.6744907594765952,2.023472278429786,-3.3724537973829762,0.0,0.6744907594765952,0.0,1.011736139214893,-1.3489815189531904,-1.3489815189531904,0.0,1
0.0,0.0,-0.3372453797382976,-0.3372453797382976,0.0,0.6744907594765952,0.0,3.0352084176446783,-2.697963037906381,-0.6744907594765952,1.3489815189531904,0.0,2.023472278429786,-1.3489815189531904,-1.3489815189531904,0.0,0.3372453797382976,0.44966050631773014,0.6744907594765952,0.3372453797382976,1.3489815189531904,1.3489815189531904,0.0,0.6744907594765952,0.0,-0.6744907594765952,0.0,-1.233866149211153,2.697963037906381,-0.6744907594765952,1.3489815189531904,-1.3322971016241034,1
-0.3372453797382976,-1.011736139214893,-0.3372453797382976,-1.3489815189531904,0.0,0.0,-0.6744907594765952,1.011736139214893,-0.6744907594765952,-0.6744907594765952,0.0,0.0,1.3489815189531904,-1.3489815189531904,0.0,0.0,0.0,0.6744907594765952,0.0,1.011736139214893,1.011736139214893,0.0,-1.3489815189531904,2.697963037906381,-2.697963037906381,0.0,1.3489815189531904,0.0,2.3607176581680833,-2.023472278429786,0.0,0.0,1
0.0,-0.6744907594765952,0.6744907594765952,-1.011736139214893,0.3372453797382976,-1.3489815189531904,0.0,0.0,-0.6744907594765952,2.023472278429786,2.023472278429786,1.2669770424452713,2.3607176581680833,-0.6744907594765952,0.6744907594765952,0.0,0.6744907594765952,0.0,1.011736139214893,0.0,1.011736139214893,-0.6744907594765952,0.0,0.0,-0.6744907594765952,1.3489815189531904,0.6744907594765952,0.6169330746055764,2.023472278429786,-1.3489815189531904,0.6744907594765952,0.0,1
1.011736139214893,1.011736139214893,1.3489815189531904,0.6744907594765952,1.6862268986914881,0.6744907594765952,-0.6744907594765952,1.011736139214893,0.0,-0.6744907594765952,0.6744907594765952,0.0,2.3607176581680833,-1.3489815189531904,0.0,-0.6675387723151709,0.3372453797382976,0.44966050631773014,0.0,0.3372453797382976,1.011736139214893,0.0,-1.3489815189531904,2.697963037906381,-3.3724537973829762,0.0,0.6744907594765952,0.0,1.6862268986914881,-2.023472278429786,-0.6744907594765952,0.6661485508120517,1
1.011736139214893,1.011736139214893,1.3489815189531904,0.6744907594765952,2.023472278429786,1.3489815189531904,0.0,1.011736139214893,0.0,-0.6744907594765952,0.0,-1.2669770424452713,3.0352084176446783,0.0,1.3489815189531904,-2.0026163169455127,0.0,0.22483025315886507,-0.3372453797382976,0.3372453797382976,0.0,0.6744907594765952,0.0,3.0352084176446783,-2.697963037906381,-0.6744907594765952,1.3489815189531904,0.0,2.023472278429786,-1.3489815189531904,-1.3489815189531904,0.0,1
0.6744907594765952,1.011736139214893,1.011736139214893,0.6744907594765952,1.6862268986914881,-0.6744907594765952,-0.6744907594765952,1.011736139214893,0.0,0.0,0.6744907594765952,1.900465563667907,2.023472278429786,-1.3489815189531904,0.0,0.6675387723151709,1.011736139214893,0.6744907594765952,1.6862268986914881,1.011736139214893,1.011736139214893,2.023472278429786,-1.3489815189531904,-0.3372453797382976,0.0,1.3489815189531904,-2.023472278429786,-0.6169330746055764,2.023472278429786,-1.3489815189531904,0.0,0.6661485508120517,1
-0.3372453797382976,-1.6862268986914881,0.0,-0.6744907594765952,0.3372453797382976,1.3489815189531904,-0.6744907594765952,1.011736139214893,-0.6744907594765952,-0.6744907594765952,0.0,-1.2669770424452713,1.6862268986914881,-1.3489815189531904,0.0,-2.0026163169455127,1.3489815189531904,1.1241512657943253,1.6862268986914881,0.6744907594765952,0.6744907594765952,1.3489815189531904,-2.023472278429786,0.0,-2.023472278429786,2.023472278429786,-3.3724537973829762,0.6169330746055764,2.697963037906381,-4.721435316336167,-0.6744907594765952,0.0,1
0.0,0.6744907594765952,0.3372453797382976,0.3372453797382976,1.011736139214893,0.6744907594765952,-0.6744907594765952,1.011736139214893,-0.6744907594765952,0.0,0.0,0.0,2.023472278429786,-2.023472278429786,0.0,-0.6675387723151709,0.3372453797382976,-0.44966050631773014,0.6744907594765952,-0.3372453797382976,0.6744907594765952,0.6744907594765952,-0.6744907594765952,1.011736139214893,0.0,0.0,0.0,0.0,2.3607176581680833,-1.3489815189531904,0.6744907594765952,-0.6661485508120517,1
0.0,-0.3372453797382976,0.6744907594765952,-0.6744907594765952,0.6744907594765952,-2.023472278429786,0.0,0.0,-0.6744907594765952,2.697963037906381,2.023472278429786,1.2669770424452713,1.011736139214893,-0.6744907594765952,0.0,-1.3350775446303418,0.3372453797382976,0.44966050631773014,0.3372453797382976,0.6744907594765952,1.011736139214893,0.0,-1.3489815189531904,2.697963037906381,-2.697963037906381,0.0,1.3489815189531904,0.0,2.3607176581680833,-2.023472278429786,0.0,0.0,1
0.6744907594765952,1.3489815189531904,1.6862268986914881,0.6744907594765952,3.7096991771212737,0.6744907594765952,0.0,0.0,-1.3489815189531904,0.6744907594765952,-2.023472278429786,-0.6334885212226357,3.3724537973829762,-2.697963037906381,1.3489815189531904,-1.3350775446303418,-0.3372453797382976,-0.8993210126354603,0.0,-1.3489815189531904,-0.3372453797382976,1.3489815189531904,-0.6744907594765952,0.0,-0.6744907594765952,1.3489815189531904,-1.3489815189531904,0.0,1.6862268986914881,-2.023472278429786,-0.6744907594765952,0.0,1
2.023472278429786,2.3607176581680833,1.6862268986914881,0.6744907594765952,0.6744907594765952,1.3489815189531904,2.697963037906381,1.011736139214893,0.0,-2.023472278429786,-0.6744907594765952,0.6334885212226357,2.697963037906381,2.023472278429786,0.0,-0.6675387723151709,0.3372453797382976,0.22483025315886507,1.011736139214893,0.3372453797382976,0.6744907594765952,-2.697963037906381,0.0,0.3372453797382976,0.0,2.697963037906381,3.3724537973829762,1.8507992238167295,1.3489815189531904,0.6744907594765952,0.6744907594765952,-0.6661485508120517,1
0.0,-1.011736139214893,0.3372453797382976,-1.011736139214893,0.3372453797382976,-0.6744907594765952,-0.6744907594765952,0.0,-0.6744907594765952,2.023472278429786,1.3489815189531904,0.6334885212226357,1.6862268986914881,-1.3489815189531904,0.0,0.6675387723151709,0.3372453797382976,0.6744907594765952,1.011736139214893,1.011736139214893,1.011736139214893,-0.6744907594765952,-0.6744907594765952,0.0,-0.6744907594765952,1.3489815189531904,1.3489815189531904,0.6169330746055764,2.023472278429786,-2.023472278429786,0.0,-0.6661485508120517,1
0.0,-0.6744907594765952,0.0,-1.011736139214893,0.3372453797382976,0.6744907594765952,-0.6744907594765952,1.011736139214893,-0.6744907594765952,0.0,0.0,0.0,2.023472278429786,-2.023472278429786,0.0,-0.6675387723151709,-0.3372453797382976,0.0,-0.3372453797382976,0.0,0.3372453797382976,0.0,-0.6744907594765952,0.6744907594765952,-0.6744907594765952,0.0,0.0,1.8507992238167295,1.3489815189531904,-2.023472278429786,-0.6744907594765952,1.3322971016241034,1
1.3489815189531904,1.6862268986914881,1.3489815189531904,0.0,0.6744907594765952,-2.697963037906381,0.6744907594765952,0.6744907594765952,0.6744907594765952,-2.023472278429786,-3.3724537973829762,1.900465563667907,2.023472278429786,0.0,0.0,0.0,-0.3372453797382976,0.0,0.0,0.0,0.6744907594765952,0.6744907594765952,0.0,0.6744907594765952,-0.6744907594765952,-0.6744907594765952,0.0,0.0,1.6862268986914881,-1.3489815189531904,0.0,-0.6661485508120517,1
-0.3372453797382976,0.0,-0.3372453797382976,-0.3372453797382976,0.0,0.0,-0.6744907594765952,2.697963037906381,-2.697963037906381,0.6744907594765952,1.3489815189531904,0.0,1.6862268986914881,-1.3489815189531904,-1.3489815189531904,0.0,1.6862268986914881,0.8993210126354603,2.3607176581680833,1.011736139214893,1.6862268986914881,-2.023472278429786,-0.6744907594765952,0.3372453797382976,0.0,2.023472278429786,2.697963037906381,1.8507992238167295,3.0352084176446783,-1.3489815189531904,1.3489815189531904,0.0,1
0.0,0.0,1.011736139214893,-0.3372453797382976,1.6862268986914881,2.023472278429786,-2.023472278429786,-0.3372453797382976,-2.697963037906381,1.3489815189531904,-2.023472278429786,0.6334885212226357,2.023472278429786,-1.3489815189531904,0.0,-1.3350775446303418,0.3372453797382976,0.6744907594765952,0.3372453797382976,1.011736139214893,0.3372453797382976,0.0,0.0,3.0352084176446783,-2.023472278429786,0.0,1.3489815189531904,0.0,2.023472278429786,-1.3489815189531904,-1.3489815189531904,0.0,1
1.011736139214893,1.011736139214893,1.6862268986914881,0.6744907594765952,1.011736139214893,2.023472278429786,-1.3489815189531904,-0.3372453797382976,0.0,1.3489815189531904,-2.023472278429786,-0.6334885212226357,2.023472278429786,-1.3489815189531904,0.0,0.6675387723151709,0.6744907594765952,0.44966050631773014,1.3489815189531904,0.3372453797382976,1.011736139214893,-1.3489815189531904,0.0,0.0,0.0,2.023472278429786,2.023472278429786,0.6169330746055764,2.023472278429786,-1.3489815189531904,0.6744907594765952,0.0,1
0.3372453797382976,0.0,1.011736139214893,-0.3372453797382976,0.6744907594765952,0.6744907594765952,-0.6744907594765952,-0.3372453797382976,0.0,1.3489815189531904,-0.6744907594765952,0.0,2.023472278429786,-1.3489815189531904,0.0,0.0,0.3372453797382976,0.44966050631773014,0.6744907594765952,0.3372453797382976,1.3489815189531904,1.3489815189531904,0.0,0.6744907594765952,0.0,-0.6744907594765952,0.0,-1.8507992238167295,2.023472278429786,-0.6744907594765952,0.6744907594765952,-1.998445652436155,1
-0.3372453797382976,-0.3372453797382976,-0.3372453797382976,-0.6744907594765952,-0.3372453797382976,0.6744907594765952,-0.6744907594765952,2.697963037906381,-2.697963037906381,-0.6744907594765952,1.3489815189531904,0.0,1.6862268986914881,-1.3489815189531904,-1.3489815189531904,0.0,0.6744907594765952,0.44966050631773014,1.011736139214893,0.0,0.3372453797382976,1.3489815189531904,-2.697963037906381,0.0,-2.023472278429786,1.3489815189531904,-2.697963037906381,0.6169330746055764,2.023472278429786,-4.046944556859572,-0.6744907594765952,0.6661485508120517,1
0.3372453797382976,-0.3372453797382976,0.6744907594765952,-0.3372453797382976,1.6862268986914881,0.0,0.0,0.3372453797382976,-0.6744907594765952,0.0,-0.6744907594765952,0.0,2.697963037906381,0.0,2.023472278429786,-1.3350775446303418,-0.3372453797382976,-0.6744907594765952,0.0,-0.6744907594765952,0.0,0.6744907594765952,-0.6744907594765952,-0.3372453797382976,-0.6744907594765952,0.6744907594765952,-1.3489815189531904,-0.6169330746055764,2.023472278429786,-0.6744907594765952,0.0,0.0,1
-0.3372453797382976,-2.023472278429786,-0.3372453797382976,-1.3489815189531904,0.0,0.6744907594765952,-0.6744907594765952,1.011736139214893,-0.6744907594765952,-0.6744907594765952,0.0,0.0,1.6862268986914881,-2.023472278429786,0.0,0.0,-0.3372453797382976,-0.6744907594765952,0.3372453797382976,-0.6744907594765952,0.0,0.0,-0.6744907594765952,0.0,-0.6744907594765952,1.3489815189531904,0.0,0.0,1.6862268986914881,-2.023472278429786,-0.6744907594765952,0.0,1
0.3372453797382976,-0.6744907594765952,1.011736139214893,-1.011736139214893,0.3372453797382976,2.023472278429786,-0.6744907594765952,0.0,0.0,1.3489815189531904,-1.3489815189531904,-0.6334885212226357,2.697963037906381,-1.3489815189531904,0.0,0.0,0.3372453797382976,0.6744907594765952,0.3372453797382976,1.011736139214893,0.3372453797382976,0.0,0.0,3.0352084176446783,-2.023472278429786,0.0,1.3489815189531904,0.0,2.3607176581680833,-1.3489815189531904,-1.3489815189531904,0.0,1
0.0,-0.3372453797382976,-0.3372453797382976,-0.6744907594765952,-0.3372453797382976,0.6744907594765952,0.0,3.0352084176446783,-2.697963037906381,-0.6744907594765952,1.3489815189531904,0.0,2.023472278429786,-1.3489815189531904,-1.3489815189531904,0.0,0.6744907594765952,0.8993210126354603,1.011736139214893,1.011736139214893,2.697963037906381,0.0,0.6744907594765952,1.011736139214893,-0.6744907594765952,0.0,-0.6744907594765952,0.0,1.3489815189531904,0.6744907594765952,4.046944556859572,0.0,1
0.6744907594765952,-0.6744907594765952,0.3372453797382976,0.6744907594765952,0.3372453797382976,0.0,0.0,3.3724537973829762,-2.023472278429786,0.0,1.3489815189531904,0.0,2.3607176581680833,-1.3489815189531904,-1.3489815189531904,0.0,-0.3372453797382976,-1.3489815189531904,-0.3372453797382976,-1.011736139214893,-0.6744907594765952,0.0,0.0,2.697963037906381,-2.697963037906381,0.0,1.3489815189531904,0.0,1.6862268986914881,-1.3489815189531904,-1.3489815189531904,0.0,1
0.3372453797382976,0.6744907594765952,0.3372453797382976,0.3372453797382976,1.011736139214893,0.6744907594765952,-0.6744907594765952,1.011736139214893,0.0,-0.6744907594765952,0.0,0.0,2.023472278429786,-1.3489815189531904,0.0,-0.6675387723151709,0.0,0.0,0.0,0.0,0.6744907594765952,0.6744907594765952,0.0,0.6744907594765952,0.0,-0.6744907594765952,-0.6744907594765952,-1.8507992238167295,2.023472278429786,-0.6744907594765952,0.0,-1.3322971016241034,1
-0.6744907594765952,-1.3489815189531904,-0.3372453797382976,-1.3489815189531904,-0.3372453797382976,0.0,-0.6744907594765952,0.0,-0.6744907594765952,1.3489815189531904,0.0,0.0,1.3489815189531904,-2.023472278429786,-0.6744907594765952,0.0,1.3489815189531904,0.6744907594765952,2.023472278429786,0.6744907594765952,2.023472278429786,-1.3489815189531904,0.0,0.0,0.0,1.3489815189531904,1.3489815189531904,0.6169330746055764,2.3607176581680833,-0.6744907594765952,0.6744907594765952,0.0,1
0.3372453797382976,0.0,0.6744907594765952,0.0,1.6862268986914881,-0.6744907594765952,0.6744907594765952,0.6744907594765952,-1.3489815189531904,-0.6744907594765952,-1.3489815189531904,0.0,2.697963037906381,0.0,2.023472278429786,-0.6675387723151709,-0.3372453797382976,-0.6744907594765952,0.3372453797382976,-0.6744907594765952,0.0,0.0,-0.6744907594765952,0.0,-0.6744907594765952,1.3489815189531904,0.0,0.0,1.6862268986914881,-2.023472278429786,-0.6744907594765952,0.0,1
-0.6744907594765952,-1.3489815189531904,-0.6744907594765952,-1.6862268986914881,-0.3372453797382976,-0.6744907594765952,-0.6744907594765952,1.011736139214893,-0.6744907594765952,0.0,0.0,1.2669770424452713,1.3489815189531904,-2.023472278429786,-0.6744907594765952,0.6675387723151709,0.6744907594765952,0.44966050631773014,1.011736139214893,0.3372453797382976,1.6862268986914881,0.0,0.0,1.011736139214893,0.0,-0.6744907594765952,0.0,0.6169330746055764,2.023472278429786,-1.3489815189531904,0.0,0.0,1
0.0,1.3489815189531904,0.0,0.6744907594765952,1.3489815189531904,0.0,-0.6744907594765952,2.3607176581680833,-2.697963037906381,0.0,0.6744907594765952,0.0,2.023472278429786,-2.697963037906381,-1.3489815189531904,0.0,0.0,0.0,0.3372453797382976,0.0,0.6744907594765952,0.0,-0.6744907594765952,1.011736139214893,0.0,0.0,0.0,0.6169330746055764,2.023472278429786,-2.023472278429786,0.0,0.6661485508120517,1
3.0352084176446783,2.3607176581680833,2.697963037906381,0.6744907594765952,1.011736139214893,-1.3489815189531904,1.3489815189531904,0.6744907594765952,1.3489815189531904,-2.023472278429786,-2.697963037906381,1.900465563667907,2.3607176581680833,0.6744907594765952,0.0,0.0,1.011736139214893,0.44966050631773014,1.6862268986914881,0.6744907594765952,1.6862268986914881,-0.6744907594765952,0.0,0.0,0.0,1.3489815189531904,0.6744907594765952,0.6169330746055764,2.697963037906381,-0.6744907594765952,0.6744907594765952,0.0,1
-0.6744907594765952,-1.3489815189531904,-0.3372453797382976,-1.3489815189531904,0.0,0.0,-0.6744907594765952,0.0,-0.6744907594765952,1.3489815189531904,0.0,0.0,1.3489815189531904,-2.023472278429786,-0.6744907594765952,0.0,0.3372453797382976,-0.22483025315886507,0.6744907594765952,-0.3372453797382976,0.6744907594765952,2.023472278429786,-0.6744907594765952,-0.3372453797382976,-0.6744907594765952,1.3489815189531904,-2.023472278429786,-0.6169330746055764,1.6862268986914881,-1.3489815189531904,0.0,0.0,1
0.6744907594765952,0.0,1.011736139214893,-0.3372453797382976,1.011736139214893,0.6744907594765952,-0.6744907594765952,-0.3372453797382976,0.0,1.3489815189531904,0.6744907594765952,0.0,2.023472278429786,-2.697963037906381,0.0,-0.6675387723151709,-0.3372453797382976,-0.6744907594765952,0.0,-0.6744907594765952,0.0,0.6744907594765952,-0.6744907594765952,1.011736139214893,-0.6744907594765952,0.0,0.0,0.0,1.6862268986914881,-2.023472278429786,0.0,-0.6661485508120517,1
1.011736139214893,0.3372453797382976,1.6862268986914881,0.3372453797382976,2.697963037906381,0.6744907594765952,0.6744907594765952,0.3372453797382976,-1.3489815189531904,-0.6744907594765952,-0.6744907594765952,-0.6334885212226357,3.3724537973829762,-0.6744907594765952,2.697963037906381,-0.6675387723151709,0.3372453797382976,0.44966050631773014,0.3372453797382976,-0.3372453797382976,0.0,0.0,-2.697963037906381,0.0,-2.023472278429786,0.0,-2.023472278429786,1.233866149211153,1.3489815189531904,-3.3724537973829762,0.0,0.0,1
0.6744907594765952,-0.6744907594765952,1.3489815189531904,-0.6744907594765952,1.6862268986914881,1.3489815189531904,0.0,0.6744907594765952,0.0,0.0,-0.6744907594765952,0.0,3.3724537973829762,0.6744907594765952,2.697963037906381,-2.6701550892606836,-0.3372453797382976,-0.8993210126354603,-0.3372453797382976,-1.011736139214893,-0.3372453797382976,0.6744907594765952,-0.6744907594765952,1.011736139214893,-1.3489815189531904,-0.6744907594765952,0.0,0.0,1.3489815189531904,-1.3489815189531904,-0.6744907594765952,-0.6661485508120517,1
0.6744907594765952,0.6744907594765952,1.6862268986914881,0.3372453797382976,2.697963037906381,2.023472278429786,-1.3489815189531904,0.0,-2.023472278429786,1.3489815189531904,-2.023472278429786,0.0,3.0352084176446783,-1.3489815189531904,1.3489815189531904,-0.6675387723151709,-0.6744907594765952,-1.3489815189531904,-0.6744907594765952,-1.011736139214893,-0.6744907594765952,0.0,-0.6744907594765952,2.3607176581680833,-2.697963037906381,0.0,1.3489815189531904,0.0,1.6862268986914881,-1.3489815189531904,-1.3489815189531904,0.0,1
-0.3372453797382976,-1.011736139214893,0.0,-1.011736139214893,0.0,0.6744907594765952,-0.6744907594765952,0.0,-0.6744907594765952,1.3489815189531904,-0.6744907594765952,0.0,1.3489815189531904,-2.023472278429786,0.0,0.0,0.0,0.0,1.011736139214893,0.0,1.6862268986914881,2.023472278429786,-2.023472278429786,-0.3372453797382976,-2.697963037906381,1.3489815189531904,-2.023472278429786,0.6169330746055764,2.023472278429786,-1.3489815189531904,0.0,-1.3322971016241034,1
0.6744907594765952,1.011736139214893,1.3489815189531904,0.6744907594765952,2.023472278429786,0.0,-0.6744907594765952,0.6744907594765952,0.0,0.0,0.0,1.900465563667907,4.046944556859572,-1.3489815189531904,0.0,0.6675387723151709,0.0,0.44966050631773014,0.3372453797382976,0.6744907594765952,1.011736139214893,0.6744907594765952,-0.6744907594765952,1.011736139214893,-0.6744907594765952,0.0,0.0,0.0,2.023472278429786,-2.023472278429786,0.0,-0.6661485508120517,1
0.0,-1.011736139214893,1.011736139214893,-1.011736139214893,0.3372453797382976,0.0,-0.6744907594765952,0.0,-0.6744907594765952,1.3489815189531904,0.6744907594765952,0.6334885212226357,2.023472278429786,-1.3489815189531904,0.0,0.0,0.3372453797382976,0.6744907594765952,0.3372453797382976,1.011736139214893,0.3372453797382976,0.0,0.0,3.0352084176446783,-2.023472278429786,0.0,1.3489815189531904,0.0,2.3607176581680833,-1.3489815189531904,-1.3489815189531904,0.0,1
-0.6744907594765952,-2.3607176581680833,-0.6744907594765952,-1.6862268986914881,-0.6744907594765952,0.6744907594765952,-0.6744907594765952,2.3607176581680833,-3.3724537973829762,0.0,1.3489815189531904,0.0,1.6862268986914881,-1.3489815189531904,-1.3489815189531904,0.0,0.6744907594765952,0.8993210126354603,1.3489815189531904,1.011736139214893,2.697963037906381,0.0,0.6744907594765952,1.011736139214893,-0.6744907594765952,0.0,-0.6744907594765952,0.0,1.3489815189531904,0.6744907594765952,4.721435316336167,0.0,1
-0.3372453797382976,-1.011736139214893,-0.3372453797382976,-1.011736139214893,0.0,0.6744907594765952,-0.6744907594765952,1.011736139214893,-1.3489815189531904,0.0,0.0,0.0,1.6862268986914881,-2.023472278429786,0.0,-0.6675387723151709,-0.3372453797382976,-0.6744907594765952,0.3372453797382976,-0.6744907594765952,0.0,0.0,-0.6744907594765952,0.0,-0.6744907594765952,1.3489815189531904,0.6744907594765952,0.6169330746055764,1.6862268986914881,-2.023472278429786,0.0,0.6661485508120517,1
0.6744907594765952,0.6744907594765952,1.3489815189531904,0.3372453797382976,1.011736139214893,-1.3489815189531904,-0.6744907594765952,0.0,0.0,2.023472278429786,1.3489815189531904,0.6334885212226357,2.023472278429786,-2.023472278429786,0.0,-0.6675387723151709,-0.3372453797382976,-0.6744907594765952,0.0,-0.6744907594765952,0.0,-1.3489815189531904,-0.6744907594765952,0.0,-0.6744907594765952,1.3489815189531904,1.3489815189531904,1.233866149211153,1.6862268986914881,-2.023472278429786,0.0,0.0,1
0.6744907594765952,0.0,1.3489815189531904,-0.3372453797382976,1.011736139214893,0.6744907594765952,-0.6744907594765952,-0.3372453797382976,0.0,1.3489815189531904,-0.6744907594765952,-0.6334885212226357,2.023472278429786,-1.3489815189531904,0.0,-0.6675387723151709,-0.3372453797382976,0.0,-0.3372453797382976,0.0,0.3372453797382976,1.3489815189531904,-0.6744907594765952,0.6744907594765952,-0.6744907594765952,-0.6744907594765952,0.0,-1.233866149211153,1.6862268986914881,-2.023472278429786,0.0,-1.3322971016241034,1
0.6744907594765952,0.3372453797382976,1.3489815189531904,0.0,1.3489815189531904,0.6744907594765952,0.0,-0.3372453797382976,0.0,1.3489815189531904,-0.6744907594765952,0.0,2.3607176581680833,-1.3489815189531904,0.0,0.0,0.3372453797382976,0.22483025315886507,0.6744907594765952,0.3372453797382976,1.011736139214893,0.6744907594765952,0.0,-0.3372453797382976,-0.6744907594765952,1.3489815189531904,0.0,0.0,1.6862268986914881,-1.3489815189531904,0.0,0.0,1
0.6744907594765952,0.6744907594765952,1.6862268986914881,0.3372453797382976,2.697963037906381,2.023472278429786,-1.3489815189531904,0.0,-2.023472278429786,1.3489815189531904,-2.023472278429786,0.0,3.0352084176446783,-1.3489815189531904,1.3489815189531904,-0.6675387723151709,0.3372453797382976,0.6744907594765952,0.6744907594765952,1.011736139214893,1.3489815189531904,0.6744907594765952,-0.6744907594765952,0.6744907594765952,0.0,-0.6744907594765952,0.6744907594765952,-0.6169330746055764,2.023472278429786,-1.3489815189531904,0.0,-0.6661485508120517,1
0.3372453797382976,-0.6744907594765952,0.3372453797382976,-0.6744907594765952,0.6744907594765952,0.6744907594765952,-0.6744907594765952,1.011736139214893,0.0,0.0,0.0,0.0,2.3607176581680833,-1.3489815189531904,0.6744907594765952,-0.6675387723151709,1.011736139214893,-0.22483025315886507,1.3489815189531904,0.0,2.023472278429786,0.0,0.6744907594765952,0.6744907594765952,-0.6744907594765952,-0.6744907594765952,-1.3489815189531904,0.0,3.7096991771212737,-0.6744907594765952,2.023472278429786,0.0,1
0.0,0.0,-0.3372453797382976,-0.3372453797382976,0.0,0.0,0.0,3.0352084176446783,-2.697963037906381,0.0,1.3489815189531904,0.0,2.023472278429786,-1.3489815189531904,-1.3489815189531904,0.0,1.3489815189531904,0.8993210126354603,2.3607176581680833,1.011736139214893,1.6862268986914881,-1.3489815189531904,0.0,0.0,0.0,2.023472278429786,2.023472278429786,1.233866149211153,3.3724537973829762,-1.3489815189531904,1.3489815189531904,0.0,1
-0.3372453797382976,0.0,-0.3372453797382976,-0.3372453797382976,0.0,0.6744907594765952,0.0,2.697963037906381,-2.697963037906381,-0.6744907594765952,1.3489815189531904,0.0,2.023472278429786,-1.3489815189531904,-1.3489815189531904,0.0,0.0,0.44966050631773014,0.0,0.6744907594765952,1.011736139214893,0.0,-0.6744907594765952,2.3607176581680833,-2.697963037906381,0.0,0.6744907594765952,0.0,2.023472278429786,-2.023472278429786,-1.3489815189531904,0.0,1
-1.011736139214893,-2.3607176581680833,-1.011736139214893,-2.023472278429786,-1.011736139214893,0.6744907594765952,-0.6744907594765952,2.023472278429786,-3.3724537973829762,0.0,0.6744907594765952,0.0,1.011736139214893,-1.3489815189531904,-1.3489815189531904,0.0,2.023472278429786,1.7986420252709205,2.3607176581680833,1.3489815189531904,1.011736139214893,2.023472278429786,-3.3724537973829762,0.0,-2.023472278429786,2.023472278429786,-2.697963037906381,0.6169330746055764,2.023472278429786,-4.721435316336167,-0.6744907594765952,0.0,1
1.3489815189531904,1.6862268986914881,1.6862268986914881,0.3372453797382976,0.6744907594765952,1.3489815189531904,-2.023472278429786,0.0,-2.023472278429786,2.023472278429786,-3.3724537973829762,0.6334885212226357,2.697963037906381,-4.721435316336167,-0.6744907594765952,0.0,0.0,-0.44966050631773014,0.3372453797382976,-0.3372453797382976,0.3372453797382976,0.6744907594765952,-0.6744907594765952,-0.3372453797382976,-0.6744907594765952,1.3489815189531904,-0.6744907594765952,0.0,1.6862268986914881,-2.023472278429786,0.0,0.0,1
0.3372453797382976,-0.3372453797382976,1.011736139214893,-0.6744907594765952,0.3372453797382976,0.0,-0.6744907594765952,0.0,0.0,1.3489815189531904,0.0,0.0,1.6862268986914881,-2.023472278429786,0.0,0.0,0.0,0.44966050631773014,0.3372453797382976,0.3372453797382976,1.3489815189531904,0.0,0.6744907594765952,1.011736139214893,-0.6744907594765952,0.0,-0.6744907594765952,0.0,1.3489815189531904,0.6744907594765952,3.3724537973829762,-1.3322971016241034,1
-0.3372453797382976,-1.011736139214893,-0.3372453797382976,-1.3489815189531904,0.0,0.0,-0.6744907594765952,1.011736139214893,-0.6744907594765952,-0.6744907594765952,0.0,0.0,1.3489815189531904,-1.3489815189531904,0.0,0.0,-0.3372453797382976,0.0,-0.3372453797382976,0.0,0.0,0.6744907594765952,-0.6744907594765952,2.697963037906381,-2.697963037906381,-0.6744907594765952,1.3489815189531904,0.0,1.6862268986914881,-1.3489815189531904,-1.3489815189531904,0.0,1
0.3372453797382976,0.3372453797382976,0.0,0.0,0.0,0.0,0.0,3.0352084176446783,-2.023472278429786,0.0,1.3489815189531904,0.0,2.023472278429786,-1.3489815189531904,-1.3489815189531904,0.0,0.6744907594765952,-0.44966050631773014,0.6744907594765952,1.011736139214893,0.3372453797382976,0.6744907594765952,0.0,3.3724537973829762,-2.023472278429786,0.0,1.3489815189531904,0.0,2.3607176581680833,-1.3489815189531904,-1.3489815189531904,0.0,1
0.0,0.0,0.3372453797382976,-0.3372453797382976,1.011736139214893,0.0,1.3489815189531904,1.011736139214893,-1.3489815189531904,0.0,-0.6744907594765952,0.0,1.011736139214893,0.6744907594765952,2.023472278429786,0.0,0.0,0.0,0.3372453797382976,0.0,0.6744907594765952,0.0,0.0,-0.3372453797382976,-0.6744907594765952,1.3489815189531904,0.0,0.6169330746055764,1.6862268986914881,-1.3489815189531904,0.0,0.0,1
-0.3372453797382976,-2.023472278429786,-0.3372453797382976,-1.3489815189531904,-0.6744907594765952,0.6744907594765952,0.0,2.697963037906381,-2.697963037906381,0.0,1.3489815189531904,0.0,1.6862268986914881,-1.3489815189531904,-1.3489815189531904,0.0,-1.011736139214893,-1.5738117721120555,-1.011736139214893,-1.3489815189531904,-0.6744907594765952,0.0,-0.6744907594765952,2.023472278429786,-3.3724537973829762,0.0,0.6744907594765952,0.0,1.3489815189531904,-1.3489815189531904,-1.3489815189531904,0.0,1
0.3372453797382976,-1.011736139214893,0.3372453797382976,0.0,0.0,0.0,0.0,3.0352084176446783,-2.023472278429786,0.0,1.3489815189531904,0.0,2.3607176581680833,-1.3489815189531904,-1.3489815189531904,0.0,-1.011736139214893,-1.5738117721120555,-1.011736139214893,-1.6862268986914881,-1.011736139214893,0.0,-0.6744907594765952,2.023472278429786,-3.3724537973829762,0.0,0.6744907594765952,0.0,1.011736139214893,-1.3489815189531904,-1.3489815189531904,0.0,1
1.011736139214893,-0.3372453797382976,1.6862268986914881,0.0,2.3607176581680833,0.0,0.6744907594765952,0.3372453797382976,-0.6744907594765952,0.0,-1.3489815189531904,-0.6334885212226357,3.0352084176446783,0.0,2.023472278429786,-2.0026163169455127,-0.3372453797382976,-0.6744907594765952,-0.3372453797382976,-0.6744907594765952,0.0,0.6744907594765952,-0.6744907594765952,1.011736139214893,-0.6744907594765952,-0.6744907594765952,0.0,0.0,1.6862268986914881,-1.3489815189531904,0.0,0.0,1
0.0,-1.3489815189531904,-0.3372453797382976,-0.3372453797382976,0.0,0.0,0.0,3.0352084176446783,-2.697963037906381,0.0,1.3489815189531904,0.0,2.023472278429786,-1.3489815189531904,-1.3489815189531904,0.0,0.3372453797382976,-0.22483025315886507,1.011736139214893,-0.3372453797382976,0.3372453797382976,1.3489815189531904,-1.3489815189531904,0.0,0.0,1.3489815189531904,-2.023472278429786,-0.6169330746055764,2.023472278429786,-1.3489815189531904,0.0,0.0,1
-0.6744907594765952,-2.023472278429786,-1.011736139214893,-1.6862268986914881,-0.6744907594765952,0.0,-0.6744907594765952,2.3607176581680833,-3.3724537973829762,0.0,0.6744907594765952,0.0,1.3489815189531904,-1.3489815189531904,-1.3489815189531904,0.0,1.3489815189531904,0.6744907594765952,1.011736139214893,0.0,0.3372453797382976,-1.3489815189531904,1.3489815189531904,0.6744907594765952,0.0,-2.023472278429786,-2.023472278429786,1.8507992238167295,2.3607176581680833,2.023472278429786,0.0,-0.6661485508120517,1
0.3372453797382976,0.3372453797382976,1.011736139214893,0.0,1.011736139214893,0.6744907594765952,-0.6744907594765952,1.011736139214893,0.0,-0.6744907594765952,0.0,0.0,2.023472278429786,-1.3489815189531904,0.0,-0.6675387723151709,0.3372453797382976,0.44966050631773014,0.3372453797382976,0.6744907594765952,0.3372453797382976,0.0,0.0,3.0352084176446783,-2.023472278429786,0.0,1.3489815189531904,0.0,2.3607176581680833,-1.3489815189531904,-1.3489815189531904,0.0,1
-0.3372453797382976,0.3372453797382976,-0.3372453797382976,0.0,0.0,0.6744907594765952,-0.6744907594765952,3.0352084176446783,-2.697963037906381,-1.3489815189531904,1.3489815189531904,0.0,1.6862268986914881,-1.3489815189531904,-1.3489815189531904,0.0,-0.3372453797382976,-0.22483025315886507,-0.3372453797382976,-0.3372453797382976,-0.3372453797382976,0.0,0.0,2.697963037906381,-2.697963037906381,0.0,1.3489815189531904,0.0,2.023472278429786,-1.3489815189531904,-1.3489815189531904,0.0,1
0.0,0.0,0.3372453797382976,-0.3372453797382976,0.3372453797382976,-0.6744907594765952,-0.6744907594765952,1.3489815189531904,0.0,0.0,0.6744907594765952,1.900465563667907,2.023472278429786,-2.023472278429786,0.0,0.6675387723151709,1.3489815189531904,0.22483025315886507,2.023472278429786,0.6744907594765952,3.0352084176446783,0.6744907594765952,0.6744907594765952,0.3372453797382976,-0.6744907594765952,0.0,-0.6744907594765952,-0.6169330746055764,3.3724537973829762,-0.6744907594765952,4.046944556859572,-3.330742754060258,1
-0.3372453797382976,0.0,-0.3372453797382976,-0.3372453797382976,0.3372453797382976,1.3489815189531904,-0.6744907594765952,0.6744907594765952,-0.6744907594765952,-0.6744907594765952,0.0,-1.2669770424452713,1.6862268986914881,-2.023472278429786,0.0,-1.3350775446303418,0.3372453797382976,-1.1241512657943253,0.3372453797382976,-0.3372453797382976,0.3372453797382976,0.6744907594765952,-0.6744907594765952,1.011736139214893,-0.6744907594765952,0.0,0.0,0.0,2.023472278429786,-1.3489815189531904,0.0,-0.6661485508120517,1
0.3372453797382976,0.3372453797382976,0.0,0.0,0.6744907594765952,0.6744907594765952,-1.3489815189531904,2.697963037906381,-3.3724537973829762,0.0,0.6744907594765952,0.0,1.6862268986914881,-2.023472278429786,-1.3489815189531904,0.0,0.3372453797382976,0.44966050631773014,1.011736139214893,0.3372453797382976,2.3607176581680833,0.0,0.0,0.0,-2.023472278429786,0.0,-2.023472278429786,0.0,4.384189936597869,-1.3489815189531904,0.6744907594765952,-0.6661485508120517,1
-0.3372453797382976,-1.011736139214893,0.0,-1.011736139214893,0.0,0.0,-0.6744907594765952,0.0,-0.6744907594765952,1.3489815189531904,0.0,0.0,1.6862268986914881,-2.023472278429786,-0.6744907594765952,0.0,0.0,-0.6744907594765952,0.0,0.3372453797382976,0.0,0.0,0.0,3.0352084176446783,-2.697963037906381,0.0,1.3489815189531904,0.0,2.023472278429786,-1.3489815189531904,-1.3489815189531904,0.0,1
0.3372453797382976,1.3489815189531904,0.3372453797382976,1.011736139214893,0.3372453797382976,0.0,0.0,3.0352084176446783,-2.023472278429786,0.0,1.3489815189531904,0.0,2.3607176581680833,-1.3489815189531904,-1.3489815189531904,0.0,0.6744907594765952,0.44966050631773014,1.3489815189531904,1.011736139214893,2.697963037906381,0.0,0.0,0.3372453797382976,-1.3489815189531904,-0.6744907594765952,-0.6744907594765952,0.0,2.697963037906381,0.6744907594765952,2.023472278429786,-1.998445652436155,1
1.3489815189531904,1.3489815189531904,1.6862268986914881,0.6744907594765952,3.3724537973829762,0.0,0.0,1.3489815189531904,-0.6744907594765952,0.0,-1.3489815189531904,0.0,1.6862268986914881,2.023472278429786,4.721435316336167,0.0,0.0,0.0,0.6744907594765952,0.0,1.3489815189531904,1.3489815189531904,-1.3489815189531904,-0.3372453797382976,-2.697963037906381,0.6744907594765952,-2.023472278429786,0.0,2.697963037906381,-2.023472278429786,0.0,-1.3322971016241034,1
-0.6744907594765952,-1.3489815189531904,-0.6744907594765952,-1.6862268986914881,-0.3372453797382976,-0.6744907594765952,-0.6744907594765952,1.3489815189531904,-0.6744907594765952,0.0,0.0,1.2669770424452713,1.6862268986914881,-2.023472278429786,0.0,0.6675387723151709,-0.3372453797382976,-0.6744907594765952,0.3372453797382976,-0.6744907594765952,0.0,0.0,-0.6744907594765952,0.0,-0.6744907594765952,1.3489815189531904,0.0,0.0,1.6862268986914881,-2.023472278429786,-0.6744907594765952,0.0,1
0.3372453797382976,1.011736139214893,0.3372453797382976,0.6744907594765952,1.011736139214893,0.6744907594765952,-0.6744907594765952,2.697963037906381,-2.697963037906381,-0.6744907594765952,0.6744907594765952,0.0,2.3607176581680833,-2.023472278429786,0.0,-2.0026163169455127,0.3372453797382976,-0.22483025315886507,0.6744907594765952,-0.3372453797382976,0.6744907594765952,2.023472278429786,-0.6744907594765952,-0.3372453797382976,-0.6744907594765952,1.3489815189531904,-2.023472278429786,-0.6169330746055764,1.6862268986914881,-1.3489815189531904,0.0,0.0,1
-0.3372453797382976,-0.3372453797382976,0.3372453797382976,-0.6744907594765952,1.3489815189531904,-0.6744907594765952,-1.3489815189531904,0.0,-2.697963037906381,-0.6744907594765952,-1.3489815189531904,0.0,1.6862268986914881,-0.6744907594765952,0.0,0.0,1.6862268986914881,0.8993210126354603,2.3607176581680833,1.011736139214893,1.6862268986914881,-2.023472278429786,-0.6744907594765952,0.3372453797382976,0.0,2.023472278429786,2.697963037906381,1.8507992238167295,3.0352084176446783,-1.3489815189531904,1.3489815189531904,0.0,1
0.6744907594765952,0.6744907594765952,1.011736139214893,0.6744907594765952,2.697963037906381,0.0,0.0,0.3372453797382976,-0.6744907594765952,-0.6744907594765952,-0.6744907594765952,0.0,3.0352084176446783,0.0,2.023472278429786,-2.0026163169455127,-0.3372453797382976,-0.8993210126354603,-0.3372453797382976,-1.011736139214893,-0.3372453797382976,0.6744907594765952,-0.6744907594765952,1.011736139214893,-1.3489815189531904,-0.6744907594765952,0.0,0.0,1.3489815189531904,-1.3489815189531904,-0.6744907594765952,-0.6661485508120517,1
0.3372453797382976,1.011736139214893,1.011736139214893,0.6744907594765952,1.011736139214893,0.6744907594765952,-0.6744907594765952,-0.3372453797382976,-0.6744907594765952,1.3489815189531904,-0.6744907594765952,0.0,2.023472278429786,-1.3489815189531904,0.0,0.0,1.011736139214893,0.44966050631773014,1.6862268986914881,0.3372453797382976,1.3489815189531904,-1.3489815189531904,-0.6744907594765952,0.0,0.0,1.3489815189531904,2.023472278429786,1.233866149211153,2.023472278429786,-2.023472278429786,0.0,-0.6661485508120517,1
0.6744907594765952,0.3372453797382976,1.3489815189531904,0.3372453797382976,2.3607176581680833,-0.6744907594765952,0.6744907594765952,0.6744907594765952,-1.3489815189531904,-0.6744907594765952,-1.3489815189531904,0.0,3.7096991771212737,0.6744907594765952,2.023472278429786,0.0,-0.3372453797382976,-0.22483025315886507,-0.6744907594765952,-0.3372453797382976,-0.3372453797382976,0.6744907594765952,-0.6744907594765952,2.697963037906381,-2.697963037906381,-0.6744907594765952,1.3489815189531904,0.0,1.6862268986914881,-1.3489815189531904,-1.3489815189531904,0.0,1
0.3372453797382976,1.011736139214893,0.3372453797382976,0.6744907594765952,0.3372453797382976,0.0,0.0,3.0352084176446783,-2.023472278429786,0.0,1.3489815189531904,0.0,2.3607176581680833,-1.3489815189531904,-1.3489815189531904,0.0,0.6744907594765952,-0.22483025315886507,1.011736139214893,-0.3372453797382976,0.6744907594765952,2.023472278429786,-0.6744907594765952,-0.3372453797382976,0.0,1.3489815189531904,-2.023472278429786,-0.6169330746055764,2.023472278429786,-1.3489815189531904,0.0,0.0,1
0.0,0.3372453797382976,0.0,0.0,0.6744907594765952,0.6744907594765952,-1.3489815189531904,2.697963037906381,-2.697963037906381,-0.6744907594765952,1.3489815189531904,0.0,2.023472278429786,-2.023472278429786,-0.6744907594765952,-1.3350775446303418,0.3372453797382976,0.6744907594765952,0.6744907594765952,0.3372453797382976,0.3372453797382976,4.046944556859572,-3.3724537973829762,0.6744907594765952,-2.023472278429786,3.3724537973829762,-4.046944556859572,0.6169330746055764,1.3489815189531904,-3.3724537973829762,-0.6744907594765952,0.0,1
0.0,0.3372453797382976,0.3372453797382976,0.0,1.6862268986914881,1.3489815189531904,-0.6744907594765952,-0.3372453797382976,-2.023472278429786,0.6744907594765952,-2.023472278429786,0.0,1.6862268986914881,-0.6744907594765952,0.0,-2.0026163169455127,0.0,0.22483025315886507,0.3372453797382976,0.3372453797382976,1.3489815189531904,0.0,0.6744907594765952,1.011736139214893,-0.6744907594765952,-0.6744907594765952,-0.6744907594765952,0.0,1.3489815189531904,0.6744907594765952,3.3724537973829762,1.3322971016241034,1
0.3372453797382976,-0.3372453797382976,0.0,0.6744907594765952,0.3372453797382976,0.0,0.0,3.0352084176446783,-2.023472278429786,0.0,1.3489815189531904,0.0,2.023472278429786,-1.3489815189531904,-1.3489815189531904,0.0,0.3372453797382976,0.8993210126354603,0.3372453797382976,1.3489815189531904,1.6862268986914881,0.0,2.023472278429786,1.011736139214893,-1.3489815189531904,0.0,-0.6744907594765952,0.0,2.023472278429786,1.3489815189531904,3.3724537973829762,0.0,1
-0.3372453797382976,-0.3372453797382976,0.0,-0.6744907594765952,0.6744907594765952,2.023472278429786,-1.3489815189531904,-0.3372453797382976,-2.023472278429786,0.6744907594765952,-2.023472278429786,0.0,1.011736139214893,-0.6744907594765952,0.0,-1.3350775446303418,0.0,0.22483025315886507,0.3372453797382976,0.3372453797382976,1.3489815189531904,1.3489815189531904,0.0,0.6744907594765952,0.0,-0.6744907594765952,0.0,-1.233866149211153,2.023472278429786,-0.6744907594765952,0.0,-1.3322971016241034,1
0.6744907594765952,0.6744907594765952,0.6744907594765952,-0.6744907594765952,0.3372453797382976,0.0,-2.697963037906381,0.0,-2.023472278429786,0.6744907594765952,-2.023472278429786,1.2669770424452713,1.6862268986914881,-3.3724537973829762,-0.6744907594765952,0.6675387723151709,0.0,-1.1241512657943253,0.3372453797382976,-0.6744907594765952,0.3372453797382976,0.6744907594765952,-0.6744907594765952,1.011736139214893,0.0,-0.6744907594765952,0.0,0.0,2.023472278429786,-0.6744907594765952,0.6744907594765952,-1.3322971016241034,1
0.6744907594765952,1.011736139214893,1.011736139214893,0.6744907594765952,2.023472278429786,0.6744907594765952,0.0,1.3489815189531904,0.0,-0.6744907594765952,-1.3489815189531904,0.0,2.697963037906381,0.0,5.395926075812762,2.6701550892606836,0.0,-0.8993210126354603,0.0,0.0,0.0,0.0,0.0,3.0352084176446783,-2.697963037906381,0.0,1.3489815189531904,0.0,2.023472278429786,-1.3489815189531904,-1.3489815189531904,0.0,1
-0.6744907594765952,-1.3489815189531904,-0.6744907594765952,-1.6862268986914881,-0.3372453797382976,-0.6744907594765952,-0.6744907594765952,1.3489815189531904,-0.6744907594765952,0.0,0.0,1.2669770424452713,1.6862268986914881,-2.023472278429786,0.0,0.6675387723151709,-0.3372453797382976,-0.8993210126354603,0.0,-1.011736139214893,0.0,0.0,-0.6744907594765952,0.0,-0.6744907594765952,1.3489815189531904,0.0,0.0,1.6862268986914881,-2.023472278429786,-0.6744907594765952,0.0,1
0.6744907594765952,-0.3372453797382976,1.3489815189531904,0.0,2.023472278429786,1.3489815189531904,0.6744907594765952,0.6744907594765952,-0.6744907594765952,0.0,-0.6744907594765952,-0.6334885212226357,3.0352084176446783,0.6744907594765952,2.697963037906381,-3.337693861575855,-0.3372453797382976,-0.8993210126354603,-0.3372453797382976,-1.011736139214893,-0.3372453797382976,0.6744907594765952,-0.6744907594765952,1.011736139214893,-1.3489815189531904,-0.6744907594765952,0.0,0.0,1.3489815189531904,-1.3489815189531904,-0.6744907594765952,-0.6661485508120517,1
-0.6744907594765952,-2.023472278429786,-0.6744907594765952,-1.3489815189531904,-0.6744907594765952,0.0,-0.6744907594765952,2.3607176581680833,-2.697963037906381,0.0,1.3489815189531904,0.0,1.6862268986914881,-1.3489815189531904,-1.3489815189531904,0.0,0.3372453797382976,-0.44966050631773014,0.6744907594765952,-0.3372453797382976,0.6744907594765952,0.6744907594765952,-0.6744907594765952,1.011736139214893,0.0,0.0,0.0,0.0,2.023472278429786,-1.3489815189531904,0.0,0.0,1
0.3372453797382976,1.011736139214893,0.3372453797382976,0.3372453797382976,1.011736139214893,0.6744907594765952,-1.3489815189531904,2.697963037906381,-3.3724537973829762,-0.6744907594765952,1.3489815189531904,0.0,2.3607176581680833,-1.3489815189531904,0.0,-1.3350775446303418,0.0,-1.1241512657943253,0.0,-0.3372453797382976,0.3372453797382976,0.6744907594765952,-0.6744907594765952,1.011736139214893,-0.6744907594765952,0.0,0.0,0.0,2.023472278429786,-1.3489815189531904,0.6744907594765952,-1.3322971016241034,1
0.0,-1.6862268986914881,0.3372453797382976,-1.011736139214893,0.3372453797382976,0.6744907594765952,-0.6744907594765952,1.011736139214893,0.0,-0.6744907594765952,0.0,0.0,2.023472278429786,-0.6744907594765952,0.6744907594765952,-1.3350775446303418,0.0,-0.6744907594765952,-0.3372453797382976,0.3372453797382976,0.0,0.6744907594765952,0.0,3.0352084176446783,-2.697963037906381,-0.6744907594765952,1.3489815189531904,0.0,2.023472278429786,-1.3489815189531904,-1.3489815189531904,0.0,1
0.0,-1.011736139214893,-0.3372453797382976,0.0,0.0,0.6744907594765952,0.0,3.0352084176446783,-2.697963037906381,-0.6744907594765952,1.3489815189531904,0.0,2.023472278429786,-1.3489815189531904,-1.3489815189531904,0.0,-0.6744907594765952,-0.8993210126354603,-0.3372453797382976,-1.011736139214893,-0.3372453797382976,0.6744907594765952,-0.6744907594765952,0.0,-0.6744907594765952,1.3489815189531904,-0.6744907594765952,0.0,1.3489815189531904,-2.023472278429786,-0.6744907594765952,-0.6661485508120517,1
0.3372453797382976,0.6744907594765952,0.3372453797382976,0.3372453797382976,0.3372453797382976,0.6744907594765952,0.0,3.3724537973829762,-2.023472278429786,-0.6744907594765952,1.3489815189531904,0.0,2.023472278429786,-1.3489815189531904,-1.3489815189531904,0.0,0.6744907594765952,0.6744907594765952,1.011736139214893,1.011736139214893,2.3607176581680833,0.0,-0.6744907594765952,1.3489815189531904,-0.6744907594765952,-0.6744907594765952,-1.3489815189531904,0.0,2.023472278429786,0.0,4.046944556859572,0.6661485508120517,1
-0.3372453797382976,0.0,0.0,-0.3372453797382976,0.6744907594765952,2.023472278429786,-0.6744907594765952,1.011736139214893,-0.6744907594765952,-0.6744907594765952,0.0,-1.900465563667907,1.6862268986914881,-2.023472278429786,-0.6744907594765952,-2.0026163169455127,-0.3372453797382976,-0.22483025315886507,-0.3372453797382976,-0.3372453797382976,-0.3372453797382976,0.6744907594765952,-0.6744907594765952,2.697963037906381,-2.697963037906381,-0.6744907594765952,1.3489815189531904,0.0,1.6862268986914881,-1.3489815189531904,-1.3489815189531904,0.0,1
0.0,-1.3489815189531904,-0.3372453797382976,-0.3372453797382976,0.0,0.0,0.0,3.0352084176446783,-2.697963037906381,0.0,1.3489815189531904,0.0,2.023472278429786,-1.3489815189531904,-1.3489815189531904,0.0,0.3372453797382976,0.22483025315886507,1.011736139214893,0.3372453797382976,0.6744907594765952,-2.697963037906381,0.0,0.3372453797382976,0.0,2.697963037906381,3.3724537973829762,1.8507992238167295,1.3489815189531904,0.6744907594765952,0.6744907594765952,-0.6661485508120517,1
0.6744907594765952,0.3372453797382976,1.3489815189531904,0.3372453797382976,2.3607176581680833,0.6744907594765952,0.0,0.3372453797382976,0.0,0.0,-0.6744907594765952,-0.6334885212226357,3.3724537973829762,0.0,2.697963037906381,-2.6701550892606836,0.6744907594765952,0.6744907594765952,0.6744907594765952,0.0,0.3372453797382976,4.046944556859572,-3.3724537973829762,0.6744907594765952,-2.023472278429786,3.3724537973829762,-4.046944556859572,0.6169330746055764,1.3489815189531904,-3.3724537973829762,-0.6744907594765952,0.0,1
0.3372453797382976,0.0,1.011736139214893,-0.3372453797382976,0.6744907594765952,0.6744907594765952,-0.6744907594765952,-0.3372453797382976,0.0,1.3489815189531904,-0.6744907594765952,0.0,2.023472278429786,-1.3489815189531904,0.0,0.0,0.6744907594765952,0.6744907594765952,0.6744907594765952,1.011736139214893,0.3372453797382976,0.6744907594765952,0.0,3.3724537973829762,-2.023472278429786,-0.6744907594765952,1.3489815189531904,0.0,2.3607176581680833,-1.3489815189531904,-1.3489815189531904,0.0,1
1.3489815189531904,1.3489815189531904,2.3607176581680833,0.6744907594765952,1.6862268986914881,-1.3489815189531904,0.0,0.0,0.0,2.023472278429786,2.023472278429786,1.2669770424452713,3.3724537973829762,-1.3489815189531904,1.3489815189531904,0.0,-1.011736139214893,-1.5738117721120555,-1.011736139214893,-1.6862268986914881,-0.6744907594765952,0.0,-0.6744907594765952,2.023472278429786,-3.3724537973829762,0.0,0.6744907594765952,0.0,1.3489815189531904,-1.3489815189531904,-1.3489815189531904,0.0,1
0.3372453797382976,0.0,0.3372453797382976,-0.3372453797382976,1.3489815189531904,0.6744907594765952,0.6744907594765952,1.011736139214893,0.0,0.0,-0.6744907594765952,0.0,1.6862268986914881,0.6744907594765952,3.3724537973829762,-1.3350775446303418,0.3372453797382976,0.6744907594765952,0.3372453797382976,1.011736139214893,0.3372453797382976,0.0,0.0,3.0352084176446783,-2.023472278429786,0.0,1.3489815189531904,0.0,2.023472278429786,-1.3489815189531904,-1.3489815189531904,0.0,1
0.0,-0.3372453797382976,0.6744907594765952,-0.6744907594765952,1.6862268986914881,-0.6744907594765952,-1.3489815189531904,0.3372453797382976,-2.023472278429786,-0.6744907594765952,-2.023472278429786,0.0,3.3724537973829762,-1.3489815189531904,0.6744907594765952,-0.6675387723151709,0.3372453797382976,0.44966050631773014,0.6744907594765952,0.6744907594765952,1.6862268986914881,0.6744907594765952,0.0,1.011736139214893,-0.6744907594765952,-0.6744907594765952,0.0,0.0,2.023472278429786,-1.3489815189531904,0.0,-0.6661485508120517,1
0.3372453797382976,0.6744907594765952,0.0,0.0,1.011736139214893,0.6744907594765952,-1.3489815189531904,2.697963037906381,-3.3724537973829762,-0.6744907594765952,0.6744907594765952,0.0,2.023472278429786,-1.3489815189531904,-0.6744907594765952,-1.3350775446303418,0.3372453797382976,0.8993210126354603,0.3372453797382976,1.011736139214893,0.3372453797382976,0.0,0.0,3.0352084176446783,-2.023472278429786,0.0,1.3489815189531904,0.0,2.3607176581680833,-1.3489815189531904,-1.3489815189531904,0.0,1
0.3372453797382976,-1.6862268986914881,0.3372453797382976,-0.6744907594765952,0.3372453797382976,0.6744907594765952,-0.6744907594765952,1.3489815189531904,0.0,0.0,0.0,0.0,2.023472278429786,-1.3489815189531904,0.0,-0.6675387723151709,1.011736139214893,0.6744907594765952,1.3489815189531904,1.011736139214893,1.6862268986914881,0.6744907594765952,-0.6744907594765952,1.011736139214893,0.0,-0.6744907594765952,0.6744907594765952,0.0,2.3607176581680833,-1.3489815189531904,0.0,-0.6661485508120517,1
0.3372453797382976,1.3489815189531904,0.3372453797382976,0.6744907594765952,0.3372453797382976,1.3489815189531904,0.0,3.3724537973829762,-2.023472278429786,-0.6744907594765952,1.3489815189531904,0.0,2.023472278429786,-1.3489815189531904,-1.3489815189531904,0.0,0.0,-0.22483025315886507,0.6744907594765952,-0.3372453797382976,0.6744907594765952,-2.023472278429786,0.0,0.0,-0.6744907594765952,2.697963037906381,2.023472278429786,1.233866149211153,1.011736139214893,-0.6744907594765952,0.0,-1.3322971016241034,1
0.0,0.0,0.0,-0.3372453797382976,0.6744907594765952,0.6744907594765952,0.0,0.6744907594765952,0.0,-0.6744907594765952,-0.6744907594765952,-1.900465563667907,2.023472278429786,-0.6744907594765952,0.0,-1.3350775446303418,0.0,0.0,0.3372453797382976,0.0,0.3372453797382976,-2.023472278429786,0.0,0.3372453797382976,0.0,2.023472278429786,2.697963037906381,1.233866149211153,1.3489815189531904,-2.023472278429786,0.0,-1.3322971016241034,1
0.0,-0.6744907594765952,1.011736139214893,-0.6744907594765952,0.3372453797382976,1.3489815189531904,-0.6744907594765952,0.0,0.0,1.3489815189531904,-1.3489815189531904,-0.6334885212226357,2.023472278429786,-0.6744907594765952,0.0,0.0,-0.3372453797382976,-0.6744907594765952,0.0,-1.011736139214893,0.0,1.3489815189531904,-0.6744907594765952,0.0,-0.6744907594765952,1.3489815189531904,-2.023472278429786,-1.233866149211153,2.023472278429786,-1.3489815189531904,0.0,0.0,1
0.6744907594765952,1.011736139214893,0.6744907594765952,-0.3372453797382976,0.3372453797382976,4.046944556859572,-3.3724537973829762,0.6744907594765952,-2.023472278429786,3.3724537973829762,-4.046944556859572,0.6334885212226357,1.3489815189531904,-3.3724537973829762,-0.6744907594765952,0.0,0.6744907594765952,0.44966050631773014,0.6744907594765952,-0.3372453797382976,0.3372453797382976,2.023472278429786,2.023472278429786,1.011736139214893,-1.3489815189531904,-1.3489815189531904,0.0,0.6169330746055764,2.697963037906381,3.3724537973829762,0.0,-1.3322971016241034,1
-0.6744907594765952,-2.023472278429786,-0.6744907594765952,-1.6862268986914881,-0.3372453797382976,0.6744907594765952,-0.6744907594765952,1.011736139214893,-0.6744907594765952,0.0,0.0,0.0,1.3489815189531904,-2.023472278429786,-0.6744907594765952,-0.6675387723151709,0.6744907594765952,0.44966050631773014,1.3489815189531904,0.3372453797382976,1.3489815189531904,1.3489815189531904,-0.6744907594765952,-0.3372453797382976,0.0,1.3489815189531904,-1.3489815189531904,-0.6169330746055764,2.023472278429786,-1.3489815189531904,0.0,0.0,1
1.3489815189531904,1.3489815189531904,1.6862268986914881,0.6744907594765952,3.3724537973829762,0.0,0.0,1.3489815189531904,-0.6744907594765952,0.0,-1.3489815189531904,0.0,1.6862268986914881,2.023472278429786,4.721435316336167,0.0,0.0,0.0,0.6744907594765952,0.0,2.023472278429786,0.6744907594765952,0.0,0.0,-1.3489815189531904,0.6744907594765952,-2.023472278429786,-0.6169330746055764,2.697963037906381,-2.023472278429786,0.0,-1.3322971016241034,1
0.6744907594765952,1.011736139214893,1.3489815189531904,0.6744907594765952,1.6862268986914881,0.6744907594765952,0.0,-0.3372453797382976,-0.6744907594765952,1.3489815189531904,0.0,0.0,2.023472278429786,-1.3489815189531904,0.0,0.0,1.3489815189531904,0.6744907594765952,2.3607176581680833,1.011736139214893,2.023472278429786,-2.023472278429786,0.6744907594765952,0.0,0.0,2.023472278429786,2.023472278429786,1.233866149211153,3.7096991771212737,0.0,2.023472278429786,0.0,1
1.011736139214893,-0.3372453797382976,1.3489815189531904,-0.3372453797382976,2.023472278429786,0.0,0.0,0.6744907594765952,-0.6744907594765952,-0.6744907594765952,-1.3489815189531904,0.0,2.697963037906381,0.0,2.023472278429786,-2.0026163169455127,1.011736139214893,0.6744907594765952,1.6862268986914881,0.6744907594765952,1.3489815189531904,1.3489815189531904,-0.6744907594765952,-0.3372453797382976,0.0,1.3489815189531904,-1.3489815189531904,-0.6169330746055764,2.023472278429786,-1.3489815189531904,0.0,0.0,1
0.6744907594765952,-0.6744907594765952,1.3489815189531904,-0.6744907594765952,1.6862268986914881,1.3489815189531904,0.0,0.6744907594765952,0.0,0.0,-0.6744907594765952,0.0,3.3724537973829762,0.6744907594765952,2.697963037906381,-2.6701550892606836,0.3372453797382976,-0.22483025315886507,1.011736139214893,-0.3372453797382976,0.6744907594765952,0.0,-0.6744907594765952,-0.3372453797382976,0.0,1.3489815189531904,0.0,0.0,2.023472278429786,-1.3489815189531904,0.0,0.0,1
0.3372453797382976,0.6744907594765952,0.3372453797382976,0.0,1.011736139214893,0.6744907594765952,-1.3489815189531904,2.697963037906381,-3.3724537973829762,-0.6744907594765952,1.3489815189531904,0.0,1.6862268986914881,-2.023472278429786,-1.3489815189531904,-0.6675387723151709,0.0,0.44966050631773014,0.3372453797382976,0.3372453797382976,1.3489815189531904,0.0,0.6744907594765952,1.011736139214893,-0.6744907594765952,0.0,-0.6744907594765952,0.0,1.3489815189531904,0.6744907594765952,3.3724537973829762,-1.3322971016241034,1
0.6744907594765952,0.6744907594765952,0.6744907594765952,-0.6744907594765952,0.3372453797382976,2.023472278429786,2.023472278429786,1.011736139214893,-1.3489815189531904,-1.3489815189531904,0.0,0.6334885212226357,2.697963037906381,3.3724537973829762,0.0,-1.3350775446303418,-0.3372453797382976,0.22483025315886507,-0.3372453797382976,0.3372453797382976,0.0,0.0,0.0,2.697963037906381,-2.697963037906381,0.0,1.3489815189531904,0.0,2.023472278429786,-2.023472278429786,-1.3489815189531904,0.0,1
1.011736139214893,0.3372453797382976,1.3489815189531904,0.3372453797382976,2.3607176581680833,0.6744907594765952,0.0,0.6744907594765952,-0.6744907594765952,0.0,-0.6744907594765952,-0.6334885212226357,2.697963037906381,0.6744907594765952,2.697963037906381,-2.6701550892606836,1.3489815189531904,0.6744907594765952,1.6862268986914881,0.3372453797382976,0.6744907594765952,1.3489815189531904,-2.697963037906381,0.0,-2.023472278429786,1.3489815189531904,-2.697963037906381,1.233866149211153,2.023472278429786,-4.721435316336167,0.0,0.6661485508120517,1
2.023472278429786,2.023472278429786,2.3607176581680833,0.6744907594765952,1.011736139214893,2.023472278429786,-3.3724537973829762,-0.3372453797382976,-2.023472278429786,1.3489815189531904,-2.697963037906381,0.6334885212226357,1.6862268986914881,-4.046944556859572,-0.6744907594765952,0.6675387723151709,0.6744907594765952,0.6744907594765952,0.6744907594765952,1.011736139214893,0.3372453797382976,0.6744907594765952,0.0,3.3724537973829762,-2.023472278429786,-0.6744907594765952,1.3489815189531904,0.0,2.3607176581680833,-1.3489815189531904,-1.3489815189531904,0.0,1
0.0,-0.6744907594765952,1.011736139214893,-0.6744907594765952,0.3372453797382976,1.3489815189531904,-0.6744907594765952,0.0,0.0,1.3489815189531904,-1.3489815189531904,-0.6334885212226357,2.023472278429786,-0.6744907594765952,0.0,0.0,1.3489815189531904,0.44966050631773014,2.023472278429786,1.011736139214893,3.3724537973829762,0.6744907594765952,0.0,0.3372453797382976,-0.6744907594765952,0.0,-0.6744907594765952,-0.6169330746055764,3.0352084176446783,0.0,2.697963037906381,-2.664594203248207,1
0.0,-1.3489815189531904,-0.3372453797382976,-0.6744907594765952,-0.3372453797382976,0.0,0.0,3.0352084176446783,-2.697963037906381,0.0,1.3489815189531904,0.0,2.023472278429786,-1.3489815189531904,-1.3489815189531904,0.0,-0.3372453797382976,-0.8993210126354603,0.0,-1.011736139214893,0.0,1.3489815189531904,-0.6744907594765952,0.0,-0.6744907594765952,1.3489815189531904,-1.3489815189531904,-0.6169330746055764,1.3489815189531904,-2.023472278429786,-0.6744907594765952,0.0,1
0.0,-1.011736139214893,0.3372453797382976,-1.011736139214893,0.0,2.023472278429786,-0.6744907594765952,0.0,-0.6744907594765952,1.3489815189531904,-2.023472278429786,-0.6334885212226357,1.6862268986914881,-1.3489815189531904,0.0,0.0,-0.3372453797382976,-0.22483025315886507,-0.3372453797382976,-0.3372453797382976,-0.3372453797382976,0.6744907594765952,0.0,2.697963037906381,-2.697963037906381,0.0,1.3489815189531904,0.0,1.6862268986914881,-2.023472278429786,-1.3489815189531904,0.0,1
-0.6744907594765952,-1.3489815189531904,-0.3372453797382976,-1.6862268986914881,-0.3372453797382976,0.6744907594765952,-0.6744907594765952,0.0,-0.6744907594765952,1.3489815189531904,-0.6744907594765952,-0.6334885212226357,1.3489815189531904,-2.023472278429786,-0.6744907594765952,-0.6675387723151709,0.0,0.0,0.6744907594765952,0.0,0.6744907594765952,-2.023472278429786,0.6744907594765952,0.0,-0.6744907594765952,2.023472278429786,2.023472278429786,1.233866149211153,1.011736139214893,0.6744907594765952,0.0,-1.3322971016241034,1
1.3489815189531904,1.011736139214893,2.3607176581680833,0.6744907594765952,2.023472278429786,-2.023472278429786,0.6744907594765952,0.0,0.0,2.023472278429786,2.023472278429786,1.2669770424452713,3.7096991771212737,0.0,2.023472278429786,0.0,0.0,-1.1241512657943253,0.3372453797382976,-0.6744907594765952,0.3372453797382976,0.6744907594765952,-0.6744907594765952,1.011736139214893,0.0,-0.6744907594765952,0.0,0.0,2.023472278429786,-0.6744907594765952,0.6744907594765952,-1.3322971016241034,1
1.3489815189531904,0.3372453797382976,2.023472278429786,0.3372453797382976,3.0352084176446783,0.6744907594765952,0.6744907594765952,0.3372453797382976,-0.6744907594765952,0.0,-0.6744907594765952,-0.6334885212226357,3.3724537973829762,-0.6744907594765952,4.046944556859572,-3.337693861575855,0.3372453797382976,-1.1241512657943253,0.3372453797382976,-0.3372453797382976,0.3372453797382976,1.3489815189531904,-0.6744907594765952,1.3489815189531904,-0.6744907594765952,-0.6744907594765952,0.0,-1.8507992238167295,2.697963037906381,-2.023472278429786,0.6744907594765952,-1.998445652436155,1
0.3372453797382976,0.6744907594765952,0.0,0.0,1.011736139214893,0.0,-0.6744907594765952,2.3607176581680833,-2.697963037906381,0.0,0.6744907594765952,0.0,2.023472278429786,-2.697963037906381,-1.3489815189531904,0.0,0.6744907594765952,0.6744907594765952,1.011736139214893,1.011736139214893,2.023472278429786,0.6744907594765952,0.0,0.6744907594765952,0.0,-0.6744907594765952,0.0,-0.6169330746055764,3.0352084176446783,-0.6744907594765952,1.3489815189531904,-1.3322971016241034,1
0.0,-0.6744907594765952,0.6744907594765952,-1.011736139214893,0.3372453797382976,1.3489815189531904,-0.6744907594765952,0.0,0.0,1.3489815189531904,-2.023472278429786,-0.6334885212226357,2.3607176581680833,-0.6744907594765952,0.0,0.0,-0.3372453797382976,-0.6744907594765952,0.0,-0.6744907594765952,0.0,0.0,-0.6744907594765952,0.0,-0.6744907594765952,1.3489815189531904,0.0,0.0,1.6862268986914881,-2.023472278429786,-0.6744907594765952,0.0,1
0.3372453797382976,0.3372453797382976,1.011736139214893,0.0,2.023472278429786,0.6744907594765952,-0.6744907594765952,0.0,-2.023472278429786,0.6744907594765952,-2.023472278429786,0.0,3.3724537973829762,-2.023472278429786,0.0,-0.6675387723151709,0.3372453797382976,-0.22483025315886507,0.6744907594765952,-0.3372453797382976,0.6744907594765952,2.697963037906381,-0.6744907594765952,0.0,-0.6744907594765952,1.3489815189531904,-3.3724537973829762,-1.233866149211153,1.6862268986914881,-1.3489815189531904,0.0,0.0,1
0.0,-1.3489815189531904,-0.3372453797382976,-0.3372453797382976,0.0,0.0,0.0,3.0352084176446783,-2.697963037906381,0.0,1.3489815189531904,0.0,2.023472278429786,-1.3489815189531904,-1.3489815189531904,0.0,1.3489815189531904,0.8993210126354603,1.6862268986914881,1.011736139214893,3.3724537973829762,0.0,0.0,1.3489815189531904,-0.6744907594765952,0.0,-1.3489815189531904,0.0,1.6862268986914881,2.023472278429786,4.721435316336167,0.0,1
0.3372453797382976,-0.3372453797382976,0.6744907594765952,-0.3372453797382976,1.6862268986914881,0.0,0.0,0.3372453797382976,-0.6744907594765952,0.0,-0.6744907594765952,0.0,2.697963037906381,0.0,2.023472278429786,-1.3350775446303418,0.0,-0.22483025315886507,0.0,-0.3372453797382976,0.3372453797382976,0.6744907594765952,-0.6744907594765952,1.011736139214893,0.0,0.0,0.0,0.0,1.6862268986914881,-2.023472278429786,0.0,0.0,1
-0.6744907594765952,-1.3489815189531904,-0.3372453797382976,-1.3489815189531904,-0.3372453797382976,0.0,-0.6744907594765952,0.0,-0.6744907594765952,1.3489815189531904,0.0,0.0,1.3489815189531904,-2.023472278429786,-0.6744907594765952,0.0,0.6744907594765952,0.6744907594765952,1.3489815189531904,0.6744907594765952,1.011736139214893,2.697963037906381,-0.6744907594765952,-0.3372453797382976,0.0,1.3489815189531904,-2.697963037906381,-1.233866149211153,2.3607176581680833,0.0,0.0,0.6661485508120517,1
-0.3372453797382976,-0.6744907594765952,0.0,-1.011736139214893,0.3372453797382976,0.0,-0.6744907594765952,0.0,-0.6744907594765952,1.3489815189531904,0.0,0.0,1.6862268986914881,-1.3489815189531904,-0.6744907594765952,0.0,0.3372453797382976,0.44966050631773014,0.3372453797382976,-0.3372453797382976,0.0,0.0,-2.697963037906381,0.0,-2.023472278429786,0.0,-2.023472278429786,1.233866149211153,1.3489815189531904,-3.3724537973829762,0.0,0.0,1
0.0,0.3372453797382976,0.0,0.0,0.6744907594765952,0.0,-1.3489815189531904,2.3607176581680833,-3.3724537973829762,0.0,0.6744907594765952,0.0,2.023472278429786,-2.023472278429786,0.0,1.3350775446303418,0.6744907594765952,0.44966050631773014,1.011736139214893,0.6744907594765952,2.023472278429786,0.0,1.3489815189531904,1.3489815189531904,0.0,0.0,-0.6744907594765952,0.0,2.697963037906381,1.3489815189531904,4.046944556859572,-1.3322971016241034,1
0.3372453797382976,-1.6862268986914881,0.6744907594765952,-0.6744907594765952,0.6744907594765952,0.6744907594765952,-0.6744907594765952,1.011736139214893,0.0,-0.6744907594765952,0.0,-0.6334885212226357,2.697963037906381,-1.3489815189531904,0.6744907594765952,-1.3350775446303418,0.6744907594765952,-0.44966050631773014,1.3489815189531904,-0.3372453797382976,1.6862268986914881,1.3489815189531904,0.0,0.6744907594765952,0.0,0.0,-0.6744907594765952,0.0,3.3724537973829762,0.6744907594765952,2.697963037906381,-2.664594203248207,1
1.011736139214893,0.6744907594765952,1.6862268986914881,0.0,1.6862268986914881,-1.3489815189531904,0.0,0.0,0.0,1.3489815189531904,1.3489815189531904,0.6334885212226357,2.697963037906381,-1.3489815189531904,0.6744907594765952,0.0,-1.011736139214893,-1.5738117721120555,-1.011736139214893,-1.6862268986914881,-0.6744907594765952,0.0,-0.6744907594765952,2.023472278429786,-3.3724537973829762,0.0,0.6744907594765952,0.0,1.3489815189531904,-1.3489815189531904,-1.3489815189531904,0.0,1
0.0,-1.011736139214893,-0.3372453797382976,0.0,0.0,0.6744907594765952,0.0,3.0352084176446783,-2.697963037906381,-0.6744907594765952,1.3489815189531904,0.0,2.023472278429786,-1.3489815189531904,-1.3489815189531904,0.0,0.0,-1.3489815189531904,0.0,-1.011736139214893,0.0,0.0,-0.6744907594765952,1.3489815189531904,-0.6744907594765952,0.0,0.0,1.233866149211153,1.6862268986914881,-1.3489815189531904,0.0,0.0,1
1.011736139214893,-0.3372453797382976,1.3489815189531904,-0.3372453797382976,2.023472278429786,0.0,0.6744907594765952,0.6744907594765952,-0.6744907594765952,-0.6744907594765952,-1.3489815189531904,0.0,3.7096991771212737,-0.6744907594765952,2.023472278429786,0.0,0.6744907594765952,-0.44966050631773014,1.011736139214893,-0.3372453797382976,1.3489815189531904,-0.6744907594765952,1.3489815189531904,0.6744907594765952,-1.3489815189531904,-0.6744907594765952,-2.023472278429786,0.0,3.7096991771212737,0.0,2.023472278429786,-0.6661485508120517,1
0.0,0.3372453797382976,0.0,0.0,0.6744907594765952,0.6744907594765952,-1.3489815189531904,2.697963037906381,-2.697963037906381,-0.6744907594765952,1.3489815189531904,0.0,2.023472278429786,-2.023472278429786,-0.6744907594765952,-1.3350775446303418,0.3372453797382976,0.0,0.6744907594765952,0.0,0.3372453797382976,2.697963037906381,-0.6744907594765952,0.0,0.0,1.3489815189531904,-3.3724537973829762,-1.233866149211153,2.023472278429786,-1.3489815189531904,0.0,0.6661485508120517,1
1.011736139214893,1.3489815189531904,1.6862268986914881,0.6744907594765952,2.3607176581680833,0.6744907594765952,0.0,0.6744907594765952,0.0,-0.6744907594765952,0.0,-0.6334885212226357,3.0352084176446783,0.0,1.3489815189531904,-1.3350775446303418,-0.3372453797382976,-0.6744907594765952,0.0,-0.6744907594765952,0.0,0.6744907594765952,-0.6744907594765952,0.0,-0.6744907594765952,1.3489815189531904,-0.6744907594765952,0.0,1.3489815189531904,-2.023472278429786,0.0,0.0,1
0.0,0.0,0.0,-0.3372453797382976,0.3372453797382976,1.3489815189531904,-0.6744907594765952,1.011736139214893,0.0,-0.6744907594765952,0.6744907594765952,-1.2669770424452713,2.023472278429786,-2.023472278429786,0.0,-0.6675387723151709,0.0,0.0,0.3372453797382976,0.0,0.6744907594765952,0.0,0.0,-0.3372453797382976,-0.6744907594765952,1.3489815189531904,0.0,0.6169330746055764,1.6862268986914881,-1.3489815189531904,0.0,0.0,1
1.3489815189531904,0.6744907594765952,2.023472278429786,0.3372453797382976,1.3489815189531904,-0.6744907594765952,0.0,0.0,0.0,1.3489815189531904,1.3489815189531904,0.6334885212226357,2.023472278429786,-1.3489815189531904,0.0,0.0,-0.3372453797382976,0.0,0.0,0.0,0.6744907594765952,1.3489815189531904,-0.6744907594765952,1.011736139214893,-0.6744907594765952,-0.6744907594765952,0.0,-1.233866149211153,1.6862268986914881,-2.023472278429786,0.0,-1.3322971016241034,1
-0.3372453797382976,-1.011736139214893,0.0,-1.3489815189531904,0.0,1.3489815189531904,-0.6744907594765952,0.0,-0.6744907594765952,0.6744907594765952,-1.3489815189531904,-0.6334885212226357,1.6862268986914881,-2.023472278429786,-0.6744907594765952,0.0,0.3372453797382976,0.44966050631773014,1.011736139214893,0.6744907594765952,1.6862268986914881,0.6744907594765952,0.0,1.011736139214893,0.0,-0.6744907594765952,0.0,0.0,2.023472278429786,-1.3489815189531904,0.0,0.0,1
0.3372453797382976,0.6744907594765952,0.3372453797382976,0.3372453797382976,0.3372453797382976,0.6744907594765952,0.0,3.3724537973829762,-2.023472278429786,-0.6744907594765952,1.3489815189531904,0.0,2.023472278429786,-1.3489815189531904,-1.3489815189531904,0.0,0.0,-0.8993210126354603,-0.3372453797382976,0.0,0.0,0.0,0.0,3.0352084176446783,-2.697963037906381,0.0,1.3489815189531904,0.0,2.023472278429786,-1.3489815189531904,-1.3489815189531904,0.0,1
0.3372453797382976,-0.6744907594765952,0.3372453797382976,-0.6744907594765952,0.3372453797382976,0.6744907594765952,-0.6744907594765952,1.011736139214893,0.0,-0.6744907594765952,0.0,-0.6334885212226357,2.697963037906381,-1.3489815189531904,1.3489815189531904,-1.3350775446303418,1.011736139214893,1.3489815189531904,1.011736139214893,0.6744907594765952,0.6744907594765952,1.3489815189531904,-2.697963037906381,-0.3372453797382976,-2.023472278429786,1.3489815189531904,-2.023472278429786,0.6169330746055764,1.3489815189531904,-4.046944556859572,-0.6744907594765952,0.6661485508120517,1
-0.3372453797382976,0.0,0.0,-0.3372453797382976,0.6744907594765952,0.0,1.3489815189531904,1.011736139214893,-1.3489815189531904,0.0,0.0,0.6334885212226357,1.011736139214893,0.6744907594765952,2.023472278429786,1.3350775446303418,0.3372453797382976,-0.44966050631773014,0.6744907594765952,-0.3372453797382976,0.6744907594765952,0.6744907594765952,-0.6744907594765952,1.011736139214893,0.0,0.0,0.0,0.0,2.3607176581680833,-1.3489815189531904,0.6744907594765952,-0.6661485508120517,1
0.6744907594765952,1.011736139214893,0.6744907594765952,0.6744907594765952,0.3372453797382976,0.0,0.0,3.3724537973829762,-2.023472278429786,0.6744907594765952,1.3489815189531904,0.0,2.3607176581680833,-1.3489815189531904,-1.3489815189531904,0.0,0.3372453797382976,0.0,0.3372453797382976,0.0,1.3489815189531904,0.6744907594765952,0.6744907594765952,1.011736139214893,0.0,0.0,-0.6744907594765952,0.0,1.6862268986914881,0.6744907594765952,3.3724537973829762,-1.3322971016241034,1
1.011736139214893,0.6744907594765952,2.023472278429786,0.3372453797382976,1.011736139214893,1.3489815189531904,-0.6744907594765952,-0.3372453797382976,0.0,1.3489815189531904,-1.3489815189531904,-0.6334885212226357,3.0352084176446783,-0.6744907594765952,0.0,0.0,0.3372453797382976,0.44966050631773014,1.011736139214893,0.6744907594765952,1.011736139214893,-2.023472278429786,0.0,0.0,-0.6744907594765952,2.023472278429786,2.023472278429786,1.233866149211153,2.023472278429786,-1.3489815189531904,0.6744907594765952,-0.6661485508120517,1
0.3372453797382976,0.0,0.6744907594765952,-0.3372453797382976,0.3372453797382976,2.697963037906381,-0.6744907594765952,0.0,0.0,1.3489815189531904,-3.3724537973829762,-1.2669770424452713,2.023472278429786,-1.3489815189531904,0.0,0.6675387723151709,0.3372453797382976,0.44966050631773014,0.3372453797382976,0.0,0.0,2.697963037906381,-2.697963037906381,-0.3372453797382976,-2.023472278429786,2.023472278429786,-2.697963037906381,0.6169330746055764,1.6862268986914881,-4.046944556859572,-0.6744907594765952,0.6661485508120517,1
0.3372453797382976,0.0,1.011736139214893,-0.3372453797382976,1.011736139214893,-2.697963037906381,0.0,0.3372453797382976,0.0,2.697963037906381,2.697963037906381,1.2669770424452713,1.011736139214893,0.0,0.0,-1.3350775446303418,-1.011736139214893,-1.5738117721120555,-1.011736139214893,-1.6862268986914881,-0.6744907594765952,0.0,-0.6744907594765952,2.023472278429786,-3.3724537973829762,0.0,0.6744907594765952,0.0,1.011736139214893,-1.3489815189531904,-1.3489815189531904,0.0,1
0.6744907594765952,1.3489815189531904,1.011736139214893,0.6744907594765952,2.697963037906381,0.0,0.6744907594765952,1.011736139214893,-0.6744907594765952,0.0,-0.6744907594765952,0.0,1.3489815189531904,0.6744907594765952,4.046944556859572,0.0,0.0,-0.8993210126354603,0.0,0.0,0.0,0.0,0.0,3.0352084176446783,-2.697963037906381,0.0,1.3489815189531904,0.0,2.023472278429786,-1.3489815189531904,-1.3489815189531904,0.0,1
1.011736139214893,0.6744907594765952,1.6862268986914881,0.3372453797382976,1.6862268986914881,3.3724537973829762,-1.3489815189531904,0.0,0.0,1.3489815189531904,-3.3724537973829762,-1.900465563667907,2.697963037906381,-2.023472278429786,0.0,0.0,-1.011736139214893,-1.5738117721120555,-1.011736139214893,-1.6862268986914881,-1.011736139214893,0.0,-0.6744907594765952,2.023472278429786,-3.3724537973829762,0.0,0.6744907594765952,0.0,1.011736139214893,-1.3489815189531904,-1.3489815189531904,0.0,1
0.0,-1.011736139214893,0.0,0.0,0.0,0.0,0.0,3.0352084176446783,-2.697963037906381,0.0,1.3489815189531904,0.0,2.023472278429786,-1.3489815189531904,-1.3489815189531904,0.0,1.011736139214893,0.44966050631773014,1.3489815189531904,0.3372453797382976,1.6862268986914881,0.6744907594765952,0.0,-0.3372453797382976,0.0,1.3489815189531904,-0.6744907594765952,0.0,2.023472278429786,-1.3489815189531904,0.0,0.0,1
-0.3372453797382976,-1.011736139214893,0.0,-1.011736139214893,0.0,1.3489815189531904,-0.6744907594765952,0.0,-0.6744907594765952,1.3489815189531904,-1.3489815189531904,-0.6334885212226357,1.3489815189531904,-2.023472278429786,-0.6744907594765952,0.0,0.0,0.6744907594765952,0.3372453797382976,0.6744907594765952,1.011736139214893,0.6744907594765952,-0.6744907594765952,0.6744907594765952,0.0,0.0,0.0,0.0,3.0352084176446783,-2.023472278429786,0.0,0.0,1
0.0,-0.3372453797382976,0.3372453797382976,-0.6744907594765952,0.3372453797382976,2.023472278429786,-0.6744907594765952,1.3489815189531904,0.0,-0.6744907594765952,0.0,-2.5339540848905426,2.023472278429786,-2.023472278429786,0.0,-2.0026163169455127,0.6744907594765952,0.8993210126354603,1.3489815189531904,1.011736139214893,2.023472278429786,1.3489815189531904,0.0,0.6744907594765952,0.0,-0.6744907594765952,0.0,-1.8507992238167295,3.0352084176446783,0.0,1.3489815189531904,-1.3322971016241034,1
0.6744907594765952,1.011736139214893,0.3372453797382976,0.6744907594765952,0.3372453797382976,0.0,0.0,3.0352084176446783,-2.023472278429786,0.0,1.3489815189531904,0.0,2.3607176581680833,-1.3489815189531904,-1.3489815189531904,0.0,0.6744907594765952,0.22483025315886507,1.3489815189531904,0.3372453797382976,2.023472278429786,2.023472278429786,-0.6744907594765952,0.0,-1.3489815189531904,1.3489815189531904,-2.023472278429786,-0.6169330746055764,2.3607176581680833,0.0,0.6744907594765952,-1.3322971016241034,1
1.011736139214893,1.011736139214893,2.3607176581680833,0.6744907594765952,4.046944556859572,2.023472278429786,-0.6744907594765952,0.0,-1.3489815189531904,1.3489815189531904,-2.023472278429786,-0.6334885212226357,3.3724537973829762,-1.3489815189531904,2.023472278429786,-2.0026163169455127,-0.6744907594765952,-1.5738117721120555,-1.011736139214893,-1.3489815189531904,-0.6744907594765952,0.0,-0.6744907594765952,2.3607176581680833,-3.3724537973829762,0.0,0.6744907594765952,0.0,1.3489815189531904,-1.3489815189531904,-1.3489815189531904,0.0,1
0.0,-2.023472278429786,0.0,-1.011736139214893,0.0,1.3489815189531904,-0.6744907594765952,1.011736139214893,-0.6744907594765952,-0.6744907594765952,0.0,-1.900465563667907,2.023472278429786,-1.3489815189531904,0.0,-1.3350775446303418,0.3372453797382976,-0.44966050631773014,0.3372453797382976,-0.3372453797382976,0.3372453797382976,0.6744907594765952,-0.6744907594765952,1.011736139214893,0.0,-0.6744907594765952,0.0,-0.6169330746055764,2.697963037906381,-1.3489815189531904,1.3489815189531904,-1.3322971016241034,1
0.0,-0.3372453797382976,0.0,-0.6744907594765952,-0.3372453797382976,0.6744907594765952,0.0,3.0352084176446783,-2.697963037906381,0.0,1.3489815189531904,0.0,2.023472278429786,-1.3489815189531904,-1.3489815189531904,0.0,0.0,0.6744907594765952,0.0,1.011736139214893,1.011736139214893,0.0,-0.6744907594765952,2.3607176581680833,-2.697963037906381,0.0,0.6744907594765952,0.0,1.6862268986914881,-2.023472278429786,-1.3489815189531904,0.0,1
0.0,0.0,0.0,-0.3372453797382976,0.0,0.6744907594765952,0.0,3.0352084176446783,-2.697963037906381,-0.6744907594765952,1.3489815189531904,0.0,2.023472278429786,-1.3489815189531904,-1.3489815189531904,0.0,0.3372453797382976,0.22483025315886507,1.011736139214893,0.3372453797382976,1.011736139214893,0.6744907594765952,-0.6744907594765952,1.011736139214893,0.0,-0.6744907594765952,0.0,0.0,2.023472278429786,-1.3489815189531904,0.0,-0.6661485508120517,1
0.0,0.0,0.6744907594765952,-0.3372453797382976,2.023472278429786,0.6744907594765952,0.0,0.0,-1.3489815189531904,0.6744907594765952,-2.023472278429786,-0.6334885212226357,2.697963037906381,-2.023472278429786,0.0,-1.3350775446303418,0.3372453797382976,0.6744907594765952,1.011736139214893,1.011736139214893,1.011736139214893,3.3724537973829762,-0.6744907594765952,-0.3372453797382976,-0.6744907594765952,1.3489815189531904,-2.697963037906381,-1.233866149211153,2.023472278429786,-1.3489815189531904,0.0,0.0,1
0.6744907594765952,1.011736139214893,1.3489815189531904,0.6744907594765952,1.6862268986914881,0.0,0.0,-0.3372453797382976,-0.6744907594765952,1.3489815189531904,0.0,0.0,2.023472278429786,-1.3489815189531904,0.0,0.0,0.0,0.8993210126354603,0.0,1.011736139214893,1.3489815189531904,0.0,-0.6744907594765952,2.3607176581680833,-2.697963037906381,0.0,0.6744907594765952,0.0,2.023472278429786,-2.697963037906381,-1.3489815189531904,0.0,1
0.6744907594765952,0.6744907594765952,1.011736139214893,0.3372453797382976,1.011736139214893,0.6744907594765952,-0.6744907594765952,-0.3372453797382976,0.0,1.3489815189531904,-0.6744907594765952,0.0,2.023472278429786,-1.3489815189531904,0.0,0.0,-0.6744907594765952,-0.8993210126354603,-0.3372453797382976,-1.011736139214893,-0.3372453797382976,0.0,0.0,0.0,-1.3489815189531904,1.3489815189531904,0.6744907594765952,0.0,1.011736139214893,-2.023472278429786,-0.6744907594765952,-0.6661485508120517,1
0.0,-0.3372453797382976,0.0,-0.6744907594765952,0.0,0.6744907594765952,0.0,3.0352084176446783,-2.697963037906381,-0.6744907594765952,1.3489815189531904,0.0,2.023472278429786,-1.3489815189531904,-1.3489815189531904,0.0,0.3372453797382976,0.8993210126354603,0.6744907594765952,1.011736139214893,2.023472278429786,0.0,-0.6744907594765952,1.3489815189531904,-0.6744907594765952,0.0,-1.3489815189531904,0.0,1.3489815189531904,1.3489815189531904,3.3724537973829762,0.0,1
0.0,-0.3372453797382976,0.0,0.6744907594765952,0.3372453797382976,0.0,0.0,3.0352084176446783,-2.023472278429786,0.0,1.3489815189531904,0.0,2.3607176581680833,-1.3489815189531904,-1.3489815189531904,0.0,1.011736139214893,0.6744907594765952,1.6862268986914881,0.6744907594765952,1.3489815189531904,1.3489815189531904,-0.6744907594765952,-0.3372453797382976,0.0,1.3489815189531904,-1.3489815189531904,-0.6169330746055764,2.023472278429786,-1.3489815189531904,0.0,0.0,1
0.6744907594765952,0.6744907594765952,1.6862268986914881,0.3372453797382976,2.697963037906381,2.023472278429786,-1.3489815189531904,0.0,-2.023472278429786,1.3489815189531904,-2.023472278429786,0.0,3.0352084176446783,-1.3489815189531904,1.3489815189531904,-0.6675387723151709,0.0,-0.44966050631773014,0.6744907594765952,-0.6744907594765952,0.3372453797382976,0.6744907594765952,0.0,0.0,-0.6744907594765952,1.3489815189531904,-0.6744907594765952,-0.6169330746055764,2.023472278429786,-1.3489815189531904,0.0,-0.6661485508120517,1
0.0,-1.6862268986914881,0.0,-1.011736139214893,0.3372453797382976,0.6744907594765952,-0.6744907594765952,1.011736139214893,-0.6744907594765952,0.0,0.0,0.6334885212226357,2.3607176581680833,-2.023472278429786,0.0,0.0,0.6744907594765952,0.0,1.3489815189531904,0.0,1.011736139214893,1.3489815189531904,-0.6744907594765952,-0.3372453797382976,0.0,1.3489815189531904,-1.3489815189531904,-0.6169330746055764,2.023472278429786,-2.697963037906381,0.0,0.0,1
0.3372453797382976,-0.6744907594765952,0.3372453797382976,-0.6744907594765952,0.6744907594765952,0.6744907594765952,-0.6744907594765952,1.011736139214893,0.0,0.0,0.0,0.0,2.3607176581680833,-1.3489815189531904,0.6744907594765952,-0.6675387723151709,-0.3372453797382976,-0.22483025315886507,0.0,-0.3372453797382976,0.3372453797382976,2.697963037906381,-1.3489815189531904,0.0,-0.6744907594765952,1.3489815189531904,-2.697963037906381,-1.233866149211153,1.6862268986914881,-1.3489815189531904,0.0,0.0,1
0.3372453797382976,0.0,0.6744907594765952,-0.3372453797382976,0.3372453797382976,-0.6744907594765952,-0.6744907594765952,0.0,0.0,2.023472278429786,1.3489815189531904,0.6334885212226357,1.6862268986914881,-2.023472278429786,0.0,0.0,0.3372453797382976,-0.22483025315886507,0.0,1.011736139214893,0.3372453797382976,0.0,0.0,3.0352084176446783,-2.023472278429786,0.0,1.3489815189531904,0.0,2.023472278429786,-1.3489815189531904,-1.3489815189531904,0.0,1
0.3372453797382976,0.6744907594765952,1.011736139214893,0.3372453797382976,1.3489815189531904,2.023472278429786,-0.6744907594765952,-0.3372453797382976,-0.6744907594765952,1.3489815189531904,-1.3489815189531904,-0.6334885212226357,1.6862268986914881,-1.3489815189531904,0.0,0.0,1.011736139214893,0.8993210126354603,1.6862268986914881,1.011736139214893,3.3724537973829762,2.697963037906381,-1.3489815189531904,0.0,-1.3489815189531904,1.3489815189531904,-2.023472278429786,0.0,3.0352084176446783,0.0,1.3489815189531904,0.0,1
-0.3372453797382976,-1.3489815189531904,-0.3372453797382976,-1.3489815189531904,-0.3372453797382976,1.3489815189531904,-0.6744907594765952,1.011736139214893,-0.6744907594765952,-0.6744907594765952,0.0,-1.2669770424452713,1.3489815189531904,-2.023472278429786,0.0,-1.3350775446303418,0.3372453797382976,0.44966050631773014,1.011736139214893,0.6744907594765952,1.011736139214893,-2.023472278429786,0.0,0.0,-0.6744907594765952,2.023472278429786,2.023472278429786,1.233866149211153,2.023472278429786,-1.3489815189531904,0.6744907594765952,-0.6661485508120517,1
1.6862268986914881,2.023472278429786,2.023472278429786,0.6744907594765952,1.011736139214893,2.023472278429786,-3.3724537973829762,-0.3372453797382976,-1.3489815189531904,1.3489815189531904,-2.697963037906381,0.6334885212226357,1.6862268986914881,-4.046944556859572,-0.6744907594765952,0.6675387723151709,0.0,0.22483025315886507,0.3372453797382976,0.3372453797382976,0.6744907594765952,0.6744907594765952,-0.6744907594765952,-0.3372453797382976,-0.6744907594765952,1.3489815189531904,-0.6744907594765952,0.0,1.6862268986914881,-1.3489815189531904,0.0,0.0,1
-0.3372453797382976,-0.6744907594765952,-0.3372453797382976,-0.6744907594765952,0.3372453797382976,0.6744907594765952,-0.6744907594765952,1.011736139214893,-0.6744907594765952,0.0,0.0,0.0,1.6862268986914881,-2.023472278429786,0.0,-0.6675387723151709,0.0,-0.22483025315886507,0.0,-0.3372453797382976,0.0,0.6744907594765952,0.0,3.0352084176446783,-2.697963037906381,-0.6744907594765952,1.3489815189531904,0.0,2.023472278429786,-1.3489815189531904,-1.3489815189531904,0.0,1
2.3607176581680833,1.6862268986914881,2.023472278429786,0.3372453797382976,1.011736139214893,-0.6744907594765952,1.3489815189531904,0.6744907594765952,-0.6744907594765952,-2.023472278429786,-2.023472278429786,1.900465563667907,3.0352084176446783,4.046944556859572,0.6744907594765952,0.0,0.0,0.0,0.0,0.0,1.011736139214893,0.0,0.0,1.3489815189531904,-0.6744907594765952,-0.6744907594765952,-1.3489815189531904,0.0,1.3489815189531904,0.6744907594765952,3.3724537973829762,0.0,1
1.011736139214893,1.3489815189531904,1.6862268986914881,0.6744907594765952,2.3607176581680833,0.6744907594765952,0.0,0.6744907594765952,0.0,-0.6744907594765952,0.0,-0.6334885212226357,3.0352084176446783,0.0,1.3489815189531904,-1.3350775446303418,1.011736139214893,0.44966050631773014,1.6862268986914881,0.6744907594765952,1.011736139214893,-2.023472278429786,-0.6744907594765952,0.3372453797382976,0.0,2.697963037906381,2.697963037906381,1.8507992238167295,2.3607176581680833,-3.3724537973829762,1.3489815189531904,-1.3322971016241034,1
0.0,-2.023472278429786,0.0,-1.011736139214893,0.0,0.6744907594765952,-0.6744907594765952,1.011736139214893,0.0,-0.6744907594765952,0.0,0.0,2.023472278429786,-2.023472278429786,0.0,-0.6675387723151709,0.0,-1.3489815189531904,0.0,-0.6744907594765952,0.0,1.3489815189531904,-0.6744907594765952,1.011736139214893,-0.6744907594765952,-0.6744907594765952,0.0,-1.233866149211153,2.023472278429786,-1.3489815189531904,0.0,-1.998445652436155,1
0.6744907594765952,0.6744907594765952,1.3489815189531904,0.3372453797382976,1.3489815189531904,0.6744907594765952,0.0,-0.3372453797382976,-0.6744907594765952,1.3489815189531904,0.0,0.0,2.023472278429786,-0.6744907594765952,0.0,0.0,0.0,-0.6744907594765952,0.6744907594765952,-0.6744907594765952,0.3372453797382976,0.0,-0.6744907594765952,0.0,-0.6744907594765952,1.3489815189531904,0.6744907594765952,0.6169330746055764,1.6862268986914881,-2.023472278429786,0.0,0.0,1
0.6744907594765952,0.0,1.3489815189531904,0.0,2.3607176581680833,0.0,-0.6744907594765952,0.3372453797382976,-0.6744907594765952,0.0,-0.6744907594765952,0.0,3.3724537973829762,0.6744907594765952,2.023472278429786,-2.0026163169455127,0.6744907594765952,0.8993210126354603,1.3489815189531904,1.011736139214893,2.3607176581680833,0.0,2.023472278429786,1.011736139214893,-0.6744907594765952,0.0,0.0,0.0,1.3489815189531904,0.0,2.697963037906381,0.0,1
0.3372453797382976,1.3489815189531904,1.3489815189531904,0.6744907594765952,3.0352084176446783,2.023472278429786,-0.6744907594765952,0.0,-1.3489815189531904,0.6744907594765952,-2.023472278429786,-0.6334885212226357,3.0352084176446783,-1.3489815189531904,2.023472278429786,-2.6701550892606836,0.3372453797382976,0.0,0.6744907594765952,0.0,1.011736139214893,0.0,-0.6744907594765952,1.011736139214893,0.0,0.0,0.0,1.8507992238167295,2.697963037906381,-1.3489815189531904,0.0,0.6661485508120517,1
0.0,-1.3489815189531904,-0.3372453797382976,-0.3372453797382976,0.0,0.0,0.0,3.0352084176446783,-2.697963037906381,0.0,1.3489815189531904,0.0,2.023472278429786,-1.3489815189531904,-1.3489815189531904,0.0,-0.6744907594765952,-0.8993210126354603,-0.3372453797382976,-1.011736139214893,-0.3372453797382976,-0.6744907594765952,-0.6744907594765952,0.3372453797382976,-1.3489815189531904,1.3489815189531904,1.3489815189531904,1.233866149211153,1.011736139214893,-1.3489815189531904,-0.6744907594765952,-0.6661485508120517,1
0.0,0.0,0.0,-0.3372453797382976,0.0,0.0,0.0,3.0352084176446783,-2.697963037906381,0.0,1.3489815189531904,0.0,2.023472278429786,-1.3489815189531904,-1.3489815189531904,0.0,0.3372453797382976,0.0,0.0,0.0,0.3372453797382976,0.0,-1.3489815189531904,2.697963037906381,-3.3724537973829762,0.6744907594765952,0.6744907594765952,0.0,2.023472278429786,-2.023472278429786,-0.6744907594765952,1.3322971016241034,1
-0.3372453797382976,0.0,0.0,-0.3372453797382976,0.6744907594765952,1.3489815189531904,-0.6744907594765952,1.011736139214893,-0.6744907594765952,-0.6744907594765952,0.0,-1.2669770424452713,1.6862268986914881,-2.023472278429786,0.0,-1.3350775446303418,1.011736139214893,0.44966050631773014,1.6862268986914881,0.6744907594765952,1.011736139214893,-2.023472278429786,0.0,0.0,0.0,2.023472278429786,2.023472278429786,1.233866149211153,2.023472278429786,-2.023472278429786,0.0,-0.6661485508120517,1
0.3372453797382976,1.3489815189531904,0.6744907594765952,0.6744907594765952,2.023472278429786,0.6744907594765952,0.0,1.011736139214893,0.0,-0.6744907594765952,0.0,0.0,2.023472278429786,-1.3489815189531904,0.0,0.0,0.3372453797382976,0.8993210126354603,0.3372453797382976,1.3489815189531904,0.3372453797382976,0.0,0.0,3.0352084176446783,-2.023472278429786,0.0,1.3489815189531904,0.0,2.3607176581680833,-1.3489815189531904,-1.3489815189531904,0.0,1
0.6744907594765952,1.011736139214893,1.011736139214893,0.6744907594765952,1.3489815189531904,1.3489815189531904,-0.6744907594765952,1.011736139214893,0.0,-0.6744907594765952,0.0,-1.2669770424452713,2.023472278429786,-1.3489815189531904,0.0,-1.3350775446303418,-0.3372453797382976,0.0,0.0,0.0,0.6744907594765952,2.023472278429786,-0.6744907594765952,1.011736139214893,-0.6744907594765952,-0.6744907594765952,0.0,-1.8507992238167295,1.6862268986914881,-2.023472278429786,-0.6744907594765952,-1.998445652436155,1
0.3372453797382976,-0.6744907594765952,1.011736139214893,-0.6744907594765952,0.3372453797382976,2.023472278429786,-1.3489815189531904,0.0,0.0,1.3489815189531904,-2.697963037906381,-0.6334885212226357,2.697963037906381,-0.6744907594765952,0.6744907594765952,0.6675387723151709,1.011736139214893,0.6744907594765952,1.6862268986914881,1.011736139214893,1.3489815189531904,-1.3489815189531904,-0.6744907594765952,0.0,0.0,1.3489815189531904,1.3489815189531904,0.6169330746055764,2.023472278429786,-2.023472278429786,0.0,0.0,1
0.3372453797382976,-0.6744907594765952,0.0,0.3372453797382976,0.3372453797382976,0.6744907594765952,0.0,3.0352084176446783,-2.023472278429786,0.0,1.3489815189531904,0.0,2.023472278429786,-1.3489815189531904,-1.3489815189531904,0.0,0.3372453797382976,0.6744907594765952,1.011736139214893,1.011736139214893,1.3489815189531904,0.6744907594765952,-0.6744907594765952,1.011736139214893,0.0,-0.6744907594765952,0.6744907594765952,0.0,2.023472278429786,-1.3489815189531904,0.0,-0.6661485508120517,1
-0.3372453797382976,-1.6862268986914881,0.0,-0.6744907594765952,0.3372453797382976,1.3489815189531904,-0.6744907594765952,1.011736139214893,-0.6744907594765952,-0.6744907594765952,0.0,-1.2669770424452713,1.6862268986914881,-1.3489815189531904,0.0,-2.0026163169455127,0.6744907594765952,-0.22483025315886507,1.011736139214893,-0.3372453797382976,0.6744907594765952,2.023472278429786,-0.6744907594765952,-0.3372453797382976,0.0,1.3489815189531904,-2.023472278429786,-0.6169330746055764,2.023472278429786,-1.3489815189531904,0.0,0.0,1
0.0,-2.023472278429786,0.0,-1.011736139214893,0.0,0.6744907594765952,-0.6744907594765952,1.011736139214893,0.0,-0.6744907594765952,0.0,0.0,2.023472278429786,-2.023472278429786,0.0,-0.6675387723151709,0.6744907594765952,0.0,1.3489815189531904,0.0,0.6744907594765952,0.6744907594765952,-0.6744907594765952,-0.3372453797382976,0.0,1.3489815189531904,-0.6744907594765952,-0.6169330746055764,2.023472278429786,-1.3489815189531904,0.0,0.0,1
0.3372453797382976,0.3372453797382976,1.3489815189531904,0.0,2.3607176581680833,0.6744907594765952,-0.6744907594765952,0.0,-2.023472278429786,0.6744907594765952,-2.023472278429786,0.0,4.046944556859572,-1.3489815189531904,0.6744907594765952,-0.6675387723151709,0.6744907594765952,0.8993210126354603,1.3489815189531904,1.011736139214893,2.697963037906381,0.0,0.6744907594765952,1.011736139214893,-0.6744907594765952,0.0,-0.6744907594765952,0.0,1.3489815189531904,0.6744907594765952,4.721435316336167,0.0,1
1.6862268986914881,0.6744907594765952,2.697963037906381,0.6744907594765952,3.7096991771212737,-0.6744907594765952,-0.6744907594765952,0.6744907594765952,-0.6744907594765952,-0.6744907594765952,-1.3489815189531904,0.0,4.384189936597869,2.023472278429786,3.3724537973829762,0.6675387723151709,0.6744907594765952,-0.44966050631773014,1.011736139214893,-0.3372453797382976,1.3489815189531904,1.3489815189531904,0.6744907594765952,0.6744907594765952,-0.6744907594765952,0.0,-0.6744907594765952,-0.6169330746055764,2.3607176581680833,0.0,2.023472278429786,-3.330742754060258,1
0.6744907594765952,0.0,1.3489815189531904,-0.3372453797382976,1.011736139214893,0.6744907594765952,-0.6744907594765952,-0.3372453797382976,0.0,1.3489815189531904,-0.6744907594765952,-0.6334885212226357,2.023472278429786,-1.3489815189531904,0.0,-0.6675387723151709,1.011736139214893,0.44966050631773014,1.6862268986914881,0.6744907594765952,1.011736139214893,-2.023472278429786,0.0,0.0,0.0,2.023472278429786,2.023472278429786,1.233866149211153,2.023472278429786,-2.023472278429786,0.0,-0.6661485508120517,1
0.6744907594765952,1.3489815189531904,1.3489815189531904,1.011736139214893,2.3607176581680833,1.3489815189531904,0.0,0.6744907594765952,0.0,-0.6744907594765952,0.0,-1.2669770424452713,2.697963037906381,0.6744907594765952,0.6744907594765952,-1.3350775446303418,0.6744907594765952,0.8993210126354603,1.6862268986914881,1.011736139214893,3.7096991771212737,0.6744907594765952,0.0,0.0,-1.3489815189531904,0.6744907594765952,-2.023472278429786,-0.6169330746055764,3.3724537973829762,-2.697963037906381,1.3489815189531904,-1.3322971016241034,1
-1.011736139214893,-2.3607176581680833,-1.011736139214893,-2.023472278429786,-0.6744907594765952,0.0,-0.6744907594765952,2.023472278429786,-3.3724537973829762,0.0,0.6744907594765952,0.0,1.011736139214893,-1.3489815189531904,-1.3489815189531904,0.0,-0.3372453797382976,-0.6744907594765952,-0.3372453797382976,-0.6744907594765952,0.0,0.0,-0.6744907594765952,1.011736139214893,-0.6744907594765952,-0.6744907594765952,0.0,0.0,1.6862268986914881,-2.023472278429786,0.0,0.0,1
0.0,0.6744907594765952,0.0,0.0,0.6744907594765952,0.0,-0.6744907594765952,2.3607176581680833,-2.697963037906381,0.0,0.6744907594765952,0.0,2.023472278429786,-2.697963037906381,-0.6744907594765952,-0.6675387723151709,0.0,0.22483025315886507,0.0,0.3372453797382976,0.0,0.0,0.0,3.0352084176446783,-2.697963037906381,0.0,1.3489815189531904,0.0,2.023472278429786,-1.3489815189531904,-1.3489815189531904,0.0,1
-0.6744907594765952,-2.023472278429786,-0.6744907594765952,-1.6862268986914881,-0.3372453797382976,0.0,-0.6744907594765952,1.011736139214893,-0.6744907594765952,-0.6744907594765952,0.0,-0.6334885212226357,1.6862268986914881,-1.3489815189531904,0.0,-0.6675387723151709,0.0,-1.3489815189531904,0.0,-1.011736139214893,0.0,0.6744907594765952,-0.6744907594765952,1.011736139214893,-0.6744907594765952,0.0,0.0,0.0,2.023472278429786,-1.3489815189531904,0.6744907594765952,-1.3322971016241034,1
0.0,0.6744907594765952,0.6744907594765952,0.0,2.023472278429786,0.6744907594765952,-0.6744907594765952,0.0,-2.697963037906381,0.0,-2.023472278429786,0.0,2.697963037906381,-0.6744907594765952,0.0,-1.3350775446303418,0.3372453797382976,0.6744907594765952,0.3372453797382976,1.011736139214893,0.3372453797382976,0.6744907594765952,0.0,3.0352084176446783,-2.023472278429786,-0.6744907594765952,1.3489815189531904,0.0,2.023472278429786,-1.3489815189531904,-1.3489815189531904,0.0,1
0.3372453797382976,-1.6862268986914881,0.6744907594765952,-0.6744907594765952,0.6744907594765952,0.6744907594765952,-0.6744907594765952,1.011736139214893,0.0,-0.6744907594765952,0.0,-0.6334885212226357,2.697963037906381,-1.3489815189531904,0.6744907594765952,-1.3350775446303418,0.0,-0.44966050631773014,1.011736139214893,-0.3372453797382976,0.3372453797382976,1.3489815189531904,-0.6744907594765952,0.0,0.0,1.3489815189531904,-1.3489815189531904,-0.6169330746055764,2.023472278429786,-0.6744907594765952,0.0,0.0,1
0.3372453797382976,0.6744907594765952,0.3372453797382976,0.3372453797382976,0.3372453797382976,0.0,0.0,3.0352084176446783,-2.023472278429786,0.0,1.3489815189531904,0.0,2.3607176581680833,-1.3489815189531904,-1.3489815189531904,0.0,1.011736139214893,1.3489815189531904,1.011736139214893,0.6744907594765952,0.6744907594765952,1.3489815189531904,-2.697963037906381,-0.3372453797382976,-2.023472278429786,1.3489815189531904,-2.023472278429786,0.6169330746055764,1.3489815189531904,-4.046944556859572,-0.6744907594765952,0.6661485508120517,1
0.0,-0.6744907594765952,0.6744907594765952,-1.011736139214893,0.3372453797382976,1.3489815189531904,-0.6744907594765952,0.0,0.0,1.3489815189531904,-2.023472278429786,-0.6334885212226357,2.3607176581680833,-0.6744907594765952,0.0,0.0,-0.3372453797382976,-1.1241512657943253,0.0,-0.6744907594765952,0.0,1.3489815189531904,-0.6744907594765952,1.011736139214893,-0.6744907594765952,-0.6744907594765952,0.0,-1.233866149211153,1.6862268986914881,-2.023472278429786,0.0,-1.3322971016241034,1
-0.3372453797382976,-2.023472278429786,-0.3372453797382976,-1.3489815189531904,0.0,0.0,-0.6744907594765952,1.011736139214893,0.0,-0.6744907594765952,0.0,-0.6334885212226357,2.023472278429786,-1.3489815189531904,0.0,-0.6675387723151709,-0.6744907594765952,-1.5738117721120555,-1.011736139214893,-1.3489815189531904,-0.6744907594765952,0.0,-0.6744907594765952,2.3607176581680833,-3.3724537973829762,0.0,0.6744907594765952,0.0,1.3489815189531904,-1.3489815189531904,-1.3489815189531904,0.0,1
2.3607176581680833,1.3489815189531904,2.023472278429786,0.0,0.6744907594765952,-0.6744907594765952,2.023472278429786,0.6744907594765952,0.0,-2.023472278429786,-2.023472278429786,1.900465563667907,2.697963037906381,2.697963037906381,0.0,-0.6675387723151709,1.3489815189531904,0.6744907594765952,1.011736139214893,0.0,0.3372453797382976,-1.3489815189531904,1.3489815189531904,0.6744907594765952,0.0,-2.023472278429786,-2.023472278429786,1.8507992238167295,2.3607176581680833,2.023472278429786,0.0,-0.6661485508120517,1
0.3372453797382976,0.3372453797382976,1.011736139214893,0.0,1.3489815189531904,0.0,-0.6744907594765952,0.6744907594765952,0.0,0.0,0.0,1.900465563667907,4.046944556859572,-1.3489815189531904,0.0,1.3350775446303418,1.6862268986914881,1.3489815189531904,2.023472278429786,1.011736139214893,1.011736139214893,2.023472278429786,-3.3724537973829762,-0.3372453797382976,-1.3489815189531904,1.3489815189531904,-2.697963037906381,0.6169330746055764,1.6862268986914881,-4.046944556859572,-0.6744907594765952,0.6661485508120517,1
1.3489815189531904,1.011736139214893,2.023472278429786,0.6744907594765952,2.023472278429786,1.3489815189531904,-0.6744907594765952,-0.3372453797382976,0.0,1.3489815189531904,-2.023472278429786,-0.6334885212226357,3.0352084176446783,0.6744907594765952,0.6744907594765952,0.0,0.0,0.44966050631773014,0.6744907594765952,0.3372453797382976,2.023472278429786,0.6744907594765952,-0.6744907594765952,0.0,-2.697963037906381,0.0,-2.023472278429786,0.0,2.697963037906381,-0.6744907594765952,0.0,-1.3322971016241034,1
-1.011736139214893,-2.3607176581680833,-1.011736139214893,-1.6862268986914881,-0.6744907594765952,0.6744907594765952,-0.6744907594765952,2.023472278429786,-3.3724537973829762,0.0,0.6744907594765952,0.0,1.3489815189531904,-1.3489815189531904,-1.3489815189531904,0.0,0.0,-0.44966050631773014,0.0,1.011736139214893,0.3372453797382976,0.0,0.0,3.0352084176446783,-2.023472278429786,0.0,1.3489815189531904,0.0,2.023472278429786,-1.3489815189531904,-1.3489815189531904,0.0,1
0.0,1.011736139214893,0.0,0.6744907594765952,1.011736139214893,0.0,-1.3489815189531904,2.697963037906381,-2.697963037906381,0.0,1.3489815189531904,0.0,2.023472278429786,-1.3489815189531904,-0.6744907594765952,0.6675387723151709,0.0,0.22483025315886507,0.3372453797382976,0.3372453797382976,1.011736139214893,0.6744907594765952,-0.6744907594765952,0.6744907594765952,0.0,-0.6744907594765952,0.0,0.0,2.023472278429786,-2.023472278429786,0.0,-0.6661485508120517,1
0.0,-1.6862268986914881,0.0,-1.011736139214893,0.3372453797382976,-0.6744907594765952,-0.6744907594765952,1.011736139214893,0.0,0.0,0.0,1.2669770424452713,2.023472278429786,-1.3489815189531904,0.0,0.0,0.3372453797382976,0.8993210126354603,1.3489815189531904,1.011736139214893,3.0352084176446783,2.023472278429786,-0.6744907594765952,0.0,-1.3489815189531904,0.6744907594765952,-2.023472278429786,-0.6169330746055764,3.0352084176446783,-1.3489815189531904,2.023472278429786,-2.664594203248207,1
0.6744907594765952,1.011736139214893,1.3489815189531904,0.6744907594765952,1.6862268986914881,0.6744907594765952,0.0,-0.3372453797382976,-0.6744907594765952,1.3489815189531904,0.0,0.0,2.023472278429786,-1.3489815189531904,0.0,0.0,-0.6744907594765952,-1.3489815189531904,-0.6744907594765952,-1.3489815189531904,-0.3372453797382976,0.0,-0.6744907594765952,1.011736139214893,-0.6744907594765952,-0.6744907594765952,0.0,-0.6169330746055764,1.6862268986914881,-1.3489815189531904,0.0,-0.6661485508120517,1
0.0,0.3372453797382976,-0.3372453797382976,0.0,0.6744907594765952,0.6744907594765952,-0.6744907594765952,2.3607176581680833,-2.697963037906381,-0.6744907594765952,0.6744907594765952,0.0,1.6862268986914881,-2.023472278429786,-1.3489815189531904,-0.6675387723151709,0.0,0.22483025315886507,0.3372453797382976,0.3372453797382976,1.011736139214893,0.0,0.0,-0.3372453797382976,-0.6744907594765952,1.3489815189531904,0.0,0.0,1.6862268986914881,-1.3489815189531904,0.0,0.0,1
0.6744907594765952,0.6744907594765952,0.6744907594765952,-0.6744907594765952,0.3372453797382976,2.023472278429786,2.023472278429786,1.011736139214893,-1.3489815189531904,-1.3489815189531904,0.0,0.6334885212226357,2.697963037906381,3.3724537973829762,0.0,-1.3350775446303418,-1.011736139214893,-1.3489815189531904,-1.011736139214893,-1.3489815189531904,-0.6744907594765952,0.6744907594765952,-0.6744907594765952,2.3607176581680833,-3.3724537973829762,-0.6744907594765952,0.6744907594765952,0.0,1.3489815189531904,-1.3489815189531904,-1.3489815189531904,0.0,1
0.6744907594765952,1.011736139214893,1.3489815189531904,0.6744907594765952,1.6862268986914881,0.6744907594765952,0.0,-0.3372453797382976,-0.6744907594765952,1.3489815189531904,0.0,0.0,2.023472278429786,-1.3489815189531904,0.0,0.0,0.0,0.0,0.0,0.0,0.0,-0.6744907594765952,0.0,3.0352084176446783,-2.697963037906381,0.6744907594765952,1.3489815189531904,0.0,2.023472278429786,-1.3489815189531904,-1.3489815189531904,0.0,1
0.0,0.0,0.3372453797382976,-0.3372453797382976,1.6862268986914881,2.697963037906381,0.0,0.0,-0.6744907594765952,0.6744907594765952,-2.023472278429786,-0.6334885212226357,1.011736139214893,-2.023472278429786,0.0,-1.3350775446303418,0.0,0.0,0.6744907594765952,0.0,1.6862268986914881,0.0,0.0,0.0,-2.023472278429786,0.0,-1.3489815189531904,0.0,2.023472278429786,-2.023472278429786,0.0,-0.6661485508120517,1
0.6744907594765952,0.6744907594765952,1.011736139214893,0.3372453797382976,1.011736139214893,0.6744907594765952,-0.6744907594765952,-0.3372453797382976,0.0,1.3489815189531904,-0.6744907594765952,0.0,2.023472278429786,-1.3489815189531904,0.0,0.0,0.3372453797382976,0.22483025315886507,0.6744907594765952,0.3372453797382976,1.3489815189531904,0.0,0.0,1.011736139214893,0.0,-0.6744907594765952,0.0,-0.6169330746055764,2.3607176581680833,0.0,0.6744907594765952,-1.3322971016241034,1
0.0,-0.3372453797382976,0.0,-0.6744907594765952,0.0,0.6744907594765952,0.0,3.0352084176446783,-2.697963037906381,-0.6744907594765952,1.3489815189531904,0.0,2.023472278429786,-1.3489815189531904,-1.3489815189531904,0.0,-0.3372453797382976,-0.8993210126354603,0.0,-1.011736139214893,-0.3372453797382976,-1.3489815189531904,-0.6744907594765952,0.3372453797382976,-1.3489815189531904,2.023472278429786,2.023472278429786,1.233866149211153,1.3489815189531904,-2.023472278429786,0.0,-0.6661485508120517,1
-0.6744907594765952,-2.023472278429786,-0.6744907594765952,-1.3489815189531904,-0.3372453797382976,0.0,-0.6744907594765952,1.011736139214893,-0.6744907594765952,-0.6744907594765952,0.0,0.0,1.3489815189531904,-2.023472278429786,-0.6744907594765952,0.0,0.3372453797382976,0.0,0.6744907594765952,0.0,1.011736139214893,0.0,0.0,0.0,-0.6744907594765952,1.3489815189531904,0.6744907594765952,0.6169330746055764,1.6862268986914881,-2.023472278429786,0.0,0.0,1
2.023472278429786,2.023472278429786,2.3607176581680833,0.6744907594765952,1.011736139214893,2.023472278429786,-3.3724537973829762,-0.3372453797382976,-2.023472278429786,1.3489815189531904,-2.697963037906381,0.6334885212226357,1.6862268986914881,-4.046944556859572,-0.6744907594765952,0.6675387723151709,0.3372453797382976,-0.44966050631773014,0.3372453797382976,-0.3372453797382976,0.6744907594765952,0.6744907594765952,-0.6744907594765952,1.011736139214893,0.0,0.0,0.0,0.0,2.3607176581680833,-1.3489815189531904,0.6744907594765952,-0.6661485508120517,1
-0.6744907594765952,-2.023472278429786,-0.6744907594765952,-1.3489815189531904,-0.3372453797382976,0.6744907594765952,-0.6744907594765952,1.011736139214893,-1.3489815189531904,-0.6744907594765952,0.0,-0.6334885212226357,1.3489815189531904,-2.023472278429786,-0.6744907594765952,-0.6675387723151709,-0.3372453797382976,-0.8993210126354603,0.0,-1.011736139214893,-0.3372453797382976,0.6744907594765952,-0.6744907594765952,-0.3372453797382976,-0.6744907594765952,1.3489815189531904,-0.6744907594765952,0.0,1.6862268986914881,-1.3489815189531904,0.0,0.0,1
0.6744907594765952,1.3489815189531904,1.3489815189531904,0.6744907594765952,1.3489815189531904,0.0,-0.6744907594765952,1.011736139214893,0.6744907594765952,-0.6744907594765952,0.0,-0.6334885212226357,2.697963037906381,0.0,0.6744907594765952,-1.3350775446303418,-0.6744907594765952,-1.3489815189531904,-1.011736139214893,-1.3489815189531904,-0.6744907594765952,0.0,-0.6744907594765952,2.3607176581680833,-3.3724537973829762,0.0,0.6744907594765952,0.0,1.3489815189531904,-1.3489815189531904,-1.3489815189531904,0.0,1
1.011736139214893,0.0,1.6862268986914881,-0.3372453797382976,1.3489815189531904,-1.3489815189531904,0.0,0.0,0.0,2.023472278429786,2.023472278429786,1.2669770424452713,3.0352084176446783,0.0,1.3489815189531904,0.0,1.6862268986914881,0.6744907594765952,2.697963037906381,1.011736139214893,2.3607176581680833,-2.697963037906381,0.6744907594765952,0.3372453797382976,0.0,2.023472278429786,2.697963037906381,1.8507992238167295,3.3724537973829762,0.0,2.697963037906381,-1.3322971016241034,1
-0.3372453797382976,0.0,-0.3372453797382976,-0.3372453797382976,0.3372453797382976,0.0,-1.3489815189531904,2.3607176581680833,-3.3724537973829762,0.0,0.6744907594765952,0.0,1.3489815189531904,-2.023472278429786,-1.3489815189531904,0.0,0.6744907594765952,0.44966050631773014,1.3489815189531904,0.3372453797382976,1.3489815189531904,1.3489815189531904,-0.6744907594765952,-0.3372453797382976,0.0,1.3489815189531904,-1.3489815189531904,-0.6169330746055764,2.023472278429786,-1.3489815189531904,0.0,0.0,1
0.3372453797382976,1.011736139214893,0.3372453797382976,0.6744907594765952,1.011736139214893,0.6744907594765952,-0.6744907594765952,2.697963037906381,-2.697963037906381,-0.6744907594765952,0.6744907594765952,0.0,2.3607176581680833,-2.023472278429786,0.0,-2.0026163169455127,0.0,-0.6744907594765952,0.0,-0.6744907594765952,0.0,0.0,-0.6744907594765952,1.011736139214893,0.0,-0.6744907594765952,0.0,-0.6169330746055764,2.023472278429786,-1.3489815189531904,0.6744907594765952,-0.6661485508120517,1
-0.3372453797382976,-0.3372453797382976,-0.3372453797382976,-0.6744907594765952,0.3372453797382976,0.0,-1.3489815189531904,2.3607176581680833,-3.3724537973829762,0.0,0.6744907594765952,0.0,1.3489815189531904,-2.023472278429786,-1.3489815189531904,0.0,1.6862268986914881,1.5738117721120555,2.023472278429786,1.011736139214893,1.3489815189531904,-1.3489815189531904,-2.023472278429786,0.3372453797382976,-1.3489815189531904,0.0,-2.023472278429786,1.233866149211153,2.697963037906381,-4.721435316336167,0.0,0.0,1
0.0,-1.3489815189531904,0.0,-0.3372453797382976,0.0,0.0,0.0,3.0352084176446783,-2.697963037906381,0.0,1.3489815189531904,0.0,2.023472278429786,-1.3489815189531904,-1.3489815189531904,0.0,3.0352084176446783,1.7986420252709205,2.697963037906381,1.011736139214893,1.3489815189531904,-2.697963037906381,0.6744907594765952,1.011736139214893,0.6744907594765952,-2.023472278429786,-3.3724537973829762,3.0846653730278826,2.3607176581680833,2.023472278429786,0.0,0.0,1
0.0,-1.6862268986914881,0.0,-0.6744907594765952,0.3372453797382976,1.3489815189531904,-0.6744907594765952,1.011736139214893,-0.6744907594765952,-0.6744907594765952,0.0,-1.2669770424452713,2.023472278429786,-1.3489815189531904,0.0,-1.3350775446303418,0.0,-0.6744907594765952,0.3372453797382976,-0.6744907594765952,0.0,-0.6744907594765952,-0.6744907594765952,0.0,-0.6744907594765952,2.023472278429786,1.3489815189531904,1.233866149211153,2.023472278429786,-2.697963037906381,0.6744907594765952,0.0,1
0.0,1.3489815189531904,0.0,0.6744907594765952,0.3372453797382976,0.0,0.0,3.0352084176446783,-2.023472278429786,0.0,1.3489815189531904,0.0,2.023472278429786,-1.3489815189531904,-1.3489815189531904,0.0,0.0,0.0,0.3372453797382976,0.0,0.6744907594765952,0.0,0.0,-0.3372453797382976,-0.6744907594765952,1.3489815189531904,0.0,0.6169330746055764,1.6862268986914881,-1.3489815189531904,0.0,0.0,1
0.0,1.3489815189531904,0.0,0.6744907594765952,0.3372453797382976,0.0,0.0,3.0352084176446783,-2.023472278429786,0.0,1.3489815189531904,0.0,2.023472278429786,-1.3489815189531904,-1.3489815189531904,0.0,0.3372453797382976,0.22483025315886507,1.3489815189531904,0.3372453797382976,2.3607176581680833,0.6744907594765952,-0.6744907594765952,0.0,-2.023472278429786,0.6744907594765952,-2.023472278429786,0.0,4.046944556859572,-1.3489815189531904,0.6744907594765952,-0.6661485508120517,1
0.3372453797382976,0.0,0.0,-0.3372453797382976,0.3372453797382976,0.0,-1.3489815189531904,2.697963037906381,-3.3724537973829762,0.6744907594765952,0.6744907594765952,0.0,2.023472278429786,-2.023472278429786,-0.6744907594765952,1.3350775446303418,0.0,-1.3489815189531904,0.0,-1.011736139214893,0.0,0.6744907594765952,-0.6744907594765952,1.011736139214893,-0.6744907594765952,0.0,0.0,0.0,2.023472278429786,-1.3489815189531904,0.6744907594765952,-1.3322971016241034,1
0.0,-0.6744907594765952,0.0,0.3372453797382976,0.3372453797382976,0.6744907594765952,0.0,3.0352084176446783,-2.023472278429786,-0.6744907594765952,1.3489815189531904,0.0,2.023472278429786,-1.3489815189531904,-1.3489815189531904,0.0,0.3372453797382976,0.44966050631773014,0.0,0.3372453797382976,1.011736139214893,0.0,-1.3489815189531904,2.697963037906381,-3.3724537973829762,0.0,0.6744907594765952,0.0,1.6862268986914881,-2.023472278429786,-0.6744907594765952,0.6661485508120517,1
0.3372453797382976,0.0,0.6744907594765952,-0.3372453797382976,0.3372453797382976,2.697963037906381,-0.6744907594765952,0.0,0.0,1.3489815189531904,-3.3724537973829762,-1.2669770424452713,2.023472278429786,-1.3489815189531904,0.0,0.6675387723151709,0.0,0.0,0.6744907594765952,0.0,2.023472278429786,0.6744907594765952,0.0,0.0,-1.3489815189531904,0.6744907594765952,-2.023472278429786,-0.6169330746055764,2.697963037906381,-2.023472278429786,0.0,-1.3322971016241034,1
0.3372453797382976,1.011736139214893,1.011736139214893,0.6744907594765952,1.011736139214893,3.3724537973829762,-0.6744907594765952,-0.3372453797382976,-0.6744907594765952,1.3489815189531904,-2.697963037906381,-1.2669770424452713,2.023472278429786,-1.3489815189531904,0.0,0.0,1.3489815189531904,0.6744907594765952,2.023472278429786,0.6744907594765952,1.3489815189531904,-1.3489815189531904,-0.6744907594765952,0.3372453797382976,0.0,2.697963037906381,2.023472278429786,1.8507992238167295,3.0352084176446783,-2.023472278429786,1.3489815189531904,-0.6661485508120517,1
-0.3372453797382976,-2.023472278429786,-0.3372453797382976,-1.3489815189531904,0.0,0.6744907594765952,-0.6744907594765952,1.011736139214893,-0.6744907594765952,-0.6744907594765952,0.0,0.0,1.6862268986914881,-2.023472278429786,0.0,0.0,0.0,0.44966050631773014,0.0,0.6744907594765952,1.011736139214893,0.0,-1.3489815189531904,2.3607176581680833,-2.697963037906381,0.0,0.6744907594765952,0.0,1.3489815189531904,-2.023472278429786,-1.3489815189531904,0.0,1
1.011736139214893,0.3372453797382976,1.3489815189531904,0.3372453797382976,2.3607176581680833,0.6744907594765952,0.0,0.6744907594765952,-0.6744907594765952,0.0,-0.6744907594765952,-0.6334885212226357,2.697963037906381,0.6744907594765952,2.697963037906381,-2.6701550892606836,0.3372453797382976,-0.44966050631773014,0.3372453797382976,-0.3372453797382976,0.3372453797382976,0.6744907594765952,-0.6744907594765952,1.011736139214893,0.0,0.0,0.0,0.0,2.023472278429786,-1.3489815189531904,0.0,-0.6661485508120517,1
2.023472278429786,2.3607176581680833,2.3607176581680833,0.6744907594765952,1.3489815189531904,1.3489815189531904,-2.697963037906381,0.0,-2.023472278429786,1.3489815189531904,-2.697963037906381,1.2669770424452713,3.0352084176446783,-5.395926075812762,0.0,0.0,0.3372453797382976,-0.44966050631773014,0.6744907594765952,-0.3372453797382976,0.3372453797382976,0.0,-0.6744907594765952,1.011736139214893,0.6744907594765952,-0.6744907594765952,0.0,-0.6169330746055764,2.3607176581680833,-0.6744907594765952,0.6744907594765952,-1.3322971016241034,1
-0.6744907594765952,-2.3607176581680833,-1.011736139214893,-1.6862268986914881,-0.6744907594765952,0.0,-0.6744907594765952,2.3607176581680833,-3.3724537973829762,0.0,0.6744907594765952,0.0,1.3489815189531904,-1.3489815189531904,-1.3489815189531904,0.0,1.011736139214893,0.44966050631773014,1.3489815189531904,0.6744907594765952,1.3489815189531904,-0.6744907594765952,-0.6744907594765952,0.0,0.0,2.023472278429786,1.3489815189531904,0.6169330746055764,2.697963037906381,-0.6744907594765952,0.6744907594765952,0.0,1
0.3372453797382976,1.011736139214893,0.6744907594765952,-0.3372453797382976,0.3372453797382976,3.3724537973829762,-2.697963037906381,0.6744907594765952,-2.023472278429786,2.697963037906381,-4.046944556859572,1.2669770424452713,1.6862268986914881,-4.046944556859572,-0.6744907594765952,0.0,0.3372453797382976,0.6744907594765952,0.6744907594765952,0.0,0.3372453797382976,3.3724537973829762,-2.697963037906381,0.6744907594765952,-2.023472278429786,2.697963037906381,-4.046944556859572,1.233866149211153,1.6862268986914881,-4.046944556859572,-0.6744907594765952,0.0,1
-0.6744907594765952,-1.3489815189531904,-0.3372453797382976,-1.3489815189531904,-0.3372453797382976,0.0,0.0,0.0,-1.3489815189531904,1.3489815189531904,0.6744907594765952,0.0,1.011736139214893,-2.023472278429786,-0.6744907594765952,-0.6675387723151709,-0.3372453797382976,-0.8993210126354603,0.0,-1.3489815189531904,-0.3372453797382976,-1.3489815189531904,0.0,0.3372453797382976,-0.6744907594765952,2.023472278429786,2.023472278429786,1.233866149211153,1.3489815189531904,-1.3489815189531904,0.0,0.0,1
-0.3372453797382976,0.0,-0.3372453797382976,-0.3372453797382976,0.0,0.0,0.0,2.697963037906381,-2.697963037906381,0.0,1.3489815189531904,0.0,2.023472278429786,-1.3489815189531904,-1.3489815189531904,0.0,-0.3372453797382976,-0.6744907594765952,0.0,-0.6744907594765952,0.0,1.3489815189531904,-0.6744907594765952,0.0,-0.6744907594765952,1.3489815189531904,-1.3489815189531904,-0.6169330746055764,1.3489815189531904,-2.023472278429786,-0.6744907594765952,0.0,1
-1.011736139214893,-2.3607176581680833,-1.011736139214893,-2.023472278429786,-0.6744907594765952,0.0,-0.6744907594765952,2.023472278429786,-3.3724537973829762,0.0,0.6744907594765952,0.0,1.011736139214893,-1.3489815189531904,-1.3489815189531904,0.0,-1.011736139214893,-1.5738117721120555,-1.011736139214893,-1.6862268986914881,-0.6744907594765952,0.0,-0.6744907594765952,2.023472278429786,-3.3724537973829762,0.0,0.6744907594765952,0.0,1.3489815189531904,-1.3489815189531904,-1.3489815189531904,0.0,1
1.3489815189531904,1.011736139214893,1.6862268986914881,0.0,0.6744907594765952,1.3489815189531904,-2.697963037906381,0.0,-2.023472278429786,1.3489815189531904,-2.697963037906381,1.2669770424452713,2.023472278429786,-4.721435316336167,0.0,0.6675387723151709,0.0,-0.22483025315886507,0.0,1.011736139214893,0.3372453797382976,0.6744907594765952,0.0,3.0352084176446783,-2.023472278429786,-0.6744907594765952,1.3489815189531904,0.0,2.023472278429786,-1.3489815189531904,-1.3489815189531904,0.0,1
0.6744907594765952,1.011736139214893,1.3489815189531904,0.6744907594765952,1.6862268986914881,2.697963037906381,-0.6744907594765952,-0.3372453797382976,-0.6744907594765952,1.3489815189531904,-2.023472278429786,-1.2669770424452713,2.3607176581680833,-1.3489815189531904,0.0,0.0,-0.3372453797382976,-0.22483025315886507,-0.3372453797382976,-0.3372453797382976,0.3372453797382976,1.3489815189531904,-0.6744907594765952,1.011736139214893,-0.6744907594765952,-0.6744907594765952,0.0,-1.8507992238167295,1.6862268986914881,-2.023472278429786,0.0,-1.3322971016241034,1
0.0,-1.3489815189531904,0.0,-0.6744907594765952,0.3372453797382976,0.6744907594765952,-0.6744907594765952,1.011736139214893,-0.6744907594765952,-0.6744907594765952,0.0,0.0,2.3607176581680833,-2.023472278429786,0.6744907594765952,-1.3350775446303418,0.6744907594765952,0.6744907594765952,0.6744907594765952,0.0,0.3372453797382976,4.046944556859572,-3.3724537973829762,0.6744907594765952,-2.023472278429786,3.3724537973829762,-4.046944556859572,0.6169330746055764,1.3489815189531904,-3.3724537973829762,-0.6744907594765952,0.0,1
0.3372453797382976,1.3489815189531904,1.011736139214893,0.6744907594765952,1.6862268986914881,1.3489815189531904,0.0,0.6744907594765952,0.0,-0.6744907594765952,0.0,-1.900465563667907,2.697963037906381,0.0,0.6744907594765952,-2.0026163169455127,2.3607176581680833,1.7986420252709205,1.6862268986914881,1.011736139214893,1.011736139214893,0.6744907594765952,2.697963037906381,0.6744907594765952,0.0,-2.023472278429786,-1.3489815189531904,0.6169330746055764,2.3607176581680833,0.6744907594765952,0.0,-0.6661485508120517,1
1.011736139214893,0.6744907594765952,2.023472278429786,0.0,1.6862268986914881,-2.023472278429786,0.0,0.0,0.0,2.697963037906381,2.023472278429786,1.900465563667907,2.697963037906381,0.6744907594765952,2.023472278429786,-0.6675387723151709,0.3372453797382976,-0.22483025315886507,0.6744907594765952,-0.3372453797382976,0.6744907594765952,2.697963037906381,-0.6744907594765952,0.0,-0.6744907594765952,1.3489815189531904,-3.3724537973829762,-1.233866149211153,1.6862268986914881,-1.3489815189531904,0.0,0.0,1
0.0,-1.6862268986914881,0.0,-0.6744907594765952,0.3372453797382976,0.6744907594765952,-0.6744907594765952,1.011736139214893,-0.6744907594765952,-0.6744907594765952,0.0,0.0,2.023472278429786,-1.3489815189531904,0.0,-0.6675387723151709,-0.3372453797382976,-0.6744907594765952,0.0,-0.6744907594765952,0.0,0.6744907594765952,-1.3489815189531904,0.0,-1.3489815189531904,1.3489815189531904,-0.6744907594765952,0.0,1.6862268986914881,-2.023472278429786,-0.6744907594765952,0.0,1
-0.6744907594765952,-2.3607176581680833,-1.011736139214893,-1.6862268986914881,-0.6744907594765952,0.0,-0.6744907594765952,2.3607176581680833,-3.3724537973829762,0.0,0.6744907594765952,0.0,1.3489815189531904,-1.3489815189531904,-1.3489815189531904,0.0,-0.3372453797382976,-0.8993210126354603,-0.3372453797382976,-1.011736139214893,-0.3372453797382976,1.3489815189531904,-0.6744907594765952,1.011736139214893,-0.6744907594765952,-0.6744907594765952,0.0,-1.233866149211153,1.3489815189531904,-2.023472278429786,0.0,-1.3322971016241034,1
0.0,-0.6744907594765952,0.0,0.6744907594765952,0.3372453797382976,0.0,0.0,3.0352084176446783,-2.023472278429786,0.0,1.3489815189531904,0.0,2.023472278429786,-1.3489815189531904,-1.3489815189531904,0.0,-0.3372453797382976,-0.6744907594765952,0.0,-0.6744907594765952,0.0,0.0,-0.6744907594765952,0.0,-0.6744907594765952,1.3489815189531904,0.0,0.0,1.6862268986914881,-2.023472278429786,-0.6744907594765952,0.0,1
0.0,-1.6862268986914881,0.0,-1.011736139214893,0.3372453797382976,0.6744907594765952,-0.6744907594765952,1.011736139214893,-0.6744907594765952,0.0,0.0,0.0,1.6862268986914881,-2.023472278429786,0.0,0.0,0.6744907594765952,0.0,1.011736139214893,0.0,1.011736139214893,-0.6744907594765952,0.0,0.0,-0.6744907594765952,1.3489815189531904,0.6744907594765952,0.6169330746055764,2.023472278429786,-1.3489815189531904,0.6744907594765952,0.0,1
0.0,-1.011736139214893,0.0,-1.011736139214893,0.3372453797382976,1.3489815189531904,-0.6744907594765952,1.011736139214893,-0.6744907594765952,-0.6744907594765952,0.0,-1.900465563667907,2.3607176581680833,-2.023472278429786,0.6744907594765952,-1.3350775446303418,0.3372453797382976,0.0,1.3489815189531904,0.0,2.3607176581680833,1.3489815189531904,0.0,0.0,-1.3489815189531904,0.6744907594765952,-2.023472278429786,-0.6169330746055764,3.0352084176446783,-1.3489815189531904,0.6744907594765952,-1.998445652436155,1
0.0,-0.3372453797382976,0.0,-0.6744907594765952,0.3372453797382976,-0.6744907594765952,-0.6744907594765952,1.011736139214893,0.0,-0.6744907594765952,0.6744907594765952,1.2669770424452713,1.6862268986914881,-2.023472278429786,0.0,0.6675387723151709,0.6744907594765952,0.8993210126354603,1.011736139214893,1.011736139214893,1.6862268986914881,0.6744907594765952,-0.6744907594765952,0.6744907594765952,0.0,-0.6744907594765952,0.0,0.0,2.023472278429786,-1.3489815189531904,0.0,-0.6661485508120517,1
0.3372453797382976,0.3372453797382976,1.011736139214893,0.0,1.011736139214893,0.6744907594765952,-0.6744907594765952,1.011736139214893,0.0,-0.6744907594765952,0.0,0.0,2.023472278429786,-1.3489815189531904,0.0,-0.6675387723151709,2.023472278429786,1.5738117721120555,1.6862268986914881,1.011736139214893,0.6744907594765952,1.3489815189531904,2.697963037906381,1.011736139214893,0.0,-2.023472278429786,-0.6744907594765952,0.6169330746055764,2.697963037906381,2.023472278429786,0.0,-0.6661485508120517,1
1.011736139214893,0.0,1.6862268986914881,0.0,2.3607176581680833,-0.6744907594765952,1.3489815189531904,0.6744907594765952,-1.3489815189531904,0.0,-1.3489815189531904,0.0,3.3724537973829762,-2.023472278429786,2.697963037906381,0.0,0.3372453797382976,-0.44966050631773014,0.3372453797382976,-0.3372453797382976,0.6744907594765952,0.6744907594765952,-0.6744907594765952,1.011736139214893,0.0,0.0,0.0,0.0,2.3607176581680833,-1.3489815189531904,0.6744907594765952,-0.6661485508120517,1
0.0,-0.3372453797382976,0.6744907594765952,-0.6744907594765952,1.011736139214893,3.3724537973829762,-2.697963037906381,0.0,-2.697963037906381,2.023472278429786,-2.023472278429786,0.6334885212226357,2.023472278429786,-1.3489815189531904,0.0,0.0,0.3372453797382976,-0.44966050631773014,0.6744907594765952,-0.3372453797382976,0.6744907594765952,0.6744907594765952,-0.6744907594765952,1.011736139214893,0.0,0.0,0.0,0.0,2.3607176581680833,-1.3489815189531904,0.6744907594765952,-0.6661485508120517,1
-0.6744907594765952,-2.023472278429786,-1.011736139214893,-1.6862268986914881,-0.6744907594765952,0.6744907594765952,-0.6744907594765952,2.3607176581680833,-3.3724537973829762,-0.6744907594765952,1.3489815189531904,0.0,1.3489815189531904,-1.3489815189531904,-1.3489815189531904,0.0,0.6744907594765952,0.8993210126354603,0.6744907594765952,1.011736139214893,1.3489815189531904,0.6744907594765952,-0.6744907594765952,2.697963037906381,-2.697963037906381,0.0,0.6744907594765952,0.0,2.3607176581680833,-2.697963037906381,-0.6744907594765952,0.0,1
-0.3372453797382976,-1.3489815189531904,-0.3372453797382976,-1.3489815189531904,0.0,-0.6744907594765952,-0.6744907594765952,1.011736139214893,-0.6744907594765952,0.0,0.0,1.2669770424452713,1.6862268986914881,-2.023472278429786,0.0,0.6675387723151709,0.0,-0.6744907594765952,0.3372453797382976,-0.6744907594765952,0.0,-0.6744907594765952,-0.6744907594765952,0.0,-0.6744907594765952,2.023472278429786,1.3489815189531904,1.233866149211153,2.023472278429786,-2.697963037906381,0.6744907594765952,0.0,1
1.011736139214893,0.6744907594765952,1.3489815189531904,-0.3372453797382976,0.3372453797382976,3.3724537973829762,-3.3724537973829762,0.6744907594765952,-2.023472278429786,2.697963037906381,-4.046944556859572,0.6334885212226357,1.6862268986914881,-4.046944556859572,-0.6744907594765952,0.0,0.0,0.22483025315886507,0.0,0.3372453797382976,0.0,0.0,0.0,3.0352084176446783,-2.697963037906381,0.0,1.3489815189531904,0.0,2.023472278429786,-1.3489815189531904,-1.3489815189531904,0.0,1
0.3372453797382976,0.6744907594765952,0.3372453797382976,-0.3372453797382976,0.0,2.697963037906381,-2.697963037906381,-0.3372453797382976,-2.023472278429786,2.023472278429786,-2.697963037906381,0.6334885212226357,1.6862268986914881,-4.046944556859572,-0.6744907594765952,0.6675387723151709,0.3372453797382976,-0.22483025315886507,0.6744907594765952,-0.3372453797382976,0.6744907594765952,2.697963037906381,-0.6744907594765952,0.0,-0.6744907594765952,1.3489815189531904,-3.3724537973829762,-1.233866149211153,1.6862268986914881,-1.3489815189531904,0.0,0.0,1
1.3489815189531904,1.011736139214893,2.023472278429786,0.3372453797382976,2.023472278429786,-1.3489815189531904,0.0,0.0,0.0,1.3489815189531904,1.3489815189531904,0.6334885212226357,2.3607176581680833,-0.6744907594765952,0.6744907594765952,0.0,1.3489815189531904,0.44966050631773014,2.023472278429786,1.011736139214893,3.3724537973829762,0.6744907594765952,0.0,0.3372453797382976,-0.6744907594765952,0.0,-0.6744907594765952,-0.6169330746055764,3.0352084176446783,0.0,2.697963037906381,-2.664594203248207,1
-0.6744907594765952,-2.3607176581680833,-1.011736139214893,-1.6862268986914881,-0.6744907594765952,0.0,-0.6744907594765952,2.3607176581680833,-3.3724537973829762,0.0,0.6744907594765952,0.0,1.3489815189531904,-1.3489815189531904,-1.3489815189531904,0.0,0.0,-0.6744907594765952,0.0,-1.011736139214893,0.0,0.6744907594765952,-0.6744907594765952,1.011736139214893,-0.6744907594765952,-0.6744907594765952,0.0,0.0,2.023472278429786,-1.3489815189531904,0.0,-0.6661485508120517,1
0.3372453797382976,1.3489815189531904,0.6744907594765952,0.6744907594765952,2.023472278429786,0.6744907594765952,1.3489815189531904,1.3489815189531904,-0.6744907594765952,0.0,0.0,0.0,2.023472278429786,0.0,4.721435316336167,-2.0026163169455127,2.3607176581680833,1.7986420252709205,2.023472278429786,1.011736139214893,1.011736139214893,1.3489815189531904,2.697963037906381,1.011736139214893,-0.6744907594765952,-2.023472278429786,-0.6744907594765952,0.6169330746055764,2.697963037906381,2.697963037906381,0.0,-0.6661485508120517,1
-0.6744907594765952,-2.3607176581680833,-1.011736139214893,-1.6862268986914881,-0.6744907594765952,0.0,-0.6744907594765952,2.3607176581680833,-3.3724537973829762,0.0,0.6744907594765952,0.0,1.3489815189531904,-1.3489815189531904,-1.3489815189531904,0.0,0.0,-0.22483025315886507,0.3372453797382976,-0.3372453797382976,0.3372453797382976,2.023472278429786,-0.6744907594765952,1.3489815189531904,0.0,-0.6744907594765952,0.0,-2.467732298422306,2.023472278429786,-2.023472278429786,0.0,-1.998445652436155,1
1.011736139214893,1.011736139214893,1.6862268986914881,0.6744907594765952,1.011736139214893,2.023472278429786,-1.3489815189531904,-0.3372453797382976,0.0,1.3489815189531904,-2.023472278429786,-0.6334885212226357,2.023472278429786,-1.3489815189531904,0.0,0.6675387723151709,0.6744907594765952,0.44966050631773014,1.011736139214893,0.6744907594765952,1.6862268986914881,0.0,0.0,0.6744907594765952,0.0,-0.6744907594765952,0.0,0.0,2.3607176581680833,-0.6744907594765952,0.6744907594765952,-0.6661485508120517,1
0.0,0.3372453797382976,0.0,0.0,0.6744907594765952,0.0,-1.3489815189531904,2.3607176581680833,-3.3724537973829762,0.0,0.6744907594765952,0.0,2.023472278429786,-2.023472278429786,0.0,1.3350775446303418,0.3372453797382976,0.44966050631773014,0.3372453797382976,0.0,0.0,4.721435316336167,-3.3724537973829762,0.3372453797382976,-1.3489815189531904,3.3724537973829762,-4.046944556859572,0.6169330746055764,1.011736139214893,-2.697963037906381,-1.3489815189531904,0.6661485508120517,1
0.0,0.0,0.3372453797382976,-0.3372453797382976,1.011736139214893,0.0,1.3489815189531904,1.011736139214893,-1.3489815189531904,0.0,-0.6744907594765952,0.0,1.011736139214893,0.6744907594765952,2.023472278429786,0.0,-0.3372453797382976,-0.8993210126354603,-0.3372453797382976,-1.011736139214893,0.0,-0.6744907594765952,-0.6744907594765952,1.011736139214893,-0.6744907594765952,0.0,0.0,1.233866149211153,1.6862268986914881,-2.023472278429786,0.0,0.6661485508120517,1
-0.3372453797382976,-2.023472278429786,-0.6744907594765952,-1.6862268986914881,-0.6744907594765952,0.6744907594765952,-0.6744907594765952,2.697963037906381,-3.3724537973829762,0.0,1.3489815189531904,0.0,1.6862268986914881,-1.3489815189531904,-1.3489815189531904,0.0,0.0,0.44966050631773014,0.3372453797382976,0.6744907594765952,1.3489815189531904,0.0,0.0,0.6744907594765952,0.0,-0.6744907594765952,0.0,0.0,2.023472278429786,-0.6744907594765952,0.6744907594765952,-0.6661485508120517,1
0.6744907594765952,1.011736139214893,0.6744907594765952,0.6744907594765952,0.3372453797382976,0.6744907594765952,0.0,3.3724537973829762,-2.023472278429786,-0.6744907594765952,1.3489815189531904,0.0,2.3607176581680833,-1.3489815189531904,-1.3489815189531904,0.0,0.0,-0.22483025315886507,0.0,-0.3372453797382976,0.3372453797382976,0.0,-1.3489815189531904,2.697963037906381,-3.3724537973829762,0.0,1.3489815189531904,0.0,2.023472278429786,-1.3489815189531904,-0.6744907594765952,0.0,1
3.0352084176446783,2.697963037906381,2.697963037906381,0.6744907594765952,1.3489815189531904,-2.697963037906381,0.6744907594765952,1.011736139214893,0.6744907594765952,-2.023472278429786,-3.3724537973829762,3.1674426061131786,2.3607176581680833,2.023472278429786,0.0,0.0,1.011736139214893,0.44966050631773014,1.6862268986914881,0.3372453797382976,1.3489815189531904,-1.3489815189531904,-0.6744907594765952,0.0,0.0,1.3489815189531904,2.023472278429786,1.233866149211153,2.023472278429786,-2.023472278429786,0.0,-0.6661485508120517,1
0.0,0.0,0.3372453797382976,-0.3372453797382976,0.6744907594765952,2.697963037906381,-0.6744907594765952,0.0,-0.6744907594765952,1.3489815189531904,-2.697963037906381,-1.2669770424452713,1.6862268986914881,-1.3489815189531904,0.0,0.0,0.6744907594765952,0.0,1.011736139214893,0.0,1.011736139214893,-0.6744907594765952,0.0,0.0,-0.6744907594765952,1.3489815189531904,0.6744907594765952,0.6169330746055764,2.023472278429786,-1.3489815189531904,0.6744907594765952,0.0,1
1.011736139214893,1.3489815189531904,1.3489815189531904,0.6744907594765952,2.023472278429786,1.3489815189531904,0.0,-0.3372453797382976,-0.6744907594765952,1.3489815189531904,-0.6744907594765952,-0.6334885212226357,2.023472278429786,-1.3489815189531904,0.0,0.0,-0.6744907594765952,-1.5738117721120555,-0.6744907594765952,-1.3489815189531904,-0.6744907594765952,0.0,-0.6744907594765952,2.3607176581680833,-3.3724537973829762,0.0,1.3489815189531904,0.0,1.6862268986914881,-1.3489815189531904,-1.3489815189531904,0.0,1
2.023472278429786,2.3607176581680833,1.6862268986914881,0.6744907594765952,0.6744907594765952,1.3489815189531904,2.697963037906381,1.011736139214893,0.0,-2.023472278429786,-0.6744907594765952,0.6334885212226357,2.697963037906381,2.023472278429786,0.0,-0.6675387723151709,0.0,0.0,0.3372453797382976,0.0,0.6744907594765952,0.0,-0.6744907594765952,1.011736139214893,0.0,0.0,0.0,0.6169330746055764,2.023472278429786,-2.023472278429786,0.0,0.6661485508120517,1
0.6744907594765952,1.011736139214893,0.6744907594765952,0.6744907594765952,0.3372453797382976,0.0,0.0,3.3724537973829762,-2.023472278429786,0.6744907594765952,1.3489815189531904,0.0,2.3607176581680833,-1.3489815189531904,-1.3489815189531904,0.0,-0.3372453797382976,-0.22483025315886507,-0.3372453797382976,-0.3372453797382976,-0.3372453797382976,0.0,0.0,2.697963037906381,-2.697963037906381,0.0,1.3489815189531904,0.0,2.023472278429786,-1.3489815189531904,-1.3489815189531904,0.0,1
0.0,-0.3372453797382976,0.6744907594765952,-0.6744907594765952,0.6744907594765952,-2.023472278429786,0.0,0.0,-0.6744907594765952,2.697963037906381,2.023472278429786,1.2669770424452713,1.011736139214893,-0.6744907594765952,0.0,-1.3350775446303418,-0.6744907594765952,-0.6744907594765952,-0.6744907594765952,-0.6744907594765952,0.0,0.6744907594765952,-0.6744907594765952,1.011736139214893,-0.6744907594765952,-0.6744907594765952,0.0,-1.233866149211153,1.3489815189531904,-1.3489815189531904,0.0,-1.3322971016241034,1
0.0,-1.011736139214893,0.0,-1.011736139214893,0.0,0.0,-0.6744907594765952,1.011736139214893,0.0,-0.6744907594765952,0.0,-0.6334885212226357,2.023472278429786,-1.3489815189531904,0.6744907594765952,-0.6675387723151709,-1.011736139214893,-1.5738117721120555,-1.011736139214893,-1.6862268986914881,-1.011736139214893,0.0,-0.6744907594765952,2.023472278429786,-3.3724537973829762,0.0,0.6744907594765952,0.0,1.011736139214893,-1.3489815189531904,-1.3489815189531904,0.0,1
-0.6744907594765952,-2.023472278429786,-0.6744907594765952,-1.3489815189531904,-0.6744907594765952,0.0,-0.6744907594765952,2.3607176581680833,-2.697963037906381,0.0,1.3489815189531904,0.0,1.6862268986914881,-1.3489815189531904,-1.3489815189531904,0.0,0.0,0.44966050631773014,0.0,0.6744907594765952,1.011736139214893,0.0,-1.3489815189531904,2.3607176581680833,-2.697963037906381,0.0,0.6744907594765952,0.0,1.3489815189531904,-2.023472278429786,-1.3489815189531904,0.0,1
0.6744907594765952,1.011736139214893,1.3489815189531904,0.6744907594765952,1.6862268986914881,0.0,0.0,-0.3372453797382976,-0.6744907594765952,1.3489815189531904,0.0,0.0,2.023472278429786,-1.3489815189531904,0.0,0.0,0.0,0.0,0.6744907594765952,0.0,0.6744907594765952,-2.023472278429786,0.6744907594765952,0.0,-0.6744907594765952,2.023472278429786,2.023472278429786,1.233866149211153,1.011736139214893,0.6744907594765952,0.0,-1.3322971016241034,1
0.6744907594765952,1.011736139214893,1.3489815189531904,0.6744907594765952,1.6862268986914881,0.0,0.0,-0.3372453797382976,-0.6744907594765952,1.3489815189531904,0.0,0.0,2.023472278429786,-1.3489815189531904,0.0,0.0,1.011736139214893,0.22483025315886507,1.3489815189531904,0.3372453797382976,1.011736139214893,2.023472278429786,-1.3489815189531904,0.0,0.0,1.3489815189531904,-2.697963037906381,-1.233866149211153,2.697963037906381,-1.3489815189531904,0.0,0.6661485508120517,1
-0.6744907594765952,-1.011736139214893,-0.3372453797382976,-1.011736139214893,0.0,2.023472278429786,-0.6744907594765952,0.0,-0.6744907594765952,1.3489815189531904,-2.023472278429786,-1.2669770424452713,1.3489815189531904,-2.023472278429786,0.0,0.0,-0.3372453797382976,-0.6744907594765952,-0.3372453797382976,-0.6744907594765952,0.0,0.0,-0.6744907594765952,1.011736139214893,-0.6744907594765952,-0.6744907594765952,0.0,0.0,1.6862268986914881,-2.023472278429786,0.0,0.0,1
0.0,0.0,0.3372453797382976,-0.3372453797382976,1.011736139214893,-0.6744907594765952,-0.6744907594765952,0.6744907594765952,0.0,0.0,0.0,1.900465563667907,2.697963037906381,-2.023472278429786,0.0,0.6675387723151709,0.0,-0.6744907594765952,0.3372453797382976,-0.6744907594765952,0.0,-0.6744907594765952,-0.6744907594765952,0.0,-0.6744907594765952,2.023472278429786,1.3489815189531904,1.233866149211153,2.023472278429786,-2.697963037906381,0.6744907594765952,0.0,1
0.3372453797382976,-0.6744907594765952,1.011736139214893,-1.011736139214893,0.3372453797382976,2.023472278429786,-0.6744907594765952,0.0,0.0,1.3489815189531904,-1.3489815189531904,-0.6334885212226357,2.697963037906381,-1.3489815189531904,0.0,0.0,1.3489815189531904,0.8993210126354603,2.023472278429786,1.011736139214893,1.6862268986914881,-0.6744907594765952,-0.6744907594765952,0.0,0.0,1.3489815189531904,0.6744907594765952,0.6169330746055764,2.023472278429786,-1.3489815189531904,0.0,0.0,1
0.6744907594765952,0.6744907594765952,1.011736139214893,0.0,1.6862268986914881,-0.6744907594765952,-0.6744907594765952,1.011736139214893,0.0,0.0,0.0,1.900465563667907,3.0352084176446783,-2.023472278429786,0.0,0.6675387723151709,2.023472278429786,1.3489815189531904,1.6862268986914881,1.011736139214893,0.6744907594765952,2.023472278429786,2.697963037906381,1.3489815189531904,-0.6744907594765952,-2.023472278429786,-0.6744907594765952,0.6169330746055764,2.023472278429786,2.697963037906381,0.6744907594765952,-0.6661485508120517,1
-0.3372453797382976,-1.3489815189531904,0.0,-1.3489815189531904,0.0,0.6744907594765952,-0.6744907594765952,1.011736139214893,-0.6744907594765952,0.0,0.0,0.0,1.6862268986914881,-2.023472278429786,0.0,-0.6675387723151709,0.3372453797382976,-0.22483025315886507,1.011736139214893,-0.3372453797382976,0.6744907594765952,0.0,-0.6744907594765952,-0.3372453797382976,0.0,1.3489815189531904,0.0,0.0,2.023472278429786,-1.3489815189531904,0.0,0.0,1
0.6744907594765952,1.3489815189531904,1.011736139214893,0.6744907594765952,2.697963037906381,0.0,0.6744907594765952,1.011736139214893,-0.6744907594765952,0.0,-0.6744907594765952,0.0,1.3489815189531904,0.6744907594765952,4.046944556859572,0.0,1.011736139214893,0.6744907594765952,1.3489815189531904,1.011736139214893,1.6862268986914881,1.3489815189531904,-0.6744907594765952,-0.3372453797382976,0.0,1.3489815189531904,-1.3489815189531904,-0.6169330746055764,2.3607176581680833,0.0,0.0,0.0,1
0.0,0.0,0.0,-0.3372453797382976,0.0,-0.6744907594765952,0.0,3.0352084176446783,-2.697963037906381,0.6744907594765952,1.3489815189531904,0.0,2.023472278429786,-1.3489815189531904,-1.3489815189531904,0.0,0.0,-0.8993210126354603,0.0,0.0,0.0,0.0,0.0,3.0352084176446783,-2.697963037906381,0.0,1.3489815189531904,0.0,2.023472278429786,-1.3489815189531904,-1.3489815189531904,0.0,1
1.011736139214893,0.6744907594765952,1.3489815189531904,-0.3372453797382976,0.3372453797382976,3.3724537973829762,-3.3724537973829762,0.6744907594765952,-2.023472278429786,2.697963037906381,-4.046944556859572,0.6334885212226357,1.6862268986914881,-4.046944556859572,-0.6744907594765952,0.0,0.3372453797382976,0.0,0.6744907594765952,0.0,0.3372453797382976,-0.6744907594765952,-0.6744907594765952,0.0,0.0,2.023472278429786,1.3489815189531904,0.6169330746055764,1.6862268986914881,-2.023472278429786,0.0,0.0,1
0.0,-1.011736139214893,0.0,-1.011736139214893,0.3372453797382976,1.3489815189531904,-0.6744907594765952,1.011736139214893,-0.6744907594765952,-0.6744907594765952,0.0,-1.900465563667907,2.3607176581680833,-2.023472278429786,0.6744907594765952,-1.3350775446303418,0.6744907594765952,0.22483025315886507,1.3489815189531904,0.3372453797382976,2.3607176581680833,-0.6744907594765952,0.6744907594765952,0.3372453797382976,-1.3489815189531904,0.0,-2.023472278429786,0.0,4.046944556859572,-3.3724537973829762,1.3489815189531904,-0.6661485508120517,1
0.6744907594765952,1.011736139214893,1.011736139214893,0.3372453797382976,2.023472278429786,0.0,2.023472278429786,1.011736139214893,-0.6744907594765952,0.0,0.0,0.6334885212226357,2.023472278429786,1.3489815189531904,3.3724537973829762,2.0026163169455127,0.0,-1.3489815189531904,0.0,-1.011736139214893,0.0,0.0,-0.6744907594765952,1.3489815189531904,-0.6744907594765952,0.0,0.0,1.233866149211153,1.6862268986914881,-1.3489815189531904,0.0,0.0,1
1.011736139214893,0.3372453797382976,1.3489815189531904,0.3372453797382976,2.3607176581680833,0.0,1.3489815189531904,0.3372453797382976,-0.6744907594765952,0.0,-0.6744907594765952,-0.6334885212226357,2.697963037906381,-0.6744907594765952,2.697963037906381,-2.0026163169455127,-0.3372453797382976,-0.22483025315886507,0.0,-0.3372453797382976,0.6744907594765952,3.3724537973829762,-1.3489815189531904,0.0,-2.023472278429786,1.3489815189531904,-2.023472278429786,0.0,1.011736139214893,-1.3489815189531904,0.0,-1.3322971016241034,1
0.0,-0.6744907594765952,0.6744907594765952,-0.6744907594765952,0.3372453797382976,0.6744907594765952,0.0,-0.3372453797382976,-0.6744907594765952,1.3489815189531904,-0.6744907594765952,0.0,1.6862268986914881,-2.023472278429786,0.0,-0.6675387723151709,0.3372453797382976,0.8993210126354603,0.0,1.011736139214893,1.3489815189531904,0.0,-1.3489815189531904,2.697963037906381,-2.697963037906381,0.6744907594765952,0.6744907594765952,0.0,2.3607176581680833,-2.023472278429786,0.0,1.3322971016241034,1
1.011736139214893,0.6744907594765952,2.023472278429786,0.0,1.6862268986914881,-2.023472278429786,0.0,0.0,0.0,2.697963037906381,2.023472278429786,1.900465563667907,2.697963037906381,0.6744907594765952,2.023472278429786,-0.6675387723151709,0.0,0.0,-0.3372453797382976,0.0,0.0,0.0,0.0,3.0352084176446783,-2.697963037906381,0.0,1.3489815189531904,0.0,2.023472278429786,-1.3489815189531904,-1.3489815189531904,0.0,1
3.7096991771212737,2.697963037906381,3.3724537973829762,0.6744907594765952,1.3489815189531904,1.3489815189531904,2.697963037906381,1.011736139214893,-0.6744907594765952,-2.023472278429786,-0.6744907594765952,1.2669770424452713,3.0352084176446783,3.3724537973829762,0.0,-1.3350775446303418,2.3607176581680833,1.7986420252709205,2.697963037906381,1.3489815189531904,1.3489815189531904,4.046944556859572,-3.3724537973829762,1.011736139214893,-2.023472278429786,3.3724537973829762,-4.046944556859572,0.6169330746055764,2.023472278429786,-4.721435316336167,-0.6744907594765952,0.0,1
0.3372453797382976,0.0,0.6744907594765952,-0.3372453797382976,0.3372453797382976,-0.6744907594765952,-0.6744907594765952,0.0,0.0,2.023472278429786,1.3489815189531904,0.6334885212226357,1.6862268986914881,-2.023472278429786,0.0,0.0,0.0,-0.8993210126354603,0.0,0.0,0.0,0.6744907594765952,0.0,3.0352084176446783,-2.697963037906381,-0.6744907594765952,1.3489815189531904,0.0,2.023472278429786,-1.3489815189531904,-1.3489815189531904,0.0,1
0.3372453797382976,0.6744907594765952,1.011736139214893,0.3372453797382976,1.6862268986914881,-1.3489815189531904,0.0,0.0,-0.6744907594765952,1.3489815189531904,1.3489815189531904,0.6334885212226357,1.6862268986914881,-2.023472278429786,0.0,-0.6675387723151709,1.3489815189531904,0.6744907594765952,2.3607176581680833,0.6744907594765952,2.023472278429786,2.023472278429786,-0.6744907594765952,-0.3372453797382976,0.0,1.3489815189531904,-2.023472278429786,-1.233866149211153,3.7096991771212737,0.0,0.6744907594765952,0.6661485508120517,1
0.6744907594765952,1.011736139214893,0.3372453797382976,0.6744907594765952,0.3372453797382976,0.0,0.0,3.0352084176446783,-2.023472278429786,0.0,1.3489815189531904,0.0,2.3607176581680833,-1.3489815189531904,-1.3489815189531904,0.0,1.011736139214893,0.8993210126354603,1.6862268986914881,1.011736139214893,2.3607176581680833,0.6744907594765952,0.0,0.6744907594765952,0.0,-0.6744907594765952,0.0,-0.6169330746055764,3.0352084176446783,0.0,1.3489815189531904,-1.3322971016241034,1
0.0,-0.6744907594765952,0.6744907594765952,-1.011736139214893,0.3372453797382976,0.6744907594765952,0.0,0.0,-0.6744907594765952,1.3489815189531904,-0.6744907594765952,-0.6334885212226357,2.023472278429786,-1.3489815189531904,0.0,-0.6675387723151709,0.0,-0.22483025315886507,0.6744907594765952,-0.3372453797382976,1.6862268986914881,-0.6744907594765952,-1.3489815189531904,0.3372453797382976,-2.023472278429786,-0.6744907594765952,-2.023472278429786,0.0,3.3724537973829762,-1.3489815189531904,0.6744907594765952,-0.6661485508120517,1
1.011736139214893,1.011736139214893,2.3607176581680833,0.6744907594765952,4.046944556859572,2.023472278429786,-0.6744907594765952,0.0,-1.3489815189531904,1.3489815189531904,-2.023472278429786,-0.6334885212226357,3.3724537973829762,-1.3489815189531904,2.023472278429786,-2.0026163169455127,0.6744907594765952,0.6744907594765952,1.3489815189531904,1.011736139214893,1.6862268986914881,0.6744907594765952,0.0,-0.3372453797382976,-0.6744907594765952,1.3489815189531904,0.0,0.0,2.023472278429786,-1.3489815189531904,0.0,0.0,1
2.023472278429786,2.3607176581680833,2.3607176581680833,0.6744907594765952,1.3489815189531904,1.3489815189531904,-2.697963037906381,0.0,-2.023472278429786,1.3489815189531904,-2.697963037906381,1.2669770424452713,3.0352084176446783,-5.395926075812762,0.0,0.0,0.0,0.22483025315886507,0.0,0.3372453797382976,0.6744907594765952,0.0,-0.6744907594765952,1.011736139214893,0.0,0.0,0.0,1.233866149211153,1.6862268986914881,-2.023472278429786,0.0,0.0,1
-0.3372453797382976,-1.3489815189531904,0.0,-1.3489815189531904,0.0,0.0,-0.6744907594765952,0.0,-0.6744907594765952,1.3489815189531904,0.0,0.6334885212226357,1.6862268986914881,-2.023472278429786,-0.6744907594765952,0.0,0.3372453797382976,0.6744907594765952,1.011736139214893,1.011736139214893,1.3489815189531904,0.6744907594765952,-0.6744907594765952,1.011736139214893,0.0,-0.6744907594765952,0.6744907594765952,0.0,2.023472278429786,-1.3489815189531904,0.0,-0.6661485508120517,1
0.6744907594765952,0.6744907594765952,1.011736139214893,0.6744907594765952,2.697963037906381,0.0,0.0,0.3372453797382976,-0.6744907594765952,-0.6744907594765952,-0.6744907594765952,0.0,3.0352084176446783,0.0,2.023472278429786,-2.0026163169455127,1.011736139214893,0.8993210126354603,2.023472278429786,1.011736139214893,1.6862268986914881,0.0,-0.6744907594765952,0.0,0.0,1.3489815189531904,0.6744907594765952,0.6169330746055764,2.023472278429786,-1.3489815189531904,0.0,0.0,1
0.0,-1.6862268986914881,0.0,-0.6744907594765952,0.3372453797382976,1.3489815189531904,-0.6744907594765952,1.011736139214893,-0.6744907594765952,-0.6744907594765952,0.0,-1.2669770424452713,2.023472278429786,-1.3489815189531904,0.0,-1.3350775446303418,0.0,-0.6744907594765952,0.0,0.3372453797382976,0.0,0.0,0.0,3.0352084176446783,-2.697963037906381,0.0,1.3489815189531904,0.0,2.023472278429786,-1.3489815189531904,-1.3489815189531904,0.0,1
0.3372453797382976,-0.6744907594765952,1.011736139214893,-0.6744907594765952,0.3372453797382976,2.023472278429786,-1.3489815189531904,0.0,0.0,1.3489815189531904,-2.697963037906381,-0.6334885212226357,2.697963037906381,-0.6744907594765952,0.6744907594765952,0.6675387723151709,-0.6744907594765952,-0.8993210126354603,-0.3372453797382976,-1.011736139214893,-0.3372453797382976,0.0,0.0,0.0,-1.3489815189531904,1.3489815189531904,0.6744907594765952,0.0,1.011736139214893,-2.023472278429786,-0.6744907594765952,-0.6661485508120517,1
-0.6744907594765952,-1.3489815189531904,-0.3372453797382976,-1.3489815189531904,-0.3372453797382976,0.0,0.0,0.0,-1.3489815189531904,1.3489815189531904,0.6744907594765952,0.0,1.011736139214893,-2.023472278429786,-0.6744907594765952,-0.6675387723151709,0.0,0.8993210126354603,0.0,1.011736139214893,0.3372453797382976,0.0,0.0,3.0352084176446783,-2.023472278429786,0.0,1.3489815189531904,0.0,2.023472278429786,-1.3489815189531904,-1.3489815189531904,0.0,1
0.3372453797382976,0.3372453797382976,0.3372453797382976,0.0,0.6744907594765952,0.6744907594765952,-1.3489815189531904,2.697963037906381,-3.3724537973829762,0.0,1.3489815189531904,0.0,2.3607176581680833,-1.3489815189531904,0.0,-0.6675387723151709,1.3489815189531904,0.6744907594765952,1.011736139214893,0.0,0.3372453797382976,0.0,2.023472278429786,0.6744907594765952,0.6744907594765952,-2.023472278429786,-1.3489815189531904,1.233866149211153,2.3607176581680833,0.0,0.0,0.0,1
-0.6744907594765952,-2.3607176581680833,-1.011736139214893,-2.023472278429786,-0.6744907594765952,0.0,-0.6744907594765952,2.3607176581680833,-3.3724537973829762,0.0,1.3489815189531904,0.0,1.3489815189531904,-1.3489815189531904,-1.3489815189531904,0.0,-0.6744907594765952,-0.8993210126354603,-0.3372453797382976,-1.011736139214893,-0.3372453797382976,0.0,-0.6744907594765952,0.0,-0.6744907594765952,1.3489815189531904,0.0,0.0,1.3489815189531904,-2.023472278429786,-0.6744907594765952,0.0,1
1.3489815189531904,1.6862268986914881,1.6862268986914881,0.3372453797382976,0.6744907594765952,1.3489815189531904,-2.023472278429786,0.0,-2.023472278429786,2.023472278429786,-3.3724537973829762,0.6334885212226357,2.697963037906381,-4.721435316336167,-0.6744907594765952,0.0,0.0,-0.8993210126354603,0.0,0.0,0.0,0.6744907594765952,0.0,3.0352084176446783,-2.697963037906381,-0.6744907594765952,1.3489815189531904,0.0,2.023472278429786,-1.3489815189531904,-1.3489815189531904,0.0,1
-0.3372453797382976,-0.6744907594765952,-0.3372453797382976,-0.6744907594765952,0.3372453797382976,0.6744907594765952,-0.6744907594765952,1.011736139214893,-0.6744907594765952,0.0,0.0,0.0,1.6862268986914881,-2.023472278429786,0.0,-0.6675387723151709,1.011736139214893,0.8993210126354603,1.011736139214893,1.011736139214893,1.3489815189531904,0.0,-1.3489815189531904,3.0352084176446783,-2.697963037906381,0.6744907594765952,0.6744907594765952,0.0,2.697963037906381,-2.023472278429786,0.0,1.3322971016241034,1
0.3372453797382976,1.011736139214893,0.6744907594765952,-0.3372453797382976,0.3372453797382976,3.3724537973829762,-2.697963037906381,0.6744907594765952,-2.023472278429786,2.697963037906381,-4.046944556859572,1.2669770424452713,1.6862268986914881,-4.046944556859572,-0.6744907594765952,0.0,-0.3372453797382976,-0.6744907594765952,-0.3372453797382976,-0.6744907594765952,0.0,0.0,-0.6744907594765952,1.011736139214893,-0.6744907594765952,-0.6744907594765952,0.0,0.0,1.6862268986914881,-2.023472278429786,0.0,-0.6661485508120517,1
-0.3372453797382976,-1.011736139214893,0.0,-1.3489815189531904,0.0,1.3489815189531904,-0.6744907594765952,0.0,-0.6744907594765952,1.3489815189531904,-2.023472278429786,-1.2669770424452713,2.023472278429786,-1.3489815189531904,0.0,0.0,0.6744907594765952,0.6744907594765952,0.6744907594765952,0.0,0.3372453797382976,4.046944556859572,-3.3724537973829762,0.6744907594765952,-2.023472278429786,3.3724537973829762,-4.046944556859572,0.6169330746055764,1.3489815189531904,-3.3724537973829762,-0.6744907594765952,0.0,1
-0.6744907594765952,-2.3607176581680833,-1.011736139214893,-1.6862268986914881,-0.6744907594765952,0.0,-0.6744907594765952,2.3607176581680833,-3.3724537973829762,0.0,0.6744907594765952,0.0,1.3489815189531904,-1.3489815189531904,-1.3489815189531904,0.0,0.0,-1.1241512657943253,0.0,-0.3372453797382976,0.3372453797382976,0.6744907594765952,-0.6744907594765952,1.011736139214893,-0.6744907594765952,-0.6744907594765952,0.0,0.0,2.023472278429786,-1.3489815189531904,0.0,-0.6661485508120517,1
0.3372453797382976,-0.3372453797382976,1.011736139214893,-0.6744907594765952,0.3372453797382976,0.0,-0.6744907594765952,0.0,0.0,1.3489815189531904,0.0,0.0,1.6862268986914881,-2.023472278429786,0.0,0.0,0.0,-0.44966050631773014,0.3372453797382976,-0.3372453797382976,1.011736139214893,-0.6744907594765952,0.6744907594765952,0.6744907594765952,-1.3489815189531904,-0.6744907594765952,-1.3489815189531904,0.0,2.3607176581680833,-0.6744907594765952,1.3489815189531904,0.0,1
0.0,0.0,1.011736139214893,-0.3372453797382976,1.6862268986914881,2.023472278429786,-2.023472278429786,-0.3372453797382976,-2.697963037906381,1.3489815189531904,-2.023472278429786,0.6334885212226357,2.023472278429786,-1.3489815189531904,0.0,-1.3350775446303418,0.3372453797382976,0.0,0.6744907594765952,0.3372453797382976,1.3489815189531904,-1.3489815189531904,0.6744907594765952,0.6744907594765952,-1.3489815189531904,-0.6744907594765952,-1.3489815189531904,0.0,2.3607176581680833,-0.6744907594765952,2.023472278429786,-0.6661485508120517,1
0.6744907594765952,0.0,1.3489815189531904,0.0,2.023472278429786,-0.6744907594765952,0.6744907594765952,0.6744907594765952,-1.3489815189531904,-0.6744907594765952,-1.3489815189531904,0.0,3.3724537973829762,0.0,2.023472278429786,0.0,0.0,0.0,0.0,0.0,0.0,0.0,0.0,3.0352084176446783,-2.697963037906381,0.0,1.3489815189531904,0.0,2.023472278429786,-1.3489815189531904,-1.3489815189531904,0.0,1
0.3372453797382976,1.011736139214893,1.011736139214893,0.6744907594765952,1.011736139214893,0.6744907594765952,-0.6744907594765952,-0.3372453797382976,-0.6744907594765952,1.3489815189531904,-0.6744907594765952,0.0,2.023472278429786,-1.3489815189531904,0.0,0.0,0.3372453797382976,-0.22483025315886507,1.011736139214893,-0.3372453797382976,0.3372453797382976,-1.3489815189531904,0.0,0.0,0.0,2.023472278429786,2.023472278429786,1.233866149211153,2.023472278429786,-2.023472278429786,0.0,-0.6661485508120517,1
0.3372453797382976,0.6744907594765952,0.3372453797382976,0.0,1.011736139214893,0.0,-0.6744907594765952,1.011736139214893,0.0,0.0,0.0,1.2669770424452713,2.023472278429786,-2.023472278429786,0.0,0.0,0.0,-0.6744907594765952,0.6744907594765952,-0.6744907594765952,0.0,0.0,0.0,0.0,0.0,1.3489815189531904,0.0,0.0,2.3607176581680833,-0.6744907594765952,0.0,-0.6661485508120517,1
0.6744907594765952,1.011736139214893,0.6744907594765952,0.0,0.3372453797382976,4.046944556859572,-3.3724537973829762,0.3372453797382976,-1.3489815189531904,3.3724537973829762,-4.046944556859572,0.6334885212226357,1.011736139214893,-2.023472278429786,-0.6744907594765952,0.6675387723151709,0.0,0.0,0.0,0.0,0.3372453797382976,1.3489815189531904,-0.6744907594765952,1.011736139214893,0.0,-0.6744907594765952,0.6744907594765952,-1.233866149211153,2.023472278429786,-2.023472278429786,0.0,-0.6661485508120517,1
0.0,0.0,0.0,-0.3372453797382976,0.6744907594765952,0.6744907594765952,-0.6744907594765952,1.011736139214893,-0.6744907594765952,0.0,0.0,0.0,2.023472278429786,-2.023472278429786,0.0,-0.6675387723151709,0.3372453797382976,0.0,1.011736139214893,0.0,1.3489815189531904,0.6744907594765952,0.0,-0.3372453797382976,-0.6744907594765952,1.3489815189531904,-0.6744907594765952,-0.6169330746055764,1.6862268986914881,-2.023472278429786,0.0,-0.6661485508120517,1
0.6744907594765952,0.0,1.011736139214893,-0.3372453797382976,1.011736139214893,-0.6744907594765952,0.0,0.0,-0.6744907594765952,1.3489815189531904,0.6744907594765952,0.6334885212226357,2.023472278429786,-1.3489815189531904,0.6744907594765952,0.0,-0.3372453797382976,-1.3489815189531904,-0.3372453797382976,-0.6744907594765952,0.0,0.0,-0.6744907594765952,1.011736139214893,-0.6744907594765952,-0.6744907594765952,0.0,-0.6169330746055764,2.023472278429786,-1.3489815189531904,0.0,-0.6661485508120517,1
0.3372453797382976,0.0,0.6744907594765952,0.0,1.6862268986914881,-0.6744907594765952,0.6744907594765952,0.6744907594765952,-1.3489815189531904,-0.6744907594765952,-1.3489815189531904,0.0,2.697963037906381,0.0,2.023472278429786,-0.6675387723151709,0.6744907594765952,-0.44966050631773014,1.011736139214893,-0.3372453797382976,1.3489815189531904,0.0,0.6744907594765952,0.3372453797382976,-0.6744907594765952,0.0,-1.3489815189531904,0.0,3.0352084176446783,0.0,2.023472278429786,-1.3322971016241034,1
-0.3372453797382976,-1.011736139214893,-0.3372453797382976,-1.3489815189531904,0.0,0.0,-0.6744907594765952,1.011736139214893,-0.6744907594765952,-0.6744907594765952,0.0,0.0,1.3489815189531904,-1.3489815189531904,0.0,0.0,0.6744907594765952,0.6744907594765952,0.6744907594765952,1.011736139214893,1.3489815189531904,0.6744907594765952,-1.3489815189531904,2.697963037906381,-3.3724537973829762,0.0,1.3489815189531904,0.0,2.697963037906381,-2.023472278429786,0.6744907594765952,-0.6661485508120517,1
0.3372453797382976,1.011736139214893,0.3372453797382976,0.6744907594765952,0.3372453797382976,0.0,0.0,3.0352084176446783,-2.023472278429786,0.0,1.3489815189531904,0.0,2.023472278429786,-1.3489815189531904,-1.3489815189531904,0.0,1.011736139214893,0.6744907594765952,1.6862268986914881,1.011736139214893,1.011736139214893,2.023472278429786,-1.3489815189531904,-0.3372453797382976,0.0,1.3489815189531904,-2.023472278429786,-0.6169330746055764,2.023472278429786,-1.3489815189531904,0.0,0.6661485508120517,1
1.3489815189531904,1.011736139214893,2.3607176581680833,0.3372453797382976,2.023472278429786,2.023472278429786,-0.6744907594765952,-0.3372453797382976,0.0,1.3489815189531904,-2.023472278429786,-1.2669770424452713,3.7096991771212737,0.0,0.6744907594765952,0.6675387723151709,0.6744907594765952,0.44966050631773014,0.6744907594765952,-0.3372453797382976,0.3372453797382976,-1.3489815189531904,1.3489815189531904,0.3372453797382976,0.0,-1.3489815189531904,-2.023472278429786,1.233866149211153,2.023472278429786,0.6744907594765952,0.0,0.0,1
0.6744907594765952,0.6744907594765952,1.011736139214893,0.6744907594765952,2.3607176581680833,-0.6744907594765952,0.6744907594765952,0.3372453797382976,-1.3489815189531904,0.0,-1.3489815189531904,0.0,2.697963037906381,0.0,2.023472278429786,-1.3350775446303418,1.6862268986914881,0.8993210126354603,2.3607176581680833,1.011736139214893,1.6862268986914881,-2.023472278429786,-0.6744907594765952,0.3372453797382976,0.0,2.023472278429786,2.697963037906381,1.8507992238167295,3.0352084176446783,-1.3489815189531904,1.3489815189531904,0.0,1
1.011736139214893,0.6744907594765952,1.3489815189531904,-0.3372453797382976,0.3372453797382976,3.3724537973829762,-3.3724537973829762,0.6744907594765952,-2.023472278429786,2.697963037906381,-4.046944556859572,0.6334885212226357,1.6862268986914881,-4.046944556859572,-0.6744907594765952,0.0,0.0,0.0,0.3372453797382976,0.0,0.6744907594765952,0.0,0.0,-0.3372453797382976,-0.6744907594765952,1.3489815189531904,0.0,0.6169330746055764,1.6862268986914881,-1.3489815189531904,0.0,0.0,1
0.0,1.011736139214893,0.0,0.6744907594765952,1.011736139214893,0.6744907594765952,-1.3489815189531904,2.697963037906381,-2.697963037906381,-0.6744907594765952,0.6744907594765952,0.0,2.023472278429786,-2.023472278429786,-0.6744907594765952,-2.0026163169455127,0.0,-0.44966050631773014,0.0,1.011736139214893,0.3372453797382976,0.0,0.0,3.0352084176446783,-2.023472278429786,0.0,1.3489815189531904,0.0,2.023472278429786,-1.3489815189531904,-1.3489815189531904,0.0,1
1.3489815189531904,0.6744907594765952,2.023472278429786,0.3372453797382976,2.023472278429786,-0.6744907594765952,0.6744907594765952,0.0,-0.6744907594765952,1.3489815189531904,1.3489815189531904,0.6334885212226357,2.3607176581680833,0.0,0.6744907594765952,0.0,-0.6744907594765952,-1.5738117721120555,-1.011736139214893,-1.3489815189531904,-0.6744907594765952,0.0,-0.6744907594765952,2.3607176581680833,-3.3724537973829762,0.0,0.6744907594765952,0.0,1.3489815189531904,-1.3489815189531904,-1.3489815189531904,0.0,1
1.3489815189531904,1.6862268986914881,1.6862268986914881,0.3372453797382976,0.6744907594765952,1.3489815189531904,-2.023472278429786,0.0,-2.023472278429786,2.023472278429786,-3.3724537973829762,0.6334885212226357,2.697963037906381,-4.721435316336167,-0.6744907594765952,0.0,0.0,-0.22483025315886507,0.3372453797382976,-0.3372453797382976,0.6744907594765952,-0.6744907594765952,-0.6744907594765952,0.0,-0.6744907594765952,2.023472278429786,0.6744907594765952,0.6169330746055764,1.6862268986914881,-2.023472278429786,0.0,-0.6661485508120517,1
0.0,-1.011736139214893,0.6744907594765952,-1.011736139214893,0.3372453797382976,-0.6744907594765952,-0.6744907594765952,0.0,-0.6744907594765952,2.023472278429786,1.3489815189531904,1.2669770424452713,1.6862268986914881,-1.3489815189531904,0.0,0.0,-0.6744907594765952,-1.5738117721120555,-1.011736139214893,-1.3489815189531904,-0.6744907594765952,0.0,-0.6744907594765952,2.3607176581680833,-3.3724537973829762,0.0,0.6744907594765952,0.0,1.3489815189531904,-1.3489815189531904,-1.3489815189531904,0.0,1
0.0,-0.6744907594765952,0.0,-1.011736139214893,0.3372453797382976,0.6744907594765952,-0.6744907594765952,1.011736139214893,-0.6744907594765952,-0.6744907594765952,0.0,-0.6334885212226357,2.023472278429786,-1.3489815189531904,0.6744907594765952,-1.3350775446303418,0.3372453797382976,-0.44966050631773014,0.6744907594765952,-0.3372453797382976,0.6744907594765952,0.6744907594765952,-0.6744907594765952,1.011736139214893,0.0,0.0,0.0,0.0,2.3607176581680833,-1.3489815189531904,0.6744907594765952,-0.6661485508120517,1
1.011736139214893,1.011736139214893,1.3489815189531904,0.6744907594765952,2.697963037906381,0.6744907594765952,-0.6744907594765952,1.011736139214893,0.0,0.0,-1.3489815189531904,0.0,1.3489815189531904,0.6744907594765952,4.046944556859572,0.0,1.011736139214893,0.44966050631773014,1.6862268986914881,0.6744907594765952,1.6862268986914881,3.3724537973829762,-1.3489815189531904,0.0,0.0,1.3489815189531904,-3.3724537973829762,-1.8507992238167295,2.697963037906381,-2.023472278429786,0.0,0.0,1
1.011736139214893,0.6744907594765952,1.6862268986914881,0.3372453797382976,1.3489815189531904,-2.697963037906381,0.0,0.3372453797382976,0.0,2.023472278429786,2.697963037906381,1.900465563667907,2.697963037906381,-1.3489815189531904,1.3489815189531904,-0.6675387723151709,0.6744907594765952,0.44966050631773014,1.011736139214893,0.6744907594765952,1.011736139214893,0.6744907594765952,-0.6744907594765952,-0.3372453797382976,0.0,1.3489815189531904,-0.6744907594765952,0.0,2.023472278429786,-1.3489815189531904,0.0,0.0,1
-0.3372453797382976,-0.3372453797382976,-0.3372453797382976,-0.6744907594765952,-0.3372453797382976,0.6744907594765952,-0.6744907594765952,3.0352084176446783,-2.697963037906381,-1.3489815189531904,1.3489815189531904,0.0,1.6862268986914881,-1.3489815189531904,-1.3489815189531904,0.0,0.3372453797382976,-0.44966050631773014,1.011736139214893,-0.3372453797382976,0.3372453797382976,2.023472278429786,-1.3489815189531904,0.0,0.0,1.3489815189531904,-2.697963037906381,-0.6169330746055764,2.697963037906381,-0.6744907594765952,0.6744907594765952,0.6661485508120517,1
0.0,-0.3372453797382976,0.3372453797382976,-0.6744907594765952,0.3372453797382976,2.023472278429786,-0.6744907594765952,1.3489815189531904,0.0,-0.6744907594765952,0.0,-2.5339540848905426,2.023472278429786,-2.023472278429786,0.0,-2.0026163169455127,1.3489815189531904,0.6744907594765952,1.011736139214893,0.0,0.3372453797382976,0.0,2.023472278429786,0.6744907594765952,0.6744907594765952,-2.023472278429786,-1.3489815189531904,1.233866149211153,2.3607176581680833,0.0,0.0,0.0,1
1.011736139214893,0.3372453797382976,1.6862268986914881,0.0,1.3489815189531904,2.697963037906381,-0.6744907594765952,-0.3372453797382976,0.0,1.3489815189531904,-2.697963037906381,-1.2669770424452713,2.3607176581680833,0.0,0.0,0.6675387723151709,0.3372453797382976,0.8993210126354603,0.3372453797382976,1.011736139214893,0.3372453797382976,1.3489815189531904,0.0,3.3724537973829762,-2.023472278429786,-0.6744907594765952,1.3489815189531904,0.0,2.023472278429786,-1.3489815189531904,-1.3489815189531904,0.0,1
0.0,1.011736139214893,0.0,0.6744907594765952,1.011736139214893,0.0,-1.3489815189531904,2.697963037906381,-2.697963037906381,0.0,1.3489815189531904,0.0,2.023472278429786,-1.3489815189531904,-0.6744907594765952,0.6675387723151709,-0.3372453797382976,0.0,-0.3372453797382976,0.0,0.3372453797382976,0.0,-1.3489815189531904,2.3607176581680833,-3.3724537973829762,0.0,0.6744907594765952,0.0,1.3489815189531904,-2.023472278429786,-1.3489815189531904,0.0,1
-0.3372453797382976,0.0,-0.3372453797382976,-0.3372453797382976,0.3372453797382976,0.6744907594765952,-0.6744907594765952,0.6744907594765952,-0.6744907594765952,0.0,0.0,0.0,1.6862268986914881,-2.023472278429786,0.0,-0.6675387723151709,0.6744907594765952,-0.44966050631773014,0.6744907594765952,1.011736139214893,0.3372453797382976,0.6744907594765952,0.0,3.3724537973829762,-2.023472278429786,-0.6744907594765952,1.3489815189531904,0.0,2.3607176581680833,-1.3489815189531904,-1.3489815189531904,0.0,1
-0.3372453797382976,-1.6862268986914881,0.0,-1.011736139214893,0.3372453797382976,0.6744907594765952,-0.6744907594765952,1.011736139214893,-0.6744907594765952,0.0,0.0,0.6334885212226357,2.3607176581680833,-2.023472278429786,0.0,0.0,-0.3372453797382976,-0.6744907594765952,0.0,-0.6744907594765952,0.0,0.6744907594765952,-1.3489815189531904,0.0,-1.3489815189531904,1.3489815189531904,-0.6744907594765952,0.0,1.6862268986914881,-2.023472278429786,-0.6744907594765952,0.0,1
-1.011736139214893,-2.3607176581680833,-1.011736139214893,-2.023472278429786,-0.6744907594765952,0.0,-0.6744907594765952,2.023472278429786,-3.3724537973829762,0.0,0.6744907594765952,0.0,1.011736139214893,-1.3489815189531904,-1.3489815189531904,0.0,-0.3372453797382976,-0.22483025315886507,-0.3372453797382976,-0.3372453797382976,-0.3372453797382976,0.6744907594765952,-0.6744907594765952,2.697963037906381,-2.697963037906381,-0.6744907594765952,1.3489815189531904,0.0,1.6862268986914881,-1.3489815189531904,-1.3489815189531904,0.0,1
1.3489815189531904,1.011736139214893,1.011736139214893,-0.3372453797382976,0.3372453797382976,0.0,2.023472278429786,0.6744907594765952,0.6744907594765952,-2.023472278429786,-1.3489815189531904,1.2669770424452713,2.3607176581680833,0.0,0.0,0.0,0.3372453797382976,-0.44966050631773014,1.011736139214893,-0.3372453797382976,0.6744907594765952,0.6744907594765952,-0.6744907594765952,0.0,0.0,1.3489815189531904,0.0,0.0,2.3607176581680833,-1.3489815189531904,0.0,0.0,1
-0.6744907594765952,-1.3489815189531904,-0.3372453797382976,-1.3489815189531904,-0.3372453797382976,-0.6744907594765952,0.0,0.0,-0.6744907594765952,1.3489815189531904,1.3489815189531904,0.6334885212226357,1.011736139214893,-2.023472278429786,-0.6744907594765952,-0.6675387723151709,0.3372453797382976,0.44966050631773014,0.3372453797382976,0.0,0.0,2.697963037906381,-2.697963037906381,-0.3372453797382976,-2.023472278429786,2.023472278429786,-2.697963037906381,0.6169330746055764,1.6862268986914881,-4.046944556859572,-0.6744907594765952,0.6661485508120517,1
0.0,0.0,0.3372453797382976,-0.3372453797382976,0.6744907594765952,-0.6744907594765952,-0.6744907594765952,-0.3372453797382976,-0.6744907594765952,1.3489815189531904,0.6744907594765952,0.6334885212226357,1.6862268986914881,-2.023472278429786,0.0,-0.6675387723151709,-1.011736139214893,-1.5738117721120555,-1.011736139214893,-1.6862268986914881,-1.011736139214893,0.0,-0.6744907594765952,2.023472278429786,-3.3724537973829762,0.0,0.6744907594765952,0.0,1.011736139214893,-1.3489815189531904,-1.3489815189531904,0.0,1
1.3489815189531904,1.6862268986914881,1.3489815189531904,0.0,0.6744907594765952,-2.697963037906381,0.6744907594765952,0.6744907594765952,0.6744907594765952,-2.023472278429786,-3.3724537973829762,1.900465563667907,2.023472278429786,0.0,0.0,0.0,-1.011736139214893,-1.5738117721120555,-1.011736139214893,-1.6862268986914881,-1.011736139214893,0.6744907594765952,-0.6744907594765952,2.3607176581680833,-3.3724537973829762,0.0,0.6744907594765952,0.0,1.3489815189531904,-1.3489815189531904,-1.3489815189531904,0.0,1
0.6744907594765952,0.6744907594765952,1.011736139214893,0.6744907594765952,2.3607176581680833,0.6744907594765952,0.0,0.3372453797382976,-1.3489815189531904,0.0,-0.6744907594765952,-0.6334885212226357,2.697963037906381,0.0,2.697963037906381,-2.0026163169455127,0.3372453797382976,0.6744907594765952,0.3372453797382976,1.011736139214893,0.3372453797382976,0.0,0.0,3.0352084176446783,-2.023472278429786,0.0,1.3489815189531904,0.0,2.3607176581680833,-1.3489815189531904,-1.3489815189531904,0.0,1
0.6744907594765952,1.011736139214893,1.3489815189531904,0.6744907594765952,1.6862268986914881,0.6744907594765952,0.0,-0.3372453797382976,-0.6744907594765952,1.3489815189531904,0.0,0.0,2.023472278429786,-1.3489815189531904,0.0,0.0,-0.3372453797382976,-0.8993210126354603,0.0,-1.3489815189531904,-0.3372453797382976,1.3489815189531904,-0.6744907594765952,0.0,-0.6744907594765952,1.3489815189531904,-1.3489815189531904,0.0,1.6862268986914881,-2.023472278429786,-0.6744907594765952,0.0,1
1.011736139214893,1.6862268986914881,1.011736139214893,0.3372453797382976,0.3372453797382976,3.3724537973829762,-3.3724537973829762,0.3372453797382976,-1.3489815189531904,3.3724537973829762,-4.046944556859572,0.0,1.3489815189531904,-3.3724537973829762,-0.6744907594765952,0.6675387723151709,0.6744907594765952,0.44966050631773014,0.6744907594765952,-0.3372453797382976,0.3372453797382976,2.023472278429786,2.023472278429786,1.011736139214893,-1.3489815189531904,-1.3489815189531904,0.0,0.6169330746055764,2.697963037906381,3.3724537973829762,0.0,-1.3322971016241034,1
-0.3372453797382976,0.0,-0.3372453797382976,-0.3372453797382976,0.3372453797382976,0.6744907594765952,-1.3489815189531904,2.697963037906381,-2.697963037906381,-0.6744907594765952,0.6744907594765952,0.0,1.3489815189531904,-2.023472278429786,-1.3489815189531904,-0.6675387723151709,-1.011736139214893,-1.5738117721120555,-1.011736139214893,-1.6862268986914881,-1.011736139214893,0.0,-0.6744907594765952,2.023472278429786,-3.3724537973829762,0.0,0.6744907594765952,0.0,1.011736139214893,-1.3489815189531904,-1.3489815189531904,0.0,1
1.011736139214893,1.011736139214893,1.6862268986914881,0.6744907594765952,1.3489815189531904,-1.3489815189531904,-0.6744907594765952,0.0,0.0,1.3489815189531904,1.3489815189531904,0.6334885212226357,2.023472278429786,-2.023472278429786,0.0,0.0,0.0,-1.1241512657943253,0.0,-0.6744907594765952,0.3372453797382976,0.6744907594765952,-0.6744907594765952,1.011736139214893,-0.6744907594765952,0.0,0.0,0.0,1.6862268986914881,-2.023472278429786,0.0,0.0,1
-0.6744907594765952,-2.023472278429786,-1.011736139214893,-1.3489815189531904,-0.6744907594765952,0.0,-0.6744907594765952,2.3607176581680833,-3.3724537973829762,0.0,0.6744907594765952,0.0,1.3489815189531904,-1.3489815189531904,-1.3489815189531904,0.0,-0.3372453797382976,-0.6744907594765952,-0.3372453797382976,-0.6744907594765952,0.0,0.6744907594765952,-0.6744907594765952,1.011736139214893,-1.3489815189531904,0.0,0.0,0.0,1.6862268986914881,-2.023472278429786,0.0,-0.6661485508120517,1
-0.6744907594765952,-1.3489815189531904,-0.6744907594765952,-1.3489815189531904,-0.3372453797382976,0.0,-0.6744907594765952,1.011736139214893,-1.3489815189531904,0.0,0.0,0.0,1.011736139214893,-2.023472278429786,-0.6744907594765952,0.0,0.6744907594765952,0.22483025315886507,1.011736139214893,0.6744907594765952,2.3607176581680833,0.6744907594765952,0.0,0.3372453797382976,-0.6744907594765952,0.0,-0.6744907594765952,-0.6169330746055764,3.0352084176446783,0.0,2.023472278429786,-1.998445652436155,1
0.3372453797382976,-0.6744907594765952,1.011736139214893,-0.6744907594765952,0.6744907594765952,0.6744907594765952,-0.6744907594765952,0.0,0.0,1.3489815189531904,0.0,0.0,2.3607176581680833,-1.3489815189531904,0.0,0.0,0.3372453797382976,0.44966050631773014,0.6744907594765952,0.3372453797382976,1.3489815189531904,0.0,0.0,-0.3372453797382976,-0.6744907594765952,1.3489815189531904,0.6744907594765952,0.6169330746055764,1.6862268986914881,-1.3489815189531904,0.0,0.0,1
0.6744907594765952,1.3489815189531904,1.011736139214893,0.6744907594765952,1.6862268986914881,0.6744907594765952,-0.6744907594765952,0.6744907594765952,0.0,-0.6744907594765952,0.0,0.0,2.023472278429786,-1.3489815189531904,0.0,-0.6675387723151709,0.0,-1.1241512657943253,0.0,-0.3372453797382976,0.3372453797382976,0.6744907594765952,-0.6744907594765952,1.011736139214893,-0.6744907594765952,0.0,0.0,0.0,1.6862268986914881,-2.023472278429786,0.0,0.0,1
0.0,0.3372453797382976,0.3372453797382976,0.0,1.3489815189531904,0.0,0.6744907594765952,1.011736139214893,-0.6744907594765952,-0.6744907594765952,-0.6744907594765952,0.0,1.3489815189531904,0.6744907594765952,3.3724537973829762,1.3350775446303418,0.3372453797382976,0.8993210126354603,0.3372453797382976,1.011736139214893,0.3372453797382976,0.6744907594765952,0.0,3.0352084176446783,-2.023472278429786,-0.6744907594765952,1.3489815189531904,0.0,2.023472278429786,-1.3489815189531904,-1.3489815189531904,0.0,1
1.3489815189531904,1.6862268986914881,1.3489815189531904,0.0,0.6744907594765952,-2.697963037906381,0.6744907594765952,0.6744907594765952,0.6744907594765952,-2.023472278429786,-3.3724537973829762,1.900465563667907,2.023472278429786,0.0,0.0,0.0,-0.3372453797382976,0.0,-0.3372453797382976,0.0,0.0,0.0,0.0,2.697963037906381,-2.697963037906381,0.0,1.3489815189531904,0.0,2.023472278429786,-2.023472278429786,-1.3489815189531904,0.0,1
0.3372453797382976,1.011736139214893,0.0,0.6744907594765952,0.3372453797382976,0.6744907594765952,0.0,3.0352084176446783,-2.023472278429786,-0.6744907594765952,1.3489815189531904,0.0,2.023472278429786,-1.3489815189531904,-1.3489815189531904,0.0,-0.6744907594765952,-1.3489815189531904,-0.6744907594765952,-1.011736139214893,-0.3372453797382976,0.0,-0.6744907594765952,1.011736139214893,-0.6744907594765952,-0.6744907594765952,0.0,-0.6169330746055764,1.6862268986914881,-1.3489815189531904,0.0,-0.6661485508120517,1
0.6744907594765952,0.0,1.3489815189531904,-0.3372453797382976,1.011736139214893,1.3489815189531904,-0.6744907594765952,-0.3372453797382976,0.0,1.3489815189531904,-1.3489815189531904,-0.6334885212226357,2.023472278429786,-2.697963037906381,0.0,0.0,1.6862268986914881,0.8993210126354603,2.3607176581680833,1.011736139214893,1.6862268986914881,-2.023472278429786,-0.6744907594765952,0.3372453797382976,0.0,2.023472278429786,2.697963037906381,1.8507992238167295,3.0352084176446783,-1.3489815189531904,1.3489815189531904,0.0,1
0.6744907594765952,0.6744907594765952,1.011736139214893,0.3372453797382976,2.023472278429786,0.0,1.3489815189531904,1.3489815189531904,0.0,0.0,-0.6744907594765952,0.0,2.697963037906381,1.3489815189531904,4.046944556859572,-1.3350775446303418,0.3372453797382976,-0.44966050631773014,0.6744907594765952,-0.3372453797382976,1.011736139214893,1.3489815189531904,0.6744907594765952,0.3372453797382976,0.0,-0.6744907594765952,-0.6744907594765952,-0.6169330746055764,2.023472278429786,-1.3489815189531904,2.697963037906381,-1.998445652436155,1
-0.6744907594765952,-2.023472278429786,-0.6744907594765952,-1.3489815189531904,-0.6744907594765952,0.6744907594765952,-0.6744907594765952,2.3607176581680833,-2.697963037906381,-0.6744907594765952,1.3489815189531904,0.0,1.6862268986914881,-2.023472278429786,-1.3489815189531904,0.0,0.3372453797382976,0.6744907594765952,1.011736139214893,1.011736139214893,1.011736139214893,-0.6744907594765952,-0.6744907594765952,0.0,-0.6744907594765952,1.3489815189531904,1.3489815189531904,0.6169330746055764,2.023472278429786,-2.023472278429786,0.0,-0.6661485508120517,1
0.0,-1.011736139214893,0.6744907594765952,-1.011736139214893,0.3372453797382976,0.0,0.0,0.0,-0.6744907594765952,1.3489815189531904,0.6744907594765952,0.6334885212226357,2.3607176581680833,-0.6744907594765952,0.0,0.6675387723151709,-1.011736139214893,-1.5738117721120555,-1.011736139214893,-1.6862268986914881,-0.6744907594765952,0.0,-0.6744907594765952,2.023472278429786,-3.3724537973829762,0.0,0.6744907594765952,0.0,1.011736139214893,-1.3489815189531904,-1.3489815189531904,0.0,1
0.0,0.0,0.0,-0.3372453797382976,0.0,0.0,0.0,3.0352084176446783,-2.697963037906381,0.0,1.3489815189531904,0.0,2.023472278429786,-1.3489815189531904,-1.3489815189531904,0.0,1.011736139214893,0.6744907594765952,1.6862268986914881,1.011736139214893,2.023472278429786,2.697963037906381,-0.6744907594765952,-0.3372453797382976,0.0,1.3489815189531904,-2.023472278429786,-1.233866149211153,2.697963037906381,-0.6744907594765952,0.0,0.0,1
0.0,-0.6744907594765952,0.0,0.6744907594765952,0.3372453797382976,0.6744907594765952,0.0,3.0352084176446783,-2.023472278429786,-0.6744907594765952,1.3489815189531904,0.0,2.023472278429786,-1.3489815189531904,-1.3489815189531904,0.0,-0.3372453797382976,-0.22483025315886507,0.0,-0.3372453797382976,0.6744907594765952,2.023472278429786,-1.3489815189531904,-0.3372453797382976,-2.023472278429786,0.6744907594765952,-2.023472278429786,0.0,1.011736139214893,-0.6744907594765952,0.0,-1.3322971016241034,1
-0.3372453797382976,-1.011736139214893,0.0,-1.011736139214893,0.0,2.023472278429786,-0.6744907594765952,0.0,-0.6744907594765952,1.3489815189531904,-2.023472278429786,-0.6334885212226357,1.3489815189531904,-2.023472278429786,-0.6744907594765952,0.0,-0.3372453797382976,-1.1241512657943253,0.0,-0.6744907594765952,0.3372453797382976,0.6744907594765952,-0.6744907594765952,1.011736139214893,-0.6744907594765952,0.0,0.0,0.6169330746055764,2.3607176581680833,-2.023472278429786,0.0,0.0,1
0.3372453797382976,0.3372453797382976,0.6744907594765952,0.0,1.011736139214893,0.6744907594765952,-0.6744907594765952,1.011736139214893,0.0,0.0,0.0,0.0,2.023472278429786,-2.023472278429786,0.0,0.0,0.3372453797382976,0.0,0.6744907594765952,0.3372453797382976,1.6862268986914881,-1.3489815189531904,0.6744907594765952,0.6744907594765952,-0.6744907594765952,-0.6744907594765952,-1.3489815189531904,0.6169330746055764,3.0352084176446783,0.6744907594765952,1.3489815189531904,0.0,1
0.0,1.3489815189531904,0.0,0.6744907594765952,0.3372453797382976,0.0,0.0,3.0352084176446783,-2.023472278429786,0.0,1.3489815189531904,0.0,2.023472278429786,-1.3489815189531904,-1.3489815189531904,0.0,0.0,-0.6744907594765952,0.6744907594765952,-0.6744907594765952,0.3372453797382976,0.0,-1.3489815189531904,0.0,-0.6744907594765952,2.023472278429786,0.6744907594765952,0.6169330746055764,1.6862268986914881,-2.023472278429786,0.0,0.0,1
2.023472278429786,1.3489815189531904,1.6862268986914881,0.0,0.6744907594765952,0.0,2.697963037906381,0.6744907594765952,0.0,-2.023472278429786,-2.023472278429786,1.2669770424452713,2.3607176581680833,1.3489815189531904,0.0,-0.6675387723151709,0.0,0.44966050631773014,0.3372453797382976,0.6744907594765952,1.011736139214893,0.6744907594765952,-0.6744907594765952,1.011736139214893,-0.6744907594765952,0.0,0.0,0.0,2.023472278429786,-2.023472278429786,0.0,-0.6661485508120517,1
1.6862268986914881,2.3607176581680833,2.023472278429786,0.6744907594765952,1.3489815189531904,-1.3489815189531904,-2.023472278429786,0.3372453797382976,-1.3489815189531904,0.0,-2.023472278429786,1.2669770424452713,2.697963037906381,-4.721435316336167,0.0,0.0,0.6744907594765952,0.6744907594765952,0.6744907594765952,1.011736139214893,0.3372453797382976,0.0,0.0,3.3724537973829762,-2.023472278429786,0.0,1.3489815189531904,0.0,2.3607176581680833,-1.3489815189531904,-1.3489815189531904,0.0,1
0.3372453797382976,0.6744907594765952,0.0,0.0,0.0,0.0,0.0,3.0352084176446783,-2.023472278429786,0.6744907594765952,1.3489815189531904,0.0,2.023472278429786,-1.3489815189531904,-1.3489815189531904,0.0,-0.3372453797382976,-1.3489815189531904,-0.3372453797382976,-0.6744907594765952,0.0,-0.6744907594765952,-0.6744907594765952,1.011736139214893,-0.6744907594765952,0.0,0.0,1.233866149211153,1.6862268986914881,-2.023472278429786,0.0,0.6661485508120517,1
0.6744907594765952,1.011736139214893,1.3489815189531904,0.6744907594765952,2.023472278429786,0.0,-0.6744907594765952,0.6744907594765952,0.0,0.0,0.0,1.900465563667907,4.046944556859572,-1.3489815189531904,0.0,0.6675387723151709,0.3372453797382976,0.22483025315886507,0.6744907594765952,0.3372453797382976,1.3489815189531904,0.6744907594765952,-0.6744907594765952,1.011736139214893,0.0,0.0,0.0,1.233866149211153,3.0352084176446783,-1.3489815189531904,0.0,0.6661485508120517,1
-0.6744907594765952,-2.023472278429786,-0.6744907594765952,-1.3489815189531904,-0.6744907594765952,0.0,-0.6744907594765952,2.3607176581680833,-2.697963037906381,0.0,1.3489815189531904,0.0,1.6862268986914881,-1.3489815189531904,-1.3489815189531904,0.0,0.3372453797382976,0.44966050631773014,0.0,0.3372453797382976,1.011736139214893,0.0,-1.3489815189531904,2.697963037906381,-3.3724537973829762,0.0,0.6744907594765952,0.0,1.6862268986914881,-2.023472278429786,-0.6744907594765952,0.6661485508120517,1
0.6744907594765952,0.6744907594765952,1.3489815189531904,0.0,2.3607176581680833,2.023472278429786,-2.697963037906381,0.0,-2.023472278429786,1.3489815189531904,-2.023472278429786,0.0,3.0352084176446783,-2.023472278429786,0.6744907594765952,-0.6675387723151709,1.011736139214893,0.6744907594765952,1.6862268986914881,0.6744907594765952,1.3489815189531904,1.3489815189531904,-0.6744907594765952,-0.3372453797382976,0.0,1.3489815189531904,-1.3489815189531904,-0.6169330746055764,2.023472278429786,-1.3489815189531904,0.0,0.0,1
1.011736139214893,1.3489815189531904,1.6862268986914881,0.6744907594765952,2.697963037906381,0.0,0.0,0.6744907594765952,0.0,-0.6744907594765952,0.0,0.6334885212226357,2.023472278429786,-1.3489815189531904,0.0,0.0,1.3489815189531904,0.6744907594765952,1.011736139214893,0.3372453797382976,0.6744907594765952,-2.023472278429786,1.3489815189531904,0.6744907594765952,-0.6744907594765952,-2.023472278429786,-2.697963037906381,2.467732298422306,2.3607176581680833,1.3489815189531904,0.0,0.0,1
0.0,0.3372453797382976,0.6744907594765952,0.0,1.6862268986914881,2.697963037906381,-1.3489815189531904,0.0,-2.023472278429786,1.3489815189531904,-2.023472278429786,0.0,2.023472278429786,-1.3489815189531904,0.6744907594765952,-0.6675387723151709,0.3372453797382976,0.6744907594765952,0.3372453797382976,1.011736139214893,0.3372453797382976,0.0,0.0,3.0352084176446783,-2.023472278429786,0.6744907594765952,1.3489815189531904,0.0,2.023472278429786,-1.3489815189531904,-1.3489815189531904,0.0,1
0.3372453797382976,0.6744907594765952,1.011736139214893,0.3372453797382976,1.6862268986914881,0.6744907594765952,0.0,1.011736139214893,0.0,-0.6744907594765952,0.0,0.0,2.023472278429786,-1.3489815189531904,0.0,0.0,-0.6744907594765952,-0.8993210126354603,-0.3372453797382976,-1.011736139214893,-0.3372453797382976,0.0,-0.6744907594765952,0.0,-0.6744907594765952,1.3489815189531904,0.0,0.0,1.3489815189531904,-2.023472278429786,-0.6744907594765952,0.0,1
0.6744907594765952,0.6744907594765952,1.011736139214893,0.0,1.6862268986914881,-0.6744907594765952,-0.6744907594765952,1.011736139214893,0.0,0.0,0.0,1.900465563667907,3.0352084176446783,-2.023472278429786,0.0,0.6675387723151709,0.0,-0.6744907594765952,0.0,-0.6744907594765952,0.0,0.0,-0.6744907594765952,1.011736139214893,0.0,-0.6744907594765952,0.0,-0.6169330746055764,2.023472278429786,-1.3489815189531904,0.6744907594765952,-0.6661485508120517,1
0.6744907594765952,1.011736139214893,1.011736139214893,0.3372453797382976,1.011736139214893,2.697963037906381,-1.3489815189531904,0.0,-0.6744907594765952,1.3489815189531904,-2.697963037906381,-1.2669770424452713,2.023472278429786,-1.3489815189531904,0.0,0.6675387723151709,1.6862268986914881,0.8993210126354603,2.3607176581680833,1.011736139214893,1.6862268986914881,-2.023472278429786,-0.6744907594765952,0.3372453797382976,0.0,2.023472278429786,2.697963037906381,1.8507992238167295,3.0352084176446783,-1.3489815189531904,1.3489815189531904,0.0,1
-0.3372453797382976,-0.6744907594765952,0.0,-1.011736139214893,0.3372453797382976,0.0,-0.6744907594765952,0.0,-0.6744907594765952,1.3489815189531904,0.0,0.0,1.6862268986914881,-1.3489815189531904,-0.6744907594765952,0.0,0.0,-0.22483025315886507,-0.3372453797382976,-0.3372453797382976,-0.3372453797382976,0.6744907594765952,0.0,3.0352084176446783,-2.697963037906381,-0.6744907594765952,1.3489815189531904,0.0,2.023472278429786,-1.3489815189531904,-1.3489815189531904,0.0,1
0.3372453797382976,0.6744907594765952,0.0,0.0,1.011736139214893,0.0,-1.3489815189531904,2.697963037906381,-3.3724537973829762,0.0,0.6744907594765952,0.0,1.6862268986914881,-2.023472278429786,-0.6744907594765952,0.6675387723151709,0.6744907594765952,0.8993210126354603,1.3489815189531904,1.3489815189531904,2.3607176581680833,1.3489815189531904,0.0,0.6744907594765952,0.0,-0.6744907594765952,0.0,-1.233866149211153,2.697963037906381,0.6744907594765952,0.6744907594765952,-1.3322971016241034,1
0.6744907594765952,0.6744907594765952,1.6862268986914881,0.3372453797382976,2.697963037906381,2.023472278429786,-1.3489815189531904,0.0,-2.023472278429786,1.3489815189531904,-2.023472278429786,0.0,3.0352084176446783,-1.3489815189531904,1.3489815189531904,-0.6675387723151709,-0.6744907594765952,-1.3489815189531904,-0.6744907594765952,-1.011736139214893,-0.3372453797382976,-0.6744907594765952,-0.6744907594765952,1.011736139214893,-0.6744907594765952,0.0,0.0,1.233866149211153,1.3489815189531904,-2.023472278429786,0.0,0.6661485508120517,1
0.0,0.0,0.0,-0.3372453797382976,0.0,0.0,0.0,3.0352084176446783,-2.697963037906381,0.0,1.3489815189531904,0.0,2.023472278429786,-1.3489815189531904,-1.3489815189531904,0.0,0.3372453797382976,0.6744907594765952,0.0,0.6744907594765952,0.3372453797382976,0.0,0.0,3.0352084176446783,-2.023472278429786,0.0,1.3489815189531904,0.0,2.023472278429786,-1.3489815189531904,-1.3489815189531904,0.0,1
1.011736139214893,1.011736139214893,1.6862268986914881,0.3372453797382976,1.3489815189531904,1.3489815189531904,-0.6744907594765952,-0.3372453797382976,0.0,1.3489815189531904,-1.3489815189531904,-0.6334885212226357,2.023472278429786,-1.3489815189531904,0.0,0.0,0.3372453797382976,-0.22483025315886507,0.6744907594765952,0.0,1.6862268986914881,0.0,0.0,0.3372453797382976,-0.6744907594765952,0.0,-0.6744907594765952,0.0,2.697963037906381,0.0,2.023472278429786,-1.3322971016241034,1
1.011736139214893,0.0,1.6862268986914881,0.0,2.697963037906381,1.3489815189531904,0.0,0.6744907594765952,0.0,0.0,-0.6744907594765952,-0.6334885212226357,3.0352084176446783,0.6744907594765952,3.3724537973829762,-3.337693861575855,0.3372453797382976,0.8993210126354603,0.3372453797382976,1.011736139214893,0.3372453797382976,0.0,0.0,3.0352084176446783,-2.023472278429786,0.0,1.3489815189531904,0.0,2.3607176581680833,-1.3489815189531904,-1.3489815189531904,0.0,1
-0.3372453797382976,-1.011736139214893,0.0,-1.011736139214893,0.0,1.3489815189531904,-0.6744907594765952,0.0,-0.6744907594765952,1.3489815189531904,-1.3489815189531904,-0.6334885212226357,1.3489815189531904,-2.023472278429786,-0.6744907594765952,0.0,0.6744907594765952,0.44966050631773014,1.3489815189531904,1.011736139214893,2.697963037906381,0.0,0.0,0.3372453797382976,-1.3489815189531904,-0.6744907594765952,-0.6744907594765952,0.0,2.697963037906381,0.6744907594765952,2.023472278429786,-1.998445652436155,1
1.3489815189531904,1.3489815189531904,1.011736139214893,1.011736139214893,1.3489815189531904,-0.6744907594765952,2.697963037906381,-0.3372453797382976,2.023472278429786,2.697963037906381,1.3489815189531904,-1.900465563667907,0.6744907594765952,1.3489815189531904,1.3489815189531904,-2.6701550892606836,-0.3372453797382976,-0.22483025315886507,0.0,-0.3372453797382976,-0.6744907594765952,-0.6744907594765952,0.6744907594765952,1.011736139214893,3.3724537973829762,0.0,0.0,2.467732298422306,-0.3372453797382976,-0.6744907594765952,1.3489815189531904,0.6661485508120517,0
0.0,-0.6744907594765952,-0.3372453797382976,-1.011736139214893,-0.3372453797382976,-1.3489815189531904,2.697963037906381,-0.3372453797382976,2.023472278429786,2.697963037906381,1.3489815189531904,-2.5339540848905426,-0.3372453797382976,2.023472278429786,0.0,-2.6701550892606836,0.3372453797382976,-0.22483025315886507,0.6744907594765952,1.3489815189531904,2.023472278429786,0.6744907594765952,2.023472278429786,0.3372453797382976,-1.3489815189531904,-0.6744907594765952,0.6744907594765952,0.6169330746055764,1.011736139214893,3.3724537973829762,4.046944556859572,0.0,0
-0.3372453797382976,-1.3489815189531904,0.0,-1.3489815189531904,0.0,0.6744907594765952,-0.6744907594765952,1.011736139214893,-0.6744907594765952,0.0,0.0,0.0,1.6862268986914881,-2.023472278429786,0.0,-0.6675387723151709,-0.3372453797382976,-0.44966050631773014,0.3372453797382976,-0.3372453797382976,0.0,1.3489815189531904,0.0,-0.6744907594765952,2.697963037906381,2.023472278429786,-2.023472278429786,-0.6169330746055764,0.0,0.0,0.6744907594765952,0.0,0
-0.6744907594765952,-0.3372453797382976,-0.6744907594765952,-0.6744907594765952,-0.3372453797382976,0.0,0.0,-1.011736139214893,1.3489815189531904,4.046944556859572,-0.6744907594765952,0.0,-0.6744907594765952,0.0,-0.6744907594765952,0.0,0.6744907594765952,0.44966050631773014,1.011736139214893,1.011736139214893,2.3607176581680833,0.0,-0.6744907594765952,0.6744907594765952,0.0,0.0,-0.6744907594765952,0.0,1.6862268986914881,1.3489815189531904,4.046944556859572,0.6661485508120517,0
-0.3372453797382976,-0.3372453797382976,-0.3372453797382976,-0.6744907594765952,0.3372453797382976,0.0,-0.6744907594765952,1.011736139214893,-0.6744907594765952,-0.6744907594765952,0.0,0.0,1.6862268986914881,-2.023472278429786,0.0,-0.6675387723151709,1.6862268986914881,1.5738117721120555,1.3489815189531904,1.011736139214893,1.011736139214893,-2.697963037906381,0.6744907594765952,0.3372453797382976,0.6744907594765952,2.023472278429786,2.697963037906381,2.467732298422306,1.011736139214893,0.0,1.3489815189531904,-1.3322971016241034,0
0.0,0.0,0.0,-0.3372453797382976,0.3372453797382976,1.3489815189531904,-0.6744907594765952,1.011736139214893,0.0,-0.6744907594765952,0.6744907594765952,-1.2669770424452713,2.023472278429786,-2.023472278429786,0.0,-0.6675387723151709,1.3489815189531904,0.8993210126354603,1.011736139214893,1.3489815189531904,1.3489815189531904,-0.6744907594765952,2.697963037906381,-0.3372453797382976,2.023472278429786,2.697963037906381,1.3489815189531904,-1.8507992238167295,0.6744907594765952,1.3489815189531904,1.3489815189531904,-2.664594203248207,0
-0.6744907594765952,-1.3489815189531904,-0.6744907594765952,-1.3489815189531904,-0.6744907594765952,-0.6744907594765952,2.697963037906381,-0.3372453797382976,1.3489815189531904,2.023472278429786,1.3489815189531904,-1.900465563667907,-0.3372453797382976,1.3489815189531904,0.0,-2.0026163169455127,0.6744907594765952,0.8993210126354603,0.3372453797382976,0.3372453797382976,0.0,-0.6744907594765952,0.6744907594765952,0.6744907594765952,-1.3489815189531904,4.046944556859572,1.3489815189531904,0.0,0.3372453797382976,1.3489815189531904,0.6744907594765952,0.0,0
0.6744907594765952,1.011736139214893,1.011736139214893,0.6744907594765952,1.3489815189531904,-0.6744907594765952,0.0,1.3489815189531904,1.3489815189531904,0.0,1.3489815189531904,0.6334885212226357,0.6744907594765952,1.3489815189531904,2.697963037906381,0.0,0.3372453797382976,0.6744907594765952,-0.3372453797382976,0.0,0.0,1.3489815189531904,-1.3489815189531904,0.3372453797382976,-1.3489815189531904,1.3489815189531904,-2.023472278429786,-1.8507992238167295,0.6744907594765952,-0.6744907594765952,2.023472278429786,0.0,0
-1.3489815189531904,-2.3607176581680833,-1.6862268986914881,-2.023472278429786,-1.011736139214893,0.0,0.0,0.3372453797382976,-0.6744907594765952,0.0,-0.6744907594765952,0.0,-0.6744907594765952,0.0,-1.3489815189531904,0.0,1.011736139214893,0.6744907594765952,0.6744907594765952,1.011736139214893,0.6744907594765952,0.6744907594765952,-0.6744907594765952,1.6862268986914881,0.6744907594765952,2.023472278429786,-1.3489815189531904,0.6169330746055764,1.011736139214893,0.6744907594765952,2.697963037906381,-1.998445652436155,0
-0.3372453797382976,1.011736139214893,-0.3372453797382976,0.6744907594765952,-0.3372453797382976,0.0,0.0,-1.011736139214893,2.023472278429786,4.046944556859572,-0.6744907594765952,0.0,-0.6744907594765952,0.0,-0.6744907594765952,0.0,-0.6744907594765952,-1.1241512657943253,-0.3372453797382976,-0.3372453797382976,-0.3372453797382976,0.0,2.023472278429786,-0.6744907594765952,1.3489815189531904,0.0,2.697963037906381,0.0,-0.3372453797382976,2.023472278429786,0.0,0.0,0
0.0,1.011736139214893,0.3372453797382976,0.6744907594765952,0.3372453797382976,0.0,0.0,-1.011736139214893,2.023472278429786,4.046944556859572,-0.6744907594765952,0.0,-0.6744907594765952,0.0,-0.6744907594765952,0.0,-0.3372453797382976,-0.22483025315886507,-0.3372453797382976,-0.3372453797382976,0.0,0.0,0.6744907594765952,1.011736139214893,-0.6744907594765952,2.023472278429786,0.0,-1.233866149211153,0.3372453797382976,0.6744907594765952,0.6744907594765952,0.0,0
-0.3372453797382976,-0.3372453797382976,-0.3372453797382976,-0.6744907594765952,-0.3372453797382976,0.6744907594765952,-0.6744907594765952,2.697963037906381,-2.697963037906381,-0.6744907594765952,1.3489815189531904,0.0,1.6862268986914881,-1.3489815189531904,-1.3489815189531904,0.0,-0.6744907594765952,-0.6744907594765952,-0.6744907594765952,-1.011736139214893,-0.6744907594765952,-2.023472278429786,2.697963037906381,-0.3372453797382976,0.6744907594765952,2.697963037906381,2.023472278429786,-1.8507992238167295,-0.3372453797382976,2.023472278429786,0.0,-1.998445652436155,0
0.6744907594765952,0.0,1.3489815189531904,-0.3372453797382976,1.3489815189531904,-2.023472278429786,0.0,0.0,0.0,2.023472278429786,2.023472278429786,1.900465563667907,2.023472278429786,-1.3489815189531904,0.6744907594765952,-0.6675387723151709,0.0,0.22483025315886507,0.3372453797382976,0.3372453797382976,0.3372453797382976,0.0,0.6744907594765952,1.3489815189531904,0.6744907594765952,2.023472278429786,-0.6744907594765952,-1.8507992238167295,0.3372453797382976,0.0,1.3489815189531904,0.0,0
1.011736139214893,2.697963037906381,0.3372453797382976,0.6744907594765952,0.3372453797382976,1.3489815189531904,0.0,0.0,0.6744907594765952,4.046944556859572,-2.697963037906381,-1.900465563667907,0.3372453797382976,0.0,2.697963037906381,1.3350775446303418,0.3372453797382976,-0.22483025315886507,0.3372453797382976,1.011736139214893,2.023472278429786,1.3489815189531904,0.6744907594765952,1.011736139214893,-1.3489815189531904,0.0,0.0,0.0,1.3489815189531904,1.3489815189531904,3.3724537973829762,-2.664594203248207,0
0.3372453797382976,1.3489815189531904,0.6744907594765952,0.6744907594765952,2.023472278429786,0.6744907594765952,0.0,1.011736139214893,0.0,-0.6744907594765952,0.0,0.0,2.023472278429786,-1.3489815189531904,0.0,0.0,0.0,0.0,0.3372453797382976,1.011736139214893,0.6744907594765952,1.3489815189531904,1.3489815189531904,0.6744907594765952,-0.6744907594765952,-0.6744907594765952,-0.6744907594765952,0.6169330746055764,0.3372453797382976,-0.6744907594765952,4.046944556859572,-1.3322971016241034,0
0.3372453797382976,0.0,0.3372453797382976,-0.3372453797382976,1.3489815189531904,0.6744907594765952,0.6744907594765952,1.011736139214893,0.0,0.0,-0.6744907594765952,0.0,1.6862268986914881,0.6744907594765952,3.3724537973829762,-1.3350775446303418,-0.3372453797382976,-0.8993210126354603,-0.3372453797382976,-1.011736139214893,-0.6744907594765952,-2.023472278429786,4.046944556859572,0.0,-2.023472278429786,2.023472278429786,2.697963037906381,-0.6169330746055764,0.0,2.023472278429786,-0.6744907594765952,0.0,0
-1.011736139214893,-1.011736139214893,-1.011736139214893,-1.011736139214893,-0.6744907594765952,0.0,0.0,-1.011736139214893,1.3489815189531904,4.046944556859572,-0.6744907594765952,0.0,-0.6744907594765952,0.0,-0.6744907594765952,0.0,0.0,0.0,0.3372453797382976,0.0,0.6744907594765952,2.697963037906381,-0.6744907594765952,0.0,-0.6744907594765952,1.3489815189531904,-2.697963037906381,-1.233866149211153,1.6862268986914881,-1.3489815189531904,0.0,0.0,0
0.0,-1.011736139214893,0.0,0.0,0.0,0.0,0.0,3.0352084176446783,-2.697963037906381,0.0,1.3489815189531904,0.0,2.023472278429786,-1.3489815189531904,-1.3489815189531904,0.0,0.0,-0.22483025315886507,0.3372453797382976,-0.3372453797382976,0.3372453797382976,-0.6744907594765952,0.6744907594765952,-0.3372453797382976,2.023472278429786,2.697963037906381,0.0,0.6169330746055764,0.0,0.6744907594765952,1.3489815189531904,0.0,0
-0.6744907594765952,-0.3372453797382976,-0.6744907594765952,-0.6744907594765952,-0.3372453797382976,0.0,0.0,-1.011736139214893,0.6744907594765952,4.046944556859572,-0.6744907594765952,0.0,-0.6744907594765952,0.0,-0.6744907594765952,0.0,-0.6744907594765952,-0.44966050631773014,-0.3372453797382976,-0.6744907594765952,0.0,1.3489815189531904,-0.6744907594765952,0.0,0.0,2.023472278429786,-2.023472278429786,-1.233866149211153,0.3372453797382976,-0.6744907594765952,0.6744907594765952,0.0,0
-0.6744907594765952,-1.3489815189531904,-0.6744907594765952,-0.6744907594765952,-0.6744907594765952,0.6744907594765952,4.721435316336167,-1.011736139214893,0.6744907594765952,-0.6744907594765952,2.697963037906381,0.0,-0.6744907594765952,0.0,-1.3489815189531904,0.0,0.0,0.8993210126354603,0.3372453797382976,1.011736139214893,0.3372453797382976,2.023472278429786,-1.3489815189531904,0.3372453797382976,0.0,4.721435316336167,-2.023472278429786,1.233866149211153,-0.6744907594765952,-0.6744907594765952,-0.6744907594765952,-1.3322971016241034,0
0.0,1.011736139214893,0.3372453797382976,0.6744907594765952,0.6744907594765952,2.023472278429786,2.697963037906381,-0.3372453797382976,1.3489815189531904,-1.3489815189531904,2.697963037906381,-0.6334885212226357,-0.3372453797382976,2.023472278429786,-0.6744907594765952,0.0,0.6744907594765952,0.6744907594765952,0.3372453797382976,0.0,0.3372453797382976,1.3489815189531904,-0.6744907594765952,0.0,1.3489815189531904,2.023472278429786,-2.023472278429786,-0.6169330746055764,1.011736139214893,-0.6744907594765952,4.046944556859572,-0.6661485508120517,0
0.0,-0.3372453797382976,0.0,-0.6744907594765952,0.0,0.6744907594765952,0.0,3.0352084176446783,-2.697963037906381,-0.6744907594765952,1.3489815189531904,0.0,2.023472278429786,-1.3489815189531904,-1.3489815189531904,0.0,1.011736139214893,0.6744907594765952,1.3489815189531904,1.011736139214893,2.023472278429786,0.6744907594765952,-0.6744907594765952,1.3489815189531904,-0.6744907594765952,0.0,-0.6744907594765952,0.6169330746055764,1.3489815189531904,0.0,4.046944556859572,-3.330742754060258,0
0.0,-0.6744907594765952,0.0,0.0,0.6744907594765952,0.0,2.023472278429786,0.3372453797382976,0.0,0.6744907594765952,0.0,0.0,0.6744907594765952,-0.6744907594765952,2.697963037906381,-1.3350775446303418,0.3372453797382976,0.8993210126354603,0.0,0.3372453797382976,0.3372453797382976,0.6744907594765952,-0.6744907594765952,0.0,0.0,1.3489815189531904,-1.3489815189531904,-0.6169330746055764,1.011736139214893,0.6744907594765952,2.023472278429786,0.0,0
-1.011736139214893,0.0,-1.6862268986914881,-0.6744907594765952,-1.011736139214893,0.0,0.0,0.3372453797382976,-0.6744907594765952,0.0,-0.6744907594765952,0.0,-0.6744907594765952,0.0,-1.3489815189531904,0.0,-0.6744907594765952,-0.8993210126354603,-1.011736139214893,-1.3489815189531904,-0.6744907594765952,0.0,0.6744907594765952,1.011736139214893,1.3489815189531904,0.6744907594765952,1.3489815189531904,-0.6169330746055764,0.3372453797382976,1.3489815189531904,-0.6744907594765952,0.0,0
-0.6744907594765952,-0.3372453797382976,-0.6744907594765952,-0.6744907594765952,-0.6744907594765952,0.0,3.3724537973829762,-1.011736139214893,0.0,0.0,2.023472278429786,0.0,-0.6744907594765952,0.0,-1.3489815189531904,0.0,0.3372453797382976,0.6744907594765952,0.3372453797382976,0.6744907594765952,0.6744907594765952,1.3489815189531904,0.6744907594765952,1.011736139214893,0.0,-0.6744907594765952,-1.3489815189531904,-2.467732298422306,1.3489815189531904,1.3489815189531904,0.6744907594765952,-1.998445652436155,0
-0.6744907594765952,1.011736139214893,-1.011736139214893,0.6744907594765952,-0.3372453797382976,0.6744907594765952,0.0,-1.011736139214893,2.697963037906381,0.0,-0.6744907594765952,-0.6334885212226357,-0.6744907594765952,0.0,0.6744907594765952,-0.6675387723151709,-0.3372453797382976,0.22483025315886507,-0.3372453797382976,0.3372453797382976,0.0,0.0,0.0,0.6744907594765952,2.697963037906381,0.0,-0.6744907594765952,0.0,0.0,0.0,3.3724537973829762,0.0,0
1.011736139214893,1.3489815189531904,2.023472278429786,0.6744907594765952,1.6862268986914881,0.0,-0.6744907594765952,0.0,0.0,1.3489815189531904,0.6744907594765952,0.6334885212226357,2.023472278429786,-1.3489815189531904,0.0,0.0,-0.3372453797382976,-0.22483025315886507,-0.6744907594765952,-0.3372453797382976,0.0,-0.6744907594765952,1.3489815189531904,1.3489815189531904,-1.3489815189531904,0.0,-1.3489815189531904,0.0,0.0,-0.6744907594765952,2.023472278429786,1.998445652436155,0
1.6862268986914881,1.3489815189531904,0.6744907594765952,0.0,0.0,-1.3489815189531904,1.3489815189531904,0.0,2.697963037906381,4.046944556859572,0.0,-1.900465563667907,0.0,1.3489815189531904,0.6744907594765952,-2.0026163169455127,-0.3372453797382976,-0.6744907594765952,-0.3372453797382976,-0.6744907594765952,-0.6744907594765952,-1.3489815189531904,3.3724537973829762,0.0,-1.3489815189531904,1.3489815189531904,2.697963037906381,-0.6169330746055764,0.0,1.3489815189531904,-0.6744907594765952,0.0,0
-1.011736139214893,-1.011736139214893,-1.011736139214893,-1.011736139214893,-0.6744907594765952,0.0,0.6744907594765952,-1.011736139214893,1.3489815189531904,4.046944556859572,-0.6744907594765952,0.0,-0.6744907594765952,0.0,-0.6744907594765952,-0.6675387723151709,0.6744907594765952,0.44966050631773014,1.3489815189531904,0.6744907594765952,0.6744907594765952,-2.697963037906381,1.3489815189531904,0.0,1.3489815189531904,2.697963037906381,3.3724537973829762,2.467732298422306,0.6744907594765952,-0.6744907594765952,1.3489815189531904,-1.998445652436155,0
0.6744907594765952,1.011736139214893,1.011736139214893,0.6744907594765952,1.3489815189531904,1.3489815189531904,-0.6744907594765952,1.011736139214893,0.0,-0.6744907594765952,0.0,-1.2669770424452713,2.023472278429786,-1.3489815189531904,0.0,-1.3350775446303418,0.6744907594765952,0.6744907594765952,0.3372453797382976,1.011736139214893,0.3372453797382976,-1.3489815189531904,3.3724537973829762,0.3372453797382976,0.6744907594765952,3.3724537973829762,1.3489815189531904,-2.467732298422306,0.0,2.697963037906381,0.0,-2.664594203248207,0
-1.011736139214893,-2.3607176581680833,-1.011736139214893,-2.023472278429786,-1.011736139214893,0.0,-0.6744907594765952,2.023472278429786,-3.3724537973829762,0.0,0.6744907594765952,0.0,1.011736139214893,-1.3489815189531904,-1.3489815189531904,0.0,-0.6744907594765952,0.0,-0.6744907594765952,0.0,0.0,0.0,0.0,0.0,1.3489815189531904,-0.6744907594765952,0.0,1.233866149211153,0.0,0.0,2.697963037906381,0.0,0
-1.011736139214893,1.3489815189531904,-1.6862268986914881,0.6744907594765952,-1.011736139214893,0.0,0.0,0.3372453797382976,-0.6744907594765952,0.0,-0.6744907594765952,0.0,-0.6744907594765952,0.0,-1.3489815189531904,0.0,0.0,0.6744907594765952,0.0,0.6744907594765952,0.0,-1.3489815189531904,-2.697963037906381,1.3489815189531904,1.3489815189531904,-3.3724537973829762,-3.3724537973829762,-2.467732298422306,-0.3372453797382976,-1.3489815189531904,-0.6744907594765952,-1.998445652436155,0
0.3372453797382976,0.3372453797382976,0.6744907594765952,0.0,1.011736139214893,-2.023472278429786,0.0,0.0,-0.6744907594765952,2.023472278429786,2.023472278429786,1.2669770424452713,1.011736139214893,-1.3489815189531904,0.0,-1.3350775446303418,0.6744907594765952,0.22483025315886507,1.011736139214893,0.3372453797382976,1.6862268986914881,0.6744907594765952,-0.6744907594765952,0.3372453797382976,-1.3489815189531904,1.3489815189531904,-1.3489815189531904,0.0,1.011736139214893,0.6744907594765952,6.070416835289357,1.3322971016241034,0
0.0,-0.3372453797382976,0.3372453797382976,0.0,0.6744907594765952,-1.3489815189531904,0.6744907594765952,0.3372453797382976,2.023472278429786,0.6744907594765952,0.6744907594765952,0.6334885212226357,0.3372453797382976,0.6744907594765952,3.3724537973829762,-1.3350775446303418,-0.3372453797382976,0.22483025315886507,-0.3372453797382976,0.3372453797382976,-0.3372453797382976,0.0,-0.6744907594765952,1.6862268986914881,1.3489815189531904,-0.6744907594765952,-1.3489815189531904,1.8507992238167295,-0.3372453797382976,0.0,2.023472278429786,1.998445652436155,0
-0.3372453797382976,-0.6744907594765952,0.0,0.0,-0.6744907594765952,0.6744907594765952,5.395926075812762,-0.6744907594765952,0.0,0.0,2.697963037906381,0.0,-0.6744907594765952,0.0,-1.3489815189531904,0.0,-0.6744907594765952,-0.22483025315886507,-1.011736139214893,-0.3372453797382976,-0.3372453797382976,-2.697963037906381,0.6744907594765952,0.6744907594765952,2.697963037906381,0.6744907594765952,0.6744907594765952,3.0846653730278826,-0.6744907594765952,0.0,2.697963037906381,0.6661485508120517,0
-1.011736139214893,-2.023472278429786,-1.3489815189531904,-1.6862268986914881,-1.011736139214893,0.0,0.0,-0.3372453797382976,1.3489815189531904,0.0,-0.6744907594765952,0.6334885212226357,-0.6744907594765952,0.0,0.0,0.0,-0.3372453797382976,-0.8993210126354603,-0.6744907594765952,0.0,-0.6744907594765952,-4.721435316336167,-4.046944556859572,1.011736139214893,0.6744907594765952,-4.721435316336167,-4.046944556859572,-1.8507992238167295,-0.6744907594765952,0.0,-1.3489815189531904,0.0,0
1.011736139214893,0.3372453797382976,1.011736139214893,1.011736139214893,1.6862268986914881,0.0,0.6744907594765952,0.3372453797382976,0.6744907594765952,-0.6744907594765952,0.6744907594765952,-0.6334885212226357,0.6744907594765952,0.6744907594765952,5.395926075812762,0.6675387723151709,1.011736139214893,0.44966050631773014,1.6862268986914881,1.011736139214893,2.697963037906381,0.0,-0.6744907594765952,0.6744907594765952,0.0,0.0,-0.6744907594765952,0.0,1.6862268986914881,1.3489815189531904,4.046944556859572,0.0,0
0.3372453797382976,1.011736139214893,0.3372453797382976,0.6744907594765952,0.3372453797382976,-1.3489815189531904,2.697963037906381,-0.6744907594765952,2.697963037906381,0.6744907594765952,2.697963037906381,0.6334885212226357,-0.3372453797382976,1.3489815189531904,-0.6744907594765952,-0.6675387723151709,0.0,-0.6744907594765952,0.0,-1.011736139214893,0.0,0.6744907594765952,-0.6744907594765952,1.011736139214893,-0.6744907594765952,-0.6744907594765952,0.0,0.0,2.023472278429786,-1.3489815189531904,0.0,-0.6661485508120517,0
0.3372453797382976,-0.3372453797382976,1.011736139214893,-0.6744907594765952,0.3372453797382976,0.0,-0.6744907594765952,-0.3372453797382976,0.0,1.3489815189531904,0.0,0.0,2.023472278429786,-2.023472278429786,0.0,0.0,0.0,0.0,0.0,0.0,1.011736139214893,0.6744907594765952,0.0,1.011736139214893,0.6744907594765952,-0.6744907594765952,-0.6744907594765952,-1.233866149211153,0.0,0.0,2.697963037906381,0.6661485508120517,0
-0.3372453797382976,-0.3372453797382976,-0.3372453797382976,-0.6744907594765952,0.3372453797382976,0.6744907594765952,-0.6744907594765952,1.011736139214893,-0.6744907594765952,0.0,0.0,0.0,1.6862268986914881,-2.023472278429786,0.0,-0.6675387723151709,0.3372453797382976,0.22483025315886507,0.6744907594765952,0.3372453797382976,0.6744907594765952,0.6744907594765952,2.023472278429786,0.6744907594765952,-0.6744907594765952,2.697963037906381,-2.023472278429786,-3.0846653730278826,-0.3372453797382976,1.3489815189531904,0.6744907594765952,0.0,0
0.3372453797382976,0.6744907594765952,0.0,0.0,0.3372453797382976,-1.3489815189531904,3.3724537973829762,0.3372453797382976,0.6744907594765952,2.697963037906381,1.3489815189531904,-2.5339540848905426,0.0,2.697963037906381,0.0,-2.6701550892606836,2.697963037906381,1.3489815189531904,1.3489815189531904,1.011736139214893,0.3372453797382976,0.0,1.3489815189531904,1.011736139214893,-0.6744907594765952,2.697963037906381,-2.023472278429786,-1.8507992238167295,1.011736139214893,0.6744907594765952,2.023472278429786,0.0,0
0.3372453797382976,0.6744907594765952,0.6744907594765952,0.3372453797382976,1.6862268986914881,0.6744907594765952,0.0,1.011736139214893,-0.6744907594765952,-0.6744907594765952,0.0,0.0,2.023472278429786,-1.3489815189531904,0.0,-0.6675387723151709,-0.6744907594765952,-1.3489815189531904,-1.011736139214893,-0.6744907594765952,-0.3372453797382976,0.0,0.0,0.6744907594765952,0.6744907594765952,0.0,-0.6744907594765952,0.6169330746055764,0.0,0.0,2.023472278429786,1.3322971016241034,0
-1.011736139214893,-1.011736139214893,-1.6862268986914881,0.0,-1.011736139214893,0.0,0.0,0.3372453797382976,-0.6744907594765952,0.0,-0.6744907594765952,0.0,-0.6744907594765952,0.0,-1.3489815189531904,0.0,-1.011736139214893,-1.5738117721120555,-1.3489815189531904,-1.3489815189531904,-1.011736139214893,0.0,0.0,2.697963037906381,-2.697963037906381,0.0,-0.6744907594765952,0.0,0.3372453797382976,0.0,-1.3489815189531904,0.0,0
1.3489815189531904,2.023472278429786,0.6744907594765952,0.3372453797382976,0.0,-0.6744907594765952,1.3489815189531904,0.0,2.023472278429786,4.046944556859572,-0.6744907594765952,-1.2669770424452713,0.0,0.0,2.023472278429786,-2.6701550892606836,0.0,-0.8993210126354603,0.0,0.0,0.0,0.0,0.0,3.0352084176446783,-2.697963037906381,0.0,1.3489815189531904,0.0,2.023472278429786,-1.3489815189531904,-1.3489815189531904,0.0,0
-0.6744907594765952,0.0,-0.3372453797382976,-0.6744907594765952,-0.6744907594765952,1.3489815189531904,5.395926075812762,-0.6744907594765952,0.0,-0.6744907594765952,2.697963037906381,0.6334885212226357,-0.6744907594765952,0.0,-1.3489815189531904,0.0,-0.3372453797382976,-1.3489815189531904,-0.3372453797382976,-1.011736139214893,-0.3372453797382976,-0.6744907594765952,0.0,0.3372453797382976,1.3489815189531904,0.0,-0.6744907594765952,1.233866149211153,0.3372453797382976,0.0,1.3489815189531904,0.6661485508120517,0
-0.6744907594765952,1.011736139214893,-0.3372453797382976,0.3372453797382976,-0.6744907594765952,0.0,4.721435316336167,-1.011736139214893,0.6744907594765952,0.0,2.697963037906381,0.0,-0.6744907594765952,0.0,-1.3489815189531904,0.0,-0.3372453797382976,-0.22483025315886507,-0.3372453797382976,-0.3372453797382976,0.3372453797382976,0.6744907594765952,0.6744907594765952,1.011736139214893,0.6744907594765952,0.0,-0.6744907594765952,-1.233866149211153,0.0,0.0,2.697963037906381,0.6661485508120517,0
0.3372453797382976,0.0,0.6744907594765952,-0.3372453797382976,1.011736139214893,0.0,-0.6744907594765952,1.011736139214893,0.0,0.0,0.0,1.900465563667907,2.697963037906381,-1.3489815189531904,0.0,0.6675387723151709,0.0,0.6744907594765952,-0.3372453797382976,1.011736139214893,0.0,0.0,0.0,3.7096991771212737,-2.023472278429786,-1.3489815189531904,-0.6744907594765952,0.0,1.3489815189531904,0.0,-1.3489815189531904,0.0,0
1.011736139214893,1.011736139214893,0.3372453797382976,-0.3372453797382976,0.0,0.6744907594765952,1.3489815189531904,-0.3372453797382976,1.3489815189531904,2.697963037906381,0.0,-0.6334885212226357,0.0,0.6744907594765952,1.3489815189531904,-1.3350775446303418,0.3372453797382976,0.0,0.6744907594765952,0.0,0.3372453797382976,-1.3489815189531904,0.6744907594765952,0.6744907594765952,-2.697963037906381,0.6744907594765952,2.023472278429786,0.6169330746055764,2.023472278429786,2.023472278429786,-1.3489815189531904,0.0,0
-1.3489815189531904,-1.3489815189531904,-1.6862268986914881,-0.6744907594765952,-1.011736139214893,0.0,0.0,0.3372453797382976,-0.6744907594765952,0.0,-0.6744907594765952,0.0,-0.6744907594765952,0.0,-1.3489815189531904,0.0,-0.6744907594765952,-1.1241512657943253,-1.011736139214893,-1.011736139214893,-0.6744907594765952,0.0,0.6744907594765952,0.6744907594765952,-2.023472278429786,0.0,0.6744907594765952,1.233866149211153,0.0,0.6744907594765952,1.3489815189531904,0.0,0
-1.3489815189531904,-1.3489815189531904,-1.6862268986914881,-1.3489815189531904,-1.011736139214893,1.3489815189531904,0.0,-0.3372453797382976,0.6744907594765952,0.0,-0.6744907594765952,-0.6334885212226357,-0.6744907594765952,0.0,-0.6744907594765952,-0.6675387723151709,-0.3372453797382976,0.0,-0.6744907594765952,0.0,-0.6744907594765952,-4.721435316336167,-4.046944556859572,1.011736139214893,0.6744907594765952,-4.721435316336167,-4.721435316336167,-1.233866149211153,-0.6744907594765952,0.0,-1.3489815189531904,0.0,0
0.3372453797382976,1.011736139214893,0.3372453797382976,0.6744907594765952,0.3372453797382976,-1.3489815189531904,2.697963037906381,-0.6744907594765952,2.697963037906381,0.6744907594765952,2.697963037906381,0.6334885212226357,-0.3372453797382976,1.3489815189531904,-0.6744907594765952,-0.6675387723151709,-0.3372453797382976,-0.44966050631773014,-0.3372453797382976,0.6744907594765952,0.0,0.0,0.0,3.7096991771212737,-2.023472278429786,-1.3489815189531904,-0.6744907594765952,0.0,1.3489815189531904,0.0,-1.3489815189531904,0.0,0
0.3372453797382976,1.011736139214893,0.3372453797382976,0.6744907594765952,0.3372453797382976,0.0,0.0,3.0352084176446783,-2.023472278429786,0.6744907594765952,1.3489815189531904,0.0,2.023472278429786,-1.3489815189531904,-1.3489815189531904,0.0,0.0,0.0,0.0,0.0,0.3372453797382976,0.0,0.6744907594765952,1.011736139214893,0.6744907594765952,-0.6744907594765952,-1.3489815189531904,0.0,0.3372453797382976,-1.3489815189531904,2.697963037906381,0.6661485508120517,0
0.6744907594765952,0.6744907594765952,0.3372453797382976,0.3372453797382976,0.6744907594765952,-0.6744907594765952,2.697963037906381,0.0,1.3489815189531904,2.697963037906381,1.3489815189531904,-1.900465563667907,0.0,2.697963037906381,0.0,-2.6701550892606836,-0.3372453797382976,-0.6744907594765952,0.0,-0.6744907594765952,0.0,0.0,0.0,0.0,0.6744907594765952,2.023472278429786,-0.6744907594765952,0.0,0.3372453797382976,0.0,0.6744907594765952,0.0,0
0.6744907594765952,0.6744907594765952,1.3489815189531904,0.3372453797382976,1.3489815189531904,0.6744907594765952,0.0,-0.3372453797382976,-0.6744907594765952,1.3489815189531904,0.0,0.0,2.023472278429786,-0.6744907594765952,0.0,0.0,-0.6744907594765952,-0.8993210126354603,-0.3372453797382976,-1.011736139214893,-0.3372453797382976,0.0,-3.3724537973829762,-0.6744907594765952,-2.023472278429786,0.0,-3.3724537973829762,0.0,0.0,-0.6744907594765952,0.0,-0.6661485508120517,0
-0.3372453797382976,-1.3489815189531904,-0.3372453797382976,-1.3489815189531904,-0.3372453797382976,1.3489815189531904,-0.6744907594765952,1.3489815189531904,-1.3489815189531904,-0.6744907594765952,0.0,-1.2669770424452713,1.3489815189531904,-1.3489815189531904,-0.6744907594765952,-2.0026163169455127,1.011736139214893,0.0,0.6744907594765952,0.0,0.6744907594765952,-0.6744907594765952,2.023472278429786,0.3372453797382976,-1.3489815189531904,0.6744907594765952,0.0,-0.6169330746055764,2.3607176581680833,3.3724537973829762,0.6744907594765952,-2.664594203248207,0
0.0,-1.011736139214893,0.3372453797382976,-1.011736139214893,0.0,2.023472278429786,-0.6744907594765952,0.0,-0.6744907594765952,1.3489815189531904,-2.023472278429786,-0.6334885212226357,1.6862268986914881,-1.3489815189531904,0.0,0.0,0.3372453797382976,0.0,1.011736139214893,0.0,0.6744907594765952,1.3489815189531904,-1.3489815189531904,-0.6744907594765952,0.6744907594765952,1.3489815189531904,-2.697963037906381,0.0,0.6744907594765952,-0.6744907594765952,1.3489815189531904,1.3322971016241034,0
0.6744907594765952,1.6862268986914881,0.6744907594765952,0.0,0.6744907594765952,0.0,-2.697963037906381,-0.3372453797382976,-2.023472278429786,0.6744907594765952,-2.023472278429786,1.2669770424452713,2.023472278429786,-4.721435316336167,0.0,0.0,1.3489815189531904,1.7986420252709205,1.6862268986914881,1.011736139214893,0.6744907594765952,3.3724537973829762,-1.3489815189531904,-0.3372453797382976,0.0,3.3724537973829762,-2.697963037906381,-0.6169330746055764,1.011736139214893,-1.3489815189531904,-1.3489815189531904,0.0,0
-0.6744907594765952,-1.3489815189531904,-0.3372453797382976,-1.6862268986914881,-0.3372453797382976,-1.3489815189531904,-0.6744907594765952,0.0,-0.6744907594765952,2.023472278429786,2.023472278429786,1.2669770424452713,0.6744907594765952,-0.6744907594765952,-0.6744907594765952,-0.6675387723151709,-0.3372453797382976,0.0,0.0,0.0,-0.3372453797382976,-1.3489815189531904,3.3724537973829762,0.3372453797382976,0.6744907594765952,3.3724537973829762,1.3489815189531904,-2.467732298422306,-0.3372453797382976,1.3489815189531904,0.6744907594765952,-2.664594203248207,0
-1.011736139214893,1.011736139214893,-1.6862268986914881,0.6744907594765952,-0.6744907594765952,0.0,0.0,0.6744907594765952,-1.3489815189531904,0.0,-0.6744907594765952,0.0,-0.6744907594765952,0.0,-1.3489815189531904,0.0,-0.3372453797382976,0.0,-0.3372453797382976,0.0,-0.3372453797382976,-4.721435316336167,-4.046944556859572,0.3372453797382976,0.0,-4.046944556859572,-4.046944556859572,-0.6169330746055764,-0.6744907594765952,0.0,-1.3489815189531904,0.0,0
0.0,0.0,0.3372453797382976,-0.3372453797382976,1.011736139214893,0.0,0.0,0.3372453797382976,0.0,0.0,-0.6744907594765952,0.6334885212226357,1.011736139214893,0.0,2.023472278429786,-0.6675387723151709,0.6744907594765952,0.44966050631773014,0.3372453797382976,-0.3372453797382976,0.3372453797382976,0.6744907594765952,0.6744907594765952,0.6744907594765952,-1.3489815189531904,2.023472278429786,-1.3489815189531904,-1.233866149211153,1.011736139214893,1.3489815189531904,2.023472278429786,-1.3322971016241034,0
0.6744907594765952,0.0,1.011736139214893,-0.3372453797382976,1.011736139214893,0.6744907594765952,-0.6744907594765952,-0.3372453797382976,0.0,1.3489815189531904,0.6744907594765952,0.0,2.023472278429786,-2.697963037906381,0.0,-0.6675387723151709,-0.6744907594765952,-0.6744907594765952,-0.6744907594765952,-0.6744907594765952,-0.3372453797382976,-1.3489815189531904,2.023472278429786,0.0,0.0,2.023472278429786,1.3489815189531904,-1.8507992238167295,-0.3372453797382976,1.3489815189531904,0.6744907594765952,-1.3322971016241034,0
0.3372453797382976,0.6744907594765952,0.3372453797382976,0.3372453797382976,0.3372453797382976,0.6744907594765952,0.0,3.3724537973829762,-2.023472278429786,-0.6744907594765952,1.3489815189531904,0.0,2.023472278429786,-1.3489815189531904,-1.3489815189531904,0.0,-0.3372453797382976,-0.44966050631773014,-0.3372453797382976,0.0,0.0,0.6744907594765952,0.0,1.3489815189531904,-0.6744907594765952,-0.6744907594765952,-0.6744907594765952,0.6169330746055764,0.0,0.0,1.3489815189531904,0.6661485508120517,0
0.6744907594765952,1.011736139214893,1.011736139214893,0.6744907594765952,2.023472278429786,0.6744907594765952,0.0,1.3489815189531904,0.0,-0.6744907594765952,-1.3489815189531904,0.0,2.697963037906381,0.0,5.395926075812762,2.6701550892606836,1.3489815189531904,0.44966050631773014,1.011736139214893,0.0,0.0,-2.697963037906381,2.697963037906381,-0.3372453797382976,-1.3489815189531904,2.697963037906381,2.697963037906381,0.0,1.6862268986914881,2.023472278429786,-1.3489815189531904,-0.6661485508120517,0
0.6744907594765952,0.3372453797382976,0.3372453797382976,0.0,0.0,-0.6744907594765952,2.697963037906381,-0.3372453797382976,2.697963037906381,3.3724537973829762,1.3489815189531904,-2.5339540848905426,-0.3372453797382976,2.023472278429786,0.6744907594765952,-2.6701550892606836,0.0,-1.1241512657943253,0.0,-0.3372453797382976,0.3372453797382976,1.3489815189531904,-0.6744907594765952,1.011736139214893,-0.6744907594765952,-0.6744907594765952,0.0,-1.233866149211153,2.023472278429786,-1.3489815189531904,0.0,-1.3322971016241034,0
0.3372453797382976,0.3372453797382976,1.011736139214893,0.0,0.6744907594765952,2.023472278429786,-1.3489815189531904,0.0,0.0,1.3489815189531904,-2.023472278429786,-0.6334885212226357,2.023472278429786,-1.3489815189531904,0.0,0.6675387723151709,-0.3372453797382976,-0.22483025315886507,0.0,-0.3372453797382976,1.011736139214893,0.6744907594765952,-0.6744907594765952,0.6744907594765952,-0.6744907594765952,0.0,0.0,0.0,1.6862268986914881,0.6744907594765952,3.3724537973829762,0.0,0
-1.011736139214893,-1.011736139214893,-1.6862268986914881,-0.3372453797382976,-1.011736139214893,0.0,0.0,0.3372453797382976,-0.6744907594765952,0.0,-0.6744907594765952,0.0,-0.6744907594765952,0.0,-1.3489815189531904,0.0,-0.6744907594765952,0.0,-0.6744907594765952,-0.3372453797382976,-1.011736139214893,0.0,2.697963037906381,-0.6744907594765952,-1.3489815189531904,0.6744907594765952,3.3724537973829762,0.0,-0.3372453797382976,2.023472278429786,-1.3489815189531904,0.0,0
0.0,0.0,0.3372453797382976,-0.3372453797382976,1.011736139214893,0.0,1.3489815189531904,1.011736139214893,-1.3489815189531904,0.0,-0.6744907594765952,0.0,1.011736139214893,0.6744907594765952,2.023472278429786,0.0,-0.3372453797382976,0.6744907594765952,0.3372453797382976,1.011736139214893,0.3372453797382976,3.3724537973829762,-3.3724537973829762,0.0,-1.3489815189531904,2.023472278429786,-3.3724537973829762,0.6169330746055764,0.0,-1.3489815189531904,1.3489815189531904,0.0,0
-0.6744907594765952,0.0,-0.6744907594765952,-0.3372453797382976,-0.3372453797382976,0.0,1.3489815189531904,-1.011736139214893,0.6744907594765952,4.046944556859572,-0.6744907594765952,-0.6334885212226357,-0.6744907594765952,0.0,-0.6744907594765952,-0.6675387723151709,-1.011736139214893,-0.8993210126354603,-1.011736139214893,-1.011736139214893,-0.6744907594765952,-1.3489815189531904,0.6744907594765952,0.3372453797382976,0.0,3.3724537973829762,0.6744907594765952,1.233866149211153,-0.3372453797382976,1.3489815189531904,0.0,0.0,0
1.3489815189531904,1.011736139214893,1.011736139214893,0.6744907594765952,1.011736139214893,0.0,2.023472278429786,-0.3372453797382976,2.023472278429786,2.697963037906381,1.3489815189531904,-1.900465563667907,0.3372453797382976,1.3489815189531904,2.023472278429786,-2.6701550892606836,-0.6744907594765952,-0.8993210126354603,-0.6744907594765952,0.0,-1.011736139214893,0.0,2.023472278429786,-0.6744907594765952,-1.3489815189531904,0.0,3.3724537973829762,0.0,-0.3372453797382976,2.023472278429786,-1.3489815189531904,0.0,0
0.3372453797382976,1.011736139214893,1.011736139214893,0.3372453797382976,1.3489815189531904,1.3489815189531904,-0.6744907594765952,-0.3372453797382976,-0.6744907594765952,0.6744907594765952,-1.3489815189531904,-0.6334885212226357,1.6862268986914881,-1.3489815189531904,0.0,0.0,-1.011736139214893,-1.1241512657943253,-1.011736139214893,-0.6744907594765952,-0.6744907594765952,0.6744907594765952,0.0,0.3372453797382976,-2.697963037906381,0.0,0.6744907594765952,1.233866149211153,0.0,0.6744907594765952,0.6744907594765952,0.6661485508120517,0
0.0,-1.011736139214893,0.3372453797382976,-1.011736139214893,0.3372453797382976,-0.6744907594765952,-0.6744907594765952,0.0,-0.6744907594765952,2.023472278429786,1.3489815189531904,0.6334885212226357,1.6862268986914881,-1.3489815189531904,0.0,0.6675387723151709,-0.6744907594765952,-0.6744907594765952,-0.3372453797382976,-0.6744907594765952,-0.3372453797382976,0.0,0.6744907594765952,-0.3372453797382976,2.697963037906381,2.697963037906381,-0.6744907594765952,0.0,-0.3372453797382976,0.0,2.023472278429786,-0.6661485508120517,0
-0.3372453797382976,0.3372453797382976,-0.3372453797382976,0.0,-0.3372453797382976,0.0,0.6744907594765952,-1.011736139214893,2.023472278429786,4.721435316336167,-0.6744907594765952,-1.2669770424452713,-0.6744907594765952,0.0,-0.6744907594765952,-0.6675387723151709,0.6744907594765952,0.44966050631773014,1.3489815189531904,0.6744907594765952,1.011736139214893,-0.6744907594765952,4.046944556859572,1.3489815189531904,-2.023472278429786,3.3724537973829762,-1.3489815189531904,-3.701598447633459,-0.3372453797382976,2.023472278429786,1.3489815189531904,0.0,0
0.0,-0.3372453797382976,0.0,0.3372453797382976,0.6744907594765952,0.6744907594765952,1.3489815189531904,0.3372453797382976,0.0,0.6744907594765952,0.0,0.0,0.6744907594765952,-0.6744907594765952,4.046944556859572,-0.6675387723151709,-0.3372453797382976,-0.22483025315886507,-0.3372453797382976,-0.3372453797382976,0.3372453797382976,-0.6744907594765952,0.6744907594765952,1.6862268986914881,-0.6744907594765952,0.0,-0.6744907594765952,0.0,0.0,-0.6744907594765952,2.023472278429786,1.998445652436155,0
0.0,0.0,0.3372453797382976,-0.3372453797382976,1.6862268986914881,2.697963037906381,0.0,0.0,-0.6744907594765952,0.6744907594765952,-2.023472278429786,-0.6334885212226357,1.011736139214893,-2.023472278429786,0.0,-1.3350775446303418,-0.3372453797382976,-0.6744907594765952,-0.3372453797382976,-0.6744907594765952,-0.3372453797382976,0.0,-0.6744907594765952,1.011736139214893,0.0,-0.6744907594765952,-0.6744907594765952,0.6169330746055764,0.0,0.6744907594765952,1.3489815189531904,0.6661485508120517,0
0.0,0.0,0.3372453797382976,0.6744907594765952,1.011736139214893,0.6744907594765952,0.6744907594765952,0.6744907594765952,0.6744907594765952,0.0,-1.3489815189531904,0.0,0.3372453797382976,0.6744907594765952,4.046944556859572,0.6675387723151709,0.0,0.0,0.0,1.011736139214893,0.6744907594765952,0.6744907594765952,2.697963037906381,0.6744907594765952,-2.697963037906381,-1.3489815189531904,0.6744907594765952,2.467732298422306,0.0,1.3489815189531904,2.023472278429786,0.0,0
-1.011736139214893,-2.023472278429786,-1.3489815189531904,-1.3489815189531904,-0.6744907594765952,0.0,0.0,-0.6744907594765952,1.3489815189531904,0.0,-0.6744907594765952,0.0,-0.6744907594765952,0.0,0.0,0.0,1.011736139214893,0.22483025315886507,1.3489815189531904,0.6744907594765952,2.3607176581680833,0.6744907594765952,0.0,0.3372453797382976,0.0,0.0,-0.6744907594765952,0.0,2.023472278429786,1.3489815189531904,4.721435316336167,-2.664594203248207,0
-1.011736139214893,-1.011736139214893,-1.011736139214893,-1.011736139214893,-0.6744907594765952,0.0,0.0,-1.011736139214893,1.3489815189531904,4.046944556859572,-0.6744907594765952,0.0,-0.6744907594765952,0.0,-1.3489815189531904,0.0,0.0,0.0,0.3372453797382976,0.0,0.3372453797382976,-1.3489815189531904,2.697963037906381,0.0,0.0,4.046944556859572,0.0,-1.8507992238167295,-0.3372453797382976,1.3489815189531904,0.0,-0.6661485508120517,0
-0.6744907594765952,-0.6744907594765952,-0.6744907594765952,-0.6744907594765952,-0.3372453797382976,0.0,3.3724537973829762,0.0,0.6744907594765952,0.0,2.697963037906381,0.0,0.0,2.023472278429786,-0.6744907594765952,0.0,0.0,0.6744907594765952,0.0,0.6744907594765952,0.3372453797382976,0.0,0.6744907594765952,0.0,4.721435316336167,1.3489815189531904,-0.6744907594765952,0.0,-0.6744907594765952,0.0,4.046944556859572,-0.6661485508120517,0
-1.011736139214893,-1.011736139214893,-0.6744907594765952,-1.3489815189531904,-0.6744907594765952,0.0,0.0,-0.6744907594765952,2.023472278429786,4.721435316336167,-0.6744907594765952,0.0,-0.6744907594765952,0.0,-0.6744907594765952,0.0,-1.011736139214893,-1.5738117721120555,-1.011736139214893,-1.6862268986914881,-1.011736139214893,0.0,4.721435316336167,-0.6744907594765952,-0.6744907594765952,0.0,2.023472278429786,0.0,-0.6744907594765952,0.0,-1.3489815189531904,0.0,0
-0.3372453797382976,0.6744907594765952,-0.3372453797382976,0.0,-0.3372453797382976,0.0,0.0,-1.011736139214893,2.023472278429786,4.721435316336167,-0.6744907594765952,0.6334885212226357,-0.6744907594765952,0.0,-0.6744907594765952,0.0,0.6744907594765952,0.0,0.3372453797382976,0.0,0.6744907594765952,-0.6744907594765952,2.697963037906381,0.3372453797382976,-2.023472278429786,0.6744907594765952,0.0,-1.233866149211153,2.3607176581680833,2.697963037906381,1.3489815189531904,-1.998445652436155,0
-1.011736139214893,-0.3372453797382976,-0.6744907594765952,-0.6744907594765952,0.0,0.6744907594765952,0.0,-0.3372453797382976,-0.6744907594765952,0.6744907594765952,-1.3489815189531904,-1.900465563667907,0.3372453797382976,0.6744907594765952,1.3489815189531904,-2.0026163169455127,0.3372453797382976,0.6744907594765952,0.3372453797382976,1.3489815189531904,1.011736139214893,0.6744907594765952,0.6744907594765952,1.3489815189531904,0.0,-1.3489815189531904,0.6744907594765952,0.6169330746055764,0.3372453797382976,0.0,2.023472278429786,0.0,0
-0.3372453797382976,0.3372453797382976,-0.3372453797382976,0.0,-0.3372453797382976,0.0,0.0,-1.011736139214893,0.6744907594765952,4.046944556859572,-0.6744907594765952,0.0,-0.6744907594765952,0.0,-0.6744907594765952,0.0,-0.3372453797382976,0.44966050631773014,-0.3372453797382976,0.6744907594765952,0.3372453797382976,-1.3489815189531904,2.023472278429786,-0.6744907594765952,1.3489815189531904,2.023472278429786,1.3489815189531904,-0.6169330746055764,-0.3372453797382976,1.3489815189531904,0.6744907594765952,-1.3322971016241034,0
0.0,0.0,0.0,-0.3372453797382976,0.3372453797382976,0.0,0.0,1.3489815189531904,0.6744907594765952,-0.6744907594765952,0.0,0.6334885212226357,0.3372453797382976,1.3489815189531904,2.697963037906381,-0.6675387723151709,-0.3372453797382976,0.44966050631773014,-0.3372453797382976,0.6744907594765952,-0.3372453797382976,0.0,0.0,1.011736139214893,2.023472278429786,-1.3489815189531904,-0.6744907594765952,-0.6169330746055764,-0.6744907594765952,0.0,4.721435316336167,-0.6661485508120517,0
-0.3372453797382976,-1.3489815189531904,-0.6744907594765952,-1.3489815189531904,-0.6744907594765952,-1.3489815189531904,3.3724537973829762,0.0,0.0,2.697963037906381,1.3489815189531904,-2.5339540848905426,0.0,2.023472278429786,-0.6744907594765952,-2.0026163169455127,0.3372453797382976,-0.22483025315886507,0.3372453797382976,0.6744907594765952,1.011736139214893,0.0,2.023472278429786,0.6744907594765952,0.6744907594765952,0.6744907594765952,-0.6744907594765952,0.0,0.6744907594765952,0.0,3.3724537973829762,-1.3322971016241034,0
0.3372453797382976,1.011736139214893,0.3372453797382976,0.6744907594765952,0.6744907594765952,-2.023472278429786,3.3724537973829762,0.6744907594765952,0.0,3.3724537973829762,1.3489815189531904,-2.5339540848905426,0.0,2.697963037906381,-0.6744907594765952,-2.0026163169455127,1.011736139214893,0.8993210126354603,0.6744907594765952,1.011736139214893,0.3372453797382976,-2.697963037906381,2.023472278429786,-0.3372453797382976,1.3489815189531904,2.023472278429786,3.3724537973829762,-1.233866149211153,-0.3372453797382976,2.023472278429786,0.0,-1.998445652436155,0
-0.3372453797382976,1.011736139214893,-0.3372453797382976,0.6744907594765952,0.0,0.0,1.3489815189531904,-1.011736139214893,1.3489815189531904,4.046944556859572,-0.6744907594765952,-0.6334885212226357,-0.6744907594765952,0.6744907594765952,0.0,-0.6675387723151709,-0.3372453797382976,-0.8993210126354603,-0.3372453797382976,-0.3372453797382976,-0.3372453797382976,0.0,0.0,3.7096991771212737,-2.697963037906381,0.0,0.0,0.0,0.3372453797382976,0.0,-1.3489815189531904,0.0,0
1.011736139214893,0.6744907594765952,1.6862268986914881,0.3372453797382976,1.011736139214893,-2.023472278429786,-0.6744907594765952,0.3372453797382976,0.0,2.697963037906381,2.697963037906381,1.900465563667907,2.3607176581680833,-3.3724537973829762,1.3489815189531904,-1.3350775446303418,0.0,0.44966050631773014,0.3372453797382976,0.6744907594765952,1.3489815189531904,0.6744907594765952,0.0,1.011736139214893,0.6744907594765952,0.0,-0.6744907594765952,-1.233866149211153,0.0,0.0,2.697963037906381,1.3322971016241034,0
1.3489815189531904,0.3372453797382976,2.023472278429786,0.3372453797382976,3.0352084176446783,0.6744907594765952,0.6744907594765952,0.3372453797382976,-0.6744907594765952,0.0,-0.6744907594765952,-0.6334885212226357,3.3724537973829762,-0.6744907594765952,4.046944556859572,-3.337693861575855,0.3372453797382976,-0.44966050631773014,0.0,1.011736139214893,0.0,-2.697963037906381,0.6744907594765952,1.011736139214893,4.721435316336167,0.0,-0.6744907594765952,4.318531522239035,-0.6744907594765952,0.0,3.3724537973829762,-1.3322971016241034,0
0.3372453797382976,0.6744907594765952,0.3372453797382976,0.3372453797382976,1.011736139214893,0.0,-1.3489815189531904,2.697963037906381,-2.697963037906381,0.0,1.3489815189531904,0.0,2.3607176581680833,-2.023472278429786,0.0,0.0,0.0,-0.44966050631773014,0.3372453797382976,0.0,1.011736139214893,0.6744907594765952,0.0,0.6744907594765952,0.0,0.0,-0.6744907594765952,-0.6169330746055764,1.011736139214893,0.0,4.721435316336167,1.3322971016241034,0
-1.011736139214893,-1.011736139214893,-1.3489815189531904,-1.011736139214893,-0.6744907594765952,0.0,0.0,-0.6744907594765952,1.3489815189531904,0.0,-0.6744907594765952,0.0,-0.6744907594765952,0.0,0.0,0.0,-0.6744907594765952,-0.22483025315886507,-0.6744907594765952,-0.3372453797382976,0.0,-0.6744907594765952,-0.6744907594765952,1.6862268986914881,0.0,-0.6744907594765952,0.0,-0.6169330746055764,0.0,0.6744907594765952,2.697963037906381,1.3322971016241034,0
0.6744907594765952,1.011736139214893,0.3372453797382976,0.6744907594765952,0.3372453797382976,0.0,0.0,3.0352084176446783,-2.023472278429786,0.0,1.3489815189531904,0.0,2.3607176581680833,-1.3489815189531904,-1.3489815189531904,0.0,0.0,0.22483025315886507,0.3372453797382976,0.3372453797382976,1.011736139214893,-0.6744907594765952,0.0,1.011736139214893,-0.6744907594765952,0.6744907594765952,-0.6744907594765952,0.0,1.011736139214893,0.0,2.697963037906381,1.3322971016241034,0
0.3372453797382976,0.6744907594765952,-0.3372453797382976,-0.3372453797382976,-0.3372453797382976,0.6744907594765952,0.6744907594765952,0.0,0.6744907594765952,4.046944556859572,-2.023472278429786,-1.2669770424452713,-0.3372453797382976,-0.6744907594765952,1.3489815189531904,0.6675387723151709,-0.3372453797382976,0.0,-0.3372453797382976,0.0,0.0,0.0,0.0,0.0,4.046944556859572,0.6744907594765952,-0.6744907594765952,0.0,-0.6744907594765952,0.0,3.3724537973829762,0.0,0
0.0,1.3489815189531904,0.0,0.6744907594765952,0.0,0.0,4.721435316336167,-1.011736139214893,0.0,0.0,2.023472278429786,0.0,-0.6744907594765952,0.0,-1.3489815189531904,0.0,-0.3372453797382976,-0.6744907594765952,-0.3372453797382976,-0.6744907594765952,-0.3372453797382976,-1.3489815189531904,3.3724537973829762,0.0,-1.3489815189531904,1.3489815189531904,2.697963037906381,-0.6169330746055764,0.0,2.023472278429786,-0.6744907594765952,0.0,0
-0.3372453797382976,-1.011736139214893,0.0,-1.011736139214893,0.0,1.3489815189531904,-0.6744907594765952,0.0,-0.6744907594765952,1.3489815189531904,-1.3489815189531904,-0.6334885212226357,1.3489815189531904,-2.023472278429786,-0.6744907594765952,0.0,-0.6744907594765952,-1.1241512657943253,-0.6744907594765952,-0.6744907594765952,-0.6744907594765952,2.023472278429786,-0.6744907594765952,0.0,0.6744907594765952,3.3724537973829762,-2.023472278429786,0.6169330746055764,-0.6744907594765952,-0.6744907594765952,-0.6744907594765952,-0.6661485508120517,0
-0.6744907594765952,-0.6744907594765952,-0.3372453797382976,0.3372453797382976,-0.6744907594765952,0.6744907594765952,4.721435316336167,-1.011736139214893,0.6744907594765952,-0.6744907594765952,2.697963037906381,0.0,-0.6744907594765952,0.0,-1.3489815189531904,0.0,0.3372453797382976,-0.22483025315886507,0.3372453797382976,1.011736139214893,0.0,0.6744907594765952,0.0,1.011736139214893,2.697963037906381,-2.023472278429786,-0.6744907594765952,0.0,-0.6744907594765952,0.0,4.721435316336167,0.0,0
-1.011736139214893,-0.3372453797382976,-1.6862268986914881,-0.6744907594765952,-1.011736139214893,0.0,0.0,0.3372453797382976,-0.6744907594765952,0.0,-0.6744907594765952,0.0,-0.6744907594765952,0.0,-1.3489815189531904,0.0,-1.011736139214893,-1.5738117721120555,-1.011736139214893,-1.6862268986914881,-1.011736139214893,0.0,-0.6744907594765952,2.3607176581680833,-0.6744907594765952,0.0,3.3724537973829762,0.0,0.0,1.3489815189531904,-1.3489815189531904,0.0,0
0.3372453797382976,0.3372453797382976,0.3372453797382976,0.3372453797382976,1.011736139214893,-0.6744907594765952,1.3489815189531904,0.6744907594765952,1.3489815189531904,0.6744907594765952,0.6744907594765952,0.0,0.6744907594765952,3.3724537973829762,4.721435316336167,-1.3350775446303418,-0.3372453797382976,0.22483025315886507,-0.3372453797382976,0.3372453797382976,-0.3372453797382976,0.0,0.0,0.3372453797382976,6.070416835289357,1.3489815189531904,-0.6744907594765952,0.0,-0.6744907594765952,0.0,4.046944556859572,0.0,0
0.0,0.6744907594765952,-0.3372453797382976,-0.6744907594765952,-0.3372453797382976,0.0,2.023472278429786,-0.3372453797382976,0.0,4.046944556859572,-1.3489815189531904,-2.5339540848905426,-0.3372453797382976,0.0,2.023472278429786,0.0,-0.3372453797382976,0.0,-0.3372453797382976,0.0,0.0,0.0,0.6744907594765952,1.3489815189531904,0.0,2.023472278429786,0.6744907594765952,-0.6169330746055764,0.3372453797382976,0.0,0.6744907594765952,0.0,0
0.6744907594765952,1.011736139214893,0.3372453797382976,0.3372453797382976,0.6744907594765952,-1.3489815189531904,2.697963037906381,0.0,1.3489815189531904,2.697963037906381,2.023472278429786,-1.900465563667907,0.0,2.697963037906381,0.0,-2.6701550892606836,0.3372453797382976,0.8993210126354603,-0.3372453797382976,1.011736139214893,0.3372453797382976,-0.6744907594765952,2.697963037906381,-0.3372453797382976,-1.3489815189531904,3.3724537973829762,-0.6744907594765952,-1.8507992238167295,0.0,0.6744907594765952,4.046944556859572,0.0,0
-0.3372453797382976,-2.023472278429786,-0.6744907594765952,-1.6862268986914881,-0.6744907594765952,0.6744907594765952,-0.6744907594765952,2.697963037906381,-3.3724537973829762,0.0,1.3489815189531904,0.0,1.6862268986914881,-1.3489815189531904,-1.3489815189531904,0.0,0.6744907594765952,0.6744907594765952,0.3372453797382976,1.011736139214893,0.3372453797382976,-2.697963037906381,1.3489815189531904,0.6744907594765952,0.6744907594765952,2.697963037906381,2.697963037906381,0.6169330746055764,0.3372453797382976,0.6744907594765952,-0.6744907594765952,-0.6661485508120517,0
