"V1","V2","V3","V4","V5","V6","V7","V8","V9","V10","V11","V12","V13","V14","V15","V16","V17","V18","V19","V20","V21","V22","V23","V24","V25","V26","V27","V28","V29","V30","V31","V32","V33","V34","V35","V36","V37","V38","V39","V40","V41","V42","V43","V44","V45","V46","V47","V48","V49","V50","V51","V52","V53","V54","V55","V56","V57","V58","V59","V60","V61","V62","V63","V64","V65","V66","V67","V68","V69","V70","V71","V72","V73","V74","V75","V76","V77","V78","V79","V80","V81","V82","V83","V84","V85","V86","V87","V88","V89","V90","V91","V92","V93","V94","V95","V96","V97","V98","V99","V100","label"
2.95938915211986,2.94062370178586,2.97335484072719,3.04485796974242,3.11214072563278,3.01575412633586,3.07102722970821,3.05353591064487,2.9866533418141,3.21261614885961,2.98899994215665,2.95359522675278,3.03257650933636,3.03174249697355,2.98492801210231,3.04259226582315,3.04813429501347,3.06036651785268,2.96170656068435,2.84261653907479,2.80695021116064,2.84973241030109,3.05390419481891,2.8663184147656,2.86707949300606,3.24421684816881,2.98694663227833,3.00236406559492,3.10596329815319,3.1647224851423,2.95388788641513,3.34454696872795,3.07504632835804,2.85652234189164,3.09707662744049,2.97685436570168,3.02964148990468,2.88790339940275,2.90618961396764,2.92163117798505,2.97068779882577,3.11382882514217,2.93266997669781,3.10287433786134,2.9349122323518,2.97595726863872,2.91529383593455,3.24547781030026,2.85419782832065,2.90395245052367,3.10239190775097,2.87957608112094,2.81553927340082,3.10220810005422,2.95416483737525,2.81233718374998,3.0129032812263,3.00113029906055,3.01438864679716,3.0351292586397,2.80990036525772,3.08035174798295,2.92169694037232,2.84347167264566,2.98139986556453,2.88737990340883,3.02152171189615,2.93943816597265,2.90916743611148,3.22970901540423,3.0496735755447,2.87927282744003,3.14517791839175,2.89028566178946,2.9105127336855,3.09181695353245,3.03147021551483,3.03791992334369,3.09405008739202,3.07167483011497,2.92273781201882,3.117622425326,3.00649753559125,3.05983142278933,3.00647001797248,3.09788496667961,3.13726639982655,3.01844259473282,3.14634566089717,2.94875349422212,2.98187005411923,3.06754093916672,3.07195819031239,2.96238489099513,3.00412853154836,3.12190892844004,3.02872765348957,2.98894523743183,3.08459769815071,2.82962340636014,1
3.01019084498129,2.97069336730915,2.97035119042538,3.05836110892303,2.9892204211588,3.31531477331305,3.07525224322145,2.98719748140259,2.92274209797533,2.91218116686957,2.96396510294458,2.86253556530892,3.07372609955022,3.145490585186,3.00619394516185,3.04495879656904,3.06010961713247,3.02142747488092,3.0355038413662,2.97902551620873,2.96162515616666,3.07354039497724,2.96455694809315,2.95781216495125,2.93926236351742,2.89490948110836,3.1367068025001,3.06616728455215,3.03768501762437,3.14189978149119,2.9661784608412,2.88029387869127,2.9592303603895,3.12642591509927,2.80100694451229,2.99824769379846,3.02347325470568,3.06701072185087,2.89466529705274,3.01299819421144,3.08110467726145,2.97392499572517,3.01588272451525,2.83379705611266,2.90203803554734,3.01279445504819,3.11044169985124,3.09378188626139,2.85387366683716,2.8824345545868,2.98075009564686,3.25290370107173,3.04735436093566,2.98500125101165,3.15488901842123,3.05594365578471,3.11289588733884,2.83222857686047,2.97277944002891,2.92000177081056,2.86907120776727,2.88539833077562,2.88100647547478,3.19246432095319,3.07344916968148,3.32350496110997,3.06893595937168,2.85424682483026,2.81955778080383,2.8044847110637,3.04645344675738,3.21991299774878,2.97098051286535,2.98784813614301,2.99921573705992,3.01122364514066,2.93455539413028,2.97941363207381,2.91192023684192,3.22161078185299,3.01821823991552,2.90335459987071,3.02829948703398,2.97203144632403,3.17421810036459,3.0319628461477,2.95452254240694,2.83474836318907,2.91224664786409,3.07347760984129,3.14850108206704,3.05616009714427,2.87885322228393,3.06387234013996,3.01177363279115,2.98075198541766,2.99133033448036,3.07181439362261,3.09558482197051,3.03984703310135,1
2.97731699442421,2.98353333218073,2.98708657451343,3.13026057704017,2.99612532151675,2.86536547723982,3.19388069010022,3.10455845074004,3.0742585193043,2.99759065490652,2.88708453168457,2.99593804833203,2.88312746232545,2.87594584611666,2.9594969613069,2.95877884383652,2.98129688192276,3.09893947886306,3.11705932547276,2.87282400396385,2.93760904646226,2.96207804080963,3.04401581065387,2.94579802877245,2.96615870671402,3.06072726540257,2.83861358230983,2.89709330356531,2.97618534282139,2.85182952636534,3.07607717035641,3.18615190737165,3.02366079941877,3.04184582223937,3.1186447237941,3.01049296552541,2.89362073801503,2.88501826315281,2.81104015538896,3.02031187851013,2.97412078780949,3.21975205390046,3.13610928979376,2.9431573929091,2.78964632567495,3.09346231312958,2.95585791055682,3.00509564855929,2.99901307406398,3.10307585186203,2.80734691854565,2.85156583796906,2.80292410627468,3.07033833280821,2.79990089983183,3.08072889461499,3.12725518280036,2.86488595497834,2.93386807564471,3.05613787711269,3.08476517136123,2.97541718614112,2.98683389369343,3.05625835402825,2.95507831699486,3.12030549057542,2.9744804839032,3.09425808934348,3.08580856820272,3.18193285674606,2.844263913527,3.21374087886964,3.0852134312121,3.04913430381692,2.93833361593103,2.98267386126005,3.08343909507715,2.79561240809733,2.94361289115394,3.04926242753459,2.99714915801522,2.86728458996526,2.92390779553229,2.95642115457902,2.79344364186845,2.97327578058918,3.05859356464682,2.98555661823396,2.91363508175597,3.01133932936685,2.88675849291472,2.95565687624245,3.10813156155243,3.15990028809085,3.06290452887313,3.1343246033479,2.96274801154905,3.20227304452322,2.94481227233086,2.99919562358027,1
3.14209558878243,3.18350209273843,2.90145016506911,2.98728005949598,2.81552119540864,2.95343396109842,3.05634161068103,2.90976063689642,2.90734494191513,3.05587311186623,3.09399057417929,3.01206040331344,3.12866170877378,2.95766788491474,3.06887987920775,2.81584041876381,3.11227263074908,2.87107056069251,3.06120338931759,2.92549821515497,2.93734941522966,3.05544019388747,2.93688707146241,3.06475821523742,3.02562952384079,3.05602275877329,3.02028029690772,3.08733997889113,3.11209231727898,2.90465948058424,2.88849140995157,3.11511485357056,2.92756899301154,3.0934933281575,2.80397530334489,3.09349593577836,3.09725796885335,3.02606635687926,3.08192681945915,3.06080458352739,3.14735945778051,3.04728033068713,3.09981671887131,2.93530061377425,3.12460178679255,3.38142893148602,3.04607774023649,2.99650335149808,2.88910189588673,2.80155138200519,2.82250527801952,2.91055072002913,3.05802200630693,3.03540696608859,2.99286300296395,3.00707839074807,3.03550193559236,2.8798396577073,2.90935393444291,2.7097244660351,3.12493936623048,2.98212266896022,2.8427087159781,3.07753536099231,3.00181245150666,3.01785981289241,2.85749219134665,3.06537276965243,3.01833972946893,2.94406282909107,3.157092971829,2.81375096493131,3.08125669041847,3.02257209403025,2.94121622608446,3.00763682051638,2.86103797016132,2.94357148415585,2.92376698851018,2.99900040467315,2.96559853558737,3.03165561138077,2.99351091593243,3.03720263213214,2.98761939557378,3.21562933710416,3.01333454398606,3.01927659823142,2.97752554091565,2.93766924619317,2.89826522633798,3.05592389330197,2.88319545518196,3.02375060028168,2.89026952082594,3.07657931497292,2.97643065740361,2.99507052888779,2.85230334671443,3.18924935701923,1
2.96841342966697,3.00950692523444,2.84434163139282,3.04114444680218,3.08073512194182,3.22266289960971,3.12572734058816,2.99875436299454,3.23175635646984,2.97889254162438,2.83604138085492,3.17661475163178,2.84850660779946,3.02607728543466,2.98468815913709,2.87992863992993,3.12661668625067,2.95582060488889,2.92361725837683,3.13331686017208,2.94845896205031,2.9163748644482,3.08494378336765,2.96760142081352,2.96189554508219,3.2110590504278,2.77967616048207,3.01322205516723,3.2151688639349,3.00515776700831,3.13395811783256,2.96562281945134,3.06441162203085,2.90397881655663,3.28759737765016,2.97123834683903,2.91462176032111,2.98426011122205,2.92584748685722,2.86594729235564,2.9733704374788,3.05041133274371,2.96702500972633,3.01932398272808,2.97730327946179,3.00620310725167,2.97062338643726,3.09374790776505,2.99079631138473,3.17899751661717,2.72008148884359,2.87825093160036,3.00982812356911,2.9543708260085,2.98537302280541,3.08087504837291,2.95868781997211,3.16317745259586,3.10619385342165,2.97586349741818,3.03795222233891,2.99174899019921,2.99512860495459,3.05642718486447,3.10245882451785,2.93355152035192,3.08059645802233,2.97236759607924,2.9737300929689,3.01801143292491,3.03084801969774,3.1014467698478,3.07908072478982,3.10248942229602,2.99802882492084,3.0457283690905,3.11796719418341,3.12173845931224,3.14077459694346,2.96522666038213,2.86853841682779,3.15261407995895,3.10483045533998,3.15376878034375,2.96941914611745,3.06012896719358,3.08373001136504,3.04112278417386,3.10313689705175,2.99135119562667,3.04159087545054,3.00819599071693,3.00308772988333,3.03234815651661,2.8390369094056,3.23280806921747,3.10159020465503,2.86008407033567,3.10109585603449,2.94235912622652,1
2.93467637411192,2.97789408608427,3.07005961545659,3.07296429969776,3.05964246192036,2.96954960185192,2.83879286708642,2.89281575487634,3.01839162683487,3.08080313339438,3.25592301358093,3.11911631280909,3.02287732521997,3.04894483933488,2.96440581315619,2.85360658213701,2.99938413105842,3.10839831994672,3.11876377941931,3.03739559623833,3.11359202774108,3.01661145835056,3.0662789255411,3.04929641032152,3.04430212775559,2.97117104211681,3.01769692529593,3.06161615250957,3.19676711861596,3.07922394534836,2.96641188053456,2.96318114257865,3.19605365186537,3.02850612129956,2.9729330771288,2.96850021908253,2.91782683918476,3.08524670200592,2.70452603815067,3.09435259087539,3.03832155211893,3.03659008130006,2.81429644035233,2.98791773750815,3.00379763609248,2.91445631008781,2.92822149568965,3.11757813988903,2.82920411302863,2.92556652406764,2.99927025734238,3.03118488936084,2.94332521701744,3.01655811944455,3.08141065837481,3.27927107228744,3.09375624083335,3.05759078343262,3.0253202685808,2.87003853145939,2.96881142939616,3.02064609181647,2.91681392873821,3.06767698289358,2.99936504578051,3.01012167562719,3.14634184523354,3.18818871144732,2.90041951178445,3.07262423861169,3.02995374149624,2.99890393175823,2.94552738218699,2.93332402720276,2.99474678474342,3.07320843641924,3.05140414379248,2.90819269092712,2.90958482794456,2.87421093968639,2.90213503781936,3.12021838644164,3.04259043852784,3.35647777268484,2.92510688045846,3.03227044500001,3.09347555717988,3.17763152317772,3.08610798563928,3.04645697124023,3.00231903358422,3.07353023813185,3.02530817815867,2.96878032511323,3.13349788516818,2.83682932296727,2.82465161615687,2.87860256687724,2.98112738744825,3.03550462989878,1
3.13017944565821,3.08601432886172,2.87617014685091,3.11277766285674,3.12632980795446,2.86803594679636,2.91930599753961,2.86692687735342,2.73957339033535,3.17165662846553,2.8898422801319,3.04629159399299,2.93700944242852,2.96812608998183,3.2230598319543,2.80298047187104,2.93480298062285,2.89287855575319,2.77531077390223,3.08862753057564,2.99099666628545,3.2368587401256,3.06790047264628,3.07020204495273,2.98446399761436,3.22915190122939,2.98280774286599,3.06999893957297,3.03996986386182,3.04983620527148,3.08110304142539,2.93817225935181,2.81395720746983,2.94161875015726,2.92860390242047,3.17879998024791,3.14895424791512,3.07068146333722,2.89774826991021,3.09656851134309,3.0212487929709,3.08511270118313,2.92243144758672,3.10201519575136,3.05801420552275,2.90725201228023,2.95745619597094,2.9038979236487,2.94899814941068,2.96122047180871,2.87766151975598,2.93353090333697,3.05979421382405,2.97198755101622,2.8755901818418,2.99327370824832,3.17449388212815,3.06410479846554,2.90120203101977,2.9522202756722,3.01017431255203,2.78995818903043,2.96272941805615,2.9636615522124,3.1409988905162,3.03012836920854,3.05265769279347,2.99002835613565,3.07490025783532,3.0273703677753,2.96336376416841,3.04316605116161,2.96162155632364,3.02297004281076,2.93261800921538,3.09678924566488,3.14822213073205,2.94099192834338,2.9511773481654,3.14263600047495,3.13237808024024,3.08021665805194,2.92092843880269,2.95618319368768,2.95017747430807,3.05246428767953,3.07638532951845,2.80156951013672,3.1296168294877,2.96743197914494,3.10811316461005,3.03881554361165,2.9115675997383,2.9070598550379,3.0013058309004,3.16107868310778,3.03647960464606,3.12766331318453,2.96223672856007,2.87530577179932,1
2.95331431567562,2.96182712666466,2.8841905211302,2.88501608852262,2.89840127282001,2.92297216121592,3.12736746629145,3.15547308619626,3.32116256196198,2.94137775682948,3.07695955465259,3.09237295861524,2.87942640336863,3.07084145229335,3.02241343167608,2.848949614325,2.92971486680687,3.00420254362055,3.09396236423912,3.09206494886559,3.02236457041868,2.87452904751119,2.95273547089305,2.97393018336761,3.16880866620566,2.97940390769596,2.87228502514373,3.00845183669917,2.95014338391193,3.03979698916342,3.06658645255097,3.02203812865806,2.87253415037579,2.93012795487063,3.09920646843301,2.91122409421768,3.04164849386261,2.95936652604359,3.07129215519618,2.87809189825795,3.20633982839507,2.92030522657388,3.03767138841713,2.82681438184536,2.85065124451074,3.06814695578653,3.11855143926094,2.88861014565028,2.94498426130701,2.99902775783313,3.06503167599163,2.80449249911458,2.6864045805647,2.92957931343211,2.9399419689454,3.03528606957961,3.00170305487477,2.93689909235789,2.91581393979635,3.11706645741958,2.90940882838877,3.02611215171882,3.11356567925085,2.96281205556598,3.00097782729232,3.02367387543052,3.03925583589978,2.91066409381465,2.93524524097467,3.04961067092,2.87124021511676,2.88185005537769,3.00976275256364,3.08679746102414,3.08696466466627,2.91166200804683,3.15683135986967,2.98097319633516,3.02359326391307,2.96377926492389,2.89773249694073,3.02379162677884,3.1516029494122,2.94555718715258,3.27432398838114,2.93693458739448,3.12101235555604,2.82517726446248,3.06104651084937,3.03506201659004,3.03402948922705,3.01414911160018,2.91177681204569,3.05384993317172,3.11860057552255,2.93450110992872,2.88675161128741,2.85351935245004,2.95441718862137,3.16715558997064,1
2.92786786287321,3.11437368955212,2.89049902826927,3.10789670542386,3.15289498830079,2.86536412305938,2.92563022436617,3.06871623270961,3.02087659997046,3.10477502453874,2.84357967758932,2.9257795404896,3.058933177281,2.76888230448542,3.1416509479708,3.06537831499299,3.17358870906097,2.89056144814542,3.12957691233632,2.9732790023917,3.12740159790668,3.15372590346824,3.11542461320803,2.96019285423545,2.98154611231452,2.89368473461906,2.95585693451729,3.06343639045051,3.04204877788654,2.96215892512474,2.81833030892784,2.97726889916778,3.04678154534851,2.92329150920524,3.13485307553067,3.05890058797461,3.00785998555436,3.00421028847207,2.90976116962735,2.9764996029768,2.96902489440171,2.98540723935919,3.12292810221432,3.07527025895155,2.92427271560962,3.17658917408249,3.13770102689986,2.96685865424714,3.03372301366919,3.08191555444389,2.88448539078793,3.01378219641881,3.06361099092865,2.93946230174147,3.03218478244033,3.18255888388112,2.73188673170751,3.11253984875217,2.89666735329158,3.01804239533885,3.02425645293402,3.01392813175361,3.01134703705444,2.76879581210155,3.04599138927058,2.97931542464984,3.06987753900641,3.01016337850914,2.90424751767621,3.09481484704234,2.99352853425651,2.89803491629463,2.77333777728851,2.90691896464158,2.90749460181236,3.06633406791878,2.93139106573096,3.00459115409306,3.05903900992641,3.19359699768561,2.90608563794011,2.94247500939412,2.91202302472642,2.91274384808793,2.97850491736437,2.93420665487681,2.78974144193789,3.01789265759413,3.03622784772142,3.10927739167832,3.06221863728784,3.14879026383496,2.84996208309989,3.00727306815698,3.05604318472573,3.0700937866138,3.04818235959387,3.24259476106198,2.88453260748362,2.81098760288748,1
2.91779855587546,3.04216584490491,2.99885754070577,3.03462345820351,2.90286653052995,3.02466259001355,2.96385755273104,3.08308514452717,2.91795436299306,3.13864516526158,2.92937596360427,2.95818827163756,3.12788875671435,3.10087539050594,2.99007788801295,2.95179812279234,3.0644822050355,2.82170777912629,3.0061009485724,2.93602166067122,3.15496289641311,2.99532788389655,2.97185575521619,2.78219345759362,2.88441969097987,3.06893668556633,2.96314346173515,3.01478887570934,3.0647336491766,3.07127718943992,3.14776790519203,2.98922915154644,3.04651025612293,3.10141185193134,2.89020044288942,2.83276126464249,2.96949660637413,2.9314993426898,3.06881627276602,2.85946951694919,2.87204046909923,3.07432056700969,3.11004776294278,2.94525763342261,2.96300311856951,2.96565611230431,2.98070455565447,3.24696126104585,3.00984104525871,3.15815332101715,3.02963371032187,2.98589201812077,2.9390137675427,2.97895211127559,3.12742137456752,3.06309501311491,2.93772128102691,2.93289359339679,2.9812304911318,3.19562909677719,3.22295201599655,3.08425228933535,2.92058459043312,3.00023091497355,2.94170183771278,2.93504029761151,3.08996664671629,2.91458217548317,2.82536272393096,3.01608696750169,3.08333598750294,2.77618139028062,3.31037869279807,3.15589683294546,2.94331141105893,2.96228615321138,3.06615438895907,2.83316869080448,2.85706815464645,2.68295016397397,3.0232465232734,3.0938781213841,3.03897527463676,2.98726051163405,2.9576318292945,3.05248636892183,2.99463857637366,2.83385889569626,2.85108272067904,3.09410113845732,2.97781449675266,3.02650084166098,3.02193934075861,3.20429526419222,3.07159315675909,2.98632717865586,2.96720156115983,3.08329958190052,3.09828592193778,3.00234966322807,1
2.96183798184026,2.95787112517967,2.9626495210663,3.20526253072791,2.94834492644724,2.88588984027685,3.16539122749213,3.02455044134828,3.04559220823334,2.92284953826196,3.12414409326907,2.9587066176319,3.05647112524343,3.0108365947532,2.82266251841684,3.02546069937313,2.90508102680537,2.97164448633252,2.94967845214362,2.86789550547319,3.01923347314819,2.91671101026699,2.84434873315327,3.16446266725341,2.97494998662981,3.00083725148343,2.89800370967902,3.05459707421003,3.00900201457903,3.00617864163901,3.01607837205243,3.15280935896272,2.93206165071443,2.78500542152578,3.16758696123369,3.11507132620255,2.9293479959423,3.04660568789155,2.97441293593048,2.87780174314448,3.04134890028058,3.19854807784179,3.01028586351172,2.98815831623889,3.06816332421841,2.96983365334436,2.8730946891552,2.84265305671092,3.09409526264747,2.9887083707854,3.06149823868024,2.90970040000825,2.93322509557203,3.06917026101758,2.99827613554898,2.95913342481454,2.92812133210881,2.89468171026451,2.80423267801776,3.03157878387222,3.03085568306504,3.15753005987176,3.19260014281977,2.94979142175239,3.03215185076173,2.98396795431093,3.33386428674707,2.93549951071517,2.96941809148875,3.08796700481722,3.09930669859214,3.11328329061327,3.1730327408618,3.12199524816665,3.091650941277,2.86565614274587,3.02980490096063,2.92850540638991,3.01150880990371,2.80398164382849,2.92571737229215,3.01389899204807,2.93736743807879,2.90885313553546,2.78838620232938,3.07227137991923,2.92060998356025,2.83718260871577,3.0202600387279,2.93950919747692,3.03381929683603,3.09322027404553,3.04049079664873,3.0594741166434,3.1849930144261,3.2065471524537,3.06401311517713,2.954273456207,3.04889319996758,2.86177490545444,1
2.9427463469271,3.04067044030686,3.1544289618433,3.14269300771891,2.97825213234315,3.05051955081065,2.96065167800431,3.10082900441552,2.93540376014217,2.96294271942133,2.89322956243274,3.21066687273161,2.97478071602983,3.22791583120981,2.91020997003001,3.22078569887033,2.89773232321219,3.04204181442635,3.15459283022935,3.1310836204342,3.02365244121247,2.98805873709372,2.91731695962038,3.11362860448907,2.94521938892032,3.18755804803706,2.84673941251828,3.00569482243323,3.04078731653308,3.22941853337065,2.97280066452214,2.94488215404268,3.02752529765916,2.96904842656331,3.14660002246826,3.09404512620863,3.09318147237949,3.05515066693271,2.89400314586738,3.01897137238976,2.88689647459507,3.04172306664226,2.94366586205759,2.98381941539471,3.27694417818678,3.02216222028279,2.96843260406657,3.06565715813901,2.9537659194088,2.92121027188623,2.92092953898056,2.89843384829167,3.13315136249743,2.92247842383017,3.07516730520697,2.98277700026094,2.98919606802252,2.85524119349732,3.11845729509488,3.00707145070541,2.91211148947017,3.2575223264432,3.00410444688387,2.95635672066155,2.93152948689895,2.86091866978292,2.98117597154579,3.14695637711571,2.94027143905663,3.0478024951693,3.05775615357418,2.98732547961783,3.02770316329145,2.85971117270445,2.93551526896044,2.88469719336799,2.93068218933427,3.03029089703307,3.10416792767652,3.21546990069827,3.00427657156751,3.21483280303528,2.89678598558154,2.97023702150036,3.1134816015916,3.13622556349057,2.97854976889392,3.02320332925165,3.1375441547971,3.10972375778099,3.13220615586773,2.85328295920804,3.00892047460835,2.98871566236075,2.95757498263549,2.9578830267178,2.84214609127662,3.03915148270942,3.03321477291197,3.0295401444747,1
2.95139891790312,2.97854985856521,3.04617317309541,3.02783303907361,2.93672781443055,2.83986825196204,3.00978350578288,2.96536392008223,2.89898690208518,3.18082127135262,3.05145622864418,3.09520333887521,2.96785051014548,2.96127461256408,3.15568496916919,2.91446791489397,2.91143585615597,3.15266614638675,3.10454039121512,3.03646549642579,3.04544864044464,3.23414924257912,2.83398368239734,3.27199458293434,3.05184384281799,3.17068414704932,2.94770240044539,3.04042597127561,3.0096588311659,2.97014588013163,2.94119499070762,3.03502746550442,2.98825075056612,2.9658841665822,2.97272595087745,2.88697263869151,2.84566655346453,2.92709346910772,2.95620163667262,3.08353371749583,3.05858988745343,3.09541968421289,2.9657493338006,3.02895851965651,2.98357924406299,3.00156191929933,3.11769642665365,2.80407721165322,3.26434515723091,2.88187354677565,3.1000837081162,3.05998748767263,2.9535963155716,3.1314228770697,2.88509219977668,2.88949026748653,3.03453403955527,3.03683188660794,3.02406764501028,2.80158360280407,2.97784398952563,2.91048234995296,2.92940867773448,2.94136625432007,3.14803987673911,2.83296880988837,3.17397378318603,2.93442323113613,2.91637388929527,3.0167456706228,2.82991554292766,3.03711433803178,2.97794438276414,2.8424442651076,2.9403845018875,2.91166727179146,3.17599078362231,3.14668600604608,2.9362183902953,3.0020310284682,3.03204404257223,2.86552814574964,2.96015728149817,3.05242306043265,2.97665065775003,2.90493865595349,3.08368137148771,3.04840796559903,2.9547681135933,3.16746417966488,2.93643520435668,3.10637792580668,2.95399283980822,2.94946589760625,3.0430446159417,3.12075558499152,2.94714679487053,2.91697373467743,3.22606634338395,2.83354485868888,1
2.94567462991599,2.98009684057278,2.92970232424627,3.06624871200726,2.87399959007041,3.07724608878285,2.99889638571712,2.93097198045056,2.84936592564256,2.96541837682263,3.18425718426487,2.99012208864681,2.94290795028008,3.310784529244,2.95793453548887,3.17141915671494,3.00159578647153,3.11044762990323,2.8776203661989,2.96797045282036,3.05759959506825,3.15393868030671,2.85115667625956,2.99545343440804,3.12697317056225,3.04360356280726,2.8651204895945,3.09454635423106,3.06939251056286,3.00870404824874,2.9109963508185,2.94771351693246,2.85044551870477,2.90621502284815,3.16516065893642,2.95113085042281,2.85169821004283,3.02049445317622,3.10217457288392,2.82237316170139,3.21980144477861,3.00470216531895,3.08823822927976,3.00075404992,3.08046547008913,2.9675981093033,2.8991964254836,3.02202427891451,2.9958281615149,3.11606612271065,3.06971818881419,3.24823006936913,2.96064417540202,2.82987304819087,2.86548314128878,2.95444976650054,3.0998076924825,2.78249016176944,3.08765329249574,3.06555067662303,3.17677392198695,2.88412129517701,2.92728205702153,2.98334735025463,3.22715878170006,3.09404236769249,2.97156708160268,3.10430027486545,3.07804072548502,3.05810176648746,2.99996531007145,2.98310235424481,3.03718025446872,3.01749114797114,2.92951497614189,3.0102696464384,3.04019681393966,3.0606727952368,3.12445365929975,2.96045019504495,3.1024688263493,2.90930128333981,2.79594078171367,2.97205989024861,2.97669650682152,2.88791175550053,2.85671574116537,2.87528621938579,3.02154403805962,3.06383561216286,3.06769698989755,3.01989651016783,3.1430665199442,3.04471975158775,2.98749963212105,2.99531183472453,3.07703963046327,2.79079002117842,3.02745078613737,3.02239202609667,1
2.80970667920302,2.91108735559922,3.10062550310336,3.02864666698762,2.95339742835941,3.08105663601075,2.84627326063635,2.97432671771938,3.16079831607547,3.10814034742653,3.02807706341811,2.84649469152285,3.01561345514944,3.08456554254346,2.88906128999962,2.9832817152007,3.00549155615107,3.09120391100352,2.99308132843067,3.08723758835713,3.06998999562007,3.15515284672715,2.9917666963887,3.20033056973711,3.09394213893864,2.96856367387619,2.92986720472433,3.0170432725276,2.9549512716338,3.12939846086347,2.84727698343119,2.92094535003451,3.19886191415879,3.11532429037505,2.98276649409569,2.98391092115431,2.93404711511438,3.06664870854636,2.99556814305548,2.86647725813315,2.89275710010903,3.12081858927663,3.04354757623204,3.29037182811425,2.9636707677659,3.06688383302698,3.04221505159129,3.00689605756416,3.0549416612776,3.24589545075091,2.98520428185738,3.07246914982027,2.85446432304706,3.00658339891973,3.03560276858671,3.0510909515809,3.08256486699047,3.08022211736251,3.06787662580259,3.01841762399425,2.84672972388518,3.03361813758491,2.91231302694218,2.99328869543395,2.78196899390327,2.92614706091776,3.02382861249777,2.92252765378086,3.11853857202843,3.1277760287961,2.91340050370512,2.91804098271242,3.05996224328014,2.93568899917638,3.11003729486321,3.03257282881721,2.94803650979728,2.9054136113982,3.15389922283169,3.15485960219462,3.003083373114,2.91972697015273,3.16971129958517,3.0441657525705,3.14650820647734,2.94793093195385,2.91777808547231,2.91413443014977,3.10577939315529,3.16157776059241,2.98560298032701,3.03937030472071,3.13821864966171,3.0357357539832,2.81746317317706,2.98089639497059,2.70398822444212,2.8675263248681,2.99972726417153,2.95462223949301,1
2.96288374147668,2.9982455133673,2.89767439889337,2.77798320957312,3.10052527197208,3.03783600822907,2.99528861528974,2.88140470863091,3.01102230222829,3.21265400738412,2.91151348283809,2.98429747826373,2.93541475371551,3.15260064660596,2.95883234256211,2.99513969734995,2.88748520830387,3.13360537612565,2.988849215591,2.9155858780724,3.14305528646846,2.87260116062758,3.0361954657244,2.86969253479739,3.09841083400847,2.94848369239699,2.90250367119021,2.98922126616843,2.93045176896421,3.14218771078088,3.07003676314108,2.98788952691358,3.08632975559054,3.09978308844063,2.89865105011774,3.03457695718287,3.0711354020813,3.16822772998267,3.07043500318519,2.96578442365455,2.89563455576048,3.12039152394648,3.16845986768816,2.89559871305399,3.08407395164211,3.00141742085955,3.10643259245997,2.96763759455274,2.91246518332727,2.75723281386879,2.97259680709963,3.06710464275979,2.97949061685667,2.94668868580986,2.88994297094925,3.16984623923442,2.97915297769316,2.81829693616028,3.05999403546121,3.09072565577558,2.82921693680894,3.11995202512549,3.02377649311679,3.06591797879856,3.06872760223472,2.92885994746793,3.02771416891277,2.95121650921059,3.03144731412379,2.93543528583539,3.07820547786369,2.73745724233873,2.98066869864911,3.18460279642835,2.9224623061952,2.96137245645726,3.27710280956378,2.88146141164318,3.13724384597507,3.09432755856144,3.16859465635597,2.89630379829703,3.03456200769726,3.14839708687193,2.93065118061481,2.92817891097912,3.08080270307054,3.10801186654639,2.92634294105152,3.01096899320414,2.94759885541011,3.10675539276957,3.14607268363282,2.88481934609551,2.96771544277498,3.05238130500772,3.06490836325178,2.92681739800348,2.81457375704045,3.00917034793501,1
3.01457340039694,3.03444051233073,2.87996341284842,2.97387507043909,2.87451066454191,3.00550637214767,2.85067162851443,2.9171314233486,2.90864141401222,2.98155348421989,2.99162016039213,2.97130622605122,2.99996680353821,2.82620765961687,2.82829447547616,2.98057757469215,2.82178641820992,2.9748795378484,2.83075883727843,2.93004133857903,3.02048402469666,2.98836535991561,2.8883965195378,3.00932087190641,2.83866611955381,3.01348331097866,2.96451569493246,3.07542948060806,2.8511973913869,3.01159593140429,2.85420025792735,2.93822834639329,2.97515062034189,3.06305633745741,3.05649759539929,3.06040284527491,3.06421510223122,2.99579505093243,3.22067571164485,2.81203129107202,2.91847488209113,2.9669423627379,2.99147804024846,3.21530770632442,2.98962165359242,2.96894194073507,2.97307132896577,2.82313057056617,2.9904062886885,2.97713214663778,2.99045391762132,2.82667926066268,3.02597914723282,2.8531130945308,3.00697875681647,3.10815992266021,2.93369388034129,2.90845882976939,2.98281525009477,3.03796591606823,2.87178013986199,3.26997366285793,3.0329670482746,3.13657950955741,2.76624209971933,3.21153597008129,2.96515699130451,2.88632881951457,2.88894781779025,2.78568869405353,2.98762250366434,2.80069715166873,2.99109641391897,3.10923097574134,2.91166803316589,2.93256310875268,2.97413350727503,3.06395600609352,2.88135722974609,2.93586039050228,2.97356207138911,3.04672592848432,2.87939010312417,2.95274470488094,2.96854729812707,2.90723325170076,2.81362291050685,2.9627574205095,2.99587639099806,3.03636507702095,3.11178059134247,2.95765937182614,2.94756332065185,2.94525045615124,3.0487922426203,3.15122573857857,2.94662264690113,2.73946122094422,3.03695152367086,3.0105280686815,1
3.04432871441708,2.88822737862906,3.12215268591324,3.13222384124613,2.86532499405875,3.0239524271957,2.89902058181981,3.02668154440587,3.12773976313618,2.97148875754522,2.97035860787251,3.00099856736065,2.88193715020808,2.82037718436892,2.95106623433097,2.94251833865702,3.06071361500672,2.90984737793224,3.11462759821734,3.11312115907114,3.00537375080469,3.25505463717397,2.76678299532495,3.02422792248663,2.90908050299191,3.1769561933671,3.00643293683943,3.11151729815391,2.97787588086065,3.04735509519357,2.99077402275265,2.93400946976047,2.96461764514642,2.93549366004936,3.0594455098805,3.07643942743564,2.96209867607009,2.79427019737693,3.01569896793894,2.82940310177598,3.05592014715447,3.04359958387654,2.89350153458634,2.97371238740959,3.03564332193494,3.03345016281529,2.82093476232747,3.08536619742684,3.09272218047463,3.09512881288269,2.95470924675798,2.91188842768751,2.97108927250356,3.01332962327475,2.92620793402644,3.03875787893947,3.16408328065282,3.0180946953131,2.96519534773467,2.89014274753611,2.98660367951816,3.04059303829491,3.01186550322753,3.02123077308211,2.98914690021711,3.08499877758055,2.83219921431869,3.10725066697692,3.16168385238405,2.86181240274218,3.19989569482391,3.03945234236773,3.17275224823251,3.01847630480708,2.94526297699421,2.93586208490013,3.13816456085422,3.00451956140939,2.91607608697524,2.86737952462888,2.91415860398705,2.95452696956047,2.89250523172807,3.09438721155319,3.08906232706617,3.08618451996156,2.89534712701222,2.8397092244631,2.94068481092573,3.22530199297391,2.89579396002308,3.0703766717976,2.95942615480456,3.03189829001226,3.04054128392146,2.93011738615911,2.83911925427832,3.10101988720774,2.85489050250169,2.70581384234552,1
2.9077547360695,3.02208292289135,2.9817027398399,3.14697363962792,2.86089924961673,3.05790941393542,2.98722727570602,3.06569758436762,2.97831301122613,2.89596564105871,3.07514454268669,3.04075175816227,3.12376647617193,3.09259782476637,2.76135316365653,2.9124286226538,2.95543398326499,2.95639092955308,3.00360347655048,2.99149292771277,3.02008301231855,3.03543559189089,3.02404888555335,2.92325188943745,2.85936626393014,3.22378924107475,2.96630801159088,2.96801175107475,2.87962984578952,2.79177330181648,3.07771089032805,3.00163848908321,3.0973703099552,3.09269878905177,3.01442857369002,2.91151226410632,2.86339360655939,2.95174139495296,2.86270897254863,2.88871924456877,2.71063945004879,3.0414344804,2.93416555162881,3.04074746857161,3.00564035447236,2.77434022439394,3.1638695527495,3.02643043369866,3.07255140568093,2.90882384452104,2.84467565538441,2.93073801524567,3.08203884815212,3.04884846959425,2.84619095931062,3.04687820176437,3.19165315677647,2.97516173488089,3.05210026515556,3.03199441408325,2.8019598807594,2.88793893975339,3.18231847771162,3.03297065111935,2.99568917787668,3.05177741894014,2.939652644464,3.183458942852,2.86354561936777,3.03686246214323,3.13940717731506,2.95709300945507,3.04152253397028,2.92366146991943,2.99633296264279,3.14037996216515,2.98561718721969,3.05236332689044,3.20330776410989,2.94888954990978,2.891500949179,2.94409590358249,3.00041291779371,3.06546074117099,2.95069547763314,2.98889539740519,3.05456080336468,3.09406810829864,3.0808112226109,3.05219326013143,2.99505943259881,3.18452555097555,3.13081524168346,2.8679533989642,3.09696523473403,2.96098291822195,3.00238961212671,2.85886524754397,2.78748751320345,3.0317866167433,1
2.92339512154859,2.94827275145545,3.04681659045429,2.912369380245,3.1314628309584,3.19646540654529,3.09085114566867,3.02863801273582,2.8787086422661,2.99700679827187,3.0083662653844,3.00718244073136,3.06333163970749,2.89572298107298,2.92364018292891,2.95197887417138,3.31850394954945,2.89077726350146,2.85666899222337,3.00524687350588,3.16881272778017,3.01898330587874,2.76492509299858,3.24270357141995,2.90865354349668,3.11583741759887,3.11893904062565,2.93759464892386,3.09331611531528,2.87597188689105,2.98052653433611,3.00692880409816,2.965210890071,3.04725942158014,2.95943642403475,2.90194890233929,2.93474221868534,2.87825296538001,2.847079558083,2.96737548124159,2.90439223800883,2.8046660892686,3.01304099491072,3.00710402159199,2.99503190369789,3.08554149591756,2.95008480665596,2.98051155597191,3.08704790077032,2.99005123516559,3.07807003025675,3.08948904954479,2.97732211121762,3.14839529152123,3.00571571518402,2.89276257767616,3.08979021932319,3.033422452261,2.94831396833203,2.94552911048323,2.9086043777776,3.18370523466806,2.83194189656689,3.05114231128826,3.02377361852708,3.01085586083335,2.93385453823791,2.80608287830961,3.20027773598012,2.99027597527256,2.90923324877571,2.85740466636963,3.13626527923912,2.88366452446577,2.90678980706166,2.86822683250213,2.92055024053599,3.02591541387022,3.01006127490983,3.02901045897641,3.0897422670442,3.14327181943835,3.09151981799372,2.9645288411459,3.11115985075962,3.10400559752784,2.844653934653,2.85495304202589,3.06461459156515,3.13485638535441,2.95768569318563,3.09544074842867,3.02338284050026,2.84196805861439,2.99005504213115,2.93258476157789,3.07265357246349,2.87078799899999,2.92614972512348,2.8368480482538,1
2.86051571326122,2.87688490617453,2.99280424356393,3.00414738299904,2.85566938038017,3.1018809860732,2.90833758072705,3.08938701595029,2.94842696229486,3.05004263889011,3.06607705026232,3.18153060367753,3.01250684077259,3.03249704403014,2.84378287516343,3.0521140607406,2.94949548239119,3.18464192359668,3.19714792762763,3.00469399898781,2.8815805707028,2.96117438214303,3.15552213634371,3.05215438619683,3.02246661230746,3.04944433466739,2.97479435879013,2.8629315657313,2.93132543113824,2.93150363328616,2.96945497131144,3.12257978297917,2.89215922732815,2.86574276060846,2.96914066474276,3.08292740395523,2.85348086701036,2.97426974793309,2.96568268701332,3.0061370222974,3.07806763461041,3.0567660652575,2.94735846997488,3.06333150283488,2.98668814077738,3.03468362842203,2.95819967510875,3.24249752844477,2.92999114663795,3.06836772182744,3.12152464308807,2.99804872092246,3.20188057386867,2.83174889929174,3.22452361518726,3.03907699960093,2.99199363849301,3.0436549476548,3.0092380622611,2.78010517925957,2.95180109397658,2.95861603969646,2.99260025722022,3.00272155174223,3.06451990400786,2.94243712139798,3.0271136100259,2.97290505707867,2.8561401473196,2.9988824001848,3.0608297272498,2.97540134823278,2.98555414011238,2.96570227971489,2.94327081500506,3.23431288313068,3.05383768119536,2.98831557048339,3.13955662885287,3.1094844420273,3.07798523601463,3.00678337134964,3.24214356876568,3.01742356216392,2.98840453651689,2.95862195311171,2.82229200428533,2.98590615441879,3.00621545154489,2.80065294789822,2.85630296423423,3.02785164044794,2.99638159960023,3.06205221453641,2.83684884291682,2.88189796733944,3.08716760331449,2.95126444202444,2.95272245844929,3.19988649071787,1
3.03170949790122,2.98493166575078,3.01289809138504,2.9142405827264,2.8249088225556,2.90355445146115,3.11117611167816,3.10521226525473,2.9701361167265,2.92142315235501,2.93056425098609,3.0632415631621,2.88592413142289,3.02310788727983,2.81637810161487,3.11089766442848,2.91250950868896,2.82139301789762,2.91842300399711,3.15236181775622,2.998424430964,2.99204769054997,2.83724311760753,2.80164558754745,3.023549877032,2.9551057428436,2.83992086119796,3.02426590210897,2.90259178037318,3.01391176137185,3.20810259506174,3.07476494912,3.00091563853744,3.02657918999177,2.77932969280501,2.99598899438091,2.90240772946323,2.98752210885569,2.93056109643302,2.91728025644495,3.0974141176224,3.16881944011226,2.95281930352843,2.92947775791971,3.13262469315896,3.11006287823228,2.99396709441134,2.96217670232125,3.1174564186495,2.8309694717489,3.29882191472835,3.05648183528784,2.84385095925871,3.01343807763962,3.02187747991913,3.08775001498199,3.1336860157984,2.96516137368042,3.13891589730327,2.89014120899803,3.0007079792954,2.95386333481152,3.13907973563714,2.87309552326355,3.00355688180215,2.89494609314457,3.06433873264359,2.77884034392653,2.8477890174759,2.99034360858297,2.9783829387352,2.89084487617719,3.0493989178197,2.85286345668169,2.86758867607154,2.9273539557547,3.02364925665717,2.96230376543057,2.88156532235201,2.91376527107402,2.99117359728227,2.91465121391935,3.08048549141763,3.01471827265784,3.13810529665226,3.04434870860564,3.00477207901807,3.04674114966969,3.04819684046717,3.09435556717183,2.94479572140536,3.13317710691548,2.8995012052147,3.08182197007603,3.08377533699018,3.21267240523378,2.91343995759004,2.94242833500272,2.94817133203268,2.84852228735849,1
2.91409343433607,2.90543688734609,2.84271959239497,3.05374294194254,2.952734506838,2.98527426211768,3.05390046703839,2.85218951274943,3.05218357576108,3.08718790611158,3.15894959701026,3.03634245872867,3.00019242291208,3.00039979566747,3.03724750711842,3.02528864546929,3.10012228973907,3.18923834337533,2.94629703754888,3.12313804718327,2.72229694322848,2.76558958903128,2.96246968576514,3.23656988161248,3.06923590147942,3.09421880035701,2.95169867552264,2.90803583537255,3.0217342896838,3.06073801005357,2.94122719964848,3.08244253117657,2.99924101857129,3.01784450088905,2.90924408117604,3.1008252551069,2.94036788105728,2.92524787615849,2.91741371981993,3.12424355519355,2.94804856762311,2.98722177136122,3.17836728429887,3.10824555424139,3.1279679214645,2.81095370528354,3.04502301436655,2.97497994920864,3.08675059298788,2.82681903623019,3.1606705363394,2.96376297295493,2.91405364404978,3.1055241361617,2.98137775709808,3.04429617219711,3.10594049871133,3.0884563607046,2.98913984005889,3.08871824450479,2.89183303602253,2.92104737300274,2.90639808956566,2.9800842191715,3.20145420454875,3.16365642351759,3.17828679134485,2.94370755202967,3.06377645806181,2.82659965348248,3.09783283525134,2.93320517416141,3.11271585513735,3.22744514565438,2.82659044939513,2.99074596323601,3.02052597041029,3.05794164779448,3.05487297572863,2.9634201791536,2.85485031772532,3.07700303846632,3.0029809292853,2.97313419690909,3.08879137582344,3.01454767832171,3.06119326072665,2.9787236894186,3.17640090405719,2.91903664804953,2.97355061830072,2.97792169316352,3.10210435504854,3.13193516391254,3.03094583393852,3.13336552651937,3.03704387311,3.03429965106635,3.08480991894178,2.9943303725996,1
2.95266497638295,2.983745300224,2.9014557694916,3.03601054607178,3.0956577543195,2.96275803106533,2.97712740067165,3.11078956420434,3.11846849509006,3.076508659585,2.94919587704716,3.02079340986345,2.98426034605289,2.95889090588859,3.11150829146599,2.91510720811231,3.0190439156608,3.10940617822534,2.98140979009028,2.98822969615559,3.22600856597551,3.01670390559472,3.02426837993272,2.97076454306146,3.19639211907217,3.01168459430588,2.80463208899296,2.99580051220012,2.88314260866739,2.92926000629658,3.03288503661385,2.93585802772891,3.05480035525369,3.30259529633565,3.0677973267392,3.05038158750968,2.96800368417392,3.06160898615566,3.01524079504255,2.91967185109979,3.06715702504655,2.89052953244519,3.05453493768642,2.89322048162018,3.10436038798796,3.01654929602529,3.13705308962248,2.89040542925283,2.89065561905233,2.99338753506989,3.05346374129346,3.02129266339508,2.94934385460911,3.09955952441094,3.07016919266231,3.05624231279954,2.94535107663195,3.04145086231276,2.90762775269853,2.8443782043121,3.00145497332976,3.07815928766278,3.0300999693861,3.14271492909928,2.95810649646876,3.0735892868237,2.88958311826032,2.86398563518439,3.10033864872765,2.92304754211275,2.92706499315024,2.84145230691846,2.94012724784475,2.91654431211604,3.03894087193192,2.70372059025929,3.16570631041491,3.04740787353217,3.18236932733345,3.03654756059955,3.0586024208485,3.00706566399343,2.9779477636007,2.95934305142827,3.070004169293,3.03134902291086,3.150181325251,3.08804265310078,3.30892083470038,2.79185438507842,2.91669885694347,2.9400012506361,3.05862891958267,2.98436296087903,3.1236302976161,2.8784869524863,3.12802808507333,2.99209987728368,2.99604311674383,3.10833575064106,1
2.96500005171921,3.1574723815663,3.00387217018304,2.92616613039967,3.15129843574841,2.86156284423451,2.95331295632952,2.9859499963793,3.21502445403406,3.07895759598797,2.97172525329107,2.91331627910099,3.08041726688929,3.02837282722713,2.91908138686379,3.11646824150523,3.10154006276346,2.88865053194383,3.10804379898139,2.94188148181339,3.05647748146373,3.09778423666016,3.18439346794237,2.95424225092708,3.07055834968478,2.84691781267456,3.00949738891278,2.99906587750297,2.82710993890433,2.999829468604,2.86007794533732,3.03795786863045,2.92909784126935,3.12938114608967,2.99125593276227,3.17164409391735,3.10655197504133,3.15593452478239,3.13743037681891,3.09881479901781,3.09046521472788,3.16734400917068,2.93508102509067,3.07411045005141,3.03154778828805,2.86249133078965,2.8180544428239,2.98197161194429,2.86119796446233,3.12858953269027,2.93101166145602,3.02376525770763,3.02751978747503,3.03094351761072,2.88352768985452,3.26035042027961,3.2068090019498,2.93458466879651,2.75616409396948,2.92424251442749,3.09605792950149,2.98427990593118,2.93173784058224,3.12920445980673,3.12370436244779,2.87639670276029,3.02857719801109,2.82317896380593,2.914000331229,2.93186650318394,2.89380112342992,3.07659900902177,3.04102834516419,2.87535193949089,3.07862368455649,2.99715240537906,3.00875092513638,2.86002240294087,3.12853096011819,3.03621413839257,3.02024562882724,2.98029680116931,2.89279633154639,3.06372232204214,3.11910679183628,2.88322572789417,3.04850943828734,3.03718410920026,2.81544775078458,2.98925334017633,3.03495947124019,3.0559557845889,3.00719649729971,3.00228827120909,2.95959212803785,3.05991102380623,3.14215764192194,3.03077750506813,2.96445947320363,3.17844008056126,1
2.94088720832786,2.99622975410755,2.9426145487491,3.05480437604368,2.90553088679578,2.84380578778774,2.98962943681351,3.17583777217594,2.83878768998281,2.84222270180912,2.72300818957869,3.08780639851393,3.13740545858933,2.98838233506846,2.99608031350726,3.04704577295122,3.02456499862461,3.08542707169682,3.13574602455259,2.99827828936547,2.88986092054879,3.02940336627638,3.02532089011753,3.19878003192052,3.06962514589756,3.01727581178908,2.90308119133495,2.83463261995267,3.17597035453268,2.87633150438854,2.98186041950269,3.00206806645569,2.95910383019774,3.11004975228658,2.88314357473115,3.05906543540374,2.80934739059312,3.18299237945704,2.84050310308739,2.95959590379441,3.00369939995834,3.19336739197552,2.98606850353779,2.9473115072129,3.02166411568922,2.99419953798925,3.14126033872619,3.02408510183347,2.9643422888377,3.03031003362338,3.06542586866927,3.00023089664304,2.76070273518526,2.82577883548668,3.05344020974798,3.05655625457432,3.10664980938962,2.93086973895203,2.90003257720319,2.97627214667684,3.02981773079024,2.83616259927296,2.91436641296785,3.04082717607384,2.94633991816502,3.01104310302706,2.93374165140167,2.95831859024539,2.89353063738274,3.00159889197437,3.07296407314624,2.98452252888765,2.83231978679686,3.17617087942643,3.0012318393043,3.04266300988792,2.93442257385248,3.0344747164524,2.92802119727366,2.81707709208517,2.78909593131995,2.9457174414034,3.0321326182456,3.1898667113339,3.00403833354273,3.00481725348393,3.07083069626521,3.06162025978657,3.23095553459741,3.22153715857396,3.02299650054778,2.9957558463783,3.09418005731657,3.00207470673792,3.07815353303584,2.97420346234273,3.05714482629872,2.97880828725056,2.84413298943896,2.94014896487743,1
2.95001816716762,2.79008355974542,3.0802647352479,2.90580670341666,2.93020435967212,2.92673863663909,3.01824650138773,3.09752208930814,2.75815224734345,2.97615241603243,3.09315263050098,2.95914763980366,3.07581419219872,3.03176761554775,3.091473980112,2.91218446947897,3.10039846524461,3.09682921775831,2.92608417870763,3.07723701477114,2.89174014714312,3.02216069161742,2.88828843338018,2.86911564112587,2.94748714552249,3.04144384815143,2.92990527723129,2.94363715772145,2.89345574197201,3.03043415081765,2.9365372846772,3.05459708486282,3.10459379471412,2.83956499365948,2.97132834487246,3.01931946193492,3.09329545547248,2.94793028726117,2.81185406983118,3.0591665452926,3.13569026131324,2.98284261507073,3.18494405006503,3.05563615800293,3.07264944381847,2.95081255085215,3.12323114490476,2.88946850005877,2.8937211249676,3.17242203850263,3.0822770048815,2.94375360358689,3.07645425659337,3.09938715319299,3.1105841182386,2.96020373254608,3.16740433757677,3.13214593738023,2.99672366367186,2.87674252032708,3.0633350711709,2.83979811328267,2.85774700050342,2.9339373655853,3.22401760541191,2.9654419546908,2.7411682495436,2.95078275436751,2.99406104957131,3.03022270021808,3.06633977182432,2.8782217491606,3.03361407918737,2.89563652020553,2.92993710449742,3.05862034411435,2.95713009145204,2.74466694284863,3.10857459707427,3.09672511868211,2.89350580472326,2.9588017009485,2.96487671022837,2.98508907658766,2.99793874996878,2.90436242171852,3.16394711214347,3.12441231492481,3.09391634496732,2.91492840380624,3.06217642121809,3.07707763156626,3.09620637219541,2.94975336598837,2.9262712551283,2.98642174485204,2.9399231475204,2.67098627949113,2.98105905103225,3.04038135883854,1
2.9847609695492,2.91019733469328,2.84543805926671,3.01326850239811,2.90491723397737,2.94421921038896,2.93443327705516,3.17398594535796,2.82375737522072,3.19258037709779,2.94754039301644,2.87957767510666,2.85191730863201,3.01923539914592,2.9360347143762,2.94890777557416,3.08731254373921,3.2142842705359,3.09459029594794,3.02415943099626,2.96477513193987,2.85778770766737,3.38546547177906,3.14023567500533,2.9444693237365,3.05871344168691,3.13670639556218,2.89498738910154,3.09143311997881,2.95326228558123,3.00742374145534,2.87074056646285,2.91983482664499,3.00503327167959,2.95596600178645,2.86328345194644,3.06464538808399,3.06014728491163,2.93706669570983,3.0241271757981,3.02170522113072,3.06760590409938,2.91410229842208,3.13537230943849,2.91566779554586,3.01556313643357,2.98916804405087,3.11289960836712,2.98577711233158,2.93317902499682,3.00582533486793,2.944399747799,3.00686119694151,2.86706879779513,2.98891608437199,2.95485240004813,3.04299019439009,2.89304805669237,2.99081776734438,2.8381349341683,2.92327831226837,3.03738742251724,3.04601973626465,2.89681370196863,2.9473308785083,2.89378479838684,2.74152770704881,3.07655391164508,3.13523150326738,3.05220682042501,3.02298564588683,3.17846589616004,2.97430055599686,3.01702683588548,2.94203878590388,2.88310257977479,2.90400359729769,2.97291632808681,3.00099655368721,2.93358743287377,3.05424421006733,3.15022627008373,3.11110239444738,3.06830142990531,3.19130715545044,2.91438721882032,3.02900525080908,2.9157513291878,2.99314449462697,2.89824736576112,2.89223524660958,3.12905825131276,3.05624552002367,2.90055502225536,2.96058609644591,2.89502820309941,3.11810549668141,2.95993814245676,2.86554687476916,3.25546973985172,1
2.85038035767261,2.91224601496835,3.01759675950398,2.90293458438776,3.03426571480637,2.86600101171538,3.02457700465233,2.83692897426147,2.81913101517937,3.04700012900879,2.88124303816936,2.98949727886674,3.04728510214468,3.21571675301523,3.19108055012373,3.03273159057371,2.98117105901285,3.10539005733231,3.02920716094841,2.946992356024,3.10913992360735,3.06784974995297,3.06633709642823,2.98639784920462,2.95294125051462,2.93078084930187,3.04539927898623,2.92634237259191,3.05034499316714,3.20509209813375,3.10672544981823,3.15834865916283,3.05934506022733,2.96189504096855,3.10712723891766,2.8292873797504,3.09683937696168,2.99755306734498,2.88463823220358,2.79288294796049,2.97743865926702,2.99088926841026,3.01563333606144,3.0100650104863,3.01075928218273,3.05593307811099,3.03453211128342,3.02688290405223,3.05182559160202,2.9158663284849,3.07484316070868,3.12950479504029,2.96902491424122,3.10810189090963,2.93326812879707,3.2389657945723,2.94040900763133,3.05808953132553,3.19281946001485,2.92715930241535,3.23669263607626,3.08356928240229,3.0672131169005,2.94354042150806,3.00520704001247,3.18257230689374,3.01410434943738,3.00040402890192,2.8992239356328,2.93845906088612,3.00424491590776,2.84185576400794,3.15268715460688,3.06471236751306,3.201169602707,2.85932860501266,3.06106071842935,2.96759203908048,2.87147571064487,2.90966551968448,2.81643164472917,3.01784650987487,3.14860645951708,3.11759069150768,2.97480581971184,2.98163112413629,3.15272660056472,2.78122360011408,3.07275292861944,3.11461959931485,2.90740738397704,3.05334287985005,3.04183493280172,2.97487338726417,2.85842630886158,3.08018006677865,2.92110767423644,3.03481433389901,2.8964016937993,2.90644168924589,1
2.90823295324266,2.90632535543256,2.91492210308072,2.83974456371278,3.08489445849815,2.95567391865215,2.90630709750323,2.96180743184283,3.08847454638773,3.06173534420528,2.75211617687072,3.01649960158572,2.88610152356942,2.86945015862024,3.12348800846152,3.04174758032626,2.85696326324807,3.02259597556874,3.10580240252994,2.9424351784516,2.90746487201554,2.99648248187406,3.30280075542019,2.87004178913542,3.09505416181375,3.05779609795868,2.99304891878453,3.04119602910752,2.79417761212085,3.10135731625768,3.06695259787552,2.91792544872185,2.8346654107911,2.97725772115227,3.00306980888894,3.08258029398941,3.04692306433412,2.99080057705636,3.10933951500038,2.9763389242903,2.8772640596751,2.933654239537,2.90552323547264,2.98449875551504,2.8132978648234,2.97849792727499,3.16488606325401,2.96326955045254,3.08658836709172,2.9926707250363,3.06030036558318,3.16902560074993,3.13348900302202,3.06880218758986,2.99798657110729,3.18590454890722,2.95416379897608,3.16447712915187,2.95979403979933,2.86719022360624,3.0027365317585,3.00498107090473,2.94047814810255,3.0754587340624,2.86922327045054,2.81522731721959,2.87303938420447,3.0834361371524,2.90628075364767,3.03941028054377,2.82796055609074,2.91225496136281,3.01889017416136,3.07683523303972,3.04478148782037,2.86180859346696,2.86894292669938,2.87058307153703,3.21068595878752,2.82805550556497,2.8680984206632,3.14046246912266,2.98742312790868,3.02446338703697,2.91778770244574,3.09065979526408,2.90365600870532,2.96000544213627,3.07343917087795,2.97457456134883,2.94319578312023,3.06145476561746,2.98168001229563,3.00088721342021,2.99911526304475,3.03039631317045,3.01590256671959,2.99585716427529,3.14935115546977,3.08720245116639,1
3.06458762539984,2.9275938130577,3.04292531340202,3.10320763270108,2.83846182268112,2.92076518529788,2.86444809690508,2.91731716426369,2.8321073593381,3.16440291639246,3.06916566982311,3.03246648550282,3.03657280871564,2.97423193336439,2.97689189310932,2.90881779328283,2.85937169448816,3.02346175864676,3.09138320659115,2.93836841734817,2.95633236337315,2.92101242153475,3.00964722412016,2.87480576243047,2.92365088611497,3.00599191607404,3.1929951864207,3.04276128974049,2.94618813376095,3.01793658866124,2.94248391022442,3.0032732531375,2.8147445300285,2.94686288697616,3.01316108019846,2.95720891730313,3.02684087863104,2.99935995492527,2.69540820174831,2.80048568606184,2.99347639649361,3.06974341397066,3.0160152788256,3.04940590600412,3.11874772873406,3.05934201912615,2.9914215450416,2.99386669020832,3.00928122959042,3.13447037847921,3.17249559699946,2.7904245230475,2.77075187797218,3.04191919097108,2.84049167617484,2.9494262823433,2.87978521453024,2.81985175854859,3.10167015825376,2.96263616509355,3.10919205315299,3.00576313811307,2.85938485789777,2.85279324627484,3.06252398524573,2.89487582027813,3.03625225469511,3.01084846977311,3.14954389623626,2.92253218179376,3.20236452298857,2.76695033968986,3.03840675379097,2.93738281173693,2.94363233363708,2.98090829450813,2.91916645863446,3.01359087521851,3.16702238553497,2.92061754374016,2.86344759795878,2.97365760379302,2.9157627685501,3.06641432568556,3.15781645168808,2.99664337257658,2.93245422242912,3.06381308717592,2.90543576562937,2.90521905826233,3.02259073091283,3.12356301971092,2.91973946901779,2.80969606060145,2.91120548012885,2.87789212470858,2.91171906104946,3.0939425888234,3.06816662751606,3.00444201743132,1
3.25717940241811,2.97133544611252,3.02683128516904,3.08167012042564,2.9234492228558,3.02419836472527,2.96482830789174,3.00885903185788,2.78472197590565,3.09048486288079,2.81836230224129,3.04900852975828,3.00359653154267,3.06181043226164,3.05671984435959,3.0380176070419,3.12059548396759,3.0657904720757,3.07265332356749,2.8164830955717,2.92315686404777,3.16795175676526,2.79161480196358,2.9743904391446,2.9747244898751,3.15216998100967,2.94627513003761,2.87349232779018,2.92811509297538,2.76770685610431,2.95588249618234,3.15771104294466,3.07567225895995,2.84065816603067,2.99876485493364,3.10905398962249,2.95012092636761,3.1137115361633,3.03715542917683,2.95558838733637,2.87298414764318,2.99092592416211,3.03357084574685,2.87040800224107,2.90298214069083,3.11597218350227,3.03009709378334,3.16479467048727,3.10796467255126,3.00217847743519,2.9874253762935,2.94825083132418,3.02668617603547,2.99734883734579,2.97026405247873,2.99241000177796,3.04990482417751,2.88755667278321,2.92967232003877,3.11986720515847,3.31649311661059,2.91213544534007,2.88056126899333,2.97131877099052,3.28702133070797,3.0753735529372,2.97625512113845,2.8751915647794,3.15188422882255,2.99703330261962,3.17881126965457,2.91571707081865,2.90783553625112,3.06741843509455,3.0400965516957,2.90081021128726,3.04604341115092,2.84710189007854,2.83158092247843,3.11873178748966,2.98446659232089,3.11767584866713,2.95686490346818,3.02037227544348,2.89065774355485,2.98384929436483,2.95494502453843,3.00175469366288,3.03753357293334,2.9450648893118,3.0329735367791,3.01861357588014,2.98366922349452,2.85483659791292,2.96771507507626,3.0047544645537,3.01887435947687,3.06633075655901,2.98572077664642,3.19725113072843,1
2.9749377458677,3.08566478760628,2.91335404676166,2.94453547052595,2.98573870080667,3.14924137592918,2.83370256879591,2.91778490763337,3.04333042609094,3.06232059003728,3.02997554882895,3.00730731923083,3.13051528785315,2.976232454297,3.13016452956129,2.98891945088407,3.02574887238727,2.95873888353405,2.90147601931199,2.83535222944099,2.98676490340252,3.0120619568552,2.89396613391423,2.91778859581624,3.0123085047892,2.88850414007307,2.8598651219585,3.10413041809893,2.94750272531358,2.92029836958645,2.90839492008838,3.08942981467626,3.12168333479932,2.9843101329541,3.20071297407878,2.7896733300244,2.99602965650047,3.01488134172155,2.99869304478099,2.91049575933995,3.00586633328252,3.11075625897335,2.82732099042226,2.96636227750185,3.01189164197487,3.18400247328242,2.81348222309438,3.09018476242503,2.99407908648426,3.27000518300329,3.07926389511339,3.02862136140408,2.94176022981302,3.12753397077424,3.105461932469,2.70809546317571,3.00559763215418,3.05239848772821,3.01997014546679,2.8989621898407,3.2437465524518,3.01402705381868,2.95940645490622,3.07236297004655,3.01025599849265,3.04766633499604,3.18508696432646,2.96541788517596,2.91947494950113,3.12899846951577,2.99146543609509,2.99714315289874,2.97742282763313,3.09508185213114,3.01220429227717,2.92801018834632,3.10891249237875,2.87788517493862,3.15339809960166,3.06134089269028,3.03693613033533,2.91347110795896,3.02459236655436,3.018230574731,3.06026911327286,3.03924643015079,3.01135421474943,3.22623521004955,3.16578376438601,3.03545648156893,2.9789624503499,2.78244604231184,2.93923263792478,2.83854885603259,3.0571667479221,3.12097340522696,2.89677118932097,3.00216215863282,3.10256329807307,2.83741205308777,1
2.93802569599296,3.06030725204626,3.10972709123783,3.09329442514705,3.09107094829748,3.12787033992644,2.89231799765425,3.01634283836397,2.96899713709172,3.06254317041646,2.86615414488551,3.19244269967978,3.01248085378187,3.0415551284142,2.85488318117125,2.97347171727911,3.0538114391638,2.91885371433927,3.00425561821208,2.8501560363713,3.2517931014653,2.90533707533024,3.05044138294473,2.93606958334407,3.04612096227497,2.95034348561911,2.9792127665693,2.98760610304983,3.06660556947942,2.89115404726379,3.07139129856801,3.01014476570245,3.07982948568959,2.78849960198211,3.10925524321048,3.0941975220575,3.10115990965241,2.96547615316054,3.03692146827105,2.95340005985556,3.08636438046844,3.17469024930638,3.00576805829778,2.95455073972371,2.96670804547603,2.95542645429436,3.14119479193521,3.08596292483981,2.99886120813327,3.07526841648548,3.19211548247205,2.87998941186792,2.95555483678745,3.09564911122595,3.10995027298498,2.9680951851962,2.94682617419119,2.77891179941545,3.00873848658639,2.97417019308455,3.1020810077728,2.852227162988,2.8563553151261,3.01478361524518,3.04738629388347,2.89889674705921,3.10871631251397,2.93396057176818,3.15210320797003,3.0662448993838,2.96542760630066,2.82418030001413,3.05659523722625,3.03709843157066,2.89497514861202,3.15721307069163,2.83889990526367,3.10789075294006,3.16091259212777,2.90838541687757,3.09584138812996,2.85594672661547,3.06981479071698,3.01469198669206,2.92475258200346,3.02026051080069,3.20043398762386,2.91115379643,2.97629913532325,2.79016534602463,2.94279326897017,2.97859667653564,3.16231999215055,3.01143101597374,3.04974276060207,2.78452164401852,3.07502060021074,3.11776290146427,3.00237735140338,3.07732648113731,1
3.10612489342956,3.17057619125438,3.06903527138391,2.9782407637209,3.04020930743329,3.14429769042672,2.92655989729272,2.96895775676535,2.86220188295525,3.10743107650833,2.91270573873775,2.99738434609479,2.98697007908692,2.92698764228896,2.97974188008015,2.98406360204889,3.16729676070919,3.15041378738622,3.23967986343687,2.86051135454999,2.98901269642724,2.9206244219015,2.95079107428644,3.01300591429096,2.86025758626313,3.06392598637147,2.94932459513853,3.12742893246707,3.06356339808601,2.94539399341604,3.01027145008341,3.08154869193084,2.80493739423166,3.05032279910784,2.91943201852752,3.04524855053769,3.17773223427388,3.00279429196954,3.08488028896141,2.97639112313139,2.87646728039403,2.96334925083739,3.11114588168965,2.90868758435601,3.0394013100859,3.20277915629841,2.98466234424052,2.98859443662159,3.00335932614734,2.98472443638819,3.02205723888088,3.22049227450604,2.9457881335077,2.91151473561413,2.74233191955885,2.99356610336383,2.90403498454459,3.04949901080434,3.10136634267166,3.16741000612797,3.136498660742,3.01259182960584,3.00988904985933,2.94808771993107,2.80716324605955,3.18243344191672,2.94725261223355,2.96105245659717,3.04458508144298,2.93239240005894,2.94392897491203,2.85200761564945,3.04162144203909,3.13672286608746,2.87787647532047,2.86005739796252,2.91128293801882,3.03788806758841,2.9189678217932,2.93405590706183,2.98901390413772,2.98179961527076,3.05316330763812,3.28273535265681,2.86593984710813,2.93599137380735,3.00010251270659,2.93580165715892,3.03786279471039,3.06944464275739,2.91504295207374,3.01204133540583,3.19749660871105,2.90518867353387,3.05614046227659,3.10949068346242,2.97848956553667,3.12235188818205,3.13082729104647,2.89060037151196,1
2.7947368176193,2.93564493202908,2.89802721071749,2.89745252094976,2.88122208649584,2.98652098438701,2.96679258021489,3.04973749708019,2.94472526547525,3.00046286521554,3.05856462400536,2.93297437805113,2.85763473357429,2.94957763554275,3.04138117309082,2.99011104402919,2.84065218219174,2.96781367474066,3.03452997233423,2.94305610401576,3.11992061194355,3.02239638630344,3.12287193805927,3.03098424532463,3.02455745252865,3.02105461587418,3.11965825349848,3.02860476731504,3.04304931499556,2.84019608144255,3.08917428262931,2.94249654861363,2.97128291925344,3.10133544569859,3.01127676327996,3.03522786809892,3.12967881040152,2.86028638492931,2.9957373850395,3.04676804099773,2.986921049919,3.17565988496386,3.06156571426743,2.97015486828819,2.87377679637941,2.96211224665852,3.20005946860127,3.02386609381526,3.11712503107231,3.14692548971394,3.11625429639388,2.76770052705168,2.80454549796921,3.05976106019655,3.03124462448573,3.01365705551363,2.95491364433911,3.1402557450018,3.00148204570943,2.93068098367523,3.10669945675447,2.94016668220726,2.92803121289615,2.96689402082975,3.09537107725023,2.76001830411793,2.90682770596399,2.88289076161273,2.9133375073834,3.00808688342772,2.88783003508395,2.89710869041726,2.79639299792582,3.00053104061287,2.79025291433494,3.34463358206109,3.03646758928295,3.03230185162077,2.90706286127038,2.9601811885931,3.00039624153489,3.07806610686594,2.8221370213734,2.94576111611442,2.99997663075513,2.93477304469684,3.09188984659143,3.14532498903262,3.14111501848106,3.06074653237146,3.0154614989729,3.02794228747069,2.90557912770303,3.0694828069571,2.9132742130279,3.05228731321998,3.002678922221,2.98419867303282,2.94190977052784,3.11525890310085,1
3.12968618358919,2.95193380738225,3.0856083908136,2.97812651924887,3.01041297881344,3.10648418981667,2.99797657697733,2.92685457576443,3.18728638387638,2.99993698268933,2.76293657610058,3.06428951755769,3.16610700628141,2.8330570251641,2.98233756481176,2.94420587203697,2.98612010256828,2.95873170580675,3.14923885779203,2.9889926729401,3.07028654519301,3.02664463207154,3.13201904044651,3.17053575553559,2.9223916336008,2.88862872438927,3.02389284099481,3.09103182967623,2.97505162525344,2.86129237917779,3.01950966423613,3.09257426622042,2.99690645954041,2.94437723231957,3.0738940615418,3.05255772148572,3.04053138682054,2.97033562572414,3.08466611784015,3.09315331430991,2.94819408764615,3.00064933211307,3.11669032429219,3.15638571182953,3.07582084084944,3.21185797715507,3.11124103318565,2.92013722781646,3.00623273012995,2.96600517091637,3.16035087960171,3.20327019485066,2.97542467332223,3.19339973576829,3.1130002008581,2.77378050840824,3.16255899183404,2.84595197531781,2.97671552350895,2.98194635598854,3.19419414298548,2.87090607139541,3.05881113069123,3.07807336064085,2.89961451250232,2.90781544090251,2.94408150038565,2.85908625221717,3.01111474294932,2.99557612583091,2.89877530223647,3.18251897810561,3.10692607118265,3.07167090223427,3.0465646678842,2.9964296763109,2.83791409613133,3.22441106968614,2.87056775407601,3.00234394018822,3.07106621094821,3.01012694722241,2.91548469485289,2.98758771710857,2.77910463481391,2.97077894800468,3.01974091390499,3.0787619211573,3.18056518950424,3.03285026255763,2.99243962932303,2.96979897918685,3.18886614501826,3.11062280356254,2.96066919946974,3.02210637267764,3.04346292705557,3.06823205087427,2.92779596159734,2.91494752602383,1
3.24951486944848,3.08253560550438,2.79376217790722,3.03901937119426,2.89390914369158,2.88946215115756,3.20523867224562,3.0663708368251,2.97118934856635,2.87929588057052,2.96139897323169,3.00848372123354,2.79743358968619,3.07622405615766,3.02549617941478,3.11030280217565,2.94332487790081,2.93730076524032,2.86502006355023,3.12786029859705,2.94835842073842,3.01785373716164,2.90590797043053,3.01256882996669,2.89406581091859,2.94894145865499,2.9035394977192,2.98674575001523,3.16637053188783,3.20522885906888,3.12316104237669,3.1070986009794,2.95942700799844,3.18750058330458,3.15076594518274,3.01629047856785,2.88910535773819,2.93677843794275,2.90156249884506,2.8952271120729,2.99536239737202,3.07320374462437,3.06995274720074,2.89992180116535,2.92093561342681,2.96252123919166,2.94548660622569,2.97624425633885,3.11348602118917,3.13064372206547,2.91242537732419,2.84397920586052,3.01442558760903,2.99981997202742,3.1016379573915,3.1176417404395,2.85854103685897,3.11544564605515,2.90049093161678,3.1470853004926,3.05865289237451,2.99903256063388,2.93006247882009,2.85675756045687,2.88693982904939,3.0223785844834,2.91961200303419,3.15451666995492,3.15578462369269,2.92272098829689,2.97208361564384,2.88529457387078,3.22935616186951,3.04134518310943,3.06020555609611,3.1614056088569,3.02733034862939,3.13048319819589,2.99200085515403,2.95130841187545,3.03003860027574,2.80166000329804,2.96369373148814,3.20118733502282,3.04541607255249,2.85644087935136,3.02084725156833,2.93072283964056,2.97825667972589,2.80906972220603,2.96848768129761,3.08819036780842,3.03535484581812,3.14220550413625,2.91057422143796,2.92406477977926,3.00167446790714,3.00520634214964,3.04342584923121,2.97747942680547,1
2.89150713890917,3.10271185167633,3.01973622316658,3.24725065237685,2.82715301745133,2.93764622029644,3.11131162450485,3.05365802715169,3.01683955388422,3.14287352066835,3.05521187962891,3.08362869776763,3.06135561963783,2.96556446738257,3.01478414764711,3.08375268901516,3.03112379579874,3.17979588026605,3.04556915450573,2.9615598642059,2.77578289282452,2.96442584558716,3.0346367820878,3.0685013891671,2.96618821451222,2.87313263003325,2.86132673934952,3.18633884017585,2.85869666886331,3.21044047877725,3.06383625881483,2.88798074406945,3.11809047878043,3.04987142739893,2.91025710475454,2.97725671521773,2.97257849171982,3.16242462127052,3.02783944782827,2.97866022849729,2.86022634010623,3.05138467018901,3.07597395311414,3.1355488740629,3.1877331456201,2.92516549629046,2.98109523482338,3.10157757018222,2.86923683090965,3.11735778905429,2.83176148692554,2.85962096740192,2.87957430507273,3.00023781766473,2.83343327482383,2.9967822471556,3.02711308235887,2.96847694355162,2.95648110843415,3.23831292024631,2.93721357147554,3.09927189783725,2.9911819872917,3.19103512508086,3.01066035842219,2.99364041997814,3.02222991757031,3.05565508835964,2.89456368614024,2.90117313141497,2.99952535867142,2.92545710258898,2.90874590460237,2.97248238890098,3.01408168805447,2.9958655993737,2.90279813645885,3.24740245665196,2.8560793968451,3.01551420619792,2.9979977308414,2.95109305227261,2.95788953211212,3.09683224183495,3.07369340660845,3.25364204094045,3.04730131759839,2.91811968468739,3.0483139667959,2.79807872882814,3.07328537008383,2.96655760152925,3.10019884534519,2.98973658731213,2.95093149519487,2.95761247209716,3.15070702043654,2.90794951528316,3.00867867920916,2.98102149945471,1
3.37371361122112,3.15810605666725,3.06890418634187,2.76300693202642,3.08242249675902,3.11327633733784,3.11425016402888,3.07926901534599,2.93556735989603,2.96002449618469,2.95380866631722,2.90315421899809,2.98061415073186,2.90258139859352,3.07169752356316,3.00228448389131,3.01130045342539,3.13783854683953,3.14287622877209,2.78883421300008,2.89925783169334,3.18254419333212,2.97979609481375,2.9265729156423,2.86371548005565,3.14693928225363,2.97125363895152,3.06839288902939,3.04176102238352,2.97607355523579,2.92177813504259,3.03777200136113,2.82608962834755,3.0092949016354,3.01913201285136,2.99602798846318,3.02891910652972,2.93308837658855,2.88189819979738,3.07405494365995,3.05121466177059,2.9749476954545,3.07330996162751,3.06898972988118,3.00673195273313,3.11800878188517,2.94694956651639,2.96547797404514,3.02397963850849,3.0143193185956,3.07031954098069,3.03618745874276,2.97045577606039,2.81115166975389,3.03038206194076,2.84943695000947,3.03535135376499,3.03991720855412,3.02416105874437,3.0228693128909,2.94452502519189,2.88687857939394,3.0192525902847,3.00827674228507,2.98257454229309,2.98872785722666,2.85051231230869,2.98075536116257,2.95416858286194,2.99583651110964,2.93775530908595,3.12258105293626,3.00270868704438,2.94375342860325,3.19329335255694,2.92243571677433,2.94497774969433,3.03189906188378,3.12474546029871,3.03512903746897,2.94856758416673,3.10958828131054,3.03411234464441,3.10650911575695,2.95474994383292,2.88791036086225,2.97007828841003,3.16557374550651,2.78343958350539,3.03238120646735,3.09344594001675,2.99098705099051,3.03233083082943,2.81897580575237,2.83300519703184,3.16351574999391,3.08898887033337,3.09995579545486,2.93097083603259,2.75777755901868,1
3.00382216256346,2.94723526800899,3.02522262182197,2.98460254569795,2.99907516533679,2.91411109544384,2.8628517217193,2.94241154673259,3.05165506807569,2.93235991764156,3.12307055914502,3.01408244197835,2.76782979745855,3.00958403810633,3.05436378665335,3.07462971189436,3.07527902299897,3.0914642370266,2.82947932031292,3.08801699198855,2.85982319254256,2.94781826978625,3.02215075443622,2.96980550097584,3.11544615823873,2.98522019056359,3.02005931212913,3.25361333985712,2.82413565979621,2.72973026213965,3.12462180325841,2.98608597057237,3.07874005895899,2.98055868462263,2.89087349230284,3.06216441430715,2.91357850308776,2.96039577775579,3.0109293224232,3.10598270935678,2.87307813570979,2.99065257627116,3.05019438074018,3.06440797922506,2.76916610458782,2.96899603257298,3.12608537283323,2.94933807278568,2.96499312039554,2.83185441375122,3.05280635275153,3.15849309708557,3.06487946049247,3.13513343494693,2.92266123841002,3.09323091007503,3.13364390307765,3.07414993604613,2.95754555127005,2.94372923026678,3.12061310515623,3.01177636654171,2.87873392515308,3.12547803697209,2.89505625350138,3.01066860028291,3.00992846619697,2.97928138830528,2.77801927876745,2.89881034779117,3.13121484885109,2.89351776769932,2.97988346539656,2.84459703050914,3.05521044779643,3.00122662625581,3.05940142034425,3.02316193458988,3.0872516818722,3.04617003024915,3.07074272585808,2.93093458432049,3.10220940516433,2.97364308911368,2.7647005351821,2.8697790249478,3.0689021654693,3.09907546533141,3.04880800580361,3.04072815783048,2.86133856383859,3.01458645142507,3.06170003992987,3.05818124552459,2.82048696365285,2.76780836355205,3.0848214852346,3.03693345372314,2.84216869360138,2.87219485922585,1
3.1236874623114,3.0411451742452,3.10876317267354,3.0508177555009,2.88999718955715,2.84011332893001,3.05191523825373,3.24714960116112,3.01263887309568,3.13490619492334,2.92559632833486,3.00278519477552,2.98034651487002,3.03882886177435,3.19266382622085,2.86854342490941,2.97442289326591,2.92614609099396,3.03561332979627,3.06475066700734,2.91193018046348,3.06488079613759,3.02271915709175,2.98799354082638,2.98224055799779,3.02488420349638,3.04085076823506,3.06598447297741,2.95641787875172,3.07384365894682,2.89619252925875,3.00837713935853,2.98847138518682,2.97690329695172,2.80238246960134,3.10117715691909,3.08573610709376,3.0379059574624,2.9644331009878,3.03783990896005,2.74890503965219,2.99913877406046,3.00017370596166,2.90122450792694,2.92550059309899,3.15987120115641,2.89127539068043,2.95386123612289,2.84019469366034,3.08603982176683,2.96975269802075,3.01376853944721,3.20521810982253,3.01117685672676,2.77091144555256,3.03066852276566,3.0222208182541,3.05110163224326,2.96615959363441,3.11296904975699,3.01894290810421,3.01088771599539,2.92252798096434,3.16983654730165,3.1173191179567,3.00044924383965,3.16456612257641,2.96168072197423,2.9598439552219,2.90819881391282,2.87818748296731,2.96785732687127,3.05693049902577,3.12237511860988,3.06233426557478,2.99788720422379,2.93420415571566,2.99236822933591,3.05472119658289,2.8435330576078,2.95875714527928,2.8421143591457,3.08185683857405,2.91251917634909,3.07055928895797,2.92106708741291,3.21300159595569,3.01444577492649,2.91310373029498,3.16149930453591,3.17751208414377,3.22192472294658,3.1513105525544,3.16888692362694,3.18246112941523,2.88550917376054,2.80551947486672,3.0878560910043,2.94728867539167,3.12576115291464,1
2.99712384788606,3.06365195568838,3.06765068354013,3.02828784897536,3.09943735182194,3.26885507560658,2.92750214148597,3.05432928909672,3.01403483586284,3.09275467275597,3.1141812427393,2.97056550272403,3.03423875285263,3.12199250480504,2.74146563476246,2.94897400483578,3.08019751465693,3.04679873439458,3.00990281564568,2.91611012497336,3.05394935675549,3.14404795505459,3.00487499721436,2.92016246744282,3.0243783867694,2.95641522536132,2.95713902181671,3.00823195218749,2.89186840061199,3.12634723385483,2.93249525822389,2.93602923689649,3.12951539326304,3.23967626526293,2.77934823491121,3.10798164154175,3.10248591250808,3.06595181555264,2.96846326147073,2.86871308576632,3.02785810867758,3.12373406477775,3.10250803160735,3.0267754800021,2.83517615196004,3.13181204163664,3.26652056332626,3.10454088071881,2.90763068040273,3.116576431457,3.07550514731815,3.14170067567097,3.15835029899544,3.03230174257509,3.02591651214435,3.07806046184152,2.89916870045419,3.15094611722659,3.03303292785406,3.03251695912751,2.9318785769628,3.04545543321627,3.13693511749385,2.83158648261554,2.9698318297481,2.91068967637897,3.2084062071345,3.12824114894564,2.97837730369923,2.96635130475031,2.9966951027508,2.98790411466129,2.96421450860708,3.08309532995106,3.01490583588619,2.97903106386736,3.12449097740133,3.15058487905483,2.89093960804824,2.85918193497633,3.06323713130186,2.9719322596876,3.0579993621318,3.1618205685166,2.81394700169431,2.88503419896195,3.04778502879477,2.92954156692224,3.07004645512481,3.16789994326334,2.98827206922512,3.03618131748719,2.9526504002572,2.95975119621997,2.97782263576829,3.10043985609186,2.88007132921203,3.00239734659617,2.83362909852412,2.90941468139994,1
3.22827531643083,2.90640217608113,2.89228210911117,2.99090676224229,2.9242769346662,2.99619083425116,2.9884566856668,3.02517366350638,3.06337237649741,3.20699584506101,2.97206941635474,2.86479706304253,3.11488751627677,3.06589078709793,3.17056039357148,3.13805991262775,3.02897510881388,3.04426424309048,2.99596760909325,3.13438860333769,3.04713517466846,2.99633747112835,2.8585282951925,3.22997693704476,3.12242033791508,2.92324825785281,2.81805408436721,3.00100781192083,2.97713769678312,3.00647957957508,3.14325845168043,2.88964815804767,3.05681607942382,2.98631808113431,3.09398755879191,3.06542603715105,3.01527339761796,2.99893256072719,2.95534889500205,3.00958064664773,3.05617649377077,3.27825858408328,3.04433637301059,2.92647796115994,2.78862183061268,3.06282346378698,2.89516345081277,3.08379348041335,2.89024030376758,3.02387812376456,2.98277533632346,3.17813784751385,2.85272538358609,2.96869636170807,2.97025362771215,3.08994614628728,3.12410426058965,3.06035071000627,3.10362470059563,3.01366613894717,3.14881601537277,2.91782953099081,3.05100565142057,2.93483931173488,3.05030546238871,2.95167584314286,2.94526297443367,3.13587970009736,3.10885549172692,2.94805498660484,2.90710914786075,2.98140934512889,3.12330165046709,3.11003765302516,3.01921526624475,2.98520622103937,3.15684841097354,2.97211136365352,3.0104079687982,3.10474772312031,2.82103110795414,3.01855623682235,3.12060315698739,3.08724323865528,3.1337533959065,3.09254265284726,3.07211649896444,3.01772272262777,2.9363191682653,2.80263331283801,3.04561418981668,2.76752511741253,2.8952103441933,2.96053124427714,2.85302895522853,2.83584163138486,2.9703590623,3.14031604445546,2.88886046041649,2.96135619915163,1
3.11042716586441,2.92330728717572,2.9589285655602,3.09875048684426,3.14179937866235,3.17940147886695,2.89835461058128,3.10128498220037,2.97417322974843,3.23129437639583,3.10351279508388,2.75427837117689,3.02635203296709,2.87480049370401,3.12514214120902,2.92312504836445,3.03039614893289,2.68188789059762,2.98635373941625,3.02507883268778,3.03921320673007,2.91915700438818,2.79610396721219,2.91709851667238,2.96594427490603,3.0120546113426,3.01953106145637,3.03683122537763,2.97659135240147,2.97538360815148,3.08551766576757,2.94212558355922,3.16918359816356,2.94529211196469,2.91732707355206,2.96948217652682,3.04076327245927,3.20616563355573,3.02723589850442,3.04689409305565,3.0227988689208,3.06027289583374,3.14174108164044,2.82289754284666,3.08883858539723,3.061782950386,2.86214473752515,3.15905940145597,3.13571076176425,2.94713757103339,3.02029025880631,2.95561159933812,2.77659171969039,2.87816986823305,3.02504522717354,2.92030272049452,3.09387090094903,2.98176297249916,3.02014042966607,2.97027462328329,2.94401850111952,3.08002664134184,2.87699763667718,3.04158226604985,2.93364208656504,3.04420232898993,2.90200895918012,3.21998395339254,3.03374162200364,2.90088416483367,2.95660267812248,3.11243996563897,2.91829074522848,3.00957642047005,3.09875938127191,3.08180543991514,2.86688300632947,2.95027715971842,3.14701830610146,3.02966066204261,2.9202370933404,2.7058924972643,3.08027430501555,3.06187344446517,2.95115107136373,2.77625414142322,2.95816799729851,2.95253478203042,3.05009439823464,2.91888744045391,3.02112413998017,3.03600362734102,2.88917673038549,3.00772372824692,3.05255863276578,2.89869672652339,3.01446263685122,2.96933285835186,2.97286378722527,3.04452873925215,1
3.16808043946186,2.97589713887287,2.93131717619562,2.886349471898,2.78305210391236,3.18333045464951,3.07572325631181,2.85589725408511,2.92314832114104,3.06772326507015,3.0021934713763,3.27871670190797,2.97448557126492,3.00860064734756,2.98338983068349,3.11152643896465,2.8857874676885,3.11473923534265,3.15148146956032,2.91723700702423,2.81798176978762,2.94541557981682,2.84395459399116,3.05581588943876,2.98018591203736,2.87527825074063,3.03257739342157,3.08382562920575,3.01955814086947,2.96079253613011,3.00506791765895,3.03773154007843,2.91786502759112,3.08610197088474,2.94701788514949,3.00004389686872,2.98985708475789,2.83228829336243,3.08227420446174,2.93299789224516,3.10718077170973,2.81924725634913,2.80705611214038,3.14324781885234,3.07680703649785,3.05551264584329,2.95946240614131,2.94346508131688,2.91899451798813,3.07193095405646,2.99834833260732,2.91498204639046,3.14925169950533,2.87520338796378,3.13902658143432,3.1167669215199,3.12191915388162,3.11710008432182,3.06423649612584,3.08717489537797,2.99135827505826,3.10977030535375,3.12830533636342,3.0174000782496,2.90571597423341,3.01152767635465,2.91018716051559,3.08959952428152,2.92716287859243,2.83641806226429,2.96079675612618,2.94138625695015,2.95833139202804,2.85553108746841,3.11987584024995,3.05941627765816,3.02795720188,3.06389033212239,2.91549445823521,2.84966331562343,2.88882505265831,2.88592860753767,3.0179745348275,3.030894212861,2.99779799749738,3.03562445998243,2.9571911306591,3.06987519270508,3.06254556872728,2.87147757937495,3.13116198714196,2.97775594904363,2.95833965624112,2.70092199845703,2.98517997638859,3.15595695039925,3.07604565379948,2.98397462105375,3.13767708320768,2.9886317435909,1
3.05252766543805,3.03310809076658,3.02985516986502,3.15911189590281,3.00523383870107,2.85460043481441,2.96242033304707,2.89891201202635,3.08873693346995,2.96688856025885,2.81593312940977,3.03010742761471,3.03738518326487,2.90278224119789,3.04691959407878,3.01363204553778,3.08947966464152,2.98606610853601,3.02924337678233,2.90460753870496,3.18358143853232,2.88306338166828,2.88021660872743,3.16245926360826,3.09135226788868,2.94201934461845,3.10269834169842,3.04937463230994,3.06370916272764,2.93339574096255,3.14328048232728,3.02640683547778,3.00404980419695,2.91091468113717,2.93223442274994,2.92116751786685,2.97291288997759,3.06378969469379,2.94362047913999,3.0530987782793,2.85179306758398,3.24459190815407,2.89920986450872,2.97948923035402,2.83844696678898,2.90614032089169,2.87761911028026,2.93476962840334,3.08931147728995,2.83337172956628,3.14333001258897,3.23813953833269,3.19192102277477,3.09261573935777,2.94301936554956,3.02700938278499,3.05359792598844,2.89290962067511,3.08079103166998,2.96696444173798,2.99594346699676,2.87622083824233,3.28846973655953,2.86396538959304,2.96995942263434,3.04675354066731,2.8765652098691,3.10248661884743,2.97476785002392,3.19345306503684,3.07425369522272,2.89156220315253,3.02147857815395,2.95586292849373,3.17502324530645,2.99960830347654,3.01323204005908,3.14694261216996,2.97012615668702,3.02589754440508,3.01790792674539,3.04760870232556,3.02725037658869,2.95216381266228,3.07369129373404,3.08887786286754,3.09068336023777,3.01124077718096,3.02917886125318,3.00450084213675,2.8658581773406,3.02326045392793,2.79573768304356,2.99834577708225,2.99781290462393,2.77686641905763,3.22995716622992,2.94127813603588,2.84527707066908,3.0599411363909,1
2.95234022568884,3.1554578377503,2.99026622692553,2.99480353620243,2.91600110331291,3.03099224755445,2.85692766465595,2.87853441054263,2.96944874511461,2.95405832520116,3.24397896551019,2.96527548440343,2.97526188518124,2.94445014138268,2.83962556664222,2.91086248981532,3.04270041834875,3.0626286669762,3.01218208452698,2.911132314681,3.15183984276252,2.94211040741735,2.94532775685406,3.00159821959596,3.14358972864037,2.97941741934339,2.96194073491369,2.98833829187423,3.1341130933223,2.89186842769047,2.90764360421839,3.01827405651793,2.95604865254858,3.16371475499148,2.94678592799054,3.17090936835933,3.03668293592612,2.91898227792056,3.12439170373124,2.85285217917096,2.9903361751206,2.98379737805381,3.05285215177542,3.03693060988159,3.07670250250871,2.94696898899459,2.80408546246287,3.05670185594198,3.25991159902738,3.04952329078606,2.95093256172425,2.9672927288251,2.92636936337132,3.27941344602866,3.11361629427889,2.81905194579652,3.15553966790805,2.87295250562696,2.9463886766728,3.28483963147044,3.13667352116066,3.12015535556826,3.09378336909362,3.13550324572644,2.99502365244667,2.94615555502464,2.97146691903394,2.97021962035029,2.97928620238906,2.95201242746919,2.95364557395733,2.94134609409054,2.95487857232815,3.15553450628892,2.9979775026902,2.87586527510775,2.94017933369476,3.05578621997541,2.93943345112751,2.99445421156078,3.09955538224194,2.92492199858449,2.90832822182178,3.28137605808795,2.94213231864613,2.94560634787476,3.1136443276244,2.9690994814881,2.86745313401372,3.0749006786866,2.97106227355074,3.04751016715318,3.19610369250812,3.00298500211137,2.96058158192134,3.06340583805737,2.94192349556918,2.9086867447004,3.0557262791144,2.91182782980972,1
2.94869820483957,3.03391085512956,3.06437614205308,2.92784690891086,2.92397743067957,3.00190130579401,2.73707939345488,2.91745471361851,3.20410519337165,3.11888478107708,3.12326242840752,3.02198735551496,3.13958492503947,3.01177739034671,2.98743539599171,3.05244984571387,3.14407663471155,3.02883566953699,2.71411052063633,3.18917604206274,2.99803440793532,3.08855074009212,3.15151810718058,2.94684914499131,3.18523227452125,3.16586457879232,3.13530868346621,3.16547842525629,2.95472688939824,2.91414853536511,2.96282537109759,2.93669472279179,2.95906745260844,2.99969214148916,3.14944389998472,3.03369825428786,3.02739036804893,2.94971732441569,3.10211253477979,2.86686719845489,3.2389811729437,3.04092887095252,3.06054715656707,3.06561905261791,3.11349439599493,3.04946123075603,3.14149501905741,3.14965921942879,3.12847712934513,2.8093661276159,2.96381900786583,3.12468645919335,2.90002742259226,3.00101354584171,2.96652802022833,3.00407865116774,3.00460713781481,2.80380001796385,2.93488603887316,2.82617631528399,2.90462489482275,2.99662364786695,3.02102879593589,3.00407059302593,3.0738078925332,2.84262773581735,3.03364813040735,3.09063213670616,3.09435345485175,2.82903795656742,3.04676995684984,3.00223402905799,3.02795704768973,3.05482152347344,3.15936698204741,2.87859184419332,2.97249919084942,3.06541463186789,3.07794969784363,2.93613634409859,3.0426729804405,2.9341942549483,2.93334500330951,3.0796564049195,2.98515363769063,3.08426576837895,2.91772760409296,2.91578906310788,2.93484748989581,2.90597918686081,2.98806565633343,2.79792985670699,2.82247052565713,2.93734063247317,3.06090795210012,2.98052365632365,3.13488792942466,2.90407783635688,2.96631680073634,2.98809813487171,1
2.97692338710042,3.04084063640513,2.79535216913506,3.03597081522745,3.00708092726375,2.97635720855593,2.9400141361432,3.03511715096511,2.87941273129836,3.15393504027666,3.11754247911086,3.03409490652808,2.93774940980085,3.04609809949269,2.96287694724875,3.00146166425671,2.73104722421706,2.97671737940271,2.95745116928056,3.13471965878603,3.20739621045969,3.10205287754438,2.96105157393739,3.14992904050864,3.03296912144718,2.97670533256505,2.83943972010943,2.81109889702819,3.07659929888731,3.10261740746846,3.01768409958,2.90185526944421,2.9472449447839,3.06834663635649,2.96058588471891,2.97153991591205,2.94722640665292,3.25497334684383,3.03685607561796,3.07264326361194,2.93502975306289,2.89290281975513,2.93360696046775,3.07026620984296,2.89671057605267,2.96515667373391,3.03902335402915,3.03823188452859,2.96275108596832,3.0294658337233,2.899642395543,2.90848108580587,2.7802323131355,3.02558040838766,2.89348738025483,2.91132777655048,2.88023539173989,2.82148652553847,3.07323341829519,2.86267962068772,2.97045613353106,3.21484775060952,2.77653573913952,2.9041149791591,2.93319457940127,3.07340157800374,3.2864273637974,3.02257869726301,3.02642502519226,3.02642513679205,3.14836163301425,3.15227138025992,3.03078948478139,3.00888943362759,3.14939734233952,2.93487532127651,2.98956700018332,2.96781013936304,3.06951285370028,2.89230450499096,2.9785720672808,3.0413807868035,3.07021348585229,2.96217339676024,3.09918883087614,3.09883430347812,2.84629756806044,3.09842402311748,2.98804776586688,2.93826613199394,2.98424910675284,2.92386756548832,2.98198195553806,2.96985631246654,3.18762225811636,3.12292198373999,3.0221393582395,2.9854843564968,2.84406997991114,2.82863826234799,1
3.07928004350765,2.91131523488404,3.09482053704318,2.89207742529289,2.90483622810584,2.90977888627928,3.06256674383937,3.18408618259239,2.97169550670052,2.96377705643089,2.96380270066041,3.08128296618345,2.99772597423094,2.87715088154707,3.06658006618896,3.05291258103072,2.99974548142203,3.02501305300169,3.09897139314395,2.92361357582944,3.09113152126644,2.80357007078465,2.90252398089459,3.1171242348653,3.178530356585,2.92124223294913,2.90588927975081,2.78524885252603,3.06398895901448,2.94454835239472,3.05702785005281,3.05230282172371,2.8685720917466,3.0811367545295,3.15866764988454,3.21456009714487,3.07669687937139,3.02497746402642,3.05008235749916,3.00079373351866,3.06165085231067,2.89704067103886,2.78981922028416,2.89336990563385,3.17166956221529,2.94794626292089,2.91812695317674,3.07605058229019,2.99747426358053,2.9630914460756,2.92405336629616,2.88522658779728,3.1230131811572,3.02990037192911,3.01083233423703,3.04692705040539,2.95160503131,2.80315705943736,3.1032856274533,2.98189420448982,3.09369448489687,2.99012749188837,3.06992369672295,3.01245889186497,3.05015841398941,3.02025695088045,2.9345269709427,2.95073693444546,3.16654408945713,2.99661292838532,3.1646126710221,3.02528979278843,3.02091261952955,3.22095362089244,3.12212040174262,3.1322171528844,3.03011734051602,3.03892374076308,2.93335894126891,2.99044330490122,3.12051620863201,3.10680906281234,2.77798085834551,3.05909514435371,3.06945187059262,3.09349166500106,2.84194988760943,2.94664205237081,3.06654202275887,3.0712985334157,3.02497963250183,2.76153651377009,2.92210581760089,3.15489595352737,3.13971108189971,3.18067223173055,3.07239415343641,3.12449234887312,2.90371543881391,3.05479699387657,1
3.06632287099963,2.93027059071974,3.09644120285952,3.07555557526563,2.89148483632863,2.92788565405194,3.06399815036916,2.9379072419329,3.17634374818981,3.0411699951842,2.88962990471722,2.99394851211726,3.11688788758048,3.07110867299008,2.99825521576317,3.24980224677287,2.90861223900642,2.90129894648166,2.99209884690435,2.92968346174736,3.0989736188552,2.98118490298048,2.9736586044778,3.10673718321348,2.99767463066603,2.91023389486459,2.9703534063792,2.93287538274411,2.91412822244541,2.97387167008002,3.19463176147204,2.91903849358153,2.98409621635014,2.93084928045915,2.9122058978645,3.04065647493215,2.98307750494834,3.13987488035095,2.93897510725765,3.01016051718789,3.04134620882229,2.94024131450416,3.11670495926551,2.83309427675722,2.87668532064853,2.97067621217009,3.11463796110471,2.90304615238024,2.96126828539082,2.94745297054156,2.9931971746691,2.96004046083662,2.85044321763912,2.90902091319259,3.09177698697908,2.90840856316315,3.17305607522062,2.92080998074161,3.00676769181857,3.19798631216918,3.20033868540908,2.87951126267652,3.05785293104048,3.15438437016789,2.9068972634368,3.11600063209969,2.98237123148334,2.91877172697984,2.80974072666174,3.25572475849886,2.94667525380261,3.29866463939096,3.00836417821346,3.11427049133673,3.00680777670259,3.08951038478053,2.96973846729824,3.14855876022262,2.961807227487,3.16342856305087,3.11597055932155,2.96147534303977,3.05052943319511,3.0058628308786,3.00979207062678,3.03036330648225,3.02209977175108,2.96216202944434,2.93864899187087,3.0443474629114,3.10615173746805,2.94505043168996,3.11884279787485,2.90686084422774,3.01538511419283,2.89451528733716,3.16670869248743,3.10412714355128,2.92374915018007,3.23362998295159,1
2.89206233876694,2.97496329966631,3.05448485816007,3.04548572740309,2.93714229360623,3.01111803581475,3.17492556104427,2.89918727620128,2.97680645790126,2.8523700008256,3.10711730670422,3.04161159179843,2.97599900540734,3.06732924443366,3.05808649811917,3.12624042459732,2.98707634315962,2.93885023067596,3.21037375542669,3.03531731432011,3.01779391138413,3.05585950018916,2.98184227827951,2.91601622247255,3.14891364654946,2.91679745345735,3.02210002086926,3.11589158002087,2.93701524585937,3.07441624322697,3.00867701740862,2.92451337086027,2.89281875440623,2.82627405562456,2.90507918757441,2.96958813832203,2.98458806394208,3.01880317118124,2.95703990116435,3.20787787415394,3.12929886442472,3.0326557225901,2.82763303362066,2.83935465347617,3.10459119752621,3.08867649697536,3.10005979701211,3.01036801893763,2.9298802139817,2.95481776772458,3.1099104740346,3.10153936814102,2.98625608257866,3.05430790631798,3.11613852929198,3.13902398377293,3.09448690903772,2.9144109866137,2.97970396173501,2.91756275700724,3.0655689449545,2.91976988992395,2.94568518440409,3.14704789010687,2.92545346223042,3.13063871843469,3.03854350852092,3.02214235774864,3.19132881165146,3.03281176155071,2.88596415519327,2.84907270230298,3.04806189465221,3.11224106547871,3.08699477840677,2.80501788146665,2.80217717768691,3.0140604558902,2.85386011421407,3.07837363741857,3.1873090199881,2.91128700174121,2.78461212416113,2.93987257690123,2.85610029193799,2.92265525142721,2.97938964665011,2.92696776570243,3.06700017781172,2.95609595528031,3.06745277855403,3.21683587811183,2.98324142511102,3.1625353744773,3.08593487401318,2.76352302214541,2.87103558376047,2.90482209632728,2.99249093869515,3.13907520820351,1
2.92751905055244,2.91654869894129,2.99908397116839,3.050768589327,3.1197799318835,3.21132938021887,2.98680988390539,2.78338003730954,3.01630762859393,2.99241974537579,2.9299879449437,2.90628735981857,3.04669351321248,3.09717469172906,2.90082339570973,2.97358045873541,2.81955976098183,3.12215802086398,2.91755639159429,2.99568299179984,2.99502967027207,2.91180740600188,3.09061516296416,3.05036323465081,3.11397709055191,2.95929986236013,2.98596514819485,2.85516525892909,3.0256413451445,2.85879507670109,2.93043425887663,2.97751743775464,2.93175743651165,2.97602910809719,3.05360489445854,3.09994838422214,2.97021219440674,3.17055237482001,2.74486080206218,2.89614966206635,3.09657108918194,2.8189175618216,2.85332058113263,3.09685125123474,2.83393875600277,3.13061554803121,2.86158297340618,3.2219415123194,3.09943084406954,3.21646549353024,3.17147047706561,3.03638685333373,3.01636479271474,2.86796563310103,3.1498828099228,3.17674356418123,2.99469516960565,2.89820976028395,3.09489377826562,3.06058259155958,2.75439206160313,2.99399338221807,2.99292607419378,2.88939459975355,3.02904649847605,2.80968395641651,3.0123495966401,2.92559029090196,3.0847832570308,2.95057759877846,2.91592409747968,3.12227509728283,2.91058895547614,3.01276744982362,3.15212036900433,2.95163451522283,2.96342708277474,2.89542338555483,2.93797119503045,2.92019527292284,3.05136391817865,3.12067154620654,3.0461171754782,2.99214199168044,2.82528414401339,2.97529704578078,3.077152457267,2.95894106818346,3.19093867981907,2.91093418392951,3.05651407445844,2.91692676282532,3.03452004319742,2.97308209223434,3.11890584380741,2.95879321581627,2.94021677050049,3.05692851438866,3.02029265541032,2.94173049926486,1
2.99978787337926,3.12854543581577,3.03263008164721,2.89939692276115,2.92890799178639,3.1715480906155,3.00442080120629,3.07734723855596,3.00569568699336,2.84948804120478,2.95907307483378,2.76262800051776,3.12078074137517,3.08634093986342,3.17580795776607,2.75910967119636,3.03372435792227,2.92455634578999,2.96486070869848,3.0439951471924,2.98058271314464,3.10573195028277,2.93906819881351,3.19639642460334,2.92153813104688,2.98867035238653,3.09657799795861,2.98530066083106,2.98836435122519,3.12744034719477,3.16775456090718,3.06875623285644,2.89098732065091,2.97527092493829,2.97593991143823,3.12211783084525,3.03812235289089,2.98957955333861,3.25492721687993,3.12039713928648,3.03704419202018,3.03201196606784,3.04713328343736,3.07623809225334,2.77812818856691,3.27255728348949,2.99436914065022,2.84544656879513,2.95080613790148,3.05838042975988,3.00868261751584,3.13579489303998,3.07751057506205,3.03022601239045,3.05913329876039,2.83603494387417,3.06125541589548,3.09511318231603,2.92931402244464,2.9738768844442,2.95458271269829,3.08421074264207,3.17264784856358,3.03720379932289,2.9548643671555,2.88749250719467,2.82947151218924,3.1509920695007,2.85255447997975,2.9805644808898,3.17438834683458,3.00719140622177,3.01072633854355,2.81491249912914,2.86875324359865,2.91303721137811,2.87388008160277,2.97981539058835,2.91121866117186,3.0319558032439,3.00764779469747,3.1138047719959,2.8635818422309,2.90072009140196,3.09016570080752,3.12794572240863,3.03731975895719,2.93565187132746,2.95636142803012,2.92217719476475,3.0549257328558,2.91108038791849,2.97945093288344,3.03930478665545,2.94293020126528,2.95389851733205,3.0823849710827,3.02113204553168,3.15671868717247,2.91424215922152,1
2.76410311558114,3.09723571685887,3.03625692197132,3.05400889708249,3.15442872941019,2.96288117010187,3.13571846100795,2.88871988840896,2.97113718673539,3.1771878929717,3.05225425312925,2.86127406083284,3.07168926579223,2.9598506590093,3.00012277670798,2.86580052594134,3.13255026640946,3.1635517253713,2.73971370632793,3.04261378795935,3.00730638910784,2.96979853734924,3.06911435611486,2.94096052632857,3.05467881030843,2.90914707550506,3.08565083123714,2.94568847615695,3.02427243388171,3.13647981506304,3.19823210657905,3.07419762746872,2.92060565495212,2.86970235589942,3.07674511683887,3.25452149328864,2.96567645116524,3.11258648127937,2.98301212970219,3.03669227074621,2.92932127961934,2.9148297739827,2.9514256176895,2.98318965084247,3.08203764291385,3.06856883986276,2.98664359056614,3.07278744219427,3.08424906355734,2.85474797725211,2.89207867359177,2.93384015267402,3.06871751462278,3.11931890341788,3.03320495199613,3.15528189469495,2.94169286584557,2.85483896273794,2.98263432702531,2.9488734873115,3.11101651119336,3.02704644608113,2.94839629121737,3.02361835756084,3.07548902981648,3.03018832535412,2.84951458334739,3.03970285747852,3.08425296350759,3.10197228673742,3.16705051732179,2.87499505116365,2.79219803229609,3.01844509628634,2.89448946212824,2.96656933969253,3.04551964275386,2.9897816566887,3.02169666252746,2.90900670715878,2.98952563230323,3.05953448406449,3.07555361937124,2.89518502702291,2.8958871803525,2.98111001754113,3.12731752460851,2.78793202563765,3.16101426308129,3.07846447992175,2.88446784072732,3.01099948384116,3.18516516716899,2.91045530435587,2.83717030237821,3.02180434743737,3.03493397927163,3.14102828264941,2.85075437638069,3.07744034026836,1
2.83603796580271,2.79025289430404,2.88890329465283,2.92493986218731,3.08000578763173,2.88046579890632,3.05929788365514,2.95017110119165,3.04597005231048,3.07452670842061,2.92399141405782,2.85596908698728,3.02210484344452,3.12610785820311,2.8551481510448,2.99706644740067,3.11638603914443,3.05447514097258,3.1091554877211,2.95728706214381,2.90541838361098,3.01967447217762,2.84221575314015,2.94350496050391,2.90948111819022,2.99143759785212,3.14791773810245,3.02253325883676,2.98813828015618,2.87756169145185,3.00180274016408,2.8823809169805,2.83478143452534,2.92273839223584,2.8756816134903,2.90329468150237,3.15751560051509,3.08432336288785,2.98662506142507,2.90973556273518,2.83625253417157,3.03467308498052,3.04558315892871,2.9837294808514,2.72417721520085,2.92529198665257,3.15268520399591,3.11694135752716,3.01999678137793,3.04226470228528,3.24458542431635,3.1393164666025,2.95588470424502,2.98265434760229,2.86112234290569,2.95921468928596,3.07297235759952,2.85992377366801,2.9990432896018,2.64420281160954,2.92483223704648,3.00052488430687,2.99904030536591,2.84832982222262,2.96456303629266,3.05704144506182,3.05723941534047,3.06674153721296,3.04749913296304,3.05988329833398,2.88070478748086,2.93105498532731,2.90266004865986,3.02129619963524,2.91632259475395,3.02464560339133,2.95719541993135,2.91588420124325,3.09059857899771,3.04991034390503,3.14188514254158,3.05898145539297,3.17507454841361,2.92028759909664,2.98597527640464,3.12311569473405,2.97292561486744,3.10415136561407,2.83343253230643,3.01980079996765,2.96359206782693,2.92123811898102,3.02388223313235,2.96083889334802,2.94271013654602,3.0850942468921,2.92251371391011,3.10981281548536,3.1489300661337,2.82154503119701,1
2.94023976207519,2.97187191461978,2.86173381788581,2.73087876967761,3.02818985173354,2.92831811693655,3.00584610610561,2.95478575205567,3.09030714194201,2.93248276447183,2.96012401606612,2.86666338968503,2.96781817807879,3.26223553734564,3.06033987290565,3.10468798474793,3.04557691511795,3.05199099369554,2.89535825457641,3.00203544785519,3.15494692924403,2.99408569917651,2.96500074253598,2.73722261345056,3.03266928729707,2.86354129115001,3.10627230125855,3.01911000233124,2.87537085296691,3.22021938161385,3.00910177340716,2.83654202348905,3.01811468069845,2.95669917190511,3.02303809709064,3.03812522230296,2.87734107922528,2.96456535471315,2.98475217151455,3.07623764141178,3.07881740963049,3.00207625742403,2.98419548395289,3.0608068534002,3.22537200773719,3.08883861459403,2.93119083056251,3.10526297690197,2.96984679798374,2.91978263267662,3.03047146284326,3.1376263276203,2.94493384894699,3.03219168897256,2.82033467436563,3.09926642262103,2.9400107034662,3.16595482133579,3.03008941521884,2.97982085876514,2.87552448662172,2.9908852707144,3.10980673112138,2.88036734291048,2.80929259733248,2.97741511864899,2.95338686146533,2.95228667299461,3.06844675412232,2.91806383693468,3.1089294397923,3.1212626769081,3.06475444668755,3.08534408312382,2.98749349950885,2.86225245355141,3.10765469722845,3.02624211839777,3.05784672284629,3.08306467587295,2.97112114098053,3.01042364788323,2.81321880986333,2.97761191684213,3.07547174426012,2.88920405691587,3.03609456290317,2.91540756079355,3.19019720253993,2.92911616782427,2.97641332971114,3.09037451754701,2.87580565643479,3.16866189886093,2.83998274958014,3.12968259423064,2.74996909987212,2.97865955693566,2.92524492384095,3.04012402265109,1
3.13857996399604,2.9592546550156,3.10742333219409,2.93216412227887,3.09112258487222,2.96986369887947,2.97246519576491,3.091199419954,2.93957636341913,2.98586490028097,2.9376776403758,2.88475389644022,2.93297283201036,2.95620738674738,2.91494223491864,2.99957368288031,2.8957458789796,2.86176991023717,3.10335932064899,3.0083595612415,3.03983246654487,2.86804967217011,2.97463288683737,2.77041012816366,2.95183370428387,3.10084687210303,2.98124903356595,2.77254246424654,2.98733901251191,3.04308981196011,2.74489536225347,2.78875798584705,2.99858359553752,2.99405780709106,3.0002874601773,2.83658105220912,3.01667753320005,2.93489085394024,3.17832368695849,3.01974271060174,2.79135975791752,3.19672591129215,2.9603761382599,3.02005188950766,2.9119639018548,2.93179954023267,3.12015777584317,3.00924423839016,3.0185818262588,2.95062347529467,2.9012871439173,2.96100579411434,2.99251275003443,2.90935979039184,2.93022467170215,2.99557061495678,2.98423691421568,3.03548483658343,2.91182271416272,3.00467795584538,3.133677258821,2.94836990601321,2.98052151522876,2.84219685469801,3.20436611459201,2.94518406821585,3.10028993061292,3.16977066110581,2.97137799680468,2.99786698389518,3.11473579988863,3.14880552471613,2.98444265586967,3.00155163572459,2.97684749498006,2.91969515177423,3.11524486481632,2.90707989549785,3.05119573785698,3.00235789322848,3.17711092941759,3.0345171865497,2.98638579787696,2.73328858474707,2.76159129247529,3.11060588217541,3.02334178755412,3.19414752539847,2.86561058170812,2.98891301918051,3.03640917812816,2.95696603114733,3.0444950191529,2.86598744772597,3.01218193508914,2.87139884206831,3.02543832523588,2.90501970905358,3.13351256414559,3.19044384823733,1
2.99138890663651,2.92920424927651,3.12701075586151,2.96968585971366,2.87843396495976,3.05334223177194,3.07730360699945,3.03234733180962,3.01106057557862,3.00304062965914,3.06990532696384,2.82008017343698,3.00627633609041,3.01513076333183,2.94695227750467,2.9027185006328,2.98856824069155,3.02144119189438,3.00362679455282,2.84355247037907,3.06689747838807,3.0160458954145,2.88100912124433,3.11410860544358,2.8973835752671,2.89648254013917,3.03612426467924,2.89630524808033,3.0601432525023,3.00650168222893,3.01662826812123,3.03593788991695,2.92010724820101,3.06843141155188,2.8979056866935,3.07326911606716,3.16642433695136,3.1470074776219,2.99067264361338,3.16556340643983,3.09915566178287,2.91865575157095,2.88935620481472,3.17015335838405,2.94597798342821,3.02064757025399,3.09601978416542,2.94203321424534,3.29371820276453,2.76512268898317,2.95120988170392,2.99633774109149,3.08883307653548,2.93156706782952,2.98934100772498,3.2340827751495,3.07696367610929,3.09294287096095,2.92714596119666,3.06977687633037,3.05940899614717,3.06946280800991,3.04388825246166,2.84605060745132,3.14677058133058,2.895165133226,2.90839924743712,2.70416262252601,3.00156040813407,3.17173120796648,2.96781204021297,2.89420253033269,3.05274108258264,2.77995715316197,2.99567313457645,3.00049718505309,3.07566763727057,2.98231495343194,2.97803076833353,3.04409763107845,3.03043211550956,2.82886544649714,2.80168517786823,3.15749299433398,2.92807439105256,3.00400509175179,2.98173690036173,3.09192853128656,2.8447418506489,2.96201793438556,3.10230891512613,3.1622699715709,3.00008046579536,3.04420777633066,3.04886507828542,3.10348826840414,2.9065056366282,2.95255506976902,3.10143372101929,2.99001258938117,1
2.95251794932687,3.0409755836638,3.01077431192155,3.1265501567981,3.04751158559383,3.07737882868564,3.00951611821566,2.97919794184898,2.95067194663143,2.77820992999246,3.2103378740429,2.98260951818033,3.03682519652897,2.96251492702653,2.96117067407619,2.91580468410854,2.79480717351123,2.96596635999241,2.83177476846114,3.06076084399403,3.20775732679403,2.95896572963135,2.93493817938208,2.92969714817871,3.08492000203789,3.00880309362074,2.83269459850874,2.99870738382328,2.98639392891266,3.10211963959684,2.8188720080466,2.90531492676504,3.05703486763023,3.08178077725049,3.05334216137536,2.93266049029975,2.98788449544144,3.01587956105935,2.92166115004152,2.96739068632844,2.97180281031628,3.07060431513413,2.83182907034957,3.14960071650634,2.98502115084114,2.83571189646583,3.15015985599874,3.0146210065327,3.14825311612714,2.87646319484389,2.89769265022434,3.12356559534012,3.04546794737017,2.89494479245747,3.12858821109631,3.13704868514709,3.02472950089595,2.93857963112841,2.93759939810839,2.95841883386711,3.12626522733684,2.87099429440327,3.02651881303236,3.01266528749698,2.9725969028036,2.94782128828536,2.96747759378373,2.84243871014821,3.18493478710082,3.00066301623728,2.99575722459792,3.01245752005839,2.98804119735519,3.01146753431539,3.10353823414306,2.97391815755563,3.16508366234934,2.91882053913235,3.007843938975,3.16328049182437,3.1000718592287,2.96555726568129,3.11218918249531,2.84459968972953,2.8634720737337,3.01414658778655,3.00660029030155,2.8597866553288,2.88559780613562,2.9970074130527,2.84322824364457,2.95908017175809,2.87730032053562,3.08187900960303,2.79223780166466,3.22103849920556,3.0518508523496,2.89007231536367,3.02249397808359,2.82206692368984,1
2.95805516206393,3.05901724045265,2.89489321722555,2.91539112269404,2.81146358077333,2.88945122243778,3.0237443970726,3.03083468807691,3.04647192349078,2.99671751456857,3.05389366253735,2.96104847760134,2.93165375658273,2.93728173703001,3.0218912269767,3.04319991574021,2.87320103244222,2.85303587709045,2.84411910953325,3.00557997157869,2.80224252736649,3.22482504290467,3.08964267088448,3.09487866156288,2.9268727093607,3.07038231759039,3.07146026654419,2.92016688737516,2.81328189043946,3.0580882092921,2.9021106041285,3.01415218533812,2.95743322109206,3.12577338290902,2.97848694850687,2.92814220378004,3.27821363799577,3.04667215878971,3.03173440702699,2.94884268864872,2.77294276848589,2.8974656340367,2.90423274965937,2.933923537932,3.0788785482106,2.87739094078687,2.80639761945796,2.94254392439048,3.00928194994786,3.22364084347399,2.95770688898911,2.97259881607547,3.16065456112062,2.80373861367575,2.89119672278498,2.94712789763708,3.09964532418933,3.11281073075684,2.9392614540206,2.84922259814668,2.91804786080322,2.95654709615562,2.86016927780152,2.8521824487748,2.83328199274909,2.99967728908054,2.88430180970802,3.0276164763843,2.95635415246319,2.75507624403981,2.7497575805412,3.03644776243495,3.01887438049208,3.07329384558098,3.00650702809149,3.0737652180206,2.91783318545431,2.97453863408162,3.03109905955525,3.02203953072045,3.09401000053291,3.00531129140458,3.0763386715295,3.03861178313956,2.83885140421506,2.97298706701489,3.08030521364056,3.01606064072695,2.98919854863041,2.90046580994829,3.02211395074639,3.00733603725176,2.90061762341082,3.14302720079218,2.89716672940118,3.07373812838685,3.04420770551072,2.92670939208675,3.09096249520925,3.06065490325065,1
2.84180058415446,3.03772449613975,3.20415169391241,3.02829286141503,2.92830229185178,2.79354873925813,2.63488068056218,2.79104157472553,3.06465191462056,3.17279363363726,2.96352210786873,3.05607696054615,2.95227727706622,3.02991898043504,3.06043353928569,3.00328274584909,3.06351586069653,2.95686518575077,2.79503708142803,3.05349480223749,2.89038830802695,3.01808736132731,2.92078459945339,2.93963488137328,2.89820654124708,3.13620144305491,2.99536942126316,3.13524173885798,2.97170460877371,2.94467636289792,3.02982004253286,3.03840760551206,3.02364587170258,3.01777340146481,3.15191755753559,3.13635992132432,2.81138292414068,3.06525116359831,3.01249188423599,3.15177159304676,3.02572266661125,2.93419604583145,3.03110262378838,2.9253331659931,3.01253086013759,3.05413780587815,2.99330063370904,2.95054332637526,3.0273881514193,3.10821225036526,3.07644854628439,2.985720058672,2.92065587778518,3.13289824423265,3.23491933021099,2.91769150071865,3.00283874901271,2.93281899137468,3.01899199122149,2.90001213179578,3.11209945429081,2.93041339501233,3.09427554436714,3.08650358823443,2.8981873005037,2.9376818075966,3.04835403457767,3.05824636780553,3.16998332767602,2.93135572547004,3.12565658190343,3.11706802544342,3.05613190828741,2.9950873725981,2.96690774059254,3.06011989197579,3.14213512981827,2.95487383569248,2.86095665802734,3.01267333968753,3.00953360552194,2.93180269228803,3.20817533483707,3.02828443772869,2.94443188815173,3.08710873430752,3.19811564867159,2.97971967493323,3.07231239355648,2.92459529088677,2.91931897166426,3.01744806599692,2.81035992339313,2.8061636063517,3.08545578262573,3.00728301257857,2.87594520190089,3.00993252927288,2.89502290466241,2.87934372525641,1
2.79038410066902,3.02731106164472,2.87703935101512,3.0005775595472,2.82412817740285,3.11812942973563,2.94578573636941,3.09287149929293,3.14230656857907,2.98426932120081,3.11088726498942,3.06855747585219,2.98422457732386,2.97635771428355,3.07733969290652,3.19297573350455,3.0603100980562,2.89722265377307,2.99855485655986,2.85960769087479,3.17180616410799,2.98719006689608,3.0625803843713,2.96935139689802,2.95002107018678,3.02080825485495,2.97791360682418,3.0720771015903,3.0222570607711,2.82381855775757,3.04310978468212,3.170847397219,3.10020513149868,3.02373435962074,3.17066882315057,2.99427912326984,3.07898368068057,3.13462179684892,2.82058163999095,3.18103700919324,2.92181557352871,2.97826985825745,3.03686183401378,3.1527407582231,2.81753486871825,2.96546663373032,3.18075315411523,3.04951044136025,3.2828659996088,3.05836276471702,2.9553352260621,2.9871953069996,2.86377033303851,2.93291683832304,2.98951064108393,2.99088205671992,2.97183822789211,2.9235753633141,2.92361296359085,2.91995557586216,2.96259394648671,3.02675670676322,2.99236260156866,3.0895939127931,3.09096752129589,2.95439833542088,2.92961607627627,3.04023280543839,3.06653347666993,2.9709484602384,2.8565078615246,2.91470820275087,2.86383725215259,3.07427134986886,2.91330811552875,3.17406267986827,2.83908612964212,3.07930628334527,3.03730678059923,2.96761368113958,3.05941816265998,3.07590406567665,2.93167624369305,3.00118415160117,2.9331177161874,2.8743537895159,3.09522856602507,3.27676433328382,3.05287652159107,2.92787634702974,3.02506344937805,3.03798825407933,3.00288195572192,2.99414226677712,3.07261337274112,2.92940081745628,3.05430212700756,3.20484903572933,2.73343890417569,2.97729538321605,1
3.11739167444023,3.08435690397438,3.19191869679813,3.00860653141784,3.10981176912282,3.05467188112387,2.94411905674608,3.06491019982218,2.83900129384153,2.95886100285396,3.03212434603665,2.76299256935698,2.7877369808684,3.15026423692199,2.89695351876434,2.93041839279827,3.03759177738458,2.94126861268067,2.98369692042753,2.88279939120977,3.11141512749234,2.87963716490156,2.9122322040073,2.88505295626005,3.04568480980906,3.19280318165687,3.13856515761226,3.15222162357298,2.95726851425332,3.03712435253157,3.09060868214515,2.76933145277896,3.09289812462897,2.90970185822015,2.76943090316268,3.03661492478095,2.88044914894451,2.80495810912918,2.88865084250927,3.01821183217347,2.95928619877202,3.01356126633794,2.99905489937711,3.01617600185389,3.04082532328485,3.12717950484029,3.08392122093575,2.95843813197386,3.1860944068209,2.99424092052248,3.05005802916621,2.91701604873865,2.94609427654689,2.93237427047772,3.05979279932715,3.09253142033378,2.88920885662836,2.89790922076939,3.0146330154471,2.90221541187095,2.90575856915594,3.13706885489733,3.01467270906422,3.01734390275691,2.95053429647452,2.9694494248277,2.84186460714013,3.03752649425853,2.9952364135271,2.98482841435615,2.83547191764246,3.09905332095621,3.01907206400271,3.00464758605732,2.91815672324643,3.05551396359124,2.93350054610726,2.91234233407616,3.01220459134026,2.91833490771459,3.10785637793045,3.20537202062299,3.15361899494643,3.09999194874833,3.02941041062227,2.85536319227663,2.82376428488548,3.14559355198142,2.90649267482529,3.01937110102207,3.02573346863303,3.04828992954242,3.04173866154903,2.92913342928873,3.00649187734375,2.96235482001276,2.75604411639104,2.90130517067944,3.06704850231598,3.02237086893277,1
3.04289382149219,2.91207873720897,2.8418679775027,3.00928006228911,3.06037414341158,2.97133939825401,2.95291568300534,2.88888649466111,2.79176092445673,3.08328727603243,3.08534539078246,3.01904798966899,3.13565670537179,3.07838236149748,3.07902638718484,2.96265736450572,2.8748226158714,2.96011429682454,2.9708233666253,3.0714095807993,2.8304485481414,3.0241668665185,3.11502390634577,2.98796974172909,2.95796532834317,3.01608388406891,3.16493637571633,2.96879922708277,2.84482779804761,2.91378003870514,3.16649706931385,2.88566700894233,2.74507758418751,2.97518400723783,3.00868092533523,3.00069900867458,2.94223268453645,2.93608483501961,3.06331960040948,2.94836940122326,3.09859297863191,3.06098551835175,3.08864313732819,3.02128932433362,3.125744389926,3.1146565845713,2.8766521940372,2.95009662636359,2.95201685842657,3.19305595788374,2.93060913382029,2.95019680915307,2.8008587868433,2.88068888422165,3.0842960896292,3.26764552740412,2.85993506764483,3.22148329848797,2.82011599155716,3.04848575905427,2.91691793948765,3.05503320081151,2.9522573844774,2.9660188345904,3.10516869599306,3.01654553908564,3.07113648895245,2.93482515510245,2.96699493067569,3.26611775120983,2.90917789028652,3.09650675046365,3.01168659870254,3.06824057545907,3.06138681756692,2.85286423884912,2.98711083419449,3.18189346167204,2.89278661972969,2.953595067965,3.01469709663414,3.06337633031701,3.06971835622008,2.98330104297035,2.92784866742154,3.06134560861735,2.75751273883504,3.00869098616481,3.02409466850217,3.04283948377781,3.01316577735427,2.98170855135348,3.08222626616376,3.06574877991396,3.02190416565007,2.91384777624007,3.13644980226661,3.04190911639138,2.90726658129012,3.15451167000402,1
2.89626224925625,3.08584233130164,3.00777015780702,2.95755459954224,3.0038487475291,3.03953100349101,3.05819490052834,3.10310059236065,2.93633647950516,2.94017653173175,3.14637954862533,3.04964618626276,2.95109837285679,3.05332376023087,3.02057358733298,2.97730480416947,3.14754161765394,2.88987315892457,2.98668577933955,3.11888495813659,2.99886393283203,2.99116919972965,3.08544234055203,3.04703955254075,2.98133590921563,2.88047768131258,2.91611995751262,2.91990422208588,2.96890815714817,2.78977016920725,2.96633107917429,2.78413138810921,2.96099316129888,3.01212644689453,3.0858720553072,3.12824987056012,3.0533412569369,3.1561209130789,3.10127926435924,2.88488001454171,3.07836804178442,3.13267766642493,2.94036100939839,2.99700814807967,2.90890995695767,3.09232404608365,3.17005850478403,2.850442258966,3.01978075381444,2.75227609499154,2.98860564185485,3.12221010487037,2.94200050781212,2.92359336969152,3.05740230933617,2.86808506852884,3.19670625225595,2.9945928116211,3.01816520022798,3.04694684060336,3.11184664106722,3.01456545792636,2.86734979976854,2.88937057876964,2.89150160016741,3.00723387110837,3.09874002209572,3.04498141520288,2.96136348980694,2.81995522894091,3.20397841751739,3.0596102066863,2.80115901695632,3.01407278537326,2.89110988442047,3.20993642183813,2.99891701299309,3.08515909419464,3.22516691991085,3.05479243407461,3.13911834716116,2.96583005729205,3.06478776638552,3.04972965692008,3.06222035349074,2.96019731727173,2.93788091168887,3.06743707285168,3.01015323206315,2.94286891738063,2.91160799030187,2.85130863389801,3.25086022462782,2.89139888732898,2.88583340349904,2.84753760671963,3.00525545917889,3.05249126636669,3.13875676527949,2.96194902857915,1
3.0084554867412,3.21823628351517,2.97897559650586,2.84208280281093,3.11370572869728,3.08920563656145,2.90759523129206,3.14575931543436,3.04280343800197,3.01063819527453,3.07747876805921,3.01365113705335,2.94319451435643,2.98413671019645,3.04234830385643,2.77733645929181,2.93256729610562,2.94527856838812,2.88582803926897,3.04039539790685,3.05715808612248,2.9517515826684,2.84861114440581,3.11348273576788,3.15217603729839,2.99367333973571,3.24034703951417,2.84608002185708,3.11355987528375,2.99452653249531,3.03708299281025,3.02744221584204,2.93190007526334,3.06268822499237,2.96218071551289,2.93225314964563,3.09593223651217,3.0773021928732,2.97230394856094,2.99779815403551,3.1647214942461,2.93548489471527,3.02642876787802,2.99153573098119,2.96426974777034,2.91766567034919,2.99577577634445,3.07460403687785,3.06131562926,3.14910802002201,2.79810543820948,3.06196455951084,3.03551022279922,3.04173379160705,3.00450252680427,2.98095398597463,3.14921348333642,2.96895017635567,2.83402916586173,3.05456828938931,2.98802312134127,2.97146979416316,2.98179074071248,2.92701750147331,3.03880200696358,2.86756225996289,3.0824368547851,2.66320117794304,3.03192167665203,2.78966564471603,3.10762709098688,3.11707563029185,3.16985143523423,2.99747615162329,2.94561261666917,3.05378269494575,3.0799796460244,2.96098451270558,2.92670708787225,2.81184119160872,2.96297338030071,3.01427781811124,2.90898271537713,3.02005024602057,2.92138712474469,2.98835883210992,3.00492631265159,2.78884518537477,2.96544496676951,3.12716541447494,3.02606179013547,2.91213265728531,2.70456321259659,3.06760899584923,3.05686983266932,3.24097795548435,2.96461384573965,3.00378256592328,2.97332198122753,3.10921451561507,1
3.02411673340573,2.9196969533917,2.96049600932473,3.07913301870766,3.15325448443101,2.92910079141789,2.96467398491694,2.98267364938079,2.89556954562028,2.86585694112546,3.10650218402493,3.01464235768163,2.97149503038031,3.16318519262328,2.77986076436189,2.99531443222708,3.02473379093915,3.01346984787245,2.83116399119365,3.04324585087894,3.06071803590842,2.87488559154625,2.84871499005432,3.00890315893029,3.02249757860365,2.86493085748074,3.10696825002855,2.76490501282083,2.93212540470261,2.79390480337497,2.89857160687213,2.85815653733427,2.97220994371596,2.89207530936866,2.90962097796242,2.94815081191521,3.00754246881398,2.95899557561729,2.97104797421742,3.11488832723524,3.07250720938643,2.82583895815465,2.98310614832582,2.87406343322048,2.97817858243852,2.985663453176,2.93410366834703,3.16173443470029,3.13528305545,2.94393976295958,2.97674965318621,3.0202039548278,2.97466179765745,3.02710909378113,3.17640636483393,3.04621236912701,3.07854412680768,3.00944915594878,2.98058945853775,3.00776101068217,3.01890599568884,2.90581155144288,3.10917785938438,3.01456551412163,3.04243882959348,2.90838985714894,2.99492290921985,2.78087501414499,3.05081217897106,2.99787891932934,2.86526608624968,3.14116830133038,3.174275861008,2.99940399844223,2.94599639108335,2.92876855589848,2.91048314344211,3.10099557669886,3.13036031385769,3.03863366066281,2.95485629315161,3.00334844437265,2.97160033555148,3.18852049428066,2.90404159386154,3.19654238550481,3.04249441188792,3.06506574226567,2.72809324534917,3.18666092796368,3.06042786898311,3.03239933469538,2.88563917066385,3.20850630522557,3.02015952547889,3.06194348775737,2.90984409744052,3.11331589200791,2.77867031542077,2.886924508847,1
2.9294007874647,2.878615244555,2.76911734251363,2.93697357729489,3.04182345015811,2.98697413601944,3.02588743310583,2.77731094102676,2.88028115675014,3.13613821345561,2.99960784314622,2.97583945843292,3.06854918411925,3.05875949049983,2.99600279861009,2.81103528247546,2.99888975384796,3.16079108737041,3.0557499327593,2.92315940341667,3.09247035118465,3.08973745591536,2.90231119699407,3.00094173078361,2.75092871355485,3.11260111822548,3.04137889934788,2.98922433413127,2.9462717448081,2.92759655529805,2.95768542774818,3.0454995771325,3.0557462722539,3.05440428286275,2.78849272871292,3.04869284753859,2.97105108947075,3.08365141899664,3.28291982691276,2.96244702057578,2.97458887159506,3.15665125779489,2.88570081946474,2.93522284992252,3.00891962817617,3.02842477064521,3.03466094937389,2.98181654533636,2.8823422409782,3.10885194645573,3.1860136286228,3.15562673271488,3.06485924520072,3.16354368536521,2.94006845216915,2.92656035171883,2.98469461170042,3.00128695342861,2.8475469688449,2.8115519468426,3.0109173017534,3.04270925136831,3.02800245824661,2.94448414392628,2.95231598238356,3.02216290130019,3.05460297843419,3.0077956793546,2.77881902672486,3.08790912424792,3.16342667968187,3.09864734830329,3.07331590889157,2.95624741218388,3.07473978769924,2.90758466088406,2.90188255501852,2.9375512375709,2.99508481742412,2.98903933234216,3.06612820468016,3.15875311973223,2.82852068632453,3.03090473055832,2.94931900540927,3.05254747380102,3.00070027555362,2.99402960451952,3.21362406373249,3.18549396253852,3.02636441378106,2.88191107394382,3.11997472252596,3.05918831907922,3.06142390076525,3.24315748409512,2.95934900377835,2.90838108342832,3.08390167136844,2.95398664522731,1
3.01720385832723,3.07809767333667,2.92516043488269,3.11068269098826,3.03356911155797,3.03110081696259,2.8188585567658,3.06086508371152,3.14517427805344,2.84275573360724,2.95888987425312,2.93715626074349,3.09126518138051,3.07147667505917,2.73308224725767,3.02524909809276,3.00552203399934,2.94434285757722,2.97126745813056,3.03592400227445,3.07275422551488,2.98408222652516,2.91601907581914,3.26799764088985,3.10820913780628,2.94733419585753,2.97067608462841,2.90604358567389,3.00169125577986,2.94191382226345,2.93610730370227,3.00739376569954,2.83659656789952,2.93185006235861,2.9500198743552,2.91237840325248,2.97068923143167,2.98199460572595,2.84399551618465,2.95380739588774,2.90616112126416,3.02355901342135,2.88970532550444,2.89189879099408,3.01469554470401,3.12351724923946,2.97510730895786,3.1416277244857,3.01604014968719,3.07436356553063,2.98824804118279,2.68057417159758,2.9932695388542,2.9181900550101,2.91854473892749,3.02471730945965,2.94313932552508,3.0280886495994,3.03347956154835,2.91382637774349,2.87360738921562,3.07445437285587,2.86993804059525,2.97852618593169,3.24658132362565,3.25187285445075,2.86378366347379,2.91470492963547,3.02731053728903,2.9828074946332,2.91921949862172,3.14115241473152,2.97709196171508,2.89172873979333,2.98306588656279,2.8555456216373,2.9940701810097,3.16154389157788,3.12966559383482,3.11241636442022,3.07300063276309,3.10115744043477,2.83992619125786,3.01504235997192,3.00706303007064,3.21701235398743,3.14446680675765,3.05559417473532,2.98298151397132,3.02665240379221,2.95167026685154,3.1003813398074,2.99885888219081,2.94207282302007,2.86303745971064,3.08311429559888,3.20408045992471,3.00232146197134,2.98437129396422,3.0012393691124,1
3.06766403159302,3.16350374406096,3.01221676511084,2.96698890144049,2.88214199781102,2.89705612663787,2.94992101280869,2.99588245893751,3.05379059084567,3.01290982730874,2.98399995276703,3.00853079321615,3.06786429690226,2.95673397787877,3.12845138536894,3.14422585483228,2.98045249612759,2.97993317728656,3.07979429222527,3.16995562364207,3.29288722678455,3.14890617983859,3.08387715200998,2.88101402379029,2.90277298357003,3.06651968021205,2.976288021281,2.87267276032257,2.87835515499721,3.02439908931012,2.86657578314484,2.85125270367432,2.84974938043146,3.01072825978985,3.00206046932632,3.07696480157587,2.98230899757988,2.90763622684544,2.96133644877183,3.13545073022596,2.96812450996158,2.94606170593229,2.93459687825884,3.06845709364799,2.95472172696034,2.98760287284629,2.80656342514019,2.89027807651317,2.89775020780822,3.14717108273386,3.05636175163116,3.10362547662153,3.02316762846293,3.13404350637824,2.92900672711426,2.8050934210368,3.07182124050627,3.11621229736464,3.06277758498602,2.97186243152284,2.89627188200052,2.94165032830799,3.1480397152467,2.91020969501913,3.02741478275094,3.22124724970363,3.22927537690939,2.97253976279844,2.81344854709871,3.07764509391424,2.92364274304262,3.14756016793655,3.02681652924093,2.97343707399753,3.01026507030937,2.84898303470956,3.20854436691526,2.93659693355693,3.03177721784101,2.93217589919422,2.85009172890753,2.97631476375922,3.04904065900284,3.03259560808039,2.9686194720625,3.02745233826626,3.00469009074121,3.17379415096009,3.11186517297377,3.01148581907153,2.9221667947174,2.90693671323871,3.04885184637513,3.20397765287609,3.10040803199458,2.98124631151828,2.93759309538718,3.00633774544765,2.97664050089894,3.16791864979882,1
2.87820392818256,3.2084486571776,3.05800135899395,2.9554645787442,3.02654302480707,2.93316643654533,3.10717735144623,2.92103398462964,2.93905085038703,2.80241352678568,3.02445319906052,2.98169362495892,3.01691222325888,2.94668925183761,2.9838887592594,2.98914827257156,3.14232538626519,3.08670641467368,3.1156211526871,3.01893171833228,2.9924311900376,3.04106015620501,3.08103210900162,2.79906753055484,2.94999640155802,3.05831275396697,2.96534856401656,3.0852581282283,3.00335366854525,3.05310674573312,3.06788516321438,2.83433197797719,2.88713194359009,2.8619772288655,2.85935375103463,2.93117405873802,2.93803426680765,2.79658206488227,2.88376623738551,3.1017880709991,2.86503163234212,3.13723510924743,2.93697676388199,2.82165358420889,3.01430506199407,2.92360950021828,2.95894057300827,2.96808704278513,3.12358319348516,2.93300035222093,2.9325385072203,2.99295931077738,3.12712589577989,3.06648243057301,2.91786706250594,3.10424925762083,2.80576536928469,3.00263201176568,2.93999112456984,3.03735879334349,3.03443687456696,3.10376742324571,3.30580727981366,2.96272234188511,3.07107235929367,3.12935886376813,3.08919295015023,3.0528015084214,2.9584046117328,2.94695308258509,2.87523767109674,3.05070406195049,3.00690688574495,3.00612388192698,2.9035758740045,2.9323603355288,3.08517715602624,3.16332367628095,2.94503738689234,3.07080339432976,2.92302749706477,2.96704008499736,2.86294250582999,3.13461919812641,2.90931225262459,2.96854883170405,2.90638768776222,2.80403192054696,2.97749339078773,2.98920870156007,3.19369585445876,3.17144494628796,2.890562536808,3.07403588008812,3.13063987269829,2.71589039148142,2.96374693455738,3.11601358815987,2.89206406250663,2.95299096589077,1
2.92891007936547,3.06166638280687,3.00536740199709,3.04493919756173,2.85586465623365,3.02018092385261,3.05438230470323,3.04395612783183,2.88323308572838,3.03152198060317,3.00418947713772,2.99797074190569,3.21435749926565,3.17654259586211,2.83639604547343,3.07033747679771,2.88752929687086,2.99652864858406,2.94499521394868,3.04670570375048,3.00699109400395,2.94782319968845,2.89785766117456,3.05327841299361,3.08569889127936,3.02360887389375,3.00940935962105,3.0128941355655,2.97891495815212,3.05632635557529,2.98323559449276,3.10680840531857,3.10418093530001,2.9398952029634,3.20395496450373,2.77590953722825,2.87228918220233,3.1859929514256,2.99834269960539,2.88894324518309,3.01400286051165,2.82095969489422,2.87788244311221,2.87988947588376,3.13111421278696,3.09248303084041,3.11032976723941,2.92432488642159,2.88245884210043,3.04695965621537,2.88341361721872,3.00615639849063,2.90615881170227,3.03195860465873,3.12056425058502,2.88164915164942,2.94644849087338,2.91303213890358,2.90042507720094,2.90587691862274,2.86313488552934,3.04147511536589,2.9948717148761,2.82224822492508,3.00119142675175,3.10905369345847,3.03476075583055,2.91827780855638,2.89797797351943,2.82522129212736,2.9406126477696,3.00205872869257,2.8826353244352,3.02710253098517,3.21857914512656,2.9573498067962,2.85742568890496,3.03938126106668,3.07721236994625,2.87966055447632,3.018768210017,3.11065928266552,2.94197226099993,3.05058951871674,3.08514929885429,3.08877684029255,3.05947734166204,3.19816900456834,3.09722641404439,2.90265741407744,3.08332169938418,3.15683908608416,3.15809255942387,2.99192743211876,3.36807635682699,3.02085878439131,2.89921041763022,2.92292582018319,2.91076509116997,2.95768190570355,1
2.89029713676317,2.99437869675354,2.84564516782698,2.90812914782971,3.21383362130783,2.91349949963763,2.85475917381626,2.93523090653204,2.94605958858412,3.17969105726203,3.11860455441932,3.04170079467005,3.07589544878146,2.9263591701006,3.14448443802578,2.94317823022015,2.8514988537996,2.8547480807675,3.19101655712368,3.09306306568128,3.03582245914212,3.00720907750102,3.03197379522726,2.9070497580015,2.96703118495418,3.25724157593844,2.99066246299176,2.95024546459736,3.01129188609104,2.93117874545245,3.05367330054657,3.10753041645242,2.96065577951562,3.32212420081891,2.87467523016828,2.96075085403428,2.88125057694998,2.99044062315427,2.95216123911322,3.08019413228502,2.97309360970186,2.99848287334156,2.90975765523426,3.1495047290988,2.98588485967967,2.8024006367411,2.98304515834778,2.99452883960178,2.92704101188594,2.95177017390784,2.90391344455536,3.00424255386767,2.85924416721474,3.07794620948857,3.00968070219828,2.92752133686714,3.00527494173487,2.85594456294539,3.13994748077675,2.95115071453474,3.05161785593327,2.95995640461637,2.99761275681368,3.15906571061171,3.00965217185897,2.98832365958686,2.90462092376791,3.00396118226165,3.08017929990125,2.94270980606009,2.88808932565914,3.08151532837038,2.8900072553242,3.0586644285889,3.14600150004363,3.03119676023017,3.08359323805646,3.0591147924741,3.02405092126015,3.10144218858339,3.00617245859779,2.90251500682538,2.98610240499735,2.92490608564684,2.9234855739897,2.92117055790017,3.03632203230893,3.10429529627214,3.00167693337816,2.99684565999478,3.17051727794383,2.76599642663014,3.11983192939922,2.76276745239533,3.20768469625707,3.11481672759806,2.88082240736605,2.88453955898734,2.88643589233406,2.99496292345198,1
2.84938378675685,2.96508309165311,3.04302393976016,3.1108970664857,2.99031304819521,2.9610736141803,3.0269243740052,2.9546115774216,2.94883283420676,2.98061761064526,2.9223289007542,2.87265105193516,3.02304565336222,2.93524632517599,3.00159531891171,3.10685649990802,2.9969200896076,2.91910707481092,2.91882002240044,2.93280034304655,3.04181094570333,2.98440394840281,3.10149070127535,3.05354919181607,2.96435893660513,2.9347291381152,3.04427693760124,3.18379378076982,3.04576505328769,2.93831616017638,3.04019971655734,2.94198717983355,3.09580078733213,2.94155359191276,3.04725483575809,3.00272391749865,3.16984632521997,2.96674231679618,3.05520758286261,2.98097275601486,2.97304438732408,2.72852263017484,2.84431061251771,3.01106113297419,2.81015952276751,2.92141284334504,2.93554007358804,2.72530528868339,3.05073652224383,2.88319458763382,2.86736150721959,2.93797622297847,3.01108542889026,2.90097161835293,2.9723211213118,3.00257961222527,3.03465950025199,2.8723193361056,3.11976203600442,2.86139295912353,2.85418609582173,3.07555661594729,2.92469712015756,3.19000020986255,3.06471374188721,2.89649061450082,2.85227661135871,3.05325142891001,3.05545743119855,3.06450589887003,2.89798226906447,2.91949335627477,2.91407616090846,3.1764216285469,2.73007267726365,2.92104026513112,2.85562926050747,3.12195686233041,3.02364060563298,3.00583060382129,3.05119500595762,3.05646878593794,2.91935779656168,3.05405635054303,2.84842695684145,2.7943045696832,3.18283387830887,2.95089291587623,2.98136981183921,3.12919698278282,2.79883026887561,3.11911114049466,3.15920308189573,3.07397442789058,3.07961735215947,2.92171485932015,2.99785500278488,3.02330230335045,2.86207315445567,2.92476538262359,1
2.83115594147399,3.036599215791,2.96097145378879,2.89077422901715,2.98589633551994,3.11989925527221,2.98197898145273,3.09918475677673,2.94455554303305,3.04612030269918,3.03446074715495,3.12625096152945,2.78063070090089,3.14162802796324,2.78015966977344,3.02572073161251,2.87351478844246,2.98523635288577,2.87834095535463,3.03599990405362,2.93207620493757,3.0581527481261,2.90354728022466,3.05034496701511,2.95992785272287,2.90417269249711,2.98617194667962,2.80466340365967,2.90314038490324,3.01736002611666,2.91829315243339,3.1134039587128,3.14679022604618,2.99319305746244,3.04264725458703,2.83239512291469,2.99114341922234,2.92283882672872,3.10459757100166,2.95269670411652,2.96127535654023,3.00191833511955,2.83541909777387,2.96739071218721,3.13302700653527,3.10519190792243,2.94922239134743,3.08844437774763,2.96346413214085,3.00191433433673,2.89442399585514,3.03752578389398,3.04642979216888,3.11050295359,3.00958642842415,3.07140505182887,3.03713405309483,2.95005570699306,2.74936350693356,3.14409937610681,2.81141460734367,2.79022943681258,2.90189915243823,3.18477357297459,2.98425860664656,2.98717990176401,3.06471179960215,3.33414055762199,3.02328250052865,2.97008538004613,3.12045416005432,3.22097139354871,3.07625862825673,2.81167445767185,2.96463748135213,2.89904916431076,3.02965672068242,2.84747853682961,2.9280573110014,3.06747888787019,3.01245953028307,3.1620772975374,2.96797612842482,2.9763477403978,2.94434043582059,2.99696638710628,2.89571323674743,3.0052284795964,2.8637749645188,3.07037302546663,3.09690786547015,2.95775221680681,2.96992837728025,2.94917930387074,3.08756598766838,2.94498070909326,2.93407264798017,2.95364078039581,2.94372455522041,3.09946537390618,1
3.06557531502065,3.20870172141576,3.01886775900643,3.1002052473537,3.01181714032934,2.86224424243577,3.09387433793127,3.15226030496065,3.05481185155509,2.95121771903126,3.14250955319758,2.89856059991626,2.86032382660102,3.12325128621574,2.75020001775046,3.09531409225447,3.18212022680153,2.91735492938624,2.95513779676666,3.05574275131484,2.93901064083944,3.03638355074927,3.12135545020683,3.10089895225594,3.13570513348004,2.92229023820152,3.04445191489866,2.98289070631445,3.0877510026903,2.99193168933398,3.03434773749608,2.95582267192489,3.01495449349831,2.97819131628379,3.16555344926085,3.08844262175052,3.03864603058646,2.77275466227376,2.93978777669253,2.93115858147428,3.22602439585686,2.90018190202624,2.94165415288265,2.93647905101855,2.94962137763771,2.91218095076351,2.9946367044375,3.00708821101991,2.94681755731456,3.05558314556216,2.99074322870035,3.08226726279942,3.06927598192302,2.97806301718777,2.92389735291379,3.15392347006431,3.27290255059081,3.01843194729488,3.12158359711132,2.90018339378648,2.98018121091577,3.01639315603022,2.99864914392556,3.20736100524244,3.04185433574266,2.8901651730424,2.92369552849457,2.98706807052187,2.97655081022059,2.83565394060037,3.03393966206904,2.88843956758238,2.89885078266769,3.03943000948961,2.9056531919232,2.84806272011578,3.05364434926313,2.94350020279673,3.00525357137367,2.86180758494031,3.06889276190102,3.01924252931249,3.03764453621394,3.15569652078183,2.93154524943229,2.82980791102311,3.04664646850123,3.07097226070427,3.15404069952505,2.87573251819247,3.01118812063739,2.75441922175368,3.02369346642573,3.25103768660401,2.84682827793625,3.07020090181644,2.97609434607124,3.0271438537122,3.02848606481067,3.02412904503693,1
3.11008768949011,3.10434898415736,2.85202950504106,3.09891723040336,2.84580769542325,3.02245814164703,2.8959459757002,2.94615080231319,3.12345302526003,3.02451601477681,3.04579327920419,2.97828165188085,2.97758578050109,2.90261806084278,3.09018037567041,3.09272306930073,3.13763234267419,2.8975249125819,2.90976340528484,2.81079086593014,3.03784633476942,2.79579702192487,3.03095106896675,2.78894705428294,3.15555873471819,3.08139173284719,2.81917739173848,3.15510149471016,2.98913460421209,3.01344535856412,2.99944141619344,3.12166315276325,2.95226514323792,3.02597306317631,2.88366643264755,3.02944294584079,2.95571934898084,2.93313208569628,3.02300134613965,3.06713621299047,3.05668244164426,3.09342520946784,2.89935694128599,3.03598730987931,2.86162525017977,2.98847436586947,3.19930388794821,3.05110656740025,2.79023987008156,2.85242495669908,3.1240526621688,2.9766935518282,2.96106024817341,2.9547713030789,2.93818072029941,3.11317351524197,3.01968990504806,3.18501772252002,3.13298531106511,3.02144098378355,3.14504908245559,3.09949020990746,2.84398408698851,3.12090842186207,3.02271655147573,2.88841213541665,2.96291520239905,2.96150496202481,3.06763011582951,2.91117911431677,2.94602068062415,3.10627369805703,3.07756674822353,2.92505654663024,3.06881745353251,3.13212467587137,3.14589020631672,3.15927548387794,3.14387217664123,2.79686493491882,3.02912080979609,3.00291194566503,3.19505685028083,3.06355471814551,2.99809236717968,2.86870537134867,2.89982382980818,3.06441214468583,2.87398042285597,3.00630704682448,2.83837761517965,3.17623052533581,3.01018742496701,3.1787013391097,2.93755130026208,3.00219842029578,2.92723965175252,3.09728759719265,3.00357314212254,3.01110856833521,1
2.89362417793019,2.98049216962831,3.09236457601322,3.04913560476016,3.13364706382701,2.83249616966466,2.99765481566637,2.93822547827699,3.16527650821153,3.00900201184527,2.8451322183214,3.06990118324783,3.06562437796401,3.05379513200231,3.21489403826662,2.9017022382913,3.09191323555269,2.82707529390616,3.14874604531781,3.12570997959382,3.02283412925043,2.9082725024195,2.87456409027112,2.82759642271184,3.00148506114289,2.69021219005486,2.91824718684206,2.9545606862509,2.82793679261976,3.00250926628439,2.87755409768005,3.02383972720846,2.93808187275615,2.94045647392639,3.08706412298819,2.92755567580249,3.09036803952106,3.00724701700807,2.96720369830293,3.23712572603874,3.09780861216381,2.96321792227396,2.93364896943697,2.92881232712095,2.8465822478542,2.95231012351577,3.09583535324238,2.90696566775795,2.99699099415302,2.69592521206428,2.84549109687299,3.00984112629602,2.86789296808643,2.98026866435353,3.1391365992215,2.94775460827193,2.93040809700585,3.11950163146449,2.95435753814386,3.01336512344104,3.15347497075773,2.84949780581062,2.8724117060068,3.01993112847863,2.99220529304976,2.98432314055565,3.05430939303555,3.07430084285597,2.92537989215413,3.13788973856158,3.18840925350781,2.99533020352624,2.93436868172454,2.98695844678157,2.93079038613386,2.83281912571624,2.97966175690679,3.12325907074699,3.06973494044257,2.96220380905095,3.10737293021385,2.85832567572051,3.1389448271571,3.00842288473802,3.04058768993988,3.08289226087327,2.91305352714742,3.0388676222853,3.04520755220098,2.91556497669764,3.17068758268671,3.02326977445826,2.9499445438936,2.95828216004281,3.00743151332052,3.01305532874707,3.01125743730273,3.10817915348993,2.95592498917759,2.93436206132539,1
2.93095625104854,2.95722730484481,2.93843581461565,3.05869420314024,3.12768204873353,3.14521221161717,3.06391995304913,3.04475553580899,3.08850904656563,2.9834602535425,2.9572960087852,2.96173578736584,2.86131566540604,3.04545991219986,3.24154277748408,2.95773638591831,3.02707432560138,2.95285457717703,2.95529088972571,2.90769324705414,3.1555003107821,2.95129258795862,3.00557865881041,2.85474290221945,2.96686756801939,3.03339531396455,3.06971074271388,2.98502554654349,3.17801615782811,2.87650598564776,3.26024640396211,2.88404407405186,2.87515461326533,3.03022369785394,3.06360012081131,2.99260209896996,2.8308508389662,2.96502660458864,3.02587860898789,3.15367270894219,3.06389697852437,2.97661564777241,2.93087842190332,2.98438030620263,3.11050316070154,2.98691748234876,2.93953073505406,2.76737669442968,2.96916206392142,3.09686570495297,3.06140735471509,2.82630471107082,3.11892938275254,2.89864242077333,2.97665725809788,3.01740826118069,2.80747628783122,2.88598026066856,3.09752920419871,3.01679182844989,3.06702510962779,2.79484786222061,2.97919476442463,2.87435949208618,3.05455860804661,2.89537796298347,2.8233877044971,2.94765555040986,2.72292067251215,3.09432346832188,2.98729808621925,2.98913626289574,3.02569445174258,2.93655279823435,2.96586114716728,3.05449935711237,2.99096768778322,3.19198415190772,3.11235505367715,2.91108122523911,3.1600053934576,3.04672912253666,3.08294073535661,2.8076963887309,3.0712245298771,3.0143004165018,2.84105969019729,2.87484067399162,2.90183962972983,2.85863436960074,2.94650523147526,2.94920078157501,2.88270697211505,2.95083827632645,2.86950221940155,2.90859812965731,3.02021118371281,3.01866289903909,2.86369284872222,3.05035632861952,1
3.02905456256203,2.80375863954503,2.956686332771,3.08127755641395,3.01070149275232,3.13524823038323,2.98931526769484,3.13866325792849,3.04896492280789,2.97064350240658,2.98376609231413,3.07801418957615,2.82547812239787,2.97090705601565,2.9999681105302,2.97712682255751,3.18621005285079,3.05025682981028,3.12567511985085,3.05777103453409,2.97237541859354,2.98135027206064,3.12388563316221,2.8923514715707,2.81359528180762,2.97924297375832,3.02505767934903,2.98365928116379,3.04360256562424,3.07966095246669,2.96674031037059,3.17273954214944,3.25115977945709,3.10621032154113,2.85206216147159,3.05596025399086,2.91676755532852,2.86026269455155,2.89614725561802,3.16779661700985,2.79292474544523,3.07801521826798,3.03989488644328,2.88808584085627,2.88559796449256,2.8388781774836,3.02732647508448,2.86119269112058,2.90596711555792,3.22216064339394,2.93216957596093,2.98261146462704,3.08128675457163,3.00983492010874,2.95194978326972,2.94522012888897,3.03667919978784,2.94472521642435,3.16008184680038,3.02551608643478,3.05576110940558,3.03507501038826,3.12732824451892,2.9887088871449,3.20324520884422,2.93565619061316,2.88389938829653,3.16199449047075,2.90887793548455,2.995013008709,3.02094242654114,2.84618503913228,2.97227694264442,2.9518036383145,2.91519458289412,3.14610290558526,3.0367607774497,3.01318340899258,2.94413518348049,2.81895557590955,2.94101983422107,3.01356492813023,3.1755475460519,2.90257643206667,3.01364361283786,3.05800921511582,3.00039407164658,3.08997912275546,2.9361143560095,3.19057052312913,2.89560069923638,2.86509226603116,2.92867882099433,3.05909609485579,3.1263054997715,2.88564615328163,3.08687828624349,3.09063525975271,2.84197063790385,3.17836557510613,1
3.03682646537864,2.82603538486383,3.09920999566833,3.02461276981322,2.86297899440218,2.86656140959994,3.10763786299647,3.03363632598586,3.14896644566258,2.97521275860402,2.80962919366381,3.16023240811324,2.84186893036452,2.94770874071006,2.96588679774898,2.77133844768946,3.05712008983602,2.92994036170512,3.18363735823754,3.02211440446729,2.96425250687152,2.74178663024427,2.94498535445169,3.19963590340269,2.94562759831704,3.12571453809453,3.00614982920704,3.03183997803482,2.86349774771495,3.04916044484003,3.03185926564639,3.12115027706253,3.1933997982808,2.90091640844328,3.05225829633972,2.8793850741779,3.04368221690998,2.9764240003163,2.97865528520972,3.01170613968531,2.87010883980985,3.01659817314726,2.93908013743261,2.91865196978959,3.03108127605306,2.79564585444302,3.05371531714225,2.88955896661123,2.91163311533649,2.96785193403882,2.93313516889038,2.85962528920353,2.89740639880029,2.98192772669158,2.85250440451272,3.12505217426118,2.97306589621807,2.97665610293191,2.92798603434801,3.07867972003699,3.02360524184315,2.97558517846352,2.84956345588085,3.02060166249805,3.0665570760495,3.07433876971757,2.87199468543652,3.00646153219604,3.16421455490717,3.02448383074492,2.98308863622353,3.11011716988417,2.91731046311153,2.85136872841196,3.04829267855209,2.93944017403662,3.08909648630108,2.95804410437785,3.04724191929547,2.78575310107145,3.10791142320981,3.16400503924186,2.89299737621234,2.85872098012824,2.90140809554108,3.04151658256856,3.04215105992894,3.05356947362396,2.89264265581966,3.05307199968988,3.16642616812379,3.04129030277502,2.94554692121348,3.10507585205374,3.15835703451734,3.00834660186379,3.06975021022517,2.96603547394477,3.13879443217921,2.8942909899074,1
3.07862676865261,3.11601902771982,3.07538509050804,2.94606909899189,2.9710806854696,2.90074353044945,2.89843011756141,2.94224765474954,3.04350365206443,2.93768691411375,2.79834086184307,3.08224088189248,2.98451270058447,2.80479144849037,2.97980346396386,2.94613938256245,2.95506144777557,3.03332085859886,3.00830265251473,2.92724738477331,2.93848824640486,3.03386206982417,3.11542769505581,2.93790073375018,3.01626261863809,2.98545724630099,3.19874505667128,2.87864499917756,2.89296577877139,2.88478757567756,3.06157807086153,2.88442271272128,3.09255417421139,3.13594205314692,2.90440153923577,2.94074955465834,3.06835031685248,2.82781973387893,2.95195383877428,2.97246110566026,3.106885686445,2.99523459876708,2.89144034608816,3.02392594647024,3.09569386278556,2.74734411618393,2.86934075376698,2.99518752176825,3.07069861716209,3.02108133486435,2.88235174100876,3.01129004021494,2.89873046364932,2.93544432797965,2.97851241573164,2.93020215423648,2.93631609306722,2.99839010575344,2.83268129361214,3.126172548241,2.97340758817994,3.15330830086773,3.09320504983497,3.03952558690464,3.00231693078123,3.16945575334217,2.96450376458833,2.97413239995644,3.14384593607882,3.13264044485965,3.02693858676218,2.89088201024565,3.03648587059113,3.16146183154516,3.2550998782061,3.06775069768142,2.99296431226828,3.07119774598944,2.83593662994663,3.03996799445859,2.94871881937857,3.09181070589072,3.05315090124212,2.94480432874146,3.09225660954134,3.04875268748338,3.05229951580981,2.9261762867968,2.98210770694829,3.15624227196733,3.04796931774345,3.15237229838948,2.87513360828419,3.17436486940066,2.75526049479183,2.86419351504575,2.91385014162308,3.17061347976574,3.05421638564815,2.93062914600155,1
3.00282897277949,2.92425045724368,3.01600142099214,2.94766295731744,2.97616425549674,2.90222673937517,3.0277705041841,2.95687710631427,2.99019195452761,3.07989040036856,2.9537702571181,3.09371997873836,2.91860400665691,3.0589833590828,3.06438264887203,3.06529322764078,3.02052087750562,3.10462743423804,2.92634524933708,3.09829685848266,3.14772321674388,2.99923491532767,3.19070353067286,2.6058192740773,2.90383156029076,3.03513088194052,2.95312575595227,3.03286196786209,3.03400554342164,2.97870300751977,2.88371995806834,2.99982946684664,3.13568714559175,3.16943386246056,3.07576837456818,2.86796569231169,2.97514187679206,3.06500992769739,2.86606947656827,3.09687948691245,3.1001034052481,3.10565520913357,2.96915446634894,2.85030630465747,2.97918133900631,3.03905799666547,3.04979639463295,2.97909356685971,3.0272954779883,3.08314712640523,2.90592791476146,2.79631118543486,3.00187033359782,2.81963512970081,3.02896886944592,3.10881965710038,2.8760533956912,3.15629014307982,2.92771726706647,2.79442339694599,2.86790058867677,2.76724756942939,3.05876864595081,2.97176116514922,3.12767901118156,2.94724941799493,2.87666650230103,2.92643599743067,3.0192372139683,2.92779812930094,3.16011198200258,2.85966636512549,3.07992479418821,3.2659242641435,3.05318080626943,3.05539273665071,3.16071341268264,2.92210499434569,2.96432544299326,3.01183653537801,2.95257328448907,3.08263740387115,2.81259295955731,3.12855105146981,3.14140507766755,2.96098035444721,3.11272158157109,2.92826866645225,3.00628910126964,2.89260027971698,3.03224243893387,3.01937216337287,2.89230717335821,2.9483594675286,2.91337702942755,2.99491453786324,3.05962051816404,2.99716888581048,3.04562605235116,3.05198348398238,1
3.08413054316975,3.13437192403593,3.08103825213628,3.05706372943714,3.01498119287315,2.92756969080235,2.9718135026377,2.74079740334054,3.06021617198095,3.03784534129549,3.01356739100827,2.98369508903805,2.97580832504476,2.80741431399614,2.82200380983854,3.09276503996725,3.00022915151968,2.95699799036812,2.95671225087108,3.12960283027065,2.97886111423268,2.94815486915034,2.94391283571778,2.98507647776391,3.05848137474882,2.99309937414087,3.16231502181077,2.87443732041564,3.08568791173111,2.80841712677768,3.03184413624158,3.07162292029472,2.94594278028621,2.96972788585466,2.88789779374672,2.85900224121365,3.19140619958786,3.09125679638345,2.86111989101026,3.01479109058178,2.94683783951273,3.07854909868541,3.09982262798648,3.08776434613057,2.89098864616541,3.20673245623394,3.07169453164955,3.0685222836097,3.06593720829589,3.03836620350232,3.06342644338122,3.07628306347463,3.13443566804013,2.84677684521761,3.07143596364728,3.02532888108355,3.23788648778189,2.98971629365154,3.03657805861794,2.87368398598487,2.86354430123422,3.02458191686119,3.15881097066006,2.9417715616537,3.17747881451939,3.19411890640822,3.19379678822211,2.91228546037765,3.09026715968395,2.94624489536091,3.12580919281644,2.93609615483581,3.02166827595863,2.93196890507655,2.99186810502149,3.09052647744821,2.98888925305025,2.99415403177971,2.89601186547486,3.13932919025231,2.81625559642435,3.03731680443337,2.93051842703755,3.10368511375219,3.17082308989629,2.829965182401,3.11775505108082,3.06390887444483,3.03493496822296,2.96207425827005,3.07434986495985,2.84490965651326,3.03019772510741,3.07038189764796,2.86077237850039,3.08507834532992,3.16766429575063,3.10034430434055,2.9811281613552,3.10231710334237,1
3.00200306029471,2.98315297684153,3.07711334765758,3.03017924669695,2.88528229217305,2.99119431618253,3.10423411931733,3.19841124678989,2.89928249335102,2.97661374501139,3.02641850347949,3.1060397731571,3.16677327861228,2.94880709131971,2.77917808771122,2.99751421917907,3.1425735806305,2.95426456160395,2.84079460815517,2.88613414382926,3.20637288293923,3.25102873611189,3.10541437087833,2.90197106978295,3.06886610444047,2.82046964952985,3.01247501269397,2.81795556007134,2.9154337562066,2.83521857511199,3.10390381657145,2.99249218531031,2.81290486628407,2.95159125153518,3.06036882271106,2.91148140258332,2.87774571118874,3.00705304540107,2.90977977223758,3.0696483908139,2.96222060414422,3.08541476272405,2.94655833744949,2.94134689633552,2.98896500799205,3.00651387969113,3.08433706146728,3.00703045301432,2.92687444287752,2.8905762479833,2.96401739854194,2.98090579503885,3.116774471223,2.95569431184423,3.24709758382328,3.20336190296029,3.0739013655408,3.03732253747555,2.8816213906578,2.95408710220441,3.05316699120272,2.97762359034069,2.97904156285905,3.00081392201699,3.05982199572169,3.13235748359576,2.97847674378348,3.03422817208333,3.16649916633693,3.0845675314111,2.88866082853167,2.88956909867655,3.07685295677773,3.11026820108169,3.13156349430401,2.88402149645263,2.85601426211538,2.95002493013616,2.97768597708582,3.13672472862418,2.89777894440428,2.95441847235891,3.06853557557023,3.05533699194158,3.02041424164377,3.03111011032902,3.06054688071948,3.16915748918884,3.01407763959111,3.00696994342444,2.72473729710872,2.96437295272561,3.11750399654819,2.99925470860149,2.95518215051136,3.02982048902231,2.95553259600917,2.98092843485415,2.96233651779697,3.16502936816027,1
2.98341142172489,2.98475188818837,2.96248263071092,2.96251357104679,2.85858449710974,2.88029561556564,3.04815275615215,3.07364138828773,2.7287011600887,2.92267095688036,2.95903703759942,2.953355417911,3.00146708019702,2.91657244424757,3.02102413920419,2.94695302560066,2.90460669168405,2.95989295620974,2.99399844272261,3.02969151172158,2.92566858472749,2.99685993724231,2.97786980172926,2.81513837042542,3.01598893163417,3.19791697506608,2.94698452903193,2.95215582710213,2.88168768847611,2.89366015278515,2.99686666169325,3.03037506232434,3.19842607499673,3.01765412259788,2.97130185433623,2.95084291564569,2.87162534562168,2.96637774081229,3.06378861469552,2.96077262950443,3.09484862894172,3.04420473799052,3.00298172557971,3.02078557674271,2.83457605863054,3.07038296032084,3.02447770302594,2.947544151976,3.05323811204647,3.05761275851505,3.12419038715074,3.15215196433811,2.73820275499216,3.05408736588966,3.13489262378381,3.04123456921648,2.90673337241078,3.23063892445144,2.98305897273825,3.05761042913169,3.00115496149735,3.12065226085507,3.00018315635132,2.91803297220681,2.97878068185286,3.03807004180137,2.84760204513695,3.07414872843241,3.07727653587056,3.04906258498526,2.99267741216771,3.22795184368896,3.07814177480378,3.01905374198718,2.98096512522918,2.82711782249273,2.90192022421326,2.96456764656879,2.98208141203884,3.10491732129238,2.88210132590351,2.85079770262288,3.08008267369129,3.2556988854645,2.90650793997578,2.7838146587859,3.07624165299687,3.08218910169302,3.04811084662916,3.08239499093619,2.9805903826199,2.96556079374002,3.02082575917457,2.95533393135973,2.96766705379499,3.07328552996771,3.04538898183955,2.99039309347734,3.37273532501265,2.85656600491251,1
2.85399253984872,2.90580300896694,3.02431505750394,2.93771536756974,2.94640548738098,2.8343628023092,2.97855703077963,3.06145056477914,3.08626143576282,2.93280626767721,3.0878603056842,2.88535941186338,2.8086712049945,2.99856760281816,2.85489871940869,2.83539424570492,3.13648647394189,3.14857359865543,3.16434171228223,3.20967088428674,2.91298185623364,3.11461310506587,3.12305499784533,3.10237301517428,3.02138433319655,3.10668900008375,3.01542465409734,3.02299113995821,2.99117692697325,2.96386576839468,2.877328966704,2.90776777448041,3.10744045052108,2.92582397911227,2.99421566365881,2.94277037128936,2.92899599927744,2.92310887232422,3.00489599859377,3.01957945138489,3.04950890012231,3.02685938840823,3.05287733655916,2.83875320087041,3.06057240174882,3.16238724247521,3.05461131086367,2.98365811054065,2.86507650195022,3.14110600328279,3.13960535887825,3.13466562790016,3.28588086906763,3.05524279060889,2.84033891732583,2.84479552850834,3.05848254295157,2.98380170921741,2.99611266684544,3.03051249369384,3.12826647294935,2.9637026793059,3.03680449866418,2.93663618613449,3.15409570158708,3.05249965283334,3.01446068601022,3.07423329656232,3.09958057079879,2.8864871179691,3.07942068066864,3.0722972694848,2.83801713045021,2.90829510373212,3.01367625593233,2.98391292985318,3.13647691564536,3.00717167190568,2.98174369011684,2.95374336029115,3.06004999145407,2.87741600899413,2.95867017929056,3.16377017972775,2.97923279657764,3.15141530566069,3.00139294594102,3.08810054183902,2.93505647279116,3.21546997707604,2.83186617676821,2.8707872264936,2.83196276936307,2.98756691363006,2.88162543648794,2.86276100703768,3.04418245798398,2.99686599970466,3.00309477398512,2.90377250577046,1
3.04994459264003,3.17492465663595,2.94554827494493,3.02751874403561,3.01502478828182,2.9999236610954,3.12159151789019,3.23134937537001,2.84378676780216,3.01249769658016,2.98769124850873,3.0715570223039,3.12555515947704,3.17062329100553,2.99988828191809,3.32283201449433,2.98474930603153,2.96470821046741,3.02756593620035,2.872186661579,2.92043263766708,2.95804112935356,2.83467009637115,2.88081989215274,3.03309852376204,2.87179280081894,2.96241963526579,2.94493293489931,2.95900518154883,2.96521477736679,2.9538158338616,2.79278217568204,3.09121978365009,3.09236567257537,3.00653336056218,2.89910862124391,2.97145482779469,3.16737659069044,2.79255738788356,3.14164902777588,2.95716045402054,3.00024653511215,3.01295588983158,3.02038609234704,3.07732728233451,3.1019457486085,3.04777180422625,3.04523774551629,2.94675199255347,3.20461871186342,2.96917149955776,2.80883961945824,3.1999357022744,2.87443025739534,2.92327513088742,2.94303575219985,3.0475641493553,2.94600347994829,2.95614540726234,2.86143556775275,2.96955536503555,3.11841246421529,3.0440096338784,2.79900821494451,2.98011493621661,3.12196599202764,3.11181045370623,3.12072911205635,3.1801812391663,2.98181441619685,3.06319011111782,3.07571073643829,3.0304978192035,2.92621921778816,2.82115857672846,3.00837296294205,3.06379115665416,2.99030742018831,2.97319208145132,2.91212846384611,2.97706461265791,3.06857114171132,3.08660172300374,2.99333356763179,2.91264784103174,3.02517081072953,3.07672094766642,2.90123422448194,2.89016629591872,3.05853762077632,3.05232088962082,2.99808515292709,3.05758343596657,2.98485694624032,2.94679635543854,3.01614137203353,2.91982440370517,3.15935197797483,2.9488409032906,2.86969204051866,1
2.9786756604327,3.02754355202332,3.12711056945221,2.95671017271401,2.88800969621531,3.04606429088554,3.00680059937551,3.00773907567049,3.01012645534058,3.07532232899533,2.95953902664111,2.94796783880557,2.91506694264047,2.88549112988764,2.91363466375074,2.88126452742,2.98481099568549,3.06832568274057,2.93526034760771,3.14920922545615,3.0764850148956,3.02593669193112,3.07638379575931,3.02689489368217,3.03411740576609,2.99665191231705,3.08776218620534,3.15663113035449,3.18876112688052,3.09364895398501,3.04346747349161,2.85796470831723,3.00093931855775,3.03746023421685,2.90013660327879,2.98419552155726,3.15310873606856,3.20797123149105,2.86253190962256,2.96268861157068,2.71442922529321,3.07994668975551,3.05951315145222,2.82213107442706,3.01041165197224,2.88415160440109,3.02202044864879,3.10406251522698,3.0335317184093,3.23399685306253,2.98972020885702,2.93666971909329,2.98266606605508,3.0933403791804,2.81398642640755,2.97923485950587,2.9333047381846,3.05499862937651,3.24472512449978,2.95015718090383,3.01044017269363,3.01408450455312,2.87789735051761,3.05960385580056,3.09616743583705,2.92979043112951,2.88773775043159,2.96303762314904,3.15413587123235,3.12157883044989,2.90837053668276,3.00073563759232,3.05646715301939,3.09743889971649,2.91404111573831,3.03682341179416,3.14115874639269,2.91095649185321,3.05662771210081,3.12714213374208,3.01727802946207,3.1449591007214,2.93004532352489,2.83859433155742,3.10356851581024,2.98526814406622,3.09077564167002,3.15887680033295,3.14011891114379,3.13265325757822,3.01555450832125,2.901014307833,3.17731968488697,3.07722450573136,3.07419388401692,2.96977486775892,2.96602884075049,3.1063570196622,3.1982633393768,3.06095349997475,1
2.97720708827849,2.97464901649034,3.12885382277116,2.90749693796281,3.05522048716526,2.98292944001346,3.07979422579433,2.92525371912345,2.96641598216153,2.78399437907884,2.95424031743172,3.02819875498588,2.94063455805518,3.1694681801892,3.00613568814732,2.99640204599568,3.04678817877659,3.03826801989792,2.83357720836043,2.82451536048471,3.11851778455537,3.0666212591009,3.03767216885213,2.91467336064321,3.0185780149877,3.21974540526343,2.87175353248839,3.13763381999459,2.87461046683759,3.27720015921353,2.93013597024241,2.98011235919799,2.94584696572826,2.88806882779793,2.95799803238787,3.04441814256569,2.82854914857898,3.00394249762363,3.17037280524911,2.77093080855786,2.92548960479165,3.0987584066879,2.94683884980295,3.00602883255836,3.26357575501161,2.95245103084509,3.05775773581634,2.88490237664589,2.98488985176474,2.92657048252318,2.91965522063341,3.11137018560322,3.08576226929427,3.08519240409452,3.01349812119811,3.01827329811778,3.0651594864121,2.99659949955095,2.94772139824413,3.15157587665629,3.063320310803,2.95422036959851,2.89832528845074,2.97070464487863,3.04552422924541,3.20555615443213,3.08250013359907,3.01634278499094,3.22511719213278,2.9842322668328,3.04402393626712,2.8353681882545,2.98198246195025,2.9295612999965,2.86244426301793,2.93281015904737,2.98429602738926,2.84148772909162,2.85868526550363,2.90831805837099,2.93102124950293,3.11238511391514,2.90591459743262,2.87207290970979,2.9996106774561,3.08715490562696,3.02695145903119,2.90666863266204,3.0363906650238,3.13298787067634,3.10779501800634,2.8882378482472,2.93901758164968,2.98862461230641,3.11863162134443,3.02309646705471,3.16458563080043,3.01106949429751,3.2123781259383,2.97085570312442,1
3.17309534060623,2.90041505870255,3.015640123818,3.00156337369688,3.07244245565816,2.94564973360716,2.90961074922157,2.84720415420092,3.05754249462994,2.99063854088097,3.06019056490007,2.70380347045174,2.80578618110014,2.82314282903423,2.99138597004349,3.02783706337952,2.9314386418985,3.04324672209783,3.07102915398001,3.12178253689817,3.02531835895887,3.07841606403171,3.02498993660945,2.88209970182251,3.14162868078179,3.05916708573817,3.18872140632923,3.16398148861494,2.86965740196783,3.08917578198353,3.04063579108972,2.84193444135167,3.06190787169832,3.085828213496,2.9649072268504,3.16987720828233,3.01947904845706,2.91948766218058,2.99079325324118,2.91756756178626,2.87751611790213,3.02318535496421,3.04107751744657,2.87577594539001,3.10297179313649,3.01923260087812,2.85852658981137,2.84336356976068,2.99971197952211,2.94331337947729,3.01778674304516,2.93992835111396,2.84407099644779,3.06186933667201,2.88485870897002,3.17875300793642,2.91050262805195,2.8533247957591,3.09224208527959,3.05797296885616,3.03390746877502,2.89914964028437,2.86260187636337,2.97201901419437,3.07462782187354,3.08066633425804,2.92298862227931,3.0169686022843,2.96863392743988,3.01162397749855,2.76847637578834,2.90274357112521,2.97018231638042,2.95152080859865,2.9194822020284,3.25108508456568,2.93132466624817,2.90047734204619,3.14686434597695,2.94982775166264,3.09555874692454,2.85801548273792,2.9019531764646,3.017810426971,2.93333927583797,3.06445919718633,2.90206337297464,3.07368376607589,3.06998676688236,2.99893813208568,2.80261315720213,2.80921576562424,3.08311242721268,2.86202121959309,3.04882624156437,3.0027704408834,3.12716702132083,2.93950757568152,3.02471046972041,3.09447947665546,1
2.84412374612335,3.0600680597809,2.91716677084922,2.982389793845,3.0495796352004,3.03962305287441,3.02838437962311,3.01247165120381,3.02368776451102,2.92138215060886,2.89684722555797,2.94282278476592,2.98176123193013,3.11624430024717,3.03210459095196,3.21832184215096,2.85324625041918,3.18549169778701,3.15731916651076,3.058301699219,2.84074967171742,2.99324149346832,3.11417750468759,3.14372381047656,3.02051857665987,3.1164214128099,3.05896576511492,3.08547705249885,2.78009992651655,3.0413690066202,3.11573041129647,3.06337124623991,2.97799356394551,3.09401152274686,3.164573510078,3.04347349119577,2.99622962680356,3.03892084535142,3.15487869551671,2.98458789562454,3.19336219872104,2.8291988617462,3.09568548071661,2.91683340674744,2.91758544691269,2.83248581157635,3.08144365858654,2.98401847408582,3.04489472042038,2.88068175639334,3.00117291586741,2.96142867859212,3.22076836165025,3.18559944765978,2.94998064468003,2.85808376985097,2.97545888264115,2.98050382407775,2.97219220573129,2.98179586635535,3.12540686904909,2.89150928726552,2.90018923484231,2.88027780913714,3.00499122780815,3.05655328814568,3.04085146570518,2.98675689256484,2.84497981352842,3.043631576587,3.21068057709297,2.86518911712542,2.77907422712535,2.94773775047836,2.94927927778102,2.92996051350171,3.00923958473133,2.9729619939446,2.91746444626555,2.93159680806478,3.09953099743949,3.10312881595608,3.13345633021796,2.845772015762,2.85779328207337,2.89414410149613,3.11868659107023,2.95908280883409,3.12140909596782,2.91437294451453,2.93655746448959,2.88373005379283,3.01494996408765,2.93895166189418,3.19454360109674,2.95944277800016,2.96062583686443,3.06084094043313,3.01887607979152,2.9219861735457,1
2.94900416720831,2.84972492478486,3.09084580750453,2.95417413501277,3.02952349932205,3.05467185049946,3.0213203365816,2.98209319876462,2.89984740032175,3.05778395002588,3.12967615167289,2.9858641479784,3.02935180075199,2.99528670918214,3.1749009131871,3.03658238414497,2.87394211326919,2.86610878090438,2.94411888724623,3.03343922944782,3.1757678441044,2.97763182017637,2.79366435126746,3.10908345751233,2.96844961942588,3.26588853779485,3.13335317658185,2.936633812984,2.85629340244462,3.09304999751768,3.15867528752112,2.92382849777882,3.24046745920577,3.10758344964198,2.91987068986605,2.94834684683476,3.04071564522771,3.02740946329568,3.06412729125154,3.02145862391757,3.16906673683055,3.09184406382345,3.00358145937606,3.03085136118302,3.02245876160051,2.93430340946748,2.93263053765989,3.20842175756672,2.99351703090225,2.90019694138736,2.83729974699501,2.98457791320537,3.00298907541337,3.1718577366106,2.77499041737443,2.87096693498022,2.94436182758083,3.09877472567644,2.87440499124559,2.95289686085506,3.03771588132967,2.93820683642507,3.01530390452041,3.10127427590118,3.11743742370808,2.86880413844415,3.08522415642293,3.00900421578415,3.10727197566298,2.86529580868629,3.11376241714245,3.03519325306231,2.89850727793941,3.15149757500698,3.03779394432844,3.06460779832681,2.87215064235293,3.06962968871488,3.07237948246173,2.76892800639552,2.9491784653069,3.01645786852129,2.90622462979465,3.03723838568476,3.14852299535434,2.92909855627084,2.89172664521557,3.16496037283373,2.91472284692772,3.03469042605418,3.22085778996574,2.97954057057014,2.9616833287926,2.87438177369215,3.00118488374714,3.05609711268244,3.02743664496145,3.08853306711719,3.04027557825318,3.05688060354772,1
3.11917353665347,3.04955794602427,3.01842176866215,3.22796266977689,3.05083151574026,3.09296553066952,3.12517491009255,3.01751986893548,2.92425270653715,2.98493274661636,3.06985042397213,2.83412903148925,3.00059547859299,2.89368104929602,2.95706544216985,3.09920695242038,2.96366022083314,2.95660231467237,3.05984385942719,2.98689465549218,3.27232376874213,2.99087686638178,3.08904344810965,3.3113707495622,2.8933123598011,3.05500822287907,2.99406907385659,3.125231921321,3.16425869371869,3.02381555355356,2.86822846149847,2.83153558559629,2.92024867948065,3.21825989680877,3.00583688306054,3.02801158795494,3.13379548495685,3.10800065968253,3.09674004956917,3.13452173977749,2.9718552202775,3.14741651681852,3.07627620805291,3.13822385288852,2.95198533624481,2.99482640867936,2.83964065038149,2.93944728120872,3.03390857142923,3.07666612804043,2.92490670885975,3.15535568551816,2.98768141563413,2.94502298986931,3.05270156243546,3.03079678742704,2.97222121838452,3.09650229296532,3.0101550845621,2.90989401071665,2.8636254717315,3.10434418024677,2.93248386929311,3.02430208819708,2.69601581740281,3.27007159995332,3.04212026775422,3.06784157467011,3.07149044935447,3.00307729468552,3.00367196931789,2.91719785167364,3.01767407846279,2.99876661957728,2.94368812219631,2.9981897409768,2.95932514822279,3.08193241690781,2.93175798892133,2.88173135438553,3.03910818543948,3.02212158616853,3.08759000450455,2.98677596526298,3.10787444766442,2.95645224017915,2.97734284101348,3.11214696956225,2.93524615106352,3.12559763327481,2.98152850859202,3.02620297650906,3.07546792724041,2.76256425285716,3.07114429329869,3.09983267088516,3.08710885518089,2.91315845649502,2.86138760573638,3.05897704393733,1
3.02208219280457,2.99626078621634,3.22047949680328,2.86482011793659,2.97308117998173,3.11607428281747,2.97864369360634,3.08177915244272,3.01546198026018,3.10142949470141,3.01241658780681,3.05149633864144,3.05617798033972,3.10859323298383,2.94433315973788,2.94100457662008,3.13568625988789,2.83494231149332,2.98375666308561,3.02469301669309,3.10465818819119,3.18115308147031,3.02853274209521,3.04824567435909,2.96460496389346,3.07844467182962,3.1113880955134,3.00133210220455,2.96370041232268,3.15059582807309,3.12537524510586,2.99748285338699,3.02431090379424,2.88146803097241,3.00014887122933,3.10570675690986,2.83931434734793,2.89567474680499,3.0616285712058,2.9349075106763,3.03073121987213,3.01131717302462,2.9892424580705,3.10632860789037,3.01898445033305,2.97102921731866,2.90290794150215,3.23347954167529,2.87693626173591,3.00130104860536,2.7912991039952,3.13725448144957,3.0160408212153,2.85747505953435,3.00742065585601,3.18781988422528,3.1251228644774,3.10555774805424,2.88598687956266,3.07957945681745,3.09986571404155,3.11759431302441,2.91437628669291,2.98568407024759,2.99921506778535,3.05658285267395,3.21283172741752,3.09241903307608,2.8997076578576,3.20534149209387,2.89300449212613,2.95462042699054,3.26665563357338,2.88635931688329,2.90483175885289,3.01786659888716,3.04035092679178,2.86323527031773,3.1019297924893,2.89142336767314,3.15676065846142,2.9757259487923,3.05260305666938,3.02112668626367,3.18698208996152,3.06520613207522,2.80885658251641,3.00831222687288,2.96470893292288,3.04286856274486,2.77555527406533,2.99636793652338,3.02167145158904,3.15627819349604,3.06203014330734,3.08904492601954,3.09949540120518,2.89680149220698,2.86376600850404,2.99471744474468,1
3.08219464996547,3.12908687790109,2.85995340931321,3.03759751257225,3.20992846839634,2.95138646861724,2.93971023036661,3.14261203278324,3.07465498503315,3.0155992265338,3.06660412765015,2.94612928165246,2.90968294052868,2.98607049962219,3.07479648826036,3.07624116935376,3.00558963902499,2.90640108937681,2.68889109961417,2.90147584599936,3.13681303419191,3.12669216716106,3.08216580484367,2.84521559026045,2.95093351007523,2.87360487123133,3.07054055559549,3.00002335367374,2.90875839694704,2.89848450044168,3.06725786920193,3.097534061494,2.83221709023564,3.14747578747022,2.98387329072669,3.01066861221245,2.99226733950728,2.80413118879643,2.88222782560337,3.08705416632727,2.96887077036461,2.88327423123035,2.92900406756784,3.08260475931191,3.07089417756974,3.06172225998509,2.98183275870037,3.07889952974493,3.04966966083525,2.979986547267,2.94630565128986,2.98248775393499,2.81262759980812,2.87082785970447,2.95059664512801,3.03311388601133,2.98591179557353,2.96051531536947,2.91935613290676,3.01328400548817,3.12238755621986,3.02500885554291,2.9200837264706,3.00726987546265,2.79326016668189,3.09027785607663,3.2418169328601,2.9954974669331,2.86834036700525,2.83879802557723,3.11321750588047,2.8853552301843,3.07188533446547,3.00326456464578,2.9099961768522,2.9037985929601,2.93422907465464,2.99768564519215,3.04237552175257,3.19648572614829,3.08975420343308,3.00431737389957,2.86447924405664,2.94507489626992,3.07231132797887,2.90669184133312,3.04944275101354,3.06853988693157,2.86595597026876,2.81319770844496,3.02755916709199,3.14595362070012,2.91954922480423,3.21288304688545,3.00211424548311,2.84698237405622,2.85904222958375,3.07579598343147,3.12841992553961,3.08398068846258,1
3.03145045953783,3.00750610487012,3.00217060608514,3.06734770144047,3.01874721614018,3.04804176123633,3.0725925209831,2.85812000374205,2.82357048885978,3.02901464803612,2.93324793175021,3.1133224385649,3.16098492538668,2.93647702262466,2.99119424712511,3.01776690230671,3.04218557310223,2.89889877939636,2.92675984991537,3.00195896310465,2.98159120132808,2.93220070441398,2.92052560355104,3.10952144148784,3.15784861173825,2.91216045792341,2.87081318635892,2.72607295229446,3.05834743726935,2.99858961084337,3.10835288760801,2.77738166338396,3.05311193850456,2.95806943350752,3.00582094026427,3.13683684265186,2.93013352372334,2.99156465498301,3.11115860337736,2.96151293883802,2.97544140177866,3.03428630709852,3.03628407988079,3.0818099823652,2.8207680193591,3.13590293199408,2.97526667382587,3.09679519393907,3.24866621468736,2.97037722178659,3.02588587220171,2.73525183581329,3.12672947661699,2.94802278899832,2.84842271085666,2.981626639192,3.06759778341489,2.89597752102362,3.18407871349965,3.05049020062993,3.0993309715968,3.04013509679974,2.90853702249629,3.04666907131244,2.97441967458482,3.14660888948919,2.91924208312499,2.98302603032541,3.1625634543989,3.09928028553826,3.07165159975248,3.12989461549531,3.05271617286514,2.79651454939081,2.88851864464765,2.95061634141357,3.01166281625143,3.14067288441096,2.98837154764678,3.23464869038379,3.04597934081147,2.89086442063266,2.98740218783344,3.16050522909725,2.98641226722113,2.95318410835039,2.85143250122926,2.97811026958063,2.89962139006163,2.80230332123557,3.00424221084495,3.02878292557169,3.01757605394086,3.0814947976286,3.0806427168784,3.01577731462755,2.82718540477736,3.08785602951459,3.06923979493589,3.07071871419603,1
2.92090521282677,3.08411211093917,2.92206949903734,2.93659416548029,2.98648337639828,2.9688334338771,2.74987436741189,3.12213689692447,3.07886812603262,3.04115013618674,3.01062507243037,3.1528712525484,3.05803100487399,2.89272111627885,2.87636210769576,3.08354081288886,2.9863253583953,3.17045715150674,2.94810572002558,2.9596216428963,3.18727579551558,3.05479046637938,2.77013145926053,2.88793504258312,2.95884774757479,2.90398890270761,2.94597997602369,3.07415143798449,2.94864240831009,3.11946395547048,2.88992656428904,2.93804710451626,2.8976572836826,3.00840946134793,2.97718929598537,3.05646628527696,2.90431772719934,3.13860547572188,3.1900137369816,2.95335492554621,3.04680989583145,2.92262336053093,2.9314577817101,2.95566672930861,3.00144017955404,3.02874039728147,3.04157062718538,3.12616118424036,2.96382810822278,2.90204051789604,2.76499530513686,3.26814188369608,3.2183597535568,3.05021627435618,2.7640846379186,2.83593437008568,3.05488908755722,2.96196095293561,3.05433285818081,2.96449832572167,3.02958181643698,2.91380343634368,3.08573682865037,2.94103621088939,3.00273809126532,2.98428297562926,2.97023194118554,2.91610760135241,2.99002598161196,3.15605633538415,2.81698684562622,3.05433059437588,3.17078257376036,3.16505225683789,2.94620112810826,3.19478550950433,2.93218574243107,3.03327127065582,3.0960209052884,2.95279775785335,2.9450028440303,2.9573158090441,3.10957352717231,2.96753347794716,2.94471975839068,2.88140084767361,3.01141225633325,3.03856095926291,3.20204803529035,3.0593826549505,2.90937498815481,2.96631902952176,3.18585037438041,3.03658323535442,2.9422822871192,3.12553785027846,3.02705568338564,3.08403681874925,2.86793160182372,3.00436673689068,1
3.15244343805652,2.98924797573113,3.1071944039288,2.84536913551742,3.05166846927617,3.11173600140269,3.06320360462789,3.13142193106386,3.02571291663751,2.95511034748161,3.04061213013237,2.90366442624846,2.78280549183509,3.08940459498383,3.12371334373174,2.99954952328049,2.96014254466408,2.83545970266218,3.03166247499658,3.04405423696635,2.92954891545694,2.87072678157224,2.99632878100541,2.86786987929515,3.14391599720393,2.90636428571986,2.85673727703324,2.87959866804412,3.0398174769769,3.01816251116286,2.63110213735486,2.79439287552658,3.00872263056492,2.97758701318213,3.11201862133079,3.03030361006029,2.95850771029605,3.04919455391567,2.89307641148438,2.89913692100969,2.99234502842349,3.23321778955193,3.01154824966294,3.06277981853344,3.11335491326856,2.99052292146735,3.02286672146713,3.08466195216943,2.91568482990574,2.9857719473374,2.89771898454196,2.90828773355801,2.9307047422517,2.95141837993917,3.0495588618891,3.0525661533624,2.70969347318697,3.18994869391569,3.07183588747998,2.75054480456306,3.0839689408806,2.95736574074585,3.11716221845788,2.89815418094088,3.00216788272217,2.96315953824699,2.98642537749027,2.99289687229063,2.95179785270322,2.86848737364357,2.91145676829429,2.93207718888576,3.01344071606322,2.92239972416528,2.99724011642751,2.92020443680715,3.04181612617118,2.99692268451233,2.9451262412965,2.84469419564504,2.94826246518076,2.90163189775193,3.04318769905899,2.90023399137367,2.93496397408346,2.97981714296403,2.86597966797272,2.80463818524459,3.03877951582083,2.88366442884471,3.07216291911126,3.08891473227419,2.99392422563908,3.09920005096059,3.06737465281615,2.97604899973037,2.85339213077293,2.90418774293258,2.95970359364668,2.90614808106031,1
2.9605516576396,3.13908516668602,3.11187724064039,3.19471973881861,3.11078300967159,2.85048317957018,3.15823484371016,3.11730442039124,3.1751488859737,2.99831185656648,2.99778614738165,2.94710096929856,3.08159393404268,3.0588348520616,2.96999798998577,2.89446876552674,3.0096163560077,2.96925438840104,2.81244750033796,2.815449096676,3.11905378142087,2.95641675309604,3.14634126830757,2.89849072668566,3.15352949100166,2.86900231859277,2.94037759199517,2.97213010069672,3.10848050570023,2.83277511504369,3.24571356810404,2.9638541689313,2.85025898576795,2.91174753751105,3.0450212655674,3.06344279563157,3.21437368577187,2.95910598021583,3.04134404723522,3.01942824441958,2.94693721466362,3.13112610560945,2.86739620616812,3.03919340052902,3.14906884577761,3.09404844613526,3.06964910385004,2.83016737953604,2.99582224304649,2.97730728112754,2.92357099675179,2.93787934990302,2.8914662004979,3.01158294773396,3.05916888133735,3.09313476700181,3.06094781727439,3.04465391075079,2.82351900170868,2.84420788380623,2.93508340170695,3.12296016702223,3.03186932368047,3.00560798366612,2.88918733036286,2.94150530952865,2.99945696386775,2.99127232392699,2.94990714355305,3.14219071809696,3.10409298572817,3.01808039872178,3.0831702398931,3.00355858892122,2.99205033086677,2.9312544611696,2.95238536846231,2.9951212625247,2.97935119034299,3.06864576423149,3.03375024402542,2.94799271906333,3.05662468078288,2.88177705127079,2.97598801654135,2.94246342943075,2.96406408379634,3.10336057818471,3.01780663934287,2.97336043138885,2.91533980932368,2.97663868589568,2.85875751681098,2.89236228728828,3.06926717518724,3.22195036996244,3.20051718273033,2.89211634014894,3.16994373667354,3.20462834319387,1
2.98101656697639,2.89337064032528,3.06527143138125,2.83578716778758,3.11053277527026,2.89031134428127,3.12769575102897,2.97139637542911,2.85554657619682,3.05311453613717,3.03077762688666,3.18548586395341,3.17232192732141,3.03803934105886,2.90340328272201,3.12097794108817,3.1501565357787,2.98311969447561,3.01494414879908,3.01246928351448,3.03100106891437,2.98325649839669,2.93939206653809,2.97302380846138,3.08180474016505,2.85018789937039,2.96929634045466,2.81051522031884,3.01306907991729,3.09104882295464,3.02454914193554,3.22086272249527,3.00032718631577,2.98832254622123,3.13269416796713,2.98831533353138,3.053460499115,3.00796483472379,2.86529020173823,2.85169250100936,2.83588514895667,2.88583415882335,3.10722481174178,3.02930003753509,2.981746426553,3.05887786077398,2.88334767129576,3.08642738843478,2.8802835066782,3.0129867142891,3.18460256334733,3.15295434816306,3.08529483246367,3.16536738636793,2.8653404492532,2.94378483064271,3.03557254954202,2.98178255547072,2.8341172140362,3.04855384072442,3.14281025023236,3.04779502594922,3.07692062552998,3.00684809626499,2.98861118560532,2.98109324123059,3.13083170316222,2.92538901793863,2.95643226946075,2.991553923251,2.91788021501813,2.85565600730299,3.12194499687577,2.92624483648134,2.86386642856125,3.08042820658902,3.04583631580025,3.18943424173461,3.05338798204545,2.82090392085003,3.12927852886405,3.10018143757684,2.91686575687043,2.98282460213529,3.06268950368619,3.01372750949561,2.82520164754391,3.14742259462662,3.09143126055687,3.13855391229546,2.94277220345186,3.1071607112828,2.73306037463393,2.86724420733081,3.10326060956215,3.08824133625277,2.96900602498759,2.99087441997973,3.1536480128514,2.93264872760656,1
2.95371539865329,3.05012225642724,2.98839070019447,3.0900666151716,2.89665139915154,2.88218408478594,2.98866726072611,2.89806858659713,3.05441534607096,2.84813130211429,2.98563566896891,3.00397079154155,2.79184242832201,2.83355465673879,3.03540185203854,3.00834113110147,2.90273663632058,3.03954469320729,3.07440116259848,3.00384710884526,2.98484130738944,2.97450582917271,2.9914448083195,2.95750467127096,3.13561224829965,3.0339389483617,2.81776398419441,3.01115088962306,3.01558564407495,3.02589046859365,3.253524272646,2.99680650860829,2.9990565258696,3.02259239689799,2.8544096217674,2.96032780321333,2.89395387374013,2.93222396135168,2.94396446413063,2.99157803315895,2.97050197763094,3.01292301651102,3.20476139845127,2.84692466131284,2.96885905806223,2.79283340734275,2.82311922451899,3.00106243403687,2.9223514003291,3.10255765937878,3.00586210847747,2.79585927314022,2.93670054321515,3.07488450180471,2.88038155107867,2.98978767407411,2.82013653527192,2.9427443754384,2.90672741604669,2.9672681798404,2.93571816377197,3.00127388378443,2.87616885920408,3.08314016225709,3.01458915667909,2.82218870786573,2.9719996674738,3.1508918606986,3.04551622453591,2.77393013993876,2.89528823786541,2.98684892752911,3.19373838590951,3.07944527137318,2.82023028092854,3.00394241449255,3.06541811515375,3.06931066484276,3.11607274789173,3.03553816026744,2.9647417761912,3.14124620615323,3.02196137137868,2.90987667872871,2.87024165459129,3.15850569700088,3.06371850769088,3.06591905732775,2.94286970369914,2.86025372106026,2.8332119948197,3.13122565070697,3.0785312494847,3.12716716580628,2.94777070870405,2.95448281322254,3.02261246213331,3.25535893570579,3.18550197348247,3.00561823764627,1
3.03022341224332,3.03244788983883,2.86721422609656,2.91489180950648,3.03833171999507,2.97866238454109,2.99694188129536,2.99296035606839,3.05408092581176,2.93140713446041,3.05934714272802,2.99708590170576,3.0810608465143,3.12910111400412,2.8176964755906,3.07757564398552,2.83180258827315,2.93237008178485,3.12720815941571,3.02411107791549,3.02352877061015,3.06106562989594,2.87781662970179,3.03771547477863,3.00271930186215,3.06177091380532,2.95040440549189,2.92721962121297,2.92169117643963,3.14594554620509,3.03183020259645,2.98501843351891,3.0713173429214,2.95058892022105,2.95567086701745,2.82061556953707,3.0353970152945,3.0942706295122,3.25421784057637,3.10008020725633,2.91604062001862,3.26440710050684,3.03859358079655,3.11094392955173,3.01868955010285,3.13722300967571,2.89310234065815,2.82816665907542,3.19125517123413,3.0163184892722,3.21649832278983,2.81979367857728,2.97698134948716,3.00223312431283,3.05582481683117,3.1165901587096,2.83612012488047,3.1878984290348,3.07978087480921,3.08540235651073,2.89323337243577,2.97392572292312,3.04290145736568,3.06843368692256,3.18492972374792,3.01995848631074,3.01428267325853,2.98695731761677,2.80189154861945,2.911148882065,2.94604049645735,3.11419314058842,3.07992269977426,3.04802772900027,3.04685761139375,3.16095701501201,3.07939595348716,3.02316733874509,2.90244969935247,3.04723550364372,2.96829524169141,3.07504129681642,3.09957993987408,3.08569492650531,3.04876083752637,2.98209042310034,2.91930513638938,3.08103938494473,2.81587453825823,3.04006209337085,2.9096338721773,2.85118316232371,2.92941416275944,2.97613212234174,3.19409100191592,2.84409467607581,3.00217042313027,3.17608839108881,2.86074062705715,2.95984804254316,1
3.04467910705059,2.99843492427698,2.93564230296829,2.95892848295423,2.7726046331318,3.02979534460436,2.89869306287338,2.90814338147141,2.82341928154945,3.01534303523644,2.78913858162481,2.87786109269256,2.99623793632983,2.89568566397603,2.88997319046705,2.98047522506754,3.12751978549662,2.85399239295675,2.93424575080503,2.86026991906758,2.88505260666703,2.96012437125518,3.08476661374118,2.87742037805331,3.16699363400671,2.99456540275423,2.94349948193852,2.95967514930618,2.90004811879103,2.939675871919,2.95999467782624,2.9999682239743,2.94458280729762,2.96770404134945,3.00740670719788,2.93307770590438,3.04470046682637,2.96645896580462,3.21383945475801,3.09684974672572,3.06514357961168,2.92899409733336,3.03549452409343,2.94341989941755,2.83434000419063,3.06579369096188,3.19975707245342,3.13619791023297,3.04830116433985,2.97241006117824,3.02094795485244,2.94006100046247,2.86607014869868,2.95246373798847,2.87092716826334,3.14621819379601,2.99526297296051,2.92045026630386,2.89242394274457,2.86408665195735,3.08992198723006,3.15584885366374,2.84309967493701,3.24086246503845,2.97663970820459,3.00820673481744,2.95750354592506,3.08061315916947,2.98744741666514,2.86737051079413,2.86820037579812,2.96849300137719,3.08206614052265,2.99002711447885,2.82596770936959,3.12605547495368,3.12759046858742,2.81874572010405,3.03631499007416,3.08143676220481,3.03351925452972,2.89244880242378,3.21414990172462,3.02880776789431,2.7977741022754,3.06770102231765,3.09039010764656,3.06647411205383,3.13043829795637,2.84747372127,3.01543534214153,3.01109988633321,2.89840678566063,3.07808026089596,3.07970582668941,3.00081803484025,2.81431097347157,2.9888263732135,2.90324676145644,2.94362882666297,1
3.0573336331961,2.91611530000344,3.02601484616588,2.98109953666555,2.91888757526421,3.26078663302553,3.15853797533018,3.03888247362059,3.21934767094203,2.95339138060156,3.25376021164007,2.96787707589008,3.0420923111457,3.03207434805385,2.90159240189427,2.85501366676049,2.87140432916886,2.96427899028156,3.06769315046469,3.03065659821004,3.15333961067525,2.85680376512233,3.0481979153774,2.99807122205752,3.03667981648295,3.0769666906089,2.95873390106041,3.08795029107028,3.08646661762376,2.97452460365438,3.1503964258174,2.98599143120465,3.01837473548614,3.00928044037449,2.93531880498248,3.21193493982613,3.05192879383033,2.8988079972004,2.93275505314695,2.78351028085141,3.10996206881548,3.09451700999057,2.97758029183738,2.87931509933008,3.00351055759467,2.98980579353862,3.10250424402427,2.93469564410211,3.00539261693522,3.00946678006838,2.93336089692138,3.03398414109123,3.08224974551049,2.92609984542081,2.84472854420146,2.99252620930036,3.08387283023542,3.06941705866283,2.72271010096823,3.01690296441627,2.97196701564172,2.98621060046056,3.2458461864243,3.08108290516397,3.06381401602447,3.07584797722815,3.29890550237563,2.94720135733843,3.07931832940025,3.02986170749683,2.97341114010474,2.98218918273317,2.96753559849261,3.03211465156816,3.15713082707232,3.07349417639467,3.06432084359384,3.00058218490777,2.85172303324485,2.91784760896186,3.01885240424023,3.02439939901718,2.96757594069588,2.87391062913094,3.04033309709008,2.95677844752009,3.09897560954076,3.02325908976272,2.93532003654051,2.93708828576607,2.992767104638,2.75042561690542,2.96682267455728,3.05522430498657,3.12395447370577,2.94614382663111,3.08410440170927,2.85159014864493,3.13268598180645,2.84571906088916,1
3.09173349687187,3.07972720809363,3.041987423384,3.0294292667523,3.00263559828246,3.18098884366714,2.99547987433266,2.960382807277,2.96010675331698,3.12969366217017,2.96303245000527,2.89886573199463,2.87274980654712,3.11536245066587,3.02972818082366,2.9335792983249,2.97054188222061,2.97943449875048,3.09270846761221,2.99515473632827,3.17436110789246,2.87483208933613,2.97202433041636,3.13039979730553,2.99404680958195,3.11857839438429,2.80109843319346,3.0291651988382,3.09706114055489,3.0333870644238,3.07502095760553,2.99999343600796,2.77127121767775,3.09577413281876,2.99579970196818,3.15606869848399,3.06338434640374,3.16085560255,3.15205784477131,2.9559454067176,3.16570091651935,3.04709112135883,2.93046158030495,3.0034376620605,2.8536979814266,3.05233071055143,2.76812735004596,3.03826675226542,3.03411527401643,2.92884346001785,3.01160154235305,2.92172722847359,2.97819021152024,3.08460593522469,3.03640717798082,3.03065259947101,2.9953895855895,3.18472846073303,3.07228467735415,3.03343165126967,2.89679085891787,3.08095248565152,3.05338191192695,3.11279389312944,3.0090484540133,3.07667736852784,3.00793559183922,2.82869706146504,2.98206832145293,3.0818652978049,2.94071587326941,2.87436477905016,2.86880326274553,3.12854267631134,3.08394264873964,3.0202374322536,3.03564139511108,2.7986749924545,2.93776510342824,3.02471561204554,2.85476073131243,3.0868419457634,3.10370509849462,2.93251662735109,2.754956161934,3.00573188177564,3.04251772152382,2.77125139641105,2.93421637701293,2.91360288862597,3.00863202376583,3.09711730303954,3.27931285471522,3.07399659515475,3.07813791445728,3.03156383557805,3.16203412420177,3.03140970747144,2.88677877820933,3.13435985549461,1
2.92886209503099,2.75829446487597,3.01509338338349,3.11605928876735,2.93092673671776,3.14263803719967,3.14610436622105,2.91560089525238,3.13911242350373,3.1060619908667,3.00366507550729,3.02492886642305,3.127763103969,3.00400410768861,3.08465112792347,2.83770433603047,3.03637534117828,2.90940296809709,2.87754756528435,3.16814441648272,3.23669289764043,3.14801069517173,2.8510170240424,2.97043964104777,2.96146228124622,3.1659534422444,3.01248137123086,3.10361939430819,3.03607490029372,2.90306731243024,3.13461936973832,3.10349008087953,3.0463283849883,3.08649570409589,3.02222109963473,2.9224327853328,3.00294703487457,2.96516279480459,3.04132668276919,2.99639588699303,3.01937772163839,3.01726826018507,3.03824641881279,2.96410912985976,3.07310783194372,3.07892940455314,2.99848388092944,2.88319655198581,3.09050040543855,2.7851040016768,3.06680306562678,3.08208060419196,2.89094867855239,3.03060764132173,3.11297140785513,3.01713739442544,2.97374886370667,2.97523272012404,3.08296154311567,2.98263156116603,2.91208187720212,2.91122171414665,2.8902617858591,3.08923631418807,2.98918032293326,2.75313847432782,2.83839427002112,2.90102437805169,3.08085263698859,2.97534503489877,3.15546071401738,2.89204198379313,3.05476390141825,3.01801324065539,3.10807698511841,2.90312531013019,3.03633940525048,2.96608623728142,3.01719982532578,3.05916398311431,2.9196303381728,2.93702588523095,2.92086629513409,3.00548019639164,2.95971735501894,3.11463378141405,3.05602618288155,2.8970170178447,3.10123815545642,2.96540699065919,3.08639876118608,3.05294033246488,2.98016332641584,3.11047056553992,3.05922523524431,2.80323926603493,3.12761621058402,2.67511392652494,2.84906011664482,2.99291100977035,1
3.01531427163218,2.94598754319759,2.8963054753991,2.9474491474859,2.97489370886858,3.16803020951347,2.97831500402836,2.86788446990061,3.10563382596642,2.93512244363188,3.0488494085337,3.2251226188841,3.07309216605364,3.02488065644859,2.8191381100227,2.99386452671886,2.87357051987619,2.81505338998875,2.76215279659241,2.97800763870943,3.04060882383626,3.00998079051281,2.97902333515677,2.96339960119762,3.02897151454075,3.089627189522,3.07009566916222,2.89949377590396,2.98346043785221,2.9976694125332,2.83148117356124,3.00785915833179,3.00721444412292,2.72413427594063,2.9252632866445,2.87582051034592,2.92553812840288,2.92196670720176,2.8343699212375,3.05101386682112,2.77454966926829,2.84925870806121,2.87484464329743,3.03920396946298,3.05507503762497,3.07010206597506,3.12283038768856,3.2275355084984,2.94417722471141,3.07465114869341,3.04358670193716,3.06125013155889,3.0127673776366,2.96150028117807,2.93946715693552,3.13051279396159,3.060719856202,3.12602710830061,3.02027825378588,2.93903954656156,3.00277590914804,3.08282761248437,2.85003978491116,3.03880399522165,2.91345558660181,2.96798146576545,2.80696602076395,2.98004519846588,3.03926533497474,3.13351856318534,2.93819282110164,2.82574857519488,2.92663415510008,2.97748539483839,3.00952138399544,3.14677989849696,3.20893448359674,2.95718869809068,3.15698834444214,3.02603295289637,2.95784913972957,2.99032840950139,2.99570275491648,3.13664819409597,2.93580226054232,3.0195002540075,3.0727061916906,2.96161851128281,2.92793902101358,3.20141256108682,2.87032936627676,3.1192709076069,3.08332969451926,2.90990194671847,2.94518741578016,3.00730213949838,3.12851882599416,2.86162643261192,3.05607075545132,2.92468563702542,1
2.96628798004999,3.1219237863045,3.08614594350681,2.99267479581912,2.94880957009945,3.08020292846339,3.028671579822,3.04076261404325,2.94910413283636,2.97555663457688,3.20427072348175,3.1229195289072,2.97996592336868,2.88739582037681,2.98270004689734,2.91492750100126,3.05640830195634,3.09800507348476,3.14422924411605,3.19236243934972,2.96163284961339,2.94906697622094,3.23981902502298,3.03409098790459,3.16967711283641,3.1766022709535,3.00952819116082,2.92697337392952,2.95226992537019,3.07736019672802,2.97606432790657,2.92462885634396,2.78671054000342,3.03813695919688,3.07216080138866,3.00420962861179,2.95375647090201,3.26004543355349,2.93891765347432,2.97631652720013,3.1162877856494,2.99142620882064,2.88123035494159,2.93254670503222,3.0349094023826,2.90723155775394,3.09791111117905,3.03988685670293,3.12799514550806,3.06639538516869,3.13505349377232,2.96316010883993,3.00440246305402,3.03695399543333,2.97009710948159,2.86109476172879,3.13412580308675,2.91362875549841,2.87666555945802,2.91732941472043,3.10544839900669,3.03970945808403,3.1044999580531,2.9480802724283,2.93743268001247,2.95810786467548,2.70668503913967,3.14749661478268,2.84842879399177,2.91993492481597,3.00047910142704,3.08105385508871,3.1359970954848,3.13955522554691,2.98111277626572,2.94718248364691,3.01295648744095,3.00946549713519,2.96639273145361,3.19978911434145,2.85152994939488,2.9817993154261,2.76591329910059,3.01977975047447,3.08005327065096,2.99101870429176,2.99778480244181,2.99757401309505,3.14179437117272,2.90620509241344,2.87810516168915,2.94172654694046,2.89882465635752,3.07961662313851,2.98315208411838,3.03707480361602,2.88601367307865,2.9135567112281,3.12596369931036,3.24024058411183,1
3.14622108165889,2.97835811439783,3.18021276729382,3.11751276633094,2.80072968752976,3.02980458301719,2.9352290933239,3.12783617642411,2.9072848616943,2.88790447149935,2.88917062241751,3.03997925669362,3.08769972068088,3.13093420553991,2.79718279669707,3.02104652914639,2.96764254928007,3.14601463454697,2.97699668952741,2.98214285649124,2.95003812322063,2.95979519671687,2.83685065884211,2.90517610157607,3.09655306312282,2.92739934439699,3.01606806218231,2.98895046635039,3.02218798830867,3.04571344624076,3.15770964806221,3.03355972926092,2.99802779566601,2.96202467918326,3.07994886961569,2.92303343287063,3.12601565951411,2.92458744000273,3.07095804493734,3.04656129486065,3.21786521187856,3.07434780957516,3.0265684865564,3.06025191116877,2.88442064619889,3.07573936775285,2.91156172580958,2.94308877238359,3.04587727913934,2.95896433783977,2.94845994440975,2.99588151718157,2.82738052419391,3.07194925880767,3.07442897300678,3.08521836567807,3.01436140445703,3.16239221097341,2.81534066460347,2.93098490105514,2.94219049890701,3.15178914569645,2.83522204028474,2.7580974680985,3.22391097051418,2.97952355931597,3.01850520775276,3.02058653022848,2.9403281468202,2.95132017354753,2.96488201418341,2.88632232631948,2.82652061140786,2.90708523741203,3.15101176901633,2.99389243392294,2.9902647870128,3.16401657583543,2.84395600997913,2.94682397744895,2.96752432397239,3.12964309077164,3.04365903135338,3.10968371089335,2.99558943244056,2.98388305888578,3.01976733814785,2.90059344051376,2.90606845177533,2.94707462356395,2.78197504752676,3.02240382187211,3.07425235788435,3.15440266015419,2.93984155827012,3.04931629667329,2.8170521461668,2.94023692023673,2.88901158489121,2.78217992489106,1
2.97879183981358,2.92180491353124,3.0097863350415,2.91121430105911,2.89232980059037,2.79108142429925,2.98701075164753,2.96666848537065,3.10441219492878,2.85377383355741,2.95349839007582,3.21704394129387,3.11206934137138,2.96862604771208,2.94183908235759,3.1321292357432,2.90690277589031,2.99858342013803,2.88128348344503,2.93009306952681,2.97749152351523,3.09652121625539,3.09663993857944,2.98841973917602,3.06711994446148,2.97633320074218,3.14299533809157,3.18948193713285,3.01003439971133,2.88439814617179,3.05055142364892,2.99832376459267,2.88900231363056,2.90490812567207,2.68187273890843,2.82553803793554,3.16124042506824,3.02440442608579,3.05057257810258,2.93162702177728,3.00099837173378,3.02141405900284,2.88857662022262,3.14016378118422,3.11016357527433,3.06273862933103,3.0332842666109,3.10533726358569,3.06740119872622,2.92337755377765,3.06328533699375,3.06666616399175,2.93887651835421,3.04529270162178,3.02020635711105,2.95453503230806,3.03930211124953,2.91303989546325,3.06812766602189,3.11177804173728,2.81750244705536,3.07293553040991,2.89631258972248,2.90146007705536,3.00433094309227,3.0629279418816,3.22017808127716,3.11138588631601,3.31276852465473,2.89336112066819,3.15269188304147,3.10453935988621,2.8778152162865,2.91693495132775,3.06617503648165,3.14562925705396,2.96009735910822,3.15581710907498,2.97699271400416,3.0002175771014,3.0013583401753,2.89131688492496,2.91384694156436,2.84926407670065,3.02027608764476,3.00855179401426,2.96202840163932,2.88953668489993,2.94791365345012,3.02556946798029,2.876277636437,2.88965231691858,3.18981885598132,3.13177987950913,2.93343848592778,2.97715902873247,3.00577365852975,3.06959317095977,2.92986655971868,2.90985830601578,1
3.10316832442236,2.96232310607396,3.15367554383102,2.87358671201421,2.8925869960244,3.03252278036043,2.82844370167038,3.13516983300442,2.78666222241273,2.96685128878658,3.183291151236,2.91672536347225,2.82580184761606,2.8463266923234,3.0186567585689,3.0811407073645,2.75211374465645,3.03164623231193,3.26009628276312,2.99244543874305,2.94367264953841,3.03030689904372,3.27878814161861,3.15339004592205,2.96560430166417,2.91958352915497,3.04095349621482,2.93711340517399,3.00051732804008,2.90675509378888,2.99957795160972,2.98329537424025,2.95725273404045,2.90786075638166,3.05505576821281,3.22983661815205,2.99179326851586,3.03982800836606,3.00601990147185,3.03649853257838,2.97059258826135,3.04653766756697,3.05253254640165,2.99105041891408,3.11612996762387,2.97441995163896,3.02888146694405,2.8308333999256,2.98140306296269,2.96513735486866,3.11724741016083,2.89297826782185,2.99726345149829,2.83646200537679,2.94720668747808,3.19232944941101,3.02516007690206,3.00462114920193,3.08289691507369,2.95726184612538,3.00013227792507,3.08449734494159,2.89981069517625,3.13766779187231,2.84344795028139,3.08697282605774,3.18977500090568,2.99014483194483,3.01509500043273,3.10667237100846,3.08492592552948,2.82816515670603,3.01312227653445,3.05462721703717,2.95894679132937,3.02808854552999,2.77037982901482,3.04315405215583,2.8874376502661,2.86328721754106,2.95767091404588,3.09325645565102,2.97062412645602,3.02374271950182,2.97503899230371,3.05641587739048,3.00312313011603,3.03080080222255,3.00417430241244,2.9033348772712,3.01033349979866,3.00962663567361,2.90974284660644,3.13404589690959,2.77260115955951,3.06009057695056,2.99463350408547,3.11987314913557,2.96392855596678,3.08954269603683,1
2.89224376347178,2.98110001466876,3.25855282998001,2.96000266595264,3.15155024756415,2.93604719979002,3.01876361998982,3.06106694705964,3.04310915993792,3.05237574351133,3.06970262019173,2.95510112061525,3.12161258908806,2.85824320985539,2.91287981391587,3.07641846549875,3.07248090412958,3.05215559463534,3.05480053888182,2.84135277241548,3.12001476574214,2.9305494728294,3.02643142622598,2.9937054847664,2.8396054269534,2.98671910103838,3.08377663949816,3.05041041617082,2.79113169416473,3.16432765193367,3.01132498783546,3.22049662283134,3.16685770378779,2.96565690285838,3.25193890092245,3.03172594509372,2.83985159826036,3.05756902746011,2.85355955098136,2.90217635887027,3.04797100131173,3.15437784776841,3.02013060499583,3.00914040999352,2.95606361858924,2.85729430012379,3.00112780532731,3.07329736933185,2.95394815728288,2.99168205473078,2.95508710576235,3.22024441266525,2.98720535633175,3.00061595593781,2.88804191679345,3.0454952087005,3.01682486090879,3.05674211085215,2.97041905911895,2.92072273573134,2.80754548147146,2.99698965235512,2.8086516716771,2.98881354522692,3.02467873825855,2.93088841767503,3.04797769166382,2.825029290147,3.14310108160278,3.12272117941778,2.82440908828468,2.86754630566238,2.87734278672966,2.88547191251478,2.89979193413229,2.97214728786933,3.08219012186552,3.09960352754184,3.01864672690334,3.04596730476857,3.20395681887582,2.98475039899557,3.00592293611557,2.96289222577676,3.0592790371264,3.02282948783025,3.00600632573531,3.18357765495477,2.96197288893517,3.13917550026191,3.14174296935169,2.95832900046072,2.92560270155331,3.07174137042339,2.8552489891849,3.03595319450567,2.93951796490213,2.89770845233618,3.11838529348187,3.00764275916779,1
2.95883114094968,2.93553072027552,2.95298714693754,2.88051895611306,2.82791961808,2.96866870333917,3.05084030780213,2.87313369846125,2.86869233691644,3.09301452053486,3.20174995733134,3.03458504153761,3.02345310559691,3.02675120161944,3.11884697574195,3.07820903225922,2.90932791610902,3.05456276251731,2.93556249966077,2.82477413401917,3.03807308860188,2.91934657457223,3.04860909619372,2.96624176254576,2.89971401533341,2.75874392663531,3.14459450182373,3.18203787466629,3.06706156610309,3.03082894298176,3.09491398623698,3.05752503951019,3.06547202906079,3.03161509782714,2.94419283190062,2.97600871976816,3.0192997835037,3.14352942524333,3.16669712171645,2.94086248716792,2.95496020226062,2.93593266154876,3.22770574258556,3.08422434532468,3.09806256660353,3.10247272786922,2.86384236774343,3.12422167811809,2.9947335124894,3.09320557847929,3.0661748730175,3.04638960891162,2.95799711474825,3.07177670687316,3.14890449195372,2.98601317179551,2.93606885597913,3.05972714828593,2.96912817949639,2.93439825590286,2.8044151799109,2.90710423957818,2.89725141899671,3.00023609495931,3.01805272992508,3.22658302693816,2.94777235576801,2.92616162639808,2.93143399527741,3.03443688385023,3.13863203804245,2.92199414874211,3.03244131584956,2.88593739607907,2.98441778672241,2.8931963654314,3.18359391232393,2.85459797587396,3.15925185784777,3.04008838480374,3.014019861746,3.04194416718004,3.04119307909724,3.19053404536879,2.84612358733804,2.96361793046787,3.12308887151109,3.16619578110162,3.08336718252176,2.9263564601389,3.11247418913841,3.06188762879798,3.06664677312738,3.02239764477191,3.01440043595269,3.19697070109572,2.93585945506763,2.8101584749553,3.17291165619564,2.95510628319728,1
3.0679309123629,2.85654939454571,3.15136127395959,2.86892219448154,2.98074621096418,3.00713472945463,2.91341025794862,3.00692565665118,3.05998745468157,2.99888411743308,2.96264142184098,2.910670296646,2.84087835828346,2.9024055121734,2.82482665075728,2.90016564723834,3.03742082976231,3.22447359249083,2.99615210469151,3.01485071486652,3.08868997214307,2.98151897394606,3.11809082004794,2.94645175695336,2.92168388979358,2.96269849489404,2.98145357182331,3.10044852711721,3.17199476882278,3.13045126323866,3.12115261762742,2.89462004507847,3.06355378518595,2.83446103503048,3.04379816036109,2.93108088137669,3.20201419598004,2.88136231272694,3.06395536840783,2.9660036162401,3.04477358441134,2.9934167949692,3.0469843941064,2.9861002828928,2.93527082778931,3.07071827594419,2.886529338552,3.0396113814213,2.89214798843045,2.81469179399173,3.11761012326256,3.08352887566768,2.94755663456648,2.95408956710362,2.83588978693139,2.95003579605392,3.22169483180076,3.10330764690773,2.94523050475594,2.99050179385363,3.07350636736323,3.04397945243132,2.87887181798568,2.83173680332896,2.9917206391824,3.08303465435513,2.987637450559,2.9879376285237,3.04550311577431,2.90012197753229,2.91371385898955,2.74459585565167,3.02718765892147,3.03367663076795,3.09381777669212,3.03383347995442,2.96650813118407,3.10719401540147,2.7400693442908,3.25849606463389,3.14574878723557,3.11455795105737,2.93354687749612,2.81183615820402,3.04959947317721,3.01428215133505,2.94333364337924,3.26227073166443,3.12860481941938,2.99995342072768,3.04302691055587,3.07309116964874,2.99367910600351,2.95926901119553,3.1389568696175,2.92036216236223,2.96627686281113,2.98462509837856,2.94703983180234,2.97236395062733,1
2.87765778788252,3.12256793507075,3.08916249816805,3.18252472588564,2.76617244697387,3.02432968058124,2.91954273424395,3.00447415866849,3.10290365575956,3.02399264759962,2.95602432119177,2.95312548956657,2.98519172445888,2.95576958168034,2.93651281605805,2.9156303311855,3.10831018237045,2.91969049792248,2.94002515502276,2.96289353959642,2.83686829301076,2.97558532809904,3.02276347435292,3.05710870348228,3.00114242837274,3.09422557268024,2.90821618180411,3.00697892347633,3.03644079452168,2.944927407552,2.91543788291824,3.23921781644987,2.87418567176958,3.20352634059329,2.91021804858879,3.00731418693206,2.92842394599376,2.76423934518042,3.11746402326723,2.85328267598836,2.9456886691269,2.98913208343067,2.96790184344094,2.82133135298896,2.99654296721667,3.11884882889427,3.20903872992712,3.04469511755727,3.07530937893081,3.03724011231082,2.88588915304396,3.10960644723834,3.06074719886172,2.99137401388285,2.85955741305521,3.06838206074674,2.84252822520769,3.09363621520366,2.93120219770251,2.93305166476267,2.83341247287614,3.15102016434999,3.02778318983921,3.01689135098849,3.00158147871076,2.90527928564579,3.04647658465852,2.94179808173742,2.92240726154762,2.94250688499182,2.98854143307055,3.04186231832275,2.91076325459507,2.82717338167962,2.86028580700026,2.79173603149669,3.12481070454293,2.94888174966822,3.0714107760701,2.95666136545837,2.85941896148377,2.99489073495151,2.98855916086832,2.9514121138279,3.00304037471704,2.80006375892276,3.02569220225059,3.12053255859929,2.8774485831746,3.05128425241667,3.12175550163009,2.93165976730671,3.11162013157929,3.01245983032112,3.05120524855517,3.114312244033,2.97601430499906,3.1578025142606,2.78159422485911,3.02242857958749,1
3.11262565563322,2.92278636426484,2.90885154040642,2.788603960862,3.05238638041091,3.05389401520176,2.96107187432219,2.9603739085207,3.05306467612848,2.98011069601146,3.02238616118865,3.11543115048616,2.93360771303482,3.02481106600893,3.10431789550797,2.94854223016135,3.06076179423685,3.2335134171062,2.92726909986273,2.97314426444537,2.81656130721559,2.87498849910346,3.1372623382449,2.96713493795769,3.03926293311352,3.10089005571125,3.0192846700185,3.00154192027971,3.06616994704677,2.8670881475702,2.92617002039553,3.23156091271585,3.07152243697038,2.95448364319664,2.86176185746404,2.90119538836855,3.21825882376463,3.01154782696162,3.17667245802259,3.0530769644294,2.88657326516757,2.84540329916606,3.06076929716614,2.92148510699034,3.05179211060184,2.87501312069433,2.99780565291136,2.87503225402554,3.00618815141283,2.94732110035807,3.10373504546086,2.88482814684815,3.0588272395161,2.96279582364204,3.09278754880008,2.88650119576994,2.93218116300409,3.16525884468374,3.1118754903036,2.92247122409637,3.16417837827064,3.1573202347132,2.98137184869362,3.09271318768534,2.94225906980455,2.94916093362589,2.99494130509505,3.04250133986802,3.09702962280545,2.99497166651847,3.28105074148717,2.7967491214553,3.21468147710872,2.95038436254398,2.85972465051245,2.97457512914611,3.05032338830112,2.93743017646333,3.03539082925385,3.00592421981261,3.06138864401803,3.02554961656375,2.81090671223111,2.85971630536835,3.06118225717572,3.10002250473598,3.03883863624767,2.88582515091375,2.94767566353509,2.88405313111311,2.88577464714949,2.94291345466017,2.96758907610638,2.98427450493264,3.07089642011603,3.04812345998769,2.84343479519694,3.03137597278228,3.01923030766238,3.16671080520363,1
3.00656629255262,3.00300605557923,3.13689234996413,2.96042710639259,2.8592172946035,3.16314896087153,3.02284248533603,3.37603619623149,3.11300647064253,2.99504965967495,3.09589585044675,3.00987137730637,2.9790578577711,3.00762848408334,2.88366718674347,2.8464919234381,2.94713904852333,3.15970895400345,2.87420911301155,3.00555039913468,2.96333850267488,2.87421352944526,3.18610422082259,2.81569663268309,3.15268601535307,3.08583019862769,3.02000079661663,3.00833466479606,2.92162329209197,2.97787828414238,2.86378631489208,3.04776364917142,2.94816421886135,2.89631104114241,2.93909823818068,2.94674724535868,3.00543003065643,2.9516175372348,3.00535240919157,3.25752562273106,3.06764836794384,2.89950347280704,2.98435559712276,3.28526060733696,3.09498200788874,2.91846771416958,2.93339916193004,2.99874256050084,3.06025790504471,2.90159250991427,2.91077190811205,3.16439920943214,3.02487243789803,2.86615499020871,3.13954420502719,3.02630779343526,2.97768833380813,3.04547588155509,3.00372399588227,3.06281990935456,3.0290972393114,2.93625320042371,2.91158759053751,2.93471420764108,2.98219993618794,2.91502480490213,2.90035141341438,3.19399745146827,2.93893978063695,3.05553764611888,3.09007517619533,2.89121429347044,3.00036754875087,3.07362498907228,2.91875851090192,2.85536185030396,3.2974742664945,2.93489847641614,2.95494512689051,2.91114520748776,2.90843521888715,2.92802542181501,2.74512546221914,3.01099275475491,2.88965160285739,2.94450479247958,2.96381827756703,2.95955255899041,2.95380159962892,2.98387020788719,3.03187494671479,2.9713436470933,3.03958413267596,3.00443683477023,2.92910810652851,2.98978086046304,3.0716171164207,3.04170355792968,2.85722325734489,3.04052059122147,1
3.04498501971764,2.95228195528726,3.13893790536875,3.12744899980126,3.13789138433877,2.95793459371803,3.10841352388497,2.81511694831053,3.08259597411786,2.93431906273625,3.02744161736715,2.84050501410948,2.83767781761099,2.87009662768395,3.15746484978712,3.2459980390337,3.09734067347004,2.98753092686382,3.06976469658769,3.14355806231833,3.06943160251527,3.04313293141412,2.89581090911792,2.96408512897211,2.973676342557,3.22182332897756,2.93102665948148,2.87781071463573,3.0722796671581,3.21083711661875,3.07363528866734,2.80736860213711,3.14257367354306,2.94801362262734,2.91127074201285,2.9826503396581,3.16483601533905,3.1681995236082,3.08740787105684,3.03297095017471,2.90261946703095,2.92026216784611,3.12961472036642,3.16547819100205,3.02686796947668,3.1206771172316,2.940860969947,3.02952556508859,2.99290936792291,3.08346060870894,3.0328797840728,2.99611532194797,2.9219598424111,3.13704408760343,2.87282140494888,3.00421835433692,3.06366793795602,3.01375592332423,3.08462033990055,2.95787262130861,2.98421155238381,3.26595650490607,2.95723570866104,3.01409622497045,3.13898376719944,2.9363525861399,3.02163440634827,2.98025720359783,2.7778189791793,2.84263644352306,2.92132351063212,3.14887128277927,2.95575087328154,2.94072815609779,2.95071783601992,2.95003414538515,3.01690125363518,3.01676698826244,3.07033258892652,3.04163028950272,3.12214161976818,3.13649633310348,3.01082322086077,3.0120422547256,2.88237229026573,2.98825274102064,3.08638320440547,2.93510077137877,3.07063773701573,3.09617711613854,2.86515313767748,2.99565522170549,3.01696915906489,3.00579436144974,2.84457439446867,2.79732684257559,3.01867003940749,2.93576920686741,3.09060656645061,2.97911735995023,1
3.00580800015556,2.98213729219949,2.79204650953196,3.03523423116458,2.88859674012787,2.91596185828019,2.90137207203786,2.96017813118826,3.10163532138717,2.98368808258079,3.14126018791577,3.02240725712364,2.98271794039224,3.12394637049982,3.03071829071384,2.92784571796295,3.0296227648762,2.95959436105241,2.97809822307801,2.99329978783996,3.27496190202062,2.93166689882895,2.93730909133948,3.03654278816682,3.03789602520915,2.8253395330326,2.99900299979809,2.93613502406686,2.79241194128605,2.93758457247898,3.0304251869408,3.01205341589462,2.98873013722599,3.03594491811107,2.94189701862091,3.02426072330057,2.79874165198472,3.13126447497201,3.0980916012511,3.26192839886107,2.86558305320253,3.00617158314699,2.9028782720897,2.91605466281397,2.91464472616201,3.15953467946766,2.91772041826011,3.06005089579542,3.12498687271566,2.97747645530456,3.0674676152514,2.98873403593614,2.81203584407103,3.0304558611556,2.96758378629989,3.05002063306327,3.01544112520815,2.84257575273535,3.0124346238893,2.84455649392245,3.03415672581642,3.10390246330332,2.93616900886158,2.94042943596756,2.8616400606876,3.02487000362449,2.73916379368744,3.08352120280074,3.05914787394161,2.95123896201918,3.19908562319704,2.92393083004616,3.17057672179179,2.82036450236098,3.07995139343352,3.05774452264848,3.09185589267108,2.8533904845333,2.7979789952465,3.23116530812259,3.10650832526355,3.06120198715592,3.12323717891488,3.08197917339444,3.04306051387571,2.9007677292905,2.88799206372059,3.05818858037498,3.04477423814053,2.93887600970896,3.04911548707477,3.0473005815054,3.02849353190543,3.04684390761756,3.03021521110689,3.12515799676646,3.12685901443355,3.06524299095983,3.03270967453069,3.01207578599355,1
3.10142738266279,3.15909149250331,2.87345595663328,3.11256198241948,2.938206725115,2.99700583617844,2.85754774339708,3.16428773650851,3.05398730750089,3.05567950701016,3.05395609293549,2.96237027668182,2.94893463482737,2.87310716033449,2.93666173652764,2.91366091021475,3.14257293456699,2.78903918329916,3.02432553763705,3.11763257514068,3.19044134568536,2.9861471006534,3.12908873274452,3.07336783823729,3.02740718670752,2.86161945823506,3.21833467983382,2.88005692499844,2.81270842011519,2.96415010200197,2.92375914569222,2.87052861228387,3.05043999110203,3.0001981351509,2.97497435425861,2.88119677472712,2.91696381596671,2.94244142570141,2.98659981127253,2.88807506209437,2.90904512181712,3.01685022267547,3.1094104697089,2.9875325034796,2.97629573489644,3.02143597550408,2.73861409301394,3.08433902305189,3.19190811939733,2.94774171118272,3.01842291353366,3.13610158421804,2.84992771142132,2.89176961868462,2.86538542607424,2.77635856662644,2.83910192965566,3.06880838631834,2.88320939257082,3.12041367227479,2.86291101752116,2.95053621203694,3.0372782572127,2.9930376956863,2.95523151721782,2.94682551799323,2.93218858953911,3.00452997233133,3.02667762327423,2.98320846397626,2.88799412046319,3.02108222770147,2.94691857658367,3.09198161670721,2.88395008391429,2.8909018678649,2.85477317363485,3.03760142749602,3.09287005139177,3.04525952066997,2.80597462419218,3.06571238435655,3.14954173946354,3.10827021851858,3.02444441531463,3.10142040211323,2.90238265507171,3.03401297092817,2.86259123025791,2.91107167900659,3.00564497327569,3.09447972014407,2.97019061805986,2.79187773322451,3.00255591824581,2.867654745181,2.96627628255193,2.92191307545757,2.99510281879346,3.05962204322448,1
3.10398511262132,2.98739696148945,2.95482262877354,2.87505288423174,2.97656276493054,2.81491269227827,2.99644009558645,3.02668073594759,3.07317751309924,3.08107479544172,3.04820827610348,3.03781633555662,2.86576116865027,2.98423082139024,3.12085945799335,2.66989673610743,2.97130306966469,2.9920792171768,3.10215770787173,2.89138968917761,3.08264880167901,3.09705091379908,3.192493060386,3.00675196062855,3.12965652671292,2.97671275265449,2.85668076748869,2.90564020996761,2.99441546889861,2.97370778344139,2.92543202334936,2.8397757406296,2.85572860143368,3.08278880421723,2.96846595567989,3.19593962160576,3.02509028312217,2.94792358858696,2.90874818588023,2.87899616801708,2.97590195866387,3.14190641919291,3.0334214423064,3.07511690716875,3.08855339491148,2.88766160509153,3.03500068335253,2.68782883681656,3.01731131464785,2.93777140839768,3.10900758495555,3.03308866399618,3.07811000833177,2.90198946103437,2.94109727209856,3.09690764193059,3.00904275444245,2.95114036547391,3.10702807742492,2.99176276062552,3.10878379416044,2.92627473039038,3.09934802297804,2.95847741396658,2.96694435979084,2.87860126338142,3.10058154201259,3.07323928815362,3.03740733907487,2.84593002218917,2.94899337072564,3.01258152332069,2.71997885519845,2.908890000367,3.12594899822012,3.04693765742127,2.99759843377521,3.12202549785013,2.94845353264375,2.77053275411606,3.08129066040844,2.88446794945564,3.03425757154619,3.02786412785792,2.94294237611198,2.90027282021664,3.07141044257774,3.09394213753601,2.92732582215516,3.08587954105795,2.91777374747781,2.88421050910383,3.30840131419991,2.92175605069296,2.95110102814296,2.98345473054795,3.01929315250419,3.00137776797568,2.97533772354652,3.04351922172891,1
3.10018124622984,3.10324044024844,3.17515299507349,3.16047780260814,2.95963925773809,3.00489733920752,2.91107683774287,2.97485710424063,2.90408039346737,2.91881782819109,3.04579787737439,2.90683981227053,3.00511872298994,2.94483689631755,3.03936991195393,3.03098432137789,3.00155339499726,3.09380170932307,3.13114568461071,2.91778756784075,3.0730119269698,2.92230051548627,2.92097630513602,3.01802842793058,2.94327357223037,3.00466748724516,3.04120635533056,2.87115712579985,2.95462763979091,2.98680178134376,3.05250934128445,3.10805190342295,3.11160425601264,2.88355299650155,2.97782819704946,3.06972414289454,2.82409873903929,2.90882164598474,2.85482043115218,3.02878421369922,3.00857466881369,2.94248704718401,2.93982401889393,3.11885791693435,3.04758437549323,2.90013782584455,3.05447650574104,2.9311750324629,3.0730338329312,2.79273548903631,3.1006303456594,3.01322630610218,2.97165730325999,2.79370813646516,2.94547465873823,2.92784461267905,3.00494669563011,2.98685282338175,2.9041067339489,3.05658289970504,2.87642702019765,2.89008369101855,3.14303917912768,2.92909931952576,3.09239103725801,2.8833078684227,2.90233260916609,3.00188253799756,2.94306986532911,3.22518480486093,3.04927232152778,2.80809935763581,3.10880611673075,3.05563495749473,3.01852898816763,3.11464388855489,3.11844272959811,3.06269107213434,2.93886302885926,2.85245386270828,2.97498297277878,2.75869045211407,3.06322950969186,2.98032930172364,3.01085001802912,2.80750981445901,2.91850928147333,2.79720677915262,3.09464389172209,3.31971638763939,2.95435965904309,2.84372153108798,3.12317230016648,3.12011666380249,3.04249984270913,2.9447628779821,3.02546484581527,3.02436729492323,3.24558786036813,2.92740350980827,1
2.96068942727405,2.81964544087258,2.88534482724701,2.9654752200416,2.96097153939847,3.040001850948,3.08325787660207,3.0765466893311,2.80846564001586,3.00007013244113,2.82784746803409,3.10837382348874,2.97538016589482,3.04975830448187,3.07952488096442,3.0814804236784,3.01430252826982,3.10334176123035,2.8314033711435,2.97956285255151,2.84070206229247,2.99878123688826,2.94978175068904,2.9301614451082,2.84271729516869,2.9304986375622,3.14187744577589,2.87331939728221,2.95272649144568,3.13302150179127,2.92153906901689,3.03644194754543,3.09864940934304,2.96948530273694,2.9049483695055,2.76682232756943,3.07007386322386,2.91942592926226,2.99166565442823,2.91563358431121,3.14965964844265,2.858350100746,2.99336054069452,3.02995398989648,3.02667845125423,3.23879631843241,2.90739431541572,2.87232304294926,2.99116632804226,2.95355300483382,2.94895692963871,2.81326000788015,3.11058844764428,2.93589477015714,2.92347314781736,3.04168801011278,3.10800856445537,2.95541010292525,3.05986621553313,2.97646585542277,2.98106399029842,3.06807096790087,3.11589921760343,2.98187394310659,2.97461104935453,2.99220977570011,3.14528757412729,2.94464464354694,2.98141275653554,2.98969339365139,3.22154468658809,3.01448713776181,3.09050777122754,2.94049241832578,2.99921775347215,3.04613846794172,2.96547973628664,3.16615296824897,2.9529424117823,2.97939750095995,3.04637782530186,3.05367235629628,2.99279992359169,3.16467343252616,2.98795620488613,2.95625099312682,3.17511742466719,3.0604004846264,3.05932146102578,2.90246925674853,3.1958610171278,2.94579258930879,3.01260852523862,2.72860042539703,3.16425132276316,2.94812710587523,3.04597264857087,3.12703221336578,2.90811042311241,3.06464554394488,1
3.0936701223074,3.08135881290887,2.83455096535988,2.99421900278508,3.04336105400259,2.9582715628587,3.03848749837659,3.00158613958778,2.91817723999694,3.13276800876329,3.05618618247279,2.93694613168213,3.12563669384996,3.07208785322772,3.22690823007465,3.09320822467838,3.07917047627935,2.95989713879064,2.96230741396019,2.93925928170079,3.05661317462196,2.98632061814584,2.91346166104962,2.85205450836441,3.0584538114642,2.97073522558878,2.96778865605176,3.08243135527434,3.03718639530376,3.18089028097331,2.85612504788323,3.101387081473,3.0242696304545,3.22779570789975,3.05419146768741,3.03617765842303,2.90410579331341,3.05583685355218,3.04679214432891,2.80463761917195,3.18912297876581,2.92484881897723,3.04696781591915,2.87268969152066,3.00809110123568,2.91002742456949,2.99102156258242,2.91986421173024,3.22837203781241,2.9903940419636,3.26591371417043,3.07658235819271,3.0698803478681,3.39806003816786,2.9956737902442,2.98056840549191,3.01981243853051,3.05325371844215,2.95295610474389,2.97085894801326,3.01948376114097,3.033324708357,3.15928545827413,2.97947084071897,2.88884720447843,3.12530781250389,3.03111391165441,3.03471490361,3.0673217741988,3.11338252243062,2.99106509900202,3.07974813616799,3.00634859337273,2.77219887492191,3.30844204015988,3.06751866936754,2.91408692930635,3.05301510023347,2.8880195982987,2.86527360146948,3.06123818046941,2.9721923267442,2.98382103031649,3.02540171727533,3.00785565989392,3.02435586572352,2.94768307734448,2.9465876557074,2.97798039590662,2.91658564124507,2.88869062004467,3.0083980324292,3.15641896999809,2.97673992139558,2.92874735810356,2.95091604687034,3.02378019267869,2.90838236222588,2.90306226370228,3.01021016468476,1
2.97680075777875,3.13759493702397,3.04966227689695,3.06344220897118,2.80545665717253,2.9622121437743,2.76985954784047,2.98290283932698,2.96711308747693,2.91784900128987,2.89621566865835,3.0448159112235,2.96254104522227,2.81618529015513,2.89610188628628,2.94658107389059,2.92079207562524,2.84843398796851,3.10786159888535,3.051782214623,2.94843772984998,2.96140382288298,2.98128560794448,2.80999901367883,3.0502870046946,2.83422205359416,2.82515553868957,2.87706811110052,2.91011244527519,3.02913275865662,3.04354583655857,2.9157239387476,3.08812746353554,3.24843233960446,2.99940675567595,3.25074217672044,3.10938460013466,3.11641926351073,3.01317498470406,3.03575320724012,2.83921899021555,3.0736062807274,2.98982747143512,2.96477627966178,3.00067158677106,3.15225721477908,2.80872618251189,2.96498390064613,2.93647069253294,2.99456869607454,3.12374550684674,3.08427229220133,3.08742612385113,3.24545979772809,3.16475048454589,3.01967306266709,2.91589768673121,3.05275229963179,2.98107322948326,3.05413042674716,3.02238453942025,3.1602279901557,2.83977275677275,2.89303531770488,3.04793870182064,3.06057616801891,3.03317810354829,3.1041772309579,3.03190295891017,2.96563251481668,2.92796379133582,2.94332630102395,3.03112031358678,3.03880627237708,2.98508558217896,2.90710537142109,2.98757711194878,2.92120418122413,2.92464569245891,2.97617720370785,3.07282210482688,2.89842525789618,2.939039401081,2.90058436137412,2.84303727996005,3.08594921153489,2.68196163353619,2.84103089980609,3.1725428992339,2.94625017095539,2.97599968054812,3.09931872443132,2.98215339430419,2.99988935896135,2.96241519776717,3.09391906799478,3.06850222686256,2.92398994484871,2.96456162477753,2.98696659666525,1
2.95489122481802,3.04435125426448,3.06193771184051,3.01300545022271,3.03468326892879,3.07266652267194,3.09477561190255,3.14283423609958,3.12094082333317,3.01603368852691,3.11568084464354,2.93448068511618,3.01124275810288,3.03916559632928,3.05936989140592,2.87072519145244,2.97202661796768,2.98135527198756,2.9293058324727,3.08954927629766,2.99741547347355,3.08714711276514,3.00692637290687,3.05336526691612,3.08093294141521,3.03700797176782,2.92480157813491,2.87587044392201,3.10575675659949,2.92475333664031,2.86323177539297,2.89458958592603,3.02797062332824,3.02830241182817,3.31814854196085,2.77485748027738,2.87424333288056,2.96062378078335,2.9796117785086,2.8014361160071,3.05811254366337,2.9327934235568,3.0897224164398,2.99611390418838,2.97633384631456,3.05890358601618,3.11572875974421,3.10484906289676,3.09823781938629,3.08971292650427,2.96171499928995,2.92172804134842,2.91781146812717,3.10362917698877,3.02508968702742,3.14631801933307,2.8269724026958,2.93059043849714,2.9530930085403,2.8262305649975,2.97461361248487,3.0903838660936,2.85286227619615,2.83014222394246,3.11285629967125,3.06388233437007,2.95562313310994,2.75563654607955,3.19842996042661,3.0145326142163,2.87969171639744,2.97143788200912,3.01911701347987,2.95582767844225,2.97655021771762,3.26847236710247,2.89087910160509,3.0190050348124,3.08852052281615,2.98912440988794,3.16561689219281,3.01696079650248,2.99433868601144,3.14361235838894,3.17253876030677,3.18228557723012,2.90382462880204,3.09032453674976,2.92183410808998,2.91398524326027,3.17450860560256,3.11841731937428,2.9543325057165,2.98723669907087,3.01864475760801,3.06272075011487,2.85400086957775,2.90257833817269,3.00442221520186,2.97085337181688,1
2.86172333403204,2.85784479733717,3.02229037207102,2.9772976739335,3.09274769616411,2.96360171586989,3.11179996681214,2.91823012144633,2.92131214425647,2.94440573258901,2.96530596350538,3.09352112389178,2.90825819400901,2.92352460658962,2.96137852830598,3.09115948293414,2.86693112215442,2.93873274646717,3.13128776618923,3.29312590561517,2.8760063594412,2.96534660817029,2.91617891521854,3.07784568250181,2.87177549135836,3.00913589888654,3.0409915840175,3.05241123079213,2.74599591950244,3.06331549966177,3.08825196142049,2.96400061448361,3.12375896888252,2.8854079643146,2.86990971164708,2.98215748276016,2.93496879924463,3.04257859222777,2.88678876290109,3.23206795962366,3.13535159283341,2.98719796733546,2.98913305276808,3.01481441472417,2.9607695563115,2.97645084224028,3.01460829824724,3.01067804057706,2.94154424459868,2.91301459220797,3.03100975505543,2.80605374685935,3.019021533603,3.11653896518353,2.98091721578363,2.96355800018391,3.13273960153916,3.05792295768018,3.06602148529143,2.896641526926,2.87443338374189,3.18132880455544,2.97401362409187,3.10766851591653,2.82493805669359,2.77538302591253,3.06013254984566,2.95770333730069,3.159246396354,2.92015318549634,3.04920955345671,3.03092642603306,2.88233668572465,2.96107495862259,2.73852836450187,3.03619660791386,2.87257038454444,2.9907924318325,3.09471836942888,3.16506027196628,2.97956218534499,2.96707023619943,2.98461242972676,2.96207816369914,3.14646304479732,2.93360542590673,2.86485085118562,2.95796738816401,3.05558616747819,3.05967596313775,3.04152746279211,3.03643559418337,3.05058360640966,3.10025396541947,2.92584529800701,3.08122331584422,2.85251410742866,2.79171891705546,2.99916020963303,2.9824112874128,1
3.18773266747533,2.82356844575567,2.98424368892538,2.91095693629659,3.09754352368095,2.86299522284699,2.98193470264491,3.08947052396855,2.85069199356024,3.23376758420769,2.96507799501687,3.10101044720192,2.99533773147456,3.00093312170812,3.07669724834227,2.95540784244718,2.92109562241505,2.89985879959847,2.9896879757957,3.01134623775926,2.95093469069076,3.0622940653433,3.06455406146875,2.92862022511111,2.89630653110957,2.92012087986703,2.9488139927764,3.05759640400844,2.94250491984136,2.93881856014809,2.85704322349124,2.95240845395259,3.13576635391263,3.04947378215216,2.96289043528336,2.86113115824779,3.30825836949777,2.91088141046602,3.11221889305765,3.13051047666369,3.12423048030829,2.94234897408728,3.1013461301383,3.01048052142487,3.06588010216275,2.81588786548712,2.96333461890831,2.93797982808868,3.1688027195916,3.10977561391514,2.95803448380787,3.05820065855447,3.15547097301688,2.99516900902214,3.14585003948679,2.91239346537025,2.85319596629858,2.92288163891676,2.86522791848947,3.19565159654589,3.07937701406156,2.9701229312579,3.17839119408607,3.06039874849608,3.01308075642632,2.83302554239646,2.97279419879764,2.94973493115353,3.02540617606737,2.9351279672783,3.04320309604962,2.92485734310062,2.89820503279822,2.82689682686478,2.96331272069367,3.01463999183386,2.95681593850305,2.9764031695422,2.97106500032721,3.00782037210377,2.93504782441316,3.09204891825373,2.99073163497281,2.93756790986723,2.93282694087651,2.9849778157219,2.73891174861662,2.90041418170673,2.98375783781555,2.97055002026132,3.00884815815105,2.93989819110279,2.86712856902348,3.16670072139502,2.97650339220557,3.17420869488216,2.72632078708383,3.00972261649258,3.04623538351742,2.92567027182938,1
3.22919807795844,2.99333736803553,2.95600210476393,3.0485537838429,3.16572934780469,2.98091327517855,3.0911503193597,3.06077562907239,2.96744587734792,2.80278041522457,2.99280547885425,3.0784658858829,2.98985868480622,3.0794679473764,2.9854253380282,3.18524945705434,3.02248590304134,3.02097702190442,3.17205246338384,3.01590043946127,2.84021011273519,3.08722100292618,3.02613725630102,3.00239831802867,3.23589586896167,2.93223557097601,3.0544766415505,3.01648754831041,2.99386200421662,2.9226592753453,2.92965427324539,3.08801557838984,2.96696771999068,3.05578463277425,2.92340028050664,2.70964462652098,2.90274684315884,2.80734839328597,3.03201070095966,3.06409936704745,3.05060088580065,3.00987850868944,2.9040982597577,2.98367898067685,3.01616244099182,3.03011602720709,2.98995075043357,2.83515380920613,3.00249926879352,3.0666898316872,2.92670255314987,3.05502219497367,2.99604689473768,3.10129237014938,3.20736428373199,3.06078167591671,2.95019993487216,3.03101254327822,3.11377147480231,2.84934767443,2.84844101780348,2.97196204107929,3.17916759297751,2.7970481034431,2.95407100304101,2.82664118191811,2.94493826034694,2.95707111725555,3.01571335906877,3.08311000835686,3.0167218764144,3.0162065863809,2.63350507506811,2.938484220827,3.0614333356832,2.91307547966589,2.88258081715298,3.03951131197932,2.98680781837395,2.894526763375,2.9799689943796,3.01402457591264,2.88859963154256,2.90898743750032,2.92817320026435,2.9968108963907,3.16521747915846,2.91096092683037,3.02312363459114,2.90735489614798,2.81714506078788,3.09845409686992,2.92716743554268,3.04808622357402,3.03514486053986,3.04552861761974,3.11920133439591,3.0723691141382,3.04526406983801,2.96717941906244,1
2.91379064924892,3.14133012314843,2.90804107567434,3.02058259970744,3.02574136986083,3.06999462390056,2.98437462640497,3.10972408008796,2.98093672842262,3.10646082516802,3.02340616338915,3.0793641642352,3.02923842512943,3.2239614235443,2.88452829753147,2.88100579541149,3.19907675301046,3.00395976123004,2.98709493698831,2.82085140281571,3.17763572443062,3.04584646270095,2.99376899185182,2.87910000349592,3.07736716846145,2.99510818294854,3.14720202559823,3.13755311686119,3.00200178299458,3.11078635466675,2.98470780112284,3.03862843705823,3.03479670809832,3.02484791569339,3.06085494082914,2.80422261562763,3.00182499581269,3.1567869076405,3.02610468447094,2.97814012778564,2.87090796064796,3.05138044948793,2.8849762754336,3.10055955007638,2.90479725203352,2.94082674271965,2.95499579352812,2.92890057680295,2.84647844792621,3.06601497771482,2.9070946921329,2.97551175691531,3.00075447203346,3.02781349079101,2.95468492912565,2.91515947338393,3.16552131753884,3.01672419057168,3.21256374977396,3.01136587953796,3.01929680105993,2.97281784527198,2.95645267504527,2.95504222032445,2.88923450369038,3.14142514880663,3.10087755253923,2.90052951622218,3.05429187441269,2.94270757183494,3.05358593426843,2.83564099624923,2.923866925962,3.01893479003528,2.8525487085789,2.80632054319836,2.93285098031751,3.02124616696048,3.01248785877286,2.95708516577985,2.79409159079933,3.22726505337169,3.01567335247829,2.92774989099218,2.69497889264297,2.98706749477915,2.85602654518617,3.04829861978776,2.82379946678618,3.05179400712931,3.11551599102891,3.04606356686111,2.98985094398805,3.16700768849349,2.96968110463822,3.01482644558358,3.02602354098733,2.81905805936699,2.81183416181216,2.96710856692743,1
3.03877228659107,2.91655506059036,2.92149240736568,2.94313594201796,3.00589346954565,2.95122746918472,2.9633666812065,3.16191647258449,2.91096128008234,2.96598711414354,2.99026921134175,2.86977131107626,2.89898983626984,3.06884662111869,3.06594538486474,3.01698115653069,2.9475785813083,3.01899705174656,3.08848508506506,3.14182789555375,3.03108959848935,3.04654952944242,3.08199279766763,3.10553939258947,3.00811409408322,3.01512754837866,3.08688008690015,3.14630508186785,2.87403136892678,2.88318515810093,3.09796120197674,2.9585168175301,2.7859397425471,2.80410335988143,3.00617099763787,3.03763886446089,3.02344726614939,3.27533258584453,2.95725191744135,2.86643841988243,3.019165043775,2.87376921215418,2.91764763470942,2.96682059040074,2.87596242504588,2.9316725493754,2.93088745744124,2.97401406779964,2.99504470895243,3.07311381457997,2.95520730157857,3.02003375686127,2.96882992676712,3.23104731785489,2.98028915555893,2.85745468416062,3.10004774187291,2.90784087442642,3.02378147826978,3.10599690632708,3.0956587855879,2.75906777040035,3.16652777645408,2.93724396818822,3.26825023860428,3.18151773042022,3.01431943067333,2.90494265409977,2.79242915389189,3.0602354852108,3.11736445296074,3.114982521774,3.07896671492666,2.99390858144359,3.15575631971462,2.97940180843407,2.98883921480079,2.75891649301597,3.10236218065732,2.94774505346149,3.09372662520961,3.03962326561487,2.96607613939514,3.04052576162648,3.02864375756645,2.87704671155547,3.07461088436689,2.97738161011439,3.09317518438408,3.04394229729863,2.84415054186973,3.15836987465704,2.93338015170628,2.89198446577078,3.02899302037114,3.08880147898072,2.9543628272007,2.9787975031416,3.00567550365975,2.88569272551157,1
2.9889917009562,3.05776709587336,3.01209170464705,3.12599558867793,3.10689825600197,3.12738908491503,3.0897409696834,3.13578502786855,3.05093054120992,2.96758724598313,3.0407628592594,2.88552121440074,2.96728888808866,2.9002707620757,2.96374433915932,3.12163771059038,2.96990590686369,3.04657013679101,3.01876381107537,2.96825716634733,2.78357508815105,2.70309778688088,3.12453361747094,3.14881136502001,3.01869869046203,3.00585081883852,2.99054507074759,2.98269301822144,2.79737860608862,2.94769137066466,2.97586442864288,2.95607108950552,3.17218670195783,3.01634408496207,2.87844762021722,2.94609485733354,2.81589764752293,3.01181613261902,2.99516979146828,2.98548329966473,2.83601241846043,3.08376672568306,2.9747249985185,2.76907147748246,3.02221656833057,2.99632451512435,3.04280422739147,3.00226859547624,3.20467074631186,3.12240925813901,2.95778820009253,3.03947698859837,2.98020126945727,3.17593891606807,3.06315519637966,2.87393341600901,2.98711820508122,3.1806012425328,3.00121093648001,3.1908650037135,2.71133320025837,2.93640688046413,3.10614941862479,2.74601398920203,2.95973983847178,2.90835831643355,2.99933284436649,3.13653200906986,3.09205976604235,2.97971842009507,2.99922170947393,3.08651642865433,3.01286588875633,3.03149985566563,2.87444028138459,3.11060675720799,3.00589923533051,2.90109327582632,3.05964814260218,2.85587409036955,3.04797283770943,3.18179813726144,2.93688978062805,3.03151146017754,3.07580132552293,3.018091784226,3.14527805715301,3.06311907811834,2.93353377190378,2.98245889334595,3.07514347788783,3.18732764768205,3.03332589495373,3.01719961533349,3.05371380027251,2.85568944810012,2.96527044703715,2.98474052865334,3.01586800485336,3.10903368231674,1
2.81294627426383,3.10382555243838,2.97122658987159,2.93424033308263,3.226363606703,3.22288029126947,2.8955962562006,2.93182111169757,3.00956919763323,2.91518205514579,2.82781269264409,3.09404857550657,2.93008151148442,3.02606711020286,2.98985395224686,3.20862118939861,3.25209237059521,2.9546483408711,3.00724311661004,2.85541753942716,2.90574047760751,3.08670708575855,2.90588135562427,3.05239335875825,2.98677531299196,2.81180171420963,3.03896499952976,2.98219604298681,2.89179870693785,2.99520586917446,2.78446810729025,2.93990755572772,2.98011913861271,2.93027513345668,3.05269383499959,2.98937596806169,3.02742530153999,2.89002750112403,3.09082225918882,3.18104995920787,3.1267581565163,3.13638266141904,2.97288074826333,2.97670356044458,2.96621770100799,2.98471901222047,3.03617041389519,2.91691941874788,2.90284866141067,2.80159098585734,3.06869246904078,3.22186751992585,2.92895959442378,3.08801584008397,2.95520407984793,3.00079615513666,3.04799848352836,2.84289029425595,3.00265749408136,3.11587065426525,3.01812590818109,2.87177182435313,3.14540668649865,3.03149673134343,3.03389190607829,3.04963437572689,3.16182911796651,3.0769548564298,2.94961508266626,2.91268072608328,2.86729146641338,3.06832765057687,2.94812074760201,3.18416623444859,3.01429942745517,2.82757296403414,2.97183273234993,3.14034460996935,2.89345158038311,3.09258799016229,2.90322501917845,2.90678524928103,2.99482846662359,2.85936853069097,3.10997653563529,3.02544546816039,3.00020575311822,3.03815496951069,3.03850320018157,3.00482215240693,2.92649480815922,3.2296738438369,3.15412623413943,3.06675016346118,3.06399872660643,2.91523907648231,3.11072190504564,3.0018954344934,3.03340813361858,3.07029632795825,1
2.92788337588267,3.10706955690613,2.97659084883639,2.85939872793949,3.26885844457491,2.85887464884431,3.03636475298984,2.96906804827426,3.05207031752542,2.76187472514178,2.9984291102245,2.96299467848555,3.09053373826848,2.84867084969679,3.11589583931301,3.10301720345078,3.03742629342655,2.99445843698539,3.03735424089609,2.87442747583499,3.09471064469106,2.95875512807533,3.02596253165331,2.9935642306156,3.10185550350383,3.01754744675362,3.04808764032203,2.9575785094363,3.0637567407041,3.1037649062573,2.72428603702317,2.84866751954487,3.06804175379769,2.92446859801764,3.09322541265014,2.96445384106517,2.93277849119299,2.96945864033516,3.10749442737595,3.07968559847541,2.97018563705059,3.00014885319015,3.15562984856278,2.99312721326497,2.96212359930115,3.00030490546618,2.79896051032508,3.09155378555627,3.0008196305392,3.03289861468373,3.05230008297653,3.12204356868625,3.11850932124744,3.08715738722693,3.05004527648508,3.08266726335729,3.00076873233659,3.02826158204376,2.96711434782079,3.00207759269533,3.02725491363561,3.08801355287114,2.82427784442916,3.11468631455565,3.06637091486398,2.94930391937078,3.17085648595341,2.82927014234298,3.0929004653144,3.15711990977353,3.0904273075564,3.27633479989186,2.96537021824146,3.02165847299586,3.06005152928024,2.9628825870208,2.94383268204167,3.00073659076599,2.85948429729406,3.05066716719203,2.77609787124392,2.98951711240017,2.98436798787572,2.90797957824704,2.97182831871188,2.91833858852338,2.88261817828334,3.01712278052376,2.94173682713134,3.19571639727709,3.0176875782675,2.99094239595697,2.88943249793977,3.0155284208294,3.03998278605898,3.04498578345582,3.04453346936131,2.76914531811008,3.21711880633384,3.07914420329806,1
3.08420422814912,3.20386797435636,3.03075665074128,2.95721783382865,3.01223036578718,2.92978818922011,3.15413430152936,3.08509452197859,3.17433485669708,3.10739015205677,3.02224890031622,3.07852614091868,3.04927805788453,3.10239915286437,3.11240236672273,3.05886567113464,3.04226368646573,2.88477182226809,2.86352397275204,2.96424742247267,2.95514544493347,2.97739495511146,2.79792154556089,3.06279356445634,2.9580305701559,3.08120819592525,2.92177217331011,3.013195453866,3.1048072399056,2.77627476305925,2.85426589885327,3.03829533811899,2.81328902241767,3.05028051043425,3.29350634491825,3.0077890474396,3.0571055660865,3.10877312918849,3.03829439399673,2.96120810760919,3.03925302786453,3.08450078698858,3.12219439688358,2.98141721414369,2.79065870214276,2.95074588075551,3.00217213472088,2.83795476758689,2.97409486676054,2.84764771758508,3.0226903126688,2.93534283302409,3.0208919927423,3.10949185045297,2.9818156432467,3.03914248210996,2.96078569961964,3.15574182315065,2.83081438973954,2.85311737643899,3.04276830837595,2.84214063779476,3.12911035424336,3.07788511539213,3.06611222777011,3.14846892822351,2.94076684171806,3.09000181903462,2.91197461155439,3.14983926539909,2.8063731082477,3.09884620792429,2.96527036133334,2.93595809801269,2.96081823829182,3.07841901131638,2.85602527410252,2.99235114613758,2.89473031940288,2.95919715565849,3.09328756381619,3.09445678554637,2.9062990058689,2.97231108777805,2.90496702897263,2.97437261395483,3.07614702283293,2.72278216631346,3.04592737723224,2.9922183582292,2.98674076888686,2.80048647410581,2.9139239772725,3.00923236177361,3.17262102627274,2.97478385057046,3.03617503350956,3.03288510021495,3.10640318510841,3.00998408577725,1
3.04251887619993,2.96907624298197,2.96920628607424,2.9921044063356,2.99306374455971,3.17772108824677,3.09991863502233,2.86462840513943,3.17422144429418,3.17743949098356,2.84769782554404,3.10696657930202,2.97562710622832,3.00811971837599,2.97015070287784,3.02023220058918,2.90807398830658,3.15917354659814,2.86595771742977,3.21141613284682,3.02746667278419,3.19884121699402,2.82480057309915,2.93838967603383,2.97959048018035,3.19690578485828,2.93116048140235,2.82308695524052,2.9755287561857,3.17660409881625,2.957372835637,2.91883821579232,2.88453473209213,2.92267470967102,3.02429096102965,3.01835950346707,2.90935258824973,3.05379409032479,3.08565972091531,3.1136117598647,3.00907053136475,3.00898521487059,3.04285603566931,3.06046692069196,2.88581105548456,2.95305161373601,2.99885254655226,3.12181769111632,2.81329420234028,3.06175238681794,2.92916724396025,2.91070062593102,3.03429553878209,3.05231878351067,3.14764864672278,3.14204596554708,2.99812212729921,3.05493445628363,2.94845704285045,3.16885285922677,3.06978753505756,2.91193162830359,3.06613331205904,2.87330863895661,3.09270020311803,3.15282247693857,3.06571384673655,2.95826913606187,3.02448040705073,3.01665656929808,3.083678022297,3.13032133934042,3.12692085816609,3.07389404594607,2.94803217274281,3.07227946797637,3.13060793911058,2.97111686778698,2.92506852161915,2.96146728137476,2.79964013655685,3.11520873986239,2.94001070371354,3.05568454964623,2.80058740967113,3.04032310333613,3.10004689561885,3.08943215347999,3.04238475370908,2.96836884049781,3.1230704594953,3.01056331119719,2.97463226045516,2.7543014219033,2.94612686213472,3.02769874238382,3.01015316047905,3.09206121298148,3.2474856093524,3.00781374380725,1
2.81598653161603,3.00533280705883,3.0938282702959,3.0165709788634,3.00444739129566,3.04263396887235,2.98720372203671,3.01856970336758,3.08389609112518,2.89127610298777,3.26609275625788,2.98669821206966,3.0102438906602,2.84885629938576,2.95833081929815,2.93524579897382,2.97035164046254,2.9337645664161,3.10354560095675,2.98944344900603,2.86219765446226,3.02880568755371,3.08984838642016,2.90164519639997,2.93913325412623,3.0228760271095,2.87150712289432,3.03420771179616,2.93792556941002,3.06962508193083,3.00395828515071,3.13078583575817,2.95281289312463,2.99248630544842,2.90773434281165,2.86953448091565,2.91381917706293,3.11180126020155,2.86917471533278,3.07026222716649,2.99489729262026,2.96082101143843,3.08696246588949,3.10037790358325,2.93023146378053,2.9873316513067,2.99456488322106,2.77204319578372,2.7907947134344,2.96400508528518,2.98629218459805,3.11930351479671,3.03173498046664,2.89601016485854,3.11204261353741,3.0996134512036,3.08811648735575,3.11336280384791,2.92491907141746,2.94452245786658,2.99411686739025,2.80781368602441,3.08996220544651,2.98602773447423,3.05106698485831,3.16236547196451,2.98642894218144,3.07586711872838,3.05570596443514,2.97728613885462,2.85515474864591,2.89254356918009,3.08563303933641,3.17145971335943,3.18550494594009,2.70759229451008,3.21995591025351,3.11136378178266,2.92918034199945,3.03206546521846,2.77228644096423,3.08200961184522,2.91842078723683,3.08480021044032,2.88185514329203,2.94845748735636,2.93928841160505,2.9382497412667,3.09930533981708,3.04683247843318,2.79961117278449,3.05187184910749,3.03746319611723,2.9674409569499,3.08747756163581,3.13362107911797,2.9924685151327,3.15323913308695,3.02731330298407,3.04859710631963,1
2.95919094068881,2.82981467301849,3.07648569651574,3.00209661536542,3.21953730993249,3.04330178999167,2.83885750737754,3.11535354183827,2.8926476543178,3.04093584289824,2.94802034476075,2.92754319756921,3.03005156797979,3.23826689984621,3.18493837946893,3.00616984542475,2.88149992367975,2.84922308187764,2.98737237269861,2.96289636498857,3.15220764820886,3.03441036337384,3.03794057933214,2.89820672259577,2.95884096708051,2.94677781714285,2.94039257015895,3.08841988893364,2.98950027578788,2.94499734082438,2.9578866135261,3.12920803651685,3.16638472361569,3.10421304578465,2.77735304960871,3.04703800338698,2.96339420642629,3.06844189108117,2.83661625676781,2.96529176540847,2.85555771172455,3.20303632965055,3.07768414688005,2.9523259398715,2.9915798912069,3.03331726458676,3.10904797878216,2.78395104002322,2.89096032073269,2.92824270283016,3.08970331856684,3.10660257646963,2.99164476151249,2.90771884939545,2.8390626881426,3.02217749312413,3.11826760630374,3.06128886270895,2.99139719439462,2.97774263961466,2.99015045215803,2.88985204113807,3.0194103880341,2.92542515681141,3.09181142446575,3.03239961450926,2.96902056692504,2.88548865548451,3.01833012921639,2.91805936517223,3.00762959890715,3.12063279390727,2.96024825686594,3.01442743338816,2.94074599890738,2.92648736610478,3.0530885665228,2.96748996137932,3.22397764576562,2.7905708793514,3.05518806850914,2.87163712915517,3.06965751952975,2.85232109286349,3.21450027406341,2.82005778848252,2.86705075691702,2.90421278522052,2.86861623720847,3.00121191332843,3.01947970282149,2.97231651264641,3.01162198957838,2.82278673571648,2.99448512079349,2.92551083633273,3.12875294183281,3.11073989089605,3.08591885520545,3.12197209308662,1
2.98718199122647,2.90357089267583,2.84492574824585,2.95135140194664,3.07494645054548,3.01562587027455,3.04743631531131,3.13382731090262,2.89732299200219,3.04842787907849,3.18877397130627,3.04706182535319,3.06433696506877,3.20595893404336,3.1765212424831,3.04469667854627,2.92294927357683,3.01720801814056,2.90765190702754,3.04997896027089,2.97261752903703,3.12588856711212,3.14349989619953,2.99827784699303,2.99497862641776,2.89981138555241,2.959195502667,3.10553008805106,2.95077105267778,2.95532610611698,2.93896057015768,2.89309204942051,3.06490908605922,3.06939980114626,2.87342952162548,3.13556920237265,2.88762303978232,2.96949249394726,3.02574530680234,2.78330109399088,3.16686851146962,3.22120680343721,2.91605350812022,3.05881156122544,2.95963214733056,2.94682512778218,3.04850943942232,2.71708224776025,3.11761718245235,3.149890750593,2.91317683496777,3.04261281794704,3.09097370002872,2.9515154992575,3.11874211606551,2.87430080451182,2.95949492993575,2.9947629812916,3.05151821725697,3.11756138423445,2.88987501313686,3.12742154118471,2.84503031869845,3.09379190334095,2.93174753581122,3.10671075945127,2.93047903200102,2.90565582762274,2.88152704866354,2.97985194231199,2.98286335105991,3.15646124403303,3.03627076989087,3.02981769442501,2.90552804481844,3.00060480071892,3.07064094026256,3.14504624303487,2.94594982782295,3.09003482057013,2.94295224806951,3.22888081938846,2.81320002750105,2.98139794227451,3.11445715340118,3.04043193499475,2.93095464354324,3.04934528946183,2.87408348421965,2.99633194476954,2.90569942991295,3.17207773463754,3.03070917433956,3.01205013337558,3.0315742808994,2.8832869301888,2.89684766973752,3.11663595873814,3.03496010778346,3.17664107326065,1
3.04447651241516,2.93698222788202,2.99677341696694,3.18555535368817,2.91129006970771,3.09154746074684,2.82987237244152,2.99617912683235,3.13443623737933,3.03757565433167,2.98707159740353,2.7633371343094,3.03212017208232,2.94697639466966,3.01594598644574,3.0267497006904,3.03530070469719,3.10130321008874,2.93617985127107,2.85460382645,2.90040441972123,3.06084537713131,2.98339747587323,3.15325290935877,3.14083450329997,2.99536137446076,2.9668640209032,3.25927661621301,2.8569917743239,2.95202347942004,3.12994488743718,3.11164252779988,3.04923169711972,3.00611137262891,3.14225161597922,3.05434482613499,3.05849883749389,2.86858260154018,2.99921067763821,2.94346613789505,2.99408262797955,3.0721207307702,2.88922398739312,2.77730594405775,3.17079275519679,2.96517042504173,2.97698745396755,3.00983037127616,2.92064897866588,2.99705163281323,2.9323651840167,3.11124442822319,3.25313546629425,3.05003405901003,2.85690684495903,3.25764686489886,3.0204295050077,2.98573938730668,3.01802650536274,2.97367505488972,3.06974369278019,3.16114373349296,2.8808006324662,3.14373462544,3.0389782890525,2.89246350017904,2.76581816297818,2.944747388447,3.18722026652449,2.93017274133306,2.94388028207829,2.97419241157727,3.08391972406685,2.97946072605234,3.11785392445583,3.00512757655418,3.03604994132135,3.09647060197174,3.14652850793753,3.06511131059165,3.01648000013247,3.02415107656477,2.92366748425296,3.13483677394357,3.17509621274343,2.97291433707655,2.95773924263453,3.01126344649852,2.85892014289753,3.19952777486967,2.99773700878637,2.96687568766009,3.01388285320646,2.94597564203329,3.08607234221063,2.96170631564742,2.98899702176381,3.13128559579602,3.02519232022527,3.15925530812136,1
2.9863829908434,2.91831053707976,3.04702216967062,3.01672608257494,2.93666730508941,2.78879423388737,2.97770181905347,3.03648378885799,3.03052604704952,2.89973624291808,2.85437697992032,3.03602085769602,3.00374428956836,3.01286447673008,3.06913721881228,2.93470333871292,3.08905575801322,3.00442886946362,2.98182217979352,3.09150141543943,2.92406890601987,2.94901679811524,3.07320563668596,3.1091961226145,3.03850104524495,2.82870426837204,3.03630044013713,2.93917286198509,2.95512061638585,3.03912089861357,2.85412625189583,3.10309780721507,3.03885114295384,3.05826553512058,2.91259243627354,3.10901291632532,2.93891650116227,2.93884823142256,2.94344384467501,2.93073596768255,3.18777896935824,2.83201712176757,2.99524000273029,3.06246970025486,2.93241978034209,3.13228044272215,2.94499622023925,2.84565201108441,3.08868941188569,3.1490079487527,2.97953488197201,2.76055420477277,3.06453806651053,2.91049790113631,2.94165638043986,2.90777101597943,3.2102956409926,3.00189041609015,3.15332013604758,3.07048690587408,2.90337796961359,3.10642550857184,3.06334510136683,2.81998606601248,2.9089535397017,2.99434267720825,3.1312176563699,3.11601799621796,3.28401210926685,2.90428113688576,2.78312925427207,3.09307570425302,3.04139424427506,3.11317252101963,2.9965309862831,2.96559346334113,3.15045791087076,2.96540366254333,3.04562834106909,2.84896984546341,2.96442844708367,2.99890888632026,3.04598383568065,2.97707715487214,2.96036033177923,3.12474295589205,3.07947790931125,3.1933789857717,3.11379797021752,2.80228372344388,3.15920584303481,2.84671847945135,2.96184037706473,3.11619592165589,3.02670255047317,3.17704703256343,2.89904117516281,3.09934484635541,2.90573861440687,2.91526422754354,1
3.10267939722127,3.19986782251524,3.11369112154981,3.14800419697653,2.96561879190977,3.00657266213838,2.93634503129025,2.85949812537519,2.9307980560653,3.19742877320338,2.93455932624526,2.88411689041501,3.17210303825657,2.85160684389794,2.8691954982031,3.11172491799225,3.00388773527552,2.97654935803763,3.07349677201667,3.04791109171751,2.96227616400012,3.32267171201022,3.00406047219631,3.00176577538774,3.22846265499771,2.97397300895821,2.9857909762206,2.98814941717297,2.92368858000787,2.87920907279409,3.06345770195556,3.08887318735994,2.96973980295019,2.94290340818155,2.98497477858611,2.97298667033224,3.1328268680132,2.99192870858212,2.96119710687914,3.02947752196269,2.86911719718579,3.09412951019494,2.93761502951456,2.88815316178409,2.87454173973416,3.01166817173187,3.09211571811606,2.98896712894785,2.98433471173883,3.00949617656976,3.16619353250639,2.82346290251966,2.96475649404748,2.97276494953344,2.86029061423209,2.97844610371655,2.85823125339541,2.75458241218683,3.00999097596541,2.99954442929207,3.13228272691234,2.95392936327179,2.99974012482653,3.05749532781615,3.10933216443919,2.934979344697,2.94210406378262,3.0228662817648,3.01253265467423,3.02914400497833,3.01619016164733,3.13437067968548,2.82412327256651,3.15315814393534,3.11514876616954,3.11194717220911,3.00211570281782,2.79912181590293,2.85122089632188,2.96855843477075,2.95028684768882,3.03231382473899,2.89739655715404,3.19668952627845,2.96013715468588,3.00478544365753,2.95226392042921,3.11309711041072,2.90447310994532,2.86080907151019,2.9897409286008,2.90660283362333,2.93070294878009,2.84883894208781,2.90782108692002,2.91765062720192,2.94946696264154,2.98562848734386,2.96595032910006,3.20681120916495,1
3.1003520794405,3.0231761095513,2.96365825874837,2.98887091970808,3.03868321538305,3.13306765445415,2.97416353189497,2.87266934417652,3.07810604076868,3.06837763834286,3.18005620413827,2.93126861639478,2.92074402533041,3.22316672680735,3.07849642967842,2.99058510601335,3.10854850652222,3.11012830312746,2.97427923570486,3.04121481170327,3.06918465995122,3.07715203997467,2.77390809097484,2.90327820998937,2.92410739610612,3.07531679088363,2.87245448915136,2.97593944267771,2.85652526291292,2.92102018197081,2.95401276072427,3.01383541314307,3.01695890943235,3.04639141367436,3.01810449610361,2.81083988733356,2.95475257780308,2.99248054385342,2.73255848176811,2.88506715071472,3.07004080649399,3.11653555224501,2.80495089330467,2.86872363744153,2.81679108685103,3.15805711960575,2.94318420904975,2.97810099350779,3.25684140045489,3.15369775707068,3.14829825467758,3.03602075332205,3.05714393777548,3.09535144227429,3.14686970591023,3.18902570073902,2.99415170315148,3.13985123934179,3.15669294490441,3.0246455993571,3.02099128594398,2.99428050316904,2.8680469769938,3.11805610119573,2.96281542078567,2.89454310653074,3.10615867622624,3.13195841303327,2.93906712710105,2.99801460939408,3.02981724351533,2.9410535399859,2.88362583562654,3.16584626653958,2.93430618679415,3.06108687226322,3.04696729387789,3.09831360062863,2.88695708828888,2.98493732446046,3.07031905890429,3.06373975315921,3.03467236432463,2.8986993786593,3.0684911737273,2.89003528580233,2.92277686135318,2.95291232374411,3.03312673848585,2.82602615469491,2.98211436116753,2.94475312446813,3.07551657951514,2.88359177809271,3.0198237071558,3.08437139695856,3.06340923982966,2.83098046816932,2.95370731113792,3.03718108383343,1
3.1373639211964,2.93423924858988,3.27827113155562,2.89593444811084,3.07666964779026,2.95512482549793,3.04861056379834,3.11510066581546,2.97809959120734,2.83785598453529,2.83813669171115,3.03032082917695,2.95834208330666,3.00648751354473,2.88338177441591,3.08277392092678,2.80747483085228,2.87877422819595,3.09836641682261,3.10821363449236,3.02149690366665,3.02638208126415,2.9594992350346,2.98811472211912,3.00436337593169,3.08122253071216,2.86916857345967,3.10927630840087,3.11354096178553,2.96414698310886,2.93024163242134,3.04607460436035,3.22724470682555,3.10842288813835,3.02683942786723,2.98709144485642,3.09023910130914,3.09355630827575,3.01418921311979,3.01754986494891,2.76851343003869,2.81177142042181,3.06406386445285,3.13422487106065,3.09287827061228,3.00803727860458,2.91828684787582,3.04477493975009,2.959876899277,2.91813895149821,3.19148994234426,3.16360408252483,2.98168651230793,3.15604798428297,2.87683141818473,3.06177793010204,2.88762550925541,3.15731327154631,2.94146102004892,2.93646017777421,3.07559409269003,2.93880237766591,2.96158921303507,3.16965613145527,2.99258344628126,3.12410226654367,2.83678776242869,2.85601932307684,2.80235657564289,2.81737511244817,3.07044202045508,3.16267301686883,2.95762300483353,2.98487568829292,2.99276882553207,3.07019174498651,3.08149117123644,3.02600989874845,2.97961889393269,2.82026273979431,2.80052648272258,3.06382238850202,3.06259813743508,3.01824629168317,3.01955721064104,3.14632955163148,2.92351754199199,3.02157425885915,2.93910466429137,2.96556221495477,3.02191154440966,3.11307196735082,3.07168019176943,2.84842439699558,3.07504207096029,3.03000383957891,2.88646714869755,2.97482546846736,2.96544827810512,2.87697573341742,1
3.02984799759034,2.83199594568093,2.98833866498069,2.88387044973161,3.13216519620885,2.93492232070825,3.02679168195207,2.97054743386587,3.05193593876863,3.1137466618635,3.28683081966368,3.06109421409715,3.05788018271255,3.03196760162208,3.14364540447355,2.98105537502284,3.0547309391994,3.1019234945923,3.00734882415112,2.96812012056535,2.99652192246321,3.09347915204821,2.95022010412833,3.13597033719261,2.93155688967878,2.98536895862359,2.9960820899162,3.02407717904939,2.9011533117679,2.83848503764594,2.96752285989081,2.93919867797813,3.03082272972949,3.20290691026876,3.09131931870694,2.9048619794134,3.22028517505597,2.93914307846671,3.01938413400773,2.85717076460623,3.10304400153216,3.01052116691956,2.84982383589482,2.97883079952245,2.92424425003728,3.11327236463716,2.86330782526221,2.9463279080238,3.06632963562929,2.94588677717049,2.93978975934719,2.9727369822513,2.93726112958551,2.88489013066593,2.99812892930813,3.0987086305853,3.04092468314479,2.89784192764233,2.87444143689717,2.8664841002459,3.19522322689338,3.18232807267317,2.87970480948539,3.17634662867833,2.98070958755425,2.67245779592228,3.03989310163904,2.97182976253559,2.90856066897644,3.13158017966089,2.85462242112573,2.83039908279342,2.99148749035948,3.02591790011504,2.90503107469575,2.8911309774903,3.01102457243217,3.00911917515652,2.98590510302468,3.00904206139318,3.07629611029312,2.88806604912668,3.21721672248794,2.96843837854304,2.97152296315448,2.92914624124356,3.02732089436628,2.91982380418002,3.07736999634933,2.87260694322782,2.96909669849352,3.06369852478261,2.83767467478923,2.96482410182155,2.97356370594813,2.79183976281079,2.99107880531438,3.04727132576004,2.96718360434023,3.15326131100041,1
3.03224619003853,2.92453068960776,2.97145987624059,3.1011819144445,2.95573030604401,2.93497532761802,3.06729128739026,3.06177293546191,2.94433990402235,3.00742123799936,2.89034452057868,3.08146252938582,2.88090271730838,3.07214593490788,2.84661473228418,3.10637163772306,3.01376463205518,3.11764005010638,2.99964555480463,2.95083739578866,2.86382153829207,3.23860857767113,3.01356695135873,3.14055375076989,2.99438584109427,3.09316917468803,3.01410856853998,3.11054701275005,2.95769388489106,2.8968894705754,3.0177447823648,2.97923211660539,2.91465317085395,2.97031954449722,3.05551797469484,2.99490103024935,2.79094477961514,3.12360015036476,3.22559645209383,3.09129266440128,3.00005038225471,2.86164619651537,3.08740678879135,3.01684636318878,2.93060248867692,3.08295496779851,3.00733647249063,2.81690995199359,3.02376050296854,2.92744303581853,2.85642900299155,3.02137363124665,3.13299411866623,3.12173869545905,2.99480345244175,2.91489001118029,2.94846736880557,3.03636926200606,3.0154459141449,3.11000647506306,3.13696490412703,3.17306686481973,3.09213383874197,2.74556000766455,3.04061541831363,3.07383208326789,2.92573603381752,2.89068541363758,2.95614167977164,2.89770538904245,2.98305374219958,2.72203560860966,3.09034841075687,2.90524976709526,2.95093339471573,2.93582012249246,3.0011707723447,2.85397249439611,2.98391002039855,3.17412215095416,3.03164555804537,3.12165104681045,2.90200907758941,2.7975693038084,3.09432262572609,3.06798379397703,2.99461179419488,3.11775805127011,3.07195764771922,2.94486762588414,3.04344742593106,2.98439927874207,2.75514830020993,3.08502540909011,2.98958683201721,2.92106911967432,2.94806170452364,3.24539176596436,2.84242862978335,2.91468213880786,1
2.8618136035622,3.03951850755719,2.96698367053282,2.95948445382609,3.06021673712939,3.0411771197051,3.0481814679998,2.96309894844952,2.92108785092498,3.08261948632875,3.01140821869434,3.21446611292098,3.18609378519252,3.07803461721914,2.87333641117044,3.11598695199106,3.11978542389325,2.9496079045688,3.05628552865983,2.91428097052684,2.95431244593667,3.00253113115094,3.00577413009254,3.07386444019692,2.97934063706049,2.94795350349553,2.86296726412995,2.93468614676108,2.90350741492305,2.99287415621006,2.99310642370937,3.079005030554,3.06085120242389,2.87317162959619,3.08571735606,3.18657220716069,3.201756572496,2.97653976189695,2.85264760561587,2.98555853510981,2.93687615089561,2.96850848430314,3.1445624368913,2.96923549341565,2.9543624641667,2.95319516384988,2.99408705939379,3.06259187172839,3.02356327619669,3.08630274094422,2.9886985141133,2.88722220049098,2.81441268898193,3.07382525422679,3.11072082962617,2.94193949201268,3.04767719988141,3.20554382903202,2.87703977346592,2.99278473497957,2.86206693556896,3.04438271650119,3.05981155438345,2.95755259197697,2.93070187402156,3.1795991652637,2.75765884884814,2.97848637171972,3.09246008483403,3.05719335277176,3.10730318999949,2.83924201846701,2.99603738664172,2.91238899478983,3.03469441438635,3.06200443105645,2.73834279429431,2.89251574023505,2.94815745546271,2.99355288304821,3.18473406577386,3.04050371870992,3.23068559277026,2.86199978724919,3.06153204859119,2.99067491277354,3.13586894276466,2.85880344047634,3.01798283494256,3.13436465160438,2.94017505534786,2.95557416438257,2.99278795143168,2.78840585073562,3.04838777319886,2.85958661944111,2.98911592292581,2.76350465907507,3.02650745931392,2.98331279465176,1
3.02532418108936,2.77684761091043,2.91414092655833,2.74796696174318,3.08659640338024,3.07488516162973,3.0399923424145,3.05012859591856,2.73156680773589,3.07549810300471,2.82690748799644,2.90551198936723,2.93261258957978,2.92108633809892,2.95367397253461,3.03172451765859,2.94235260120884,2.97067664583436,2.94468065225196,3.08819396991615,3.11248235781791,2.94856918054971,3.10442863794851,3.10096908950189,3.14819537173328,2.89053494349542,2.88687138427164,3.15779881249264,3.117011257799,2.93038451105314,3.28245867237394,2.96455765511382,2.8094288993477,3.09263552532042,2.98561494924048,2.89764276857371,3.02710584797558,3.09926910968458,2.9472880603813,3.04300070124601,3.18529099548286,3.08937377898918,2.97162639709813,3.12173539452793,2.8679552579048,2.8279177989133,3.0925099511634,2.9991805305465,3.0255179471309,3.018660981505,2.9784656619229,3.08746803801914,3.14052952703613,2.86054677060189,3.12918730593063,3.00404264592706,3.07298998533527,3.0601166624985,3.08067108297015,2.99972067264312,3.12173292876497,3.06648426534286,3.12440039602192,3.03415343225712,3.09054700774409,2.97132276512791,2.88306020108636,3.07270919477021,2.92160045445898,2.86717719198927,3.15344781160885,2.85016848609164,2.90875925364282,3.07032703027089,3.00873246658334,3.11964094338924,2.85186495093272,2.92115024202199,2.93002158490019,2.9668464738776,3.11646860165311,2.9170102022218,2.92193875447383,3.16574189054292,3.08994913199905,3.04310688858603,2.89904819491148,2.95253938934527,2.99213355150451,2.77846635025931,3.08809212801413,2.96836164768223,2.95262508025407,3.0009036873987,2.89986009129984,2.94636781766942,3.08151198658264,3.09202506513681,2.99388077188179,3.08136918719385,1
3.13077538345195,2.89985563539938,2.80460930847066,3.13191387722546,2.85459869287085,3.12836963590547,2.96807389519132,3.11636641428284,3.1176308574471,2.94059714149335,2.93521518529915,3.04499462448028,2.95859107837011,2.9364444262022,3.02855628644681,2.83847119479116,2.97599304588186,3.06701351666057,2.88827449966151,3.01379668323773,3.04288031986134,2.91944306299837,2.9532958984615,3.05817988186809,2.94392532423202,2.93173485735035,3.12848039366269,2.77740233069214,2.93238725264205,2.97051624523253,2.93882017768911,2.92069118074095,3.029663822537,3.10104995475798,3.12329767468176,2.99373616352192,2.87965332673545,2.93487830562085,2.99216987791892,2.98806575212561,3.03717247059727,2.98813394568736,2.93495970889911,2.79184197113416,2.90086462421172,2.84570251486739,2.98088467564033,2.84156235325829,2.90644615890237,3.00965301514835,2.98609662123003,3.21477605529956,2.80530315964323,3.05301008500228,2.99835026711659,3.07557298369736,2.970112439267,3.00248894625555,3.1349232645858,2.9958798522947,2.87998989569256,3.00830203968171,2.86257376095058,3.16358864394109,2.87900595873708,3.00658443499439,3.01646468840914,2.97208935279553,2.92856275257001,3.03864293925087,3.03521974165171,3.02972348413399,2.92545924659065,3.01672605214187,3.20492696879393,2.92555425396963,3.08168636165579,3.13200780807131,3.11747664140313,3.1278995422666,2.99505813651706,3.01991876882063,2.92154124085035,3.17335847706301,2.92658980500417,3.03718283657574,3.17974800852288,2.83882371962495,2.89009216338366,2.73125769128368,2.81454329897574,3.06119838673035,2.88330517498048,3.04379093152387,2.91522848644859,3.06377577890104,3.08887549660371,2.85983024271243,2.90491412713643,2.86176441116409,1
2.98185474725033,2.9182380822725,2.80696962447614,3.2356892264287,2.8520740430323,2.96495651817166,3.08827687565031,2.8827557951498,3.14790208259952,3.01336453520414,3.27309539142281,3.027506856264,3.11081124929712,2.82553929780989,2.85222069561483,2.94490111146588,3.02846490946533,3.13738751548078,2.91567806611059,2.94621852972015,2.92694383201217,3.11914248193368,2.99667584374018,3.07096021621056,2.96819937140145,2.98846219312018,2.9278397965925,3.15204898973794,2.93700348500712,2.94019539241477,3.15170226633284,3.0510850152181,3.26013713397192,2.91111428675536,3.12776873754057,2.79538165581055,3.09231901822069,2.95581830274734,3.00414068745917,3.11790290523918,2.82375661910485,3.12938563247873,3.04068835016626,2.91089168344848,3.0090876582481,3.15219496926366,2.80801763037641,3.2428637482245,3.01674087056629,2.97371897622898,3.07100507220755,2.98648888466049,2.95707740048128,3.10819715733245,2.98708836031336,2.8799531671663,2.99335798997164,3.04882507089144,2.84916207886125,2.98151748641904,2.88468543115325,3.06713167712091,3.00140877167182,3.10080904874294,3.10860192191688,2.9616899745131,3.01036824112117,2.98453393035065,2.96307510693422,3.02139864975868,2.91338886990849,3.03763488821847,3.00802185333908,3.2037398030979,2.99605471442412,3.04077358846762,2.99191071224766,2.9427246549351,3.05734469469942,3.01272947398856,3.22422771240417,2.96888518460851,3.16848422460493,2.98534415997853,2.94124215043135,2.99042487005553,3.02966966816842,2.88980693520277,3.04017362874249,3.08640393656802,3.05044974396412,3.05665137962951,2.90005896805664,3.16871511339943,2.95835911664162,3.09179991576378,2.9987219526857,2.97025221873781,2.95498249181633,2.97112705737711,1
3.17195528297445,3.12172792202564,2.94796210438764,2.97901478464656,2.96337140119849,3.04139816226158,2.84894238274249,2.92600040034068,3.0546793310527,2.87546270293503,3.04665594667135,3.13084841128931,3.14785455204148,3.19367060000487,2.98139061297568,2.99602523433297,2.98355268843894,2.98367345867685,3.15132510643104,3.05291020546032,2.95013907134434,2.95506585431366,2.94282613104862,2.88218292380144,2.77541392509668,2.85675684324036,2.99041584248032,3.06287359414966,2.88481918868461,2.99787305586003,2.85331370137565,2.95863897955745,3.10913526807043,2.91468536559808,2.88156298322151,2.97610812682829,3.08334036325653,2.96082154371931,3.00633337630111,2.89909346395846,2.98850887207085,3.07425305212297,2.83708057406508,3.01465555349074,2.84399089326362,2.75302908693243,3.02164391162215,3.06579450334811,3.04712621118695,3.03643496076525,2.91352134832509,2.86196048213911,3.1116334193548,3.03704378412172,3.01290577242408,2.88706800482672,3.0112098603154,2.91100342375353,3.15433256070364,3.11385653255605,2.83616124267871,2.81309548782096,3.0260604888923,3.21182585785735,2.84324956096642,2.93425997868141,2.90732334020705,2.85157916880392,2.93754124057551,3.00659670703715,2.94539589998037,2.97903031221065,2.85108933390737,3.0082242261031,2.86321842308389,3.03318033581001,3.02072156048475,3.03051253997007,3.07055363160653,2.89270225267691,3.00505749576191,3.07623185937215,3.05565796767287,2.88312748272132,2.94189880269825,2.99172150487585,3.05430452482077,2.94342545462595,2.75717808158838,2.90880179144183,2.84565770912081,2.81151619037108,3.02366120159539,2.84342298646356,2.80710952835514,3.04952237472448,2.96352501529036,2.92528725368385,2.95248296386269,3.18219650233299,1
3.01819213840813,3.0112595198606,2.98819962956079,3.06076301213137,3.17618461232529,2.94331298210496,3.00591394463776,3.00773327148729,3.05343701773504,3.04072077517487,3.19573767925336,3.20953263913856,3.10020513357435,2.94844911631237,3.17042695940876,2.91605932422356,2.99503904588124,3.00268878013639,3.11205054645664,2.96606380901774,3.04588322469067,2.9406930611837,3.22272224088524,3.1139646573278,3.06633445443896,3.02018035987002,2.89645052046505,3.06299086732557,2.88396678630923,3.10617947344967,3.04065443774106,3.01807946383635,2.96091681443286,3.11070013622233,2.97044753967889,3.27626005154032,2.98568636403291,2.87080008282755,3.1803489876324,3.01540949517265,3.00338058385264,3.00647783604818,3.08236845609784,3.08746749257047,3.15967676495681,2.94912422099527,3.09645599184213,3.16906590039721,3.01535649223372,3.15965526937248,3.12735887880043,3.06907431094544,2.87259361608127,3.09527064688865,3.01976205229948,2.96734633093347,3.05229683984343,2.98143392250434,2.86882017471827,3.05239687802889,2.8841668382551,3.12752112140032,3.2036100452963,3.11470380582204,2.94979431554238,3.09030578308937,2.93134947170704,3.226422689492,2.9389953447964,3.20871884520212,3.06926420644887,2.78238772797114,2.91406608763431,2.90515090992895,2.86570799421376,2.9823904057652,2.88413448410711,2.92531333272644,2.98751209565324,3.04696136376348,3.20824158051335,2.87820465970129,3.10165701061854,3.01162268276642,2.90060311583482,2.94976985032873,2.92102425253348,2.98158315329921,2.97308118195883,3.22919681622342,3.05648381008668,2.85296024251993,2.92928187704469,2.98947896233984,3.06526347087254,3.00989751582306,2.98205837534689,3.11449494285607,2.91303267322261,2.95536693436826,1
3.19339083523732,2.9418966150094,3.06687797198003,2.93633946243198,2.90145307669774,3.2166943952036,2.85648590388843,2.96079973710026,2.89997289115594,2.85894393233337,3.02216927881696,3.02497746437939,3.00354011709865,2.97401509403996,2.80051612219358,2.95790433579162,3.03584945610384,3.07026481768689,2.82464196179014,2.92685273832723,2.80843164606723,3.11747302195303,3.04952966250616,2.87201633241413,3.0279736483689,2.94814741466787,2.8696677174953,2.85864047985505,3.07949284747924,2.89609554571931,2.9333443489045,2.94793262598455,2.80431078901959,3.01478489863159,3.04530490542524,3.07239172403777,3.0676186123993,3.14732959483778,3.02997131377457,2.84401324688874,2.87464087560559,3.01938421915555,2.9287845940891,2.87400216111616,3.07129514652088,3.01399623879647,3.14503233482504,2.97929232042584,3.1061986447664,3.18808482031474,2.97880687921875,3.09594990105953,2.92776263052284,2.98427525051174,3.04184052567531,3.05298187077598,2.93975670229454,2.92646177684231,3.1172303093466,3.07701424231583,2.79863130429592,3.01141200506314,3.09841031270483,3.24354034498134,2.95354180767906,2.90297925988358,2.9074522529705,2.96943110593748,2.88305004833712,3.03822415112539,3.00610611319318,3.04611637825123,2.84879865233674,3.18275496703831,3.00504683852713,3.13065826238373,3.10212052576299,3.05925327420306,3.01961375170013,3.0008338396282,3.08995198187829,3.18050011206592,2.92921611485974,3.0646152514361,2.95013068600377,2.99852002073975,2.98607794122235,2.93130098790315,2.85911974451228,2.90708631045321,3.04970966515015,3.04842902695081,3.17806447450817,3.14649995415337,3.1898037621723,2.97723649442833,3.00684012923554,2.98104835897785,3.03023052239275,3.14771598370619,1
3.00633974788835,3.10241615627815,2.99578429486567,2.8172770461505,3.01334478536858,3.13526198849527,2.8599457804747,3.22527456615936,3.14166485445244,3.05160379477203,2.91810738970722,3.08652168879081,3.14869508300003,2.87985459704556,2.99475596947343,2.9726531461081,3.05625227396057,2.89894497970071,3.11229897971613,3.00303585096577,2.91193464121322,2.81635576573575,2.86142232089677,2.95489220709136,3.10742046037483,2.92397834333933,3.11349680944375,3.22085778486094,3.04964547253848,3.07369131428374,3.07734917590479,2.93778063677791,2.94677625843826,2.97479798834894,2.97644367815548,2.96438304972156,2.91736383499075,2.87655770062255,3.0970257498897,2.98610838275329,3.24547221304193,3.07568070000022,3.16349262828516,2.96142221446956,3.11065492567389,2.9105032158601,2.82268231539352,3.13302164378069,3.03930448872714,2.74670586957566,2.92891927105933,3.07232581244866,3.09203589273966,3.02102177159033,3.02115253439147,2.8737297371587,2.93763282892058,3.17229096824845,3.08929160224099,3.00643574085862,3.06628340424189,2.92964700500615,3.03875072857744,2.84934936949474,2.9104141005722,3.15301740714369,3.03546413595491,3.20808144252337,2.81628251953789,3.18843125748354,2.9806125324098,2.9006039341267,2.93284973792829,2.90133370091565,2.95343728202062,3.05489509657358,2.94277416343664,2.96334149225028,3.09243102378549,3.1258368113191,3.11308896759595,3.0013540360353,3.12093936543716,2.94674984460739,3.02658051910336,2.9993666473544,2.88479378896967,2.96106706000253,3.08046680812897,2.95493016573778,3.10650980526092,3.18399476551953,3.09932244107848,3.09787869489207,2.89526772280543,3.07393688313364,2.9831179707328,3.03737693466045,3.03180075426799,3.0325206349989,1
3.04467495540132,2.97231256496645,2.97815820154455,3.00116380471628,2.98119495057511,2.97117689108625,3.07205788158071,3.03041493816838,3.01610451155887,3.09799333657865,2.97408013546184,3.13016764625505,3.18725026097039,3.05091150121914,3.03706265474824,3.05154808398531,3.01191814357419,3.03004393091145,2.96093362470647,3.0465934924545,3.16876984643498,3.12197211646915,2.938080652815,2.86776213437523,2.98216293909558,2.87043856868465,3.04418162500979,3.02055538649696,2.67210407771867,3.10280662871281,2.79350388247598,2.97331648587975,3.1020178621339,2.98072830080848,2.89271117626015,2.91797374560267,2.96537396969718,3.01780344557641,3.17686145871777,3.10442638216589,2.99369152891335,3.00146136412278,3.01513095698189,2.87788542626886,2.92992071869052,3.04636170104494,2.83719006385797,3.01384490662789,3.08520658900517,2.9742003646196,3.00334924983889,3.14044135796586,2.96395759827073,2.9882502993093,2.96379310305425,3.10994241571638,3.11177344942185,2.90998577928628,2.77865198860326,2.89142887096116,2.9659074363172,2.98289971888439,2.88124817086753,3.1005914771457,2.99270171615277,2.97726151869727,3.20284137736262,3.29882419725685,3.02268090053914,3.03439424372969,2.99616703789543,2.95080311252577,2.930391928615,2.92679434608797,2.8366332117986,3.05306522233752,2.94796418247019,2.90845223241123,3.0278971992595,3.02594591286214,3.03328484767438,2.99797089153297,3.13632449398393,2.82125483487654,3.00437323150016,2.95219053296691,2.83221202981504,3.24050866306882,3.16525295320456,2.95452260058704,2.85361072117628,2.933810982845,2.74365453431854,2.86854693989784,2.9812681579658,3.00163487221629,2.83766581512247,3.04505227602124,3.15718637212465,2.96994812939895,1
3.02510063543885,2.88851593020091,2.82224706222017,3.11702871400064,3.09618006208165,3.12028814477887,3.02490222887534,2.94204145855595,2.77807424369367,2.87115841643006,2.99710220051286,3.01251137230962,2.8699265317131,3.01112339815113,2.97095777150221,3.17378609377919,3.06930909393742,2.94185353349366,2.93454765019784,2.99757225277014,3.03145980065776,3.14592426319352,2.96912535107914,2.85042993509628,3.09681420021635,2.88462904149605,2.9573094302246,2.76770704877276,3.03231036855591,2.88523727877635,2.92714053555028,2.85091282592691,2.95062973949549,3.02801536477233,2.9520986198882,2.90004374983582,2.94692018320218,2.9262521984682,3.02660654256471,3.03934138793376,2.93745070907278,2.93296360807757,3.09452057178497,3.07851196914313,2.99676608253769,3.11299098845741,3.001602273776,3.25084873987726,2.71436494919639,2.9787365619131,2.90203921303819,3.27399022880244,2.98083223287761,2.9952110557921,3.09345428916299,2.86195630503194,3.08175814599204,2.97120832513052,2.94783309556939,3.01199032406719,2.87627379423663,2.94697930758666,2.92367118776668,3.01105402797122,3.01401415810068,2.84997989186307,3.11483190376281,2.94269895867867,3.0423699664109,2.94587999121447,2.98467476643264,2.93488321395122,3.05913659415137,2.97487203842654,3.11913240158331,2.98525940993113,2.88641569745947,2.8685649345294,2.88155043884315,2.9427462830591,2.95453144479149,2.84700550054139,3.06026210353249,2.85568883464438,2.97902587693632,2.82840626959868,3.05203468655502,3.00512677700123,2.93104805439617,2.9440262873856,2.85013386529092,2.74925259181041,3.02379939412728,2.98223018533235,2.9225728207391,2.82870800818537,2.88096259447911,2.86297158442818,2.90997758677244,2.91062767125325,1
3.00213584785816,3.02545284979194,2.87340406408383,3.18013136154688,3.12240604246111,3.01272687479934,2.97975037001894,3.01301007811672,2.92621483504186,2.86248006579276,2.96808603858993,3.09778556531466,2.87581710885723,3.03322010532915,2.95781232865305,3.04899011943916,3.06448599035045,2.96228849941835,2.95955486576007,2.93766016628478,3.07013690510865,2.97216523210246,2.99075818253805,2.86172107852714,3.17430398321027,2.92429188995191,2.84305381714762,3.11870701073842,3.07482208238063,3.14917332184463,3.01346916100973,2.99303184450862,2.9968939803272,3.05474460479771,2.91156523414085,3.11695780492537,3.03217346078423,2.83758385948742,2.86738406648229,2.86904909784709,2.81680269121047,3.09646791074928,3.06026336242228,2.99874145466468,2.83499774049424,2.87543547435527,2.97538599710695,2.9339480333983,3.07410111446258,2.82413532216765,3.13373258310329,3.1142834537306,3.04978697727944,3.10573018798047,3.01797712710844,3.02351237221916,3.13887984798448,3.00661822610948,2.9250691305548,3.14939433902891,3.16375483420192,3.05763280768494,3.20625635979173,3.10090263268953,2.91031862709699,2.95403740488665,2.9168299489513,3.22974425291635,2.84583250944145,2.8347953906911,2.91538524067796,3.17170313175726,3.1718642379834,3.07298882485493,3.06131746824127,3.01310511648623,2.9255222972044,2.97324518980642,3.21995607478095,2.83543434942371,2.87650710307236,2.90515487147208,3.18702981673239,3.0077132456265,2.86783964498466,2.949857126993,2.99329306367792,2.91491959624294,2.99658391576255,3.07917267776242,3.07334713944167,3.08025314409112,3.11609905784363,3.10286044998103,3.02684572309615,3.0532402082004,2.9418001845084,3.07096617799877,2.96416028894943,2.96168328568414,1
2.9964471310025,3.04097165803996,2.90112992652197,2.96800428973569,3.11743058007607,3.16175685443997,3.00461455515829,3.03753213206198,3.04192851352576,3.2490288317586,2.88683142444768,3.13621424342039,2.88717453858684,2.85395540360843,2.92916333472642,2.85599745381407,3.17425787263274,3.00173728467157,2.81259231950924,2.96069884773294,3.07142092856937,2.85125271232357,3.12655500840232,3.03737095923114,3.11039980285967,2.8205496992145,2.95246811932264,2.95275558250638,2.95421230337734,3.01574024258027,2.98715529197994,3.07353281954168,2.82990093359483,3.05208412777542,2.99287429344745,3.069645799092,2.87578463951391,3.10232751062459,2.90087758158221,3.07382444046741,2.89544005926,2.98495984967497,2.85243550775885,3.16341813443123,3.04115802964625,3.09670483817486,2.93422010327521,2.92732409174892,2.78834045610958,2.85299117641566,3.0149579647196,3.04607724578535,3.08637930467333,2.94637119246917,2.96182624372596,2.96941745819422,2.96187720113668,3.06739242021671,2.98380736217564,2.93332812932749,3.06050377103165,2.91788183143848,3.26772626329815,2.96120611657169,2.76979579761569,3.20324432789131,3.02605715099,2.96876190133668,3.0558308890293,2.8138354526615,2.99986218400212,2.9121225612986,2.92650802023408,2.83567368992468,3.03361693076408,2.94761173222996,3.13599760657985,2.76904747176685,3.01473248704354,3.06754559606514,2.86299052155709,3.01760415212794,2.82582208741007,2.9705904868289,2.83326032422363,2.9052427001425,2.97888344059472,3.06089547206747,2.87363440038703,3.06779918960978,3.09448227912094,3.04013944591511,2.94594042181406,2.98449814590338,3.08287537758432,2.92023229922919,3.05501394430326,2.91327098272086,3.10769233358581,2.99601266670345,1
3.25250248640231,2.97045846985733,3.01358959402114,3.188595207055,2.91236797543543,3.11100174004664,3.03350077672967,3.13427967749818,3.20164187968426,2.95753877399254,3.09973094782516,3.12735777953094,3.02654914746746,3.12570799043174,3.11345071667561,3.07176494009403,2.96071451467088,2.99556647091177,3.00854850996643,3.04913401791521,3.11466643640409,3.13788976679799,2.96545145551766,3.05970175812248,2.899593419683,3.03545567471917,2.94449774813715,2.80900654157749,3.14472465884236,3.09122689092527,3.01396136882255,2.92009362261993,3.25670433080954,3.14576386905949,2.88013987955433,2.95548592905295,3.06827371207191,2.95128047253513,3.08450044531302,2.9044870000815,3.11930559684509,2.83860969563089,2.97542520362548,3.00485437225325,3.01602408549744,3.13559729080041,3.08409860814518,3.15720999086436,2.85455707300175,2.90516281241472,3.07818342891462,2.86350485303432,3.02769821527343,2.93133334121871,3.06616188582846,3.0770750497432,2.96469141032222,2.86001971109029,3.04617480315645,2.98969727460013,2.89350625263071,2.97515620617703,2.91372477370085,2.98934616891855,2.90683338525994,2.9776305267523,3.0473085661455,3.12867423398676,2.84632939618352,2.90104641614444,3.08829552806902,3.03474412712119,3.03242962209667,2.89983220757979,2.97079280752061,2.98092807555231,2.98566501035198,2.90412682471659,3.18602089000458,2.95653542999695,3.0845692561839,3.26068469933757,2.86856036565528,2.95750440419866,3.09951269557543,2.98968164379137,2.77485957504355,2.93525079050348,2.97620188052449,3.05287156048897,3.03220343190262,2.96214709754185,2.97371731869529,3.02484640644136,3.22838996857283,2.94604981081229,2.89184721699746,3.08002669132397,3.11132084065012,3.03710716302502,1
3.08891269637803,2.87947141462848,3.06931074498165,2.9675196017784,3.09468207237786,2.96890208298301,3.06605958838217,2.95193287189608,2.89001097638539,2.91341387568662,2.75310460833714,3.07126948273215,2.83165571300062,2.86668024565123,2.90028634533842,2.95696229700468,3.04285286022031,2.98726467410773,2.89213507199221,2.92637066075006,2.9754312231989,3.13749511337168,2.92502786733911,2.91965313937366,2.9562487124199,2.80988604820251,3.0818006979224,2.99069729494906,2.97823862756439,2.84933713090094,2.8677964968826,2.98295618702654,2.99251720269056,3.19938375841431,3.13507139183622,2.79161121873072,2.83737981806979,3.02380589673631,2.96872476892366,2.94591163639718,2.98636323143864,3.0385197924289,3.02278062016024,3.02232328409531,2.99254972773153,2.85863225500407,3.11349857918549,3.01508033879162,3.02327773051758,3.07945498555956,3.00759803558058,2.82109621411936,2.91225614845449,3.08535150213373,2.96143765133546,3.10421846088403,2.96290847647437,3.21856101702579,3.01005979577349,2.99161827277207,2.90632195804328,3.02825520983521,2.82585643201663,3.02815286743547,3.08036019218481,2.94267800085396,2.77144664537953,3.06558149442713,2.99967040348584,3.14143424506126,3.24638870974191,3.02323907262977,2.97937547538735,3.03875528314184,2.96202795034887,3.14617185842698,3.04381060443929,2.87682880524084,3.19993544403366,3.1671215149995,3.05014488495631,2.86618378750202,2.90279357467744,3.18424319373108,2.9498316205012,3.1082982342855,2.92063708397646,2.90150338077254,2.85789475342654,2.95654509117661,3.04533670104097,3.02887149418867,3.07929751579966,3.15770163545066,3.09461380014525,3.01585537131002,2.94818137935205,3.10579831899836,2.95374627570876,3.13195870301496,1
2.89619979702017,3.0708647130679,3.11977881975261,3.00487341386628,3.05270787665896,2.86166426080442,3.10531459959494,2.97414241969987,3.10047444810025,3.03224256919965,2.950998406381,2.8450288595711,3.1119051857234,3.32020982528188,3.11410618722714,2.93052237651677,2.98376699838901,2.88055295754862,2.89432981846566,2.93586294951647,3.16393063221254,2.92580272650327,2.8933416808615,2.93353422804824,3.12955912303632,2.9716275360214,2.89200443880755,2.96522760479829,2.97181470691141,2.9647143313721,3.1868302681542,2.86905803056009,3.13505765267713,2.94524750322543,3.05950730903975,2.97844947559849,3.14494846222376,3.15291510229878,3.12914051362058,2.98605352359334,2.93829137509495,2.79786156434599,2.92153552764799,2.90742309057431,2.98032974011457,2.93194475516029,2.95070785517262,3.1228231546504,2.96550530996462,3.04250238224034,2.93496061415455,3.00410275792954,2.97926240691919,3.18125624171083,3.07645295954705,2.86933405299775,2.94620787802479,2.77921309718492,3.12801078648799,3.00105759495761,2.99758051245415,2.95409151528893,3.05344386473564,2.95989867099624,3.10924095334637,3.23226472988181,3.09822985192811,3.00219924104068,2.91435921384613,2.85362519437394,2.99327950036246,2.95244941625463,3.05704756844904,2.92661443254257,3.04634688706956,2.88055679630399,2.94687842220403,3.00012070775204,3.13416510459264,3.0652937557646,3.11074612028109,3.09130306113533,2.97992200971823,2.91049842282253,3.11156832999902,3.10680129308754,3.04348915213559,3.12966416009453,2.90120060660389,2.84534677086554,2.87680611530535,2.93591148528331,3.2230849013088,2.79305157159001,2.90350476197571,2.88881081296314,2.98067606150618,2.91267797829688,2.96110848619687,3.10255781490968,1
3.04955797702045,3.08761379243239,2.98553440818037,2.73609411279861,3.01184939897963,2.87910904758867,3.09977329113592,3.07210194739207,2.92104943201543,2.98229271053672,3.08455311646579,2.93912167481406,2.92709266001592,3.09563629419905,3.06337094304916,2.88015097957942,2.89475471979901,3.1515517217887,3.04832666275914,3.01071824027723,2.94235872771531,3.05725305017585,3.03180572538343,2.91477801913242,3.27511259804942,3.03531526639679,3.01241434401382,3.11008626396861,2.96544365130685,2.94196076673832,2.81720936676188,2.91726811188275,2.91340574712409,3.07280373676792,3.08981556029375,3.00492744807404,2.99867848588261,2.98315480371385,3.01274311283885,3.22833317756725,3.0269324592702,3.22986141496824,3.08842458680782,3.05157995637623,2.85467056190961,2.90733396221996,3.02991267940742,3.11786656815572,2.76606388695552,2.96899421179943,3.02733230234755,3.08723134738505,2.85397427906087,3.00430202652663,2.9293119373671,3.01901424271417,3.08671158404041,2.96408044616684,3.05597100571753,2.91501832469901,3.0579417156561,3.0521658974972,3.08369222869833,2.9609954400851,2.84943457299463,3.03674028591535,3.1720202660979,2.72305408327147,3.12599057292011,3.04379432838974,2.97027973717352,2.8695998962856,3.0564827819045,2.94716374769222,3.12776579231929,3.04106295774399,3.16353614503137,3.08770446226317,3.10149425500947,3.05206768979303,3.04980632015479,3.17477929798586,2.97223176064888,3.00218861660307,3.146273482682,2.91534318162214,3.02875606711669,2.8949223694458,3.18502221344204,2.92630846808192,3.004916951771,3.00708922954565,3.17163370989199,3.03694431888297,2.97512182844689,2.82082261686209,2.95144200021091,2.90464732015613,3.07150257865575,2.81350388342398,1
3.11769258050115,2.82482048455683,3.00519171613506,2.98792682099175,3.07048836890766,2.97415690261787,2.80300530736337,2.97009399629171,3.00162635707636,3.01585680609088,3.06050082446045,3.04925275156155,3.1631885228441,2.89966489451753,3.12854310505513,3.0111038112712,3.14769617660088,3.05613465844237,2.96208679158051,3.02083113122838,2.97787342181815,3.00528332122699,2.96763361651084,2.76345833856109,2.90247556500238,2.72764817917996,3.01336789023324,2.8884004995137,3.08321420004963,2.79781036954439,3.0969219872658,2.93972023966497,3.02885555139526,3.19695576258888,3.02254265145188,3.04285608384048,2.90392408573761,2.95463660417124,3.08372368885668,3.03219488749673,3.07214221140635,3.19718240359624,2.8973329637398,2.69773515270008,3.22741267134592,2.87174257340419,2.97612369044715,2.92340533850824,3.13865726359882,2.85962145418529,3.02698486565431,3.0024614089605,2.94325264445591,3.01636908963996,3.03010830006104,2.95035595178347,2.97879138535861,2.99440806596966,3.03982892279063,2.84998289314691,2.89644140353339,2.91067121006189,3.11109230502929,3.00503434181824,2.95508329722826,2.95375680897666,3.090961717556,3.08104590003125,2.92818168326778,3.12168973058159,3.08959383441632,2.74245498406345,3.01988218328394,2.76372801069002,3.04594599431633,2.96117771441895,2.95306597747106,3.00430724781339,2.98917424579358,3.03072866107855,3.12463930026771,3.04853756497542,3.07060657903246,2.92263046907277,3.04992158438257,2.97620290614691,3.05553281631359,3.0966693619257,2.85239124275418,3.19067407392837,3.025317426772,2.93547239799666,3.03176491251905,2.93087448401827,3.07927394608442,3.11313236735011,3.08881657355144,3.02831461001639,3.03875618741505,3.00307034978769,1
2.90201575274596,2.82122870920395,3.11114675493587,2.91395991739163,3.08159458524765,3.17000524374438,3.00873634085733,2.93496770982256,3.0586381730868,3.08115279929761,2.98164261817009,3.03198557894523,3.03887158356197,2.99159624661282,3.13117831735945,2.97053569344523,3.07998049624921,3.11363084116616,2.99252863427612,2.94665787126562,3.06173961969373,3.05864219978983,2.91608846425718,3.1164645785205,3.17298842355884,2.9294589229062,3.04001437991664,2.92418983089053,2.92688607397841,3.00352735915074,2.93977035946147,2.96401861820472,2.86355768447221,2.83693970282303,3.08221595697672,3.16942229549334,2.91183814482527,2.93327162734635,2.90338374370733,2.98179930797076,2.90391151793467,3.02878748284062,2.94031196908809,3.05575581260149,3.09357575162117,3.01551670626129,2.92689003406521,3.11937752983227,2.90415935376848,2.94706336237547,2.99519523964857,2.7799624663388,2.93581850925316,3.02235462735987,3.14479537814053,3.05364149707753,2.85862576223999,2.8858238566095,2.99387443770871,2.96290188717803,2.96322483709736,2.79666139608319,2.78123531794439,3.0315212517377,2.99238176825176,3.11429603590647,3.00125758904704,3.20363747431054,3.02126356040337,2.88319534068815,3.18835611528921,3.06441412348779,3.10256960569681,3.11925995814643,2.76339808076575,3.16468223540019,2.92539912185683,3.00200642856386,2.91973679234408,3.13919208057643,2.84386058240196,3.08787923536008,3.00323277708978,3.01223699888007,3.1966393402493,2.83407505232107,2.91502127440406,2.87017999248337,3.04222622104672,3.21678235257962,3.05934633472694,3.09945086326568,3.05832686787971,2.97080846977143,3.07664388992575,3.07757494242289,3.22893090626072,3.14657577193841,2.98109428530411,3.04415730197971,1
3.05068040317553,3.12581860256368,3.12907160111634,3.14537383996735,3.26503987427089,3.11411409964253,3.01878541096378,2.86208658293876,2.90418082334209,3.15002470208611,3.18501010748571,3.05958203173275,3.12665222752437,3.06652602542642,2.94925154706122,2.97115379853771,3.09867647930273,2.9130884600969,3.09856932205255,2.93989807106925,3.02998468160469,3.03432870778662,2.75442916666424,3.05224314340425,2.99549056108978,3.07282967058291,2.92547517090059,3.13249900010405,3.11713079262714,3.04394477083338,2.98168074072302,3.09972361308971,3.09297381676671,3.00381245905711,2.92113635636187,3.09234655844923,2.84663816326714,3.0050117761874,2.82978687259068,3.064048392319,2.93961891311043,2.9455811308372,2.90863885013431,3.05739876106308,2.94496461152074,2.96048195269679,2.93328027641734,2.82988125038157,3.14503618369322,2.91045849326109,3.08937869467357,3.06673887347251,3.05522448015315,2.96269116862678,2.81217955665896,3.08278338590227,2.99311902634473,2.830099844422,2.79420868710777,2.99674858084666,2.98553955028854,3.11011627952235,2.97840246343595,2.9535189357907,3.06431471372885,3.03856572889062,2.88980972815599,3.17798554179808,3.18206343003183,2.9182739702699,3.16578472325141,3.14993307651781,3.04548231407245,3.11281605588101,2.86104961300737,3.07267035116577,2.97668453881703,3.11976225364565,2.80263755985122,2.90009505576409,2.97571109554848,3.08547353505756,2.96053839433391,2.76629909159859,2.94020368257223,3.08597680375136,2.94365456616024,3.11492268586209,2.98439380684385,2.90539443272067,2.96994184301053,2.89586248219383,2.94033496801607,2.84665088698308,3.01334704456673,2.9159820293908,3.03810084588796,2.93410590908143,2.99432997230784,3.11922456572521,1
3.11961016765056,3.09311190746091,2.81649510385311,2.98805457250668,2.98761365935612,3.04591083038506,3.10604238277491,2.94301142973179,3.19416580705661,3.0639960341105,2.96065325434529,2.87629310699201,3.1388812952852,2.93159607659579,2.81815997910764,2.99846712589748,2.96325619654402,2.99958757838607,2.98404994639431,2.91116402744453,3.10370930593559,3.09045290616377,3.10735841688044,2.88774720952995,2.94728784056543,2.92185840233179,2.90413183841336,3.03484484169796,2.99228194758545,3.20832881573274,3.02993578394753,2.84357556580421,3.01629710926316,2.91425727187141,3.13232451501263,2.91406732876716,2.9990334370252,2.85263836137385,2.91135263818814,3.04731202096147,3.0248347773303,3.07525543735279,3.02730174851935,2.96161114088612,3.02264032332533,3.12818436886027,3.01476462694227,3.17940106211613,2.95667150729705,2.89950109353788,3.02864203242329,3.04690762566878,2.97291502662509,3.1048160197835,2.92315718145236,2.8738753204142,2.97243925280828,2.94976606128227,3.23708806854953,3.2655776651944,3.00760854766265,2.8928604474065,2.96300327630783,2.90598441354702,3.1587649583829,3.03068769528197,3.07037554566089,3.12887569400823,2.75098799848569,3.12864794428493,3.00126615930223,2.95261874908476,2.78008110159104,2.95939036588614,3.05075467657199,3.09620213141043,3.12135558146405,3.02391029641143,3.09474939470512,2.85525143310592,3.0165318084519,2.83961401144413,3.0533716768406,3.05685488280285,2.86938952734292,3.14698043814725,3.00939892616211,3.02342787716452,2.82862572611323,2.93563498343831,3.04640252885106,2.9171593804443,2.88457301430473,2.97586224502662,3.23540478548201,3.14314394756743,3.00096834883218,3.05493254650929,3.13498223841318,3.0596881635612,1
2.89350650604536,2.98231227945837,3.14352167505067,3.11031325729101,3.24232228710003,2.93018683122372,3.03745164928403,3.01750738636938,2.85776394512583,2.95121724697343,2.86107146824688,2.93160592993928,2.89854820720352,3.06957725752217,3.08027807650721,2.87926427429733,2.88663513324691,2.81480642694036,2.93560416136283,3.06832695742629,3.15962011688588,3.03313363029447,2.83281790846601,2.77837643704086,2.93432094221716,2.90501428281551,2.94577119892437,3.06670086513094,2.89290486509193,2.90758460091986,2.99798717580198,2.83304974698846,3.08260899985939,3.16059077200839,2.76267556472824,3.01276417268902,2.95853651141125,2.99659711049218,2.90688307381261,3.14280596377573,3.20176076822864,3.0611046728737,2.98250919506657,2.84948950603694,2.95068290369232,3.07896260781782,2.97458617711327,3.00331935553894,2.84616265329786,2.95388113615606,2.98369411724755,3.0518529984121,3.0874395085887,3.02612881323466,3.00191177378573,3.14383973630979,3.10392335621724,3.1869310338395,2.88114441670678,2.85220347822295,2.94721691565095,2.93071395960137,2.92146288444536,3.03165508694186,3.00512589277576,2.79008364609083,2.86564646591083,2.92913062108006,2.98176387708583,3.06596255192677,2.94945107936462,2.85661839160549,2.89490124170953,2.98595591125643,3.12884946839561,3.15285540031269,2.99606195365998,2.92291841350292,3.06714528009075,3.01727870843237,2.96726204532583,3.13075809671216,2.82023301256036,3.05495250399161,2.90225227614001,3.05324761250142,2.88912016574435,3.05920796256633,3.06002463627914,2.97962878762329,2.93198830559963,2.80060068446371,2.96799516947027,2.97842668767083,3.1709150241376,3.14813402301212,3.05727543748754,2.98802095473047,2.97472649602504,3.09907925783015,1
3.09622728336774,3.1661880576875,2.94700618858141,2.902801470492,2.91361221144722,3.0887343605605,3.06567555468857,3.02176204320492,3.0971999037259,3.11066947867305,2.88774398030744,2.8704784480309,3.00811801124079,2.94557453173984,2.92648274127084,2.91460174836102,2.94814038338728,2.90083068236419,3.13098741212284,2.80426057351105,3.08066366553456,2.91111605510629,2.99570623723473,2.9225827242083,2.85523922792168,2.82609410822785,2.99333275423424,2.79654333208429,3.08653916045229,3.05196259223193,2.95732869934712,3.07936070764099,2.9629590571469,2.90228425455846,3.16328373633375,2.98034121241121,2.99856693647515,3.18844443009286,2.81010524456084,3.02982030338614,3.08591408432791,2.97740003521865,2.97468196602966,2.95026144390955,2.86828574423029,2.86105743335508,3.02298100720887,2.98203730985827,2.95653823800613,3.05752920007742,3.05660540341955,3.02040893005094,2.92218811421528,2.80258009518987,2.88148633814292,3.14570784932148,3.12111733485829,3.20247629066133,2.98590173044772,2.94264743491729,2.95861530209931,3.0084143685266,2.85205682560889,3.08683899382197,3.05931334451489,2.9491316021107,2.91768628184644,3.10012302333368,2.87153050902659,2.91197002359597,2.99452937741695,2.685887641674,2.99167981850917,3.01464911390838,2.86177694437345,2.99593945913927,2.87700624467869,3.1630162974162,3.04935907608033,2.96594370458799,2.98813688920635,3.07655762733674,3.0132148522741,2.83166116321171,3.08266530900711,3.03223553819701,3.13339316906618,3.06574890541958,3.17584474680357,2.90965403964591,2.99980715648476,2.888876522171,3.04294446007164,2.86990106695622,2.9612227377246,3.20140859446585,2.97311016192225,2.90037861232677,2.87268403877373,3.10411275474148,1
3.1212710807471,2.93268105491253,2.94064963613365,3.14452120155821,3.09879714535597,2.88390096199112,2.98985675337484,3.01902863950829,2.86609197557111,2.88221942357935,2.85551882015977,2.96248194148201,3.10987603820769,2.96036189071387,2.98968232824133,2.8719463398819,2.85802338264349,3.06759496544877,3.08936243997815,2.95268824803546,3.09505893847417,3.11720385599841,3.06639328667085,3.0561277430535,3.1272237201163,2.87320453434748,3.08600350906476,2.90911136965689,2.78661933262966,2.75744091911691,3.03454985029395,3.08235274319176,3.20671538325787,2.85678668374025,2.83504528823998,3.04962413628173,2.99091922421571,2.96493394435155,2.86337688094413,2.78947245425489,3.09331152449648,2.86956174180713,3.04423705960478,2.80814577287734,3.02747387746468,2.96683644628194,2.83911140705771,2.90181203252743,3.02451996019869,3.11876757235613,3.20721585791276,3.04923631302112,2.98269025926459,2.87331488258205,3.11792788075841,3.1188599080308,3.13216439155828,2.89567241637874,3.05624976718196,2.99637331629548,2.99033705234602,2.997455376887,3.09365820715348,3.00195026046729,2.88419910604236,2.85458609364722,3.05129177317347,3.05119465167594,3.13490726629047,3.01956119160005,3.08553589396987,3.03966305887781,3.09313058222981,2.9896654732185,3.05756893665186,2.85809096428531,3.04209847747675,2.99522377967535,3.10990585369216,2.94959511124089,2.96563782659654,3.01607299765907,2.98016145079043,3.08831939187834,3.07673404794643,2.95593060859163,2.99804294562125,2.93940564593845,2.79688089495131,2.97459591084572,2.89620747746789,2.98293631933176,3.06430975640869,2.91170263790068,3.30624293698464,2.86353424718497,3.13564072116812,2.91969311066773,3.05977506485781,3.01749596613868,1
2.9410282604465,2.93420365436612,3.07563249924681,3.17776664405373,2.96208142579045,3.03926609159773,2.90867141931105,2.87557942352691,3.13248456032699,3.05552476199334,2.93508182945789,2.80641764117147,2.90924720164523,2.94738396879708,3.11197219467044,2.98639445405538,3.09417546949994,2.93092247230816,2.85918954093294,2.79213852945446,2.94921157791143,3.04117226506393,2.8774724081041,3.00168080673496,2.96206495525866,2.95727930933563,2.98562576006225,2.87888054820745,3.05322283355158,3.03350151625334,2.99517146451705,2.97467899085927,2.71455389408057,2.99118956735804,2.94111935234176,2.96356563410008,2.90669434635835,2.96068329715833,3.11435403213246,2.9984108352886,2.90983159438968,2.90678985455193,3.1346142834493,3.07152580161812,2.94420317442795,2.99213551055167,2.89036532743387,2.87658193463051,3.00308084759976,2.97361937762611,3.0206842620331,3.11749384776905,3.01997772137496,2.93073635339973,2.95421853233492,2.93856038795906,2.88507389103687,3.18763155296965,3.0548803109916,3.06295983342335,3.02078037471941,2.93239742233186,3.12882410140543,2.84432183433718,2.91183969393552,2.91550230389059,3.143947502399,2.92119721168814,2.98852360537139,3.06617064399547,3.01422173398994,3.17482673365483,3.1941934242362,3.14535304955243,2.94512371218144,3.05291050787858,2.8350560117521,2.97812622680439,2.84440755374446,2.87939148975645,2.85342712916613,3.01876038713513,3.20658423839926,2.929425283161,3.11464491856376,3.19033595788499,2.86817860269782,2.96580207077485,3.11613687276188,3.06702976183751,3.16817076555869,3.00489452969631,2.9143919294585,2.82475052109374,3.17807854439637,3.02085994164716,2.88474993548503,2.90916758177187,2.97662898657787,3.11526300370299,1
2.8872405059879,3.06814843531926,3.19366041688607,2.98863806432279,3.02459565076144,3.13958526477292,3.02449711544235,3.11704169196151,3.00834109851164,3.04965688980122,3.02798418914677,3.182724705913,2.92421383726433,2.90429813148712,2.98146644984532,2.96140799385655,2.84172629477836,2.91200554760345,3.05523348887911,2.86710209422766,3.0610558170127,3.05817259624821,3.10643337311602,2.99682057398272,2.87753771550554,2.88674241833856,3.1175655478301,2.81057880885121,3.19321993103949,2.95771623442259,3.04436224693982,3.03450943809145,3.01399844028105,2.88519731562756,2.97509021615107,3.00126270484808,3.05370550578797,3.21595454953147,3.03778584168957,3.04205332361875,2.99124192900939,2.76185205139924,2.86681059771528,3.05839010583767,2.79069352645112,3.13691427328348,3.16246995815765,3.06405406211568,3.18554356661346,3.06801469166588,3.08373605541159,3.12531496212262,3.18492155748946,2.97489696046915,2.93106342641791,2.99666250392589,2.97256032124172,2.95139813238156,3.03847321387962,3.04581956651894,2.98332981553806,2.78258921016219,2.87157454117928,3.01652587875319,3.09139809816298,3.15370520676781,2.79951369960769,3.01190391065563,3.04089558827243,3.04306164648193,2.96669945910944,2.86328290832573,3.02086246496385,2.88518310630941,3.09051744804534,2.87844864599202,2.98942270583644,3.08314190085986,3.17145869050932,3.09283934396966,2.95835546861587,3.17871821572951,2.74889914111975,2.96789127964283,3.04284377710996,3.11559685227232,3.01914192298975,3.06070834581148,2.96150137797626,2.95172017803746,2.92601894758064,3.0631142442636,2.99919767905758,2.95839504213937,3.00104794189718,3.00928330168331,2.93725029518695,2.85240336461593,3.00994580414862,2.84212379527606,1
2.692110228997,2.95715358747749,3.03089036966035,3.06877890804419,2.80523791117413,3.03766231102099,3.12057695983805,2.79996890694091,2.96614654659322,2.95353197666195,3.00680387985743,3.14105762750259,2.80509095339054,3.00734053598763,2.9203559269511,3.10403483895809,3.04205918681975,3.00971769252655,2.95004601546062,2.878207724604,2.94730641708168,2.79411831635035,3.16682204541043,2.93661933273244,2.95584147979709,3.03837386129655,2.96653558546873,3.13523269940355,2.93278878263845,2.99684513763682,2.91028560571844,3.04467409217528,2.98606238500117,3.02731814011129,3.00467997873873,3.0952459145094,2.9048321003603,2.76195022563678,2.9611152380212,3.06076234546352,3.21347621037983,2.82454770598723,2.83851418698043,2.92526622803782,3.01812537890977,2.89714617703758,3.00888685577919,3.15048588501055,2.96051033368121,3.0090236126862,3.06339412543097,2.90589300020129,2.91480617848331,3.00589342646579,3.00426259369868,2.89417532398056,2.90421451130661,3.19667030705989,2.97217260812182,3.00281567173921,3.08484277677504,3.09397126515406,2.86728430882437,3.0662957443545,2.88769128694846,3.06912336667824,3.00053353389981,2.97581632312024,3.04067741969085,2.85734180056089,3.116576379433,3.09718556695937,2.9243039810388,3.05233932259595,2.92212010430148,2.87611741495262,3.01886098250299,3.13596239740057,2.93047761312246,2.94047094454911,3.25746117301579,2.93157251530321,3.16913448119853,3.02969559415803,2.98450147893831,2.92510352532293,3.06892579356037,3.1022493293465,3.09669758107819,2.87720098463911,2.92738880217342,2.97564292583175,3.0371540234767,2.81668153890365,3.01162196530055,3.05737264813739,3.05773769633194,2.90511876228607,3.06478354289007,2.85938944600624,1
3.12662321002142,2.90437744724232,2.88545151233452,2.92132223144879,3.2422161818993,2.83270413097305,2.94674639386777,3.05526797285635,3.00261352910059,2.97321509570517,2.98260783478502,3.01532059086466,2.97310705695505,2.99722794395115,3.00222411949585,2.83722616844441,3.01819662601761,2.95165736803137,3.02049322989268,2.82443684637412,2.97197377310973,3.00465930578794,3.04541118923752,2.98685640195318,3.01498619617315,3.18240591379147,2.9366523462515,2.87074585644794,3.00112626531282,3.13841339837972,2.87935077493694,2.98462893288112,2.99715808598259,3.06640989332566,3.05924587163603,2.96452455654382,2.97244976647898,2.94515578096556,2.72132992949338,2.97534320159947,2.98176577199391,2.98684635430399,3.05470633298559,2.91635862994658,3.02526789360076,2.92036666336924,3.08653233991403,2.91776307805441,3.22320840960085,2.9441933958742,3.05061929239126,3.01635756357536,3.21169884132315,3.06449588606646,3.11177569831555,3.21007931936217,3.10531724359446,2.95576955383805,3.05053379831091,3.03205076171682,3.10914433667734,3.05294367551266,2.85558897645612,3.18285352268955,2.85304116829888,2.81230147052602,3.11320255277792,2.97729928446396,2.96494378592527,2.90445143379525,3.27966525386273,2.98166801860476,3.14595455876403,3.06517569235234,2.96972223053196,2.96254722608469,3.20818508726255,2.99735429030399,3.05455691134101,3.03444024094219,3.02417960818261,2.91986374529681,2.93526340490443,2.92022599772204,2.84276218368888,3.0627300103019,2.8780136952123,3.16093365995424,2.89387423761331,3.02933362206187,3.01891333475122,2.82215909280202,3.01939126561881,3.08098719819313,2.95995952103989,2.98161296902408,3.06422185526511,3.08625468652687,2.94115697122373,2.9745349738695,1
3.09118146019295,3.16242550876494,3.10079092898846,2.97152349785665,2.98350409554804,2.88167104090646,3.04424770365805,2.91394326625737,3.1284601097763,2.98045238728564,3.02500652815022,2.87214195692602,3.00359067319305,2.92277503549024,3.04588789879543,3.08693259497998,3.08231323003641,3.21746285052404,2.91660065264093,2.82741748520068,2.89008155176114,2.91339645132907,3.04021012746847,3.1494710046514,2.99513581704386,2.90423830107176,3.01800577461441,2.99461297438058,3.08354167440036,3.11547335030697,2.76437422037762,2.95329137840544,3.01434885471328,2.92067372702041,2.98595564571756,3.1300687744589,3.04523165297044,2.97417030693197,3.18128713597809,2.78801863817474,2.94500315297871,3.05900031291875,3.12593231965424,2.856895207987,2.85994510838931,2.98815286204836,2.83564411485637,3.00680362668563,2.95079760460978,2.966464014358,3.22044306166808,2.88138659046905,2.94973565372794,2.7783273135483,2.93541340293042,3.16928394301687,2.96366318400196,3.14941252126411,2.95011888976258,2.94005685093063,3.08939870612421,2.84031105367605,3.04870570036253,3.0629802601611,2.85751393091686,3.17320385367845,2.92354620624343,2.95106036934568,3.01630228432153,3.05296777342196,2.95246375889073,3.00014813915065,3.04256126479182,2.93395904465817,3.0522542893277,2.88986812911975,2.90057069428812,3.00301666229886,2.98500811714336,2.87866266020905,2.99547313485085,2.84417045667311,2.81695354550865,3.09853601337924,2.94482685068945,3.05140704645545,2.93376982225177,2.94527097248853,2.93912693315382,2.95237290933483,3.00059078589843,2.97105755401755,2.97479519999889,3.12036436051631,2.89785792120581,2.7314637116277,3.06484848727114,3.11490205577114,2.84579211833504,3.04078809002362,1
3.02009283972258,2.76569568843758,2.98983714895761,2.95240713550067,3.01088545147355,2.95760628238516,2.99020146470911,2.93049635237224,2.95263067396795,3.06661924257355,3.18907056306839,2.78931498274408,3.1035832138199,2.91461312892665,2.94040450343159,3.02002176714924,2.95534675274842,3.08215151377087,2.92315973392963,2.9940152553519,3.07874731579612,3.09346763069138,2.95721805834328,3.08990995084241,3.11763014056024,3.10370514067295,3.00658305938168,3.13890325838015,3.07173786494253,2.73287228543194,3.01281464199391,2.90669084838856,3.22026115926466,2.96886564376769,3.01316277606169,3.13009603822948,2.96710317509945,2.979750421812,3.16744214685261,3.06087432947641,3.06430930387745,3.01725727800461,2.90855537278691,3.07922944948966,3.01749838144623,2.92815990935711,2.93316409496085,2.86171862517911,2.93921013291773,3.04372843287282,2.83632429895212,2.78089356907671,2.94350965002014,2.82457958651488,3.12474290590983,2.95872644303021,3.14623080580705,3.06859547398693,2.86892853971113,3.00289597895619,3.26924457630121,2.92456941295754,3.07175839012181,2.98770434243073,3.03733017217795,2.78373105221755,2.94286042337273,2.8732763023758,3.02498214869607,2.8718961893923,3.10743974923165,3.04431163209439,2.92967606515312,3.02772585868998,2.93108320070291,2.96008666728078,2.97976035162255,3.07116273469528,2.91296173093971,3.12453881531833,2.90587517420568,2.89276688305224,3.08926587814257,2.94833368493742,3.06659462033141,3.06889815334065,2.93221805900147,3.16421256686423,3.06228117771666,3.19137432169916,2.99041129254633,3.19962291713353,3.03894312337528,3.02410859878163,3.17632895429421,2.98943470817502,2.80929641657338,3.02871423451681,2.93822498841685,3.12203826156856,1
3.13575437127472,2.63347350041244,3.11720896878608,2.99345666606741,2.99567966543359,2.96554080601989,3.15132354219083,3.08387244896207,3.04876863499872,3.09756750584602,2.8842557691152,2.97237351455029,2.93759523983907,2.9455911350224,2.99032050628904,3.1140394736795,2.95311820170994,3.05225578029475,3.04192412838386,3.00755606949608,3.04691848787595,2.98898330090191,2.86259344407408,2.90037569959192,2.99347847544438,2.97530290489359,3.01700406588696,3.01432980189517,3.09742780572746,2.97392265845534,2.88965419194007,2.97396919962337,3.09698380572856,2.86301062432441,2.91980070442298,3.06632634287657,2.99839233995047,3.00121267338014,3.11107753756232,3.1520218607652,2.88330117612227,3.31712152548055,2.97604448611662,2.96748909885863,3.145510035533,2.93751986191185,2.9616080063874,2.96030329205691,3.09015243499313,2.82893214053221,2.92090407483371,3.0823140547753,2.99821992319718,3.09257708525552,3.03096769672434,3.08164546320811,3.01449275939094,3.17588671849343,3.04549570163667,2.92207369098499,3.06999244199126,3.13523420544407,3.04408926482198,3.21817785024519,2.79978547491462,2.97617657550509,2.99466279077245,2.82763153529773,2.89806146353039,3.0533187990934,2.96372851937019,3.21771928434276,2.94517369360083,3.08764697067725,2.86621157693243,2.96919082340416,2.96570001389321,3.12682330029354,3.07326513039915,3.00450834655935,3.09085502711722,3.1192630813297,2.95201317448706,3.04428968487402,2.98791209621492,3.03474211588633,2.96213680174672,3.16261248828207,3.19585361881136,3.00513231259684,2.91948703122895,2.90974149304907,3.06710396199352,3.16238969493768,3.10840724026727,3.06628019138149,3.21664802583638,2.99735227014009,3.00977396651454,2.9924413841378,1
3.04003055964551,2.9410074725707,3.02834268937364,3.02511936817913,2.96401365556089,2.95065500286364,3.00618232278487,2.98488930452132,2.89535710680319,3.01634285154858,3.3358667654206,3.13746591204928,2.92805051297344,3.10024363810087,3.05706857574875,3.38486418796774,3.10974685243556,2.96049670090511,2.96240325838104,3.07773403752006,3.21840430107858,3.02719552670141,2.95915404086147,3.04623655081504,3.05334438600695,3.1024316881611,2.89995844919415,2.99040391985852,2.87900226920194,3.01618912789167,2.95539056019017,2.87828099375812,3.01705461091338,2.98680121687643,2.92089382744632,3.17826884524318,2.96088635021953,2.68360232428247,3.02062703953784,3.03812995538326,3.13747337879079,3.06775369270555,3.12169481262853,3.08705849170731,3.02707395129666,2.90218343437972,2.8749659593951,3.0681611233502,3.07064046442049,3.00443068543975,2.84401397931846,2.83721393354742,3.09685116682292,3.11082444072397,2.95661039094108,3.13573322485011,2.85353369350043,3.00185250717543,3.04025745013608,3.08005579362744,3.07985919021551,3.05096000851398,3.07550003303726,3.14275611124165,2.94867646111099,2.9671171393067,2.97428098674071,2.95730760875215,3.01536526564739,2.87059066828818,2.99716389371216,3.00745156868136,2.94016484439263,3.03015966636021,3.09162042818099,2.97227688257805,2.92826678881766,2.87885395260494,2.93315864212913,2.89975217478936,3.01621624436666,3.10865099862682,3.14407909607794,3.09537527769861,2.88708258159562,3.15960749943921,3.04814975346236,3.04833173386727,2.99174552871012,3.13109156828117,3.11598403896895,3.19052223685299,3.00943728490835,3.02063029252545,2.94744025577043,3.02072957476078,3.00976640188577,2.97468110527879,3.04671247161948,3.12040355904285,1
3.05937099926533,2.95363630985647,3.04179067182187,2.88286480803164,3.02673421449606,3.13770630062556,3.10944993030465,3.07397796220768,3.11631842002678,2.88322642730735,3.06757114986922,2.85461878116544,3.14248960419181,3.05165796747986,2.92299047007393,3.03790454132729,2.87387910431903,2.79704646315726,2.96262629305009,2.90415723628507,2.85248664583008,2.98111992654837,2.93981710548265,2.8562090735108,3.04297377018409,2.92871377810797,2.99540642115588,2.80028185092851,3.03355366201351,3.08606839636707,2.94582981518749,2.86484026197642,3.07007029302473,2.99033165253694,3.01982823536736,3.09946726921552,3.16402846066254,2.83808379923904,3.09171838224979,2.85904840460437,2.96315932555225,3.00753141837113,3.06161300474807,3.06987269951491,2.98329220504398,3.14819636791254,3.04200088691538,3.0758111803451,2.84864155024848,3.04399553286507,2.9784702742651,3.01444570114833,2.98239015211588,2.98491620109972,3.08931978297859,2.84281218800232,3.1778324901393,3.04728800746251,2.93644018950563,2.95483149113077,2.90915529457425,3.11134611761384,3.03329216825131,2.88249909205044,2.91420806123266,2.91856445639576,3.03664315361284,3.16803488142058,3.04746747031244,2.97455331351121,3.11667196355902,2.96366827167595,2.81599757331164,2.86476297455937,2.96086620380721,2.9376222147572,3.03723816831114,2.69192954044049,3.1562779014479,3.05379341102068,2.9770693280984,3.15040945086751,2.88654397029588,3.1672224318874,2.94147108558605,2.80577076771259,3.10416299502163,3.09815985516037,2.83403186217704,3.04907964277778,2.79666041018474,2.99976103936225,3.01417187412267,2.94482186229958,3.11211223083373,2.83588610315217,2.92952645847046,3.0826552490563,3.04933017201652,2.92404983332428,1
3.10329384103752,2.84152856020796,3.06456474207053,3.061537377135,2.98564620591652,2.91529813170942,3.12428180973605,2.99370586176972,3.11793513602009,3.18434345074484,3.0473406448646,2.96590359045964,3.04904016782121,3.04597859054099,2.80882409166767,2.93654980415521,2.88964139118619,2.7585452168261,2.95347684231838,3.03146621488669,2.83274749193631,3.18223057562736,2.89000251598603,2.90483116799853,3.15397866122564,2.95378034132935,3.06131187490707,2.98257451163497,2.95918995375372,2.82289792186961,2.83441358486241,2.95936902317191,3.13868133452974,3.10789847086258,3.07067585572748,2.99760406706234,2.98578318793713,3.00737713910266,2.93672651822223,3.04347800194833,2.96110126454846,3.01072110514594,2.97704983888492,2.98727397855187,2.8963601805553,3.11293107494458,2.98197832654469,2.83422227206716,3.15334459767642,3.06235176294105,2.91127571329506,2.8617001149299,2.89293649389524,3.05135109901009,3.07629376240163,2.82864263996809,3.10068803148276,2.74184746012691,3.04964806797951,2.86469250854251,2.94754776849537,3.01713588969516,3.02006711551879,3.0539009912088,2.87405748745268,3.15234120888987,2.9031369284469,3.01856963112598,2.99542578549778,3.07367134394151,2.83771812769664,2.95098196750069,3.18639785240719,2.88827222191527,2.99311932803931,3.0552994644727,3.13283821885194,3.01484374320409,2.9953414771644,2.94321267035396,2.94967790964322,3.03990392759436,3.1147077618449,3.14476480753469,3.08237598324671,2.98255524981341,3.08040142632807,3.10866883089802,3.18438648917452,3.00767975303864,2.82576000534076,3.1964268991721,2.87137826643789,2.9829458182051,3.12033505471025,2.95978696653164,3.08064544012177,2.8471717760667,2.87143024449889,2.93575954614099,1
3.25740547386906,2.78226225449821,3.10575174643574,3.02333653315407,2.98227652404828,3.09716644108422,3.06660443188235,3.13694855375664,2.85196567888882,3.01615940754568,2.97776176916192,2.93711370354051,2.91979985689833,3.08013455086716,2.97248814819988,3.0023222217894,2.99696301481886,2.92034561558888,3.01111894112915,2.92067009657739,2.92775355455426,2.81366863760727,2.93815611423535,3.0207459458153,3.02374221937382,3.06526433658069,3.02016744899221,2.98423664478187,3.06987640817312,3.10938427539835,2.98433364899031,3.02103001293783,2.92881853469664,2.9002131348793,2.93704109626928,2.8548655987529,2.9228280758133,2.66202878015595,3.07376282852346,2.87279765109189,2.8467828903914,2.9336385683189,3.07667968775182,2.99139640426004,2.88578908077797,3.02687444181756,3.10622396835856,3.06873032549946,3.10367432853532,2.96323874259201,3.16385359206104,3.05647817840306,2.9971231598017,3.16857718178092,3.00405750382096,3.15243360783948,3.05673001977846,2.92058095622975,3.16082528707469,3.14064081313507,3.09970076055108,2.98453151273633,2.83924117453539,2.94141869542293,2.92520280170491,3.07494826967676,2.78828195945451,2.85887417154908,3.00962419187596,2.92185710286789,2.90093343954773,3.04114707710323,2.91658792044055,3.00897164207636,2.96082935158127,2.95884946638046,2.98720016251381,2.90701196321922,2.99891258652521,2.72559257074774,3.12200102310317,2.82344987152423,2.97321825376955,3.07731549428491,2.91544836120617,3.16999799988771,3.08653350802902,2.95386254923506,3.10069866441204,2.98188079251409,2.87705667661794,3.05462181405828,3.03940707555223,3.17285331217745,2.94594508135951,3.08542307013786,3.11259174846148,3.0858850414738,2.97625609523414,2.98159956725761,1
2.89310778447944,2.97585878843084,3.09037718634273,3.04377918851517,2.9946901928127,2.94377394468713,3.0089544012434,3.08396648934323,2.98205400779056,3.00919260180134,3.1361738931054,3.03201486736912,2.9182656964225,3.14550327675735,2.98400487244065,2.98218448412167,3.05009352533918,2.92967677082585,3.11724036881934,3.00521090818983,2.83879667791712,2.99454535238332,3.03369302922052,3.16735994758214,2.94951479844711,3.03688356250898,3.18796162321434,2.92132334864402,2.99929441096318,3.08062358963003,3.03183435750548,3.04079434781547,3.13270882385414,2.98711818454873,3.09183589104131,3.03833466590001,2.99712886275198,3.03341631347221,3.07919993850754,3.07882716417294,3.12310166550467,2.98185499353755,3.14768200122847,3.08778744665153,2.91976077679507,3.05738441760008,3.05529686491763,3.21868928908177,3.15410927107167,3.0484693675673,2.88365707268029,2.75748806160452,2.84410921750812,2.87071974204744,3.12318907837117,2.8975202513979,3.00382471615385,2.9277909828609,3.02617254105878,3.20131805557491,3.01729648585651,2.92219566798245,2.98632677736746,2.94578172138584,3.02752093891707,3.02433753530504,2.96287147175898,2.98223791421768,3.16072297221857,3.12971173572266,3.19484695817166,3.16741164630514,3.0889629875322,3.17119320476163,2.97794466837317,2.9610826487367,3.10255721581357,2.87900179737295,3.09634355853933,3.16328540705738,2.87260419875767,2.85576590570899,2.91783577029932,3.05232394454537,2.84680165622753,3.15632978272328,2.97126773734067,2.83953616219909,2.8269990083776,2.88892359296736,3.26219564335928,2.80092083968772,2.9103528285441,3.12036501780018,3.00444969094406,3.04072791461319,3.05532934111134,2.85012059422419,2.97036439762768,2.88243045396067,1
3.01270068698898,3.15441676241298,3.09318415613643,2.9695194585254,2.86840528406073,3.06160790072065,2.927699991318,3.00194852923259,2.89119956709251,3.05161185178008,3.0769441848027,2.95193529246913,3.03260890630474,2.93055727982509,2.99404257793928,3.14789800615954,3.13718062861486,3.00107342580327,3.09340460403506,2.87033640896521,2.94900371967085,3.02415371777297,3.14869617817534,2.88642184628368,3.04447560015699,3.06320487708278,2.98188492096613,3.02287555597114,2.83353678631489,2.94038507184914,2.78262168836629,3.13958239820209,3.02837911893821,2.82979740023349,2.98277292569021,3.16274313536784,3.08702972299996,3.0325545383465,3.12160145815013,3.02110264698187,2.99118945984248,3.10360827898142,3.13505078588183,2.94154713550786,3.01319820422374,3.1390581945341,2.80772407610724,3.05376141574067,3.00211126174519,2.97562335668362,3.12135527021664,3.01143568828904,3.14571319239297,3.07555774658998,3.11486971058334,3.08996701105834,3.05173110171612,3.02376669350608,2.94823439550994,3.19043136968169,3.09437119380153,2.84506069434792,3.09349398588862,2.77076108092505,2.9406075565606,2.7837135390512,3.04635721295647,2.96392140770777,2.97206387092904,2.9896714454153,2.95918386064008,3.18182326515863,2.83032758173291,3.0438157676451,3.13024389589822,3.00981257589323,3.10422497661598,2.98211361626258,2.99759885628519,3.04166946004096,2.9184285592529,2.81534172958158,3.04779230535625,3.06145731435673,2.95488290430414,2.97669606520991,2.81722043693066,2.9473698819831,3.00289617873716,2.83667955566524,3.00846089625889,2.72543155387766,3.09944724394972,3.03954121109622,2.89339001202947,3.01223453743498,2.98122134554565,3.01277365125289,2.76467413564163,2.80192619530444,1
2.98479343965371,3.05458458268869,3.12863224411136,2.94287870134113,3.14077609642892,2.81985342593905,3.03374551377013,3.13209294743163,3.06971176052392,2.97995092007274,3.01218628106933,3.01383353302046,3.10737019598416,3.05719472736863,2.95409591785688,3.09112345171329,3.15657407469456,3.05062054286462,2.98867591443807,3.08041033141332,3.21270716007823,2.76345078136762,2.87878932169256,2.93805247223772,3.00540222352662,3.17259713807628,3.01271979380007,2.82004268163747,2.99990332880443,2.94411214784009,3.00950128244663,3.11493739057547,3.00421946107286,2.94033994713806,2.95673745892343,3.16821414362777,2.94492808895755,2.9366932646654,2.92938059988754,2.85653269963852,3.11304915637734,3.04539724722009,3.21625679045497,2.96375372890726,2.90166868671047,2.86532667237512,2.86552371874198,2.84788514259397,3.11572800808853,2.79937901230839,2.94017816475881,2.98331620054463,2.96484797853911,2.89456166682183,3.07012063494479,2.88930473708034,3.15731287312286,3.06780936683603,3.05749145343684,3.03667468327655,3.30266478408152,2.98110575095608,2.9827103846901,3.08295318315416,3.04289036818624,2.90244906185132,3.14406358880087,3.09614862594145,3.05012992152768,3.11552531406794,2.85493617699707,3.00950942994383,2.94651354307969,3.06815765960816,2.92120445588009,3.0347357038228,3.24742774084216,2.99916123554361,2.87378548741665,3.00029409191671,3.06179371145172,3.02750599532103,2.98137117535834,2.91773381120675,2.96458155782757,3.06424377122109,3.05391294397277,2.92543351355904,2.89623375374439,3.08941607854665,2.84585223203122,2.94924350143732,3.00761955328666,2.92220721510599,3.08813529361465,2.99272366356099,3.21589539779599,3.15650134704396,2.88447963500804,2.98658823889901,1
2.91387536275517,2.91787010346614,3.14453625601461,3.10357763522092,2.89992703081094,3.11526332544904,2.82577164890336,3.00414883421651,2.8343941796649,2.73807897595701,2.88599483795061,3.00154746220109,2.860950060635,3.04733726205119,3.15855008337041,2.93056849218697,2.96093841345591,2.98156438125763,2.99529485644544,2.97834771179824,3.10210102766972,2.95134972327688,2.81519573653743,3.07811050440002,3.17048440781154,2.91154432532257,3.07422110678208,2.9990183902767,2.82834576951325,2.91986587200705,3.00451224872976,3.00926988431568,2.95237587018954,2.94301489262842,3.06525251860767,2.87533379931345,3.06596648889123,3.05171532399358,2.97909782741568,3.12302589380889,3.00203430796994,3.08228818931052,3.04512718891178,2.87381897512444,3.03332761587516,2.99931322853146,3.11197257684295,2.9729683440687,2.96639524140903,3.00548751422254,2.98110978697093,2.99125413890863,3.12207437612398,2.84618490199693,2.92377058961091,3.23110602967671,2.96812032244312,3.12063096156683,2.90709702337863,3.09202913520011,3.02842587471944,2.95802855193688,3.01885896344658,3.02154960468873,2.87316598436682,3.10820297134503,3.02747835423909,3.06187517958713,3.11725137100058,2.9947925142269,2.93159963827705,3.13911282984067,3.12634958603094,2.9137166501994,2.96653287909786,3.01570587012306,3.11155351993056,3.00296767397569,3.25266397682693,2.97696745406724,2.9455427303923,2.72940212257458,3.09621515499752,2.75109775515014,2.80164063478572,3.07869724764919,3.08288302814735,2.96612682243539,2.83301157368458,3.05998029936904,3.07749583246466,2.94908602691606,3.01079522305074,3.13428701897264,3.18538307570704,3.15431818863851,3.05459701680644,3.0838578282531,3.07549529584323,3.0103588062793,1
2.69286263519321,2.93262810874174,2.97258118734269,2.88432964919542,3.13143849910095,3.08280934658298,2.82292000955636,3.12445925338859,3.00949785606705,3.11791937412611,2.96768668838864,3.12817145940819,2.98605784459545,2.75958557851898,2.98901043200601,2.91150112928067,2.97801015319786,2.96846127729709,3.03322843408975,2.79270524813489,3.11065289984253,3.05073421493784,3.02172862857755,3.16029303529118,2.87164169420535,3.04032112460573,3.1028088646526,2.9816464155463,3.21110042112751,3.03243461618081,3.073424538368,2.94309901989592,2.88899152706459,3.07974540683481,3.17643540709982,3.06538122878604,3.04008937370033,3.09489213454008,3.0822702435741,3.04858786472045,3.04910169301592,3.05257875760094,3.14652928408669,2.8548912894381,2.97050014503165,2.94496857468798,3.15830947034733,3.02326681244844,2.93783746254961,2.94779585493176,2.86302935426437,3.06010988822462,3.01362637523492,3.06557237202869,3.05093256327774,2.91327599847545,2.94131880521125,2.91551510064598,2.90482722659348,3.02068005606033,3.00670134049522,2.97658332052618,2.92835285072594,3.03393216589303,3.09531150973555,3.13857108882664,2.96519061140073,2.98839776141173,3.04655634798247,3.00729895851513,2.91089917816477,3.08479481864157,3.08451440174227,3.13797569157064,2.96300155857116,2.95811284981774,3.11388180606356,2.84485772452595,3.19612034190459,2.80562091501047,3.11238366550466,3.08515261689864,3.05718748188548,3.05670560684972,3.00792153278883,3.06116331067085,2.77881752678929,2.80180433102375,3.14233662298026,2.95810942466016,2.97093323994645,3.01423272791755,3.01023980445174,2.88969623516705,2.94694634728385,2.85329126797146,3.08452653872417,3.03230060349928,3.03180051181199,2.77644603909724,1
3.07879644105531,2.92967091466259,3.09848458580768,2.85843851250411,2.70157788589834,3.14328224577552,3.07166175014581,2.84380625757267,2.96556453562594,2.96254878848277,3.10843510020731,3.05517200505914,3.14449977217835,3.07223852476832,2.71272981786423,2.94726548965667,2.84749696096634,2.9691066620428,2.91084644712514,2.96927963298011,3.08801876049064,2.98721968127192,2.96773475478308,3.01046820250931,3.10040696686548,3.27116378303053,2.95505899484455,3.02824562201207,3.07044402578045,3.03793780796427,2.99140380295326,2.98478423034475,3.09583539537527,2.98550981149566,3.05452337141074,2.8792186851838,3.09922779256976,2.98564783592389,2.87599160976235,3.04558042457294,2.88265465047706,3.03607437230467,2.91871364113377,2.89210599510358,3.07202830099332,2.99547143548878,2.96709573578315,3.11068372166713,3.13946590827617,3.18008197530524,2.90285518771426,3.02517463928256,2.91001275373418,3.28548616088534,3.12598947796634,3.10259012322572,2.96874291468841,3.02726906481534,2.84534780367217,3.0308676986461,3.0089140975429,2.87582555337804,3.13441313554608,3.12895603937311,3.06699925357226,3.01982402903405,2.9660887214549,3.08319854760369,3.00482412602798,3.13350948318551,2.93868659500392,3.06570906230436,3.13017857785751,2.8598718960933,3.03219075731463,2.99176064676588,2.94123518716379,3.09846202818037,2.96193978513874,3.00708680215717,2.9765723041423,3.0611292824584,2.97631104189234,2.97864722610525,2.87926735625918,2.95694117548178,2.9948861541995,3.08724299574234,2.80398283840769,3.12185648279381,2.94973457514182,2.91901590497932,2.86322631918525,2.87904704315371,2.90813359913888,3.08419279647783,2.96408566554654,3.11288404666502,2.79247600887568,3.16274273888397,1
3.02312963114093,2.91435068574977,3.11000890488216,2.75234655326139,2.99020923133444,3.06427384546741,2.97077004915409,2.88376885027127,3.10632997738619,2.8755682445832,3.20639747542167,2.81465231408182,2.89569154161937,3.21071355220234,2.89947063455293,2.91722920748249,2.99710201862096,2.84301787912924,3.02443101073515,2.98808272893417,3.02406236322333,2.91645996002914,3.28235911902701,2.90420521757514,3.0826331347104,2.84234072221745,2.86893861808976,2.92198341701582,3.09106597515156,2.89494339092516,3.07150778884328,3.11875261155915,2.90105021713649,2.8817729575419,3.08781006507551,3.10090670768677,3.122978172743,3.11639523407998,3.01574757757449,2.96245259102212,3.06026487118174,2.90995537981046,2.82674464905873,3.10414552527303,2.9977849731609,3.00002384852056,3.07516482091469,2.83669596468952,3.12406045775407,3.07332563949472,2.97755510419012,3.03399699035343,3.02715929648624,2.99875534420119,2.96347120512664,2.95989725434632,3.07303470615924,3.03409542689978,2.88741002836779,2.8328052322127,3.04645366234895,2.99010014622543,2.97834879691312,2.86111030792085,2.91774513651047,3.00444922282085,3.07948897370588,2.87026490028955,3.05477339012866,2.80823849971161,2.83142324784031,2.88997250659742,2.93655885987214,3.09024137942793,3.029290603934,3.06412146940841,3.0506585373378,3.03986557106219,2.87229173380352,2.9381524756715,2.95748696185824,3.06579635387014,2.9228535176268,3.08266305019129,3.13012220303019,3.14547745198588,2.8656960125852,3.07706271256222,2.92984749148085,2.81501462870024,3.19862320699372,2.93817737299953,3.00023012578223,2.86750560147143,2.96704066523794,3.04168246212976,3.09771780751452,2.89861861514019,3.07065595679379,2.99700341627602,1
3.00834820507564,3.03512360671282,2.75977059671241,3.03614702737037,3.04829076804215,3.08614254819695,2.82034897049363,3.15721688831347,2.99861044903219,3.00538754337757,2.89878624123004,2.91196440061127,3.15725727051049,3.06761806375837,2.92216541621741,3.07541953155718,3.09776093356175,3.08830113217299,2.95197578817592,2.85170347945778,2.89062361659083,3.07208475386456,2.9383910867976,2.95938534174885,2.98694855397581,3.02616665491201,3.00706307037349,3.068373971684,2.95099473305709,3.25619168271898,2.81392729635897,2.93527107377584,2.90686560535407,3.10814904814943,3.21852161509365,2.83138407708988,3.11349810825855,3.02235900432686,2.89925678829965,3.00119961170533,3.12451134382811,3.05870513229664,2.90167394718979,2.90746652659136,2.97807556723853,2.96006626275054,3.01884341093792,3.01086937747983,2.83687595215504,2.98203682066433,2.86161247480526,3.03122309109252,2.99973808948791,3.0331211671937,3.21586488718639,2.92671349534469,2.95637210196248,3.02273136906753,3.11542810348926,2.99900402822624,2.98764305144641,2.86776744766159,2.93784980792449,2.89217055206218,3.02826920401723,2.9931705671127,3.09417060640197,3.01835919962036,3.04760706376662,3.09782780191828,3.05281971853795,3.03297845237748,3.08464915553931,3.29382836797033,2.98159742568657,2.89721841951011,3.08913929168002,2.85183011136223,3.10898860346821,3.13467337402759,3.1777600941752,3.0945824175594,3.17645232864998,3.01155365099806,3.07966634758807,2.84837791234757,2.80913251744092,2.99993344125672,3.05840439103667,3.10796628222298,3.17324223563624,3.01368258915091,2.99779329484703,2.92298996368511,2.84794548835851,3.09632737227623,2.89939437685373,3.00230702674682,3.06827741223461,3.14716094942832,1
3.05206653795723,2.85528757857335,3.18680202896585,2.9478294811306,3.02259651098896,2.85067525074739,3.08217349534462,2.90166111750949,3.16694129042852,3.08488434323896,3.05375409997143,3.01931240000471,2.91844695213682,3.18872807700826,2.98024780230614,3.12778439957975,3.07377907603987,3.00241895856522,3.0545807083857,2.98092476274996,2.89525541325452,2.93409692712511,2.94902587532204,3.00184157884443,2.93644181140112,3.09857585018448,3.07948897563778,3.0636265612262,2.78932406073522,2.97819684983544,2.89514341312572,3.18093323188367,2.87958254530708,3.13177976510025,3.13118887920812,3.12063967219368,2.97142374618974,2.98104677642485,3.22876990188371,2.96705589882193,3.20280268543478,3.05754199707261,2.78201829688779,2.88818622190822,2.90291343264243,3.05613525315048,3.0440656913999,2.74369126056442,3.11812614523648,3.00563256046653,2.99012295308152,3.25556379762792,2.93488868823743,2.99745969700187,2.99115766158359,3.02606098942881,2.93058533217326,2.96549431501619,3.03949435841667,3.00011286078486,2.85921419133436,2.82098509663373,3.13776928084821,3.09871976810252,2.97972165759767,2.84680209290309,3.00883583351049,2.99446262226887,2.9726706107224,2.95148766456702,3.0930924403569,3.11003232232171,3.00297679142991,3.01929448057163,3.0063051972325,2.924660669763,3.05338141428712,2.89357527497136,3.02910390571294,2.89269910652941,3.12064160166325,2.86778000515224,3.06015964961137,3.04915666087316,2.85159958358861,2.86096276844277,3.1073884062252,2.94498294045506,2.88090807922262,2.94517984802215,2.97182463727831,2.96605769720719,2.81614758251275,2.93928682027331,3.12774971566985,3.08544967285028,3.00116474799793,3.01343295537943,2.90667346420513,3.10090841519972,1
2.94690496237762,2.91354494720853,2.93995982641037,3.1863853328897,2.93762139536562,2.96016490835305,3.07114709010731,2.99002143506387,3.06084886545457,2.87745481018949,3.02438684480845,2.97194208629137,3.13091674519358,2.99967838221257,3.30433516189862,2.89437874171175,2.96707242188705,3.0265742686518,3.12796607762303,2.91761922606094,3.10974677808515,3.09508131252766,2.9087736900833,3.28372995628526,3.09016452784147,2.90066477290419,2.9857204826149,2.97205237987967,3.06406856674044,3.0237584709925,3.10901608989243,2.93330762095202,3.1086761168113,3.00668289040969,2.88015752451057,3.12662011414317,2.97263968646963,2.87780428762645,2.75413195551164,2.95599417229048,2.82255672345582,2.97106435924598,3.07212914845393,3.11195809191705,3.10004955792841,2.99791773388396,2.94671671973527,3.00264605069066,2.75881534840194,2.94616227491816,3.00525206862411,3.19789501955126,3.00593965812179,2.88809068745809,3.11563121401186,2.89702764008213,3.05425925542716,2.9693564654089,2.90061596415689,2.94416562524209,3.05793724382216,3.28520902069734,3.04500112322561,2.8523922465074,2.93008553195126,3.02963342189697,3.05302304601981,3.01236190563475,2.92339040663,2.97438856144516,2.94258619291582,2.93891851212736,2.91977875668255,3.15099007635829,2.96434598424284,2.89934001818876,2.97012631867816,3.05205942522748,2.94450399063809,2.96108396537293,2.85711269370286,2.90596144390286,3.13471378223367,3.12143113660284,3.09824553871771,3.049915867115,2.91210999563582,3.05950243747472,3.20464118284553,2.94096624820838,2.95079418020117,3.10596423118549,3.02867083835549,2.82329394064653,3.14398999246042,3.04264909974247,3.09456634432348,3.00867689351579,3.02360957301937,3.06123168426133,1
3.10272157376171,3.01352186094484,3.00402789581912,2.91728589555896,3.0539941758878,2.99060909225979,2.89587916003759,2.90224632280127,3.08383369462513,2.93297021652579,3.03669604803134,2.93461988362174,2.95261154827809,3.06058642328931,3.05475224889239,3.18984349807695,3.19697916504512,2.91249296132662,3.05145069322548,3.21643813915024,2.81008667624025,3.00679859373526,3.09574593935505,3.13293220661837,3.15726165973141,3.0623860908466,3.0947150415205,2.99746686004472,2.94946667097089,3.04729133322267,2.93403943261133,2.69109781977917,2.96003180897138,2.97731107817264,2.8094074806525,3.00830848441295,3.09220954879823,2.83679662764621,2.96751295225232,3.1522959774055,2.92571368564432,3.04654585048449,3.06840010817988,3.1046494964776,3.25623054057638,3.09986597838847,3.20281377203719,2.94509462146382,3.10595837666758,2.89433943647497,3.24091522995918,3.1393643075641,3.02530680842647,2.95831404748391,3.06576593138023,2.98536172052735,2.97047375698486,2.96380954833045,2.90308492469712,3.01154595828077,3.08663599305964,2.98276905235483,3.11481838439037,2.98339841969565,2.92041858643746,2.99680758740355,3.0517856189828,2.77587163266835,3.03517718552715,3.04257847101551,2.88189474799881,3.07895499036672,2.93045295766056,3.06252617197936,2.83068753223398,2.98639967690108,3.12217993347071,2.79351546084005,3.06517491522052,2.96046880176866,2.98850552420375,2.95470175010196,3.09581663616647,3.12779179140675,2.98131716491471,3.10312884268264,2.83692244110429,3.00209738210137,3.01162258144457,2.81916331722136,3.06356144153358,3.06278065154208,2.88893886116934,3.03922316834081,2.93500665519933,3.01290399977377,2.90281110545381,3.00990756367835,2.91859263031592,2.98377789563232,1
2.90571094624022,2.93849249809424,2.93986074869062,3.25177666414651,3.13940100302699,2.92717975629368,2.87601116786574,3.03825161779355,3.03778246969024,2.94178599753493,2.9739121275798,3.0892222190355,2.83445399897574,2.92203950051752,2.99914121699286,2.94019022443608,3.22797235457863,2.99331700311395,2.93043671962916,2.96925557031749,2.99328433429212,2.98489596216351,3.19734653421564,3.14097079205388,2.97337614074937,2.98137466478904,3.1240022416765,2.88148775495116,2.91437493340908,3.02408119873309,2.99345102448551,3.17864825303524,3.13802488654915,2.98685392745315,3.06744363956582,3.10623734272257,3.01044466940333,2.89086218179231,2.87428254737966,2.82483428228989,2.93790695380094,2.91760453578873,2.94841601618565,2.73718602097665,2.97842109191489,2.94500170204511,2.82630124629343,3.01635826113278,2.99440358516144,2.95566658470334,2.94272455950419,3.12439561502398,3.13608482506611,3.16738693669375,2.9307266987449,2.8521876728192,2.97421487345224,2.90634200421197,2.96200595336495,3.22024454109661,2.98824765360028,3.0050128020606,2.99279771975685,3.15376332933439,2.90810128662567,3.07643501588739,2.95979496084919,3.10793097393851,2.95198876011134,2.94395406498954,2.84956369552242,3.01545487613283,2.98259179044604,2.95372021679578,3.1220299266058,3.10725889923818,3.07546965688631,2.89509966788504,3.16946163371439,3.0612576609905,3.00744832848241,3.03100028454659,3.10460988821767,3.01084059415279,3.02281890453952,3.03610699656447,3.13138068232639,3.08997715667926,3.05064165319625,2.89501264081056,3.15662809159868,2.96637666391611,2.76313425467003,3.11356779919463,2.71704603908286,2.92571507615095,2.94959512211709,3.05473974913758,3.0303854397162,3.06928213062346,1
3.05223824605485,3.10888869158083,3.01536005002869,3.08452972597963,2.93485937885092,3.0506093403288,3.10207500309566,2.86620051286948,2.9159231791013,2.91877293639258,3.02406887182636,3.1323140157564,3.07651753697251,3.04062963008045,2.90498031797361,3.04234051470857,3.07663361191391,3.05038880654187,2.92607580346308,3.00721518186937,3.02273936995393,3.02015842354856,2.83281023373157,2.96188481983352,2.83671331086349,3.28744280593785,3.0935519723428,2.89556578227605,3.15312072511794,2.98309743816879,2.89813674399438,2.93116599171547,3.16957033894484,3.0017052569543,3.04509964418675,3.12101106670182,3.03553936131688,2.77323069009452,3.02252217590775,3.03290321404587,2.8583441315453,3.0394823380144,3.05235986948998,3.00902067039093,2.89113923353017,2.74075422192625,3.01734252856978,3.1018669794293,2.80655903998909,3.05629836465981,3.12412137007575,3.03760333448274,3.13179843677332,3.13973080459164,2.96910674042718,2.91037142353627,2.98772901879805,2.96140036923035,3.03293099225954,2.96520392805125,3.10958198073692,2.77933562040304,3.02900555677789,2.89586404600646,2.86231246191693,3.14283824409338,3.07388149793685,2.94245963434708,3.0643341027867,3.14484679734991,2.98654614801627,3.16372398544765,3.01754125024267,3.02779555567736,2.88016741384629,2.88072896065729,3.11384724771004,3.01076012984811,2.88757914057541,3.12925834248934,3.13391205382318,2.87903738039012,3.07331024298436,3.16551879665086,3.14977892285468,3.11501601306112,2.87227995553466,3.04278056904636,2.93204660182695,3.09160926654532,3.07759307816151,2.86592501406321,2.83587640173217,2.87343979562005,2.97458880525261,3.10544989785126,2.9885357940907,3.06406739498507,3.03064748750201,3.0394298280039,1
3.05662215852747,2.83313004243105,3.07297355287047,2.87661800733443,3.15381283475971,2.94400604462414,3.03908860902855,2.8939906658042,3.12066499900166,3.21218277044842,2.97288154728044,2.9081154462905,2.97232810114398,2.83318952513394,2.92945889592138,3.0325134813494,2.96178799786279,2.99789528481121,2.93966714456514,3.18132941317809,3.04639215999374,2.96379471802328,3.17559583230058,2.85733478166356,2.98571439951818,2.96873677240875,2.93389548437166,2.89146980841761,3.13855473380113,2.92618679670707,2.8201243973934,3.05732404027507,3.01418847388289,3.19358539353131,3.02166334731402,2.95943576612203,2.92095406315203,2.94817293931682,2.89053532093067,2.94346811706926,2.89532777961635,3.10713471327471,3.05012956987941,2.99038044256322,2.78472014304986,3.04048755419298,3.17035197332586,2.79838523273074,3.01157837434685,3.06179989794774,3.10257837069913,2.88364471786781,2.98265392314882,2.97917714667412,2.996665750105,2.88339658372026,3.16396005538349,2.92383411047152,2.74948739991883,2.94397799484251,2.95365049369839,2.90582431731645,2.93268814164575,2.97824291425925,2.95086196984816,3.02057890544164,3.00665038351615,2.94617943731779,2.92514112522249,2.90818247001898,3.06878891063959,3.17688464160628,2.8121917473919,2.85332905204254,3.10974684275764,3.02696034941521,3.18385562763074,3.12275079537951,3.04362180621261,2.9616225215242,2.89515156066394,3.08408955378357,2.98891027609604,3.03094220222401,3.07712053891858,2.97310228985995,3.04415987812752,3.02041821506144,3.09660523556779,2.83076762205075,2.88137932203158,3.08339366965089,3.01130433493834,2.9203741296332,3.11450934926738,2.91648889395123,2.9895130958032,3.22472952528351,3.14469028919466,2.95652289898212,1
2.97782862285857,3.14259900067242,3.01796859411913,3.0267498068137,3.05069111686335,3.06201984555319,2.98660262346312,3.1617089678255,3.11541807584392,2.75670180285788,2.99713490824329,3.0409140509908,2.89878031295758,3.08574404939479,2.88486535029812,3.12994946250392,2.86472594498226,3.02693019108367,2.9554600582495,2.9737134515172,2.99397712194972,3.02039163372959,2.94583342641487,3.05198238003854,3.21825848835725,3.0714382625743,2.88977099735117,3.11369067333805,3.14130929484314,3.11017478442626,3.01883424772212,3.12289902357887,3.03704895811214,3.12706548035458,2.94255481050769,3.00938221888137,3.06082199426918,3.08305699827881,3.08089891161591,3.13711559121965,2.96756480598925,3.13706595586406,2.9508777352937,3.0300876420437,3.11733509423798,2.98486314248577,3.0155188018745,2.83374197582026,3.02096396510278,3.09988153623575,2.87318225654512,3.08966410435357,2.78699842352169,3.12615999326644,3.02875127565289,3.15773245205053,2.84773372810256,3.03419812866191,3.09114605604253,3.00452146890799,2.98667608752791,2.7431156567655,2.83327692486497,2.9123494296879,3.09632209771465,2.90661073361694,2.97110757243439,2.8347459806349,2.88655389424504,2.88272120766432,2.95147186724247,2.80435037225384,2.87929434400448,3.1369495062226,3.06377533845409,2.8529565318394,2.89161009621144,3.01552576816947,2.9156121510684,3.02829498230922,3.03461623995865,2.96327361155894,3.08955274874024,3.08601017490429,2.95980587581535,2.99548491317556,3.04034373261942,3.04718757194592,2.93299528512058,2.93810395501702,3.01652808392722,3.33639059432954,2.88841364236762,2.97794121770312,2.95967792855537,3.04093823885762,2.79734509934948,3.08765311540145,2.95003198895398,3.04027043955576,1
3.12437307484018,3.14853049972307,2.90197462024436,3.15787253866275,3.15560282367063,3.11087707555781,2.82222854652064,3.03999744154803,2.87519982155971,3.0656315816719,2.84197945884192,2.99471763347552,3.19546475291357,2.92909765639176,3.06385038025687,3.00726542575094,2.97766098179181,2.95550844005626,3.07722318549894,3.1544212299766,2.96474657616144,3.05951503863163,2.96331603217633,2.96207317971453,2.9034667055335,3.01971060583528,2.86099079795148,2.8786968994441,2.99644321114048,3.15620436770078,3.02262372927118,3.08213153296748,2.93725694018868,3.00504779693208,2.97334775824699,2.95559390422263,3.11023813531009,3.21031403792748,3.13857093874101,3.08179740994987,3.01216287656331,2.92467055195203,2.97468937752344,3.01176121553359,2.98541860709916,2.85586603464067,3.06732175902405,2.80629222723872,3.0146297095923,3.02460162059582,2.96518038582284,2.93343670877488,2.90540402946332,2.90708132512342,2.98017006204735,2.98362090824775,2.95057298298184,3.16530645661305,3.06657586413626,3.09706578745498,3.10317972049813,3.17439009793055,3.04720441015248,3.02372303713458,3.06519488906089,2.91266861143069,2.9750228419306,3.22570071335324,2.96024609955696,3.00816744287782,2.96571937561164,2.85157804582495,3.19706013249817,2.94758478700127,2.9930195069646,2.92015389411542,3.02447588376259,3.1702249688654,2.79650650310328,3.08497474779473,2.73097436471623,2.94511861332577,3.09550821495399,3.07124414823627,2.91953055392945,3.03099764944765,3.0773776930716,3.01512666808443,3.33866189933759,3.00065170261833,2.88453172880995,2.88772372881602,3.13110774773151,3.04623965306032,3.0544651714746,2.9661384871771,2.90171444082866,2.97847610136316,2.90524910184203,3.08525122316859,1
3.01230026189218,3.03664580865511,2.86640084974256,3.34387378099182,2.98601180994515,2.94038051112142,3.08050927023903,2.95838372009052,3.13729177777863,2.93459603980157,2.90555054703459,2.97743850022808,3.04424445243522,3.13147576856738,2.88173668202602,2.94580161007936,2.92365846222001,3.01762663543514,2.90971788176173,2.97520884080535,2.94080504433492,2.98614712753136,3.00032144647665,3.1019884629619,2.94435614081144,3.03058557812361,2.8160030790042,2.83259429168474,2.97835919355561,3.13937406373403,3.12004005013442,2.83191302878934,3.02627186631113,2.79121227330799,3.01336425029407,2.96212182423707,3.19543375054455,2.89060781774561,2.94312037982139,3.02447888107052,2.92353063174618,2.97858830287573,2.99576634105208,2.92218606100073,3.15069499984043,3.12039967181765,2.85602986794151,3.02133017342874,2.89057442604714,3.07851862689228,3.02165739344854,3.05258621734479,2.78051395489326,2.90665922796184,2.88456822604616,3.02444948203855,2.96117669865145,2.79265475302121,3.09016309721954,2.89336689120428,2.97900689918841,3.15656290130379,3.11090053611252,2.98535796176776,2.80282525587989,3.07804344320695,3.03681226412488,2.89901186876701,3.05808187431782,2.98268977996246,2.92945441304057,2.81722563459365,2.80042800432479,3.06130654990779,3.07754010179717,2.95507338360896,3.13982063221194,3.13305480363423,2.97252267090657,2.92572732087618,3.04648743952299,3.13292210756813,3.00505330221722,2.9878262998894,3.0587276441275,3.02603122940136,2.91073453241041,3.02907394590163,2.90078266011832,2.93496658416777,2.83665420635466,3.15278086878517,3.12070882505655,3.08155899828383,2.9111428641838,2.98306818624064,2.80145931120976,2.86585979139074,3.00030645182246,3.07909954840492,1
3.08771926472767,3.0046961308086,2.98028478936443,2.8139815846889,2.86843190827878,2.8452924859357,3.30069426980687,2.95712658977551,3.11629047360727,2.8329981174507,3.0855477344284,2.88594757889481,3.0950626835108,2.99943968914132,2.84500607154927,3.06150689199505,2.87710116388512,3.11824307772272,3.00865530448327,3.24961072207191,3.04801181598222,3.05667034321578,2.93597449270024,3.1360513720545,2.95250533897612,3.10801145572893,3.01360925060336,3.01860730356675,3.09909956057163,3.00557117515513,3.04243778713346,3.01089138284929,3.08029956774361,3.03897126550786,2.93639713154033,2.87980640599395,3.12142408047148,2.88165256169669,3.03017643249142,2.95214792673413,2.96301528154124,2.87975287936184,2.92888262973301,3.03403792180195,2.95186789811017,2.91262719202135,3.12614804892686,3.19529530538926,2.97499770371047,3.07850029924936,3.05287411850081,3.0519853844097,3.05047106296372,3.12613239216592,3.01484709131558,3.09461427473058,2.7799646605358,2.89120249821502,3.04874676976911,2.99272352254591,3.06020092171009,3.17986530155212,2.96025540176817,3.03115424342878,3.00874606190022,3.03665776781709,3.03930568311505,3.07600449184945,3.11547718360508,2.84866182750154,3.12419813496805,2.88841184315917,3.05927992245287,3.01893363073569,3.00250541847945,2.95378922087792,3.17142509098136,3.08125304866283,3.08364091396551,2.92462587356081,3.02558856220253,3.14575387410342,3.02647759551586,3.10737606317509,3.1766314112376,2.99898626318727,3.19326337307813,2.97525445148045,3.14447155868396,2.98423514326794,3.01727376558809,2.78020236612486,2.97283880966221,3.0718683580048,3.05244493301945,2.84826910015035,3.12392197801736,3.20422670593772,2.99935521666302,3.05482261154165,1
2.97692862091127,3.07341698801955,2.76641128929763,2.74803803526337,3.01703750951244,2.98144161114369,3.11034753118017,2.9443836956501,2.78874376253776,3.09101484328407,2.95355747913049,3.1184216662023,3.10383672978251,2.86084699877093,3.01526128264012,2.85698963501524,3.01338940431783,3.08612272582635,3.07581894452669,3.11241105675431,3.12102305599799,2.91989778333622,3.06124948485771,3.09170449208459,2.97601850980491,2.81402388008073,3.14295344654036,2.96517054172979,2.99825987360546,2.86469263186158,3.03112330752711,2.94961086743797,2.98368539084204,2.82765505232802,2.9751219677592,3.06601461691465,3.00103333511121,2.95685012226092,2.91487551938487,2.95227324641194,2.96917126968844,3.30115085395923,3.03611041098575,2.94269801825175,3.18906619978459,3.02682517609875,3.05493348246806,2.93806941598068,3.05846096350804,3.28911881197317,3.10955846407612,3.10703405979997,3.08023085330318,2.80588809206551,3.06646900781252,3.04289236086514,2.91176214489287,3.12396731917017,3.14842336351407,3.10873488446815,3.03058703694927,3.0430924906507,2.93352228719745,2.90538087356962,3.15600591855405,3.0384489038335,2.86195407963164,2.97631418644632,3.11277023656906,3.12101720306793,2.94390733184478,3.09205917464609,2.95480749688789,2.84964064311422,2.99108865484028,3.01634298821338,2.92155007436352,2.98828895105331,2.9783928849504,2.9289253520537,3.10873896879908,2.94838228262024,2.95418204395385,3.03976900971718,3.08046019991842,2.99786505978352,2.99702989092215,3.03224054019114,2.93693860600631,2.99743827443964,2.98739795061875,2.98633657012494,2.99138805860912,2.71940522154262,2.77375433512064,3.09291321661858,3.08667168869513,2.93367120172305,2.90793505275033,2.97032447802098,1
3.03151967153035,2.89386158550646,3.09796450576315,2.94720157687202,3.19689522035268,2.89379061641634,3.13652381452753,2.95937311626275,3.10929322438562,3.15340016816896,2.89492089421749,2.97045844640224,2.87665215442053,3.09987753786968,3.06499839573823,3.03996139101743,3.04455877065488,2.98940316542318,2.99282250302838,3.13299035959193,3.02733970265493,3.18148892351447,2.91232666992805,2.9705907952798,3.14878024474991,2.85563814119096,2.97439016054096,3.08189760484283,2.94822315909746,2.77385103570165,3.06971364360376,2.98047782522025,3.0532528157991,3.00795937742152,3.16849826990117,3.1538676166428,2.85307948488016,2.98237169023301,2.8422422387058,2.99831438509499,3.05089456201362,3.09867891181417,3.00672835575638,3.10084009916739,3.00314968794608,2.88787403354275,3.13333337713797,3.10689703871507,2.9427572065088,2.94927081603261,3.01065309129955,3.11396610001781,2.97048890419745,3.0076140838762,3.23966217223619,2.90472928515932,3.06107235289684,3.12962205213739,3.06500428970445,3.08709312491371,3.07046101835797,3.04419721468913,2.95413237013889,3.00851728789135,2.95227087287254,3.1655089461717,2.94631387004763,2.93966065573844,3.03622065019565,3.03864035083501,3.02473864630866,3.0440245985576,2.73726158726902,2.8529023317004,2.79839931439427,2.93068557828779,3.04956790361745,3.08487624298987,2.98016787630317,3.01947405543514,2.84621341116094,2.87242988535313,2.99622648562462,3.14687007839734,2.73068345032119,2.82731531814622,3.06023834951309,3.08393591811183,2.98395915312468,2.98807854021873,3.06836559931631,3.02798184522308,3.18971171673511,2.89271053747572,2.88882717380557,2.96719139317736,3.07467766703214,3.13520925062357,3.11241918813675,3.0302256013931,1
2.97730608922926,3.02277978945325,3.1897617820391,2.81357775667657,2.89914571851176,3.0278270064776,2.89407935846427,3.06592774383114,2.85607752331366,3.14046530874637,3.04887317137512,2.94144906345487,2.92864822835925,2.99137744937179,2.98998281218469,3.16858935827422,2.87471843179052,3.13428736064855,2.91006020207663,3.03163923750904,3.1181936557865,3.10631535732052,3.11646194633854,3.12882658582543,2.91816435820595,2.99041587993362,3.25137332403214,3.01853138743288,2.9684368936216,2.98503900379229,3.08941161196609,3.0174124344224,3.08155166846017,3.14540139197506,2.92969587603332,2.98585479110236,3.04247041791604,2.82020012314783,3.18063240808238,3.03501201876941,3.00651670444349,3.1703988779699,2.82312005525664,2.98713794476318,3.15527695639378,2.86633003445434,3.08737982368057,3.11255164914546,2.86557471871126,2.94635310701658,2.89128625935051,2.95006160296233,2.93577096511819,3.07339779893045,2.95974267408078,2.87667011453355,2.92960568096941,2.97646320791377,3.23445998104292,2.75060978532648,3.18311466637922,2.80809506459903,3.02156565971955,3.08255534658948,2.99547569647692,2.97304326465846,3.06777949867608,2.8689473454458,3.06898078588122,3.06836198753668,3.02523326759603,3.01733906482357,2.93250421656839,3.01157891980601,3.00233571022116,3.00932739408871,2.85410504305254,3.14042972967411,3.09317168774717,3.25095595801105,2.9325639396811,2.88155858457328,3.11496924492285,3.00389354499726,2.98180779107347,2.91992852397715,3.09100460819747,3.01574466782337,3.11036434517668,2.92446878827217,3.0861868301606,3.06447522448522,2.9298587181103,2.96509336525603,2.96752751981145,3.13815930030124,2.98677381103435,3.0518623421747,2.97019118071786,2.98110700434213,1
3.20824558327851,2.97449895721236,3.02008460294822,3.08698053641922,3.0230574395993,3.05741832732298,3.13163035364064,2.93207024992377,2.92996528574836,3.01594287374856,2.82822818456533,2.98332309283212,3.09630508688544,2.98963570606167,3.10565162459337,3.04502978062971,2.89372814012692,3.02197581079988,2.9887175635722,2.85769148952025,2.96170427380232,3.00779689569037,2.91773113541733,2.90817435015539,3.07082650606259,3.05898180763568,3.12378872992817,3.10727131116115,2.99710079052061,2.8291030555563,3.03674035057118,3.01679247542852,2.92486753706506,2.87406887491916,2.82197517546264,2.95210985334553,2.96869306983944,3.07692773180761,2.98279558773249,2.93223467276209,2.72724433686561,2.90813519487026,3.03251678023541,2.94010343960929,3.08477122861409,3.33703655093317,2.8882625239168,2.95373066159534,2.94820208652771,2.91520478110875,3.01279314945943,2.91739833590252,2.88240322508352,2.90499663446388,2.82404101411767,3.12994065496665,3.04733555172526,2.99123185370004,3.21121594632378,3.08922473855543,2.97228511400508,3.13999065907835,3.07581121530029,2.8584676844396,3.04537486797393,2.9360605673448,2.91368539672038,2.94811063275063,2.91618042554588,3.07464342515577,2.75265104972274,3.06569428083697,3.04502857187153,3.14143820446578,2.88345173409694,2.98310884915602,2.95364628061318,2.9879927521767,2.9611781528869,3.18745623565442,2.90630044304059,3.03146370262063,3.02478274064271,2.91886553999123,3.12017115171735,2.83389838909387,2.98999641824545,2.98617629124499,2.96480261486365,2.73573873499263,3.01084565855373,2.98033670244254,3.19244044801599,2.96635689343405,2.94272166574412,2.84225100389584,3.04722672868351,3.0724552021724,3.03114911207675,3.13380363794461,1
2.84676803572227,2.97400666593631,3.06573342729701,2.89185594392467,2.87812520735844,3.02709753850395,2.96571568252133,2.93032153343521,3.00989686743111,2.89481120904681,3.09083068607641,3.11309804014163,3.00103205854352,2.93275595013993,3.21153612564428,3.2086587928784,3.04311103782162,2.95575722529931,3.06211413938494,2.95926967552615,2.92520145090205,2.86143102782399,3.14489567916624,3.12596387824382,3.12694141459645,2.99539702564585,2.95201357001134,2.96683928346547,2.88302124413797,2.79263271204686,3.07447261186976,2.89622710936149,3.00366017894577,2.92644767172649,2.90842336933517,2.87937176919249,2.86121141686131,3.03603541304373,2.87173183400073,3.02555062948171,3.21288852532658,2.99047902962209,3.05316254927909,2.83580252616794,2.96513269725559,2.92823825654375,3.11307599112238,2.9822297148859,2.88908398194415,2.98932625724238,2.82271516193089,3.12318303570703,2.8534770449865,2.96033891705122,3.16948961840138,3.21829288932249,3.03310308842226,2.94314604191118,2.9453248528662,2.95180129791422,2.94267206620746,2.95526599322123,3.03236744471786,3.03599347748698,3.03348792748431,2.92990139165864,3.14661536203781,2.81955403861547,3.15583345352027,2.90507278753651,2.98347127065985,3.04576876558543,2.97251291130629,3.12691212245247,2.91007465711504,2.99531482903891,3.08719757190764,3.08658619624943,3.13140708475412,3.07991859683619,3.03258095303194,3.0047721394807,3.06047504514194,2.98223640412216,2.97437070568943,2.77549195381802,3.10118224821146,2.9897993673001,2.9185032287813,3.11331178376016,2.92666065031489,3.21928661858147,2.9570235745417,3.08515752697081,3.25164472704294,3.16768882670693,2.8780190517463,2.91124756622361,3.0710047669662,2.93295100104638,1
3.04397002193044,2.94001005214157,2.97775992025237,3.04124375494751,3.01107880127811,2.95503281889719,2.93393324259402,2.79833283407284,2.90649247497212,3.14708210927732,3.07573237577528,2.95832848530731,2.96601284964393,3.07092745591807,2.90243171575321,3.13797522901429,2.94451696200521,3.13300868994562,2.82186656025465,3.04718966928346,2.87015644700502,2.94400157033647,2.93570748539969,2.94864897551783,3.07500876170878,3.05293699439151,2.95491679249284,3.10866977255685,3.03324368532888,3.13906100840661,2.95433471669835,2.90078890977646,2.73321541615707,3.0194992858624,3.22623929220552,3.15211843448188,2.95789223553285,2.92257535118154,2.95067200317418,3.20029701224144,2.80187009956668,3.16089870825426,2.89118935266755,3.03743612917108,3.05778104229682,2.88205573278877,3.09892527320944,3.01469796359517,3.09484192564792,3.06975653813015,3.03331175590174,3.0648820197117,3.11986270030733,2.97035203090833,2.82549568686093,2.99158344631792,3.06770679123557,3.04819254140983,2.99097246793904,3.09660754068366,3.06717806149458,2.86192705234756,2.97192517544312,2.97886794186678,3.00259392299432,2.98387033152059,3.01705845145543,3.09674956596556,3.09085746874827,2.95322002667318,3.09947753584739,3.11879655011259,3.07260799703781,3.00727456087022,3.08715023930749,2.87497357005919,3.23873270066897,3.06612545914672,3.13340274972591,3.00722954376448,2.8429819262054,2.86662637310645,3.02712538129587,3.15662739641312,3.16291017966377,2.86729848603572,3.02000925363311,3.17567929669174,2.92510707653947,2.93529088841426,3.16603113881552,3.06112507328123,2.89297678857518,2.77000697695634,2.8394198116451,2.96280014251232,3.03307589073605,3.02087848704592,3.10731310812554,3.05549840168718,1
2.86644954616601,2.96486641958527,2.91947911359983,2.95385767603238,3.07287668320159,3.03212245320624,2.95383206241103,3.07335859135335,3.10398400285114,3.0581086598563,2.94985095600965,2.9843327141567,3.03837119490496,3.10598142871089,3.08204415761866,3.03882673580657,3.08374873385563,3.00423811762829,2.87473623622711,2.92315768902695,2.96067382345105,2.97230287162731,3.12259318603288,2.99135889009841,3.0368825840409,3.00122937769667,2.89355451786259,2.82835292084813,2.88676558690458,2.96776186577666,2.84497318422922,3.00131340655133,3.11732788061962,3.0480905837933,2.87347851907864,3.13013361251118,3.05299143001635,2.98605346669828,2.9491175091894,2.98533434519446,3.15315808494581,3.05841914463598,3.13498568996275,3.24875365167667,2.98881552296153,2.9373471222699,2.91443413509896,3.10717622473897,3.06075533322214,3.08706619874858,3.22151560019662,2.92667414775909,3.06293400961711,3.0024340045898,3.12724838312085,2.97430006353418,3.01405452847514,3.14436388598917,2.97786380548888,2.76063658117244,2.87389427917153,3.04311804208725,3.06303417496301,3.01952909820885,2.93138574018343,2.9707040955043,3.13207896179317,3.1707869851064,2.87326601409536,3.04010350083796,2.97271738157265,2.95512898315393,3.07768871435193,3.04700060865528,2.93344551931422,2.84628409353192,3.09559034253106,3.00484570051748,2.74528483029519,2.98563009266317,3.01826528805238,3.13965704863751,2.99027130054859,3.09736977419624,3.14620605727556,2.98894391951903,3.13634182153847,2.97966558030143,3.03573874872332,3.02676498246592,3.05332353277735,2.70103225271037,3.14799966723555,3.12077022034841,2.90525078249244,3.17874011930521,3.07212084454019,3.06749020363687,3.09289747512168,2.73332746332012,1
3.00973308784594,2.78154947948153,3.07523505922559,2.72054188793563,2.93714392160975,3.01077694968499,3.01871197390724,2.82483822983949,2.84860080169647,3.00232175162849,2.91091343974234,3.12184395591704,2.90718090038439,2.87394001671336,2.81386085166529,3.16169704385906,3.07002786074034,2.95621428609709,2.99076690139789,3.07746733034791,2.95541731369531,3.10320213861116,2.96944954279923,3.01462055931032,3.11138898174941,3.09212060461885,3.04566877193621,3.08383182036651,3.10156221745255,3.14680825757248,2.96820991914678,2.9528448099584,3.04140437909007,2.95024573607296,3.10837324921501,3.04633669901219,3.06325695076484,3.04807539568696,2.93927832471209,3.11821576825733,2.92514876723817,3.00996961259931,3.06263078564561,3.16428246123279,2.97846244874924,2.85988942050797,2.91175896280743,2.9830811315358,3.06093235685355,2.93965815182463,3.06115596776744,3.00818436174496,2.97807684977538,2.94229441950389,2.68641302522383,2.99802633521317,2.84023423088576,3.0726660586248,2.7633660038096,3.12084058655789,2.92996906429415,2.87160013700229,2.93625633720711,2.91321928174613,2.91906893381613,3.00167570578328,3.02388516944056,3.04848951118061,2.94374797929634,2.99834687114443,3.12684253225007,3.14497540679523,3.25141785637038,2.87756696784653,2.99683824172293,3.04697260248206,3.00373440609998,2.92540760043775,3.12503791795598,2.80554109379913,2.98481681333327,2.95278716508964,3.09141579632838,2.99137462775887,3.04282800731291,2.89315338825009,3.02425936202784,3.13457291956364,2.8986914103716,3.0587962710198,3.09764302616199,2.89624917739743,2.94772697474416,3.08096270811143,2.73902042400139,3.10187644743384,2.96798229404567,3.0462509876177,2.98688000961091,3.02136307565146,1
3.10937991877363,3.01373219478133,3.24637316342594,2.81801538409686,3.14692709680228,2.98588850455107,3.0226663468115,2.88819528513988,2.93744290369857,3.03208271765074,2.84759351424953,3.03026312596341,3.15485293634095,3.08739465410962,3.03002060391074,2.90091280369993,2.95424477632263,3.01215417019901,2.92989338613989,2.99395719068565,3.06174984074166,2.94001746910936,2.9388883377589,2.73476400678581,2.79404456251434,3.08449819966124,2.95849084421371,2.98355462817307,2.81707514692964,3.09201765104757,3.03514474404037,2.88607434416027,2.9286388396625,2.77423825247907,2.9816120940001,3.08489704127946,2.95162498841653,3.16667053288698,3.12961790717262,3.08948871812022,2.88029752799475,2.85183852727269,3.12164261846283,3.05616628450076,3.01632388386006,3.06193563803631,3.06844642692154,2.9857334729227,3.06858305026964,3.31735522781703,2.94725864467631,3.03614441707529,2.84874143728288,3.09476334407795,2.94752059552972,2.92095258959733,3.08497127956178,3.11862820783595,3.00745424971897,3.01828197086817,2.99120798856028,3.06650459534224,3.10774969317618,2.93845693886631,2.9690468078417,3.107283612718,3.00998856212115,3.1411304612871,3.08364041268439,2.9632098321658,2.97048238489563,3.05092964562716,3.05810958974148,3.08654807786703,3.01888329201298,2.95026267359561,2.99813683180838,3.06967073320441,3.19312067745068,3.0193902018156,3.04702317689669,2.94493603593253,2.80446580711248,3.03041141332892,3.08957852231846,3.0000793928162,2.95953212775767,2.9495482539368,3.1495764595454,2.91335373672517,3.01844720026553,2.88717004828726,2.87522262909851,3.00706739987931,2.94730528482657,2.86605605436593,2.83635795647391,3.01678068231448,2.91396504116316,3.0975548733124,1
2.95758739136855,2.83774475724886,3.04840811943757,2.93872828935386,2.91189480892242,3.13889418596764,3.01084405343095,2.96543637477344,2.8348085287804,3.1684360535235,2.97851888365414,3.04994046245848,3.12295146470014,3.00974364678277,3.22169551998239,3.13775033621531,3.00276940869582,3.04191870336132,2.91071092992012,3.04528740616064,2.89794864186517,2.99927142704855,3.0595195472416,3.0954579668524,3.10224562569917,2.76682502352858,2.85894123616299,2.94092923889987,3.02451261257498,2.83420462518541,3.01276196519972,2.82452143880412,3.0744787716496,2.94295880871137,2.88994237123408,2.99308188066562,2.86678832195822,2.98551562738004,3.05706325785306,2.91136190544207,3.18010357018576,3.15061815776231,2.96118250892212,2.89571408804339,3.11155043645111,2.81165875905004,3.05513873224028,2.89635944149173,2.89225848353585,3.02946780458542,2.86524459978656,3.09675824360274,3.1370601038906,3.01948397525158,3.19438532194437,2.80587202075244,3.09036235919811,3.07409716602281,3.21925494409238,2.85518854080363,3.06227629758337,2.85320807582114,3.10542540283043,2.98120836461671,2.8822134172839,3.04504615718993,3.08821987607256,3.02059640748549,3.09970667522227,3.02971491363165,3.02517305887236,2.84857689139704,3.12293775085812,3.0207114718015,2.94232814126573,2.97899267159071,2.96977453301758,3.04819463152695,2.95256685591996,2.91278809798841,2.92575393917193,3.10994236731034,2.91205521820486,3.19493732056451,2.86361890343278,2.83663436334887,2.90750186225585,2.92185366579017,3.12075561791909,3.07919156332901,3.03271777995024,3.06191927222467,3.05063981713546,3.14278852355528,3.04889079185746,2.94097415839442,2.96737880338972,3.1563388613232,2.9429456019509,2.91079608098702,1
2.81583646994024,2.9741653303971,2.94799530028475,2.9734578676098,3.09914334186876,2.88798921750842,3.04356969445481,2.88948682601382,2.98293211820456,2.94997360008956,3.06946006737374,3.22184432147628,2.9440531001996,2.90672406869228,3.0254409209336,2.90426384421865,2.83088455133954,2.92774419435681,3.12763365074809,3.14907061810138,3.09079435947714,2.87755031587226,3.1458843143541,3.12162619677106,3.01964213893801,2.97039690171442,3.07203199307448,2.94314642631619,3.09085217508993,2.9999330091258,2.91102460422353,3.09256598403973,3.08044889857768,2.90802119457434,3.01715111943923,2.99849060138428,3.09013459868693,3.09132163155564,2.68040634906734,3.0746101813956,2.93905544984645,3.16412268057423,3.27558527932289,3.15300117172207,3.09559447316434,3.15574388374982,2.95584929828038,2.88243112660805,3.21187579393316,2.99141899575181,3.0685807220498,3.04215644952941,2.96318345555994,3.09847942996555,3.0257015106607,3.09907143357226,3.08771752315973,2.97763586264257,2.89786713956639,2.90170277496632,3.05130423611871,3.06121394646427,2.99642669641517,3.04431367217336,2.91015219519022,2.85455531483066,2.86576784524863,2.87802311391676,3.03004129522078,3.08298924382511,3.04542474572452,2.93919893576594,2.98842773168096,3.13089532606919,2.8439614668579,3.04687319374083,3.12633726172637,3.09796893991456,2.87330818676722,2.78496370044168,3.11990529905413,2.95629549805801,3.12694247538088,3.12522122181868,2.93503889581428,2.97193643473586,2.95430132690848,3.03047504641678,3.1324170581803,3.06260874686721,2.95382845412122,2.80512184790315,2.87087864878775,3.02273349276875,3.02941668259257,3.11985954953894,3.09091773187427,3.02351484599485,3.07775091644356,3.03354588844831,1
2.88123077472894,2.93675899948012,2.99882951248183,3.11237938096393,2.99570626259006,2.90604093636047,3.14257807185166,2.88442355942564,2.93925221514329,2.77473837699472,2.95064621266093,3.00567926003519,3.096394719202,2.89697067382222,2.94279168784696,2.81845310996284,2.93694952586041,3.02880537832333,2.98424668496717,3.16766695926172,3.2103812398217,2.91148111446595,3.08652821208491,2.98487512029977,2.91137538788261,3.23292545250591,3.09899977754116,3.11664500818214,3.03760181430803,3.07285001174836,3.02665282299797,3.01611615759723,2.77552570254696,3.11764794489487,3.12140071883482,2.93570745936951,2.92023638088213,3.07047145362464,3.15782454281672,2.95490330929164,2.96709194495322,3.13783946048777,2.90576609885768,2.91629798084873,3.18821989764477,2.89503790916309,3.21845342453464,2.87769901577071,2.92258241149304,3.03353693433496,3.0159249438094,3.06302093313761,2.9550278539325,2.9945039597989,3.03300556907806,3.0437564236432,3.00539655953371,3.13583061079183,3.00094703088959,2.97430957283831,3.19850514335128,2.90888806534124,2.87343385331787,3.01710083404038,3.02691991963541,3.23425329189437,2.98744000645348,3.13143825531534,2.88990831050706,2.95612210137215,3.00269016790236,3.03605592645024,3.12836848170452,2.9331207261667,2.89948741013132,2.97920210154858,3.18893095683671,3.02675997496072,2.94811286147106,2.97757940069523,3.17539383861457,2.99547211521964,3.00771320388869,3.04067410586723,3.09147976998106,3.1661491974835,3.27676536216788,3.01215525693977,3.07265852137097,2.99329616138566,3.00007213241892,2.85517233248381,3.02167517435433,3.11684748165505,2.93727206884266,2.98548311828111,2.92764088557689,2.97479821744639,2.99195650265498,3.1202946732418,1
2.91027708856326,3.06921031108188,2.93830710068256,2.98173226026953,3.08032384430316,3.14085237788565,2.95539437940799,2.91518025501895,2.89276928557495,2.91458242088712,2.86972754135243,2.96303387958237,3.1529955888348,3.17008266470651,3.05272507696938,3.24139373645414,3.04608744921048,3.01377559134548,2.92216878084535,2.97932474389378,3.03242860045628,2.93669200395232,2.95342714530888,2.97349956658201,3.08631082518579,2.85984613309055,2.95442106019172,3.16153456682359,3.02732521495009,2.92113294509137,3.10576593752533,2.98527569387508,2.95732527438303,2.97963564152033,3.06424043321467,3.14930137804189,3.09295081175985,3.01962515474613,2.95148889065241,2.90195443448539,3.13421363819608,2.94395389361066,2.85773722656464,2.81200431488853,3.12348342925857,2.90145225862216,2.83491503848387,2.97275800373695,3.13826480482502,3.02859701474876,3.01191006563737,3.10185019628143,3.01714867274427,2.92530936500683,3.03309518003359,2.85527147323066,2.84199337736564,3.26298116399137,3.0494565269378,2.93506518011103,2.85988116261913,2.89105490950783,2.95816268700222,2.84190823742444,3.01318311459019,2.89351250530725,2.93264942642837,3.07396531546637,2.98085724880547,2.84495809143726,3.10586383421649,3.17069255298877,3.23701926973957,2.88244941385459,2.81276061767456,2.93914110256781,2.85274191260115,2.89775734410358,2.88374849125899,2.88534326330774,2.98790638790551,2.98287357455378,2.96616899493939,3.11127014375867,2.90538588675123,2.9515974150138,3.04680242796765,2.86465991260145,3.0034099839463,3.0899579307138,2.91051674643735,2.93501824005016,3.08157497804862,3.02145746261136,3.12837701858285,2.95185671749321,3.04742047761258,2.86278437328822,2.84404758938099,3.15775544637388,1
2.9771502118776,2.9742405925252,3.01079369982615,3.04268858792314,3.16497324125589,2.99556630077074,2.90507738380595,3.00316712082313,3.08170434944577,3.05299075108226,3.17023424574839,2.80694185761553,3.08133112819606,3.01330507852866,2.92015849182889,3.12868673565658,3.24045812968395,2.8750478050976,3.04419804376649,3.07948604265364,3.03610654389677,2.92269695181712,2.99389651486284,2.93554885665842,3.00666637896273,2.95754212701559,2.91112394237125,2.97945219115196,3.19266621426513,2.85013933573682,3.20179504698711,3.16058667731488,3.10275317523863,3.05143378946943,2.95686965583177,2.90619632606383,3.11277157782243,2.97166701561255,2.93855691953673,3.10970030392327,3.09257239814319,3.03580567115389,2.9190287893578,2.92719104771445,2.91949499770176,2.90766901212882,2.942904485278,3.03750054613404,3.15933788867515,2.86491133729325,2.86920499201731,2.99284666177062,2.96683178722219,2.90425513768922,2.99921688141942,3.01239976439579,2.82343925244899,2.89156672873583,3.06041047177452,3.03577330281422,2.75506153047402,3.29656214422705,2.87077966247363,2.93719476863334,3.01040747639672,3.01778453860846,2.85315833530056,2.86176265902235,2.96482658862139,3.04786516455252,3.02264164026392,3.07853699362455,3.12737998444677,2.81512984171826,3.03465663289546,3.05858368321406,3.04629036421884,3.17820570835293,2.93201704656692,3.02988520877947,3.15867705604464,3.09590021925791,3.00892037791514,3.01209736575769,3.00940928067144,3.02543919020104,3.07211517371177,2.99617564710072,3.0004034491882,3.10747819223223,3.18309926903907,3.07987893201668,2.88546421144387,3.08407063363767,3.02860554184273,3.19829320918677,2.83777147263909,3.04926633605264,3.11273137717462,3.03863531317994,1
3.0619153720935,3.03788187786911,2.94911538670594,2.86715128250589,2.90182578196903,3.01687111904031,2.99469591703317,3.02169530212058,2.99531910026345,3.14691768859397,2.91010364093145,2.87824847787011,3.0127930370614,3.08019879738887,2.99607569645325,2.78129393788532,2.95935791469916,2.99838620029144,2.98084251907336,2.80167120872037,3.06783853939144,3.03159871355974,2.88151954979174,3.10367532183299,3.01484087439892,3.04028329355077,2.96302254253073,3.01573850121963,3.01967758650516,3.11224253953424,3.04156618991201,2.99856855874173,3.02573365323254,2.94763354293387,2.93636153600784,2.8970394223179,2.88843922665276,2.66009821186012,3.15247426310113,3.20319268119129,3.09844042585961,3.01750925485129,2.90606766298692,2.845424290216,2.7677991529917,2.79144763962672,2.98597084482925,3.13737485165102,3.12050477932303,3.05725493135437,3.03106934660892,3.11913098716969,3.08711019427701,2.87514371609501,2.97342484387966,2.97413634197652,2.95651819601648,2.78618732476315,2.88573794340673,2.9014272182744,3.02735872162313,3.00040674749875,2.87003199311722,2.99468954831549,3.06898156289863,2.91385762894871,3.02852441803482,3.15547138996879,2.93098334182914,3.08325676629386,3.0221880393043,3.0470820633717,3.13916506047499,3.00717219437881,2.9216793814592,3.02833020277384,2.9317136724616,3.11417810723131,2.94618244812361,2.93481723584333,3.11642074920743,2.98495538769614,2.91893810386178,3.02986582285654,2.84589178106777,3.0280510707394,2.81458074265038,2.89561257247118,2.92469292942819,3.09565667999088,2.81227047375879,3.01867790120172,2.96246000301648,2.9296979022045,2.86104833613147,3.03488954674803,2.88705624446146,2.82892783810644,3.05701511914664,2.7577091338433,1
3.14158115043207,3.14569575014314,3.14659205189451,3.16184574305842,2.93903574872519,3.02924265580333,3.01373828248933,3.06652964171336,3.10869047984673,2.95241224907355,2.9307823254697,2.91200355310549,2.90480680231591,3.05090871909348,2.82090827573979,3.04891215523669,3.02254071769806,2.9615450424002,3.1111175125251,3.14197196547255,3.01372663976327,2.89451247293516,3.11268864200302,3.01003406098433,3.02114629865068,3.00286474841272,2.86326731788321,3.14089929911952,3.01196187848124,2.92180966080095,3.06388560200713,2.96056170801686,2.96607742523693,3.11126904581613,2.98524905990704,2.98388013742293,2.97256181853139,3.06383520500223,2.93342865201245,2.93294615186831,2.98099659424964,2.90026403711251,3.02532290519924,3.16550303393178,3.01494757064234,3.04159299811232,3.19881326114392,3.07671929467071,2.92493608001928,3.12116408700717,2.631639383472,3.09338572318131,2.85374361819689,2.94378154383923,3.095207369141,2.98722510469968,3.04389110101028,3.06504736964993,2.94749490660978,2.88753561964799,2.93114787116175,3.00831883200429,3.12550186195036,2.96419802748396,3.00429256830777,3.1084720097517,2.94363232105946,3.01901109884975,3.25294506268994,3.06123885678213,2.8345429946303,3.04925218272052,3.04410993443142,2.95656884539357,2.92154403867507,2.94972070113889,2.9722201533375,3.00217848094624,2.9184563949442,3.20597866681015,2.88356311447736,3.00480149278199,2.98541344415325,3.04895482804144,2.93169740513262,3.01112610784035,3.06341225807726,3.11969524967809,2.82674154912235,2.9205516524394,3.07348770474321,2.97774278492462,2.99908680600773,3.15168831911418,3.18124029461893,3.30089074901349,3.03234147155067,3.01635917000395,2.8717845488401,3.25394444606549,1
2.98611445048672,3.07391406103529,3.08272156473856,3.18915544437331,2.92787342239462,3.06966319275909,2.87459394966145,3.09752858764824,3.17489783773124,2.93881197968187,2.8712889544697,3.0406155449504,2.88031999155393,2.93702177565155,2.9422636063165,3.04112117636693,2.92942098539952,3.05554689280474,2.9980643513236,3.00676816592634,2.97293330878518,2.93636677374476,3.02365705678113,3.04773475372559,3.00319925275087,2.85408641030343,3.06774571835061,2.96801663803188,3.0782781453044,3.12299113562211,3.15427599812597,2.91236082686748,3.06004152012688,2.77261464119529,3.06033354342935,3.05427810573667,2.91540117919519,3.01101732218339,3.21749182119389,3.21528367094518,2.80103943366379,2.95554615711968,3.11470891873594,3.00385395282079,2.90469745257152,2.90945805342851,3.03144908578664,3.0684265516982,3.02769167262157,2.96066021769266,2.90795607467636,3.15859028378921,2.75887157510379,2.89074025809811,3.18433482247408,3.16903576010098,2.99928105013838,2.97984326397248,2.82488641376605,3.04437159664989,3.08793130909676,3.15640572464821,3.2062718667354,2.95756580215785,3.15616276129601,2.95751583509166,3.03912756553064,3.12337507688053,2.98289337224575,2.82793778884055,2.99575253042181,2.98846798630571,3.15165741519655,2.904912451498,3.06410747917287,2.97063789925241,3.22129346861389,3.07177503030309,2.93323198371309,2.88398874935569,3.02191485247048,3.00402811904127,3.08079281817253,3.10747190008615,2.95053192743341,2.92683696283878,2.95603948232285,2.89097354807218,3.02149636058615,3.05012844843042,3.02063329009913,2.97915258148967,2.99830451884606,3.0575595553675,3.31816620550058,2.94846116415727,2.97851918440212,3.029645208769,2.99665779898629,2.90378994568634,1
2.98366219679281,2.9698486055002,2.96202347998359,2.92082026723369,3.01953508203224,2.88339193617577,3.04722327510627,3.11938727438774,2.84821115400053,2.92925175240811,2.93672168086577,3.0906755449769,3.08089966410385,3.07032355395139,2.95334702706656,3.10261196318873,3.06103304218165,3.21917150836627,2.94724103090065,2.94726755795735,3.06977342567425,2.95461969726716,3.18636767551159,2.90057482109049,3.04787965310029,2.83734946413312,3.07493713923826,2.81099222122195,3.04941461077333,2.98845173728687,3.00337028781562,2.92067382640906,2.98746207959982,3.00791603773013,2.87587243560341,2.89238392856496,2.92846955958826,2.95761142858175,2.85448866392441,2.97255997916844,2.79054180935191,2.85544731389375,3.06773049042346,2.91523425784409,2.96998144952278,2.90299508825366,3.0272493843467,3.03481491527267,3.10363982509103,3.00099672010366,2.90951462456922,2.92657557353527,2.71842604182139,3.28117491929938,2.96315246486828,3.14896358774108,2.99344151918619,3.01910797421178,3.13942472373007,2.98659433920496,3.06549260633746,3.02156134893068,2.98960320466215,3.03956656715798,2.84489701295309,3.06896818872815,3.0022255569451,3.09090850445535,3.01936441056912,2.99657467569497,2.93940979895175,2.93283880131903,2.73079010305848,2.9812359773131,3.11661482255411,2.98872928048658,3.20703034076236,3.08328974082084,2.94089499532758,3.01828285948451,3.10070303347446,3.12936003876437,3.08083391732101,3.11254346328807,2.97619735436427,2.98926471338481,2.9851591155658,3.03720956744694,3.04066634462269,3.05434676323756,2.97579861572565,2.81396042066876,2.91989407820708,2.78691147734547,3.05769150216473,2.84511970952,3.09099716095811,2.97803633643741,3.19473800643977,3.00375982691817,1
3.0094721327017,2.98879233816257,2.99309291173643,3.10890640713416,3.18810905104199,2.9173391651737,3.03607963794747,2.95158554384399,2.97086197914052,3.16916452542129,3.14363831924626,3.07389980932342,3.20255792948113,3.14360113193879,2.87756710444451,2.81434421552021,3.04455325230922,3.17034152996612,2.95866660723242,3.04411728058821,2.93136916206452,3.00707237756263,2.88719038014011,3.1659328886195,2.90217972148748,3.08881070973009,2.85299777405043,2.81240805118264,2.90277154264453,2.88739954369765,3.04972713963238,2.89717508890686,3.09058299157525,2.96238739328754,3.03989028885423,2.9729771838702,3.00093178996299,2.89121562961016,3.02760747519053,2.88366581377574,3.08060871092311,3.10924507689998,3.09571319248552,3.04989898041058,2.84928051386279,3.01342789177466,3.01463109293077,2.91237001012174,2.77287152184397,2.88972979643228,2.98140713721876,2.92646469056667,2.89010985919517,2.94264590366146,2.92459142133843,3.03531252628404,3.0664843460367,2.82076980352409,3.19979379798967,2.96881583368047,2.9334211599256,3.18406512287931,2.98681238873621,3.01579895008802,2.78578012412909,3.19225598168591,2.98757476942756,3.06099543762069,3.07173191477366,3.11138319655437,2.91505994034919,3.07057452407468,3.03448508474464,3.21184339176797,2.99777222868766,3.01157885113676,2.98988916548538,3.1719635650793,2.86776713186139,2.86569385159494,3.07421455497391,2.82719682062442,3.01724713058544,3.00502276999119,3.13288892907601,2.92487758035488,3.08429091008923,2.95724968538783,3.14904326632096,2.93052682349031,3.03409321988269,3.01212761709431,3.0563516072626,2.85499423103759,3.01835171378479,3.12902344562386,2.86889733783233,2.9998621057969,3.086264628292,2.90767845771493,1
2.93086880450409,2.97019068133677,3.00698570872028,2.93059702590232,3.1011935117992,3.05589446447232,2.92059606997488,2.72290301426827,2.82099581420734,3.15059547396574,3.04961400673109,3.05434799805754,2.91659942090152,3.12355746789467,3.01781292596492,3.15435497635417,2.90006166853384,3.08158092310556,3.09139965505693,3.13740166801118,3.05278868488552,2.84714879783695,2.86501658240574,3.02582677637408,2.86551073682801,3.03263836963534,3.04499004810491,3.10119145373768,2.89339214429178,3.05982118470246,3.13504852520607,3.02491899423966,3.07048524171405,3.05978518953057,2.79949826675322,3.12049115409227,2.95821573711059,2.96959734441834,3.06581485524999,2.92984722649888,2.88645156891377,2.84859181975162,2.91077919365879,2.85762985756996,2.96034534601085,2.84253097506211,3.00635882638832,3.06808828469974,2.95854928173473,3.09625676265185,3.09349238859471,3.05391624814091,2.9048684008445,3.07758034205535,3.1124012903255,2.99402998483387,2.89606222018256,3.09067605938291,3.1855571259569,3.17271963063288,3.09785382755046,3.04195856374987,3.25419257535996,3.14367002182908,3.07102662456523,3.01698783988901,3.00925059203726,3.01559395555061,3.05515815991587,3.01795146094263,3.17111871946129,2.94262058948494,2.95036162030138,2.86860111544394,2.86576285384834,2.90691826182281,2.96892158275288,2.89633536090177,2.84720591138475,3.04781501476951,2.80747775466552,3.0452528666133,3.17239010549882,2.96123793088997,2.99562144199617,3.08598122163652,3.02493014145675,2.90474395920788,3.12360232596498,3.04473690132116,2.92024402585264,3.0051871419483,3.00653643277567,2.84437748195329,3.05537653540438,3.17397197875288,2.81001891024032,3.05280742487994,2.99428222259496,2.98533023211061,1
2.98597933101831,2.9986965649839,3.07459220973827,2.95022106167341,3.11925456952585,3.06226946980604,2.94582698915225,2.9126045400689,2.94799000356059,3.04648418379127,2.86162782134159,3.19575736596526,3.03512218564065,2.95266603453144,2.9764608062531,2.89583163392603,2.91800941780355,2.99360171812077,2.78049332960488,3.02712849945319,3.18167484509547,2.95468950524073,3.21455783415519,2.96218926159285,2.79011493659413,2.88642275769518,3.01620160694464,3.00715767104627,3.20913920755148,2.88324476408635,2.94891751364177,2.91377923497995,3.02749923738926,3.00858025316855,2.95825233556489,3.03806784359047,3.12967294183887,3.04070268482339,3.0890074299474,2.89847226148851,3.18311552723876,2.98713703888536,2.94798951232857,2.95969122440186,2.97886675481342,2.90685006467782,3.16269844416977,2.98403975956398,3.06078195522574,3.10668458322645,2.97670816190626,3.03492388941097,2.86425687705927,2.95551101751535,3.09514417490586,3.015873092168,3.01915059840335,3.03796789498221,3.15683266297274,2.96786270375831,2.9279862740254,3.20545202935245,2.94571911012847,3.04865182281224,2.89178042520825,3.0009858098149,3.10877943311077,3.0086976579867,2.90261366398381,2.94993566483377,3.10342932239686,3.11818646833771,2.92894698851574,2.87729926803518,2.98837168239229,3.0993792567109,3.14409182477074,3.07826400140434,2.8071811874949,2.87627172782863,3.00416517105465,2.9325494943811,2.87121223719775,3.08936565670601,2.74063354273063,3.04420974538774,2.93312857478426,2.94756779634523,3.05696657741438,3.10350277288987,2.92365653083939,3.16340713990499,2.74044379920563,3.1514395856953,3.05894584089339,2.83856489260266,2.90224961202365,3.05756973269731,3.06878504934054,3.01803958916958,1
3.16239930244002,2.90568676309007,3.04082620047097,2.87939243450386,2.87842860813694,3.02828623669512,2.85544522444699,2.95449744880362,2.88034989546162,2.9965673511746,3.01369275924671,2.94043723531186,3.16277072683647,3.03950231633547,2.97249183403916,2.962304734268,2.93323543852128,3.09387928348691,2.9522347621084,2.96743952887944,3.01771279687708,3.03179540097417,2.92118224488835,3.14312393617071,2.74020143409939,3.11777070413687,3.00403247996432,2.92619890124737,2.95359584610456,2.86540780686004,3.10684575363116,2.89398366449736,2.97224724230165,2.86258407944886,2.84070334797578,2.81855480595167,3.01487909651024,3.12535288846623,2.9048328347743,2.8967689082711,2.89815463331504,2.80715222092814,3.03261202202234,3.08870871535186,2.8843372731075,2.97564697240257,2.96644369468748,2.84539831033303,3.13632169295706,3.0285223663629,3.04088811382071,3.12010358408311,3.02589315951313,3.0502533192587,2.96931841555597,2.90552556728177,2.88315125734066,2.95588195133366,2.887227955514,2.90136462133676,3.11771001998048,2.99293247489311,2.97620291008325,2.99214560123578,3.04275955644785,3.03442174543516,2.95160940935723,3.06304111399909,3.06462659520633,3.02799942077871,3.04279724051744,2.82416786823379,3.0460618200868,3.16996259636118,3.19047921947524,3.22654299749125,3.1542228179308,2.9985202390567,2.72322960090709,3.17216007535078,3.15834719450736,2.86837881651017,3.0345583936956,3.13365480019804,3.1174292756104,3.22920175927427,2.9877764008955,2.95179561514494,2.8938958228208,2.92132081948477,3.01305262824773,2.9772934966,3.01875080177675,3.07529977928201,3.01235970856007,3.15903105637654,3.00432525495734,2.93013308771979,2.88915415114952,2.94525333990662,1
2.97234643385944,3.17275376247313,3.01700786003294,2.85504213134698,3.10270664293323,3.21173052669467,3.05460067577877,3.13614681138267,3.01615769440139,3.1279218315948,3.05513637489184,3.02711249630809,2.75227390844967,2.92208882863148,2.98925577852516,2.94517160129321,3.01018457667554,3.00214956419326,2.8018802581444,2.97213240176457,3.01018178028686,2.88179964450836,2.93441154864601,3.06646801689321,2.97029728089621,3.19132332487187,3.09654506511092,3.07622904776163,2.95752381458876,3.03300886855995,3.0983470792779,2.95572546609354,3.06305138850406,2.86175478842592,3.02833025598147,2.95282589004881,3.08142593667052,3.15162974608228,3.08928835905991,3.02167817997215,2.82490164964202,2.821109833254,3.13953730954202,3.07221064971797,3.0890785394897,3.0069568956836,2.86680714068931,2.86190973983534,3.04783007478155,2.98993007801142,2.99409263265488,2.92249918333107,2.94030727765101,3.05240882483721,3.05182668172763,2.9865716134042,2.81618068924743,2.91445994092343,2.9378186335919,2.94582300063147,3.10225264214307,3.04702934843513,2.95024193858603,3.07980819744813,3.03817966640398,3.02964093559589,2.88650168464182,3.21886992719682,2.92553168623616,3.09062983755734,2.88681884592788,2.97146329765802,3.11383743124115,3.03458667525166,3.14215539313775,3.12122345749819,3.07476269425146,2.84358939180483,3.02360907829499,2.84475068774393,3.21505120454395,2.83534780293418,3.13260777963304,3.02983553151439,3.07078128724376,3.15023140397659,2.95987758797957,2.99550770662527,2.9495044735287,3.01945275039712,3.07016155493629,3.19031860129305,3.05591158381649,2.90414518701191,3.02205003090072,2.84174756777672,2.95069781180158,3.15703644384666,2.81079368123318,2.94063765508498,1
2.89558651629251,2.84138005588433,2.87251588326996,3.01084300475008,3.13172413198868,2.98484700164167,3.18599018230086,3.16990086171298,3.2505545222977,2.92410912028539,2.90150040564553,2.90887455021164,2.99292446171533,3.03865113074407,3.00236576567395,2.90352749506354,3.02913867073969,2.76988669834618,2.85760713962733,3.07342539122439,2.97263219763237,3.0304150173596,3.02385961042298,3.05079278723411,2.80958207842102,3.02768943725894,3.03815028676564,2.99450279773684,3.09454919485569,2.71622631691332,3.15614741810723,2.96739099173212,3.13547410736176,3.04885181885046,2.97350379769228,2.99147672607554,3.19647442997528,3.09412174671772,2.90011183824111,3.11034641126795,2.96878955891945,2.98186362987648,2.98066657928107,2.89757946357025,3.09847800486313,3.03719553471973,2.96651206353353,3.05614616981466,2.92254005700313,2.95329080650341,3.0683832520059,3.0495348182082,2.97205126621403,2.86380246636154,3.08067313323203,2.97499854414031,2.95920789386595,3.04322977880657,2.93247463414568,2.99634307440834,3.14232809811977,2.85241423373728,2.89505655127769,2.89263004760866,2.98908682767869,2.85301688452791,3.1519227078329,2.96331963439465,3.12026101018131,3.09927391575126,3.06085892329105,3.00843570315989,2.99207815895653,2.90937263587463,2.95312753698296,3.08082280843694,3.06498555095728,3.15939514912098,2.91114518426691,2.92305807933906,3.02455598033906,2.86124457064565,2.80187650418212,3.00086504863914,3.00631734193443,3.0173533531498,2.9286429764471,3.07884626689455,3.10849199388003,3.05632833587632,2.93888397291509,2.98126742913363,3.13214441729766,3.07254010198717,3.17539883702629,2.97084790258753,3.2003013427102,2.94397003260621,2.95288654878513,3.29809475037857,1
2.85980296242697,2.90722996960644,2.92594695581365,2.95892441586364,3.04708208124916,2.93026569322703,3.10395766305333,3.0684564123987,2.89613459095558,3.15663413754151,2.76891833473612,2.80934050561043,3.02097167926694,3.10881985335077,2.96636786812562,3.22448618142266,2.95689696588449,2.92332906503573,2.99016945613946,3.10345392261869,2.99688486331792,2.9603038224587,3.24277713288366,2.920232519674,3.10473153020714,2.99252867558809,3.03488374513227,2.87951438038193,2.96352106961075,3.10006881585171,2.88864805667546,3.11465274236357,2.98516960771395,2.9919953317701,3.09265044472817,2.99745988703989,3.06359453193161,2.96533926625143,2.91702900445309,3.06510929939458,2.98963438359546,2.98429093673437,2.94257683563603,3.05907215183746,3.00081929466495,3.01819357208886,2.9776911567453,3.09700800276921,3.14805731354176,2.88051087905713,2.96097108399537,3.06918592783991,2.75618842279032,2.93065287056438,3.01627475545596,2.92421601637516,2.93053210340498,2.82941899974027,2.84325938680819,3.0601354921595,3.10222293787016,3.15886576007057,3.00226298970825,2.97440206106799,2.97560655289829,2.94232430479938,3.06804086987939,3.02491238652603,3.06214020152232,3.0155881613887,3.05676398864327,3.03594413814112,3.02606291194668,3.09558221516323,3.06308510547721,2.78752332282087,2.98857392282232,2.94369035195712,3.00500408687302,3.12918985300408,3.06395950173046,3.19870506081527,3.17234500860575,2.91172670346951,2.95517637761196,2.84663478785189,3.02443373413417,2.99032261846578,3.00462715005556,3.20630806455789,3.16512194907411,2.88089447269392,3.07153131997798,2.95515140103608,2.78358123092379,2.83563346386341,2.79364719171758,3.04238881369952,3.10815973393413,2.91270146662896,1
2.95127103244405,3.03196094099168,3.08980664091617,3.03057627587878,3.07097701363386,3.09121892028609,2.87076267603558,3.08570963103178,2.90972439299567,2.84459701561202,3.236648748805,2.91322023981491,3.11202882365918,3.14275351766269,2.99436079912535,2.97769898494751,2.8868885405374,2.94288650045875,3.01928661634349,3.19941765328653,3.0504160005004,3.08420147864966,2.85843693769159,3.05137982303872,2.96479724250999,3.04919976924712,3.02172034265517,2.95580171173052,3.0507948298205,3.31451931069077,2.98468862138154,3.10496126494219,2.93118421934554,3.14331119935506,3.08648138038375,3.0779843079923,3.15643883735201,2.88727797481368,3.05995330040012,2.77092176528331,3.05718903210824,2.82667575856467,3.03691673336826,3.12426639840589,3.06377478252792,2.99633835686698,2.87503289191708,3.10506403564008,3.06434704743802,2.91047095852742,3.12360325412769,3.05250503068446,3.11792226144672,3.1256635213409,3.01630571072018,3.06548737196674,3.04806865819448,2.93852723450552,3.07627055427889,2.94076585394401,3.01668952284437,2.77507031229867,3.1040721108575,3.10040486247919,3.06425025186271,2.86172161560671,3.03773463117382,3.10917122894823,2.97006745751416,3.01440359237016,2.94146207469571,3.05306097409579,2.86981593364312,2.97491391849425,3.06608872201671,3.016515437598,3.11026538162861,3.01167728947487,3.01780117206848,3.12562797201453,3.01914043798676,3.08521183907599,3.14570205372821,2.97163037207511,2.93959909237519,2.80168031815395,2.87269110560251,3.05571053947356,3.03218213761915,2.99773234593546,3.08248991820903,2.9504543821039,2.9367818675784,3.0072436342252,2.93509366965362,2.84064293749014,2.91782766606875,2.79214201580188,3.22029388996502,2.92624727455846,1
2.81401628354013,3.23373697577722,2.93062934702502,2.92482060294949,3.13979923796644,3.0929534556347,2.95213370847623,3.10330741106204,2.9640098351165,2.85748197334253,3.04479687883153,2.90739750086438,3.22160339974428,2.82952817722483,2.95251013377386,2.99190735337115,3.02205156419346,3.03680218460788,3.21119647252948,2.84650017490316,3.08977463818951,3.21878031266864,3.0478565555633,2.97075765792279,3.00040724006696,2.86766846040939,3.00525387105672,3.07977379646344,3.03283752901485,2.92928158854991,2.93061271665664,2.79995494663794,3.08296818046241,2.95148153323943,2.88196928871757,2.96472444869649,3.02681435061605,3.09957450571445,3.05555274077673,2.796936787719,2.93343130454943,3.1440622736656,2.9883273474545,2.94702211688426,3.07634549339463,2.85951069083157,3.01318821050905,3.16391076036169,2.98274520427562,3.15369493823582,2.89273812691544,3.07375516780188,2.88968235720406,3.01201920410627,3.01022771150861,2.89651944746453,3.03725233576626,3.06814132741298,2.9968941598467,2.90588906580896,3.09617576668296,2.95275065037886,3.02678953771342,2.86112036196735,3.0634729183716,2.8859911711384,2.89757768715939,3.13381725577512,2.99203534089763,2.8876634003692,3.07285383307223,2.8632635623613,2.84785603777296,2.97885953970867,2.96974102964489,2.89344997540411,2.96014805934233,2.87815323704025,3.03524067528184,2.97644710331353,3.15099830257871,3.01256657029238,3.06792622645977,2.98774293291302,2.99868309185278,3.16552087507005,2.89505343122998,2.83849489132497,2.91311755159643,2.93261773188915,3.27791706461816,2.91276812482269,2.95285435890533,2.9151194307642,3.03128667235995,2.86397087374708,3.13548740744162,3.06665502243429,3.09295465055467,2.95984503122068,1
3.01158145200231,2.81701394889405,3.03775051172085,2.96689254227534,3.01246759863787,3.09337545741579,2.77004497254334,3.06619674227129,3.10341336600382,3.06348259765203,2.96731093335319,3.13001700552266,3.07089644911436,2.9506266348398,3.00498641848295,2.95808449767456,3.18627812721597,3.19452567801165,2.83109038962291,2.98040960908617,3.03447816610892,3.0522808992076,2.9695980075009,3.12574534230253,3.11572339864601,2.98930312035344,2.83470149904149,3.06028008785566,2.91894280803407,2.86626195757593,2.9595076788137,3.01224665330982,2.90625252458689,3.08032966227238,2.98084450211475,3.08679946316338,2.94492922444385,2.89031600201134,2.9799138571201,3.09737469642079,2.92781183693787,3.08168173759353,3.0513346251618,3.19001677312123,2.92226693211274,3.17949979261312,3.00490528413104,3.1089866176314,3.02264650151819,2.99522142838038,3.0548648033608,3.14449716590897,3.14426860473478,3.08568886172493,3.00872690009093,3.08457759843126,3.06713775034275,3.07236495020509,3.15462244315003,2.99289325814919,2.99249798384833,2.74514615240386,2.94769304403189,2.88417441215875,3.18521560858598,3.03823965870645,3.13971866311816,3.05483246648518,3.0886345147797,3.08027521802093,3.12345709170278,2.98176244926507,2.89706044670515,2.84957159540429,3.03104845214228,3.1983125645842,3.05489886082226,2.83528033672824,2.98085092757824,2.86080633499434,2.98642194838687,2.91179111586279,2.77255001169289,3.0015673292796,3.08622708500796,2.90316622325362,3.07731285850087,3.15947594920999,3.0343816041656,2.86939461239862,2.980666519654,2.9433430385905,3.0939270382633,2.823175304011,2.93053681398757,3.10312887431895,3.03192680241605,3.01150828961444,3.01711322399106,2.92794608284869,1
2.94654760668158,2.89008204367226,2.86229608076813,2.9575291603255,3.23424046198851,3.11826112205648,3.0821257470656,3.20713226079859,3.01168864488714,3.07549633487215,3.08908607245117,3.0846784052191,3.09402599729101,2.9246089230255,3.08990637733507,3.11894358244211,3.04536277794937,2.81130286267329,2.96760918159142,2.95647699560814,3.09601943068164,3.0349456369628,3.04978500182677,3.12286713958177,2.96293474149326,2.99663676628116,3.141197521714,2.84323712150407,2.95408322157076,2.95340889279213,3.1173894852591,2.88604317645943,3.1536479043547,2.89530885299221,2.93727834811962,3.01287664508319,2.90914178547896,3.22159148306218,3.19405524367266,3.09194671482487,3.08845684214819,3.103450314773,2.91256501752469,2.99423906355912,3.00212584603659,2.98436198913996,2.96754932129259,2.99150175370919,2.90976421296515,3.0185763892389,2.96004786796741,3.24225643996744,2.95604215244896,3.15363740777314,3.0112316532745,3.12111493918606,2.92801572737032,3.12753814079734,2.9637750674594,3.10275159442737,2.94858998740526,3.00860754196472,3.11705289691978,3.00676096812793,2.80266356906654,2.8853123200585,2.91901031181479,3.05126252963689,2.79007365679609,2.9203755606998,2.95854460107458,2.98572956253682,2.87444413518039,3.07069203363104,2.86394073598282,2.90395762967639,2.91093157971635,2.85925810696223,3.04335095085406,3.04548058406691,3.10586027244428,2.95954236972128,3.06205729636963,3.01897119595834,3.14012775415033,2.86261444481269,3.05607334785097,3.13612518702012,3.09381814241086,3.06001313540578,3.16172381616057,3.06055044193217,2.90548441762884,2.97894577254657,3.24176137556364,3.13659057997088,3.10840417674936,3.03179906584811,2.87812028001,3.05758486887506,1
3.07502742060706,3.09069226342981,3.03504707830029,3.13142151846804,2.89915872281744,3.15709067921985,2.93160577796343,2.99602432063215,3.07062988799551,3.06475723985351,2.77982277084447,2.94098818277904,2.97085090381151,3.0428976244397,2.93366631876548,3.13308906283256,3.15465450202909,3.14125980570954,3.04814488006246,2.8902828810683,3.27270769488046,3.05765411053964,3.10135458263992,2.89391370938524,2.95794998744333,3.06409696236783,2.90356948747501,3.01090285960315,2.98737050981817,2.9343844919657,3.04579730780978,3.06169642796622,3.07593496765661,3.07622962505501,2.95990402371532,3.02731906851652,2.91446371095324,2.98893847510943,3.04571814794727,3.05033704531604,2.88127499536877,3.01883283027276,3.21907513013068,2.82051033655891,3.09749086429505,2.99214548314675,3.06282803546024,3.06454862334867,3.00166623574092,3.02333339681655,2.94864293727855,3.14461162145295,3.05383768453346,2.94882529012329,2.91965079816951,3.23327417712921,2.96171786089912,3.05084801437302,3.02346109880802,3.01012859204412,2.912116581184,3.0319542254011,3.08846144665837,2.98990815606162,3.12206214165587,2.90076088385528,2.80926432403987,3.05797494471433,3.0883580849257,2.88082293198256,3.05611984089504,2.90544053141631,2.86641853698646,3.13052556532641,2.88753673466598,2.93834458932948,2.87530654466658,2.96178980264224,2.94251964648234,2.77440556471948,3.05423811903573,3.04232970534327,2.96309963684022,2.94009744368519,2.96841644544316,3.0406379375351,3.15104546972503,3.10412286418255,3.15722458940809,2.86706545016858,2.94920585039696,3.02983807266264,3.03070896656423,3.08587964401809,2.94222006728876,3.14351962272584,3.04084630907072,3.09413883760739,2.90577525258506,2.6321008103174,1
3.12987451558534,2.99504108195426,2.93621903093707,3.06387682776236,2.97121969943352,3.00969367986127,2.95264598713938,3.0099034290312,2.803171580401,3.04112406409948,2.920016280372,3.0374287610099,3.03612234427485,2.96573837172696,3.17913207019264,2.94098439383392,2.9531756802565,3.12680662996516,3.0564660874276,3.03274955907698,2.85372676731618,3.05551620589645,2.96596156168146,3.07086412600251,2.86734507114993,2.91844541217524,3.08825437331519,2.86571667124117,3.15355895361446,3.03270902599139,2.97394548335526,3.16903021440267,2.98032872441903,3.04849935753399,3.06923761507839,3.06271738758046,2.92611435967573,3.04268567032918,2.95450437670802,3.10488799061165,3.1419845586742,3.08218891770103,3.05501274801142,2.84170781890749,2.91572976270455,2.73480679086376,2.89826098723882,2.97974287810409,3.224265110218,2.97093155954572,3.1537985409974,3.07266519840411,3.22622870139711,2.88421123458149,2.96032140132425,2.82603547374998,2.81697561381599,2.87148042415366,3.07369395129945,2.88764880607712,3.17175283176845,2.99214311075526,3.02684386843464,2.91715546549892,3.2074343039251,3.09813761095568,2.94879008486817,3.02110476457619,3.12573872132215,3.04174087002635,2.9530025338223,3.03885935197227,2.92709983049703,2.96190236725546,3.1238958768499,2.98606761129747,2.92362783944941,2.99216326443181,2.95443768355851,2.82699602603474,2.90001700939297,3.00208115454868,2.99351084691923,2.8610350693308,3.01497152059902,3.20890825000456,3.01517189982154,3.17494045998465,2.82452487194457,2.98389961989576,3.08669289409937,3.12373126013334,2.99019034936136,2.96744813328602,3.03799706724436,3.02050907059451,2.82852177425201,3.10642582172742,2.99391729741547,3.21436407698369,1
2.87589878275695,3.15834115618971,3.06885081356814,2.91610925456426,3.00219141522726,3.10302388766119,2.81776132776053,2.99944164506676,2.93353128035142,3.04117738277853,3.10651853794103,2.96947332158682,3.08452239186542,3.0032875825522,3.14405773858575,3.26425422478508,3.03763680745759,2.82831062882903,2.86545560785567,2.89822106076796,3.00929855441311,3.08487468588284,3.05843210975072,2.95674098274304,2.90090317143814,2.95959338168825,2.75317397420574,2.85975174569152,2.94841479989372,2.89020783524757,3.08305792932758,2.94087207730888,3.07861061397456,3.0268935030591,3.09735174360728,3.00716932167567,2.89152420647307,3.02667555676787,3.0307792722255,3.02709844275796,3.00067747847259,3.06157055648067,3.10445706310568,2.97956661892118,2.86641591849271,2.96878375823881,2.80446419388746,3.15438627817134,3.0033622927793,2.95907911960003,2.72106778855182,2.79228404279572,3.00957991451708,3.08143683674941,3.06173130784324,3.08359886805203,3.02301594197468,2.86388538665275,2.94528594906301,3.20932016617576,2.91297315501572,3.18417664462592,3.11923340307757,3.0565759049415,3.05240408191021,2.91685197287402,3.12694716053029,3.03748934332184,2.99382071933994,3.01634601120223,2.99274043813794,3.0052357435209,2.98063332714172,3.01645221967239,3.0636038340262,2.84322237014656,3.12452586471261,2.8820761826586,3.04729204918143,3.06199549408504,2.79348534837438,2.78484942688434,3.07212246600332,3.07944986290212,3.00749530988388,2.92947435228769,3.26808446094996,2.94828976030601,2.99598475488428,2.93818401421485,3.02509291027506,3.06158960804176,3.0923779638516,3.03173962771459,2.92376312922802,2.88007645329136,2.90943343802845,2.94952557248509,2.9979705798596,2.97025589766337,1
2.91383770821621,3.17130128722318,3.10607777337049,3.10522306411322,2.9255215146222,2.96358314640345,2.97333123708309,2.93302937000777,3.24503205072545,3.00545226738174,3.09799858829412,3.17623722914535,3.04358942323501,3.10630256588465,3.15385433195503,3.0714339640744,2.83167940144221,2.95653366878346,3.10595328787656,3.0391733673677,2.90560692416609,2.89780875663816,2.97113986933261,3.0525728960135,3.06602021785309,3.06383972458775,2.94765497024336,2.99831907267194,2.6772340783257,2.9042780250984,3.12620257097073,2.88935035499807,2.71547423969773,3.03290966461861,3.00150196745177,2.99195458916112,3.03578539846548,3.08048575233762,3.06985060721233,3.00041031873098,3.21206814823869,2.9207348384319,3.21470462724775,3.15720093521159,3.05001744591361,3.00569198361445,3.0594810372931,2.98578847186082,3.18148536761539,3.05098682314387,2.97017655298829,2.96871885209676,3.04184422084703,2.90988011912223,3.01944872415643,2.90311890550877,3.03923324886077,2.97388230008075,2.99150277816172,3.18398416326207,2.970886021383,2.94121162167665,2.9358352479714,2.95799778438209,3.09884856675612,3.01193229032737,2.87749595008061,2.87536729945042,3.15483741130968,2.87406194243913,3.07535530233666,3.0070917016468,2.96497553128838,2.9278314783868,3.03026718360089,3.0650332707357,3.11870504890617,2.98987622358089,3.02651132848983,3.09638198158137,3.03544006121261,3.17112443373874,3.08012209399084,3.06403997963135,3.05772501104511,3.13493252227962,3.04851534843685,2.94365643673054,2.85420768714745,2.87679400464662,3.00699909587568,2.96405116024729,2.93361381905513,3.08191176498343,2.95812086102148,3.13565958429759,2.96591773712446,3.23220278942471,3.11829494570854,2.81381154754561,1
3.07197229271508,3.02569397798639,2.86206557661108,3.06766094240943,2.9664791887564,2.89273266876898,2.99596933391703,3.01276843006456,2.96171595648313,2.83056174546202,2.98474576488585,3.07232573222319,3.12830139393309,3.17243221181152,3.07624167271054,3.124695816824,2.83439255492653,3.19853333505168,2.94997721619806,3.07204349217783,3.18342401680287,2.94707704835195,3.01662206799248,3.27447345763276,2.95738508719224,2.94530045688457,2.98423581326189,2.90658006260841,3.13864735016593,2.91404927301732,3.16469639250968,3.05507255743595,3.01234868541702,3.03099433447875,3.12393910029054,3.08541683459016,2.92668951610248,2.97175787259657,2.87536328653648,3.21059504228235,3.04679710003473,3.10001069117563,2.84146746079636,3.06237893772237,3.06444351188336,2.82909724173718,2.94117957559493,3.06320261201979,3.08740344169432,3.1108795822267,3.23359483255551,3.08872801654754,3.1208243723446,2.97387384904722,2.96967757206536,2.9983910946438,3.02765010990093,3.01085982996213,3.04399750171369,2.88043440671155,3.01865702585136,2.8362555110394,3.02862407287692,3.05033893438649,3.10405384053094,3.14474289246482,3.06903008838658,3.04332465184656,3.07934013606946,2.90667503837618,2.9816438997797,2.98944126462831,2.7229477873555,3.03121134060523,3.15448976833815,2.82755044855156,3.09125043882977,2.99916737776976,3.17661511876355,3.09417544244408,3.16678800337467,2.85273954898343,2.99936721116768,3.0876518521924,3.04200550677397,3.04810682890747,2.98989077377863,2.99513177446443,3.13243265368008,2.89298383329667,3.14092877769022,2.98791224229239,2.93192918985616,3.00626075894447,3.09478624806018,3.13369044925965,3.08718295527158,3.03534472438319,3.0755001358065,3.04722258862491,1
2.91062177150882,3.01873814618772,2.90340768988766,2.95477648860943,2.90671865393286,3.05352507434944,2.8234042862943,2.78411549309196,2.97669847217211,2.96029897673236,2.96765357044538,3.10027707430149,2.97894166927816,2.96098916812984,2.93385614767831,2.98501182473284,3.02624849816381,2.9645334660701,2.95463332430851,2.95793514440246,2.87583790850266,2.95807676723061,3.01612650460434,3.13104164400231,2.93903226230246,2.83687823939312,2.86536809133376,3.15434115242081,3.11168781812528,3.05433341287515,3.22565259737758,2.93858812134346,3.17176227663351,3.03212462632694,3.14545939586402,2.94236854068867,2.95831614810517,2.94169533214661,2.965322997022,3.02737468217306,2.97866990382381,2.93884700752874,3.06963501684518,3.10616715229589,3.15428892512064,3.04982922921654,3.0336222538166,2.7887750383009,3.22902287748817,3.16279235241279,3.0800831696217,2.72693628251695,3.0559682874421,3.06095635201678,3.06579791801127,2.96667627553289,3.02651377057107,2.96216756717762,2.91956456760332,2.85233463402839,2.94157392346204,3.03336623155608,3.0365812162064,2.9309401379996,2.98614168606797,2.9432771579057,2.83844496072374,3.08113548142828,2.94948433591216,2.9042795968094,2.94668565100197,3.14392795107444,3.25194756024989,3.04365539546332,2.75139226599258,2.9831672140124,3.08807242717423,2.94529388723444,3.03303910838009,2.95018504352277,3.08435693898107,3.00670074672569,2.96672438550794,2.8614146353102,2.91436145223707,3.08346223745292,2.8300535111702,3.06235017179696,2.85510790191123,2.9469521117297,2.86689782872763,2.9516780640545,2.83091189582818,3.0579208240366,2.84319466894373,2.9091642922353,2.96713285468084,3.00605563836536,3.03588899627114,3.00477376233852,1
2.72008182246691,3.15194259707395,2.88919572359239,3.00447583936061,2.91142546714015,2.93156741406252,3.00869944986385,3.08391600690387,2.89112207489485,3.05223113014094,2.87037392627525,2.90174810814448,2.912868059279,2.99995674464869,2.92482277235878,2.99639171717638,3.00034954862218,3.17146330899349,2.76568377479555,2.9510517845856,3.0057150055404,3.05638124364569,2.90157304104854,2.90267048157444,2.79657981054965,2.79851084726523,3.05765130135113,2.93445486641129,2.90067808289503,2.85362816939913,3.04370874421505,2.82087183516388,3.03437896555706,3.13451949363378,2.94382261198321,3.00659617028121,3.12637662812722,2.98463422262072,2.9311073774224,2.9533625067898,2.79192126771732,2.86951532663459,3.14234680996737,2.95081491596574,3.10997799783918,2.81403453513732,2.93567408272202,2.95122073786115,2.84641457622518,2.84216676091306,2.87402915549326,2.99712161918838,3.0920519009966,3.16548321831378,3.02512217770213,2.92807401318655,2.94339532913264,2.99809881557035,2.79523868998929,3.03254396002859,3.03164213516517,3.11474977866066,3.0019175599091,2.95721100892746,3.09608239766494,2.90049554265038,3.03900098440612,3.02939566510304,2.89278560556677,3.02442460508734,2.98092745240597,2.90278202058648,3.04412510073759,2.96141141993242,3.07764955832736,2.98680643985116,3.09548980238335,2.99545362284173,3.06228238044145,3.1395302045945,2.92963081478643,2.69066612296437,3.03645823260766,2.89018059646378,2.89257217613457,3.00255125848914,2.99585775089939,3.01442777056616,2.8832627247718,2.96569200632968,2.98803548152791,3.06980961355506,3.04783402566362,3.0482705226518,3.0392239954904,2.9296613952145,2.92833816252502,3.0728304219839,3.14196355207185,2.92030203972971,1
3.08530291037651,3.12315727683161,2.99760284258371,3.04986838447535,2.90521757082396,3.00710670259749,2.83008714555148,2.99446194044919,2.98583033125254,2.95744410455953,3.0509812334994,2.98524204905757,2.9745551712015,2.96022861508426,2.90515953907969,3.08313299045083,3.02966303085036,3.04892665919278,3.01694452705569,3.15459452004186,2.97863351824196,3.18246570670347,3.10000071611747,3.0766654069752,3.01221587580217,2.8544169463057,3.00743878618419,2.93287530132722,2.97627667413088,2.99059376164688,3.03354774617448,2.99848538377511,3.14288714359569,2.88554351976173,3.0462689462824,2.99712515235347,2.91932677104638,3.05119619308716,2.91147520542717,2.91745668918306,2.93455725838642,3.04543129187475,2.88662621259802,2.8225447926982,2.98155539483988,2.94166684257062,3.04941942878968,2.93323380259518,2.82736307356634,3.02297916857845,3.34069150021746,2.89797663870299,3.17068481716583,2.91072641274173,2.88716838245861,3.04913795475694,3.22281358215866,2.97649200008835,3.00660503706969,3.10449528083973,2.85827109996573,2.88137084170367,2.9027128597686,2.85551061746748,2.9448219487473,3.07285556853192,2.99228927655874,2.97200537105893,3.19369444637799,3.01076875305338,2.97368771713198,3.00668623296041,2.89341071654891,2.9940609113503,3.05476687243948,2.802967299632,3.00413734348699,3.15498813778582,2.97599722733022,3.13330856620417,2.9571452695019,2.93364770370105,2.96964849887168,2.78288140837541,3.27254628979776,3.03523858230015,3.0977335550589,2.95490706827076,3.00611728474879,3.00882639627927,3.02212333890973,3.22751844158613,3.200172217845,3.00250542016143,2.85028655052326,2.94323541483585,2.84512369812862,3.03226222974078,3.0268548749632,2.8745153309211,1
5.98470139133755,3.02979532709084,3.05064863873108,3.14148121294107,2.94818350338,3.15173034122658,3.11718071598927,3.17529655072391,2.99966422148279,3.22330825822448,3.02603748608012,2.9600289011375,3.06957811848554,2.90015325701964,3.06379284212513,3.11822307760713,2.92410958264158,2.95355401961624,2.79969762666746,2.9562535599455,2.96457028400552,2.90498330289868,2.96344937276639,3.01825697905202,2.83954945807033,3.02488442962883,2.85760172440765,3.05987820194836,2.92749433978382,2.65155603773646,3.12880047944227,3.01854020714209,2.93647651157559,2.96791037419137,3.14444458449344,3.03284714343698,3.05118230629266,3.09541337020304,2.89515418225685,2.96791430966945,3.08264632488943,3.30770297282223,2.85909477479146,3.01097119449682,3.0571036574542,3.13002653242432,2.98561529087726,2.98117908670838,2.9290550256907,2.87557025758925,3.19946838483388,3.18995494755731,2.7504376619444,3.12155811165947,2.97503798089485,3.08152607893726,2.82414086964615,3.06298156545397,2.76596113807819,2.88318819156207,2.81817955034452,2.96619847321477,2.99271806542193,3.03659251350742,3.06009507619915,2.90893152345516,3.06130984454357,2.97738772281983,3.18131937067572,3.03478479660583,2.86984421471788,2.93543266546779,2.94459782307852,2.92405782278392,3.11333590053182,2.92443961014991,3.03336044873381,3.16522380275711,3.0412631885696,3.06789690301184,2.88103100682429,3.12934859198882,3.10602884555019,2.97945825814674,3.01337003212733,2.96730163210001,3.07731791617233,3.06578520954758,2.75193460975877,3.19398086448822,3.10841683887326,3.10414130923972,2.87044351871557,2.89317420076933,2.97711493359084,3.1098187624642,2.9077870595606,2.85902129101416,3.03277047942287,2.96781275542824,1
6.29469409023383,2.85319708528789,3.12567830864927,3.07604045811713,3.12775582904959,2.97494001100137,3.00470789227688,2.94877232180764,2.82917625965907,2.83222913393266,3.09715927586486,3.1807248706847,2.95296634385273,3.05647178505622,3.10054316211226,3.17587347795372,3.20637090782175,2.94770408493188,2.98903951476562,3.12364557006013,3.16424890977442,3.04907042249719,2.82402131960297,3.05551378982474,3.08079046965006,2.83899092239593,3.02426789886791,2.97269706092812,3.10478624073276,3.08449138014364,2.88563909506219,3.11779811134435,2.97479497960817,3.01991446533006,2.83623546747423,2.8984949755324,3.19246510545819,3.08959458626947,2.95424081600329,3.04394661391358,2.93758428171908,3.03378444769851,3.14410490721083,2.83611077513461,3.03476389855298,3.12226629547326,3.02151378703922,2.98636096833774,2.80875228277857,3.1619990142905,3.20635141819598,3.07803894331929,3.14777548995964,3.13686922585916,2.84113683909393,2.93392010454152,2.87317756482657,3.0769532980472,3.06072214384392,2.98125549885088,2.89245794424595,3.02697208947823,3.00696366442698,2.95037031016297,2.96030423880582,2.84371576824852,3.03961291385,2.78898303675974,2.92208959895562,2.94713809278261,3.04547301013,3.08914292518264,2.92551876370452,3.07008168194276,3.03750448554797,3.00562190721976,2.8273818729574,3.00407923288536,2.99576457106408,2.85489288041959,3.00160753664022,2.97409715789505,2.91130767792921,3.20631048552103,2.84975308423762,3.19119575743653,2.90986913628308,3.17143590722283,3.21424497582189,2.9964534500909,2.92859567623833,2.98630179361058,3.13957953296076,2.77403021022684,3.00608928742517,3.0458938421721,3.06712305305409,3.04526491873723,2.88017750772614,2.94594472737304,1
6.10775319364171,3.10695368255974,2.91531881084614,3.00241907478113,2.96981295487609,2.92677200269293,2.87019733572243,2.91114613525866,2.9946782476877,2.77303956917163,2.91994109447725,2.96324510337072,2.81001652634656,2.96258551722133,3.036757182276,2.87500664919364,3.16305223548433,2.96739390445443,2.83712877650624,3.10331878257096,2.96872510874361,2.92354115643506,3.06688921657961,3.04906057752323,2.64797662113015,2.99786270684421,3.15404009491371,3.13609872255117,2.95845465650617,3.2042754362277,2.86722554560121,2.86458509683145,3.04294913188158,2.97610605609055,2.86137958546646,3.10435431896581,2.98747922612301,2.9492349988512,2.96103466251044,3.05058928329799,2.96230910955306,3.01217120143074,2.92448942980979,3.00244151401902,2.88714388707834,3.0561668910606,3.05662595468491,2.91401306087685,2.85191377286329,3.09852908233832,3.03250764671173,3.00370293163169,3.09151277422381,2.9270634735299,3.16609723836281,2.96936832686763,3.01006980889436,3.05440440768256,2.88010530054187,3.18070605831322,2.86614385139664,3.04572744042073,2.88266696765797,2.87472015973022,3.1231917815785,2.96597471668616,2.93917535208144,2.90604492990399,2.99054445234048,2.97613732891969,3.17332257434853,3.00262785385283,2.8587266425926,3.05616306795966,3.05233567212287,3.26263351237089,2.95083191040852,2.98778401614827,3.11983487500109,2.94587743703372,3.02469584231097,2.97324179819069,3.16560007755812,3.03001625184353,3.31671577486687,2.83740461677731,3.17075851016505,3.21774932376615,2.98974380120715,2.95667912902594,2.85870597269481,2.96783598548579,2.99330503646582,2.86898966830191,2.94301517569499,2.99785739677336,3.0194909888465,2.90324131029261,3.07386528141798,3.27766584053541,1
6.04076091717813,2.99877156973448,2.88888237719806,2.89667185640746,3.08725624125389,3.04003535724025,2.90058287114929,2.79480412286704,3.02727405213526,3.00366042553018,2.79092526048869,2.93929729330449,3.02195922008531,2.92369043997912,2.88032116589862,2.90694682156885,2.95464548911157,2.71121635087173,3.05837334564637,3.08319438522214,2.9397988693839,2.81932318509577,2.86953640317464,2.74067365682398,3.09801019685669,3.05052443579229,2.97959235656585,2.99594695541137,2.91608792027061,3.03530527491512,3.07229556602709,3.10310843295578,2.83583811723545,3.09212937290127,2.81506636227654,3.02980249209258,3.11166340985858,2.88971723241872,2.97690790681119,3.10439577177611,3.02187419143292,3.03209605477091,2.96928222828985,3.1222615674294,3.14085416688809,3.08723354604089,3.0802430861231,3.04055844410694,2.9621282023803,3.02081267929735,2.99944966135577,3.07485674006201,2.94123061147653,3.18930564365014,2.90534049751441,2.84664577030287,3.00152718027057,3.22829845299502,3.08444361003541,3.04577094733058,3.13876801065373,3.00351108994901,3.02688683481241,3.03771169894469,3.15578712711156,2.95711073283524,3.06894755242691,2.80627232596381,3.15704047751274,3.14355778652001,2.98090700919256,2.84258338719738,3.17233400321013,2.97131010510622,2.94259308303321,3.02086465863958,3.15719299356415,2.8623756829773,3.01117497770532,2.96613909102827,3.01261344002757,3.03502087136807,2.90349186332169,3.13263346154819,2.90390781856947,3.04015032502563,3.05739072204337,3.07177456136006,3.00572751722804,3.24067706918977,3.03797279465024,3.16396140757641,3.12704821967546,3.15651911094159,2.76703248252302,3.07524576005384,2.73709989707167,2.98248930644169,2.96878126119701,2.77073443541471,1
5.94551807447372,3.16737135005434,2.86701392474787,2.97815921281431,3.05726040424289,3.07512528512636,2.92621713090481,2.93032071861454,3.16610521691334,2.92184499707522,3.12542833282362,2.93156891291078,2.99070030809222,2.92295324318968,3.03659943580538,2.92953474492784,2.97643387388441,2.94798272268229,3.29649152491351,2.89292530176973,3.12026909032097,2.99205776203899,2.94654822912592,3.00308590215121,3.12432225888128,3.08689069754938,2.95298097926068,2.94914167468271,3.04757095185427,2.78906006165002,2.97912470128509,2.79811825744769,3.02888991734918,3.09669271690684,2.92975903793466,3.0521112834105,2.89508451749105,2.85563490742753,3.0024716271069,3.15824819555283,3.17853566870183,2.98344145570508,2.91820600007965,3.00054512060333,2.89442407378662,2.87622390758926,3.12459489713639,3.10619131969394,2.90908121115763,2.94055646128577,3.01413106130778,3.20658898138807,3.0139446349313,3.20089164758972,2.98685594268375,3.01048873051806,3.02292894973421,3.06862173858328,3.04821572439163,3.18697075015669,3.15233283688228,2.75171270033224,3.14292908611936,3.01046208274844,3.13726768041345,3.22709916926536,2.8644272762131,2.90570452264544,3.05569107517468,2.97771341887794,2.99788948214454,2.92900463941412,2.81102119172178,2.98373155930877,3.29713025964716,2.9105518100271,2.87998370286201,2.92520727505737,3.06594251588085,2.86117169238469,3.13121103376125,2.82956400486564,3.08639234973816,3.15172194852314,2.90958580537365,3.16130421672676,3.23198764304303,3.03192389011103,2.99095130579076,3.22385068037623,3.06457632055191,3.00119922673299,3.17989947660912,2.93497179006533,2.95549041047315,3.00192594464941,3.04753176881873,3.04774045065026,3.00628034585701,3.12099954663814,1
5.81286889174248,2.7612681290734,2.94231922273391,3.03183457490499,3.15109986866045,2.94305480633818,3.02314901604997,2.99891633446837,2.97825664817845,2.94034979224281,3.08081776707538,2.90260724929843,3.1755042701708,3.1715197701229,2.93083741542871,3.13014638938532,2.85805848329331,2.88537761704165,3.0132911279195,3.13733958824151,3.0051453537814,2.93360470933607,2.93602409942212,2.89888028456333,2.73210174451653,2.9291366701329,2.90075318346573,2.86391206688385,2.97273616665653,2.94668808915626,3.00006235787324,2.91064997844681,2.85218533454145,2.96785872970022,3.05004341329818,3.04765654998642,3.03266081227504,3.10263261841487,3.02802097525936,3.09242789680564,2.96806234348944,3.03866788018274,3.14129555374973,2.91116110933417,2.91402279692859,2.96054259760851,2.92078825662636,3.07399856741218,3.1429249069409,2.9003060250581,2.91962223235104,2.92858295210453,3.06767258028432,3.0755428642592,3.10283119088204,3.16047709562157,2.93821224322363,3.04781336738662,2.76662058498512,2.97346903492597,3.08228646678673,3.17962293091518,2.89150105988885,2.85795753541591,2.91642040229841,3.02678724854365,2.87922961945549,3.02091702502464,2.82056175602988,2.82252407019571,3.05559334154628,3.3156452172345,2.90768416837509,3.00840882222329,2.98951532381609,2.95772166570011,3.10059616348423,2.95321842214803,2.94305731398569,2.99245613867261,3.0692423236656,3.00937453253184,2.9655235794875,2.82465385571952,3.00903164709036,2.83146900149664,3.09616636420397,3.191516919892,2.87379461754214,2.77122242518391,2.86614911190255,3.04496261118737,3.24847093497245,2.93979944922686,2.92309772207014,3.01569784503711,2.84157349045207,2.93568517962186,2.76336338677991,2.87666759215876,1
6.07446396834325,2.95771164594172,3.09529486172078,2.96962108511116,2.8764773819146,2.86875083958981,2.97287699682002,2.88910706196055,3.151197744359,3.09649373936151,3.04883447191955,2.81911552855996,3.04824253990725,2.93934146111718,2.93597704251119,3.01892235403033,3.0299800211031,3.18346449724277,2.97105830220773,3.07697288655816,3.09411411406038,3.02072755232097,2.86191410535592,3.15869287598423,3.0688721921449,3.24197102417712,3.16095613387327,2.86288126486519,2.86570177838035,3.20111084605942,2.87161658673413,3.01162017509428,3.08668522651247,2.96979746238193,2.88416024786502,2.94471769691086,2.86016487491554,2.83334521707766,2.97201481109046,3.14534334687886,3.07282593010656,2.87365442916533,3.13241797469,2.85036469406386,3.09455137891505,3.09064898581784,3.00815730222714,3.20801694046267,3.02232296600832,3.19028537966763,3.08422497874187,3.01754510647309,2.84392078877246,2.98593449269979,2.82689240770622,2.94320084899939,2.88314369579404,3.05782606070192,3.08104205124397,3.05751602749096,3.07335952646996,2.96290829721641,2.83030371144875,3.10100150524429,3.06834600989442,2.76769380339283,2.91268166834323,2.92151741291943,3.05449862540634,3.10444521144749,3.02025351155581,2.94898388281972,2.9851024035036,2.89901870545587,2.92819686044054,3.12692018354345,2.71886330722624,2.93615071488494,3.2102835236288,2.81990434003579,2.95852628662954,3.03035165707254,2.99197060631553,3.0166113234268,2.80321814481708,3.05345230526321,2.87612675875847,2.90339288111386,3.01967093909015,2.78388847194471,3.01562162663694,2.92637070273226,2.75217199204872,2.99941558105118,3.06937346772257,3.00163091729864,3.02402990087299,2.87215405004565,2.96422064935418,2.87549038997348,1
6.14615492305845,3.03185122613033,3.09765569526986,2.99046579406417,3.01358072927775,2.87260641058305,2.88622791272876,2.80251278081507,2.93149338805911,2.96619842903662,2.93107810222479,2.91405066701633,2.95036236466041,3.12270667390587,3.0809607087307,2.71251318141882,3.02139770076216,2.97174611284514,3.12084761230543,2.89639486535682,2.87361601191714,3.14210194388787,3.11079820597149,3.12655548233246,3.01171819059486,3.09455635989867,3.06494053732701,3.0054975868805,3.10262279706054,2.96484610898562,2.94541761158783,2.9130745761466,2.71671309655077,3.10920618432683,3.14095659263263,2.88753117609334,3.05902063939618,2.95606951320356,3.10503728595233,2.84086442340504,2.90787892878841,2.8747819332701,3.08172450832699,3.01977779082814,3.18840133846688,3.13456010445141,3.1694528749301,2.99026415997028,3.13462897084101,2.96213747744008,3.02791222967577,3.10432652162491,3.02115577695468,3.00821740044091,2.98257826426098,2.77277485196594,2.96226706349321,3.00243466790733,3.1477028227601,2.816808963532,3.0155770557864,3.20115655296067,2.92723816119968,2.99263822765144,2.95243677498431,3.03021587735966,3.11693200620129,3.03797231019874,2.96204516837383,3.15760619710846,2.9105784522141,3.02443204320938,3.06100797073096,2.88439062870865,3.07317557762174,2.91125803148859,3.28941683204477,2.88951780953472,2.97434188549756,3.09396011950396,2.96829294602841,3.12414154634497,3.08147931675187,2.93501908159523,3.1205787932881,2.99268278107379,2.93660051924377,3.17126808720741,2.9642620447506,3.1784912590636,2.96503282815837,2.86113598741591,3.09050633052524,3.33320717503796,3.00090661455505,2.88129714896751,2.83508668050028,3.02936267811011,3.18865999208494,2.89651073757766,1
5.86032631265348,3.07928066657969,3.08165790791231,3.10731000430478,3.02896041949669,2.8552708599535,2.89208474427641,2.93529787846355,2.99949115863738,2.96453547226656,2.89545585078469,2.94940003338766,3.0640506555547,3.10923819157533,3.03069358966179,2.86343793254784,3.08438321776938,3.22344149218219,3.06426037523172,3.01929475170275,3.09259073851401,3.0692445629275,3.00090481709147,3.05192257172732,2.84176982413264,2.79454424712403,3.08854201579104,2.9051461125708,2.96146140682069,3.125796000231,3.09240717284189,3.13420511290228,3.01968421597624,2.98509980769579,2.94641500646782,3.22602438393491,3.16635633508236,2.97035066532523,3.09952574229699,3.23390686168848,3.15774908492876,2.84707935692953,2.88658441481858,2.89042780811718,3.10304207231456,2.9966735890486,3.00624062707512,2.93237103312367,3.00511042495923,2.97695065836322,2.88016643728011,3.13692650170002,3.01951076198563,2.9999859777978,3.04696108075194,3.11859179798617,2.90075856764447,3.06162964387676,2.96444376187511,2.98894565988589,3.13175376576485,3.09908144154104,3.01240584198205,3.11002263971819,3.158522952533,3.22234198967263,2.82126271176601,3.19112885582302,2.86385188891045,3.13870125965524,3.2137948797955,2.74572185221435,3.007823051236,3.0127440203295,2.97290157947862,3.25157626682289,2.93240488426149,2.94470558419458,3.01360107582013,2.98362804327015,3.05028270580462,2.94745892153947,3.04461255388814,2.99453964454201,2.96077950920704,3.00296747189174,2.83763147894558,2.8048139475785,2.83339567564035,3.04587911450476,2.97890412471327,3.03653430659932,3.01568412336052,2.94814224216364,2.99668113311403,2.71924106383042,2.96092664229167,2.76075499350426,2.89318609198535,3.03954119789733,1
6.11186313808222,3.10656895474921,3.07138676701339,2.98293922311775,3.14201585577201,3.0975068837083,3.10029319936913,2.96401473520675,3.183128076654,3.06966928048673,2.9413442931178,2.90830820176498,2.83633196444165,3.17771430837582,2.90637049267646,3.08704388667729,3.01392390707898,3.11441759772415,3.21394909735128,3.12951467465184,3.10592999713357,3.14872565848664,2.86371219533369,3.09001135977952,2.87225507289513,3.12960671675613,2.87762544670385,3.01230204993408,3.0257885263346,2.7550250830333,2.99706066452805,2.99186167110872,2.93558264952402,3.10754433962541,2.961569120652,2.98887488713703,3.03943646792561,3.03986523704699,2.95414632488186,2.96641971569884,2.90752325271138,2.75201092764866,2.91937076213121,2.9804184597064,3.02469660452215,2.86353039494779,2.93248327200407,3.0831425634849,3.11638204735477,2.79862796032935,2.94478711220706,3.08737005641618,3.17712017313638,3.06254807641778,3.12043925424916,2.87951555434432,3.05871042686745,2.90991242789126,2.88346956826859,3.10158243869307,3.00585268139893,2.83609551694315,2.96163481286248,3.03573054869927,2.97870321387977,2.86898439323353,2.91464362636663,3.10248049871715,2.9549387409676,3.11788890424429,3.26454979501964,2.78541300924148,3.06908232770239,3.01358699316001,2.86068504587464,3.04155725045839,2.87039109431677,2.95083803276654,2.82757550293571,2.94173870718868,2.89369066996341,3.11082775139482,3.05202100875457,2.99644373948225,3.18171896178208,3.07832261196272,3.10376661519361,2.90403523153004,3.06335467695017,2.84430826921506,3.03031830944115,2.82828971776062,2.94494477428476,3.22744599731506,2.86137122812402,3.25718825093144,2.98829877591541,2.84341814918518,2.92851138767904,3.04551121817395,1
5.98170622577047,2.92105960245478,2.92796006121043,3.13463778217071,3.18724221875147,3.0165904437142,3.11714956982825,2.99002088553895,3.08793150715451,3.18501213668011,3.0414384823678,2.935759626618,2.86857500644343,2.92803799209423,3.04838742261513,3.07100207882513,2.89009911850698,2.96246077569115,3.1013184821958,2.94289160053302,3.4140384894452,3.01936581719595,3.01777988508515,3.02914741943732,2.94437389306191,3.23303307749379,3.09409159390955,2.86656266938838,2.85089943620382,3.02556543817483,2.86215815763846,2.92169552384247,3.00295393225776,2.95645048377711,2.90303879385093,3.14041442109573,3.00611028465264,2.93213459355804,3.02849972257403,3.02538714187184,2.962616823265,2.96338066502425,2.72216666632538,2.90828839137633,2.99247739601605,2.76411693608977,2.95829080420073,2.98662642889535,2.99099054268406,2.90621656862083,3.08798356005149,3.17780135216152,2.8628164067326,3.00238826321892,3.05006095569902,3.05173706214715,3.00925412304621,3.10459643438205,3.28588402743166,3.12448260973129,2.90947786298174,3.09129344864198,3.10553278713033,3.09361240533034,3.11699349895649,3.05215935189632,3.21100524880038,2.87879839468119,3.01334743680921,2.94883710360317,3.05348258210832,3.09141595786116,3.04328269174919,2.9108324231959,3.11486808964272,2.80812876062702,3.06202004856626,2.99147495129582,2.94415273916434,3.19558741892136,3.12376396737599,3.01210488574403,3.10067372643009,3.09082343250051,2.95414064079972,2.92279889620173,2.94760818719771,3.00224329780069,2.98817699968334,3.03249033109686,3.20792001853181,2.96844117095617,2.99967366722664,2.75852273800778,3.0570900723371,3.06810004572476,3.06440999146759,3.02528845015901,2.98635108343158,2.96164602127377,1
5.94465853824599,3.03734304790117,3.07416865870856,2.86731801100147,3.03913698472991,3.04655967217197,2.9462777953249,2.95600098034349,2.99020805570545,2.8256594814587,3.04035211335754,3.13990685974998,2.99726921540034,3.05936499317076,2.95148317261659,2.94078706151836,2.96593057483585,2.94467111363564,3.01847356278123,2.95620589656482,3.00421030360578,2.76913355339827,2.79876237925877,2.97270645545554,3.11984549384098,2.98167839768688,2.94089550582452,3.03871612975953,3.07517700112017,3.0472478104029,3.17116558458491,2.79705700898423,2.82054564331921,3.28345937059062,3.04688599325878,3.06205580159882,3.25814146980705,3.19830637190801,2.77634939518084,3.05348077181401,3.03896008215785,3.18083202627785,2.99824181401768,2.82658336448871,2.95193893867976,3.0474904881538,2.97777903433068,2.97357121579676,2.93262132772366,2.98011393732639,3.04354580620716,2.96201832588322,2.98921561325175,2.95356590430891,2.90620675834851,3.02125711311152,3.01822450774399,3.18817411815428,3.0449935581016,2.98234970307519,2.93054431999882,3.09833021436661,2.85054683664612,2.8067273210965,2.97458904120811,3.01992175532149,2.99504347680917,3.05252727484988,2.71490798405713,2.8769676982416,3.12959946770772,3.15335725681902,3.0872990551385,3.13852806399142,3.09046524450648,3.0537501398028,2.99056460010537,2.91019182487876,2.8602884491885,2.83279702090409,3.07293768490255,2.8927495946427,3.22474220745793,2.83542012298501,2.95623083142909,3.16361296864396,2.87149697593996,2.92224895986277,3.00597678077257,2.87874106173653,3.07703074791193,3.15839657260199,3.20828513490151,2.85194364340192,3.03050024985165,2.79307230928106,2.97483008831369,3.08476746374342,2.88968008113277,2.95222605497249,1
5.99551313450823,3.00955838360649,3.04921941867584,3.06698032155217,2.95397989741212,2.98416983717164,2.97030215080194,3.06060131905433,2.66315611591895,2.93028945002084,3.11935152077843,3.06851499203371,3.01741508081232,2.9411915457959,3.02607748261766,3.09403568893712,3.17260262542534,2.80963020139715,2.93129024272137,3.08391072547823,2.92931981846279,3.12660715231641,2.94864904380053,3.12576905789238,2.95991803795016,3.02225601187264,2.9541442738856,3.03734034699607,2.82155035119885,2.8019703166655,3.09552812719053,2.82975208002505,3.0557980593289,2.93156670541311,2.93293540465022,3.07557656054676,3.03458019566638,2.93915576452345,2.93570417230289,2.77602264207823,3.02449051532177,3.08886601750709,3.16368091551615,3.06018517330399,3.08983747883671,3.18495207146602,3.03609540880013,2.92673073789196,3.13604179232193,2.97226254542972,3.21699045476646,3.0099940726253,3.1120100902898,3.06538338721384,3.08376729035318,2.99930192741398,3.2287542993557,3.14764233636306,3.08460540924238,2.95615541611878,2.92754134390182,3.11721752741576,3.13960213411741,2.92169239198315,3.0737429603417,2.90135841878771,3.30431576502078,3.17755853728252,3.22829609149796,3.0850149828845,3.14612311127257,2.9358924819148,3.13067009952231,2.99404767985238,3.00559794412367,3.11847867090159,2.89907595571627,2.80290984641012,3.01133844603495,2.81921343903171,2.9109793529186,3.25186272832779,2.89776449789661,2.87886349963181,2.92535712815335,3.01916541178526,2.86729584085133,2.9079506938933,3.16872482066693,2.9369119599909,3.0154195624708,2.99022613844061,2.99108217876591,2.88043694166811,3.09708225131997,2.94265741342393,3.08749168419011,3.01128380336957,2.9872006898348,3.16873853202172,1
6.10568710185459,3.02921486251127,3.165889777386,3.25501875842312,2.99117434366759,3.08636251442872,3.03682873475512,2.97369518553473,3.02892479046856,2.91428062253765,2.97731111293879,3.01171619622925,2.96826586830148,3.04365278191253,3.05181617046352,3.05867033693653,3.02447175236945,2.93975205122406,3.02352280042532,2.85612957112555,3.01682243776981,2.93757169610649,3.05349292037392,2.75838396363263,2.99213748992883,2.88415143969155,2.96514463116359,2.92323809480496,2.93866469399527,3.13923331408228,3.01431891450164,2.89679990162418,2.96898640614588,3.00287149990101,3.03870664549186,3.2003675828011,2.92097199278289,2.9265720193247,2.89198987333986,3.03127555571949,2.99840271657407,3.06711867149397,2.77997823255856,3.14141124968746,3.02384853604381,2.83768322340366,3.08671156146598,3.1049037749587,3.09958298688532,2.96218705904659,2.92028733195446,3.17580142434466,3.24928980910015,2.96993558613233,2.92460301906911,3.00738633327061,2.9827095439667,3.15500084378064,2.99094323100049,3.25495246591248,3.17263983553219,3.19621543263621,3.04639493762315,3.00366193373855,3.09498932165418,3.00604765217882,2.92493334911437,3.05499825116636,3.05684550899036,2.85765415494789,3.04565395770097,2.87967186052535,3.21443776355443,3.0195083123535,2.78437358844039,2.81318154357917,2.90396818477503,3.00522286661978,2.93043293701116,3.190162564647,2.96839185276413,2.89394143461687,3.09281591970283,3.24307386788229,3.10760431333141,2.95400455260768,2.86805409758387,2.97266658168657,2.87658917240722,3.0431301603492,2.89523621863117,3.11211205966519,2.87152662381487,3.06358265865096,2.98241275712547,3.08176889011138,2.92343002269101,2.83730531254155,2.84114862571927,3.17080749146351,1
5.8708448213792,3.11611271138021,3.34067748774075,3.27730696091278,2.88284830145648,3.08668517754012,3.04969263147793,3.08202971868583,2.99283427537748,3.03342567458293,3.0126076458848,2.7859959384225,2.83298344340233,2.83648339901753,2.7894638885377,3.04648883329576,2.9530247466808,2.9788449476838,3.03766404647597,3.06022807722076,2.93809292470053,2.91270053858127,3.03913080861892,3.00313701623066,3.1095130384587,2.92312513635389,3.09221006952554,2.76956671094356,2.94591022217849,3.11114255188452,3.18106052472211,3.01528404042594,2.86123618559714,3.06294063415382,3.04231773039399,3.10722719642629,3.00703337210437,2.93866645912033,2.87741041561392,3.10493452936505,2.91651419170213,2.934291905014,2.98681242430106,3.18548539239997,3.08554042334363,2.81969665582577,3.00943992732094,2.97400600513707,3.03108129138048,2.95700782782614,2.91303411841616,2.77376911238349,2.83520091736003,2.98086202876155,2.82514598440347,3.19236888124741,3.03825469920964,2.98436000153187,2.99749851275982,3.0418100176891,3.00518155888836,2.97726761146553,3.10074603362114,2.94131642043654,3.20042365483778,3.06676018725823,2.8969161601258,2.9315838904724,3.06657719532049,3.07089269351491,3.01684828378396,3.10647626206072,2.80301482987504,3.13029068939733,3.04927503387253,2.89732033828365,2.89532599355739,2.92917778381475,2.91169855273947,2.9194872555373,2.76132088532626,2.85213637869452,2.95555180806142,2.85244996318439,2.8652256517103,3.05926595446916,2.89923964855023,2.90328837685896,3.07168209765611,2.99468029416133,2.89445761943922,3.07736472319111,3.06793226590221,2.99731182282652,3.18772121996945,3.12836795102169,3.03446995735222,3.03464376621286,3.11837627516992,2.91822711015462,1
6.14511894826796,2.89327884300914,2.89653262078546,2.95413199642238,2.88660190049914,3.08474730180025,3.01376548826057,3.01037882456039,3.21451319152867,2.88354402482442,3.0247655557969,3.04224611069664,2.83585887136322,3.04065177463153,3.06756980640654,2.94698808198739,2.88900520074884,2.93357840561222,2.6954462594027,3.16643479176553,3.15796938136913,2.88401811012357,2.97243564080104,3.11023306492597,3.15579470745524,3.0292580120463,2.89801713862465,2.89381619898682,2.92740226699434,2.9960238759362,2.92681463237559,2.94208697641055,3.10586223093277,3.12550691089174,2.79321020110641,3.0383499209461,3.07756663977425,3.03452970023563,2.99320978127397,3.06706748900605,3.13353337394563,3.21082526609077,3.12948456836075,3.03538512014394,2.93537585932261,2.96311650005452,3.20422395859183,3.02078449655452,2.9131491961904,2.85660979648999,3.15306351627074,3.03183111606044,2.96425894846548,2.95334456028743,2.94824682931445,2.95763988412649,3.02876065344802,2.98581738488253,3.02213167540065,3.06671636919261,2.92518881834984,2.90768699809924,2.67832825712153,2.97658782727904,2.83404967828114,3.00003988039984,3.13417438834338,2.88285117216086,3.12569560496325,3.22407648967751,2.87501356746756,2.86289444977205,3.13282596740957,2.94485823702479,3.10967486800517,3.12848561683988,3.17384565445582,2.93930301128957,2.95191977044224,2.97858503129887,3.03171705944948,3.0593602560607,3.11964779602151,2.98200292450494,3.04759877976157,2.88243992442144,3.01950044438687,2.8928135801955,3.03989082842354,2.93104374063272,2.87249130851366,3.01464029145548,2.96945004699893,3.23321687690242,2.98404665675559,2.97544896497353,2.94126219344499,3.26459501856027,2.87700212790073,3.10323320010253,1
6.01268937926881,3.02775472661558,2.90917551544644,2.89421279710405,2.974646765608,2.99418034665287,3.10700418754734,3.2482102474851,2.92324888947534,2.96748471237497,2.95813507722385,3.01012299093349,2.85611011203802,2.76900071072518,2.8273599968567,3.05458470982944,3.01097978316279,2.96109585694601,3.02214330000944,3.06645601715057,3.18851429282269,3.08073142590239,2.61623325250739,2.78772121810462,2.81692006415212,3.0557190806355,3.00189501014793,2.87822353209005,3.06037806443916,3.01451394432771,2.99140924257256,2.97924668977729,3.02437996849705,3.16662892804972,2.87902333750626,2.95774835200074,2.9741863284526,2.84376467718747,3.11462875426,3.1223433503382,2.90351606417889,2.97764560176013,2.89339554058051,3.10286256586893,2.80707757145928,3.09611353401031,2.98425226603131,3.00581767163723,3.04750817437389,2.87741707025429,3.04166809735741,3.1555650365272,3.0799896758852,3.06293496067591,3.2624462090079,3.12646288968156,3.09065872339424,3.06060909785009,3.04260187935552,3.13495052226799,3.00635854554739,3.07873441301066,3.04784220508379,2.93190581560674,3.0759410454107,2.95969772738653,3.10148201629181,3.18258302706983,2.78591427865777,2.96584925309684,2.97607773074308,3.03130202137122,2.95114774908024,2.89147957889438,3.1661509627006,3.05097687691854,3.04229914967048,2.80812339520247,2.89179003540676,3.05356866377843,2.82869120289702,3.13078546308042,3.17686630772014,3.15321826468368,3.14405055848085,3.08293921332662,2.97708307117201,2.98273823166275,3.05601784397148,3.19303284593387,3.08865773846659,2.94499356797185,2.93809629748864,2.87946214126869,3.16565456987913,2.97839217825946,2.86568811323752,2.99553818650186,2.8464232941652,3.04109729715228,1
6.10755358993719,2.84134915554106,3.02834671784422,3.21682463268907,3.08701556371938,3.08223586454018,2.89884522103223,3.01638019336282,3.10198021541438,2.90773152623318,2.90359227309357,2.96511919530724,2.94722942652813,3.18032377172157,2.86359919621746,3.10053465150537,2.94417960250017,2.94046726627022,3.03719606792638,3.01615027087766,3.01356584629097,2.89397027727292,3.02729845468599,2.97918099257168,3.15734850144318,3.09687574382816,2.99893649073567,3.07958873720464,3.01381283240253,2.83443219476348,3.0594787443862,2.96142610678566,2.83458190824677,3.10506907188879,2.71821513608208,3.07590478107206,3.04162089562454,3.05747771365749,2.78418200723533,3.08892795480232,2.99640614306263,3.12027392050328,2.95852527652099,2.84381645523858,2.97202563002144,3.17651662440645,2.9335751904137,2.95313028843097,2.93448125999095,2.97301817588955,3.10658969119657,3.01429160106404,2.9793679806624,3.15649629623717,3.07179825218294,2.91601723710286,3.00275096690136,2.92025609488271,2.99032213988786,2.97280287110115,3.09885591822484,2.95254515895545,2.88049405798535,3.10972065577686,3.02632618334233,2.80339749461843,3.02478194814526,3.00322685531682,2.99756525111599,3.32848772959786,2.94553814216773,2.95752235041318,3.14267644491507,3.13719299536616,2.94449274295811,2.94892308601658,2.98136172108667,2.99376323987345,3.32094335027095,2.98061866053,2.97509121437022,2.86196991588643,3.01546959165322,3.04013892025605,2.92868464297444,2.88206232953064,3.00673386430223,2.78606564099789,3.01424352920797,3.05911502648083,2.68112782140731,2.85001364259695,3.1121518640237,3.09718120955667,2.93074376882211,2.90774982549206,3.03333089014484,3.22583193247646,2.92779850349228,3.21426964868182,1
5.96821067934738,2.95688859932578,3.02186692278469,3.28319200222579,3.00635808632777,3.18640306207307,2.73275985151429,3.1059496314172,3.01317540982512,2.97305664093959,2.85065759512044,3.2559675833976,2.99147531092215,3.14005602634432,3.13538794912656,2.96516575631801,2.97649114136289,3.0489264768975,3.24977064886679,2.96771114755014,3.04121580926865,2.8966971638939,2.95650925636867,3.0282332245697,3.00087284630932,3.0110559514168,2.97841118427059,3.06438802966711,3.13776627771067,2.91308564868558,3.05163278355349,2.98773740403688,2.88329264196144,3.11648224766277,3.07368492113009,3.10916547548481,2.88689794448956,2.9801670727356,2.95898004802271,2.76334984419963,2.9181855187233,3.0933849139661,3.03756591840318,2.83791719959464,3.03610983027747,3.08579686226646,3.18004350416837,2.83410537365237,2.96559158736811,2.85969139242868,3.0101625167743,3.04506625768822,3.05984058446891,3.09803949304442,2.97381931067691,3.18103112833322,2.97832428938764,2.83892087670834,3.00727872342703,3.02427540110186,2.9247399246701,2.93913595446588,3.1706829710981,2.8490963572684,3.02990767505316,2.87597212073787,2.8352746195215,2.91588909576141,2.76857493448537,2.94423619184501,3.15240187775195,2.95411156810883,3.20090773189264,3.10454257733117,3.09906247868302,3.25787395604441,2.85498010918974,3.18084531622265,2.88350453531736,3.08156413298328,2.93527801920994,2.9528989468869,2.99738053748047,3.04507894230815,3.03713458853359,2.91646819738312,3.13051459007633,3.08879757443584,2.98730144587297,3.16131943593635,2.9029511447641,2.8659117505163,2.97332106436753,2.84069999772702,2.96042657414154,2.87888816659048,3.03763007497492,3.04643939388505,2.86535189746992,2.98049374522551,1
5.93806133786685,2.96699842759381,3.00669159595183,2.86551229955032,2.90179099884466,2.95530281794722,2.91152916238229,2.93019346946293,2.93680907216911,2.8892812740322,3.05816280441065,3.03886066178756,3.00819444616404,3.0134612664307,3.07118142912552,2.81427897394848,3.06844495477393,2.94974316031664,3.04187138938195,3.01942561357968,3.0829709355378,2.98782066629642,3.05233742172716,2.90256542250986,3.16344302001694,2.93288855608407,3.00682043999695,2.94780879936677,2.85087947980505,3.03203282096586,2.80250175682507,3.03023697338238,3.09350522373864,2.93097118020535,3.14014847888478,3.06711369768657,3.10024821437931,2.91454253777349,3.20130728969827,3.10304369609363,2.83578355376194,3.11666136306899,3.00709487141791,3.00042352846857,2.85435234190861,2.88904169322578,2.97403428643951,3.20384432906637,2.79445013976995,2.9415854959994,3.09911838108118,2.90843759457097,2.74824958592546,2.86690924853462,3.1139545279434,3.21846399114833,2.87788239786939,3.19553125048569,3.21007845368193,2.97854736986882,3.11128090260525,3.11702084345957,2.86604438874998,2.8988167091067,3.02478549692643,2.85032641565128,2.89448385326369,3.08807772010474,3.02837412468817,3.04428446207454,3.22905477369959,2.90926449896573,3.12897146119669,3.0559202461258,2.98476310880145,2.89808256531277,3.16067150810239,3.04183955377377,3.04445544050356,3.27269156374528,3.0277550271912,3.07709897379733,3.15600186284713,2.99511364833451,2.9646749446904,2.9370444708083,2.97380154331523,3.12456797558884,3.02962616362965,2.70470089387704,2.87306091956367,3.14147054949971,2.94313306667746,3.1605907889294,3.05098338743291,3.02088477937261,3.09311493346023,3.00458885037216,2.92404846751235,2.88504954063739,1
5.86594815987102,2.92739550245913,2.74716355148436,3.00632125848248,2.97698367618438,2.93237269163356,3.11697212964657,2.85805411387063,2.9222553360798,2.8793226072038,2.75665720758411,3.06095473791113,3.11486422667155,2.93597368633561,3.04223189256281,2.99974342276216,2.74343773205314,3.05286389906619,2.89873148915072,3.04737973861366,2.90238110485831,2.82174301187083,2.75888877795153,2.91011362342401,2.90603589646557,2.78457927152098,2.81233003564411,2.91238107501457,3.03358513476539,2.95676902345807,2.80198060320748,2.85600453205003,3.11472320618138,2.92203723083886,3.07391393640107,3.20898191720648,2.98337115350036,3.0692365971346,3.01848079899778,3.13820351245222,3.07461210232251,3.09816922024711,3.03930484317356,3.1774220279596,3.02493276604925,3.06438807028319,2.91698385039081,3.13157656791643,2.86409406060828,3.0009050835634,3.17003763550755,2.99356949049736,3.04872509016251,2.79008502744901,2.94204447467581,2.84934486033139,2.99765179920009,3.12147296516513,2.93122222603652,3.06631300665916,3.09053317750386,3.05535380256904,3.02146619577514,2.87568839070625,3.16683143278429,2.84588239310774,3.00042049223953,2.95551466261284,3.02930782392194,2.91416507868721,3.11624278925161,2.93499721069287,3.03904016154982,3.10787706760342,2.90270607415225,3.01255198147802,3.06970989138642,3.00028842941394,3.29570762888774,2.79891309727617,2.85677435606341,3.06086761915363,2.86643007387871,3.04475304684875,2.8444208937457,3.09029483693601,3.0818061595242,3.02232730758901,2.8213646967724,2.95734237079445,2.84240667854568,2.99514472757668,2.87514208557789,3.06240757778571,2.94536823566747,2.9648110114335,3.06052738959086,3.09933896988589,2.96550814176014,3.03457228842889,1
5.8112059977858,2.99253606718839,3.16837206573575,3.22947647309939,2.8805056973053,3.09185604732146,3.1182747556736,2.88996619115199,3.08701853782392,3.11337030589313,3.0361383708513,2.88272249167856,3.09883410897216,2.96022353235093,3.03743585407813,2.96862679065986,3.16297111731438,3.01327681546397,2.95453644519828,3.00618787515284,2.74557902511908,3.05289226409137,3.12091097943488,3.15956212311753,3.04220270706156,2.90357406240872,2.84471443283666,2.92664154868765,2.93250142450134,2.88133892088875,2.83483735774484,3.01637606931436,3.12184180857905,3.21133906551326,2.90616975038572,2.99819659648409,3.10150877094225,3.01497595217458,3.08205051612121,3.11774050062443,3.01833331130936,2.74743712537744,3.14138557685689,2.94408251475963,3.31548028707775,3.04468421648121,3.01022387999328,2.99609749726606,3.00109519414149,2.9567041327975,2.89089723643012,3.03096179482349,3.04514701822725,2.99500565913539,2.9353199925396,2.91998763099439,2.89527662283546,3.08824040804211,2.85989802856531,3.04036936933552,3.24395137291112,2.82136718058567,2.90289108509045,3.1113322469948,3.01449902858611,3.01422881731039,3.06099024225582,3.06338728261044,3.15448541693674,3.08299163663191,2.90357036838832,3.14946175678195,3.05300832430456,3.1328700929611,3.08759484076936,2.90919568618245,3.07125870222587,2.77037080418898,2.99304469909471,2.88218844541084,2.96561695679381,3.08721244521232,3.05676791706498,2.93452756598395,3.14287637774929,2.85769280219478,2.80755736785704,3.23913853523662,2.83567875013061,2.92802622355443,3.06172873777901,3.08182076490258,2.98609102382191,2.88013176453244,3.02421461448463,2.94336667799736,3.0345135893815,3.0440542270248,2.9591253215881,2.97092622556946,1
5.94755466719589,2.93078684583541,3.04466482337587,3.08786669082213,2.97672760678592,2.9165040813006,3.1603261448529,3.10742786028041,3.1083696978425,3.05457577569428,3.02534256399821,3.12507936889705,2.92333130383911,3.08002805055117,2.95785808049451,2.94043090268323,3.06115518032794,3.01856503923112,2.96845094210025,2.96692131511882,3.04296629304585,3.23829568206714,2.91273138082599,3.17052475969244,2.78717591655533,3.11960028771767,3.04614714001991,2.86109635092488,3.11742770371761,3.02878723979291,2.92289878000343,3.12152140952113,2.93414990016632,2.90281552898472,2.89227477561738,2.9031439453966,3.02286793014324,3.13696870476899,3.17087161405639,3.01073088714136,3.06889000695586,2.9839946762233,2.88090871860631,3.19313155688295,2.78769725033917,2.97765567358135,3.01455334898333,3.12602372352134,3.0279326109269,2.97484722477557,2.7339781704427,2.99964282700903,3.00187480417762,2.97198491498112,3.04766889394459,2.86522149554754,3.08325947926095,3.11703351752065,3.01802859440332,2.9597086261588,3.24719992095535,3.21107825239079,3.03234835394513,2.93598850989291,2.87927025528568,2.8660186067401,3.1057242244223,2.78741076895289,2.97769978188748,2.88240070174392,3.14935116133997,3.03364607441,2.90764844383069,2.78551575909523,3.07637052398975,3.02717011794973,2.97133735047859,2.96831912025471,2.88796841725391,3.09338691181314,2.88342038828181,2.98400589832631,3.0102766249029,3.13966122792664,2.92425759978118,3.01207054163682,2.94965507067466,3.14337128207777,3.03230243976506,3.06624669310121,3.11658614022455,2.962244477223,2.80217384995306,2.80372992293592,3.17932248219688,2.80906766874838,3.01531480578504,3.07844266753046,2.68316843844421,3.11958255558957,1
6.02627923756028,2.78260268955216,3.00169211724756,2.97372207391694,3.17283023106099,2.97774664980561,3.06322410809314,3.14346007164828,3.08798590594428,2.96481724566161,2.90895307424958,3.08573478976437,2.94631673119537,3.03735930987188,2.96034468357624,2.89021537109511,3.03843891144888,3.27467279629929,3.01834914211275,3.12942621125457,3.15643947434519,2.94647056453727,3.04210816489623,3.07460829585296,2.83333910811292,3.04973954154781,2.96681047397515,2.90617625814102,2.97022194678507,3.0022260629682,2.99632997252135,2.97703951726068,3.32588528492372,2.92438150637827,2.92548458900705,2.99327115624946,2.84105518289295,3.39456116521097,2.99368998561767,3.04338888107922,3.06497664708097,2.85956307970003,2.94151679436738,2.84543840328988,2.75272629494303,2.948753120527,2.87907308322549,2.90198166317837,2.88590008770306,3.02729645448782,2.95605208149928,2.99624963787339,3.08671564957103,2.97105927335423,2.95425973731354,2.90912656007817,2.91680335745145,3.13729936582247,3.0453638995002,2.95487265260974,3.04059229142525,2.99176709500245,3.06911588806143,2.85529780790706,2.77188709316642,3.02224525804518,2.95097691564235,2.90705347224124,3.01090217243108,3.14468924797971,3.11523015531791,3.10800145575538,2.977440224736,3.20388477641801,3.07870720834346,3.13038197943904,2.91312811718571,2.95190400738367,3.23469984264654,2.99268948130105,2.92397514979653,3.14612679960637,3.02541111482276,2.89819747154231,2.79504772249924,2.93923492592236,3.04326722431991,3.02337364189176,3.16428176896825,2.95487289065398,3.12120093827372,2.96071000816415,3.16702449267327,2.91071548809257,2.81873581701907,3.13195793652128,3.02511020425225,3.0945048994826,2.87827560576923,2.88677307496514,1
6.1440298475584,3.16050729861781,2.87674949352036,2.92550520751965,3.04729214696497,3.00908568849367,3.05654364633833,3.08431618213509,2.95360521133433,2.86677097107282,2.98944618922568,2.93443575059341,3.23209185028511,2.94002189906905,2.97966486112635,3.29923474921754,3.02186798368471,2.98292099483013,3.01029227276434,2.84297984569605,3.22930200503435,3.24342636742493,2.94584470245356,3.20679948373193,2.98296439021867,2.58319414952021,3.02868816053109,2.904423209098,2.93590623783584,2.84035134023009,2.96573678256049,3.12633844781255,2.95272005359441,2.96601117337154,3.05636214363447,3.02434899857962,2.88540548656965,3.10329398487265,3.16865068468058,3.18448725764188,3.0469940685748,3.00183819646566,3.10686826818014,3.11542622583947,3.01514990234368,3.0243888920234,2.85618881500158,3.07785100914115,2.97932305138457,2.82312776388203,2.84270378147503,2.95788231839818,2.98541023534546,3.00223570151348,3.02989629551411,3.00338188346311,3.16182054313602,2.97368512243342,2.93969035483812,2.99889068024613,2.88038158344418,2.87285058923292,2.96908259668561,3.00836160303326,2.92307936082211,3.00217813493977,2.92365841648064,3.05956786447589,3.21218277363133,3.04043736430485,2.81108258284889,3.1327569344113,2.82652629625041,3.14317786587385,3.05572912743191,3.14690880756036,2.9229244937205,2.93348240693641,3.08836617743015,3.09344908937311,2.92775328129486,2.97674861166838,2.96366495810923,2.99215993569094,3.02991584018179,2.81686091464645,3.08902574876933,3.06757909923603,3.05287457312021,3.02910461243498,3.00180808646228,3.00410047294336,3.23282989799198,3.0055092872364,3.19694717255215,2.90097970743215,2.98328251192096,2.91818890127751,2.98994136675061,3.15876605906714,1
6.04088891859206,2.8770726412736,2.94013205084533,2.9789834734958,2.9459843640296,2.98951362763126,3.07367665167171,2.92112023845707,2.90196971773018,2.88389217057555,2.70312047888167,3.04417272426967,2.96110696969736,3.33532885965778,3.13652398983182,2.88328437796148,2.95652298584165,2.97332109911139,3.15240066501571,3.13930549020658,3.25694496465688,2.97513890159952,2.8982546575314,2.9553078102095,2.99397742931624,3.18898338084534,3.11018755954409,3.0467939751057,2.82343706069357,2.96555354783418,2.80614478138334,3.07986995903803,2.91219838165839,2.77928077677984,3.02883075854,2.85524156966838,2.91482654446542,2.96602264323962,2.93223836259278,3.13721683233732,2.75398241123987,2.93525913175038,3.1535301650104,3.21987394954373,3.05984422492467,2.93613680737908,3.07321600645718,3.11149711771464,3.13890999824205,2.97289138748998,2.95242194327908,2.95709088701203,3.07962404564105,2.91790826788912,2.96701960835746,2.87220009981055,2.99216611391664,3.0968484091036,2.82815032179569,3.16061745142785,3.03218934907306,2.96246358804657,2.99479402616719,3.04552920173776,2.96748242138579,2.86025004593365,3.02654569218696,2.84171891686941,2.90678827207668,3.02732351357784,3.05849590158373,2.93370357205929,2.95142469461596,3.00828306677096,3.0316618204989,2.97530263677868,2.94775967181106,3.04990639892964,3.11480019694421,2.93443370685349,3.1180426671783,3.20223653341167,3.06046621679909,2.76060765884871,2.8877470663803,3.1664810288104,2.93340703895833,3.03463278854575,3.16984611445135,2.9800927399604,2.99645237535457,2.99336744341478,3.01322941570448,2.94193782509654,3.22873623075542,3.0383788792132,3.11742378360081,3.18972338761031,2.90843161343776,2.98337222953507,1
6.10061788471852,3.0029917080571,3.07731323876578,3.0070835329286,2.95947830077454,2.87771245991566,2.92840133336036,2.89976987133906,2.94824934640459,3.02772933090286,3.00255776588232,2.91754940481957,2.85091412531331,2.96114120285274,2.95816636371334,3.04504871662483,3.16806768069995,2.92329205139756,2.82964451317896,3.06912826204156,3.188871542846,2.95366656649735,3.0547039790069,2.78083855300397,3.15171362010608,3.13506754799963,2.87576813284162,2.95080730533619,3.08362926172128,2.82952786868489,2.94752607245029,2.81720718672967,3.00871623519656,3.16783827492821,2.82068829370311,3.13380296095381,2.9314142152778,3.0072112657311,2.85072710421552,3.11496162166279,3.11582888152896,2.95682205790899,3.19223903679331,3.01975738235078,3.15386852155409,3.00167236860892,3.13398051367674,3.2524792564333,2.951630293786,3.0640033972154,2.75510538845208,2.96389796230761,2.98201638789387,2.89634914373764,2.86348553939636,2.9410971810118,3.10414344767036,3.02163262557462,2.84346371020877,3.01740614140075,3.06071452081736,2.98885618916328,2.9521486857848,2.95869333507264,3.02507165511152,2.96208933908232,3.23800820706766,3.10864679750086,2.95679363077007,2.9620998640909,2.75446021939659,2.97698240690814,3.21102992150038,2.9805943280538,3.28835599864805,2.88902518945568,3.04708718226586,3.11816181066516,2.84591859749948,2.8820067334669,2.91808110372003,2.81917772029016,2.89171497234811,3.01473478999178,3.02971735989677,3.04171120327714,2.93595214498674,3.14124857167395,2.8290723602101,2.83679993870375,3.00804266576085,3.07540083120662,3.07656102021184,3.11217077519658,3.11514510210625,3.10297510109868,2.95355407429695,3.07301501330315,3.09972044852293,2.94349723459194,1
5.88327323526285,2.93708745197565,2.96650072909156,2.74200676791376,2.6175690798741,3.11722703914939,3.075040375137,2.94775894377902,2.95647977432129,2.98828461030393,2.95667117902843,2.9703258330246,2.9758121797272,2.94563995690363,2.90650287345827,2.92126541943636,3.05550696015335,3.06582089069762,2.9449909114857,2.935374689578,2.90120104619671,3.03953830959854,3.01695129409084,2.98970166986352,2.99080921814015,3.06700050210219,2.94805049289143,2.975342008754,3.02012825737429,2.96710441643047,3.17483787745564,2.89348896452839,3.12332251679601,2.97798220299744,2.88553165473147,3.03270551902765,3.07185475446109,2.84944233921629,2.77361487503459,2.92773424501974,3.10488074746678,2.98983765690809,3.10194575912262,2.94632077377904,3.14328469506745,3.0832016832554,3.1720916945182,3.05824775851562,3.12469820782391,3.3593328718141,3.17568376722901,2.86147487606395,2.97137819087544,3.03051826047884,2.94365422693663,2.85587589289451,2.96293992628844,2.86698279249408,3.05513356968357,2.96953607931585,2.96273843892603,2.66557732356603,3.09916602838423,3.04797793188331,2.72918187516126,2.91554664809084,3.09138090740323,2.99763446381675,2.90069661252653,3.00854772862746,2.95454856404027,3.10121900975515,3.1172393235592,3.16811216815898,3.19182232022112,2.90308633626997,3.03107825142298,3.12222163156979,3.07590086206676,3.17024205619805,3.12214298094649,2.96488140255777,3.21662247825136,2.99990729353076,2.98050374642454,2.84984118544742,3.13889787689051,3.11159495459806,2.93008122180984,3.09313890075119,2.9860614802483,3.05003348301213,3.04977547081262,2.98737445920895,3.03631655279113,3.01345093475356,2.92681948592156,3.16948140390255,3.00186480460902,2.98319208358915,1
6.08558679783838,3.10633478879509,3.07310077471159,2.98878023979141,2.93716273155062,3.14480671331471,3.00180088151383,3.13792333340549,3.0246712545258,2.98897714641324,2.97221707874176,2.95956763728112,2.97901429432045,3.21020601331316,3.06953605315383,2.87920244852914,2.94917061091175,2.92577740920252,3.21427785133928,2.99773327438961,2.92625688639081,3.13943216871883,3.01732742541465,3.12925866683783,2.8535162557984,2.9511793439053,2.80863187468093,2.89037836148337,3.06709749805927,3.01656936900646,3.10355809791265,2.94115632141561,3.0647213114886,2.94499529744201,2.99575114578473,2.99484928334315,3.17352721625435,3.02026503998263,2.95739045420669,3.02971622501561,3.20179248080856,3.1405968665917,2.81270527299246,2.91014968986362,2.89295140573354,3.03087020525982,3.10655955669341,3.05258974958359,3.04846122759164,3.17789074647865,2.96343146767085,3.20734302758709,3.04929195793493,2.89824752849205,2.90633903610279,2.76773605485156,2.98434392563436,3.2670234393213,3.06522721379747,2.99123332651082,2.92712539275599,2.93993361982815,3.02228424312657,2.81660371521915,2.94132495801892,2.84283708651127,2.75534856575824,3.15481967314359,2.91998355315828,3.05711983833594,3.18050586099159,2.91966222863921,3.01938076710037,3.02947438672908,2.81769643489975,3.14411913407059,2.99859083266765,3.06836686184571,2.99084723681822,3.15921910511257,3.13412923499725,3.01206835162329,2.66735094883161,2.90132398556619,3.13143061701121,3.14230284942449,3.01008333169013,2.81002067041372,2.99849505041445,2.89790717910374,3.11757982517208,3.01090763392269,3.00219398470564,2.996489930311,3.11317358759496,2.98599477657353,3.02565034799118,2.78437430416348,3.10960487526346,3.0670273595349,1
6.09751499637256,3.06840791942236,2.59294321516747,2.84425591922334,2.67137378923711,2.97862737834273,2.93263338392876,3.04052003715312,3.04062257398865,3.05523669926745,3.07351117918864,3.03764680912637,2.92470510310252,2.93703949122889,2.85293141985688,3.0209698536452,3.04522020222758,2.99158498032624,3.05560985775166,3.06883473196067,2.96619999691854,2.86612897913409,2.78505433946747,2.94971945770048,2.85214479163534,2.90388337541217,2.91028728090602,2.88702066873458,2.87295752933347,3.11360683619052,3.17427732312272,3.21566251531505,3.02020435448218,2.98005109668683,3.1804338570559,3.13361700950296,3.07956514074893,3.17308221679921,3.06774303275362,3.0844733033588,2.97070637166128,2.85379278689715,3.12580741569931,2.93219769580059,2.99269013587044,2.93243191266457,2.92865639500087,2.90491826476136,3.05875281570281,2.97515202329822,3.13007184260877,3.00374185644275,3.08026307196206,2.83683533661305,3.0906756123958,2.95128185728925,2.87976855427228,3.07948206619126,2.90709953531355,3.15320581771279,3.02122394829116,3.18295483232297,3.03539931946194,3.018487146918,3.04350983345951,3.05735224549261,3.04091901529486,3.15036560682865,3.06135365508343,3.20656005794819,3.02741044626808,2.89619561296812,2.90093271972772,2.9554026080242,2.8609847252938,3.1089311428677,3.09941092818926,2.81924971344796,3.15891769169817,2.90662044172112,3.11397950095785,3.13953185756772,2.88549300143622,3.08475005762872,2.79666786887757,2.77091297845218,3.04243252271972,2.96323275119702,3.00788681770117,2.98620477163425,3.09273947054068,3.07681390599714,3.07300110887014,3.01919110139836,2.95346254143496,3.02493874234252,2.93216787344561,2.99225413600642,3.15107180379015,3.09439833328765,1
6.05879530878649,2.73916909643902,2.89390097418361,2.92473189606557,2.97176636566169,2.94799329188256,3.09715822668382,3.04054452849475,3.09709243352187,3.0695203078389,2.84099317052411,2.8629618416398,3.02114648600186,2.96165143656909,2.69112692080217,2.86152931587393,3.05371170912298,2.82299231405856,3.02001492489057,3.21144377264314,3.05512464044982,3.0759324463637,2.90472563758548,3.10154195468595,2.97440392251491,2.9919684266375,2.92824689977301,3.02924144040871,3.06602025071149,2.96188338319824,3.04795172550517,2.95633829539409,2.93505197475371,3.0695699148618,3.00174367721726,2.95096353287029,3.04407423009046,3.10218470410466,3.27024422898527,2.93713500129294,3.03429840345032,3.02139150257783,2.88430574868521,3.13422413757558,2.89817027722018,2.99456210695277,2.94064170527144,2.96286734264597,2.81131218091183,2.97655232138313,3.06788230044426,2.9222003180153,3.18454844115025,3.12544976356684,2.77954902562245,3.10601681277622,3.07359824995256,2.97820218358389,2.97346288729263,2.79866964795748,2.71622653588604,3.00816551372016,2.86246891353024,2.71369653795553,2.94820227723571,3.12455883599463,3.10901833380708,3.11099599825028,3.01412359898967,2.90919272218028,3.22844085347042,2.95180367635056,3.19739102160947,3.00382656699812,3.06060043095079,3.09387543899299,3.07263125853269,3.12905969912669,2.86368659758232,2.91151449459245,3.00952809379529,2.86700960376111,3.03032327331132,2.98132142503343,3.03088320964573,2.90420045464906,3.01560015430776,3.01713086782078,2.99156523861053,2.92069266975592,3.00967923047093,3.10351489343234,2.94930861851158,3.20097977736994,2.98704552847876,3.01442574340416,2.99270887849448,2.965444817362,2.92335392995015,3.07515307156644,1
5.90925715417898,3.24398180088337,3.0621039193797,3.25731989855602,3.13670788595824,2.86624289428777,2.97783326263664,3.04527520569228,2.86780078783361,2.80412512294293,2.88629487573021,2.83923138175646,2.88117432688649,3.20307285093673,3.04851854454747,2.90802064356355,2.93380839030553,2.93276751799826,3.13767304381885,3.0232041037698,3.03464225371216,3.02373386112247,3.12315482627679,2.96020301099674,3.08143427873492,2.94012080340278,3.08012385592991,2.83903678852414,2.87562837592976,3.1432413810269,2.98108278970945,2.93876174941057,3.20199294435714,3.02700749860033,3.09196761825034,2.82918722411885,2.98858370766602,2.84664800649846,3.04966618922847,2.92339993462098,3.11148190096048,3.09756398452383,3.22901943330122,2.98885099544015,3.14145070669401,3.03555560431883,2.83198694505059,2.97586914866762,2.85411970728842,2.99342036643804,3.09612519264421,2.95372621212762,2.97992897323061,3.05698233253807,2.90504495822311,2.98372937497496,2.99189672260367,3.03006311113742,2.89979112313265,3.05482718428253,2.94534340930371,2.81830939246379,2.84694746753808,2.97738057094156,3.09865592321742,2.95351603502003,3.07637668194544,3.08342962920569,2.95209243433128,2.90393254699414,2.96212686100012,3.07076025907647,3.01617637981374,2.89427737355622,2.80652805550225,3.06311885177158,2.94858607402796,2.92527097588806,2.92053935102015,2.86199919433259,2.99852637054136,2.74595255822167,2.9894917251159,2.97156252826417,2.74320978530512,3.10929031409128,2.95041313548536,3.06185789377905,2.82927350788604,2.88242973039081,3.13814139148023,2.75077414669333,2.82055001683106,2.93476656165792,2.864779378303,3.18896063393152,2.89209890149432,2.91523976498769,2.99345807175497,2.99154972140116,1
6.20216047149608,3.0133312419867,2.95133808278118,2.87603156755328,2.94110979139894,3.04268049965988,3.10713698026333,3.14744586503693,2.89568394698594,3.18261390998466,3.12156492980636,2.91500937477183,2.82502197098908,3.10902903097594,3.00597691650643,2.80754637098204,3.1007707226046,3.13913725254831,3.09541129309785,2.92500977085012,2.85879321585142,3.04338151044314,3.25566007941231,2.99855842202559,3.06408077521642,3.04900331788583,3.05766114896227,2.80620133090875,2.78396438720802,2.93914689591576,2.92788105556453,2.95887304504255,2.99465636324402,2.93347104233193,2.88354481181002,2.9346084483444,2.94987373646944,3.13471480345233,3.1345830637287,2.99129504552626,3.02802910037949,3.02252511101563,3.11375789984058,3.0132435946963,2.8471486844801,3.01810152030246,2.96667947104817,2.97108192794144,3.02155413332685,3.01569342816517,3.11586018204829,2.92729597895616,3.02255295427515,2.87743711049934,2.82966877970848,3.07101681383573,2.94978490929973,3.14698381593671,2.85846134322572,2.9419833843464,3.11649997527906,3.02023908443664,3.05116082206407,3.00595016592177,3.09281008509458,3.14452532026705,3.04607702297583,3.16717683456264,2.96498957882391,3.03178750714671,3.01803220021295,2.76366163297821,2.90276927930937,3.12002242117153,2.86415404177222,3.08558404734196,2.80538630960477,2.86130341581664,3.01567146279846,2.97584398149369,2.99942141506694,3.01016766233604,2.9419778374387,2.8773077034057,2.79354823048735,3.16242494539613,3.12720643021096,3.04686909479629,2.73113771449063,3.053285753289,2.89333658583685,3.17040984709516,2.81691589548815,2.90340629219318,3.15187295551726,2.89732841470074,3.01766627657045,2.85711784044261,3.02893794790926,2.74107451256671,1
6.02865390241476,3.06436983064078,2.81389167657603,2.85897954346849,2.88265961612925,2.94828834692506,2.97661617746986,3.02336148775239,2.98437214042507,2.92763664552532,3.15706679339168,2.92233486115512,2.85740711566292,2.9898685612271,3.01885561702881,2.92298729329949,3.11337150771398,3.12464305429719,2.8109692882032,2.85543161478357,2.95624635047309,3.00418436050066,2.82540131688276,2.98047468524769,2.97137965374574,3.06752030317976,2.83901038488798,2.93892353578755,2.99117230101528,3.00855081886574,2.98225084451971,3.21814955343246,2.74390229214797,3.01849759302584,2.74865246865483,2.78505405508428,3.15347559745365,2.9656494558558,3.21133865437239,3.11012387585008,3.06072813884893,2.84399215556268,3.06568357408902,3.02993058860784,3.13001112947299,2.94720555599876,2.85459511637038,2.87064193178328,3.1155700542847,3.09405731574276,2.92255571423595,3.29029145995641,3.12357529971577,2.99016881405838,2.96335780277714,3.17440259025215,3.12853235259524,3.07073107863467,3.12030186900059,2.99810322479317,2.95028994601568,3.1535785442997,2.98895545990964,2.93720520922573,3.08396714494235,3.09602748897799,3.0200509324926,2.71039264025208,2.89116372908866,2.96771743196596,3.13167490031861,2.93843539137788,2.99980459132988,3.05375567125328,3.06299057781941,3.02040680391626,2.98032505481932,2.97932876534267,2.99913192011507,3.04750213144626,2.99866808473083,2.96467353085476,3.14520147829587,3.02218657306845,2.98761604928933,2.81607420088879,3.01724997664586,3.09132191801933,2.75564992602493,3.01632471427783,2.74962502271463,3.01237371185759,3.06834559618185,3.24215155217454,3.09410285656564,2.9566498843068,3.06845569576686,2.91487949545985,3.02053573426107,3.1044293644839,1
5.91043412697304,2.9889906226325,3.10898007335491,2.84471435068303,3.0007034209363,3.05575927065036,2.94314626831326,2.89283043737119,2.92610062340456,3.25381822311599,3.04503276782609,2.94413087992486,2.96943279491595,2.81371728724355,3.00668184227676,3.15655440781401,3.0532653677381,2.980098545461,2.97580049301246,2.85231123541059,3.01611487680724,3.07646948676711,2.8832237807485,2.94080314501836,3.00162680311993,3.01620457754363,2.96069568741814,3.16183817579388,2.80698867390551,3.12781165435073,3.11107274979511,3.12742206291612,3.02186032525969,3.17166573239282,2.91432930638136,2.87192098796944,2.82017071740524,3.12325222670052,3.23925092873519,2.86206328068937,2.7655944849929,2.86754385566337,3.0363415228477,2.96029556103523,3.05277866878525,3.03247855153994,3.10312302998788,2.96815724287401,3.02196869025066,3.08158352696399,3.1849047518786,2.99416787627161,3.19403577823519,3.06936831335952,3.06412542525363,3.18293604365498,3.03377013551535,2.89904380315914,2.94855094446056,2.99644475866789,2.9898477681437,3.09552251332871,2.89373602799946,2.7847861797781,3.0096775139829,2.90384645875461,2.98992957467781,3.00593224302977,3.15293103648928,3.06966581202111,2.91791052575926,2.93025614181658,2.95297139926518,2.81009077746743,3.10209328805612,2.98825059782179,2.96089970220032,2.83887749813939,3.1881175507855,3.2895603227007,2.98987922215142,3.077202875195,3.10776324510602,2.85821155485262,2.91060662614347,3.00123775206001,2.7571768960009,2.96436519833029,3.01304831537744,2.84245791991026,3.02349830932154,3.08308802730663,2.88224733296212,2.86838917800698,3.20274977429082,3.12076100494985,3.13397066087451,2.93739291863704,2.89498976740632,2.91388387535375,1
6.04865466898093,3.06446536277457,3.03408691022443,3.022912767123,2.96308965229548,3.08191904474387,3.12603016391509,2.8432858790044,2.91438809001889,2.88456795330504,3.0627780546513,2.94868520661031,3.11048900965939,3.08641184460287,2.91779094999208,3.04528710522112,3.11181614936049,3.08526499134803,2.90564648793892,2.98583911406352,3.07119187297535,2.92058592079639,3.0575149504227,3.00559866822556,2.76287708021193,3.04634355727707,2.79325669601194,2.88640574756496,2.79566747442468,2.81348433507245,2.97243814147402,2.9473138083754,2.96064448203518,3.09023744708198,2.90685410105871,2.91775835211949,3.08212938040699,3.15319218806499,2.9356170412161,3.04856119352056,3.03274451253937,2.97980662404154,3.07747216198255,3.23453185448463,2.92719360730754,2.9493794275931,3.08184276181527,2.87952202679037,3.25038066072082,2.91251878392211,3.02630406757339,2.99221979574625,3.14283084107217,3.10954201755454,2.94653255576452,3.10980939729073,2.8971925698488,2.84136214366337,3.23413054787887,2.99057346042907,2.93696880711253,3.11791748279485,3.01974436180469,2.97087210071681,3.21466749943625,2.90667056681045,2.92518346176713,2.93797809283601,3.15896604611093,3.04400555824178,2.88307007058479,2.9947343595372,3.24484864267528,3.10610249468131,3.12973349907015,3.06741516444532,2.64913923444745,3.0540793556722,3.19578928640992,2.99717401438862,3.03486338276411,3.01491613451645,2.97016316230735,2.99833679535592,3.11045632383834,3.01485401138627,2.79229617821517,2.94004942830128,3.10550684271275,3.15382463517877,2.88696275870823,2.98263644257444,2.78864257622445,3.16937278336213,3.02546450207007,2.98440432386748,3.13469156323539,3.10153866942743,3.1362560290976,2.94548208758578,1
6.05246032641992,3.01183995406512,3.0785838469581,3.12674082634629,2.83820546351127,3.04635673664638,2.97467457817774,3.08293730891628,3.2598512045488,2.93599672189983,3.16616348280766,2.91741027677266,2.86354208018835,3.03280562640752,2.97487305984698,3.10901488593391,3.12712183990444,2.83386753662376,3.08621861285349,3.10628728851712,2.87245077579784,3.09457850708785,2.92364257558155,3.02118787800127,2.85859879722091,3.06110800743767,2.97750979402142,3.11936973896648,3.03929477405085,3.1293604528401,3.10690024542128,3.21996312467485,2.82441309103693,2.9996705828034,2.74346558058843,3.19952831057897,2.8402711882131,2.95602246458553,2.98879957799103,3.14288495533724,2.86255441103216,3.22521844194496,3.06868391067924,2.94528294244775,3.06480180839334,2.98327324305891,2.8865823486456,2.8658767685307,2.98902274317465,3.0843622378393,2.92635825640227,2.83446041061893,2.84538204395128,2.70175569710315,3.02635445334695,2.94258174504305,3.03350965204427,2.85848246073413,3.06417461065519,2.98258764128796,3.0359567186802,3.03837377329792,3.04558950236138,2.8738772674731,3.01767323467013,2.88337081513954,3.04425487237036,2.90128852201466,2.94160821844131,2.92182516536939,2.97808869285436,3.06122989041397,3.23160720017005,2.85844487412573,3.03984554953675,3.02813681071971,3.18936718181952,2.8106091564102,3.04156042528293,3.06703555770609,2.98422075459823,2.88387120088667,3.13992299540973,2.95323432849146,3.07026746046118,2.98654745205534,3.03902381886317,2.73215222606654,3.08810603916017,3.01285989212377,3.07815881813346,2.8154187395252,3.05692478507551,3.10292758726205,2.90951048047646,2.99902538619555,2.82750727256515,3.03345995605112,2.87772256210022,3.03828812653595,1
5.9860478135765,2.96912620506375,2.89826798968838,2.88640863327203,3.02621489140368,2.92349009219513,3.23339170058922,2.94497859796641,3.21104268166987,3.07852673131565,2.84228163479489,2.92173674199267,3.18240815285525,2.84329027953622,3.15182664744048,2.89671837164862,2.99392042109882,2.88151969569458,2.98693732114549,3.07720748099427,3.11010736775443,3.00635810728764,2.91480825187565,3.13094482778247,3.25031353321409,3.06298722656144,3.07268201405816,3.06233008717428,2.95468163908371,3.11327174758138,3.18719890291837,2.80392012951478,2.83705049825101,3.16601785762467,3.06140923150385,2.99241000590556,3.04865003707503,3.12994993159929,2.9731259611289,3.15945471340426,2.89027898114963,3.04694821991945,3.04879291095873,2.90243203656753,2.92468012805406,2.88236653805171,3.11504923907747,2.94713974703857,3.1024707304179,2.94873882321132,3.01837845279505,3.00016479906154,3.04423113256373,3.04021717924505,2.98750940093468,3.06062977114592,2.94054766666209,2.91728060862479,3.12176005437322,3.00224591285457,2.99281566015247,2.98610844802192,3.0580378807074,3.00231615956364,3.21215387200091,2.87895068909195,3.04260125207417,3.08320513413299,2.96952507171351,2.96118620439071,3.02964814832139,3.07219087747647,3.04115810072191,3.27862667497127,3.14766684849185,3.11408129782857,3.04114942542879,2.94337295033074,3.00636615196822,3.05388179138431,2.90593839456573,3.10026718603251,3.20027473005454,2.94303516859374,3.04679016845422,2.91949940028866,2.89152269313225,3.10157086704376,3.08817240788127,2.82519448737947,2.74449009622032,2.76983822514305,2.86702939614266,3.04551581523874,3.11908140328776,3.10030465908255,3.19856898147609,2.76187459030118,3.2041271254059,3.05221866652591,1
5.75470563239613,2.93971695112376,2.90589206803745,2.92646587105438,3.26188621717841,2.93895525366471,2.89988166224826,3.07395945859883,3.11517787488912,3.16517367081615,2.87506970364301,2.93982206228847,2.88247037572217,2.92032281365922,2.97969482628871,3.05847963787062,2.99941874796745,3.10619040373237,3.2233951689216,3.02775830250596,2.89915754971378,2.92540249488291,3.13858865245246,3.09053662535946,2.9875947656749,3.13964727720306,3.136873654243,3.03263961046345,2.90592931443084,3.12999478826182,2.98034758479779,2.99798474402293,2.93916948376017,2.78985210038586,2.95530067590907,2.8670359818543,2.91010714829236,2.94936177792218,3.00579219360404,2.81519354521192,3.03649068774001,3.08328206600442,3.18223502996191,3.01939101447979,2.98512966537848,2.8079394660388,3.02054982180312,2.91534588830954,3.02293894968662,3.00668543846333,2.9665855847274,2.89318109760672,2.95708659787823,2.9308428701392,2.94116731873383,3.05568452934785,2.97665689066455,2.84076064715393,3.10595373565003,3.01795065782232,2.89064326800837,3.04821662023929,2.87775470493208,2.92137702588155,3.01480665416642,2.89100282320658,3.05911832662619,3.28549098436828,2.89821124017233,3.01093822421711,3.07206031130449,3.14935814495987,2.92871106106733,2.97263759158781,2.88290102014712,3.32957776783744,3.12622998900019,3.06888200136412,2.9049293265962,3.07750086670409,2.92407207640921,3.1315050787219,2.75905374333173,2.86655492928221,2.97995081133612,3.22433748126608,2.85528661968767,3.10005715760932,2.95539244518863,2.99561610908309,3.06259580249337,3.03087646190881,3.01869176337384,2.98367698278912,3.02822885641269,2.9446689698251,2.9045808163016,2.87189914302112,2.70319221909216,3.07711455513594,1
6.10083980436707,2.95647525901374,3.02513391535742,3.04573830317808,2.972227921818,3.19081163230581,2.87013121695541,3.10661502727074,2.71014662937156,3.01020268021986,3.08204317710249,3.12292760750059,2.86116822403265,2.8726866108171,3.18880534207495,2.93504424868013,2.9726276773935,2.96428503374742,3.11916200983988,2.96096932357168,3.17362331876212,2.96271744788518,2.77669053492707,2.86791160549387,3.04399622020714,2.84676660943336,2.92026015471974,3.11369391785058,3.1062414264377,3.02708773450022,2.98924231559162,2.91093549716067,3.00839571138035,3.10137579844305,2.98413540758584,3.2407512804772,3.13176740455044,2.87380231126703,2.92899623404125,2.99932545481738,2.71505941526946,3.04465540964049,3.17534504337782,2.91295316258205,3.07283065931572,3.07669146427786,2.92426243456632,2.96455214977978,2.9706687360555,3.08665978300266,2.83532487493293,3.00676057879759,2.94199430801787,2.8718504443661,3.07896814008277,3.14054718397044,3.04417829636267,3.06197053543292,2.96560707254755,2.88186643636479,2.97230391880576,3.07872606423654,2.97442949015938,3.03906239891385,3.07924727117269,3.13688574805008,2.90044257250461,2.91204354085198,2.97223492232089,2.98003988362364,3.06673109707716,3.06075902902981,3.09769285912608,2.79225478683199,2.91831089536636,3.08690474575612,3.1120788276428,2.93788419958961,2.91916304300123,2.92887185198292,3.11882324618787,2.91665408124293,2.69623061350953,2.85228485010732,2.8639271040776,2.79447430700112,3.0438979385531,3.0996332109843,3.04510287859344,3.14330307259121,2.99491814112411,2.98134329969013,2.86345109041205,3.15494352537871,2.85899430979954,3.05556840622145,3.2418081364522,2.91779387893298,3.00227619402332,2.88042963724217,1
6.00081998298498,3.08819566934559,3.04581760374867,2.91180210531464,2.88666452201772,2.88378755848253,3.00240528504413,2.98551411584945,2.99066153833213,2.86831127619238,3.15129577868868,2.9096642187833,2.8415188865311,3.00748976258682,2.97007860938633,2.97526882572827,2.79677285045141,3.38344445507733,2.85203811477931,3.02920233692425,3.04885984880647,3.00850351201353,3.11310329185629,3.00774414918937,2.88235178900574,2.99718002592795,2.94962117215773,3.14136417011677,3.062903776883,2.87080404181618,2.72838111704942,3.03799658447199,3.06871452760731,3.13431430599883,3.05973104935851,3.12682598682663,2.92624692955695,3.05385708423996,3.15062943882174,3.08927125619533,2.93495645321052,3.03668195449444,2.88332152823188,2.91868167206132,3.04842694375646,2.95689635536283,2.98245352568215,2.99104327308716,2.84702282192924,2.96327115929175,3.1106128200389,3.1581660356944,2.93256599125901,2.88919836435765,3.05251171688363,2.97456931380606,2.9848180260586,3.02617456973562,3.04640168939353,3.0019272837812,3.04177176662717,2.81143645520341,3.13943958726709,3.19527934842114,2.91813725110145,2.79969914878655,3.03268160288245,3.1285806835094,2.89153491780241,3.10918995050529,3.1782427041672,3.17550503517961,2.89781138246559,3.0060582577791,2.90923949467755,2.89485314637412,2.94063935378832,3.03791243913795,2.96584005602023,3.14503567482116,3.2348793303523,3.06770776771689,2.97134242959928,2.92857700977133,3.21012293150871,3.00176926009812,3.24274019388215,3.00878375753506,2.9115052847751,2.92416516748989,3.0725524375211,2.88239545781203,2.96871800143363,3.07014079920378,2.946590896267,2.7742213966964,3.09182020423586,2.82996629240293,2.97698669737737,2.77113696813832,1
6.06804584902345,2.99376233418092,3.14264512554494,3.02040425027136,3.11007630446046,3.06767736013116,3.03072359872098,3.08064832646071,3.00410554352183,3.01784379907779,3.15759899818304,3.02472468887032,3.04761912832093,2.98016934825556,3.13908343724123,3.11660595537198,2.95656132205818,3.16614922285567,2.92162747452353,2.95943980397021,2.85870268253516,3.10918435134785,2.85474394481046,3.09679134402962,2.92845696337169,2.85931792144504,3.2536018551115,3.08456618661773,2.91955932248171,2.92814341905688,2.8451759700824,2.91622808388089,2.96042813166758,2.95318595740676,3.0622130474076,2.87667910260652,3.14820195930993,3.02948314058546,2.93539537863049,3.07096429406386,3.0773450575374,2.94943976886514,2.86055111469046,3.05584456853832,2.89104457498222,2.9926411674231,3.00067118828693,3.24205963092366,3.02423775725632,3.00814628484419,2.81590382013182,3.04231562398389,3.13842512211969,2.86906323520357,2.91583485517305,2.98959532325891,3.13305716156532,2.98904231829733,3.21189874005107,2.88136767549477,3.20118343278683,2.82927375752718,3.11030201163314,2.88511378842658,2.99349422335446,3.02364833133652,3.21424760978197,2.89772970328405,3.04907285204312,3.03730000399063,2.91182666279977,3.10693779392884,2.8051866145445,3.16823900048219,2.9639021834924,2.93348469205415,2.81410487897698,3.1923577076242,2.86718019914755,2.97192982852968,2.98194677432781,2.92380060031986,3.24393539444538,3.18839759746083,2.97538231800204,3.14971052752753,2.94748634703089,3.1274348357123,3.03065552280395,3.05616200316959,3.09647240593395,2.88273934568879,2.74477608196485,2.96551637218297,3.15308972920913,2.95714834833282,2.9716157157955,2.88014069267416,3.03964130279954,2.88409441506639,1
5.80269911706276,3.19060038852975,3.15954601418161,3.10990087677928,3.10667122401354,3.04368729632808,3.08598036595054,2.89125204987972,3.02224412862369,2.66447228675813,2.70947570754701,3.05649047947511,2.74134531093855,2.9421382540998,3.03817951051501,2.92809225986159,2.95885370380759,3.04712013018748,3.16074812292086,3.15491894509027,3.03620410207314,2.94336685343999,3.1211524039031,2.97872481772585,3.14663448265106,3.15118590417301,3.04611703156041,2.8092006832105,3.0153098344348,2.89530570118848,2.84244615102673,2.9972953257094,3.06881323460464,3.18802829632273,3.02010376654987,3.13349756238121,3.05164714596183,2.9451088411491,2.99884822198672,3.04868487216125,3.10357638241194,3.14272557786503,3.10825124711522,3.00721629200449,3.02117881774993,3.05056810941284,2.85768388338617,3.22862717737491,3.20882684323598,3.14218154693023,2.92828718405679,2.92414531904533,2.92626577057352,2.91909036058679,2.9775266580065,3.15863246929115,3.00590605922836,2.935943857237,2.99133963850094,3.08011993333846,2.95709582258027,2.96256174031076,2.80911382066105,3.03271447407053,3.08300185626899,2.91764967598055,3.01807707636985,2.98203132563173,3.07512926992751,2.88798262372195,3.02403129680183,2.85224187470218,3.06350357434625,2.89103619804757,3.1180013192531,3.1232266933911,3.07086911085698,2.92453257712382,2.92101254318186,2.95846248256779,3.03677312151066,2.950029409427,3.24239514520768,3.02632645531243,2.99108753904481,2.97745554804447,3.12942409281924,3.00923061671959,3.1050126363459,3.0896322848161,2.96438982100589,3.09199192887428,3.15795160132824,3.01042611472405,2.85042404364816,3.09222891271383,2.83154164919642,3.09167492841432,2.85463409700853,2.86704521215498,1
5.79348108101059,3.09308785481029,2.99401820734459,3.0774689469474,2.91819245793506,3.07322100900812,2.8979061582633,2.96286781564591,2.90452675497629,3.07698410771212,2.96454727262935,2.72884191611635,3.05887242758579,2.90741777012731,3.02610675053045,3.02430113767083,2.91692348996634,3.00731567136801,3.00242433981801,2.95285791295154,2.98164220811187,2.96649661365978,3.11778957956886,2.98476989849994,3.26492800784273,2.9686645459611,3.01035164973432,2.85180647269233,3.00953132770999,2.87144823098896,3.04607597683083,2.93415143785557,3.02515650628405,2.97703194412906,3.12403707610237,2.96729568250402,3.11105203092267,3.10927016109005,3.31088375679446,2.96714251470298,2.96663372426895,2.93009256595343,3.01057603626813,3.19157865143331,2.95997359209056,2.89123937654309,2.93048021497968,3.17713285682053,2.85496011864532,2.98744642241567,3.13794821885625,2.91302838009818,2.94913325635005,2.94874903930341,3.06033678382705,3.056102757372,3.2572135041108,3.08501712527589,3.02380321040876,2.83811873931343,2.98169917168346,2.98288075730562,3.00407502862898,2.95100366269387,3.02137021745794,3.11989072718896,3.18661693578107,3.01661284202992,2.79429152366243,2.7178808077662,3.0694544633013,3.02179787789724,2.95011360592211,2.96959998796921,3.14458834986851,2.75212934354415,3.0705296463468,2.93245080618869,3.07219703755958,2.81842051237059,2.90456403549598,2.86747681601841,3.00181886160118,3.25400681806049,2.93665030929605,3.05760534019518,2.9502913279107,3.10041533543262,2.94725281119555,3.06964766772978,2.76277858283303,2.794469352006,3.01387320295378,3.00665145307879,2.91222372147013,3.04823421523554,2.99459230512135,3.14444553368553,3.00901838908323,2.93828795745947,1
6.1281376024345,3.0325078980161,2.95875901561832,2.89414272989702,2.99526140332313,3.09879054335715,2.93832639351909,2.87159728778285,2.97344474290042,3.1726435861616,2.88506380696075,3.0477791737586,2.96824563863075,3.0700986302906,3.22032267417415,3.03220129455521,2.98633412812144,3.26812126116557,2.94410417537575,2.94742312878316,2.89903732575389,3.10196770705793,3.15741843240857,2.81440109167703,2.78070311982134,2.83923107060943,3.19678908497452,3.03696577245071,3.15809355628643,2.98081214477946,3.04487674797966,2.98969546475348,3.0526876982563,3.05384106561471,2.91389455538143,3.0496579025376,2.79573969028115,3.05765105158121,3.06421819169087,2.77124653378287,2.99399555152821,2.86592429122037,3.03471226287987,3.21232538585282,3.00778163730316,2.87982616538119,3.05022020696047,2.98859177714299,2.97249094417276,2.83323530555671,3.00308627957539,3.02472415864104,3.13420262156877,3.169588058023,2.86454751392308,2.8547508501405,2.93422651937134,3.10387279259585,3.05017960570721,2.98816967510545,3.12550689098062,2.96650578661941,3.15061564480924,3.06513984720185,2.93540617546058,3.15468888277053,3.22761321172031,3.05563826840573,2.97414877227534,2.8679545538081,3.1423066863573,3.07436176674337,3.10836307418221,3.13797005574571,2.89643505718821,3.07845159431188,2.89355500704312,2.96518267909904,2.86481039278333,2.81731359529818,2.91408782389114,2.98916850294571,3.30944105616818,2.93245082299117,2.85293706285742,2.97609273775243,2.94318622629935,2.88014875437141,2.98699394113226,2.81313146772545,3.04056192543519,3.10178408649585,2.90921198091401,2.95779826094878,2.97480845589362,3.04385167756675,3.15386382173453,3.11939728957928,3.07339204221596,3.06142797792415,1
6.16001330486283,3.08998076407437,2.90117048244408,2.9733139536313,3.05448011102159,3.15827333546681,2.94925031957048,3.01488387050392,3.15121553377806,2.88725839621669,3.05713470696069,3.15941282197629,2.91124096682378,3.06698219233236,3.25539036946484,3.06409701746079,3.12207292038001,2.91188226133973,2.92825252174408,3.03481665668405,3.29372017475034,3.03311126960219,3.114972539293,3.07891204674433,2.93199827259793,3.18757938057363,3.11582861662785,3.17580710414973,2.93986792032482,3.04256547647099,2.82048284552087,2.97604870055906,3.01130394623384,3.12132160198302,2.87954107043759,3.04837213466247,2.89529470662443,3.10706542309922,2.79633975378676,2.93648841930402,2.8934998607952,2.94343050362582,2.91360447165085,3.24777211637066,2.94834452658171,3.08277389183159,3.23648114440653,3.10451507789712,2.98132775959272,3.03663236965778,3.16503876054218,2.8806301145197,2.99904134765494,2.98312404946629,3.17149852222353,2.8551627689773,2.8343757183741,3.03170216205308,3.02055446235366,3.13991088678406,2.92375786248883,3.03423688845235,3.0705629924859,3.18613536065562,2.97280992499133,2.90820479111671,2.99017987796078,2.87156144547763,2.92120416965662,3.07667821948844,2.82797137250982,2.89391576680776,2.99428189489211,2.9497932521954,2.95698064774981,2.91027557808377,3.03029804514004,3.05928951386624,2.79838845657024,2.94349174429525,3.10952079302174,2.91176775873329,3.10901905292054,3.08588094778759,2.78407503340341,3.19165201423823,2.74498394970375,3.0248893884491,2.94940813620836,3.20005570207093,3.02635702316495,3.08493509428915,2.91381038760431,2.93317734857498,3.03679518600755,3.09484799366989,3.04730961822688,3.02369170496599,2.97268691120018,3.0839320342802,1
6.11372216357688,2.91574361901513,3.28196600508393,2.93167267975136,2.81881984480428,3.0781063950519,3.01824937457322,3.12539993370512,3.05417581830141,3.0695023014574,3.08682784352485,3.15106982229625,2.89190881909083,3.06031961245346,2.93912779990749,2.95557371667299,3.05379330687324,2.86112049036789,2.98178183772949,3.11915034923623,2.84085546784239,2.91065622366275,3.11645554435543,2.85429857399164,3.02992732684733,2.94125275856851,3.01095682934584,2.97698905674769,3.04898848541076,3.11284469295892,3.01677710021203,3.06678165278154,2.74764194609457,2.86702001947754,3.12753245483829,2.96852541095006,2.96944615031167,3.16870045843322,3.06791578712832,3.20332413828877,3.04577194206356,2.98204782934314,2.69627652150909,3.02414012622581,3.16114453217537,2.88057544846476,2.96461067113333,3.07098612267782,3.04488548545411,3.17510192393067,2.74163387524961,3.01122305043141,2.98356095978176,3.05683507140263,3.04406193558744,3.0461644444841,3.12548806527206,3.04552468066798,3.15146712108848,3.02048588732784,3.06707228329462,3.0385247686891,3.35485985482866,2.97942169517169,3.00864048314705,2.81713195621761,3.07723581824821,3.05316097600158,2.86045702191555,3.05446337516717,3.12568046291525,2.87440888271437,2.97827517560871,3.13291715608709,2.89092149157303,2.85665882310875,3.09173843727249,3.1199012478726,3.02614451260876,3.10713194811715,2.9445082258134,2.90551150547885,3.01992214114104,3.11631148887401,2.9358546524026,3.13403638453572,3.08297920552153,2.88542746638169,2.91722245835,3.13860233467645,2.79450024346143,2.97307893157868,2.99016300054497,3.00118535137547,3.03598863855712,2.84103967711296,2.90449138530259,3.02138927867097,2.96426971892216,2.8762963213302,1
5.89782201619974,2.93229690097608,2.94551219451951,3.12698673480624,2.91863908791022,2.98188005942273,2.94984487090724,2.80374327825757,3.1624817585608,3.03645417180116,3.0766057495147,2.91281755141893,3.09406165815392,3.13228390657942,3.01798279682452,3.06560334940465,3.08325021656934,3.11779170832275,2.93982856771213,3.04138430106322,3.14016011943868,3.03420835489683,2.89300388784723,3.21968611722506,3.00626417237846,2.80956471717285,2.80833133346455,2.92302455460337,3.23830803508876,2.89331069436598,2.85872388836997,3.01110408782099,3.03966279777241,2.95538005433011,2.99538240899288,2.90390533258604,3.11498604100218,2.92755721878405,3.0236256233433,2.85277101996883,2.94906746835757,3.02311139344589,3.03767194145429,3.06551123837743,3.06036508716354,3.08847203158353,2.8374355221545,2.96893825483804,2.82483266426501,3.07723893166023,2.95102047789583,2.90302403525734,3.07701057358884,3.04741373041377,3.24441959251349,2.81955579019268,2.94803839876225,2.99047535725752,3.0419164814186,2.94475192984258,2.8960606464362,2.96499839248047,3.04486703984052,3.08896980392236,3.00775811194632,3.06216829521586,2.99940998127479,2.98201654528758,3.07607870716131,2.93299363231034,3.06886533175572,3.23946813043075,3.14757280886973,3.10819386173074,3.21261652102819,3.02603149779385,3.06658732884608,2.96795341119471,3.19457864313203,2.94138665693028,3.18726502322927,3.00074559296733,3.20095489569435,2.99278583331039,3.30147960994977,3.1282331874149,2.95341369197207,3.19238946637202,2.85144300078898,2.94792171904412,3.05864919550679,2.80000353451944,2.79592951100464,2.95902958077845,2.98777889276811,3.0556503172944,2.96348824058094,2.98380777212674,2.8631280286159,2.97027523868847,1
5.96133527444445,3.03192363241563,2.84412190697647,2.8822463683361,2.91782185987348,2.9749888942685,2.99265225007083,3.03672505714471,2.88619171434799,3.05350455480637,3.12377179951916,2.86939646252949,2.88501471730171,3.01468415788122,2.99546754269878,3.1245670273373,2.80862583104834,3.04181496464977,2.81125112025433,3.04980059698252,2.96378059274488,2.99530061816272,2.97671797649385,2.88781913804722,2.95443774166562,3.20864898385916,2.76187801640992,3.09936331630609,3.00210083314087,3.14136382619498,3.14785608610674,2.89637716827112,2.89479851499155,3.10462169465158,2.88054739299784,2.81480730832822,3.03082415359042,3.14761898078827,3.28561108963239,3.16921380331009,2.99559268792485,2.91440798883739,3.16613213149047,2.76203609618735,2.96274569446979,2.93614558873387,2.84786545153932,3.13724978165674,3.09276071650777,3.0766213922711,2.92450391092181,2.88807191746869,2.94776167366821,2.97691354622718,2.84923458322295,2.77544233170451,2.87639487310919,2.94008165517614,3.11934437277568,3.0803930178145,3.10074608080426,3.0133018314337,3.00476973898395,2.89816373369305,3.09885302918099,2.84020194549876,2.96641882931763,3.07214705793669,3.01373789111377,3.02050102217239,2.90721900936093,2.92515595792393,3.05316328918954,2.984513700278,2.94872915551087,3.23224058089455,3.0909863568766,3.01583393612302,3.11821624000208,3.04370012840687,2.99433302359876,2.79592620646045,2.90427194920169,3.24036818482494,2.99198448445229,3.01782613390449,2.93834741693339,3.15390742839426,3.05273430237527,3.06826571108568,3.08879127081613,2.94878908202668,2.73815765666747,2.77376260361285,2.90906506713483,3.08249472322272,3.01997265221509,3.134969185955,3.03254786438809,2.99731773166663,1
6.06417418199986,2.98708034561044,2.97767581317649,2.9985334935308,2.93453720473719,2.98382473906914,2.8520696795648,3.13613734434516,3.16195393747189,3.05456510372694,2.71805928672292,3.01242783781832,3.03475747318971,3.12581985635059,3.0789603793048,2.91555397466951,2.98922439047555,3.10005070797345,3.01496468837349,3.04260682937551,2.95755849687152,2.99904410644079,3.02581696427249,2.94424121964028,2.90475264178031,3.00408568992642,3.10805151542733,3.02395885646593,2.99902147506499,3.23804959821635,3.1406025544835,2.93155173820549,3.05829107741387,2.90120781588302,2.99921251068428,2.83801767345566,3.13836593346906,2.96909633588488,2.97376648080844,2.96657432547369,2.83659057244551,2.94240080711298,3.14074742447435,2.97371117265261,3.12650698633691,3.06622171239697,2.93028514920489,2.94717105135625,2.93300924151135,3.06411508857541,3.08860575378612,2.97876158543073,3.31326833957304,3.11905339194827,3.05136301162568,3.09759346510993,2.78100636578755,2.82139736005678,3.00435657043274,2.86986042930317,3.0022663242889,2.94626752480265,2.86944274460306,3.17508590164665,2.92793678689044,2.83571421918042,2.92608634836822,3.04911252191225,3.0709408870659,3.19840340085871,3.00947299877513,3.01487816668034,3.11065281162112,3.00174729055565,3.07983776553156,3.01950027072126,3.08526892154676,2.87457593354759,2.95802108666072,2.95166106978193,2.84943054693396,2.84371015520829,2.76124343434588,2.93363480085704,2.94189564639337,2.88125809860274,2.92991542867541,2.87712970618076,3.04208933018724,2.88321623728912,3.12979520417232,3.2024843715532,3.20153374915517,3.10393178864753,2.83103372969294,3.04727599237616,2.92529228888895,3.12855897470653,2.67893947463589,3.08712936929782,1
5.96962783839266,2.9575634306638,3.0794209518501,3.09239085977194,3.01206734853723,2.95145513226511,3.11365727903793,2.92355035635235,2.99920136336393,2.98489852173352,3.10590074868454,3.06008217662711,2.90750844514467,3.14002227074652,2.93467608961022,2.85975033270565,3.21147018327143,3.09308065986989,2.96316496321231,3.07262451286194,3.04871182518766,2.97354815684476,3.09813901445981,2.82078044769748,3.10019415990992,3.1896008237574,2.90684127485055,3.12022862549752,2.83385827440024,2.94455097019326,3.03274848218738,3.01885583767803,2.91645555385118,2.76493215934082,3.0495698718029,3.17120254948719,2.8918690049751,2.94184837823081,2.95370949440294,2.94933809150552,2.89132174206471,2.97395312913976,2.75208876354348,3.18482277424877,2.90677111490086,2.94528778957367,2.94457047220634,3.03675617041119,2.79887431394384,2.96718731494363,3.1552320048338,2.92050110279924,2.88585018864488,2.80087936206204,3.39583407089679,2.99638916886803,2.99891619371893,2.81427086107699,2.93333039663033,3.12029394925042,2.94659416938543,2.90932350495836,2.7940665876533,3.00763018932339,3.18986263549671,3.06830653235414,2.92883609536647,2.9367248166826,3.2571267528498,2.88340316188334,3.08183409228291,2.97789133790386,2.92729114724337,3.15067525891269,3.09087911516024,2.98327179949278,2.7781981865103,2.94516835099206,2.99076762574602,2.98211377203654,3.12121398340478,3.01153117055494,3.0875752563453,2.85807321071352,3.08177779999398,2.9902325248989,3.02959132019951,3.01355819961927,3.09573165597431,3.06735406033203,2.83920715054516,2.97928613983925,3.11214463674936,2.90211635822607,3.06685232165294,2.91733912087106,3.00719454135208,3.09047986944222,2.91460716218585,3.1692027152799,1
5.96219939560498,2.8698714509984,2.97743783515977,2.97964019418436,3.00976964715835,2.96591517549632,2.99906825867519,3.12761596887684,3.09352841806278,3.12793879536127,2.97894752337571,2.97355058361197,2.96465299186214,3.08443332055163,2.79440433055495,3.02309293845624,2.77354783030753,2.92459766153603,2.9523207502813,2.86431865847401,2.99893416256343,2.87078522616231,3.00409501909868,2.89289900445316,3.0488576795627,2.90745530546268,2.81565102841923,3.17687233011008,3.07782936117472,3.12440635515997,2.92282250638004,3.03905793349438,2.99644378669281,2.99019928292619,3.03266859299906,2.95055394501789,2.99084026104872,3.05575587644799,2.91424921976914,2.8421287581237,3.11156554611043,2.87946479642246,2.6985450565952,2.94825648870912,3.16667522128261,3.18922655479807,2.85522513533774,2.97860485779125,3.13588373267232,2.8743940089417,2.84689771974034,2.88210779563658,3.10875746031362,3.04599740899361,2.89670380307211,3.05649292474461,2.78116404064638,3.14833809503223,3.05481517309502,2.93375283264188,2.96273738274895,2.95611515878663,2.81845820481638,3.01195820479604,3.09176980512899,3.17518709304738,2.92003373058528,3.03859751817148,3.01137474495729,2.98392628360747,3.03439108931894,3.18164233294637,3.2186285554835,3.17301916154658,2.7779860319047,3.07837656870873,2.98988079834662,2.97064557394807,3.05232073095271,2.90320739812744,3.07386344469504,3.02184533948149,3.14655977542112,2.92876757853361,3.0195127130715,2.89521299533484,2.87194564573923,3.0015966455612,3.01482564960385,2.86158129160808,2.76913376834905,3.18482445917417,2.99720438407109,3.11583577375609,3.01757438890486,2.97349670923207,3.19155570504436,3.09401451943811,2.74920886863468,2.81603554830547,1
5.81559332004395,3.11531061351496,2.85934365021204,2.83130314406296,3.02504653353483,3.01024010329752,3.07428268529099,3.23714224165662,3.02260857881746,2.91487488786588,3.09039718670988,3.08372941809603,3.10770463859622,3.07858702459725,3.00211491331073,2.90209483038,3.07064565473307,2.95810608461055,3.12993994833202,2.94008257011682,2.86088358780169,2.96338202627677,3.05910681106688,3.08638169756455,3.02539941812153,3.18363720463337,2.89550218297114,2.92618105430814,2.79077261047005,3.06959203356058,3.05750289163296,3.1086562123802,2.90939985837038,2.89208385381734,2.89381891678142,3.07842390151118,3.37556769869858,2.95875777083226,3.10049187348224,3.08808930392817,3.04887736124348,2.97357349575787,3.08449866921202,2.98026439413798,3.0547454051433,3.02985418699639,2.84615137844831,3.12921121990259,3.11043118815097,2.91690342742591,3.22106696934254,3.08975500004939,3.00499880035623,2.81892071541973,3.05901459302237,3.00586746162206,3.07822332823423,2.93559505559559,2.90048117755144,3.00909491351772,3.06649671430254,3.15141451414872,3.03413334447223,3.02638091825745,2.7680949752033,2.9301416253057,2.9746889506384,3.08363108054557,3.0798749170824,3.13733474994914,2.78939372918387,3.03251017090965,3.02903392551792,2.98119266486814,2.9553631885751,2.91708915325764,3.03476634257108,3.07223684493023,3.01903213298136,3.10260681172677,2.94517799236646,3.29182363238918,2.93977059697424,3.22755500651871,3.26329801836197,2.95308684425832,3.06023816481777,3.20042217152662,2.87524006169097,3.01663448719994,3.10824753360222,2.91471130355026,2.87503029337556,3.08923225395685,2.83824538729442,2.98396669430799,2.88191767129732,3.09003891378198,2.9038112718432,3.04897445287378,1
6.07273007671146,3.02317743764873,2.97935861807734,2.99031371068979,3.08662706386306,2.96392417631905,2.93252045947299,2.91896687717646,2.96363314942521,3.10083489445648,2.97854549068614,2.93102189843149,2.85563989927158,2.94478703166791,2.97816175821012,3.1123719564465,2.93853505539329,3.09698774553308,3.21339640125198,3.21944277345723,3.064780630067,3.09295946141674,2.94357949769141,2.95472950737454,3.10511321029805,3.00867777445592,2.81709180336967,3.04925051527952,2.86254473306856,3.00588755376386,3.01587458612256,2.94560025102466,2.92909643781751,2.78966086849092,3.08878438557767,2.85072082997892,2.88285397414105,2.91774259809587,2.96389787400347,3.28342248643065,2.92720121252609,3.25532589777134,2.95830101310846,2.99768328025516,3.09078194160429,3.04109520229421,2.92539485210643,2.84684876749271,2.90922774243992,3.04002619012495,3.06855542851944,3.05547141043226,3.00431977027433,3.11771530976399,2.89673903370612,2.94100106103049,3.1081850279906,3.06716322410042,2.92116076692496,3.09095309541992,2.93354501151703,3.07450633833759,3.09358065955259,3.00553709909751,2.98694915454652,2.94226064928246,2.79716561499867,2.92381332143994,3.07631972583879,3.12061070196577,2.92020789803863,2.91832957776412,3.25169696985029,3.12834196705849,2.68214170179739,2.90522787096675,3.2510406267319,3.02660255854662,2.88321244912106,2.88401789518385,2.91327169034155,3.04514254677841,3.03296103857147,3.16943258359247,2.9424285646909,3.07435089265014,2.76119171947136,2.95192500293042,3.23429420962,3.12613850821816,2.96542393163377,3.06397574536054,2.95177167532241,3.07006614015564,2.8713355057613,2.92635291777136,3.13016542206151,3.12712112146908,2.97901073031459,2.98997055049382,1
5.86176813229099,2.88429072764853,3.07951711414058,3.0161668754933,2.91924763110783,3.03619883330986,2.93466276352881,3.04858138869744,2.96520342794137,2.94217265964906,2.94975710387511,2.96792821733217,2.92615245094134,2.95475254396203,3.15833381687823,3.01665244253455,2.87979146933236,2.96008193111741,2.85143120062964,2.92447757460202,3.07914521796299,2.78905654602748,2.81430236564658,2.94595103891941,2.99625127668815,2.84581476131933,3.07876658800473,3.0300578820592,2.95943755916962,3.14213400165723,3.02754372553692,2.99428382829845,2.77045137084321,2.95432568322705,3.01899359631594,3.00714828478673,2.90668532294768,3.05071327605655,2.91994736996242,3.11064067204415,3.22678430752645,2.88057545978124,3.23597326107841,3.22812829130781,3.02192532006153,3.02969260209725,2.96095038259297,3.23439080727895,3.00061762124281,3.02197079219646,3.29563817559306,2.92515121887319,2.87349817314399,3.17621177028334,2.94241855820034,3.09326466197883,2.78161136849281,3.1400181271917,2.9891641887154,3.04741155759912,3.18345036199395,3.03465118108651,2.92610679917244,3.08944739587107,2.88822581152464,3.15305597525556,2.91346373695962,2.99447032778081,2.98010681762341,2.92598444659637,2.88843743069807,2.727120351809,3.01408965434381,2.92683271945926,2.9493285460598,2.98449921969384,3.0081475613272,2.99095854715498,3.13840889192056,2.80815749344599,2.87110307278162,3.02275809556161,2.98448268212596,2.98096064644509,2.96267850380228,2.97446461063805,2.87367194194053,2.95407648931616,2.99282174722149,3.08485943232307,3.01502255923825,3.12193019350781,3.27298770075506,2.94120174581225,3.19917412665154,3.12721910551782,2.90649241506656,2.95931085741628,2.99629231150634,3.24591532065711,1
6.12880926077661,3.06360746995762,3.08241108991472,3.1666600806676,2.96586710877102,3.10564979581781,3.01994520221076,3.05460589754253,2.85165387691472,3.11342271901464,2.91140670948353,3.10318777128921,3.01762852428092,2.94489596039923,3.07805395927312,2.94341197300838,2.97498821325684,2.81925427782557,2.92399235897284,2.96627742754061,3.13014758482535,2.86960729868284,2.99060077128927,3.02973816401708,2.93189564439337,3.12491906500867,2.90202531856033,2.80277940646786,3.18786469212781,3.0821032617954,3.06076005120387,3.02023089467941,2.64137307132982,2.90030788622973,3.10841927165719,3.02531819008884,2.99951540087553,3.08650404371763,2.87360940008633,3.09662098073242,3.04400468625465,3.05809727549293,2.83169876240091,2.77763309328703,3.08198007658518,2.86753381659011,3.15709643903386,2.90867118922135,3.02374169879591,2.7953610168126,2.84072515226559,3.00960233206808,2.970703758988,3.13535562110219,3.12621031452023,3.13171623914649,3.03166603610276,3.04099992381361,3.06266146649191,3.17730927719243,3.05891224389682,3.10095200992133,3.00980236147653,3.02441765135089,2.82449126320912,2.7934383265002,3.10747385139872,3.12918516548196,2.8982521665737,2.9245046699686,3.20908979897851,3.1200906546793,3.10634166457007,3.198831399485,3.11951426103064,2.87330732359343,3.02748825960152,3.17451001147182,2.93376923571991,2.98180444174219,3.00988706286825,2.9124677661862,2.7058894680966,3.12513415712404,2.85659778646643,3.08026302104308,2.90384353685914,3.05054388908027,3.13583226325958,3.00320070599108,2.95525293895897,2.90644387666477,3.09991993975167,3.09534997201266,2.93007629697058,3.12405631981457,3.00392419321884,3.03486382113372,2.91728304332905,3.0424694350397,1
6.09984929600455,2.71189932838589,3.08325344086483,2.99373500016298,3.00966818184405,2.8669728084011,2.97161932901639,2.98094154681285,2.89454165250731,3.15014465629858,3.00556630797405,2.96063416326384,3.0450293660583,3.0199869213991,3.00936761529473,2.90697041629484,2.92398222189428,3.06584244291987,3.25762331115625,2.9539417754906,2.99791603628357,3.12292742426988,3.0958416931679,2.99713306353497,2.84315246238449,3.13920470303965,3.04189523173078,2.95275446351043,3.04509554988313,3.0918480301463,3.07298649042113,2.98300633849266,3.03136191199023,2.93212171636966,2.92288956845258,3.03976396850911,3.17370173044714,3.01450938723579,2.84848512671795,2.8648447814641,3.02234462713527,2.90487673021745,3.01502118456749,3.07081461782521,2.99234074612401,3.08954677662149,3.04554699510698,3.11063944620743,2.93030764202477,2.88905326455161,2.95099816200498,3.1751341453561,2.78198844464289,3.10819546488095,3.04013519313137,3.03438686255374,2.74163759534121,2.90194633564978,3.0245760634828,3.00142270785102,3.13660916499043,2.92925543281784,3.04351179387391,2.98792448893704,3.09758155595668,2.84404741676938,3.05907530764933,2.99448133348202,3.08930674041986,3.05412632136667,3.12810335053182,2.81526843481671,2.97403888890568,2.81959287410252,3.35373478309106,3.24313165288136,3.29869890700353,2.99950507987017,2.9032490554389,2.91599202358265,2.97220631232411,3.11477447439424,3.02788374357233,3.26355947469642,3.02640342146527,3.14672720406978,2.94537227693092,3.04664742993536,2.90717894290961,3.08063342342794,2.94335500457543,3.05581372188295,2.8198662632428,3.12268694135575,2.86297468021171,3.03643779991432,3.0757750540282,2.86734191061339,3.11468392389279,2.97412335578003,1
5.93546045718686,2.95197324363351,3.02149646156291,3.03693018875629,2.92872167834274,3.02848752105935,3.02688054898578,3.18911087578338,2.87783725501427,2.77901869056456,3.02249215988809,2.8661116937779,2.8264364568182,3.07158125388323,3.06051093397429,3.09090143521348,3.08717223392333,2.9786013414667,3.01473646692569,2.98967107534744,3.19513800450829,2.90658804229045,2.93116846649902,2.94757339793367,2.80467070571252,2.89306639815996,3.07886980841721,3.14664974483043,2.79819415231519,2.81842273252648,3.08666144014187,2.95895437136285,2.96019077833514,2.96557910940217,3.00700969206139,2.99547249614443,3.01687415914497,2.96302217493834,3.0007250487748,2.95766593939881,3.05733899102793,3.03603669477576,2.71596463133462,3.06573970921367,3.27121048727293,3.08266513548497,3.17154085922959,2.99660436192656,3.01170616873219,2.99297084975516,2.95682027866788,2.88024593104259,2.80452443933454,2.91974575154779,3.10199048863598,3.01875124741686,2.94200549463104,2.97673337608251,2.91168786510439,2.92290557614182,2.90966128051866,3.0072373603981,3.07132056764165,2.79361112961914,2.9090123616141,3.118181116364,3.20262759642666,2.93006014053555,3.01388304506655,3.11458480432249,3.20066663406909,2.87337108587548,2.86220383516018,3.13148727487967,2.76831362505789,2.80185787822666,3.16798035029486,3.09555517727669,3.16410902168636,2.84414769438355,3.03654058485342,2.77942641587375,2.86758362235381,2.91476662376684,2.81724675662509,2.89165169736995,3.03913362647248,2.82629229267825,3.00526460349438,2.98375846993016,3.01278905280466,2.99962485700553,2.88497899349139,3.00960393746208,2.97400574808116,3.00661200279901,3.01419931580211,3.05451426672483,2.98425013495601,2.81021796050758,1
6.24042455482313,3.01111143788835,2.9982194916991,2.95996440020061,3.07172891107604,3.07270381514572,3.07119570618947,2.91176752558429,2.94468328372585,2.87342614263702,3.1224634986285,3.04596122211216,2.86367761386128,2.66152867059983,2.9946398696104,3.01986787668357,2.94034262906137,2.91607167939718,3.00110578982618,2.90377331662248,3.02699175286942,3.1338685452543,2.92147578900201,3.05168177371599,3.08982009195453,2.95120468303303,2.96365639737531,3.05657086069568,3.01807210252607,3.08930885045661,2.94267358258965,3.00780879231676,3.05249060805463,2.96457334917318,2.98254972763924,3.06835289063391,2.81252547610636,3.10843648775033,2.91954587572049,3.13427601511894,2.74116608589444,3.0312104280461,3.05713720253313,3.08605099010585,3.05636608567619,2.99145830483563,2.98150877903736,2.90406850258953,2.9432079178476,3.08303167507802,3.06691085426866,2.9447509914942,2.82633553052594,2.99603775117887,3.03365770996929,3.05685186809869,3.12222889532119,3.02767874938063,3.11453936750251,2.79122046360413,2.9296590965672,2.75767982572995,3.16911648842266,2.89525303602913,2.8985887345945,2.9374055685515,2.97204677386997,3.0030572171201,3.05839314769953,3.057536060756,3.19000715127231,2.99340016394987,2.89097533699595,2.96616810724467,2.9754024536136,3.03426656399121,3.03768028518308,2.98803630799098,2.89894040088178,3.06703020078215,2.88867949225545,3.12263373041464,2.85239300523503,2.83033728467401,2.81385691529454,3.13435913649045,3.23012387815218,3.11527500773972,3.0074012304159,2.88487797618014,3.18417334260412,3.08939370221497,3.17036902895699,3.27699564259042,2.8083499567185,3.08397769962201,3.10225472480372,2.81099638460773,2.99288686172461,2.93001401245602,1
6.0919531964796,3.01580510942489,3.20742660402767,3.13264060039406,3.0904008327602,3.04138347390938,3.14602736612658,3.06419491051464,2.95021770636741,2.80214878373856,3.01539743694137,3.24687522080861,2.91776564835338,2.86616688722037,3.11481524023203,2.80425543297487,2.98813672916907,2.83149140539502,3.146570239317,3.02970392767964,3.05273538646041,2.8900420035811,2.96688281513131,3.04007939140181,2.88909461400047,2.9877996460243,3.25511624723804,2.9550740382788,3.15816377458813,2.74731505186674,3.09685930115696,2.93954964882181,2.88131106873825,3.04680597352181,2.96834680915268,3.09735934401099,3.00131616245872,2.86785900219008,3.16034631310881,3.15745863788202,2.85696950454673,3.05953512662443,2.8274416618437,3.01279555654275,2.75193705938006,2.86455598105242,2.8932491688701,3.11858939804729,2.81425215226011,3.1790239851226,3.01120502981888,3.08856832006588,2.90164749276185,2.86202083398659,2.97954146930629,2.88752921047695,2.97683643185134,2.94603981147472,2.97504664017018,2.95437495394412,3.14322711968162,3.03022437910615,2.83384148808061,2.80308600981524,3.17010158431053,3.02721976058322,2.99204440467057,2.96237663251822,2.99228316293109,2.99058538993655,2.90658014976694,2.9304327413314,3.09809600695194,2.9300326158069,2.94471754041146,3.01046024856943,2.83233431314805,3.03247322371239,3.0982088088529,3.08163616150939,3.01808345012724,2.86213510518622,2.89556682500971,3.01823885143875,2.90708927443213,2.92778731388442,2.93452839382064,2.93340699584152,3.03012855169711,2.93127251483548,3.00017247485945,3.28276563786014,2.91365947843386,2.99092363963028,2.82617127508458,2.932056469192,2.82080285137933,2.95158408730958,3.06390430104925,3.05355846346844,1
5.93893263207164,2.8932772008902,2.7721839363457,3.009233294858,2.86366652137055,3.00188217167575,2.98106468456523,3.03082265234295,2.79837871029869,2.97412208525256,3.02761665185281,2.94211270678541,2.9165841677848,3.06352816700159,2.82211428532559,2.98441904425192,2.97924370744541,2.86003244281671,2.96654320369907,2.9962505970344,2.77439299337447,3.16823816722047,2.92132155429951,2.72300552188663,2.91238053003163,2.8846259833423,3.09590763394828,2.83454863608021,3.06412380285234,2.85306241200177,2.97255520680042,2.89274664133374,3.09541788309645,2.96055076210635,2.9065426595082,3.1120539051701,2.90712299313453,2.89412464998603,3.09628857532451,2.96896341223869,2.77723001008521,3.10911566693719,2.96504484197435,3.08198342994312,2.75610340576083,2.76912851849597,2.89328355518391,3.02050298079201,3.12878989449125,3.23586840700371,3.11713199824476,2.87471649080669,2.94121640604311,2.97254480987487,2.98386741200172,3.06920321294083,2.89436067877388,2.98077149748325,3.10637736770668,3.07202525822579,3.11433763394822,3.11363619260558,3.21511039965903,2.98277741060439,2.85112632817438,3.02005341734415,2.98536391725486,3.17369309613907,3.13097994275801,3.06806314595982,3.15653596372993,2.86959679946695,3.17038513662284,3.09160163287558,2.84571716609283,2.88037228062199,2.98610302887001,3.07670446708774,3.02243953939722,3.12426101286265,2.98643181971375,3.23576384228768,2.93290742671884,2.9988462235373,3.00655213952177,3.1009499236493,2.92853250524695,3.00285954783243,2.99151703907224,3.05100596108802,2.90313381004291,3.18289795541053,2.8299828014566,3.03621601067958,2.96687667935692,2.98840386939588,2.90563079012727,3.19389803738752,2.9149886022214,3.04625800408743,1
6.01052644370658,2.93348148850498,3.08796789215797,3.10092006249812,3.04669094611873,3.17448076361082,2.95220324366118,3.0504089060179,3.10406353709536,3.10415712442914,3.12012925532308,3.12251215980418,2.92584994435948,2.89725158015796,3.09444389160271,2.94792482098181,2.7295914921494,3.05654752682977,3.03636585213447,2.99657034710901,3.08688492526147,3.13400519014747,3.07307193342909,3.18501045674578,2.89648640782662,2.92531815272085,3.09733535042837,2.83759055216682,2.89430052425984,3.00053054897558,2.72755477992731,2.87824274483294,2.86164620489284,2.990548946407,3.12014679619608,3.00739402977713,3.12324823576084,3.03080229395358,3.05357252800469,3.02968417859456,3.03646975339317,2.84998364983743,3.18327072886445,2.83568121053439,2.98878601881527,3.03497924687027,3.01746631054895,3.01200779260155,3.08360996542037,3.13547433051674,3.08018659965576,3.09309116609877,2.74201075893556,2.99314002608158,2.98129258468721,2.93857669121225,2.99931858685603,3.13344910058867,3.10103101877261,2.97109518782421,2.88161619676261,2.93183915594822,2.84226953778426,2.78431841500595,2.84009740587547,2.97669656250757,2.78353543859906,3.06248926181168,3.06539740728967,2.80728436518432,3.35021461670457,2.94624748615115,3.05627498162053,2.97041419045711,2.92201869747865,3.16629362660849,3.09385177901091,3.15440521897017,2.8728980921929,3.07473439618507,2.9203545255146,3.06702624336381,2.97684072281228,3.0073894036674,3.18360540681724,2.99960060641677,2.93694043458103,3.06001831725032,2.83707513689026,2.92327762748881,2.94503596160606,2.85411232700351,3.08962173908132,2.97421478903555,2.92802324634703,2.93938168973492,2.9866157965712,3.20482201811769,2.9526337322138,2.98297778946009,1
5.95775864578412,3.03190114189897,2.80137549843589,3.00883262728351,2.92965199186778,3.10061403585158,2.98509568217467,2.98915304227393,3.09110333157022,3.01096218031119,3.00247795416106,2.94772123275921,2.92724693584526,2.90825412297962,2.90870076645486,2.78129247608054,3.17077018461268,3.12599173266725,3.24524767066142,3.19357068972206,2.96847726790954,3.0177762166202,2.94556350100102,2.98501109017073,2.79379477016899,2.93719035217291,3.01449930121337,2.95130033822128,2.89059445451177,2.99196847585496,2.91864742690073,2.85972114879113,2.94817845526043,2.95679046553122,2.95957369556311,2.91501174797787,2.85808594522037,2.7037233133324,2.92642166134161,3.0453309187995,2.87404563501518,3.07779673946521,3.01676339096323,2.98268685117371,3.00905794665593,2.9358347720347,2.83704463805436,3.0080218524501,3.12510225284436,2.93549191632217,3.0503309594859,3.14285930133809,2.80635823394413,3.04141904423761,2.97276831432349,2.9523711866981,3.12826876586852,3.05029977130539,3.02603137142376,3.15703160919033,2.9736316234658,2.83630689439991,3.06321650607261,3.19280596558067,3.21395984376986,2.98672461545685,3.08459805735027,3.03397348926458,3.06714002504463,2.90149895572114,3.04942181423903,2.87489116111135,2.70501182963341,3.15992823001197,3.1247442956214,2.96013128909608,3.04335683691655,3.06976411316111,2.97420138041918,2.90605851488645,3.06493752680679,3.1240248104699,3.06544704605398,2.69897790765406,2.99635660339898,2.98666738845733,3.01021484906361,2.94332596758076,3.20571123722452,2.87311123386162,3.03777727004614,3.03522908982954,3.33472472288905,3.04361913098414,3.00018085021768,2.94635393530549,3.13218425839115,2.92691020645844,2.85206385525887,2.98470755426209,1
5.90286960590627,2.92093920472082,3.06387351157995,2.93110937568275,2.94072733452972,3.00610142993184,3.17471276025469,3.08473959303994,2.91085544289898,3.13319283033397,3.08185662098566,2.93213176882129,2.9887169964201,3.0365349876982,3.12278184635101,3.00606011690913,2.99761830021332,3.06378172235271,3.07065268051817,3.04459631632209,3.13170663837558,3.15702809948013,3.01172122626386,3.13045937183572,2.85071042529048,2.94002144076647,2.87511171148445,3.04943340948829,2.84378580582726,2.90744936882637,2.79100414436956,3.00373937814848,3.15191166141863,2.96299404474468,3.16097067252827,2.96986251265411,2.89994559919869,2.98802237381432,3.03825203349074,2.82548054104366,2.92404315413043,3.10708147591131,3.00274508626014,2.79263550578522,3.08785025195606,3.03992119749675,3.05846945120798,3.02491099346438,2.84192593876099,2.9297262845778,3.2344253397569,2.97978258320825,2.87402302506794,2.85811515389241,3.18313338671649,2.84906492372153,3.01265708542173,3.03322698740704,3.23548781538361,3.00549616890716,3.04461571731775,3.06772172492997,3.07503436318613,2.88617443290899,3.05113543826378,3.14089888961251,2.97805895635617,2.84268708690367,2.95954821329537,2.88688085917404,2.8095414547207,2.98933110072985,3.01390251750131,2.97321725833707,3.24021499498421,3.2676266611394,2.95867592692269,3.03517100031851,2.93990483283141,3.09747579475798,2.73829586191998,3.11207145505454,3.04367495199345,2.97349566781221,2.98510586934783,3.04051988513535,3.13892396114219,2.94344859319313,3.08649307756572,2.83818197927869,2.7870566096019,3.17264154708086,3.03425072180389,3.10496550780851,3.05769011963556,3.24241024378146,3.0440736891517,3.046256797471,2.89741802989633,3.1672074160498,1
6.20092172546213,3.08800395676364,3.10310009105391,2.81575704826089,3.00241491804696,3.02552478329839,3.00898560405753,3.0631911204127,3.20232927402939,3.04629226053493,3.14917678249977,2.73620900591881,3.02964912227623,2.95295253246605,2.98406577608708,2.69823520581976,3.19927152946702,3.10549666328746,3.07411081077369,2.9079661362964,2.99757762986988,2.81885178321122,3.06118327897032,2.86572818090123,3.1696460718066,3.00881267583906,3.07960351885192,2.87373103386574,2.96711641706342,3.07135348730886,3.02554703912677,2.93939430294773,3.21519744265014,3.20125582930152,2.94019868877137,3.09586187904622,3.03174057613323,2.93094303025435,3.0153508676559,2.86017521925932,2.94163276507321,2.98006448460705,2.95367203242941,2.99995231109117,2.9762053995733,3.0685131285863,3.00358218955283,3.06655001909472,3.02217473795846,3.0905889672964,2.7481038664734,2.87911137653654,3.11442862558259,3.07035232730925,3.20564376614438,2.90569638089885,2.9079702223366,2.91039858014277,2.95182556195688,3.09768312862912,3.00806184887391,3.21729562923921,2.88752713950199,2.92084364006671,2.99313057270143,3.05783559908063,2.92608898988204,3.23982380509635,2.91280732607104,3.04063009638261,2.82785399614915,2.86763101095978,3.22708273458934,2.98161238204171,3.00807168576937,3.04884035250818,3.04107665111768,3.23386967048199,2.9995754997616,2.90397246235024,2.85848139434355,3.07888290578592,3.06522499287555,2.99721091233612,3.0916093308644,3.07633296919492,3.04881124488008,2.74977667175999,2.98612959702093,3.09103089151107,2.90608858974976,3.09236075708331,3.01803701095039,3.01931277056892,3.0603869692128,3.0702631848661,3.05019351063876,3.04314563911735,3.0490044309242,2.84872716405934,1
6.1368139516543,3.05350602659517,3.16370646246873,2.87566259519361,2.94489908353816,2.9258968661296,3.03515082385071,2.94531726560591,2.98494978261693,3.03877355452389,2.97107998710381,3.0982967834999,2.97512759545196,3.11874765068679,2.93927785756133,3.07544265659634,3.11299699785833,2.97754672759989,3.02238516305377,3.03497487688677,3.03618527759401,2.92546417787101,2.9083760952919,3.14072795058392,3.19739260044231,2.97141792266235,3.0944426515829,2.90741836556221,3.30609824800654,3.05373612139349,2.97267560284005,2.97418563396561,2.96828546658944,2.8270997552857,2.9082398638262,2.89880281453406,2.92710323713642,2.90813890390705,3.07833938524005,3.07461994770324,2.91759183902611,2.89198043116914,2.83210667617907,3.06511964998874,2.65277713211507,2.92269146698235,3.16944157699167,3.12888526484589,3.2289306437594,2.92132535480531,3.01825757158221,3.05047175996487,2.77163877342411,3.0734802505622,2.99114536215041,3.01279299238138,3.08190722934692,2.97388346652424,2.90354825636555,3.11303634360723,3.0044898294837,3.1135113677035,3.14454709117637,3.01109196178315,3.0445813721829,3.08673108367794,2.98456820980766,3.33938520269266,2.9508831272846,3.13144664471007,3.21252252418796,3.13553213113113,2.88712786469846,2.9144544667973,2.92412409360603,2.9049854596163,2.93061156816908,3.00479718271978,3.05194343675206,2.91241718494423,2.96796894721112,2.9452857405841,2.7308064948919,2.97955439654092,3.10169032564543,3.0429733548265,2.8860851102788,2.93044134972552,2.82807576158935,2.97291794223227,3.1162913127003,2.95569350527195,2.80320110928434,2.92041321792872,3.08178675089497,3.0827609728794,3.11630273226252,2.87308537422843,2.9565439461973,2.99504922232147,1
6.07982867457822,2.94465465620861,3.17026585994537,3.12920549737716,2.7885064715576,3.37424747461114,3.0631294430417,3.15675253392271,3.1103938869961,2.82733042834736,2.8522171271333,3.02328936173592,2.83552403740809,3.04455019477156,2.88132226108944,2.92930435758909,2.86498530059357,3.11366243285517,2.9696503269244,3.14368563100319,2.95307242008235,3.07351851964341,2.94637889724007,2.90197515804496,2.97623555794148,2.87899580563198,2.97620792206528,2.95727011780305,2.81584786068774,3.00159392434602,2.86118852836238,3.12251980822007,2.94915043670292,3.1041029753636,3.05350423489295,2.91357064440936,2.84912615823722,2.9173785643004,2.97993615493654,3.07423251354344,3.13382936467199,3.27228937908857,2.84199928915152,2.92550178811111,3.0413774000967,2.9703379756747,2.99447262481483,3.01748068855004,2.92372298529462,3.10734488422445,3.01635350250273,3.0487216738538,2.93506496550913,3.24719906075991,3.00018801625974,3.1290861503966,3.05099177340679,2.84357750244716,2.95910701600158,2.97580911003409,2.87341266498086,2.93503675330529,3.04514345311379,2.94343380000747,3.22561658613884,3.01058677591608,2.95868185168055,3.10094465419516,2.81449948334745,2.90544698238006,2.95712963660743,2.91819093614706,3.06201255887861,3.21400485010392,2.81085859381907,2.80725371604655,3.06709391848789,3.02389597377662,3.2633574321313,3.24937463118062,2.9659517819162,3.01879435941305,3.08126391973358,2.95779530929074,2.98280325028667,3.05700602373059,3.02200086385941,3.00488176331221,3.10915921243718,3.00885075155538,2.88523225494007,3.0163197220168,2.8660340514357,2.97038320950511,2.88318508652236,2.97928699259542,2.99680409968371,3.05324516470939,3.06289707459391,2.95786233864809,1
5.93159890331636,3.1168865291111,3.06350118794434,3.06524215818792,3.21425290837522,3.13153319467628,2.85334645823868,3.11719255407215,2.94680150735533,3.10149153611292,2.88617415163418,2.95943220830402,2.91653731245559,3.04141931018682,3.05421071167661,3.07827397052393,3.0229196680635,3.06987751858662,3.08695557797231,3.07971790570787,3.13671595985093,2.98252821116321,2.92801192946361,3.00258513846971,2.96136136088934,2.91162032694952,2.96573159772068,3.09512608417682,3.10841112861423,3.09608026050096,2.91557731136551,2.80963056328932,2.92224744877662,2.86544861822306,3.03923593895154,2.88897179966636,3.07245218323568,3.00558053787428,2.99260601948937,2.88359121556263,2.77414134069235,3.02056642916382,3.13307672818935,2.96703256630383,2.89552381900834,3.0994978204465,3.16545113983621,2.98776729260734,2.87919434587453,3.06624518586088,3.26188116938806,3.04732197021556,3.06909944093908,2.99000047763682,2.98156870840603,2.99522749893623,3.10745517321249,3.01864189388997,2.89783270621842,3.25834387891345,2.94621489018999,3.116813201503,2.81289626284853,2.98399205771946,2.94462989266711,3.09175467307971,3.11291587002964,2.77236298971749,3.04952443450042,3.03647135993572,3.1318360020008,2.78036253972573,3.16153905777531,2.90701086667341,2.9463807959838,3.19716716243581,2.87590430708432,3.01962097028024,3.19430406516761,2.79708343856814,3.14450598603475,3.2385385735758,2.88509783070518,2.97879104182118,3.1610023822279,2.99064633030713,2.83008232674016,3.28147080367161,3.0363538601941,2.82157865082892,2.95961309313795,3.01931990557759,3.05814564365494,2.96033316406928,3.11116864358318,3.01909252807461,2.84991581836377,2.90568652796413,3.09338504072992,2.98891355934798,1
5.85769218950489,2.93769653070465,2.94349928583158,3.03157965601371,2.91162121634397,2.82781995702059,2.94662951329131,2.85278958342769,2.88797887070489,3.17016170452059,2.9095367909765,3.05760713129684,2.96660538306731,2.93214574175434,2.80852082050806,3.04034623699034,2.961585986007,3.08149073452969,3.14335651416253,2.90693432956228,2.88990358415772,3.24804915090046,2.76948433135447,3.09653427388431,2.81837285965926,3.00631991987875,2.96386012075508,3.10319189647559,3.28420825586016,2.98718260958584,3.10430107815973,3.12488400152871,2.91845892620473,2.94508310969441,2.95396416043096,3.09736935447138,3.2323587642029,2.94957341904508,2.87192402725036,3.08832823159227,2.99567148136703,3.14526132446991,3.01420049776793,3.11894448276818,2.97488800910927,2.87942167175954,2.80337259357239,2.95740887674546,2.76911029692737,3.03022644914089,3.1031253097879,2.9837525818846,3.2720412953154,2.95838312339353,3.21952822540309,2.99379650383334,2.76788262904264,3.10199973111906,3.03760974212028,3.09251145178737,3.03218433676459,2.91788338726406,3.04147778112118,2.97684464619293,3.12887707557792,3.05422112715947,3.02166825806471,3.02252240311808,3.00560997659002,3.00405303437302,3.07800893238906,3.03087628328026,3.06867144187176,3.03344225925915,3.10384680657116,2.87423824257234,3.15880420777229,3.10489418962925,2.83284185496953,2.9779820913754,3.04945531495202,2.94925793139174,2.85024398882867,3.13024000965473,2.8590462692241,3.14479591125789,2.85031488833412,2.94897277908085,3.09891255841453,2.90484738132673,3.11339665172755,3.01820346902004,2.97292774090071,2.986872243196,3.04775035965185,2.90758598973408,3.05318036836297,2.99977365651119,2.87367338358148,3.20063330293987,1
5.89792056488858,2.84773874125952,3.03952321350779,3.00307871275832,3.21478879344279,2.8130472148639,3.0919452733955,3.032201250669,2.95729875353648,3.08016916792452,2.84377044945686,3.03770078283475,3.15808057097639,3.2218493607176,2.84252328196605,2.84522477410834,3.01393731223431,2.85703140476041,3.01786948624944,3.12100367017592,2.97870984356678,2.86638980989495,2.95002235021886,2.92025501010138,3.18859459497447,2.89270547326107,2.88830060700555,2.94864994481626,2.88108985749737,2.98624730604434,3.25151411055153,2.95096640243678,2.98316572264003,2.74596501945472,2.91989667244377,3.04630771138824,3.1793964172394,2.95039370493435,3.13508385127458,3.05947457962687,2.95625896803774,3.04426681436054,2.84700633439594,2.97512671329532,3.07688175853943,3.04748846835182,2.96333582505824,2.82940352413552,3.07820948223037,2.91534554886664,3.08457527736331,3.0964823642752,2.855426438742,2.97342809036571,3.14107202891419,3.09447782210746,3.20444523501006,3.05486219829837,2.95207753425707,3.08187699779797,3.13186432201588,2.73303704569871,2.80577101192002,2.96503596525813,3.10279290765939,2.9701930335656,3.03476003790311,2.81668313369124,2.92423241090522,3.28042299152954,3.04046392347057,3.07014367817266,3.13932568010658,2.83931100883809,3.03563316642,2.98094386389696,2.95442100487034,2.91662026033188,2.86638634976259,2.93817889876421,3.0228555993741,3.03088930611014,2.93978555167253,3.08447681631644,2.98544286188211,3.10066623076744,2.86827511449392,2.99066866666631,2.83003497035854,3.04502333122116,2.79754510645219,2.96758743349123,3.01760500363896,3.09742268848595,3.05316253237618,2.92318202151665,2.90452129160515,2.90822771250876,2.90434902607616,3.09951846258931,1
5.8096851265119,2.96335542695184,3.10309003500162,2.98941683490347,2.97918165832553,3.11656837194475,3.02591355622773,3.02349427157271,2.88734035989661,3.13603830968208,3.06178468647191,3.12015359405083,3.08710637563772,3.11435643494291,2.84753949445177,2.92218270828728,2.94030973554461,3.04344197415605,3.06244720937809,2.75676530134493,3.05655199295417,2.87093364515723,2.90265114612036,2.94540754125459,2.94778891363442,2.84934444335849,3.05238756069796,2.94374593672498,3.0723069243243,2.93957278011434,2.82288157346249,2.92813823443566,3.14668446035443,2.82393001509691,3.04935517271385,3.01935540914994,3.19018256826097,2.95846029406218,3.10918775751762,2.87958165807462,2.96758362245481,2.8643466719998,3.18250374829855,2.78407493503225,2.72572392766385,2.92511033914245,3.0248940177603,3.30696815296871,3.01122642748925,2.94471000160575,3.04563536006806,2.87296674747455,2.91831186891031,3.09242368230479,2.83803484550717,3.03905092910143,3.15388570869265,2.75703283169036,3.0704256817556,2.99822335557732,3.20129665672252,3.17536186745569,2.97251808060505,3.03753437903066,2.97199293212812,2.97812302633175,2.78228754920406,2.9870796408899,3.17176249549596,2.94451421154253,3.07732194935644,3.20157674191224,3.06813149180154,3.21665899740641,3.10826455058053,2.96316550125032,2.95066655864283,2.98799356261085,2.88604173465614,3.09020500813174,2.87956002750717,2.92737574490185,3.15319889753196,3.03831034475228,2.88348141297392,2.95649547759299,3.11467235011398,2.96188843810386,2.98335988817423,3.01563044895797,3.14539946426769,3.01602899445517,3.01683754333307,2.88334583388738,3.09498577152362,2.84002335987982,2.97112967774454,3.02073449443979,2.94979654738926,2.98894791689304,1
5.96924206207256,2.95467129876625,3.03362027292037,3.11155726594728,3.00951786529876,3.13245182391627,2.92099673261311,2.91363326728291,3.16504027866869,2.9425893292283,2.99569856032879,3.05907195430813,3.15343182401591,3.00165499830119,3.04830809727274,2.86549758116905,2.91091931580873,2.9389704982679,2.8002816729812,3.13330484404369,3.05958224145064,3.09266341483858,2.96835356957656,2.95407655068438,2.96420930120698,2.69194448850417,3.12181221219671,2.97653123865893,3.09923923772171,3.04933430016022,2.97618512615885,3.13522969015394,3.1815309119039,3.09701571537056,2.85789392758711,2.95673961982215,3.07890682432355,2.98079415183352,2.95235922512051,2.78354711465738,3.08765984584186,2.79737143628267,2.89749250854017,3.10508052145673,2.87261699461449,3.1232966964961,2.9523397771273,2.97201379572277,3.07198918881838,2.84964932626818,3.00949619726668,2.79491931319617,2.73549508710345,3.16668553563145,2.87760738556066,3.03267548819227,3.23745901277443,3.16479364823962,2.94848112891904,3.04833106063564,2.82625890495036,2.99301656608852,3.02487108381042,2.94447466717153,3.01348406909723,2.99443091760504,3.04220734688285,2.81325045818563,3.02969170245275,2.77525191983403,2.80916203035063,2.95665674967376,2.8270509282896,2.88843499803298,2.81576901523372,2.9838166988077,3.24940860584332,2.99579111927302,2.75806453160597,2.92972384069462,3.03434088956484,2.96329506762801,2.92906116088105,2.98137384334932,2.94034385587708,3.01406560193669,3.01679360815572,2.94374759512375,3.06716687630787,2.93842457728575,3.08817168568233,3.11047267603319,2.871862577016,2.97520157536404,2.82127572959197,2.95151233111982,3.0478677763572,2.98462706299104,3.14585392825957,2.96575815391039,1
6.01547026037512,2.77544172942016,3.06143120068254,3.12055031229524,2.82671124738431,3.13897681798895,2.77007055138539,3.08470314909141,3.09016188323512,2.95547745265835,3.0270059085882,3.09488072322143,2.98545065410057,3.1222489462118,3.05873119217063,2.94385337738999,2.97716300833605,3.06972517824977,3.04075226377164,3.12479395114671,2.90061302137517,3.10631336106867,3.00797800499788,2.94391068036864,2.90821353872129,3.10454189431305,2.73784524768781,2.86388105871144,3.00098966078769,2.8694223653509,2.93934058448431,2.65949133718315,3.23682194568082,2.99685599680156,3.15259344589241,2.90405688891558,2.96612257110411,2.77783525484331,2.95682514939952,3.09957050030459,2.93200507971054,2.93601857969718,2.90349782879534,3.00260117801261,2.76380053105321,2.99636676213653,3.02300513797014,2.99291931541584,2.89498621826271,3.02942721612357,2.90674653816371,3.1264532998661,2.97106919974103,3.10493589898797,3.10629208985557,3.15596399998385,2.87911308474581,2.92377081148687,3.16653446709987,3.04724627118165,3.02575878185836,2.95158777049748,3.03168011027746,3.01622806235565,2.78044301588624,3.01062927571355,2.88658422709997,2.94775133540018,2.96278618303171,3.00200246993051,3.13616381866602,2.7867839013135,3.06260519643727,2.88623023128372,3.11898592427474,2.85985065387068,3.02379034592878,3.00136820494346,2.9681836402673,3.16303522375503,2.91204368344917,3.07389744927418,2.83271007719691,3.06163302239827,2.95739181148883,3.12724894536955,2.92122788460345,2.94255991955365,2.99818308783225,2.94956406694717,3.2561941054536,3.13911957154402,3.0613219259805,2.90691829789055,2.89097440166101,2.87708424863608,3.12513260652665,2.89035913067438,3.06627444302305,2.99510649801657,1
5.96561002478772,2.98360076389999,3.08714604844946,3.16618046337972,2.95214881730921,3.10225923585983,3.10240135965877,3.23025267706588,2.97530431942411,3.1030455632742,2.89121956200097,3.13819218972205,2.84082859906903,2.9590190020215,2.99412090982756,2.88747425185245,3.03108529065562,3.04108126556343,2.89156430616682,3.26079239051918,3.0373673041915,3.21758425054778,3.04533423722429,3.06089691856657,2.9557025374196,3.09585609879774,2.85869553537667,2.79368479439836,3.12278851802706,3.06905307834679,3.03070351837149,2.90714075205615,2.90867381595613,2.88157493821409,3.03198009055292,2.91781703794821,2.92016072102661,3.18072183891963,2.85312488514737,2.85706012511885,2.80077931796646,2.85392259533755,2.93263537267716,3.04628578997889,2.96903902745344,2.81381742105881,2.99060233995947,3.08749818740659,3.07396346383344,2.94917517040149,2.91380042334658,2.86242462628012,3.0020537399616,3.04005739524707,3.1121908186235,2.94030860061645,3.02289030125478,3.18418812850943,3.03220182842764,3.0888474349799,3.07916500297303,3.04395720870556,3.01990717091217,2.85593230663993,2.84782952590713,2.97943273647321,3.06849081670977,3.1074595117881,3.06811738972355,3.06501473676776,2.87414664024625,2.9591537353377,3.33221441958586,2.98365611693595,3.01173383714396,3.0026657356364,3.07605674128137,3.20162740724048,2.98202101933227,2.93068582472637,2.75143033691191,3.0915017193973,2.91349261406399,3.02376271830372,2.92681210227476,3.15131706617063,3.03576182006467,3.20896916410007,2.93077935330184,3.1966540532299,2.77281045105663,3.09844177495593,3.07946407226624,2.9390156496879,3.0849538903734,3.03472600493817,2.84151956311405,3.14608190343714,3.07978263239706,2.98790764875287,1
6.03899154593831,2.86686241383136,3.01739612742145,2.9077853064703,2.85522209542085,2.97577055613782,3.11799105805269,2.92080560639498,2.7303704789583,2.97589935977326,2.85973632178473,2.94268752767176,3.05826956615722,3.00117628720094,3.18623676545439,2.73363315756542,3.09573866004502,2.92378810725908,2.87240794099044,3.01844123916473,3.13527355048064,2.98117670123843,2.86362767468193,2.89247184258858,2.97092779057799,2.85512748920559,3.16880245635161,3.01448090672331,2.93875769404189,2.97337789537684,3.10427698091216,3.01868320607531,3.06907846276667,2.9184539734808,2.96286016847177,2.80774730004645,2.8594324955409,2.82480021787924,3.01391027093578,3.00972720361589,3.02902035389837,2.98017590110419,3.03465306038643,2.99135924925156,3.04535858742746,2.89634222868467,2.85573841536926,3.07732468073391,3.10059384794309,3.06835786426074,2.9086023482253,3.07888539743528,3.0085782126899,3.05324998727356,2.91608445757691,2.86727367280476,2.95438691269041,3.07038668922271,2.98829770109719,3.0245058263492,3.16255298762051,2.96761771004671,2.97192369343732,3.03925392487829,2.95922112710762,2.96446552678572,3.0555058349635,2.93582281651524,2.99499410944063,3.05069215552044,3.10200757566765,2.81287434744042,3.12588832176166,2.8949337103279,2.99781964476641,2.85567418138537,3.08496736166008,2.87663430011921,3.03254573638467,2.81798533070668,3.27702685087522,3.03623743551803,2.8841840193105,3.09447917326354,2.88705763284663,2.97321277103629,2.78404213198148,3.0301148617205,3.00069154083346,3.17356807379388,2.83034684480509,3.08258052173653,2.83133047555277,2.87190057290916,3.14697120406341,3.14280033997178,2.68887260488656,3.26668148065253,2.9395283745196,3.06076538828315,1
5.87598048687727,3.29497414286283,2.8168769158716,3.15221166809213,3.07007339711943,3.13669506611263,3.09262298621478,3.11282670511335,2.9884584817164,2.93927910565634,3.04081077802394,3.0896093559568,2.76170826583423,3.03265248363338,3.21904369154346,3.00457849055346,2.9635568544202,2.82568884129837,3.0682647292065,3.09362507194748,3.00050600304575,3.15254911019301,3.12632039247613,2.83525971339369,3.03357480930437,2.8477068566912,2.90746933626294,2.9944182729472,3.22871534954018,2.96406695083094,3.07714161875988,2.96377642681578,3.04361277763996,3.07799953323344,3.07688373178763,2.86438497543264,2.94675072883223,3.0907634727918,2.88697843220065,3.05338539171001,2.92911468645072,3.14956910252307,3.13901795964384,3.00903028978592,3.05636915622783,2.77139883820663,2.9649610207986,3.0249429649162,2.86595617339554,3.18006507000652,2.97676083110613,2.94735103046612,2.88579071551911,2.97012949526065,3.01821913675695,2.81808392242345,3.18210554529905,3.05723041896928,2.82311517921271,3.0727275797429,2.94927686022086,2.97963670669265,3.0017942069926,2.98113577429668,2.98882999915989,2.94410335149796,2.92998388427584,3.21158313306462,2.91142247361719,3.06027313361668,2.98273633534925,3.00879471367442,2.78973001824472,2.92361608440747,2.97644583762673,2.97958941578125,3.13504579487801,3.16169218306692,3.21495670402997,3.15275961217203,2.74603689023522,2.82102271432695,3.06328168216329,3.0635086784253,2.95029060387017,2.81099990461662,3.05664152211892,2.97517689581612,2.84003588110427,2.98141657263312,3.09792692089241,3.00761479879619,3.02680063606545,2.95374371879537,2.96318367466296,3.17100505815829,2.97308248173618,2.9039348892268,2.97559088705922,3.05525235758468,1
6.23123639167614,3.07468543388434,2.97212578995283,2.98570379368558,3.15362578727368,3.09976822405488,2.98399876065789,3.04323403237232,2.95909526694646,3.01783784141921,3.13255672766006,2.84810091752018,3.12053423136111,2.98429463596573,2.9943484279264,2.93628267381927,3.08066110827294,2.86485073496237,2.7912524140927,3.00670399294985,2.93887790408164,3.17726326314683,2.88018886197748,3.09017426263079,3.11475723983074,2.90135242444418,2.84565127694218,2.80839607968552,2.98092878004185,2.97040073708037,3.00864392177402,3.02760096883703,3.0200149359576,2.8902850561429,3.00531282037612,2.84614836613657,3.01694880218531,2.86795514912794,3.07135429917807,3.12532076513618,3.21071802849487,2.901949691842,2.90236926754633,3.18867784076044,3.13281135740025,2.99692985051328,3.04629947857459,3.00003840352603,2.89885868688848,3.09870403494655,3.03543206851647,3.00775021668231,2.84670852982506,2.96003499015152,2.77752019844382,3.11555138448372,2.96980573351763,3.16933936191832,3.02309702462035,3.08579874967232,2.74597241297858,3.13508099190333,2.94858369328713,3.00434291046248,2.97150868622397,3.13427109750837,2.93460004634334,2.8646049447688,2.94561592307967,2.83273407074522,2.88262087339983,3.07578661261314,3.04531754308363,2.92196690837077,2.8934965047993,3.06623497287681,2.89593216726802,3.09766940892251,3.08015440384019,3.06087219432923,3.08325720564439,2.95893234202265,2.9691423201421,2.83898141485048,2.85748238594915,2.84779400428728,3.24890735100521,2.71191790630813,2.8031408488463,3.00503503225219,2.99488206277044,2.75931372839564,3.03013618249582,2.92388860954583,3.00604159296076,2.87679595727395,3.05479482540004,2.89348113138957,2.8810544804237,2.97860684833148,1
5.87711923307776,3.09074765456219,3.11122121672211,2.98431156130614,3.07973163406454,3.04323337731949,2.97283175163625,3.00880031782661,2.94074549257221,2.96876345070661,3.15062621600103,3.15595954083355,3.03095500731701,3.20744711871042,2.90251379017289,2.97134073226612,2.99772411299639,2.98188291066926,3.00778629408648,2.8473233391445,3.07171116319054,2.98922090883138,3.04095630132161,2.90916956425971,2.88703068985839,2.95279225087414,3.04233436804808,2.77850270487004,3.10136251107546,3.17324673995099,3.06137842750358,2.99836889905373,3.1403128396264,2.86689370505197,2.94269430524874,2.82689175770836,3.22036891737324,3.03532198424352,2.94545578196513,3.08529924703769,2.93836310580922,3.01224783146058,2.91741992108676,2.98747520404288,2.8459630549858,3.11255246185197,3.11404289572058,3.1229926175037,3.11349624860933,3.13468559158778,3.04012578969267,3.07244789429667,2.98031686229843,2.91644795131206,3.12666352445348,3.05894072108064,3.19070811135703,3.19499637263962,3.14180804110539,2.9704616872596,2.9381755364165,2.98117798503513,3.04351714936887,2.97642513955003,3.08607275606465,3.12042540534942,2.87170209253333,3.16420298585128,3.15797874884127,2.78780729743933,3.01257489406537,2.96582298272553,2.76282763689993,2.85135041736498,2.93739647757475,3.03009128169772,2.99512025376789,3.19881596949786,2.88262907521816,2.97982269901823,3.06334699347671,2.89653283931413,2.85470615788994,3.07218862238196,3.09437098874091,2.89970897110738,2.84534629048834,2.94694875854797,2.86845196952882,2.86755537935561,3.23440628236272,3.12325901508733,3.23495361912126,3.16094224325115,3.15892321645411,3.07906195733144,2.86088451901705,3.09263773230634,3.03909920668299,2.8778588535026,1
6.02393182215193,2.87470685647803,2.94317600459687,2.89260965489081,2.87303673847341,3.02448105356553,3.14277729860114,2.86256996494565,2.94444283926856,3.2080404156001,2.79932604722236,2.90957486669081,3.07695712224155,2.98755395390115,2.80630586038914,3.13637681578527,3.00922208755405,3.03945500825766,3.12690862069066,3.01541737333094,3.17774642990109,3.00385062110886,2.88121862344721,2.92569187673092,2.76874692478855,2.9856663427612,3.16465090860239,2.84523733506864,2.973756760429,2.93443397187414,3.0203974932137,3.03484755881651,3.19061923663459,2.9435915769079,3.06462226761513,3.18365191281679,3.04482780996888,2.90332099549648,3.26478515843446,2.76218381529795,2.8502335464816,3.05201494627895,2.76494462345816,2.84787234729274,2.95633437038332,2.87153247998531,2.97921623218621,2.97015097425666,3.11494015613356,2.98663724427078,2.97411172822851,3.13134451874974,3.2496633050264,2.93994107435378,2.88076338435063,3.11073365069664,2.92025977639479,3.13098919732528,3.06713638312574,3.08531140836699,2.9272117938909,3.03471268492066,2.96594032866129,2.98841308510933,3.06608808251577,2.88185969579509,2.9934542222023,2.93476903568258,2.91385315328928,3.06654164928235,3.09954392729529,3.00012586729026,2.97455385521253,3.1428015931675,3.06860468525246,3.0327821619211,2.94162507326343,2.96740199561374,2.69797461951602,2.93580218473683,2.98066389572121,3.14537601478896,2.90984264957265,3.04187977303892,2.92575656788958,3.03166326493537,3.18055238525368,3.08052583911489,2.9307321931318,3.03071428846321,3.03532715780449,3.04754577045107,3.04317968705851,3.1988759657649,3.13437559148756,2.84013236437403,2.92416742176829,2.91078025569233,2.86251133663595,2.8315332489716,1
6.09144114005895,2.78387112470321,2.89783617185025,2.97311948875205,3.14714649941671,2.89372466142338,2.98116642187592,2.86946428294207,2.88059636828448,2.99751875313779,3.23832343344211,2.95460743372502,3.09238587208469,2.79208388610785,2.96720500322178,3.21340705969297,2.83896696573651,2.92594082609967,2.84738756688126,3.19566304956617,2.93627898573677,3.15542226357694,3.01718109502177,2.90498750726261,2.92002666654055,2.92881759868296,2.99042037723712,3.11457529782977,3.11331750476798,2.96350540291649,3.30493868794669,3.2355421715502,2.96961781234148,3.08344669269069,2.97224330541083,2.90551554517272,2.8153644222646,3.13322557198958,3.04862994356324,2.99450040914975,2.79439069232746,2.90495669980417,2.9165866800501,3.09558939601139,3.03420156400045,2.96322790402489,3.05741332931072,2.96948181983078,3.01746443910057,2.93031255496873,3.0290564732411,2.77543788453928,2.98067510694343,2.99873864114019,3.03167920791284,2.74359074500813,3.06323492777987,2.97958477970783,3.04750346513983,2.80944691328252,2.92096566556751,3.1137425696785,2.76147446719802,2.9233338869989,2.98904480051512,2.91214221975371,3.1339861052644,2.83290148962484,3.05199302602063,2.99529797154746,3.05495751040668,3.05592681344678,3.0410298221826,2.86716179401061,3.00755201194601,3.13271475189691,2.92250569391227,2.97311484325794,2.79466182698534,2.96052475759484,2.9678518315974,2.83817773237035,2.94601308957131,3.08422668534733,3.08891179479386,2.98188330345983,3.11663604383947,2.89279906647671,3.13337822490963,2.85902448665849,3.01604550110758,2.95058465092219,2.97132804358617,2.97744920266107,2.92971964859206,3.10869279556642,3.04897313917279,3.0004137523626,2.99675046745999,3.03861830728452,1
6.11317420088689,2.93587196570907,2.88812691781028,3.09602910258916,3.08911491962132,2.99772517036396,3.21760953851874,3.04106764421089,2.96026543918426,3.02615865069993,2.97375996447426,2.97858968312708,2.80658925058463,3.05202531814966,3.16072353820504,3.13493766657758,3.12765516414055,3.13459943916039,3.08745931993515,3.03166559365121,2.92171491967195,2.891148200029,2.82528450693933,2.78178852457055,3.17973493254956,2.87637256130243,2.69347244760949,2.93408612341304,3.02544039723443,2.9373150740715,2.96616834131887,3.17432292597759,3.08957789518546,3.00414457948592,2.89903837251726,3.23322550986369,2.93257300235223,3.16327648576061,3.02518658337737,3.00274063098392,2.83944315093765,3.01716085808766,3.00118860733028,3.05071029652656,2.93544639207069,2.95962038095537,2.88384749623693,3.19470744488832,3.0596761028822,3.19925709106851,3.09696394229021,3.05667386838553,3.17918555918073,2.93148281424593,2.9298931416976,3.0916048728059,2.92427160903002,2.86771341239789,2.99763889806615,3.01206937271271,2.93464527267052,3.03163786737565,3.01129952703544,3.03311143916374,2.89308139284385,3.22628235828253,3.17151027628233,3.00878255342403,2.83664653565526,3.14616125035215,2.92209433640531,3.09743592856043,3.02594177706187,3.10419511843418,3.05742751468658,3.162529109219,2.9991368418931,2.92176694929223,2.97280283948384,3.0326679034812,2.94962330903546,2.82956868676306,2.95561302309243,2.85514634295852,2.96407298640875,2.95688660904251,2.99252669445624,3.18557085375174,2.97046422073395,2.79909075635897,2.90926135765025,3.12769708167956,2.99663280683075,2.86492049736973,3.01979957284452,3.05561947874042,2.7298736078611,2.88959539727122,2.80471800807884,3.08207920766973,1
5.87209517526957,2.96321446995217,3.02421084610132,2.94460192889572,2.93888940644642,3.07338762584227,2.92179186429519,2.99366613955442,3.24921352720556,2.89624598995934,2.80139022206521,2.82063486051969,3.03254547261179,2.96936222898972,2.88593069860794,2.98872232839495,2.92155448803321,3.03793045671044,2.98564598733064,2.85187199255178,3.03629085824439,2.84114018621313,3.07650375464058,3.12367683746602,3.0719098563024,3.0585890947979,3.03314735080487,2.84263034599454,2.83993938121799,2.99772200718334,2.75630337901123,2.94990529161911,3.1128531027717,2.96910347051258,3.03990751191475,2.97262809482008,3.02786427954561,2.98185355188349,2.97523295365468,2.90603746881271,2.98495474627773,2.89262517763832,2.8946059019634,3.103561274515,3.12003296760719,3.08662494549134,3.15326693185689,2.98743434558953,2.92049669776018,3.17821465460433,3.10458569010049,2.93294550412409,2.90178114165493,2.96654992782646,2.7960240040201,2.98425309056037,3.05042883798339,2.98226945358604,3.08668501574969,3.14984025229522,2.91405075481315,3.04550919214554,2.73029551596051,2.99274437005135,2.92177019833927,2.93964998961385,3.02993846889288,2.76712773404994,2.98099947680003,3.12365648028269,3.07467857208396,2.897899337989,3.04410684534209,2.92078603914505,3.25873361328202,2.7864389106592,2.96953036780466,3.08747559811991,3.13625489569548,3.25811680652404,3.10578539546913,3.11493600797718,3.16244634379485,3.02939235152389,2.91223859204354,3.23913283623924,2.839726466114,3.06769452490522,2.90702107911687,3.09963704524296,3.1402990328581,2.97549415566081,3.07627995947216,2.96906464865539,3.08988621745493,3.08397326740164,2.76887519729165,2.91638066850027,2.9362416016312,3.08722398794476,1
5.94656490954975,3.02196413738451,2.74472686221477,2.94189290350773,2.76047188361894,2.91214150038059,2.96943852827654,2.95544194038172,2.9390981381138,2.90064384296752,2.97403433018206,3.06838267947651,3.08287807555644,3.03877887928581,2.9858891541749,2.83781316926779,3.04304370471515,3.19507446648268,2.95858675681625,3.00197259506353,2.89529082234358,2.9710844500436,3.15153922929948,2.94773155058522,3.02973276175574,2.98082770822952,3.13213029361272,3.06220011563963,2.98323465589698,2.92137090228424,3.11726802446355,2.96389698023327,3.10613939889054,3.10299916342784,3.05932682024881,3.10677208126056,2.907509806057,2.94602838072987,3.09670249397366,3.0679175868649,2.82866795292733,3.21010460055052,2.94516888245647,2.80117727702259,3.08920506899393,3.22411876154222,2.94050280082263,2.9449293326968,3.09176980892515,2.87957773316761,3.08698369580784,2.91992563228839,2.76154243853808,3.03619549260893,3.04420086582418,3.09307404393742,2.93386157227796,2.99386147619557,3.0542392674842,2.99405606400719,3.1007908523528,2.92073097072708,2.88641290496457,3.01120932968393,2.78941126308374,3.01436156713066,3.05051349981992,2.98976952836796,3.07026345977834,3.1254400081403,2.81783480168187,3.16978933343578,3.03506230642155,3.05510613819106,3.17914599312635,2.83711056304884,3.11648732734052,3.18738310974186,2.89945021996345,3.11633561270502,3.07322084888411,3.12211293440541,2.76454956294745,2.9549803702539,3.06675575556315,3.28536870736815,3.11994826018217,2.9803591434643,3.16107902592527,3.00272810320441,3.27387016268671,2.85085002814041,2.84027408377612,2.90158704274096,3.02273961985036,3.10450953628344,2.84814634584671,3.05835377648698,3.02511531241727,3.00943427940209,1
5.86939824782095,3.13083121573699,2.79493454120848,3.0372612616867,3.10996280686073,2.93286382982998,2.91499568895262,2.84227195931786,2.91394236357068,2.80871809666009,3.04506537891543,2.96079520209064,3.13669819315619,3.12370155742598,2.93096177355603,2.77541234006871,2.87622201728148,3.1591831894691,2.89144599882697,3.06123719422001,2.9783863860566,3.11423821551853,2.80554901644634,2.97102852681717,2.88612569297871,3.04490288858753,3.09491933580232,3.08565379105594,2.71579537924194,2.80409655233113,2.90789152109657,3.07954975462743,3.09525819684613,3.00029501188711,3.29761586260708,3.01917071263082,3.06918679503464,3.03127963996357,2.89811434930157,3.02318156792995,2.85533406186665,3.00492246537111,2.89149340744379,3.03556024627362,2.89224896815077,3.06136604485969,2.98292134818916,2.95093169046934,3.13919696918695,2.96070809084901,2.89121735225096,2.99537201901169,2.94275367446559,2.85706790872705,3.05810134895504,2.9875216368251,3.09786833733398,2.8482079226909,3.03464051006388,2.95492559963346,2.99333619486036,3.08904942859371,3.04727706091068,2.99220131313799,2.91639648904122,3.17225695393062,2.78955413645838,2.94563436993577,2.90243452949574,2.67373818362383,2.89591804488541,3.07205976909348,3.19584001337562,3.06133754397402,3.01204834186167,3.15253144328411,3.09557751541809,2.95615539836104,2.93607286593722,3.17086004181786,3.00559068021156,2.82192316404213,3.14380405929709,3.00428308893219,3.06087940843739,2.90651069691623,2.84662666731004,3.09907045908146,2.95353148879899,2.93280053335632,2.86686304118819,3.04320898380634,3.12331148317327,3.07192442155987,3.01871181168819,3.16120161953075,3.04113740308936,2.93316685543771,2.92735423293208,3.08072389816719,1
6.07165567683759,2.98263428147452,2.86066933737581,3.05749768880395,3.07515039057205,2.85471787175342,3.01433791667081,3.09205350029088,2.9724513248476,2.72639219426086,3.02650512911097,2.9658347801129,3.18270004334548,3.08843856013338,3.12949282329284,2.9425937057881,3.09008672680031,3.08966435918168,3.12709490407922,3.0073237608961,3.12312460135137,3.01533799043802,2.96502110374886,3.13565425545044,3.03536788200725,3.0706121597683,2.86994130833105,3.11818897784614,3.04034172310332,2.93235565392443,2.97824689320832,3.2027127450987,3.14626145587248,3.02396705260539,2.97383980860503,2.89548787674162,2.929009315588,2.99935174934444,2.99944392123949,2.96441754486985,3.05183196386953,3.20028352634988,3.20409095725761,3.21500480719625,2.74329784444036,2.91817904807626,3.04385720206354,2.91948622563482,3.09527172329092,3.03583111897097,3.04181138028187,2.8060118654107,2.78345802222999,3.02914059957703,3.13488320613999,2.91005056563591,2.88067678866425,2.99861252629506,2.96909365821237,2.8798429430286,2.74529778506997,3.0366993295598,3.14088738598416,3.06366596987604,2.93399858215054,2.86777055471167,2.79148273337064,3.10079578199832,3.03356031873957,2.98820570924677,2.91005237791337,3.08222005173347,3.06517248666686,2.82320766897402,2.77755701630119,2.97165368536322,3.08163138010717,2.94591953062879,3.00291676141842,3.09566056497299,3.07560761026033,3.17627969702085,2.93632508547801,3.13482655754282,3.05907785501513,2.87409810846703,2.99329790551755,2.97513911946495,2.73378141898652,3.10680990721155,3.09562582434,2.93963834555312,3.15071447715034,2.89593149014296,2.92428103210686,2.86197434297011,2.99958248959403,2.90866473107079,3.04506053699425,2.91597352559149,1
5.99148399625041,3.10689793388272,2.88723410314624,3.01018042321189,3.12393950320132,3.01617668700772,3.20652580953166,2.8860163147199,2.69551149789624,3.22730432052997,3.19409006355511,3.07606228802157,3.00451304183797,3.08265594383533,3.04273310173433,2.98751161958652,3.09083493517045,2.76738335364468,3.25152835664052,2.89595494194946,3.11129657111111,3.12601216338488,3.14269996024149,2.89280732040543,2.86794709301881,2.89530471999281,3.08739257582388,3.00936497500842,2.80896021090872,3.01663071598188,2.99312782181664,2.99256628353935,3.04516752956272,3.11311246363762,2.94076622039832,2.95844079707155,3.02255651973568,2.74533331080993,3.09971517062762,3.00212026300627,2.99278041547,3.02833991235235,2.96953919658149,2.85252050176976,3.01895604438426,2.89354592233507,2.82223044988017,3.04710350698162,2.91569304237014,2.99499397770213,3.20935189225963,3.00415255702943,2.89781526183233,3.03199824519731,2.99218748080304,2.81785958519806,2.90847020437412,2.95866640825626,2.90957134965735,3.24772918598655,3.00197356017545,2.92215024262251,2.9711118158894,3.08226245249483,3.01451061915083,3.09023716630586,3.20177752005386,2.9093814274804,2.99725927145096,2.83674155452607,3.02095549085525,3.03921526655868,3.09188425705663,3.02802892980156,2.94462709783579,2.97835351560098,3.10023718873647,2.95779948240637,3.05312441885117,3.02557558328336,2.92326762708333,2.93411989329915,3.05123728314001,3.02809212063047,2.88512622388057,2.89590282631724,3.05569013324313,2.76796724715703,2.81838947702247,3.02157720328071,2.9825954639138,2.92483645641677,2.78771651820012,2.7955842639865,3.11130343401767,3.0886484031325,3.09213240131492,2.98205302464345,2.79037656121751,3.01254016369872,1
5.93414830021673,3.02319620681186,2.95573839736552,2.97488223452161,2.82411750791158,3.04881640500398,2.98916145720667,2.98489551076128,3.10653710082692,3.2734902864817,2.9751137297408,3.12830805174641,3.04601699337032,3.08604855301771,3.03558444116044,2.84719500625708,2.91818342103137,2.89256189058766,3.24933900896811,3.03692638678047,2.86213002757884,3.05845246609414,2.98105322933378,3.04392653723378,3.00817616354281,3.0786134366822,2.86178575595948,3.02603944571028,2.9979891974504,3.11009871849758,3.16985133598813,3.15834119354512,3.01546888656662,2.99632328655504,3.19318445880581,2.95225764579928,3.19118136906442,3.38684362928871,3.16273331747616,2.92225570236991,2.98348826777708,3.03835952157123,2.92403929784902,2.98762063492717,2.92034064398101,3.01907937337106,3.2485414662369,3.13346444819187,3.03700617755415,3.03861714315712,2.8776366135422,2.94459146182534,2.90652929711022,3.04053600325532,2.86599319617934,3.11539333390338,3.00732361445515,3.12226412669688,3.22792255660979,3.09273432619151,2.99811853423375,3.06158256590523,3.04671172388781,2.86205868893987,2.97330349354502,2.92845892197608,2.98021133288704,3.04469744070616,3.06172611909084,2.9209479158146,2.90506196660369,3.07229773068939,3.06068139334082,3.0407917661133,2.94815787063427,3.04462314899803,3.08456828349736,3.01864112797136,2.92704543511905,3.03648645167202,3.12870886641917,3.133039395995,3.30585546694296,3.0133424926871,3.0423383097352,3.10431058129219,2.85874801310745,3.11031464695873,3.04284280633894,3.22036773482517,2.95535367942322,2.9295401791198,2.98742076452459,2.9010425102228,3.23366271881488,3.01046175820663,3.0811628649553,2.97515965163875,2.95033730831326,2.7161848573676,1
5.99354447886425,2.90040641583458,2.8679583410055,3.12329753504403,3.05025713085846,3.13745985506442,2.96867295475171,2.9645098997426,2.72342789781336,3.10127254340726,3.00388389138716,3.01982479255542,2.96595436358835,3.25023916359114,3.03265726351561,2.83451655022054,2.86624924445989,2.8711389176061,2.96692609495262,3.16898444492226,2.97156595239551,3.09346790184801,3.07178294216765,3.04481417672364,3.09980726241297,2.99143365330312,2.99115559415726,2.98831241719751,3.14441013337901,2.95292778458461,2.79728234959713,2.94616186817861,2.79494977266809,2.98054740182525,2.92297070844483,3.0164499544021,2.90510252806312,3.02435710035533,2.73383236251232,3.10927331918568,3.05096192671907,3.0473624880595,2.84795617010836,2.83791531226062,3.18790994158532,3.06173163076164,2.84658812234742,3.09601600966374,3.18571863354948,2.951749113133,3.13022746513453,2.927606599615,2.75781349369022,2.99383822155107,3.05766911318422,2.85658212057472,3.11542618410701,2.96071678015038,2.94258441190851,3.16613938891036,2.78801338617123,3.08198638648981,3.06653213163181,2.94990505663107,2.84124502858788,3.00407418473104,2.96428957875706,2.92149121350464,2.94784925162114,2.94025335598404,2.99035718527828,3.12977422332857,3.21311163009664,2.9935578640234,3.03913941853265,3.15077184364285,2.9398678104445,2.95250258470277,3.17416439640717,2.87619649329726,3.06609809068777,3.19905778528734,2.85467294669535,2.95654537160788,3.04007062649454,3.01865222910283,2.74621736587943,3.03415649977893,2.98248650819024,3.01996947483598,3.01788884276378,2.92097508616921,2.83056075908599,3.01583513421624,3.08355992066072,2.96271695324057,3.23123879071537,3.04980652588473,3.07778942693627,2.96684300001072,1
5.98802620925247,3.03744477605725,3.02368466271706,3.03351737730073,3.08837044257727,3.01676426272374,2.94007060839858,2.98327621802648,3.20226021689332,3.11745351791267,3.02673379715467,2.94973492490795,2.99088337257007,2.87510826748359,2.94638280158535,3.03417530939666,3.22620041786063,3.124952708382,3.16581404075745,2.97628137946159,2.84324776685721,2.84911780462148,2.9586406321463,2.83519031819879,3.17444446895575,3.05986883085271,2.96160356139,3.19019097493337,2.79838023862112,2.9817072079527,3.06080783031801,2.99941564115893,2.74968664860088,2.92453406947439,2.91617145232176,3.05977093319959,2.94223434166156,3.05998282333831,2.91343530342131,3.10834989918485,2.88225340962188,2.97006483455088,2.95917510469235,3.10568423902457,2.90425839121179,3.00950818058448,3.04562898498424,3.1544335233418,3.04437580824591,2.98277792085266,3.00479157441728,2.98479592957938,2.84172501529701,3.21147687483095,3.0218210680883,3.04803596867159,3.13636253357525,3.33162025759759,2.93419367876943,2.92174649539716,2.94659619960967,2.99113019789071,3.17522238561816,2.89512878460814,2.99085792442772,3.22394582726163,3.08122495397388,2.930407125126,2.68943060502979,2.82444480026921,2.96485256533347,3.16649094999072,2.96335645773568,2.98746317123897,3.00159337542263,2.84820219987337,3.03996889634925,2.96522050283548,3.08532493513232,2.92734250957519,3.02758190780374,3.13624763807649,2.95339175200541,3.09170177456265,3.13840078954365,3.08537671305038,2.95868257636116,2.92289433169309,2.82679972249613,3.25434702156833,2.77210961024417,2.86395256498633,2.91514148370274,3.02949137971281,3.01306533023961,3.00774009885241,3.14420686502008,2.91216064915271,2.95832141871686,2.96985124470245,1
6.15696262765181,2.99872161556132,2.98349864049023,3.10532809502538,2.83548655996986,2.8577539148104,2.83437368055768,2.96887219878265,2.90542006627658,3.05039048208966,2.93173221999594,2.90561301587208,2.78732278954564,3.30023448553505,2.9839622378584,2.96085578946081,2.94748922589959,3.13064882367749,2.90178421520302,3.01503547833606,2.87830098182991,3.06875309951537,2.9873345209659,3.09812117097534,2.79971479351803,2.99523417378518,3.01194264152093,3.0756058870415,2.80262014937177,3.17506061322289,3.01958920874571,2.75842373758724,3.13092625647618,3.00025436815153,3.04935949898174,3.05134996540982,3.18629070567386,2.99450963098552,2.96915410090357,3.06346463474629,2.96303323599789,3.06300296428192,3.08277454994604,2.93538220987504,2.86605822205174,3.14786838952315,3.01855791825294,3.06750815713588,3.02428397688648,2.96687419918792,3.06682531520457,2.8716514160682,2.95788245411512,2.94664489568444,2.93809242307485,2.98665007914218,2.97029443232106,3.19719608417288,2.78447104662823,2.78421794187152,2.89281511179253,2.95867483608516,3.0568657330683,2.96515017520533,3.07144865690689,2.88585517145789,2.9652040249498,2.99198332867924,2.91256932246527,2.96545273380902,2.94914037621871,3.04570019063654,2.85685080274946,3.06774672964996,2.96979047353651,3.18637996614312,2.94733192785919,3.18979477795971,3.22901250390203,3.14201148249113,2.85862131467153,3.01684435039191,2.88881998660017,3.2264964516593,3.24362825333602,3.10758555644826,3.08033123211009,3.17329038724924,2.86809174234149,2.91931411191171,2.95130351906673,3.08060666627057,3.16959479154569,3.14005470232017,3.04019085469223,3.19884062389017,2.94407474607482,2.98844291282218,2.95546844000302,3.07275593748129,1
5.84059699689461,3.02179385603029,3.10323494346489,2.99486082538481,3.0980460050043,2.94844877366515,2.89499456545863,2.81172389054299,2.81459104303524,3.02085952968556,3.1718031484818,3.07295662886598,3.02268303645237,2.89240849608021,2.99873665674967,3.32489020202477,3.04139850666956,3.1023945314571,2.96553774624549,2.97663784307592,3.04545072318767,2.95997410954289,2.95981047275891,3.09119045655941,2.96149914086498,2.92420791373146,2.75780839087516,3.07753819196434,3.02854197983759,2.8241043426241,2.83014130811872,3.01888210934676,2.89145241050618,3.07616110832586,3.04006400676637,3.12482862229232,2.86386761709031,2.92375939592792,3.11880777740535,3.1781339013847,3.12606792325197,2.91777941799587,2.97883158960044,2.92300854168895,3.1001062188862,2.96397553962114,2.90508744408686,3.00102872065532,2.84165241775332,2.97299220424585,3.00419917281896,2.99665354229062,3.0518802352579,3.02974280301437,2.78110685051748,2.94238593463126,2.88285682906949,2.92249665864404,3.06955889586555,3.09916445967843,2.90661101716027,2.95603432948554,2.96541854185811,3.09276178626664,2.97706990943551,2.98890174148022,3.08101845736523,3.07077988230381,2.95335319717411,3.04104705464601,3.15789307300173,3.22084327963635,3.13602069339174,2.84030333021115,2.93860595625722,3.01955593260061,2.97576576004809,2.97157302547357,3.10239663060698,3.20039756973521,2.95574829591056,3.11575008410999,2.81267686307295,2.69950423159076,2.82680783908143,2.98474104883604,3.00444882838067,3.19884968738961,2.93740743635989,3.03048056989819,2.89047412173149,3.03675979504238,3.02547757436096,2.97654465781817,3.11951378378758,2.91267855073472,2.87724236982975,2.84836216255295,3.15141785150733,3.18316060711015,1
6.02117818504111,3.10308431440175,3.04867055046653,2.77512545216668,2.98516852718668,3.14800113532135,2.97304644603735,2.95655926485183,2.9521043483737,2.94449482701399,3.18990650378326,3.02771369177954,3.03804922162975,3.00363802099779,2.64762930355801,2.86073694128293,2.83628879032394,3.15009198978178,3.14983643299863,3.13518093056018,2.93513415151533,3.1766232009052,2.75437923034784,3.18810588965711,3.08103566036602,3.17041920775936,3.01615963642169,2.9666664351792,3.03532043794601,3.08124361711543,3.1843918286687,2.93035261945273,2.97767576259095,3.17495914387522,2.97802500055959,2.99909282840966,2.96571254096252,3.05322054621501,3.09676471366739,3.1389720397929,2.94319964696658,2.9927929675298,2.98172713981361,3.07423991697464,3.05836616564165,3.05436193143983,2.93779286023659,2.83648393202747,3.01579340759647,3.03074599593915,3.07935303474873,3.0541313769867,3.07315522673161,2.86531943235285,2.92814688638165,3.06644966469912,2.84959642555659,3.09034587453994,3.0989854176534,3.02590437243146,2.84589397124113,3.20164645578979,3.13691025016991,3.0812724800097,2.95925583910115,3.04023591826422,3.13887475665508,3.10073439104106,3.08114708273969,3.04636219733913,2.96819903087818,2.8670885326724,2.77971562180671,3.27102946197601,2.77171188729411,3.02908508516639,3.05133865073743,3.02277851879331,3.11816169107885,2.97896752875419,3.12867794726901,3.08584080374593,3.11424658200177,2.89824282668343,3.16846196491148,3.03552359523651,3.05402717324761,3.01186557865241,2.89192368454877,2.85985788564829,3.17844174221025,2.95386384043432,3.10810063817251,3.01843933621276,2.91701260885043,3.06534405418829,2.8872687067026,2.9207298705103,3.17960264456137,2.98069875502595,1
5.82072290814986,2.9382627337694,3.17644488695119,3.00131531096004,2.85725403278462,3.06758556990636,3.11774805917905,3.15250378367151,3.02835695185631,3.02404119175121,3.06407601974851,3.05468876899047,3.03745093253527,3.05570370686448,3.10785305669009,2.80458642733791,3.10351747835809,2.89659831587078,2.93314532375645,2.98667956487994,3.01022752935507,2.89017297151614,2.91753373863709,2.83610010985339,2.96885265458806,3.00077036472583,3.01721926341404,2.99832645733623,2.8412925306674,2.85790759053347,3.04939987057654,3.06094283778017,3.08451333909275,2.89850931571758,2.91391302874575,2.8121281041823,2.98268483190299,2.76404331764046,3.03437815168028,3.11538038788102,2.95635152157025,3.01359087526057,2.77574569189556,3.03832261011107,3.02677631987544,2.94514737680074,2.89829094260136,2.78681455672604,2.98798162912436,3.18523836795002,2.68800998121016,2.94065830375963,2.97251394946964,3.11938072622267,2.8892405428803,2.93267086063854,2.68760014054677,3.13565984920204,2.90873227666862,2.88187407001513,2.6917634289121,2.99741777579457,3.07522544909218,3.06660044541214,3.16164135504637,3.20914818994344,2.9983716910077,3.00796093888243,2.95708079881598,2.9723706924612,3.11078722521283,2.9817300345658,3.02898966747056,3.05832671150608,2.97225712082707,2.9651129029334,3.01295743074176,2.96054679165256,3.17983971378424,2.99389041864607,3.03322506609752,3.15367904167381,2.98486767427817,2.91147073731798,2.90605530488472,2.97124745905526,3.03950072108099,2.95749309894565,2.81139135534649,3.06191437339658,3.00960946970018,3.05837767096423,2.96753041641011,3.05619052181255,2.9672415621424,3.18368178199528,2.95993606723606,2.9910709152713,2.99191713507696,2.85829724850676,1
5.97558661452164,2.96413408439343,3.07504726155867,3.20734051491878,2.98859794057873,2.87626873223404,3.02850100268443,3.00449350830396,2.93608975401326,3.19900048931186,2.65026564853452,2.93244359724332,3.11564044147836,3.07188856936329,2.88556952552779,2.91950189120153,3.04588973034684,3.13868285865553,3.01981183144095,3.00455997663996,2.93743343319831,2.94573877786008,3.20699240245102,3.14268789249118,2.92435491780852,2.82159283652301,2.94988381406448,2.91547752112603,2.92678700393432,3.12740678847726,2.9082807578843,3.02188880462641,3.16975288059976,2.85144716482671,2.86631784619851,3.12116443402053,2.98606521087585,2.85000485892693,2.92977579301501,3.0948705208029,3.0381012348696,3.072336564093,3.03221532583532,2.83020827454622,3.10346428734134,2.92906358438273,2.86170874038047,2.74264897709517,3.19558015070413,2.92211033172863,3.0833125992431,2.99306913274417,3.07979682780416,3.08178062786887,2.95878903238155,2.96010847754799,3.05889053163601,3.19386806563969,3.03204791482688,2.90363119370629,3.12209932897695,2.79195199339144,3.14965391567728,2.98954513293779,3.02709050889151,2.98271962683676,3.06968214500207,2.96185696789088,2.90079107315205,3.19751437033266,3.13799330464189,2.94115140923055,2.95887170470973,2.99215067338137,3.01623749008064,3.06835650294701,3.17600308297115,2.93947439061447,2.92806572253721,2.93215054628181,2.86662110854368,3.04842440465053,3.18658422031792,2.96876406419204,2.9882748507473,3.01459745244319,3.28834333744129,3.10186771269439,2.87188902234798,3.02324949251061,3.09462998673201,3.06214206355412,2.94658075549505,2.9791555926323,2.98778145084587,2.90910485977799,3.17899004009157,3.11304502029213,2.92502231850789,3.2162888257817,1
5.92089424463481,3.02294319705327,2.99031928348452,3.02541467383887,2.95632262565494,3.27113502764706,3.16833975370309,2.91992338423977,3.00896094639914,3.10246436354529,3.06037860418687,3.00965856233006,2.85084784214439,2.97948844689343,2.87129254110233,3.02946895218497,2.87334249748354,3.11621507724493,3.05702756308436,3.21308610725957,2.9581444269909,3.00462429303718,2.80716654515082,3.20011356520654,3.02385315779743,2.88837935039935,3.13546479248902,2.79069349728231,2.99336476023878,2.93390037694358,3.07192316323827,3.06041117235707,3.01123802754352,3.06946895384916,3.17445887763271,2.7990089413861,3.0146106746528,3.09104477084815,3.20122017299813,3.06725490241324,2.93063863472366,2.94714044782782,2.89977403112873,2.94011368622132,3.00137386849882,3.01223998946613,3.1038543454502,3.12429910641692,3.18788882140041,3.00287893535549,2.94523622356061,2.98827052782584,3.16770587149353,3.18770122605356,3.06884297911112,2.76302260139073,2.97053774196701,3.0904070963079,2.97467804033785,3.11903000141825,2.94944596428161,2.899678202874,3.08504189992643,3.15504091154236,3.2279934708139,2.94324202370262,3.03677494987287,2.84331756542394,3.10966747937327,2.98898078412898,2.99173014778002,3.10986077392613,3.14414783500065,3.01453380090642,2.81846338486895,2.92888798913126,2.98506880628054,2.97690664058193,3.07765850150214,3.16189672074298,3.21523642481278,2.94770719694256,3.02066502726919,3.10587065909007,2.89711468252063,2.91156620765245,3.09265708542319,2.78761197440016,3.03973490687828,3.04799840399383,3.11194670826285,2.88546193243648,2.93956498061897,3.02540263550774,3.18259839611106,2.95054309924261,2.81544488051172,3.18045270174777,3.06566192464313,3.04050441848122,1
5.95064393752175,3.07993079847747,3.1017459744988,3.14295509068339,3.06843883851468,3.19505196837868,3.11175205356595,3.04107578320362,2.83356485074472,3.22093532045246,3.04065871130364,2.95474092030363,3.0527043470004,2.85755082097037,2.84022316421556,3.02973726133142,2.92094735202645,3.18423488686342,2.98105517558532,2.90064554983129,3.09194558707232,2.92242901090316,3.02623295746113,2.93744177150826,2.97492140952392,2.92090344765429,2.93282465629258,3.02220169168266,2.83454302340719,2.92049439250964,3.22512984031068,2.87803088877282,2.93733432936605,2.75711438134015,3.0871432365549,3.14321951728564,2.96265259888142,3.00602423360542,2.92483682566536,2.81464924508499,3.07571209560176,2.89889797380373,2.83655989368493,3.07549603542246,2.73984255880011,3.04317203935564,3.28061822012225,3.06397916382351,2.90487186036897,2.91227792629843,3.09693669197258,3.18661328487033,3.07303661532793,2.96733308280559,3.01732900240996,3.03580589629989,2.94775207397558,3.1538611919968,2.9433820634396,2.9776764453358,2.98075602348091,2.83246087051545,2.84522919584392,2.93688448122915,2.99000641125843,3.04194879132236,2.99410666570517,2.92843315094668,2.93662024386512,2.82801190457954,2.98795289608327,3.23790112907827,2.98806542827748,3.04329709314756,3.03910220296574,2.99860058552395,2.97301153961089,3.02505854160416,3.03548945057436,2.89511720366592,3.04934952127092,3.08150166934494,2.71571522804743,2.99183861379195,2.95966277124732,3.12786168400644,3.20133590827562,3.01517844824936,3.05363651908348,2.8441382018496,3.17550679919532,2.92542487570955,3.12188749741249,3.1498613010995,2.91840858146118,3.11324845691972,2.84527507950002,2.9314042812476,3.11094889004856,2.89337488513809,1
5.96788584459295,2.87610382994092,2.84964216517924,3.08136524055968,3.05184932118895,3.18203362442549,2.93383629606804,2.84652703724367,2.93910904232956,3.07686962685652,2.98080855821435,3.03736481831256,2.95616521392056,2.91488352175016,2.93593014748112,2.82098481506603,2.878059435172,2.93301715000462,2.94337081777296,2.84610710050949,3.11102845460917,2.95406190741647,3.19349878014641,3.09231966235795,3.00187016530217,3.03783535226719,3.10727507105517,2.77705431621992,3.00580289914339,3.04167768154291,2.97644009481872,2.95171721870116,3.05370625460873,2.97949698054309,2.91585557880331,2.97585885005281,3.01001200929554,2.99116269775009,3.01243917380471,3.04641726846208,3.01775619009788,3.09468777380551,2.96880228813691,3.16630797219728,3.04563716436362,2.7875861784214,3.22410852722333,2.95473351993655,2.93445923113073,2.82387941140662,2.84960849522832,3.01565058900228,3.07872060626614,2.99162868672609,3.10081309035881,3.16669354705959,2.81362604005022,2.94810478693591,2.9630017416414,3.10804412025634,3.02888689299546,3.03631431991238,2.98882339692319,2.85696345577687,2.98943849536225,3.20286037146045,3.10662673879155,2.98077083034523,3.12038440953194,3.03769659958881,2.83929545353258,3.09742868249954,3.02898353397824,2.92137805298067,2.89364766150064,2.9530590032689,2.88981735962922,3.01274458214121,3.10740889701344,2.98188784944715,2.94271724796465,3.18339249890937,2.88133097553927,2.87005014444919,3.04938731095476,2.90603491021686,3.00275079320878,2.95766532108406,3.20107243799248,3.07230324423703,3.13907342617327,2.97097823741438,2.79161316423618,3.26200206943034,3.27427352306509,3.17623654067244,3.12389347470364,3.15374962487627,3.27058378875791,3.09720252053024,1
5.91911342389875,3.06607066811408,3.08356254582522,2.96681561201315,3.18025250215658,2.96744960384278,2.90917389267349,2.93022942936025,3.20608102545302,2.93064655064113,2.95708775236209,3.02035758234093,3.0270013302157,2.99570041961137,3.16214374417873,2.79441794835872,3.2571892844022,2.88284631851867,3.18639101802151,2.94275598188028,3.0107431031381,2.9729395217193,3.01578517391964,3.2203390894475,2.98561734800764,3.0447909424881,2.87004764046952,2.95585724326365,3.04452799297516,3.10338219217096,3.18864707654413,2.99773239793071,2.96400981240003,3.032340135934,3.06012772182431,2.86372140808366,2.98586613223983,3.10579518769336,3.04996075833369,3.03092785034125,2.96394698523276,2.88683091234901,3.10364918774919,2.93258045337765,3.02909778924195,3.11340763514479,2.89451088206967,2.95141678071497,2.95048141980365,3.0141270817274,2.96726845379006,3.17690663368953,2.86954214793577,3.11083718217036,3.13634072168087,3.28724887123163,3.1673338179315,2.86062015308194,2.84323493228917,3.12432816952843,3.06029316070538,2.88342267909298,3.20005136046874,2.8793872999046,2.89810996926543,2.93028997053467,3.05692677959302,2.8917372681865,3.08523464601338,3.07384752769217,2.95543306999971,3.00883775616995,3.15337892765744,3.0314286154026,3.18804271336659,2.99867017657322,3.0821827371709,3.04328502507161,2.97691902379896,2.92377487407623,2.98289368692047,3.10511568152181,3.0325957834076,3.16130585056286,2.76740876083985,3.25415158122868,3.05259230543287,3.1567323020288,2.90766259258479,2.84762280691929,2.82479741368056,2.76090928476114,3.10219747765826,3.01852044295386,3.13497129789052,3.15215979705599,3.03122544070465,3.01833204330698,3.06840722437348,2.978628923912,1
5.76560576715434,3.00396888136664,3.1127930521421,3.12213370111742,3.05330454424396,2.97563842703142,2.84301508023894,3.01086292402789,2.88321326734495,2.73543820008824,2.83172299096907,2.89269429520948,2.91505575599637,3.07232526533635,3.11360270830312,3.0514743662298,3.1299279982792,3.08000706365485,2.97753814856826,3.18697622584633,3.03975340868468,2.92472658581223,2.88335592008262,2.75876248613931,2.80968875462595,2.8871642600001,2.84366501598414,2.8237226192172,3.16744825258896,2.94036811429665,3.0445518486667,3.07092624439417,3.17059332485816,2.84153185048953,3.00953503892247,2.88194794113763,3.07811437825001,2.95763669568316,2.80982461603693,2.98288317281714,3.00023259018917,2.93838898165511,2.90827080434557,2.96825741067569,2.92981470735864,3.20207070308138,2.94777341855944,2.96210994778519,2.96186284611557,2.92392874102405,3.13552179029864,3.11977682352663,2.98208388884547,2.90720855510748,2.92677268243957,3.15447002410686,2.97115131423355,2.99981942962403,3.22376270683018,2.93449054078092,3.03517822049374,3.02026490163869,2.69835272366462,3.0663133144021,3.0133948237116,3.10618193685289,2.81696318827926,3.04530928550956,2.93623139724333,2.86238970548014,2.89404149022506,3.12544167405369,2.91406668976941,2.92855719663404,2.92198321468383,3.11281710189402,2.93839589397593,2.931256567453,3.10784644135541,2.95071194067847,3.18159613631254,2.99240579900889,2.97507709145296,3.00976445740566,3.12310418356715,3.04457508761623,3.2273518413372,2.88797007892071,3.03187059382397,3.04506793547909,2.84174682211563,2.84151594873159,3.11328734919227,3.09562218131817,2.98926941829113,2.98268907537768,3.03855545135944,2.98024176894487,3.09795116630393,2.82109614854141,1
6.16852607345595,2.89874437070935,3.04446436138063,3.02978684084544,2.96581137799395,3.02584797055986,2.93163558542419,2.83239794087823,3.11975980855695,2.68628668246804,3.01106281852085,2.91433132679496,3.01726696442251,2.84211749678335,3.02720572159889,3.05194457966376,3.07474231436109,3.01271834742066,3.09453524762757,2.82433830785898,3.03088067917626,3.1099213307085,3.02287747088712,3.00350820081536,3.16789577828813,2.85312230434564,3.05111590026954,2.83744143777368,3.16411200896554,3.05616642836775,2.97410038056346,2.93277260307506,2.86420515264444,3.04171172258819,2.72443697597923,2.79294672471785,3.15205027112226,2.97757517904443,3.13526720465701,3.24544088382688,3.20020913141112,3.01307491281808,2.94626080734755,3.21241560182308,2.88065946175537,2.71495415306432,3.090069148827,3.00294459038568,2.97044921878883,2.91353097810308,2.94580394180333,2.95341689601109,2.86031489298973,3.11297977129008,3.07305759855267,3.21576640163333,3.09733722505883,3.01986453079547,3.00437650792173,2.86567677762828,3.10549581680411,3.17127074280988,2.98461067000819,3.04239482680348,3.02035271384403,2.96345060707117,3.02830782848,2.86511120276396,2.94142136903386,3.11536338815623,2.92762651856901,3.04266897146174,2.96409176746353,2.95217843385439,3.06324303918033,2.89667710002959,3.01591483281854,3.11757178998018,3.01975386490713,2.95629627392602,2.9537561972888,2.98185907155087,2.94235396047779,3.08424037158954,2.69263840737194,2.9260793801331,3.00191936973653,3.10780327234949,3.05522032698603,3.0218658107497,2.85863489648578,2.96407482608007,3.19555910876998,2.95561956010761,2.86033536480638,3.00836575071251,2.88852965319701,3.02805793303502,3.09847824826924,3.01714714700582,1
5.76216836465396,3.13127507448485,3.01488874615563,3.01615974195995,2.94179795224332,3.02416407386152,2.99390329031092,3.02499397828578,2.82587626787744,2.83525040977948,2.85500361204732,3.01306112635648,2.79560517157268,3.14086166147849,3.1678113295871,3.09815930552118,2.83937645973001,2.98214977389875,3.00319640055761,3.10927577944746,2.86107349435848,2.86206593855016,3.03532301370061,3.01020848573589,2.99317169947477,2.97795086759287,2.83126578328239,2.86165418307589,3.04408270437115,2.78088861890879,3.01934140378145,3.07524081075192,2.98986464009062,3.16227685276361,3.06939698508166,2.96119660247671,3.03552770850991,2.88156188879636,2.89139635377745,2.8886444880446,2.98129354812097,2.8827906423988,3.04992522454382,3.12916606656822,2.92703469568879,3.2581591065445,3.14730895619216,3.21801577547863,3.03256475383514,2.89985519734437,3.07286883445154,3.02664034596554,2.99400679742689,2.86995006240195,3.09964048422428,3.10669551157103,2.87872060897381,3.12671819167092,3.1375868056151,3.07335663509348,2.78959443862124,2.95440072157625,2.98125143107365,2.91676356817684,2.7755388545583,2.88754603847563,2.97894944440932,2.96416555782775,2.78154789323834,3.14030599067033,3.12808562291123,2.93293289667145,3.24886239470982,2.76142597680348,2.99654758137365,3.04639234382297,3.02195838891676,2.99744351217517,3.06252119411162,3.0586931837,3.05863334361124,2.79050095826982,3.11389606443102,2.93084734044066,2.96459953089562,3.00554514307176,2.95553375597051,2.91169583236137,2.90062952425054,3.148682412265,3.01589815599348,3.2299320270809,2.89706311420687,2.96364075828946,3.11024037955285,3.07157905252511,3.04533949199328,2.91153137861519,3.05879806666272,2.94641063692712,1
5.78596999191773,3.10690979256044,2.75574803836492,3.16354922632619,3.00229770350199,2.93020059270033,2.9372811621595,3.0693662032493,2.91441355039321,3.19440557796425,3.13204720625887,3.03682046029451,2.92784233738405,3.23100771781992,2.94234201048716,2.99355905917056,3.10089518487548,2.85017579940712,3.00947312244014,3.14222018714077,2.9714587999601,3.11116508209156,2.98441195367264,2.93750279326649,2.81929264986421,3.01660384305907,3.13922055478694,2.95683146694098,3.19196827343463,3.04847313821105,3.09734650673855,2.89161417131406,2.86169891284328,3.24858601555057,3.05339544965886,2.92437673091375,3.13087506541215,2.98254540831628,3.00697531691971,3.13232517338302,2.90324509240034,2.82346612967507,2.94335555882112,2.92113420044056,2.91892981582544,2.91222383187237,2.8902445343958,2.97388412261688,3.08799513374815,2.90177059494657,2.94746696619042,3.08927437423993,3.03078647066073,2.93119692300764,3.05289308892538,2.90686400951937,2.93532431546187,3.07989561408261,3.10233484749787,3.08018393472529,3.05574642923297,3.08550481851261,2.8493944969855,3.05420766733893,3.03588284984382,3.02543997449131,2.94383263879236,2.80482093975232,2.89191330609712,3.15153053582553,3.2295014929583,3.11968214379615,3.19194988221874,2.99633061222705,3.02426782069493,2.88100474106742,3.09285397084235,3.03284673097347,2.98722191399299,2.93525518608643,3.02176055511901,3.01488087188209,2.98141393439985,3.13192927607439,3.01078483836387,2.7573583909796,2.92743634330431,3.10938703984371,2.9028283002627,2.99525435488621,2.96459106760007,2.99664265487622,3.05953758830865,3.27759072456819,3.0771046346229,2.87072772837431,3.22977881403582,3.14945254433744,2.77887762253943,3.09565101153707,1
6.08133431937116,3.09058326166016,3.2381870022039,3.06910793736248,3.02433187573964,3.04212112423757,3.04091404905254,3.0802437827786,3.10809818547644,3.13570280082082,3.07007741754004,2.93633828309627,3.07057220604175,3.17314314854697,3.06709032235311,2.96234734449215,3.10453365807849,3.08610013542404,3.03137752369882,2.97858333332117,3.0713682995979,3.13623410338403,3.07541298910409,2.91320426899625,2.98755624836995,2.84812157762768,3.00059178782201,2.9930118749813,2.98791521545759,3.04547599448438,3.12833569934913,3.09506855020948,3.11391117660236,3.08173824915992,3.08108009771874,3.06178683894916,3.18328264528982,3.15693214063869,2.89722861120645,2.8768500693569,2.79388122521854,3.06386638483078,3.03183625836045,2.85687839178582,2.96149615841163,3.0713463395911,2.81030266821937,3.1291529459507,3.00810980613597,3.01343181318091,2.88102022103983,2.81570264680552,2.90730750155533,2.96661802247257,3.07970139786043,2.95746850546746,3.11149275510418,3.114551097207,2.84853181898519,3.16673896096378,2.84704300645624,3.14937223002961,2.86456916664449,3.02564516371712,2.91798452920268,2.87599744538012,3.07668188858007,2.99709347703782,3.14013801657769,3.0136544674959,3.15141078606983,3.1925080002711,2.84413342474191,2.74698476293839,2.94620011920633,2.91481210530297,2.92617188349617,2.93738842639739,2.94463431835257,2.81206120289824,2.94191964117865,3.06946113924484,3.23918827485788,2.96866477973044,3.00515379404127,2.85003037963319,2.73452048907159,3.13715208532947,3.16466068763776,2.90190818751047,3.03288931553015,2.93499318739387,3.1597129696839,2.99395364662466,2.85217244185502,3.25784578074841,2.97951308630779,3.10449695196118,3.05983686511466,3.12997805867337,1
5.97342153196067,3.06193284463265,2.88455150426877,2.93245214903916,3.14053552471325,2.96233192761254,3.02919189248689,2.86490905528565,2.8626679334247,2.94454575617891,3.02359251367211,2.8931672334557,3.07721465701912,3.14440024656845,3.02740837639154,2.94219465433385,3.08086897752588,2.68592054957327,3.19333077047491,3.09765736736271,3.24475560513914,3.05270052613194,3.03052934138271,2.99756775417845,3.08248314164509,2.9607520321408,3.02020482759915,2.97828870035418,3.05485795642866,2.97519102909546,3.03074765961413,3.14726490756786,3.25707995200556,2.95907443465694,2.91117598117254,3.07191633885071,2.92088905229839,2.97376576036325,2.77117309921657,2.93024099722159,2.85086524422304,3.02639037399692,2.93728303530104,3.01625923843587,2.99388890452487,3.1419239140197,2.94119206071062,3.05453704783572,2.7950785202775,2.89593644665515,3.02885075996513,2.90632299241851,3.10872885474579,2.95579943243669,3.01465832112478,2.90305810145386,3.02845557474799,2.96411022338582,3.08231630496123,2.93196527010841,2.78700551740792,3.12563567051826,2.8239794154479,2.84890962682896,2.9521359515107,2.80574764252427,3.03576403620377,3.15269697034932,3.23901797211852,3.01347207724281,2.94526359437736,2.89105706066854,2.98017817015991,2.80510660148092,2.96635421983208,3.03040020876145,3.138147006177,3.10543458682136,3.1980738627101,2.92681595308756,3.05958633130342,3.05780890250518,3.00469089095163,2.88174979855092,3.12449501527113,3.15928950660902,3.12908639644354,2.68429705640144,2.83834815404229,2.95557802578468,3.08479174637788,3.05193395445782,2.97708446015369,3.10755364834286,3.09959862776567,3.02619324777895,3.09649940788441,2.89250019133678,2.92588743525431,3.17640056297017,1
6.24573806704084,2.89957128778791,3.13906006537734,3.05853535976792,2.99855701092886,3.078907537704,3.01814293310738,3.10118869806581,2.97441143650371,3.03879834591697,2.91345954206944,3.11405131941998,2.90527647253098,2.92305911962618,2.99344306987889,2.93456388328375,3.00685295068443,3.33367937643815,3.05452594368504,3.25796055991751,3.04671690629483,3.18461049370075,2.85747763282051,2.8988848711367,2.91676699294528,2.83717692974699,2.84138964744209,3.04857168614523,3.05358008687274,2.98046508089854,2.85238461767859,3.12380091558651,2.83958152244553,3.12755029207182,2.87092106380083,2.86876203424861,2.8842910317501,2.94608092665787,2.97900959795841,3.25757778466897,2.95484265239278,2.9364926630537,3.05873391220196,3.00919761312566,2.813253471829,2.96814174454359,2.94683765287178,3.02748871742256,2.92965706276409,2.93407022924778,3.14340964702405,2.97776749902269,2.98464432318292,2.99129148007651,2.79861786826479,3.02890069233473,2.83421949255441,2.96109617481609,2.95332289471865,3.04187404550058,3.13664068252218,2.97078110638773,2.98411482122078,3.08918778944106,3.2792292203987,2.99657576361855,2.91817131192747,3.09846254441587,3.0002176399598,2.78748101733725,2.86163093294004,3.00182352879865,3.09285225606853,2.94803986814675,3.06462838967219,3.03667934524751,2.90683507535847,3.05669975294471,2.86478243603175,3.19625448499818,2.82202286462629,2.9582406178031,2.94695035072072,2.96569770900064,3.11363707544558,2.91630081934275,3.01631664622765,3.09067296416488,3.00592914853859,2.91137448227398,2.82316855353498,3.03604962922647,2.80511715021205,2.85572455623626,3.06773142400863,2.93982226733956,3.20400196786598,3.05339070061519,3.13135814972708,3.14996944799743,1
6.11147682455446,2.83305002928083,2.93189973081229,3.0715532239033,2.94666525727793,3.08019600632527,2.95299101289037,2.87359024728598,2.77295976006969,2.81119810908647,3.11122618561483,3.08421220495788,3.05728800629785,3.05185962677626,3.06142361923586,2.97402635185338,3.05573041095885,3.22882718505954,2.8886726774171,2.97166496660484,2.85210875037317,2.97390677942016,2.86256765555917,2.96298297914158,2.95008505779725,3.22238496134241,3.02852107183232,3.00756309193597,2.82441551174948,3.07670724301584,3.31042854166326,3.00536937574659,3.18795657691715,3.14834524011454,3.03328755930092,2.99741730962451,2.8643854772306,3.06533060223356,2.94769677943948,3.10508773774842,2.91997187610786,3.00269640446072,3.07443478674794,3.03819907577226,2.94579669020718,2.87056573626866,3.20529496033065,3.28086519654267,2.96466434095306,2.9669920816203,2.89028335890107,3.13362891205342,3.14871134147735,3.01127844617224,3.20368067321266,3.00085547058184,3.03560876261936,2.93692668847064,2.97675991041983,3.00756008776595,2.80682902663363,2.93413385566943,2.9907787759669,2.96056356135238,3.03637662341758,2.82442267675095,3.08260393384942,3.14781622466905,3.11052952543568,2.92987397622454,3.04067948059026,3.0806198833096,3.05481374537881,3.06654629924833,2.94854720705615,3.0353258095507,2.82679386665432,2.89307752558715,2.87398640454621,2.90102267607708,3.05870443136027,2.95132451199734,2.97502931727318,3.15032859613304,2.87584546189974,3.17171202035699,2.90131583254769,3.05213971806728,2.91565586099423,3.16782127960773,3.09156465944548,3.09351056042151,3.10178761736862,3.18111981852566,2.9049512922234,3.09083855151713,2.7884826418122,3.10404519046998,2.90675108523,3.1425936602788,1
5.93992753250914,3.04275622253511,3.0943525884195,3.00537464768209,2.8553003370568,3.10855961983372,3.00524266274973,3.08370411548733,2.93196156603084,3.08144164894858,2.93724205643176,3.13420572061701,3.21823043964537,3.13547478686502,2.8287229704553,2.99552230110627,3.0975838055974,2.83674953602106,3.08161164515185,2.95858104162113,2.92310632189206,2.89104712186542,3.04123411405899,2.9163990604986,2.97276154245168,2.91361185726503,3.011456507751,2.97081247791996,2.86359722367289,2.76197513406648,3.21698180117716,2.90400117578731,3.29150521772977,3.00765417477479,3.01294866687333,2.83782515107555,2.9005601226476,2.9743550391389,2.91160233273478,2.97961954612001,2.96239204987241,3.08188701989694,3.11340425567805,3.16850901592292,2.95542689665507,2.92077038141494,2.74145279676288,2.95793261692726,2.92544231602514,3.00431526775996,2.67895484830729,2.93228498625033,3.02071396433363,2.85389846650872,3.15168502758522,2.91571104565821,2.89293283125034,2.81336017331718,2.86110967003525,3.10773547023812,2.95305183070649,3.09298297492584,2.93723664771655,3.02407656499198,3.12896571206166,2.89484984856027,2.91380184479834,2.96971600740983,2.8301426769693,2.97000980231505,3.00214715440949,3.02447392161629,2.91845385551908,2.91461507650252,3.01527117189573,2.82096287664927,3.12299877251898,2.92372650513551,2.90697990322715,3.02358281736573,3.10525818247882,3.14103946135527,3.14348864304846,3.1767226385014,2.9072113829934,2.88182612012509,3.09264693757216,3.12200531048861,2.98289060476188,2.86116152195102,3.02752328543168,2.87164615286267,3.09005379364053,2.85265194599617,3.07009114849562,3.04671583707716,3.06475760180374,2.91927811047442,2.76514686443902,2.90563396371411,1
6.0648245948558,3.13467278667118,2.74207711776775,3.15786650916518,3.03002400331488,3.09298943269865,2.86723810337756,3.10192107046331,2.9152971377881,3.00080319725771,3.06644434449392,2.85755382400004,3.1431334238231,3.22273055408082,3.07834743531755,3.09111915344833,3.04788406892915,2.92720551850242,3.31613331270973,3.11246216057771,3.05486751193092,2.91745195892435,3.08245252591626,2.90095925512205,3.05063356443987,2.90367889004614,3.09588763313534,2.84837111260397,3.13055223490269,3.00653308981216,3.09336225842937,2.98813619961158,3.06770979029994,2.99801671248067,3.00985365430655,2.88216103204185,3.07260816473346,2.75242083250696,3.1885894218132,3.03785207635837,2.84141952895546,3.03089730710238,3.04421073174953,2.82214514423425,3.10225621444503,3.13633180403812,3.01792821042846,3.09753201297751,2.85510404425645,3.16010711859451,3.02777926804096,3.16385418863636,2.97531061715088,2.7483591392557,2.92514861843227,3.03370394574071,2.96664031917528,2.96613179496136,2.96305334240495,3.13204163427394,2.99985251804634,2.87572651486318,3.01419015200111,2.98243369696736,3.01152926946866,3.05284259427292,3.01988333093575,2.90630026299707,2.86051374816583,2.96866801253164,2.89078057317235,3.22703711594107,2.94776341324408,3.13307872885876,2.95978537805279,2.93328506390071,3.18611311048203,2.87475961774151,2.87351681756719,2.88967781610751,2.87515923948615,2.8860650808847,3.08563709355079,2.96732794661086,3.0244164086762,3.04910421287126,3.0595569309113,2.98046723693754,2.87451923307934,3.03052937362005,2.8441636770477,2.98049893248519,3.17988390018903,3.16145087077524,3.05848914525635,3.00804017120363,2.97658630640652,3.22696957113842,2.94306809837042,3.17265789398604,1
6.26591871122086,3.05078735875575,3.00677696500888,3.05791700850653,2.8406221729928,3.08982414672595,3.22169500584731,3.03187042706981,2.98564980075514,3.17641398323544,2.78708240660969,3.02012758676061,2.95175849729564,2.95675619389284,3.11608053273051,2.85489501947422,2.88212497746357,2.88564216093,2.76110425086198,2.998324684701,2.88503887744969,3.13035583097952,3.15787213085912,2.87828414652104,3.00551752171659,2.99064776030544,3.0331763310009,2.92974826154108,2.90065459518329,2.70281437387221,2.92768661541694,2.95850141766018,3.10231970245318,3.08416157887392,3.01756777722159,2.99289306729119,3.01908678787975,3.08910840367261,3.01871160055328,3.14564370514464,3.10554768524232,3.05377068692462,2.98926949309809,2.95136822752693,2.97288280073823,3.08047859342374,2.84896320004154,3.07346639941195,3.06501168720376,3.04958383023235,3.03568902524552,2.98522589631906,2.75517214374324,2.92397405593062,3.0736795797412,2.94878326280684,2.73385171569657,3.02896689224091,2.84138189606051,3.02264567348664,2.92254718439486,3.0012118615579,2.91121707158837,2.86175503789648,2.71630859938374,3.06810717177935,2.79865815986225,2.81117624339125,2.93350335386636,2.96044744248075,2.98388037078973,3.00948774459556,3.24598103755971,3.00877983829961,3.12171446755389,3.07889413021739,3.09862638706082,3.07658415451651,3.13214595111669,2.95823421500587,3.05577710913682,2.9970741398243,3.06293429779898,3.01080863931914,3.24113774443457,3.17079359620297,3.11310695012752,3.14843283989619,2.90314850444243,2.9521913746907,3.13386554126994,3.06587957702668,2.98391663575959,2.86766095730038,3.04331738555642,3.01009410218899,3.04215728371373,2.99595723152124,3.03011168739032,3.1371982033603,1
5.69662430138088,2.82664544527234,3.26397738716765,2.94509196718376,3.10347243046021,2.9945054478903,3.15951616477506,2.89133836729577,2.97817285064421,2.83182070371209,2.98904260963498,2.91283619102921,3.12679669484563,3.03497111972625,2.89787654074264,2.96560280187206,2.95743765635506,3.03328896020701,3.04204139322722,2.83889477107029,3.05216520671066,3.13386395458775,3.086688127408,2.93482784398742,3.08024179683084,3.0694393705372,2.90535322052246,2.98207598921549,2.86040730852631,3.20310208018178,2.79860131690685,3.13712123545082,2.87932161351794,3.01817254696265,3.0936148693008,3.01031360457997,3.00526027316931,3.08916225698123,2.90581290050013,3.11404492556255,3.0342395371913,3.20643179511752,2.90213272677105,3.01534457097684,3.12176684915536,3.07580889386288,3.03527228554337,2.86170970854844,3.04635572524548,2.8387328439787,2.88643880730004,2.99677889947573,3.18491405278322,3.04689760819536,2.98534870589174,2.85413767064671,2.78723483120176,3.08098381960375,2.94864628205272,2.99460756822254,2.9313601387044,3.0180302676279,3.05931550424779,3.03701775554447,2.92898346803402,3.27374015794005,2.73015378827719,3.16826755360629,2.97415483302163,2.82194971009798,3.10060905562915,3.01490448449179,3.02501831641028,2.89462367696792,3.01916472228635,3.08310513677685,3.03632373839349,2.84451919838874,2.90696074445867,3.00572824189915,3.15629605009352,3.08075929925577,3.17027710612024,3.13418057536088,3.02583540244388,2.93439638898535,3.05385676776024,2.96170703898006,2.81816587046579,2.86056705357176,3.10478543515947,3.14249402822589,3.13422177906829,3.18806830029072,3.01453831746138,3.03796412312264,2.99387121170126,2.97730488166279,2.90019645776668,2.91876672895818,1
6.08589505182396,3.09353828533163,2.94381855158967,2.99674393144439,3.12256618733937,3.00480645917114,3.06367057153631,2.99880669818974,3.05466747549685,3.18919089293552,2.88994533977088,3.10722923381727,2.86612231604344,3.06684147994985,3.06631438311478,2.9235275003891,3.01010788168816,2.84018980415678,3.13811803340782,2.96091997834611,3.03963579767136,2.98533669642704,3.08558926135736,3.12869189916566,2.88565651211994,3.14457387512291,2.88413489945282,2.99942515095868,3.08140964183994,3.05416242648088,3.02087840025854,2.85422224510546,2.82634434737257,3.04080066102539,2.93100556690107,2.84873490283348,3.10817256645378,3.15892681132344,3.02871349842552,3.11931298258652,2.79768004782822,2.79580541115915,2.9754690543959,2.90384810635853,2.87185661506468,3.03017543243469,2.94273347824543,2.96950937939329,2.97452910982977,2.9429985306571,2.9729940752017,2.90948164801841,3.07878542274253,2.89960291333274,3.16883133920978,2.96122304117687,2.96041973824583,2.76519740745319,2.9138521501079,2.81643292000738,2.71625210670882,2.97257459290979,2.91319757184501,2.9699684657612,2.82212389819951,2.86481654293377,2.77664996965307,3.04503881568693,3.10018140441959,3.03787562683777,3.07928136380849,2.83823507744393,3.11749336891662,3.02456332734152,2.91691005020297,3.08508845075958,2.98157547504371,3.29724792615706,2.91411107892096,2.70211367782922,3.02228918293287,3.13483913099972,2.96094288889315,2.91213825624831,2.84172527868861,2.92345769361333,3.04749076840455,2.9022268284993,3.07746685888647,2.93772587997706,2.97135834511206,2.98227927340161,3.24396902018669,3.10265229796797,3.14047110349869,2.86998079356362,2.94006249393781,2.95891302738648,2.95137477518988,3.06092221096024,1
6.09630740708806,3.09219907707499,3.10898382189278,2.99600871385316,2.96333295723188,2.95485689367922,2.72729246468595,2.91308530898881,2.9501422916283,3.14445811111696,2.88036594229406,2.96675262768833,3.00280677646293,3.02167318844338,3.10477187886301,3.00623700895438,2.95835368257745,2.91562495576837,2.99607812579608,2.89096979642859,2.96099807876853,3.0886666849888,2.86611898160811,3.04953107198496,2.96029780278579,3.01375212377276,3.04249091246286,2.94809904558431,2.91126917426651,2.90601221200862,3.01576695237169,2.99474085405821,2.96131732750293,2.9951129333379,3.01291452988612,3.11628895104637,2.61292021229297,3.15027263340611,2.98664983605831,2.9630949320663,2.8939303743378,3.05395818903618,3.33049735198697,3.1084596735515,2.99243442383747,3.02454811373903,3.07853772406331,3.04552595532939,3.13115801846362,3.009305329772,3.00669157036166,2.81936416915125,3.07116213194849,2.85474171855206,3.10990458532947,3.06463386744285,2.87043453810677,3.09249598890925,2.95676510260305,2.89378968556753,3.13049461502048,2.88504862669197,3.02059287433833,3.11429463409352,2.80324434949075,3.05079553714529,2.87386834565411,2.93114424340095,3.18878539137004,3.05371964072257,3.10149004975161,3.21055251265314,3.24464365345191,3.05123327411047,3.06515446261287,3.14798491280481,3.14776222026878,3.10710061677334,2.86264403699412,3.00895831793528,3.12279966649087,3.14753309422903,3.15963564072629,3.2031481635559,3.14324397821436,2.96102951756635,3.01622982274454,2.95960579674768,3.01395541439914,2.91217454267141,2.92732040054855,3.0991859002133,3.0636690095697,3.06784474994134,3.07778128936519,2.90570493085106,3.23255162536479,2.95418272298719,2.90914554837184,3.1585376808023,1
5.95879601452703,3.01410004572414,2.88061503574091,2.96764725001598,2.85555919619758,2.97504600658943,2.9872908618411,3.05977164202634,2.97608139657519,2.99235344851584,2.89266466333192,3.0087683442324,2.97702116607387,2.86607616883067,2.98396494403596,3.10810152101298,3.02279317724432,3.07738090395685,2.96747880543573,3.04780804693614,3.10352611566176,3.03335897485668,2.94884711580304,2.97067386802715,2.85867586128157,2.87155371909026,2.86381779968914,3.06633793688598,3.12336085089801,3.1022773143131,3.03877114318477,2.97029795007146,3.10928080705864,2.94468760523226,3.24587413372259,3.10923997069706,2.92625451197644,3.08802334019854,3.09150909195406,2.96698343486471,3.08059044401596,3.18805955591196,3.03463070578509,3.16413709085411,3.16127301497955,3.14674652934453,2.89952970772772,3.1306796779841,2.90739796506048,3.27736000311474,2.96365970335046,3.12826054938787,3.10146418172997,3.01773009400307,3.01089597307623,3.03553996499123,3.07723412206331,2.80310550092042,2.81574749364146,2.86738368409433,2.99767755043079,2.93765860256697,3.00349892676822,3.05001813450659,2.82356175443431,2.95326850363438,2.99395244010608,2.97031607341019,2.7107801794635,3.13902126263475,3.00823851500845,2.94943350989228,2.87112838203764,3.10685147666943,3.11689584774645,2.95066913799003,3.07402943395799,2.90129326082575,3.04166257329743,2.96778818072713,3.20998191365159,3.00454410069961,3.21060142374199,3.07429777379188,2.86159049252841,2.70298999477325,3.07717227406605,2.89838133254511,2.75805260631653,2.91615104700947,3.21247329163711,3.0249984972802,3.13299704543925,2.94613203093714,3.04818698004999,2.91112656885325,2.8285096874832,2.93330899861603,2.7471705899191,2.89772249647861,1
5.93447159239336,3.01925725491327,2.93736397912047,3.09150800764722,3.01817322415526,3.16278570834576,2.93763123419177,3.0074829200682,2.94170552804484,2.80371549789695,2.92236078606648,2.90855755073414,2.95125144306398,3.0276654962421,3.12816255611939,2.95637581782905,2.83693444504779,2.97429706329193,3.0635561671003,3.050787773165,3.10594822182713,2.95099150036623,3.07366190331765,2.74783681832165,3.20051571355479,3.0393668848376,3.04301819173059,2.94962813766821,2.98670264381738,2.95336725848758,3.03499218699378,2.93481148450459,2.91370810771185,2.86725809079613,2.99536039905693,3.11841558897439,2.71018872063223,2.97547994431945,2.87692751585345,3.0409227584926,2.92854677471721,2.92901674503817,3.13809278663904,2.91970782678667,3.05825347755685,2.71440246450817,2.93118704692908,3.01053012083769,3.00585202396564,3.01675561873804,2.87390171112953,3.0595733482827,3.00116469877079,3.23144015917185,3.03613039425235,3.29177388879123,2.94056146011521,3.00837501015763,2.92123454979897,3.10723035185058,3.24936994276618,3.136375045026,3.06561161799642,3.04259692588307,2.72478293262084,2.8740568832823,3.10160180266812,2.99083696157232,2.9051861369921,3.07595978714984,2.9345171605032,3.0844272396292,2.93318983383528,2.9896804708248,3.16801606367288,2.8047040101595,2.99707283962908,2.89058131893938,2.86312532834942,2.86028945270302,3.09409291164,3.13196209214373,2.91646390394756,3.00026362419584,2.84807142371268,3.12418064944585,2.9138068141612,3.03599593153373,2.77974218923211,3.12776966245723,2.96008029990115,2.92782411171104,2.8954501048462,2.91188657874867,2.89947587097114,2.78759185466476,3.04959142056093,2.91421882420548,2.8752714737429,3.04252337722235,1
6.07169443437449,2.84640415599074,2.88334544517959,3.08021352419515,2.9480581186802,2.93135673349949,2.99872606396119,2.98986419467062,3.09699941074765,2.87127831349683,2.84876742784573,2.97888274560723,2.93935748351282,3.16718534459179,2.87216000919297,3.12848395620379,3.03267845341196,3.12328294500204,2.89261457987238,3.10904359417901,2.88378198920537,2.79237682033453,3.07819119872533,2.93711520137118,3.29599339462023,3.13149786642909,2.91198969855231,2.94283211826249,2.97323388466939,2.98614478993342,3.14151240123674,2.78819194232745,3.03538316178615,3.24714960774287,3.062737420247,3.06499672076206,3.13135029363292,2.88332656692676,2.95595553445191,3.05058448943959,2.89296831992765,2.87837792711496,3.14348382099311,3.06973148369397,2.90816684347001,3.10001988521211,3.07945019806098,2.9949890481803,2.94654165000504,2.77978317189665,2.77635436626163,2.83885818670137,2.99705067036733,2.93002543910432,3.16428567577989,2.98870049270902,3.07369899769522,3.01387053514222,3.01386735052215,3.16104383257652,2.96752615736968,2.93606309141476,2.93198455265115,3.03826043111954,3.01572441982916,3.07264024697901,2.88797255851096,3.25190518223962,3.13892031466666,3.06442199160154,3.07312129735302,2.9719091020651,2.86361188911585,3.12269943407035,3.07309690634236,2.98859026890925,2.90273165866907,3.07295180438896,3.0692872132971,2.92558091603142,3.07517812625001,2.99622053656575,3.09880983498169,2.904879976485,2.97777704175909,2.98235381804095,2.90186569572473,2.77217913714081,3.10405767097023,3.06132028712307,2.98126574407311,2.97813296711663,2.95299776033581,3.03920781667712,2.8456424001979,2.8581193159087,2.89964931413516,2.87891375378516,2.96362438142931,2.75019018347175,1
5.93902761575283,2.9071685574166,2.96586700744175,3.20943817863063,2.83892449725515,2.91800238535427,2.90085954934622,3.18754980681509,2.97822941098132,2.99937017171321,2.87966034719168,3.0587156077588,3.107026868234,3.03348519391877,3.15282690986181,2.80061501990993,2.94565233857452,3.13712268112072,2.93476881469412,3.02856979012406,3.14801364491804,2.80297716183452,2.9323176352934,2.91567796919769,3.14051976263972,2.95587287897129,2.96514836376978,3.01023995753289,3.04382605532738,2.92948050842768,3.09342522811654,3.01147603388998,3.10877507838987,2.83896229173962,2.93199642524031,2.9312710244706,2.97993785311429,2.9783938269053,3.08534636061361,3.08840122392619,2.987808370432,2.82054238264183,3.18867175148955,3.06578228695947,2.82449514565453,2.94171758492675,2.96361220819105,3.14590232230995,3.11212119614195,3.10624409345201,3.26159349843513,2.88739307336891,3.14419698816263,2.94960963812905,2.9707928855403,3.00922445450679,3.17382531237571,2.79662894528053,3.08601199831693,3.00587652050502,2.9496104238224,2.85251304070727,3.04855592782213,3.0606627227183,3.12620406781864,2.89201819325983,2.8234221486549,2.99901854240683,2.9896863759966,3.05246878741522,3.16371229036573,2.96928413945029,3.09968985279589,2.9703868175383,3.13521802766926,2.83985729494586,2.95680915958423,2.83420670742461,2.94238417184122,3.10615571526677,3.21880821571159,3.01385383974055,3.09320420172691,3.29545601770455,3.01653545590313,2.98958774884395,2.96850931069108,3.19674475558416,2.92800029046634,2.95004163633397,3.1463961164293,3.10015029051175,3.03697837044812,3.02171162101161,3.14915548627401,3.13067379581674,3.06108642470937,3.2275986065949,3.01466814851882,2.85947442763779,1
5.9456571057258,2.85810341899421,3.07165016877009,3.01167011063434,2.94005544878271,2.99330242999276,2.93812356612916,3.06302477867834,2.83564442072091,3.0168356105997,2.94399104651089,2.9242358234604,3.0339356616006,2.93607346063684,3.05110400570481,2.92343461717383,2.82494187569657,3.02416297771001,2.86940651316707,3.13534802213254,2.99606152323286,2.71161438113902,2.96396828354379,3.18803999089354,3.08694969947719,3.25293121586665,2.96172339019025,2.94462120578416,3.13461209817133,2.90281272180938,3.026735169058,3.07517349839244,2.96688835861787,2.93324882724656,3.27627062314555,3.20649450165998,3.16839137324021,2.79000437268218,2.72461662324339,2.94659750266494,2.86926181592446,3.0803081158362,3.07293071674958,2.87006869998296,3.02777720040178,2.80618120588578,2.96353146676965,2.86529913294623,2.94470401079105,2.81790688451635,3.03343742100109,2.98149284643176,2.96039537145661,2.99780682377928,3.0184205980001,2.92626733960206,3.1319971408649,3.11479450786463,3.01735787210443,3.04437449790129,2.86639205972827,2.99862636209763,3.2573852135762,3.00686464633617,3.12863425936468,3.00272022214959,2.89171448912823,2.85200060111581,2.8743476868852,3.07881388599889,3.17276099132936,3.1330297653502,2.836066281399,3.01078658634161,3.05387620676526,3.05254309169768,3.04104691062735,2.89918684682726,2.88151307254324,2.91839019040272,2.95759376916919,2.9681010400427,3.01615070069598,2.90696278408191,2.87359475081153,2.83433635537383,3.00763991160473,3.08225196116536,3.06115741620029,2.90587294306165,2.89819362217418,2.94010820754397,3.13221731999884,2.92921881892652,3.07182433556089,2.9345748563412,3.15339390639093,2.85902533311328,2.81470681301273,3.08879342449916,1
5.97902949249803,2.88853847550944,3.04536040217922,2.86606615475954,2.98944566771285,3.06103943807847,3.03633276068662,2.81905816408122,2.87891453014739,3.04432697842427,3.08525709735606,3.21315160842376,2.96779962034665,3.06011500867025,2.99857716883386,3.2909334533343,3.2093110305855,2.99096382865177,3.04392541140044,3.16971342435046,3.22468438463013,2.97064030145335,3.04121769165977,2.90610694758004,2.97298280326518,3.0166301742216,2.96981019998784,3.26237009388505,3.22387702748036,2.82669706051707,2.80491229483983,3.13976110329366,3.00035223218718,3.03345084565445,3.04077444580178,2.96900690875948,3.00195796131914,2.91448135864627,2.7759210967454,3.09444872902424,3.06664599328582,2.8536650738453,2.94846670657584,2.96686057126623,2.83129776948431,3.00495570163864,2.94206028054815,2.90525636682552,2.93191490904682,3.09211617714294,2.93838530341467,2.80244058291702,2.80964074708741,3.08344249596782,3.01525123151092,3.10135037319169,3.12807295061993,2.95990847526765,3.17139912565811,2.91404237329162,2.94403923307204,3.03819623060797,3.13314928939702,3.04095854570719,3.04887610950434,3.18241772912658,3.19701350858811,3.19604613020349,3.13727928549541,2.9053139286764,3.05916418836617,2.94089689193698,2.8992667399656,2.97664842557335,2.90141927631877,3.00506073787809,2.98745107940227,2.90785064653593,2.89853523210504,3.0038513847225,3.03671026296696,2.81618714891554,3.0054077622927,2.97270265977191,3.12816204633958,2.94111494762934,3.11330694690123,3.02825966513431,3.06273861574316,3.01463089508628,3.03991507716877,2.8965855413342,3.03796199405243,3.09259919992962,3.23914099431024,2.90754183283503,2.85088394114862,2.83773783010781,3.08127237701454,3.14791339262748,1
5.85471285664717,2.93535396952326,3.22256360615009,3.1178252556334,3.13259677919822,2.88724086607824,3.07878458162386,2.94884031496049,2.84549119287659,3.18881313416395,3.1280746013173,3.01800305891587,2.92665772372784,2.98780430469288,2.81541731279254,2.93971655843631,2.96136827243508,2.96115775256797,2.86983808791374,2.87088956925441,3.04637398709806,3.14837358987772,2.97766684877197,2.98532048832104,2.96961156960615,2.91777164204122,2.89829390013469,3.01235470737864,3.07957059952917,2.9908786278753,3.08564456796312,3.12251220225701,2.90994149964162,2.82237287448533,2.92994013741919,3.0618632076889,3.01628061619923,2.91765446909678,2.87419416270702,2.91225619879857,3.08926575780548,3.03226483539958,2.9734697615789,2.98812361547175,3.03534039009142,2.88478034296907,2.93642726498546,2.90541672970724,2.86775533913417,2.84969957780075,3.03211797759448,3.06568756528347,3.04690963702347,3.30885780667434,2.93199106124058,2.94035132507968,2.9351363173374,2.98722030830833,2.9872584702953,3.01178893264215,2.89461787006835,2.81039566313142,2.83393890931946,2.93479435544457,3.03760440096308,2.79273102366321,3.25293813148767,2.85357282925141,3.01782187588058,2.98814299610051,2.84737229109316,3.00429309959023,3.1274277657676,3.06645515846061,2.97319074034044,2.8455836668596,2.97919321733268,3.06419557623388,2.83713871406751,2.7384383959426,3.11985387844832,3.03000815644083,2.85115659870779,3.05517502049952,3.04634757740758,2.97872846412301,2.90392379678421,2.9196156601287,3.00006874495036,3.16370062089855,3.02673625579273,2.83114995794205,3.02676078148621,3.09746302368103,3.35860036048021,3.09889648733504,2.91420616072835,3.09142994164757,3.14196676682171,2.94387552686661,1
5.91969329279872,2.82938024682634,2.80881685511754,3.1183771900128,3.02962738688016,3.1648956223084,3.06989412734197,3.17265165488514,2.96419541624326,2.83508872689472,3.09168445469676,2.87426837728856,3.11217811634266,3.01820708022869,3.10363348714664,2.96399139867325,2.99181638632779,2.77596711109445,3.0503798725546,3.15172528931071,2.99620891120799,3.05354818325208,3.1513014597817,3.01379582900422,3.09228270894314,2.84513492917352,3.12389825249969,3.1480865895155,2.76561375231767,2.94779506853793,3.0108746469539,2.93615770184379,2.95490656565409,3.0074474107733,3.10781764556543,3.09142422638024,2.99284069288969,2.9967214252107,2.94355161838945,3.03279660582844,2.8771698997916,3.19418462365413,2.96416345914708,3.07121250841425,2.90919635165148,3.04618880543402,3.09372319005054,3.00204674077254,3.06136617892725,2.93125409725361,2.99915213510341,3.04157926549156,2.90742543656397,2.92124352202002,2.97057607359392,2.93611468404988,3.15448124550569,2.89909226906351,2.8716935612854,2.71380892118736,3.04106866867201,3.01148555695746,3.0001153858867,3.13278615119174,3.05571089766697,3.09557462668426,3.01067980811495,3.0137376169988,2.9233719379855,3.04000534426253,2.9239457636573,3.05426038207149,3.06077150099863,2.99373444888829,3.23057726125293,2.81853789294529,3.10239002627366,2.99292146459964,3.00922185232419,2.81882019838815,3.10415484282752,3.13117567556059,3.09166910510593,3.03657351837028,3.1880952052468,3.1261266568585,3.26580488742275,3.0368614065192,3.2461711629808,3.0921193287963,3.17045137189303,3.0773843534565,3.31792717138437,2.8246550276785,3.00431712519774,2.9244188298875,3.04918921457945,2.88483748024603,3.05185300459472,2.91519133205104,1
6.11063666445297,2.80772745750297,3.06150458862791,3.01297034917492,3.0507093602358,3.02520555927314,3.02265549244308,3.11597229928467,3.06512510092286,2.97453062254017,2.94009140873606,3.14106285405212,3.12833874759442,3.02454463017936,2.92665415366135,3.04127898767868,2.95773963445513,3.11899607418501,3.09886595903539,3.07786839890124,2.84745086536591,2.73852916910372,3.10372787338841,2.99958055464499,3.08224597429634,2.85613900828757,2.88100427146052,2.96908924002759,2.99673230310821,2.89131933668227,2.83838371353396,3.08918172707004,3.00663878978181,3.1032575849071,2.79901031291067,2.94814225350445,3.07929611876646,2.96256711040467,2.94351105837774,2.83835921394754,3.04743800209276,3.17107756880719,2.95431973967136,3.02417776354761,3.12452173454141,3.12085869019807,2.98468515271043,2.96662848635647,3.10454845759537,3.080622533255,3.1287825985318,2.92577283838136,2.65838987406063,2.98385785005343,3.04998429960181,3.01132812353804,3.00971977140279,2.90992033836652,3.01323714457228,2.86633195552026,2.96545993399588,2.99622523799467,3.07982927729988,2.92555596652659,3.00330580921467,2.93526126845804,2.92201499687859,2.81316487231834,3.15777783962083,2.99647806826733,3.05598636005577,2.89634990934828,3.03255910552558,3.05417325305486,2.82284086776771,3.00880042452673,2.86737853893652,2.83812321954812,2.75509811420741,2.8558664900176,3.03048941671691,2.86531001474958,3.01338157418617,3.15461111804921,3.01893715759716,3.3834450646915,3.04500179483049,2.83709750375052,3.03097572871953,2.89042892928791,2.80059392089299,3.13349740203824,2.92043014803832,2.88719526478157,3.09052303517845,3.19713176253994,3.04190071253188,2.91810746656329,3.14635448529409,3.04454455495025,1
6.06537298535783,2.99870185411119,3.20349940308752,2.99331922138935,2.76732860568012,3.15949527790099,2.89887002198312,3.19824270222478,2.80837678332503,2.91020852827528,3.14825116815152,2.70962641208734,2.9900757353128,2.84320781955706,2.85598100186388,3.02785223667641,2.99537943838084,3.00227334497265,2.92873646142826,2.97794079595544,2.94336439506509,3.23182970056174,2.93687767284861,2.78694041313446,2.97706215585689,3.08311076466872,2.99131111301617,2.97791125959391,2.98941480698627,3.0770584067415,2.66270368287563,2.98549275906942,3.10913260120714,3.0944369931756,2.84850135921165,2.95139398000725,3.10761189687788,3.10638823219915,2.97738778285496,3.03397348769046,2.94644490561598,2.98073101546779,2.89115583230332,3.13840801840002,3.05647498881128,2.94817806270916,2.93367535206796,3.13409769176107,3.12422611283066,3.06824099226547,2.98326896780199,3.05769025822383,2.81210820240887,3.00414302582103,2.82442818048045,2.93478473081005,3.07702205865647,3.1774262094353,3.09517842049894,3.10856494414401,3.08700646064982,2.97559289679672,2.89440472916763,2.9388595669296,2.96555294201418,2.99053543742425,2.96265505458367,3.0564952421605,2.90407607046541,2.97480685150872,3.03388850191534,2.96536386607153,2.9281261886123,2.97549197002305,3.08810118582929,3.14803372737086,2.74524963006984,3.13679200691912,3.15731765695483,2.97748993114028,3.07398122947031,3.14111365555002,2.88854727990499,2.78560258315469,2.80767549508877,3.06568167974946,2.95802510079758,3.1322743949798,2.92352069159696,2.98439233506887,3.11040058193675,3.10151473700933,2.92065205649042,3.14612660485777,3.09239437373149,3.04129786925611,2.94088876153842,3.11834277198041,2.97637240995883,2.91179263345916,1
5.92568224263743,3.1180435655434,3.17402629682746,3.08530179601445,2.78901810956023,2.90293196228194,2.85991178658666,2.90089635836609,2.94211944778656,2.78112249048052,3.08008033777591,3.05168827562085,3.05074417977872,3.05947411924863,3.18957226823343,3.14761459077928,3.22327684394792,3.09121918837793,2.94126937757746,3.08284417013803,2.93419730005795,3.03552794024977,2.81936764218461,3.0666609483693,3.00645917944415,2.98612548784257,2.91919422697731,3.10812066198953,2.98320036947055,3.13924120282092,3.07302807648363,3.11754926102191,2.9530878902631,2.90910159513941,3.13806256220609,3.14670943549933,3.07584448763556,3.0402610051673,2.96523041849398,2.91101119934211,2.85032831866495,3.09094423796435,2.8947333281609,2.84137388481245,2.83543704312109,3.0417433621665,2.79634806725034,3.03617858151014,3.04639575198594,2.95878171822877,3.07974842355653,2.99350084949409,2.84567991460559,2.99724935416082,3.21064098981775,2.87034052785703,2.99938979529978,2.92408241581263,2.90884819081738,3.10680255137401,2.94404013970502,3.05429048524104,3.06389088590451,3.00645288074453,3.05131895716806,3.02817139461605,3.10848441381053,2.8519972993599,3.08425248870178,3.10941239999093,2.92181353204626,3.05769485654492,3.20475983870324,3.05365926514587,2.95222741640947,2.88360518499102,2.90811459394546,2.78338613166272,3.05811264561009,3.2972013494646,2.94275068497363,3.02551699823414,2.86769028613568,3.13306999645987,3.13805330091193,3.05787630286129,2.93269070709564,2.98749302615812,2.66502800305502,3.162139812811,2.97176618492079,2.99250671768555,3.0577174944872,3.07906650511844,3.05898817533411,3.09539498722418,2.88835938034862,3.11205234320225,2.8705956461728,3.11303636557171,1
5.78285788723651,2.98742904243807,3.03042177459493,3.02012948487539,2.90223266356485,2.90690884163694,2.96327101471933,2.92042523413411,2.89066650641303,2.96107370117179,3.11228223987009,3.31872304145606,2.98737727416717,3.00973732521066,3.21259555033962,2.88581350266934,3.01809246814232,2.94459573078823,3.05721067422191,3.02780785260406,2.93495536199997,2.86169349097926,3.14512381698574,3.08719818657638,2.93759312896202,2.90302811517564,2.96060570022038,2.96739764156638,3.00564563192413,3.11945441633082,2.9922853268471,3.17672920673399,3.16200322124734,2.85424603155951,3.03773098307403,3.02832304129618,3.07190174888555,2.85119507811221,2.92802983014982,2.88415679422103,2.970225498185,2.88149575535442,2.92409078630781,3.08016472977144,3.14550112317988,2.9131185065528,2.89426063987717,3.08913100601001,2.84367037646105,2.90024080083174,3.12220994302621,3.00439985437077,2.84630339146346,2.88111053591067,2.94451684946046,2.93981615879438,2.92817745158802,2.93825970796071,3.05566547639586,3.00034478339059,2.99964380566996,2.98172678037347,2.86795368586876,3.16919772361173,3.1232407128006,2.97748216360139,3.15069593714033,3.28612167353235,3.18900935743523,3.10422196573475,2.80954363352942,3.00563918471216,2.87630410686032,2.76107142036148,2.94132782753081,3.0639964592755,2.83327797571535,2.8163743034357,3.08031352996376,2.84554333404745,2.98717873917721,2.96674165063895,3.14479336983019,2.89109553156621,3.06609365335199,2.98171904560329,3.10860052705544,3.16593229383302,3.02754194210684,3.07920767655189,2.92706072932197,2.95564119492861,2.78589465284949,3.10022714671465,3.15424779847042,3.01339769452754,3.09555933074769,3.2009813718033,3.08626425468044,2.82056476034968,1
5.9575760203542,3.15900298473059,3.11344575682923,2.96007015308828,2.90710661842534,3.13743547297565,3.11692918688091,3.07201913640465,2.89949870051275,2.94198988437257,3.20078427459386,3.02695505098378,2.85539024469296,3.06152272922192,3.0449859180357,3.15601671003988,3.14205106361835,2.78425455946732,2.80958270913005,3.17385147427377,2.8266588929519,3.12681707150716,3.19582414089812,3.11613212340253,2.9458643476142,3.08756949468367,2.99209505454301,2.81067396034159,3.12819101843777,3.02802936757959,2.99642680495116,3.14855396070626,2.85163020759085,2.91097546605257,3.03852554225721,3.0743249760286,2.92594812518001,2.98432753841421,3.13748388350355,3.10033187601488,3.13382442617639,2.94910248957126,2.9858495273372,2.83902573693182,3.06955764746884,3.01809649930947,2.89981423343612,3.15560964900648,2.78163694089579,3.06631616432766,3.08310744548978,3.10197148611089,2.97375788308846,2.76329717193974,3.20032998682134,2.81326378956671,3.13144361093161,2.99149095474192,2.8920945242491,3.16727257228329,3.08524109560903,3.09132215167852,2.86243011148921,3.08359728345199,2.93284821107016,2.97493824702364,2.97159101206514,3.03520307860801,3.04901143120692,2.81338573434612,2.90772484643723,3.10234620656494,3.07587381777264,3.02183603830918,2.82717709647982,3.181605753375,3.02569271312734,2.89359427052213,3.07060527872572,3.12616881482997,3.03108715142133,2.97888482396414,2.9454207404911,2.98660040441629,3.02482498030341,3.12799261508254,2.92425649042507,3.08420571165727,2.93440852036558,3.05821276679779,2.98026034395837,3.14316940880537,3.19457208685855,2.79991301267481,2.9029118381291,2.99827239370062,3.01592696471615,2.85479482674505,3.17130181284807,3.03636932426779,1
5.98311794450477,2.73131421582287,2.90188522851829,3.01685741784135,2.91253170343203,3.10702891152402,3.00398355697113,2.98915727349182,2.83686699656228,3.0616948542679,2.87951539054262,3.11078330715906,3.09145479271428,3.05300936797139,3.05637903482979,2.84902322841432,3.03061294127255,3.08186805821782,3.03282565783624,2.74475675976584,3.08515193167688,3.03471138487404,3.10415692402255,2.97938540352943,2.94207581047109,2.9617721693544,2.89134682228162,2.91412923364812,2.9587345498766,3.01956748704938,3.06238477778003,2.70952361118784,3.06658848073128,3.02669142712075,3.12431189173478,3.05969261447759,3.0079014791467,3.16161954761231,3.11218740785158,2.85565750754215,2.94119989305917,2.7908504484709,2.88396913333249,2.97283611397486,3.02666946108293,2.9078414609759,2.79032848807557,2.81651699309349,3.10618954088625,2.99564026951311,2.82913992928271,3.1957447581908,3.06652314266776,2.84923753667398,3.05872916979498,3.06825245853364,2.97462908060461,2.85189847650525,3.12989873153091,2.98588743329797,2.84682604184747,2.87363888985153,2.9276742387702,2.96261301708901,2.90145233220848,3.0036522989803,2.97504070918641,3.00560344853549,3.1083905553524,2.97226661875473,2.97150611884406,3.00373160124031,2.94637979213344,2.98743408605678,2.86144791948329,2.8285452580736,2.86334079851739,3.24977176092089,3.22556801004731,2.92372752111386,3.19707828125344,2.94465387136619,3.07639898270067,3.10928801969024,3.03137527530083,3.03137345562122,3.13443588356533,3.09087800086491,3.09607773255376,3.20069970568748,3.00823241395709,2.95333646623577,2.95574187430558,3.2719018359113,3.08389017439441,2.88457747105072,2.9666437655754,2.90140569571413,2.99128464022125,2.96503197934437,1
6.01934793727753,2.94436096246962,2.92887361789255,2.77915352744522,3.10364160995719,2.78894846719334,3.0427099670865,2.9226319916722,3.05642539242715,2.77419122153253,3.0304577363379,2.82228811582599,3.06984166735874,2.92064967098432,2.9056378694092,3.08483429880249,2.8656780479223,3.15007247819752,2.82464053632397,3.08677131907387,2.85375965613567,3.06859367297388,2.97020647600779,2.97643367616546,2.86301632234414,2.9480843991393,2.95461925783891,3.06244456969526,2.93226358387928,3.21184078733106,3.09658335938795,2.91142710666895,3.00321039929714,2.8765585133584,3.07925138756695,3.17192600411983,3.09228673084875,2.83450186185953,3.06383156765699,3.09484202090816,3.14109056889738,2.76566821179726,3.14012673702969,2.98240938323808,3.04998076697794,2.90374298347783,2.96223531275829,2.93612584336159,2.97244533064333,2.96584731404838,3.16516761326336,2.95621870405095,2.99559241680358,3.13281930301484,2.91606885274061,3.19056185132341,3.01362405410395,3.15368323593947,2.7446870517128,2.92102545449169,3.20507760505297,3.20664583570714,2.94423402980046,3.07393764159294,3.01826527538058,3.02947353171776,2.93896711464782,2.940306736283,3.10593560183167,2.90796827360646,3.17103069285754,2.95136147110379,2.87982338149927,3.03148143411518,3.02218357108893,3.03899555253306,3.06362687288499,2.98128548886185,2.87398603881433,3.18705690771417,2.75928107906891,2.84313675603587,2.9498509174009,3.01315578699751,2.83030391925396,2.86381130058765,3.09721099298379,3.13818585418435,2.9128814626686,2.99116576106404,3.03125440127416,3.09647646778452,3.14427602131262,2.93394463045137,3.04874646490172,2.94785199169167,3.05160743526812,3.13549533777122,2.91474780806434,3.06165663065277,1
6.08736555960759,3.14156246549355,2.81338629551784,2.85887567179777,3.1352439478641,3.13207891901429,3.07193979440438,2.94265669910215,2.90914800836737,2.97161615739833,3.08493783322405,3.06583976673814,2.90517975166888,2.96873245275643,2.85702716190265,3.20775496448292,3.02506020105429,3.09687242005008,3.01408971231855,3.00442108126492,2.84371214963488,3.00235128340734,3.20737568039326,2.97291601494885,3.01948723250246,3.07427389945186,3.06478724958847,2.8479750553122,3.03839858390905,3.08702245748274,2.93030807819898,2.87246322688936,2.95871129551251,3.15218125662092,2.93312020810381,2.94615987683431,3.03053761883822,2.84794403179488,3.13466503074969,2.97700485097434,2.80966337395734,2.94813156247733,2.98707988970362,3.05268120016929,2.97163685458757,2.94608080572604,2.90592164103921,3.29661315727739,2.94711268144704,3.00584987794172,2.79133572792302,3.15822171949429,2.93152178432939,2.86445427054436,3.09276678731887,3.04171331632097,2.80276950551472,2.86907092966028,2.80030027786508,3.08800874536295,3.15217809628944,3.0334832972685,2.84248991266604,2.92491197879035,2.8860683205243,2.92599696450641,3.02337503197918,2.93077029224537,2.93204310063597,2.93922179561063,2.98618710960094,3.05833626582081,2.94034696364113,3.13920612127013,2.9010784182412,3.07830580772757,2.94317355086557,3.04961730573077,3.08896923186462,2.80083760088814,3.226145396831,2.99343587675507,2.84450022407523,2.87537257599213,3.05293222185883,3.03562450975123,3.16901274522134,3.06469015585327,3.04258672459367,3.09453054070701,3.17437608680216,2.87039169484679,3.22173915380889,3.17691578422259,2.80691139633459,3.0211410678211,3.07381102193333,2.87545269446069,3.11967731935261,2.9755687938524,1
6.16089325954407,3.17679975359939,2.91006453366912,2.88716328573387,2.94156696647113,2.98555736561689,2.946247738742,2.90924194641571,2.96165765189539,2.83040998003428,3.05313542668167,3.01359178701639,2.95374658185706,2.99615975572209,2.70902142616771,2.99610820735658,3.24070599112312,3.00221638428015,3.06376843193029,3.14346463887713,3.11434448466953,2.72866511065719,2.97395924567472,3.08118773696429,2.76448929516852,3.01954690928626,3.0916568313191,2.91626488944185,2.91199274921251,2.7600546518904,3.15177902415642,3.07660739897078,2.94565929939701,2.92703390604309,3.17493464602211,2.94110064123119,3.20297045900602,2.94850778068373,3.05166172557935,2.80567546410712,2.92039416388593,2.99604198516884,2.86035780980557,2.96033578868012,3.03547035936483,2.93711267239755,2.95017507503214,3.07295759071421,2.97629636450994,2.91633008275615,3.00093374056038,3.02012677767031,2.76186749489938,2.89218020205994,2.99467807767233,3.13016588460333,3.14674563173081,2.97075490201371,3.03090694907968,3.07727126196984,2.9278191812181,3.10800133889722,3.11126619214474,2.90873084100174,3.0964098810715,3.08635463951653,3.25738313763228,2.88443993428762,2.96890813028701,3.18735729763294,3.14765549346061,3.00239891447709,2.97162621846447,3.03704680535535,2.87535607590635,3.10252730257286,3.01997299488548,2.97612480579707,3.0184847060436,2.97248043777237,2.79956873688716,3.0399702818947,2.95480685036376,3.1112549880575,2.92141168230858,3.09850321718104,2.94308874103046,3.0510355120183,3.21782355309439,3.01727454866715,3.13400527652351,2.90890376039519,2.90182357326367,3.07194012859103,2.9051769643065,3.08658526382,3.07329750348853,3.13926612658461,2.85225191673268,3.09219077219922,1
5.96150857921675,2.95789344899514,3.10921448646293,2.91394899349153,2.77712457947927,2.94918600224497,2.93386376088767,2.96717811597673,2.84443207021214,2.72501438859686,2.92126370045815,3.12672611007423,3.01415287246,3.05229475120243,3.13363146440844,3.07186258579182,2.95849381266658,2.92614892899045,3.00950447154771,3.05193071986308,3.16318086364688,2.90264363732558,2.78240545283056,2.83762517539764,2.89050326079736,2.7659917024183,2.90782390111693,2.99515792482013,2.93604073874383,3.06814121105266,2.86173209492631,3.08120343722419,3.28859914144153,3.01591942588335,2.80786247244785,2.9034778674823,3.04465019942965,3.01026541283085,3.16465186980535,3.0677324048084,3.02144251250215,3.08741844112848,2.87949928858452,2.96310434583775,3.15197082893745,2.70064237653142,3.02869640963541,2.93877986665082,3.05510039671689,3.17147788503512,3.15557150117613,3.15662868732633,2.87474685801311,2.89745529703116,2.86957074673886,3.1356906171889,3.076024170252,3.09863122955799,3.10332148201692,2.83453765572261,3.21818045737849,3.03729378093825,2.98188097080192,3.02264034788028,2.94778975684864,2.9836893505938,3.07849129132158,2.69540824432388,3.0684252776399,2.95885270175265,3.06894826547693,3.00863574134899,3.05116486649804,2.98720192146365,3.02936070092823,2.82345526771057,3.15226946716824,2.97161655238423,2.96004317879564,3.04380235150163,2.94031807937625,2.96559841494936,2.96548110799412,2.98341265031828,3.02806563874008,3.08202345185537,3.00194261280469,3.09946920866264,3.03770172385832,2.86544497506968,3.1000353779546,3.13949119415025,2.94758286047076,2.84258199727965,2.90809192599649,3.04524490828809,3.06577814156302,2.99419934982881,3.00372456959278,3.14631119728745,1
5.95965286313623,3.27460891133242,2.86360084621046,2.93976968761921,2.93112122625103,2.94374493454472,2.58288760082012,3.06589469440586,3.11411846681758,3.14644218133245,2.87853416002763,3.14671175029229,2.91789971178296,2.92431576260012,2.94416512992521,2.89296782698919,2.89478905632289,2.90727923618435,3.05064914980433,2.96219899297983,2.91288927382875,3.02465333728197,3.16499533193666,3.09493627479708,2.8928892352018,3.08536307909742,3.21049891370495,3.01434412707498,3.05586688764346,3.03129125592846,2.81782111285159,2.83684076609618,2.91557988260032,2.98916543901396,2.93824707350796,2.9160617755185,2.93963974568949,3.05654186865964,2.99659621932416,2.99194427553452,3.09403243947891,3.04774464310411,3.17886284429746,2.97993939880162,2.91750052067115,3.02321416460124,3.0815627635614,3.04874790326427,3.08212580685431,2.84362638580123,3.13434717439025,3.00510760341496,3.00046514176165,3.12788081145273,2.99923114904798,3.1766154019625,2.94379084510897,3.08405948615702,3.099241632873,3.12372837468508,2.83630047450225,3.03318273196643,2.87369744151719,3.17636168043739,3.18496137468864,3.1078269020152,2.96833878830305,3.11472258011098,2.97984126174357,2.9368952762574,2.93293529881506,2.9169654223324,2.98308117442761,2.90326622843147,3.08690171571338,3.10384259867478,2.96188479488261,2.92587804684969,2.85726342617831,3.02914557193951,2.92959762862058,2.86164706205726,2.97280547923144,2.94547459585548,3.23722423241222,3.03723942083855,3.06463540284961,3.01815766235361,2.93354484978334,3.0849774481149,2.79164250496308,2.86589974088502,3.02282447189229,2.85461813267001,3.08272060247491,3.23635608558324,2.92849790002445,2.7742196235069,2.92948124356834,2.9547850746057,1
5.96423447141499,3.08897743224768,3.10086529573245,3.10333781114533,3.16158993512389,2.81465240844916,3.12593371982128,3.09253614565696,2.87511898612519,2.97649604950129,3.08639126778503,2.98087570310589,2.91767756248557,2.90055417467375,3.17921802106327,3.20576160135509,3.03111228230229,3.06051624418469,3.07774286457383,3.02058223663901,2.83255522223421,2.90779734032825,2.81953714985744,3.18117791980268,2.87639525711641,2.87366536554641,2.97129877916652,2.94614684945703,3.11151446511818,2.89113936391445,3.00592447667536,3.09550491310622,2.92794843743433,2.95029647817107,2.88761331644717,3.07775498265017,2.88178327244902,3.00045882113079,3.03643551856231,3.11256751610841,2.98428378093669,2.91419553047964,2.87285394687669,3.23961114365036,3.04428635096188,3.1678364953007,3.05042836062246,3.01288538100648,3.12627732922525,2.98198264103767,3.05724866514442,2.96916580454174,2.84411877065361,3.09941455514794,2.98105237829522,3.15741683081327,2.9278407409546,3.03520658482635,3.05292290097641,2.75774382648439,2.82950103884832,3.04484979004096,2.7043920077202,3.03449361663542,3.03187388811918,3.12895557362337,2.98321898401886,2.96996976590603,3.04621267754645,3.02357349394314,2.88089562584678,2.94750178063054,3.1027380962184,2.73304052347974,3.06911498009958,2.96888219307576,2.97799152956944,2.98911007860852,3.0752722786776,2.98423167367385,3.24537084171353,3.15919206416911,3.05043461031574,2.76090192496982,3.04972056873462,3.15273764116953,2.96358892470628,2.8513924582077,2.98658628917934,3.01954206639972,2.98133391088829,2.97744968026222,3.02471596637566,3.13790540028852,3.0447955225899,3.13970100706324,3.07392428746782,2.88329585239466,2.77852691982176,2.84364174949618,1
5.9181028066888,2.87796196560569,3.07001228711976,2.82080750705735,2.84699592764552,2.94868653204686,3.04223588381202,3.12707776851983,3.07743382620976,3.05574396930991,3.04582951400514,3.09832004767921,3.02281366576764,2.98379767581638,3.0648505008131,3.17317701881003,3.06355856801708,2.92362434686453,2.91315566971363,2.76211033101461,2.88486271791451,3.07868113713405,2.86323157522613,2.9594937335584,2.78500557429577,3.12439310768019,2.93314274473745,2.88458869551293,3.09882747356441,2.92265107014302,2.96984999789831,3.00312291840191,2.90544173563363,3.0651968595801,2.99357875801176,2.75926332187138,2.93278908173181,2.97816262074059,2.92530649300864,2.75753087426713,3.09005888372075,2.96698461506797,2.91230531669193,2.85935264150553,2.88814267607199,3.09912456261689,2.93860258414047,3.20471157472123,3.28640239447225,2.97556184277548,2.9557390471133,3.01138089663147,2.93574124384957,3.08859680672845,3.26677718063498,2.8357407221072,2.88862010846176,2.96425099996476,2.90216120988999,3.07065194133473,2.88707410041532,2.96196965081509,3.06086629777096,2.80391039889003,3.07537389762411,2.85110378027482,2.81240378886021,2.95142362163372,2.95651719773989,3.06701573098407,3.16120696871033,3.04914660655485,3.08601110219405,2.8837162625996,3.01154727137848,3.04665958568439,3.01789474938344,2.95788569889995,2.85836036930898,2.85000388895688,3.09493573702018,3.15433067841977,2.91684006197938,2.89867575842792,2.94333339157867,2.99024073172375,2.90924835489368,3.20032294779956,3.04223506628476,2.92304904688054,2.92918371334014,2.79214794793613,3.02001746374138,2.88359653902838,2.79033517451695,2.95573198119418,3.15135786627183,3.1201346631532,2.92526146478565,2.99151420696526,1
6.00670344997599,2.92097535237456,3.05603016112822,2.78074405936641,2.87952403852513,2.93523575439399,2.9070931225848,3.11862525247965,3.10333705568007,3.20278777648108,2.88122102954139,2.90560040769531,2.97433727531404,3.01727666970728,3.00396683302069,3.09399007070837,2.97652857992476,2.99718863671619,3.04034584654953,3.02194074494665,3.17777803485644,3.07393655056133,2.93056131378996,2.93964617205392,2.93245278510105,2.96455126078153,3.07627630670698,3.01964504489426,2.81700022322708,2.78079766997526,3.03573163811789,2.9021831934552,3.01334945149978,3.01813928254606,3.13405814074325,2.97157837121689,3.14300986212966,2.9286159246225,2.98467466519268,3.00350839960558,2.98732874302616,2.80628184326769,3.04142145284431,2.97420383839064,3.09259636486117,2.89299863467497,2.94734014442337,2.87835704818207,2.86359516321082,3.19052875390975,3.02781755657946,3.15571805615354,2.86423019018607,2.84807653409622,3.06708711798549,3.2110505705563,3.00700107595067,3.10724102043486,2.82856446804122,2.8872762622679,2.98073872752379,3.1372761504225,2.84892921797111,2.98450506810233,2.91567195082004,2.8279887500406,3.32112990918673,2.97666110063618,3.00013785743643,2.96756285267162,3.01550872286629,3.06801261191191,2.85853768140458,3.12214121159847,2.91257517727178,3.18708499066476,2.9554145454774,2.91806775971606,2.99030278251084,3.30401402902941,3.14221251784124,3.13058487453314,2.89125130572096,2.94229196611035,3.11330717410649,3.00423129535707,2.92747730373214,2.91458555029575,2.71867384288234,2.9873062059647,3.12372929710416,2.95291072502414,3.02297079747317,3.24917893924155,2.89540563571722,2.84155002830311,3.09540600788646,3.06590248983145,3.03860259631445,3.03973019581727,1
6.035924116294,3.10276350794811,3.08823981977478,2.90764402791828,2.81809616524301,3.17432757972384,2.74397003953896,3.0697074846254,3.11633698417478,3.27391416574083,3.05431898378236,3.12696572699789,2.98912954961855,3.19616355907131,2.98833607839353,2.84789913045719,2.99038857069729,2.98490044264785,2.97329796986419,3.16800501695076,2.86587925380754,3.08428497545298,2.9604992970969,3.15028394640104,2.95202317719441,2.98411607465798,3.07652176002552,2.78911969307818,2.85753455069523,3.05042620280527,3.25950244134223,3.00764637037378,2.85428377846498,2.97818036297984,3.06836538030396,3.03654053231398,3.05050774993755,3.07275952444517,3.02121031999874,2.69272509132318,2.82071785332373,3.0415456606715,3.01809645314388,2.99535070214281,3.12638741677355,3.06685806285425,3.08589129260388,3.013073446083,2.88933406531937,3.10489883149958,3.05967107242664,2.88786058956276,2.75605052155598,3.03216531370358,3.18690379523661,2.9540455491355,3.03177918758237,3.00945495676494,3.07532694553637,3.1287973721639,2.94784103900152,3.04463322061589,3.06413671904786,2.94084781754772,3.01519067693887,3.10606991429646,3.02844829273174,3.07902841478723,2.89932843341273,2.85607129544055,2.99909470633952,2.9590527746481,3.03344223525113,2.8344018917138,2.94447729501727,3.07821002843468,2.9482882323724,2.90155453491425,3.03220114539191,3.15344121136954,2.88690454171528,3.1224913697167,2.96624897570337,2.99561522803092,3.16741723882254,3.15665275237758,3.09847962865983,3.17098972700754,2.96975865328269,2.87719963064678,2.89385673006849,2.87759070999222,2.81096392263225,2.98733887403823,2.95745950838274,3.14797343339045,3.08304580645558,3.18995228519205,3.00373315518036,2.98569146297521,1
5.88877826046811,3.01688303844737,2.97839143393611,3.15400290719858,3.1908685635605,3.1166232867071,3.15524980316339,2.90625949463131,3.00007586422762,3.11060420078476,3.11871351498692,2.8428415866481,2.9356101141206,3.23026404021037,3.14503859965919,3.0498426313537,3.04258923829641,2.94842355501518,2.94604340630421,2.82391346488503,2.93455054346938,2.93953318856444,2.81716734402007,3.10888419036589,2.8275907101405,2.91778558030634,3.00103950574738,2.90516765715955,3.01367003512587,2.90482105229659,2.90216339215848,2.91090084335846,3.08297322080645,2.93541000985357,2.98387202477483,3.02017307221656,3.02136464775737,2.82272618719625,2.99349479949914,2.98970055684561,2.99333144979109,2.92410595888481,3.02964794586055,2.88626000517331,2.75145646209422,3.20826368181786,2.89675309253649,3.10229376460805,3.08406873409224,2.9407576746657,3.1568815438161,3.10076702637639,2.98941023879101,3.09351522957077,2.99294365588608,2.72936642938228,3.12230017993361,2.95513447634945,3.0670911428083,3.16360811810961,3.09638107449697,2.96313711508044,3.25625543925804,3.05011313763457,2.93778560974742,3.05392153121911,2.9626156638946,2.96293707573928,2.88499189926461,3.00650258271725,3.14616673655672,3.05511669374505,2.86244327073305,2.98964606988209,2.95792177559421,2.85321454544289,2.92420370632797,2.792147807452,2.87075787125107,2.93816053309612,2.99124479080702,2.97992914742194,3.03231148605567,3.05160078543187,2.88631318067282,2.96291529993948,3.05071610343395,2.99443264836438,3.02525958875972,2.98676956290166,2.82182365644801,2.7392239365587,2.97098532159545,2.85453613069744,2.95849919298226,2.94028224320746,2.8242653542537,3.12250846918086,3.01583849516497,2.80934605922439,1
5.967980130642,3.04775437489331,3.07419194859288,2.92871349678129,3.08944159876941,2.97686912721814,2.96526300017305,2.95758880720415,2.88614428505685,3.27559493018309,3.10403224396661,2.95694210260085,2.89269438282675,3.00572850307284,2.98906980827844,3.06429110313605,2.91886987664603,2.84171530931627,2.74642716613546,2.93179875882557,3.02592452654639,2.95102355602531,3.13578314334555,3.00864448456301,3.23088218788256,3.12796834697749,3.15021442507884,3.08760818231157,2.79808580213518,2.88647136256198,2.92703051725625,2.95409800470561,2.93025158545208,3.02687310288749,3.0086453872289,2.92922842312236,3.2455437430457,3.10049552035813,2.93168163737574,2.87465285670593,2.98963778416307,3.05872521150112,2.89773481612903,2.97247371567422,3.13802229053899,2.85704202959839,2.95730860670543,2.96881027413823,2.9311051112258,3.06460050053808,2.82074138685123,2.99946759766346,3.173112017505,2.88769659697067,2.82279991590514,2.92426765545493,3.03412464572532,2.72783129477215,3.06060232550555,2.8817402607339,3.16283795724229,3.19853965712572,2.94840060885375,2.94334991264103,2.86625979830901,2.92795780603981,3.14252690192281,2.90710222505597,3.11505884964046,2.97272978959904,3.01297713001211,3.10539455911288,2.97747988128563,3.02377797724057,2.89742963220456,2.97657013932427,3.08688430521665,2.78061901307556,2.77947859678178,3.01437996126948,3.20765895928451,3.0708906837938,2.96852237983019,2.83340531649756,2.9927163158427,3.06704223960746,3.04549015725229,3.06432689501747,2.81155030218836,3.03949790208771,2.89937659996883,2.94829171097416,3.20404890089061,2.91178997135433,3.05931144260694,3.02230770711547,3.06606109146908,2.96355292237806,2.7668785849988,3.12892529131396,1
6.06180590722667,3.0594528824217,3.13920162598152,3.1564723519547,3.0535392999599,2.95811043327979,3.00658967647566,3.0230224713329,2.99776227525399,3.22474806169532,3.12847629210032,3.03717377479728,2.96460311229603,3.04006732493954,2.93477686790501,2.84592700765304,2.89719054470469,2.90570080695358,2.9364749118806,2.84308628314045,2.99139469417619,3.16026025861401,2.99889992377051,3.13224339242144,3.10336165030428,3.05761806392982,2.9729289567052,3.18846778544787,3.02895273509801,3.1894315140121,2.97096275201238,3.19302792149664,2.79111490380391,2.87752742215593,2.92399534501585,3.01263241216165,3.15050970234811,3.16041270541158,2.73729536466603,3.18067552353495,3.17588442974543,3.09697351683124,2.98464834823481,3.04331929359466,3.04417092548182,2.87427079713827,2.93435625067043,2.76453238349678,2.87749659403567,3.15546404739792,3.18570379383464,3.0696173661822,3.08006724218542,2.91474506331618,3.01703297368548,3.08962952338131,2.7887540074708,3.06754971010806,2.96661755078778,2.96643366288842,2.91980888017055,2.93311300494776,3.04009395731643,2.94524197727934,2.97184561211415,3.13596178912257,3.1483973493865,2.98586905510463,2.81732638505965,3.13750802326618,2.95707083315743,2.96192784312578,3.14570618324009,3.14220035334374,3.20479225556861,3.06312569799246,3.15567314856842,3.13919177044119,3.09282634733774,2.99797921673717,3.03549601788474,3.15175667606917,2.98597041040316,3.02957509697478,2.92957726749297,3.01202926761523,3.1048439819316,2.98323206247944,2.90487165492917,3.00757338459613,2.89945951649863,2.8579336448795,2.83014657741776,2.7461917712757,2.96649916581402,2.89567511270111,2.89042799266481,2.90041051862688,2.98668778151587,3.09850841435999,1
5.86678271716287,2.97874117163261,3.00327635873048,3.06538215612378,2.87330748379936,2.65773010762321,2.88051101943865,3.07910252033286,3.1718400944001,3.1299753644549,3.14498759929269,2.94937811130179,2.97897259610404,3.00112185974817,3.07598680722888,3.04566985166771,3.00073361874384,3.01060640115863,3.02133029596459,3.00233519772407,2.93703917996971,2.94024478449097,3.18447373264824,2.85233683679588,2.99236016282157,3.09498556051455,2.91802461675588,3.04238708002379,2.92955964962156,3.03667441263886,3.02606849982992,2.89878646419192,3.14551320958819,2.9581710170903,2.74952686573697,3.13881039917551,3.00324123147899,3.18452023688283,3.13256551293998,2.85127910470632,3.01472158930203,3.19086945131585,2.90817619502246,2.92619963327906,2.93469087162441,2.90751902161521,2.91108305583596,2.73984455750233,2.97093201605354,2.88990545080471,2.8894185404596,3.18354690935351,3.21955421907559,2.7280096225851,2.94500346287588,3.01918039710698,2.93567313531615,2.9720792176917,3.0149252525436,3.06016784834805,2.89847351289546,2.94383282585083,2.91250948987251,3.06662035878751,2.87194347878445,2.88810311773093,3.03711659817459,2.98985613507265,3.01517671657065,2.90644228935282,2.99880428490565,2.97232956850915,3.05724776255025,3.14995550786794,2.8923540060157,3.0224151875919,2.90447934875393,2.86789242911572,3.08421089670101,3.07231912202099,2.92619517576947,3.11216033750979,3.31614531405269,2.92269757358733,3.08246482059759,2.9958457425506,2.95510654468372,2.86198795676727,3.26777678319259,3.0683189237878,3.1028691663695,2.93586251637183,2.95264478348625,3.17336369665522,3.0439924582262,3.06025966708899,2.90981114310386,3.18747639882428,3.10429720039488,2.99037507866896,1
5.81236324452165,3.08083282925103,3.13402424844416,3.01325075835064,3.05711066148096,2.70642288973997,2.95306109268924,3.04831856514055,2.87313315893779,3.09666608023726,2.7407637567845,3.02865934366801,2.93428238836796,2.98161328488076,2.97017356109403,2.99007592252557,3.05553911784132,3.17026628073647,2.90590641393206,3.00726047112238,2.87002592135196,2.99804000591051,3.00590672672866,2.92707949270964,3.09389282963866,3.01976049181864,3.17652843631056,3.24046446715295,2.92178973702521,2.81039575297433,2.82258534510789,3.11579764594815,3.17986789987363,3.06641125929157,3.03596862526381,2.86981535678864,2.92616826276029,2.94662429642468,2.83072456466626,2.73196128424634,3.06270866638138,3.02973554598026,2.99224971972832,2.88573128119378,3.15163450813343,3.16389246647179,3.02946180460449,3.031506952654,2.83004418342188,3.13175875135889,3.11640075181298,3.07529050085983,2.82217430128664,3.13346004607699,2.94791482262074,2.78405693994449,3.08870739361938,2.91282872589156,2.92443018087816,3.12876083065668,2.97428992400348,3.12537281126746,2.83716010392973,3.16694653656574,2.95146545656782,3.11207359899425,2.91314439053662,2.93312368738537,3.00396413561456,2.8981366109827,3.02833800628568,2.85618612027905,3.04340198085179,3.08366785664359,2.92771637753552,2.88248386470135,3.01143646498211,3.04346408261655,2.93435517469731,3.21341327975316,2.89704277984257,3.07997682639545,2.95208302253862,3.11222017702362,2.9254330572393,3.03238101153585,2.94696614324276,2.88464457099943,3.16412478880192,3.09766561260264,3.00579311398067,3.08835005811842,3.00443404094055,2.84950424421188,2.85859366627705,3.05995169994522,3.12380034373177,2.95609496067252,3.09828464095122,3.04146843765517,1
6.25005395730756,3.21968568221006,3.12263560876348,2.68110466082886,3.13236171876801,3.01437180802173,3.22554198446188,3.04532807904745,3.09610649968958,3.02762304958141,2.92189830687797,3.04678201216712,2.88164891776105,2.85999968997381,2.99840058027782,3.11819353263172,3.09029782441134,2.95685405249957,3.04433540820809,3.06042195684256,2.990113456597,2.9963112330984,2.93707823547638,3.08939970723111,2.95479679320188,2.92336326178402,2.96098899333418,3.01985009960678,2.93955495897595,3.06583580043986,3.36648747256162,3.03267439902626,3.04444441228249,3.0110553940036,2.84433328240999,3.05411207828016,3.01897147424704,2.95172428719757,2.94606441310036,3.06212041100298,2.9078876923273,2.92472929995444,2.82107031316015,3.06596802783624,2.94336973229182,3.06318147441359,2.96681572552976,2.948176671348,3.05238267607803,3.1035770139164,3.00059268367382,3.02998942067459,3.21723463607437,2.97185262951374,3.11798693020942,3.04185997687649,2.93861041098558,2.85767477558081,3.00077679060361,2.8392057592445,2.76081075869381,3.07822983495426,2.94207415969476,3.09362592448516,2.97779032166445,2.91390903700207,2.93398136573396,2.83823247562944,3.18005708437998,2.92019984217241,2.95727536302704,3.04248303852911,3.11078753224598,3.07638251466735,2.97159995431037,2.85047934029734,3.00989265384153,2.942942956618,2.97083188518452,3.11784290448704,3.22306766652179,2.90018556172142,2.98557548498893,2.91651110322776,2.92855135199962,2.85858823678324,2.95757390778454,2.91868156635643,2.8669804413786,2.82841763404138,2.98662079834976,2.95231222179208,3.15495071088869,2.92662835363372,2.68191371154527,2.9805082723183,2.99731792736309,3.01372804617483,3.14898995116972,2.79394953071734,1
6.03852316781185,3.05951918589949,3.07328245789608,2.95745127845688,2.94420488195895,2.97182460250794,3.17570270933014,3.09982943367382,3.05760958718635,3.12811187254333,3.01324726889056,3.0814972734227,2.85371587926508,2.9521448048009,3.14154815260539,3.04136340197315,3.04087959000685,2.80069878814323,2.89283783317392,2.91768706420957,3.12169491054611,3.02182280502228,2.96523695676887,2.97075674512571,2.94380158193118,2.8752643367197,2.82299268207898,3.06882670094353,3.1618074375227,2.98220597210886,2.81262313475917,3.09780773510558,2.88707203363906,3.08506807450215,3.06919122384812,2.93751982819192,2.9118668670999,3.07022422869736,2.9355173658797,3.00675754698379,2.9554157961256,3.02441423886803,2.89805109257135,2.97711370582977,3.0143440362642,3.02523941787035,3.1387972306,2.85892095910446,3.1075379830249,3.0817235127499,3.06653214838222,2.95170440252757,2.88372775181748,2.99618291753736,3.16377480917863,2.78267837604985,3.17182076936414,3.25280833238778,3.01683193261497,2.80883588470638,3.08166992225618,3.0285754103243,3.11352390765648,3.10682355556981,3.02134667848784,2.91986684519294,2.95053479633463,2.92550972961307,3.17534160116882,2.96148489224694,2.81526023404668,3.08012240013531,3.25667699383287,2.88436401489592,3.17039184993426,2.85427885435034,2.89804715271188,2.99646811313087,3.11764578502872,3.1126126034427,3.12790437120719,3.10657144438607,3.066468309275,3.05453214766661,3.06074085489033,3.30565559664436,3.18058470677827,2.87040997640474,2.93735881390985,3.02958588328576,3.22034450408226,2.99984322050733,2.98184951341382,2.87170098949248,3.13887179974504,2.98597877450851,2.73723952299883,2.89357442560263,2.88898760660183,3.08928256207457,1
5.80158115262996,3.00698149124768,3.19458407264733,2.8955165401906,2.76662418077668,2.84789334700243,2.97910646420116,3.09877526595852,3.01149403352109,3.02774808538422,3.14431567816147,2.95118689388588,3.0706770792412,2.97866924391184,3.06737624992687,3.01675291895199,3.18158294308481,3.2112110388163,2.99469960132641,2.99587345667783,3.03825298755883,3.02071015133404,3.0407897089073,2.84832979595807,2.97242511583144,2.93291008016761,2.85879987216453,3.00070901267127,3.06183094949928,2.71350694833459,3.00286841945071,2.78044376342909,3.10553591553215,2.96641383097774,3.20581086603341,3.04922398769213,2.95690616662355,3.06402286218719,3.02740167148802,3.13815055667186,2.96074205453337,2.9161001061242,3.03372629708254,2.95450744668637,2.72311787715313,2.97662568097161,3.09619477194493,2.99653761556974,2.98713643660974,3.11017665952744,2.85309538750239,2.9465346704393,3.10004226329207,3.08753818989916,2.994515955483,2.95989801176212,3.10861688509979,2.83527050791221,2.87298206334968,2.93752104340437,2.8799313512204,3.09991964467334,2.89355155709234,3.106657853457,3.01026174903637,2.77578605175471,3.01339126389101,2.86738762459482,3.15894468818644,3.25972196840954,2.89670535609642,2.97962903096404,3.0992301467268,2.896339661302,3.02477854444771,2.7286222554177,2.79865776348174,3.01366102019471,2.93657093600843,2.89936971149421,3.05676834399359,2.9718937600819,2.97150479214204,2.81982549657987,3.0608317942816,2.93656874106568,2.83950047349174,2.91251808211467,2.99813703659081,3.15830852139144,2.96810974734738,3.17499019902824,3.03508328596753,2.865565711681,3.09955377724491,3.11239863542823,3.06472106590714,3.07201945679481,3.04230909245064,2.97600788559479,1
6.18425394385658,2.93742126132763,3.04205675840337,2.80694103312861,2.92750338816075,3.07356901576513,2.90307817888548,2.91088484671203,2.80010428878172,2.78670975521286,2.84042204235477,3.02464398110823,3.02020324616637,3.05152341346817,3.04050801210573,2.97237327576489,2.91023664290314,3.07014593474641,2.89217662540507,2.6900383586148,3.01436168968089,2.9655750628448,3.25019809805948,2.90616592059737,2.96683208929163,2.99220096102481,2.76781974262925,3.2217832471752,3.04677637160799,3.04742671888965,2.68736848307557,2.98326847944699,3.12522616067515,3.09470334177544,2.96651385066035,2.9461065839802,3.07154445494078,3.03406860610643,3.0103644302395,2.94265202392779,3.16444486344205,3.04761214757978,3.03971112207732,2.90297722065603,3.1384214541933,2.85504222245692,3.09926560914491,3.03040537229137,2.95610808305793,3.03646685183661,3.22548892459008,3.22467369537312,2.91588511908375,2.88627343778325,3.10921128579941,3.00416212930734,3.01510319308557,2.87335358069827,2.96552306435309,3.11979669454165,3.02544097677841,3.019053003013,2.85004205946116,2.97073377530777,2.91160552826293,3.08699363178033,2.92246405798043,2.95318603909072,3.13877858699832,2.78800314423564,3.04622724441399,2.83622439481879,3.03657346972817,3.00961797427731,2.88817741475838,2.92964183608481,2.99378614380435,2.98828997761049,2.93068119452,3.06431095985471,2.85650125742619,2.96960944870056,3.04481363955332,2.98158590647077,2.98584695702539,2.69910622267139,3.02690381849833,2.87792654064719,2.87906585031288,3.05949614790445,2.96421044013,3.06584458853379,3.19276671540047,2.82531340320191,2.8947880976365,3.05726886990215,2.94089877031973,2.97164866798445,2.90043139539738,2.94020633889023,1
5.95852729738575,2.86766295940007,2.93056955783252,3.04516844577684,3.04361584674783,2.92542441048656,2.96775596931236,2.88146037270093,3.0653829979721,3.11388993542862,2.93012144082493,2.96353265816439,2.97555241258075,2.98834721477247,2.8506777959957,2.98320400910396,2.99840895062195,3.04838554922385,2.82790267838387,3.06806924462215,2.90246329616882,3.22666660036864,2.93355189784377,2.95100666972719,2.9965090926213,3.02809238468814,3.11447717377647,3.01097649438212,2.96287839649006,2.92502124086426,3.00802788347899,2.87624912053232,2.80725967309747,3.05414076423191,2.91067586275908,3.16651673635059,3.10950637202836,3.03814759534652,3.10144614779913,2.91938879914644,3.21293918475595,2.94830297133844,3.27700468268046,3.16855293471943,3.12875601616592,3.01027017230141,3.03747562515012,3.01418836331146,3.15627652942792,2.82399084206289,3.17889818280125,3.03921065285129,2.79258525832623,2.98740555694441,3.13160948378721,3.13935455348201,3.00775419850851,2.98082733270844,3.10395398370129,2.97520285735637,2.97205825000111,2.95806672315729,2.84954710451068,3.00117501278317,2.96187571611049,3.14893518608173,2.88100883473995,2.92281775537407,3.23443481720818,3.07464604942262,3.11593595851831,3.13662307641469,2.88439246942989,2.80945095480538,3.10462822536368,2.91770022443827,2.87584129701396,3.0881172034447,3.18347117104562,2.84624021686549,3.06223892219353,2.83350181505497,3.02278535730399,3.00520570516432,3.00062994943285,3.01571165382988,2.8954819760984,2.98819162740926,2.72855066969297,3.00305622534808,3.0522224514843,3.06097011506654,3.08480566593562,3.02539296056249,2.85665758351887,2.86417484578706,2.97335909211128,3.25780046861747,3.10951268557393,3.28237747678204,1
6.05697138675332,3.05722341197923,2.8877456298088,2.84449906327968,2.94995944746452,2.80290410353436,2.90766112771497,3.12010614834604,2.96870655244548,3.11128656727045,3.01252152181732,2.88892562640757,2.95265190863421,3.22789383580983,3.11233555453223,2.84743662952914,2.86643197620786,3.07462900145839,3.21504954303236,3.22141564438416,2.9294635386478,3.01317878951223,3.14557742196012,2.87049808672649,2.91586260203011,2.80534118435595,2.91737026075698,3.1275370281726,2.92637948624484,3.09282205900206,2.9556587105256,2.93387598456257,2.93564510281129,2.75918599888408,2.83933303227032,3.03815762009801,3.02835540461212,2.97781401303935,3.09339552982467,3.04598151276722,2.92148972694045,2.93427351641345,2.97732874296227,3.1325891931721,2.96305396867621,2.97629722999673,2.83909521956743,2.90552688607032,2.83894796786851,2.90187916690546,3.02894758510908,2.82931764548201,3.00816308445463,2.93606398439919,2.94934391741656,2.9939135479516,3.12298828347281,3.03951749277032,3.03154537295422,3.00679046073804,3.01845291471854,3.09431450167808,3.09613942302186,3.208593796336,2.94244069942065,2.977611307134,3.00051271466109,2.86243608966356,2.75726808532439,3.14412333291128,3.02499353781045,2.94038017429744,2.84893016058977,3.06010653669895,2.99614101225344,3.04139625299472,2.98696194956702,3.21766011207554,3.11966661324167,3.06071211255584,2.81247240344908,3.24482166598763,2.95359441591348,2.94018843076164,3.06007938845377,2.95692862849261,3.08413779695567,2.85531985803775,2.96522374356922,2.92158442619828,2.93638226272791,2.87561797633723,2.76535235759885,2.92974547942951,2.8064878081512,3.07564350778291,2.96434088927433,2.89099506593692,3.17968406008596,3.09614208219799,1
6.16745444822724,3.02615883630029,2.92681476179043,3.00664915553107,3.03753352964022,2.95199159321008,3.00489326624759,2.86096108185021,3.00050411938495,3.15467816447491,2.83078817655472,3.12631561358065,2.95067436911846,2.77342367844988,3.05489346316132,3.06818176156117,3.22040933780654,3.16917981685503,3.06905405636455,2.92514355084834,2.7326134075364,2.88181660651555,3.01142853277558,2.92267375722506,2.81305059900421,2.77479750054544,2.90608349460385,3.15574410093525,2.93381142599562,3.03211924713043,3.01745718415084,3.0625223347851,3.17796440490423,2.97415399259522,3.00715235251401,3.01330827894637,2.94640586588682,2.99696848006087,3.02370193150153,2.85832089985239,2.83383529149461,2.96306683820727,2.81397253819515,3.0872736381979,3.08631985371241,3.15034286873809,2.80386788288418,2.95126352037773,3.00104639014727,3.29725442032512,2.96409568141499,2.82202096045152,3.07093621396476,3.02023368924238,2.87257464028668,3.05017645138932,2.86067214042294,2.97847283827638,2.97345689321765,3.00871474625334,2.88195710395097,3.15630936617961,2.80928942118857,2.91568526316684,3.13887887586213,2.99245257152771,3.1337444264527,2.97912828694284,2.96652925799478,3.04173021908425,2.88707651543769,2.93075355256224,3.04743518521088,3.03676056479927,3.11109104027942,2.98220777316403,2.94883920097109,2.98157574555231,2.90097870118818,3.00132167418364,3.02916819144075,3.15915004334116,3.12284340044955,2.81227312063413,2.90503370791235,2.90021990153545,3.01070470530083,2.99148540989194,2.89661768587228,2.98470480039885,3.06502068505647,2.98850254064412,3.12182606359631,2.88205968012892,2.9606688830252,3.07863965710623,3.01350433074457,2.81427789310825,3.2153012768121,2.79663751420846,1
6.04765225471005,3.09988049437505,3.14948252685955,2.99763782726022,3.05096425214827,2.82921698627921,3.03394280718042,3.19788815461136,3.19848114727082,2.76039692249053,3.00513118166297,2.99410072508137,3.01287115209405,2.86703919938214,2.78912327377069,2.98270870273906,3.07053090975801,2.97221055088713,2.77834675117436,2.97569868292118,3.11230983953281,3.24127740428249,3.06963413077922,2.9207306106144,2.96097251867917,2.99070045059184,3.13525888680047,2.98115777534186,3.01718765273986,3.17768880091616,2.97047920454313,2.84298246270089,3.2343383523221,3.19960265961442,2.9763951857243,2.91373392166799,2.98178901379707,2.76707904789685,3.00700848057852,2.97242178459578,3.08344256345588,2.99872639534599,3.07671354038802,2.80973637241925,3.05190352555085,3.13701977600177,3.03337705326976,3.00239253787289,3.01904341554449,2.93545606205588,2.77193368484149,2.83371971441564,2.9252216588376,3.07060814256501,3.03763168317466,2.99162846934993,3.00094478621456,2.9394432189136,2.97726590586709,2.97989295427405,2.94234375455311,2.94450360384927,3.0795572792002,2.92915293821068,2.99488606341547,2.97646351049611,3.24098141872915,3.05627655103245,3.06772031390061,3.05672881391913,2.79281548428126,3.06610014729786,3.00353449845142,3.0993449740073,2.96422108323879,3.21754996693275,3.17537050013186,2.99205651609345,3.07776036842609,2.83446026220652,3.1224690107601,2.8956367411738,3.0622339262114,2.81069530303743,2.89055350049658,3.08670705276372,2.89081118978038,3.1276302067525,3.032838641247,3.07916663442546,3.04199103344621,3.21652990950209,3.13674112417801,2.95303149711435,2.86426253272516,2.91699834866188,2.97409410206842,2.94456489246768,2.82016513912532,2.93679421043172,1
6.10710586649097,3.0656438286819,2.88123846716824,3.17635667823586,3.08222325120063,3.02822199521959,2.87684371589731,2.82823195912262,2.86104536954394,2.84324228467511,2.93490641130298,2.81303983454551,2.88529173371848,2.95352367582313,3.01772558592928,3.01840744482507,2.92642537335676,2.91009689283679,3.01806825942417,2.97535815894915,3.02536366450757,2.97353632857533,3.13633639912378,2.75231882148448,3.00806695350838,2.97329435473828,2.69249700180201,3.00750878409294,3.31073003126483,2.99268175330855,3.07207050047039,3.09982201173713,2.98807605587324,2.97073265736686,3.1003801849313,2.96073870149093,3.09457044682621,3.06602777949525,3.00114657758286,2.93310384767945,3.00685872926265,2.89173252039259,2.94920330734726,3.00759788141957,2.63846775447355,2.87608380692589,3.13819963957101,2.91611528397897,2.92487333262942,2.69371188394314,3.04589765516708,2.94223922821844,3.13740829722958,3.11044793873129,3.00536582391901,3.20659010377298,2.99848873231863,3.09372519928641,2.99758638221302,2.93836665484734,2.95482235065464,2.95642858180164,3.09701766984922,3.02129635464797,2.98736203462773,3.07422510959427,3.03597201320132,2.80339192727107,2.94121270746128,2.85212490993634,2.86550649028524,2.91403035537704,2.96121231497273,2.96551969750666,3.09259598309139,2.98455989433369,3.01584380530286,2.96711388889357,2.99188197805664,2.91657942766998,3.05709321797611,3.24176266406651,2.95887420271575,2.93943905508316,3.08087075723036,3.10733155803725,2.79968660906096,2.99847004563672,2.93238284099734,3.14660418621524,2.86653828492261,3.03612838981833,2.87686845903242,2.98660953274908,3.00232284103658,2.99344157665701,2.91985070899795,3.17215307947395,3.1611817461327,2.82428990368661,1
6.04188880344232,3.15222989271015,2.97790578732695,2.91519981855547,3.02285215059549,3.08885809998086,3.07034418752093,2.93748184211961,3.03789113950115,2.95354221753598,2.6616512802879,3.10871212980516,3.07869775316441,2.93201008330205,2.88486187784852,2.90917873543014,3.01600077442071,2.93004058838689,2.94972720724257,2.89195551697646,3.06906330208195,3.01324646417665,3.24644717708746,2.81560964642621,3.01165882779966,2.87854648704769,2.87574980506199,3.09104977626585,3.16409272466454,2.94281440812969,2.87429843679793,2.9876549641847,2.96841827574561,2.87873986640178,2.97682261035813,2.94271198011867,2.99305584215414,2.76356460185112,3.09623953117519,2.99100891493381,3.22618896228741,3.02366677476871,2.74390303592934,2.68421913294436,3.16340296429085,2.97145239447851,2.89840510544687,3.01150442316997,2.97947364764166,3.08878685793496,3.12402380046745,3.12657664311232,3.10301711456725,3.10259197954867,2.95824091454866,3.08111731069368,3.06890236721114,2.8121466489172,2.99576561459882,3.0112870563025,3.04019174141777,2.94225782343574,2.96379428398366,2.95687224254328,2.92500870469896,2.96274705826661,2.97207646531544,2.99299938221685,3.16539845073444,2.98733352925949,3.07274290395237,2.87715733047962,3.04474968046567,2.98912651500495,3.08348125708033,3.11528727310787,2.8511352432427,3.12615265921463,2.95262227338866,3.02288776213416,2.7420425661389,3.02720920370964,3.18086096453669,2.95832776622325,2.91531091765004,3.13893562882706,2.95460224439851,2.96540483625467,2.93880668538786,2.99666972343703,2.94490994672689,3.25286914747233,2.98702637872072,3.07735455269438,3.08254386118181,2.96212157191179,2.83000419692425,2.68423492534143,3.08315725672254,2.99704854387682,1
5.93271398017445,2.81965861014517,3.27742378522889,2.96383069394379,3.10638641533245,3.01429686027746,2.95910034446851,2.85512384996674,3.07649221156791,2.78692851291498,2.94931713800799,2.90378980964802,3.10124887025806,2.97134194587918,3.03446786758798,3.01224948495533,3.03256140524281,2.84400379218943,2.90251268963678,2.94516628915372,3.09825798461775,3.0247154480552,3.12394831506856,3.03985128333013,3.07899232146605,3.13946515168126,2.86967137495736,3.0101357601338,3.10763036326581,2.97380622154458,2.91068870788089,3.02336947610722,3.00678787757763,3.23401570584236,3.0294287762815,3.02447233315806,3.193526825225,3.02827794097435,3.00007413509582,2.8174395931213,2.95146483893792,3.06868773323788,2.94509662544962,3.04789798012186,3.12995882185595,2.96988660629442,3.13641086931415,2.80289453833917,2.97453092807173,3.06106498575305,3.03112215964035,3.13012025348893,2.98997695667164,2.9000490530803,2.87938415623107,3.14413403595107,3.02192258986066,2.95896326358074,3.04232095689544,3.18240838900504,3.15147147915805,3.08562317969678,2.89916439804402,2.92919777497427,2.87505760654658,3.10730485222587,3.03416321923117,2.96280866091913,2.9399456722585,2.67686736269556,3.04933033999151,3.2027124155009,3.03287703474336,3.07771067891791,2.99330885137952,2.96667639179102,3.03154757264409,3.03571391730674,2.94559751612007,3.00459119508743,2.8048211723059,3.09204343122034,2.97812304925568,2.98226554042304,2.96107160033087,3.08023447845786,2.92328017670575,3.10186350724777,2.84564920038202,3.26159805829933,3.12572296674277,3.28681362648201,2.76699878424659,2.9732734108388,3.09213130058116,2.88030578442641,3.18945432737297,2.9789436516928,3.00855843012739,3.1624236756286,1
6.12455590464495,2.98552893461925,2.99309519492341,2.88179169027554,2.95884260636482,3.01679538658626,2.98132835100126,3.05299863523316,3.01978348672538,2.97028885387591,2.9090292677498,3.04733609548067,3.04471566023037,3.03358836282726,2.96726204679229,2.96667338968508,2.91633821015381,3.0469497042049,3.03709075785134,2.88843057198572,3.17180232677456,2.94369271219828,2.96223797471203,3.02438102947655,2.95647461925288,3.00208203196901,2.78349805919238,2.98660826519294,2.81180639654622,2.95782586713396,3.01243449348963,3.05224657954481,3.2464746323822,3.06137326319196,3.14492184743524,2.91425675492386,3.21555140501325,2.87988128110669,2.88012547494842,3.00417393413802,2.97705581750667,3.10517276295802,3.1884800170039,2.949379615,2.97865721249655,3.00162847895036,2.91741426750345,3.18488146903764,3.08510943287929,3.13539892062615,2.97147801126593,2.98899297014002,3.33367417219743,3.06169905459586,2.90691582453922,3.13247128859461,2.97687172514433,2.9940854487462,3.01605842041756,2.86272091141697,3.06918477488529,3.04751570889193,3.0180279413825,3.09202763611327,2.76400887514416,3.0345486995722,3.1045767244962,2.99635156049014,2.94257093065197,3.01199768343811,3.02732854033563,3.0899141306136,3.25000067984168,3.13200971908268,2.69448121634376,2.90806440254953,3.09136547752037,3.1211059901511,2.93816171121454,2.72000149810889,2.92551965030787,2.93154692948969,3.0639994941861,2.89515436182586,3.03047605320649,3.15784458373423,2.91085179843618,2.80037133536473,3.21424295220792,2.94384239570234,2.79734795049107,2.76836142910182,2.95407045370906,3.06629574086774,2.9923327028796,3.06671909151533,2.81877245261769,2.93326100847584,3.04293243330204,3.12347481625369,1
6.05818860326486,2.99408372115617,2.83960945248974,2.73611421047383,2.99322326199479,3.18036159927525,3.01150868892456,3.01098759760211,2.83274531468358,3.06488900487639,3.00666792749889,3.09006336198992,2.96917336939487,3.08103550832033,2.99005608959518,3.00105875714115,3.05218581017043,2.88846332075312,3.07069588775083,2.79942616405897,2.785964875199,2.95546466716102,2.88251606673355,3.22909819595445,3.0912068108788,3.10506827065229,2.7837655725125,3.01485079612791,3.18833070391252,3.13040138294294,2.97820182748015,3.09878242033088,2.9849422320644,3.0586082828623,3.05610953812855,2.94686951469768,3.05862987778631,2.98463335077055,3.00965924149498,3.01128604722886,2.93265149369637,3.0127410652306,3.20097468657921,2.93893065886936,3.1146693904713,2.95609260866135,3.01207211046148,3.19559252411334,3.04406932507654,2.97735575574699,3.21214738036646,2.96764881563237,2.89962953127232,3.02394667941448,2.88723085223413,2.98790783369989,2.82562756088979,2.66505972541145,2.85880171638666,2.9817293483233,2.97961345759165,2.99788534310454,2.92122483892425,2.72086800041725,3.14993157819924,2.98960425867376,3.00458996196032,2.9689134806487,2.89850678940922,2.96169240866372,3.25165926611334,3.12949006812256,2.9822005980362,3.04399172386981,2.89677128719877,2.98341442779298,2.76579078937466,2.75915242238331,2.88791946389895,2.94354319166599,3.03965240560096,3.056270402709,2.95126838787221,2.91828234353443,2.87308707821138,3.08979265236638,3.04817578420701,3.08547690204289,2.899419746707,3.04898805207424,3.03491458574726,3.04610195371045,2.96193124469634,2.81776811247932,2.87181535802961,2.83268058617213,3.11347572976046,2.89032350043569,3.01857850473812,3.03141000075757,1
5.816488111938,3.14062543785506,2.9508255857995,2.96228330663287,2.91890569231907,3.00963969644379,3.12710693711145,3.01162817398564,3.05357224257472,2.99335500927567,3.04377556955172,2.86965367538016,3.13457300549784,2.97925169158835,3.024411592295,3.22112650878508,2.88111166615013,3.06202623442603,2.89910485300516,2.92407195804361,3.18848882566678,2.84964672641113,3.03178868069113,2.9553606807882,3.09893052615025,3.17162906415576,2.8162599497779,3.15216520140746,3.12758478414472,2.9082635647358,2.92744713440627,2.9879035290594,2.879477258225,3.09295567383786,3.00159286451638,2.91123342530686,3.08325033208822,3.21179832011718,3.07627863341919,2.96100539459263,2.82889243462522,2.98056335656681,3.04610778427815,2.95936309612478,3.13430370222198,2.99883334076125,3.06960390207424,2.95532937568387,2.85493502055509,3.18059274123189,2.9303398389701,2.71482824341932,2.94931184079762,2.8956199100591,2.90691252513401,3.00095301177554,2.97952543744534,3.00469353204486,2.90681211851804,3.00062860178397,2.99261453180765,3.06579505343992,2.85533392251305,2.89498112213303,3.15848665700855,2.90703913457405,2.96199525633476,3.18128553284873,3.06163332830739,3.13126072578927,3.07016616833343,3.08522805101304,3.0205396206936,2.8709512473098,2.93626595474994,3.34939037788748,2.91693609379742,3.05655239231849,3.10188624640159,3.17042409997509,2.9176732604785,3.01758399896801,2.9895234284236,2.86559575196229,3.01912931677275,2.90529395143498,3.16821211406291,2.81850570023509,3.07315847804488,3.24292785678312,3.04326847270413,2.98971951262965,3.1264193785829,2.9231094282996,3.11336764996867,3.22460486865858,3.03610452108496,3.05720439504052,2.9482880444738,2.79497246286614,1
5.87308101581683,2.83246446459352,2.88541662134663,3.10704206284881,2.9259497077479,3.01492956298743,2.81770841015896,2.98538007845301,3.08927072957907,2.97139806488329,3.19645367828666,2.92561949695162,3.04160890038904,2.80378051078856,3.0291242588944,2.92490091378364,2.92504325033943,2.97847179379003,2.88314785747185,3.02558004930999,3.12829587661965,3.07814896626881,2.81001505643103,3.04145061481377,2.98162896321962,3.13439726613386,3.06261196612812,3.12717663685445,3.15808622698375,3.10711337914049,3.09949838595843,3.12920263368185,3.01219695886781,2.69533155303275,3.10118499073622,2.6329430091211,3.10388129239542,2.98848907779806,2.82247391823353,3.13724628346137,3.03159956201154,2.98103075276953,3.01068142451507,2.99692528154716,2.96193265981132,2.95833025528285,3.07274562331268,3.01486026498996,2.9345306461672,3.12649177165255,3.04948010421634,2.95778589152577,3.22454156914726,3.064784635953,3.08853842430892,2.93442392808705,2.89463108171039,3.27726314462225,3.0593184326393,3.15371160974023,3.19639405563082,2.99283632039182,2.94996930024191,3.12324127105856,3.06060474312472,3.11028848373184,2.84474617841432,2.89152215064168,2.81468468059005,3.03766886411722,3.04115492350637,3.05498204935986,3.0010732242744,3.10734113150437,3.12358898721652,3.06321418502996,2.97815432836873,2.96146927322172,2.88155114026035,3.05354162566857,2.87114667117337,3.0404607749692,2.99568883351989,3.20623306727217,2.87399092631072,2.85265765880718,2.837971542569,2.91062807254754,3.00671698079739,2.99000958382799,3.09377431687336,3.09795220668697,2.97319413012715,3.00546650605077,3.05091475216397,3.06096474446598,3.12531643015065,3.10011651721302,2.81819148648792,3.13617415392582,1
5.94335144013949,3.0822307081287,3.05590038469518,2.86814013942576,3.05769529809378,2.93826214995731,2.93621290735766,3.06759022009767,3.01459265645419,2.98805880981573,2.77440276784035,2.8810529356062,2.94179740376279,3.03135257887462,2.89498356084416,2.88938533471096,3.16922949577973,3.0753928131784,2.98551594125994,2.96989342176022,2.93514353523155,3.16869199279818,3.13118991130369,3.18527701543345,3.03204976466154,3.06918792135114,3.05847673593091,3.21774563833203,2.99823712676951,3.06250730567662,2.99669235883293,3.13977558481099,2.9810155837884,3.18369344342911,3.02142114386871,3.06994677184228,3.04108241088276,3.05425133116558,3.02387325561672,2.96788366868482,3.28858593148185,3.05906137704572,3.04804478859546,2.92562675338045,2.73686455567932,3.14083904185168,2.95531689824589,3.02297966394899,3.13598539084295,3.15902042488163,3.03966970073635,2.84405798797393,3.01957928235141,3.0233962040705,2.90163693349018,3.12328713084365,2.96174857053944,2.98423791963313,3.18317602020408,3.06765113337226,3.02228278104711,3.29487292461856,2.92416825769343,2.7200319651879,2.92273693192984,2.91375580627226,3.15923305203567,2.94296463062287,2.89775942669526,3.1675809511924,3.00661242310129,3.01854396178713,3.01393484148403,2.94492888700342,3.19545486169787,3.18113700852888,3.01303998513113,2.97637892594894,3.02962835807787,2.77143527075413,3.17101753841931,2.93722853762554,3.07586392771581,3.03738636311614,3.12234945125772,2.94340208166606,3.16646799769092,2.94192361668774,2.88472390493642,2.995444492753,3.13164181317438,3.09255053130695,3.21909090165463,2.95648300437422,2.78735767450901,2.87796108877099,3.01542877970099,2.99126567880083,3.12120503701053,2.99179691439232,1
6.07722753295799,2.91826974183289,2.96767205716624,2.98499409478245,2.82634805437428,3.0337837553978,3.0816570519915,3.21038659959193,2.87799620685558,3.03519829697453,2.85330305183902,2.99000269269391,3.05367735569295,2.68207731456213,3.1608280278275,2.91155108061923,3.11114808091666,2.91568666342828,3.03872572351187,3.03277843090554,2.85715770752996,3.02791079756537,2.88076630870277,3.03190090243523,2.80864113370202,2.88510051075334,3.00553950113009,2.88596905884856,2.85355428971429,3.02042211618277,3.12172060283979,3.024623787336,2.84415039582648,3.1786221506585,2.82164768166448,3.00724205516452,2.87630020431607,2.95820673124827,2.86313779036122,3.03994119707915,2.93973666783682,2.85680556922983,3.14354504635671,3.07837576227871,3.07794299342464,2.88143163642616,3.02754509174091,2.88109804996993,2.90724738470179,2.9801842662909,2.99457383043851,3.00224835732788,3.0457267095098,3.00492298855352,2.90123897646797,3.00938922098719,3.11688212074222,2.97665019972796,3.03794407010972,3.03224018187681,2.62269524187724,3.05032357824675,3.09846246868292,2.90203409116285,2.96513083533046,3.1405797962545,2.79281557049713,3.01531233831105,3.12910826017185,3.12717763477797,2.93658771255381,3.02793394864977,3.12833484612244,3.18240297916139,2.95472398160778,2.94787352830632,2.9297580471858,3.18160065981527,2.89941890424675,2.90093258438575,2.98588975339303,2.90592729444004,3.1030611056388,3.17281765037688,2.86632038865443,3.13541378931192,2.82900528705518,2.92695006902604,3.00858577793653,2.94070341036855,3.15527306858155,3.0571865531017,3.15665540212277,3.09307905039011,3.02304218307089,3.17049820901009,2.84537320712546,3.05556533894713,3.12779559697477,3.16053334115078,1
5.78152960307255,2.98119166824731,3.0527969645498,3.02479762597563,3.04292294349266,3.00979859342536,3.21639933612499,3.0052272701001,3.01836326466597,3.23998957294814,3.16602914376256,2.84378452361689,2.99730259192818,2.80991953855991,2.96236666675309,3.11052678667683,2.91593575519961,3.11172055133064,2.97613364203844,2.88487428006476,3.09546666153246,3.0851273606358,2.98372211701845,2.95466662236639,3.10517046822165,2.95852679043929,3.06175648589105,2.92268011311756,3.07731541753139,2.80335222936726,3.01788014777276,2.84279372836129,2.97213804946689,2.67597197228276,3.01449925661991,2.82258727563616,2.91433589376775,2.90932369972182,3.03406135021326,3.06108935710011,3.04619309228375,3.02241805362901,3.14752133976113,2.98403849952563,3.14782004773478,2.86130917627753,2.9357993070787,2.82949943723339,3.00141231980705,3.03791053660344,2.9093211050348,2.92789078386046,3.18327650419629,3.01238127699518,2.97640564059806,2.83711036388697,3.06285048746448,3.06875572124732,2.8589004926193,2.97813033038519,2.83354793851694,2.84079524313807,2.90863891787356,3.08136039520123,2.74683535860783,2.99965388472615,2.70335314679676,3.31065227418312,2.9407113707627,3.14614986914541,2.92226214924909,3.05013648946174,3.09247554609551,2.93611461220742,2.9638781397069,3.01362021581139,2.86067051049372,3.15149725110367,2.87738792108095,2.95330304073293,2.99048922427976,2.97280665738799,2.9332240043418,3.06957888937377,3.06351203318011,3.00708024801448,2.95146208393586,3.06552975764898,2.98393242359791,2.88005289536685,3.15287715390685,3.06412844365327,2.96263378989458,2.99411014997545,3.12206068374455,2.89607773448374,3.12636985468834,3.06901088774512,3.08676309572661,3.14339358144224,1
6.02646273663779,3.06019368679319,2.98753386017646,3.06726073754817,3.16596399697959,2.97984370965607,2.95054211435864,3.04928132783904,2.87201372423031,3.00850685589762,2.80974385939176,2.93142761318359,2.83896950663122,3.14490594788549,2.86493122910251,3.01873461810521,2.93933335969943,3.06886485955535,2.91823378964289,3.14077307845966,3.07610267680768,2.96038808066402,2.95157758440596,3.09312851928674,2.92159496146954,3.12050263147732,2.94878959132012,2.99347625224705,3.00513884774946,3.07211353009565,3.2625825294822,3.09145399605561,3.01414068094824,2.85995460144414,3.12964221610839,2.92491212451354,3.05031037834624,3.14324398213289,3.31642094956256,2.92780405723147,2.88846189192378,3.00345103829958,2.99063037339009,3.18522687275328,3.12429284069001,2.92923642545401,2.6793034783389,2.98381636344862,3.14574836065708,2.97091264110868,2.88917131006846,2.95422054294355,2.88122380076153,3.13521013365698,3.01302891198059,3.13533576532585,2.88207124030953,2.84641303110753,3.04893376145085,2.95162223714231,2.90186682176289,2.81466780607196,3.02899327893509,3.12647794559905,3.00088685404529,3.03663203008906,2.95683754589145,3.08346630981517,2.91360110808599,2.92635972355928,3.11364275308227,2.89518957881263,3.05818903755003,2.93513667117074,3.08571707976561,3.13631166503085,3.01406830679732,3.02235940264679,2.93384350603232,3.13166242030631,3.12413856298624,2.84865153568137,2.94200224675671,2.97301680482058,2.78475595991321,2.80052622383535,3.1440598775186,3.06924382089712,2.86675939713894,3.06424689532158,2.92814635595416,2.83946050093157,2.95583680926454,2.97303370254459,2.90303376923196,2.75494360023408,2.76738663724918,2.99038566981286,2.97265920714226,3.20275237240506,1
6.06580729254149,2.97645210700115,2.93904544325819,3.08855831282166,3.02502222617176,3.03776411765972,2.87154425963745,2.9964893638593,2.92351809356157,2.78602294907047,2.93081841991541,3.12447573309856,2.98660115166657,3.06602975379678,3.04507150729493,3.10654858475304,2.97500389957609,2.82118442452541,3.05511944737847,3.1178261984463,2.9506423600194,2.80930047003962,3.12055667235356,2.88095038315256,2.97358690095988,3.0520216055665,2.92402525600328,2.86857231322459,2.85634622190263,2.86719986694807,2.90421975794243,2.91525878689951,3.17741057192247,3.02280144611744,2.89603557053316,2.71251537376441,3.03870550115166,3.14910064880824,2.85189816851263,3.01272870065266,2.85501378562741,3.04913269654255,3.2120260721226,3.01198673449041,3.00914260093581,3.12719529728735,3.08805819039113,2.88123031440055,2.93291703155244,3.06211868430975,3.07159236128257,3.07535495185422,2.79781564289942,2.86186943975487,2.98921860236195,2.98210792202671,3.05827515533998,3.17208206508497,3.08930106316884,2.85419024979461,2.84787124371279,3.06630178406097,2.97866840295625,2.69528109799641,3.03131730961348,3.04082133557156,2.9510845131529,2.99934478104462,3.12946133652542,2.97316859402865,2.70500840276775,2.94435823582441,3.16473196176764,3.0319018103085,2.92490293291702,3.03890452626608,3.03257799141918,2.99822110493587,3.12399780800876,3.05999815580274,2.88551155934081,2.69142888522369,2.95151186085104,3.1453330224854,3.06253814066914,2.84731676715928,2.99329899916223,3.09375394049775,2.96866415033464,2.99055954650367,2.91851322899088,3.03290355628768,2.92810681777653,3.07735622466824,3.18891594683606,3.14932408507725,3.20519329178914,3.03036037066992,2.9774882721601,2.98286908809773,1
6.0598955776908,3.05439026119024,3.0447510742481,3.11061323861174,3.09684249609379,2.90267727865544,2.83470826821821,3.19928407304203,3.09585283000818,2.82568164983526,2.94974879284198,3.07709979301919,2.81309303817757,3.05563508401906,2.99038401689423,2.98469030830561,2.91729026190114,3.05248177791495,2.83581892492219,3.0519292075398,2.89216800353338,2.91568154756024,2.9630912039679,3.08113539412025,3.15902139490039,2.83267886356638,3.06696381235489,3.01240448378891,3.10873016404736,2.91876703184067,3.18573863635746,2.98879560015141,2.99053155847744,3.00770872900346,2.95191929862907,2.91672307707196,2.96112791370081,2.89778724674027,3.14821274155327,2.89355753148087,3.03050447296079,2.96986059188992,2.89658322098067,3.06884202679281,2.91376052622945,3.01336177872046,3.00308132355713,2.79496499936073,3.04017511845374,3.03854853734471,3.14335871914648,2.95658534997957,2.87188393859031,2.71365254342437,3.15183927853497,2.94072216666578,2.80437082259459,2.97556503658983,3.03148616778038,2.92319742768503,2.98233424403771,2.97322233192916,2.86280183313584,3.11525946910455,3.236535901501,2.91715922538635,3.08043108070794,2.90925233792575,3.05103505122058,2.99006764373757,2.85400136496361,3.25886163812243,2.97264469641891,2.82191216637583,3.01921595686705,3.01958308170027,2.97856456520906,2.92255988773364,3.06551422519259,2.83237078971986,2.95196295796292,3.00097403208783,3.04216243348112,3.0775759741028,3.05772874520402,3.17863116308699,2.97530317248353,3.30155058229683,2.99863599769622,2.95366624308355,3.22355871277835,3.22881398067552,2.9151262985906,3.0533528686644,2.87030061320292,2.79030656072648,3.02535536085856,3.06732801539371,2.80407355420112,3.12539836976717,1
6.132369879576,3.00347751210027,2.96164165607391,2.83203166598202,3.19592628306202,2.8685860638038,3.10748150034063,3.20949162170851,2.90800933397844,2.96870862613884,3.01226867388662,2.72131234945835,3.09170515594205,3.1384746598451,3.09037128760733,3.07386878840455,2.9990815720435,3.014961589393,2.89090393659948,3.1063579972315,3.0539788867854,3.18172940143728,3.0600375235045,3.06958791766125,3.17984151861766,3.0380402530449,2.95366110011932,2.83118599399171,3.05617624809247,3.22092852929349,2.81113215620904,3.09908774090583,3.13637252523724,3.11282860227197,3.04529917953908,2.80068205595202,2.90976317758433,2.88783224238973,2.87783842601438,3.01834315353359,2.89436234452405,3.04953120014657,3.0905895597715,2.78612315733798,2.93196147831521,3.02682067343723,3.09097902910442,2.79249700153468,2.76771808379992,2.82020996002941,3.11869746517764,3.11423590404723,3.24049882110932,2.95490287273523,2.85766722103559,3.03108724122343,2.81893152214786,2.97675092077148,2.92973397617709,3.01933905690546,2.98228679436003,3.13499544157203,3.20831096391782,3.01583631485937,3.06387014163762,2.93130854910563,2.94738584286567,2.99560916453766,3.08236609728889,2.96808627051403,2.87578948200926,3.04295023067521,3.0073850911919,3.13148027224279,3.16166328741878,3.11527227591251,2.88810606846085,2.9577807047302,3.08593256182764,3.11981515907264,3.0755691230284,2.88606778522531,3.07326722451612,2.9900686671325,2.90825990599793,3.07001105482058,2.9974665597482,3.03556994561037,3.0040367423907,3.13674734056205,2.9301175404031,2.94935187321608,3.02276438387585,3.18229657654194,2.96408730114378,2.88450082749298,3.00580693255347,3.18868208648658,3.05775216044322,2.98052639695793,1
5.9955742938752,3.0537884883184,2.94073232409063,3.09537752713573,2.93740694532583,2.82697882419847,3.05232418236019,3.23797961358236,3.07700208185434,2.99097053162815,3.06821757196498,2.77262997205958,2.75569259568609,2.88946279591918,2.95509541862749,3.15408091572872,3.0797135674086,2.98030618530665,2.71881443432897,2.98674731940451,3.20300052887793,2.89295263755025,3.04159768559468,2.91578905745365,2.7549030576471,3.04613321254552,2.9647414729431,3.01496950920366,2.93410741654386,3.0023472353091,2.95413732279896,3.10174675169638,2.98915986515949,2.87103977551703,2.90662086284096,2.91214761743047,2.96057594379631,3.09207850582367,3.08701232133991,3.04748356929005,3.00513108150957,3.06747362368552,3.03739687367285,2.98320241354837,3.0023259460088,3.0738040600959,2.79198992615688,2.95094446396779,3.02096474539331,3.04290831770823,3.03674944508618,3.01525309931622,3.0088139769257,3.00077720282923,3.04542337548495,2.83990832351962,2.88511552452503,2.95939162877513,2.94404311401541,2.87490272688168,2.8875158040744,2.86962234827969,2.98141913199042,3.06984286375472,2.88247944556445,2.91970669567591,3.08516584807682,2.73668967527657,2.93379730361259,2.96936759690514,3.04046519436568,3.06538199682172,2.8875006815017,2.93196468535299,2.96109736089164,2.85658667346635,3.15848232428944,2.92498580162852,2.94896333846704,2.87376324246881,3.09827153421803,2.98388686730073,2.88082844067334,2.97027544629468,3.28074532196625,2.7741117222597,3.16207611149197,2.93442324069051,2.87308276676286,2.78720591881414,2.81252190023732,2.9693905242983,2.84046287270904,2.84217911056896,2.97089403138698,2.8215064659385,3.14748547328089,3.06666857684975,2.9933901128718,2.83891812663412,1
5.75613435113655,3.18645060156486,2.99676044868589,3.00219354915524,3.18654328510687,2.96981074998963,2.95963478751814,2.94160350012401,2.97196405749214,3.11049790996507,2.88255838083892,3.00271837104458,3.10905643575491,3.17884484189856,3.12868182019719,3.01234434212082,2.94246146475125,3.09944275389188,3.02296763221203,3.0373809282285,3.00304171113442,2.91946099908031,2.94354016499842,2.7341224077669,2.93181057699151,2.84594063715716,2.88743435771524,2.96528533953751,2.86361913097506,3.03614725178999,3.04006105324177,3.17782825123068,3.04719077793196,3.07678737849275,3.12316832219822,3.00923329993061,2.98180536071684,3.0161149163505,3.03402655429675,2.7881466403692,3.00253382188771,3.05521916823587,2.96326772905995,3.13797395810265,3.06596142250471,3.12954008868077,3.28443583536461,2.81560724366529,2.98981303378899,2.93281151773313,2.95893107888262,2.88541576859056,3.18802557904823,3.08775418522463,2.96433636543188,3.04939982632981,2.95521492212498,2.9000485999277,2.70780745335222,3.16577537667722,3.08585208133725,3.09006646871202,2.92690221835803,3.07472597130552,3.17334798105629,2.89607093079873,3.20850504931277,2.88353745434059,2.94605258222725,3.06107031464962,2.83073626840081,3.05223571244051,2.81997153471278,2.8208376291869,3.1294220070879,2.90491158833038,3.08291135652267,2.81951982200535,3.10715699858376,2.95047373909146,3.17113726071837,3.11893586596585,2.90962752886052,2.87575089831013,3.01497516950561,2.84460062830989,3.05983386031029,2.95928028946232,3.06965127918919,2.88797928479966,3.04439282037348,2.84800250784439,3.18867622570106,3.103833069357,2.93355728140113,3.04767867757777,3.07181069590768,3.01976720403691,3.07048990364817,3.0430687767451,1
5.91157988485059,3.27690406068443,3.04617773212356,2.89662935910041,2.87286942595553,3.09401939210639,3.08752875113019,3.03570055781782,2.89228791722889,3.00748711166244,3.18049316622245,3.06671705739358,3.19252273037167,3.01468045159111,3.05099853587329,3.05556098117027,3.12943808931808,2.97464760194906,3.13669280714169,3.00842647180354,2.80617320190943,2.8148542320152,3.13896486438261,2.94907105519852,2.99482025225763,3.12704174263591,3.16265679636333,2.97678965392874,2.96903349536311,2.99851899849271,3.09407117998311,2.91593579034726,3.20804333527134,3.12832081394867,3.14152055792591,2.90035094053418,2.95373308727928,3.15781407004831,2.92602324009933,2.89066610903532,3.0648148195699,3.10662347846233,3.15459022478809,2.86772769829272,2.91907069100337,2.92700492770624,3.04352392868549,2.97520359514973,2.98876030863363,2.91321477431018,3.07120113735209,2.97449168746047,3.02118461196472,2.89684670661431,3.06438235553628,2.94550369938012,3.02095060375913,3.01758177947573,3.06987145307451,3.12520002012388,2.93697872416408,3.22986536126261,3.0820229703658,3.09303798680955,3.06348285276809,2.99859405235241,2.78314393200727,3.08152245417252,3.11566038668216,3.01644357265956,3.07447302263782,2.969441474692,3.12915645336403,2.85165764765885,3.05113455261529,3.09618410558096,2.95080152264245,3.1233489817702,3.0328321420241,2.80544949027345,3.12134777380103,3.11980611426877,3.19591175211794,3.04593028822685,3.11385574452378,2.97294314039404,2.84060950843759,3.00039930015256,3.2700027384178,3.0523438820469,2.9614270854542,2.82277695147768,2.75781468790781,3.12553219847091,2.98769947387081,2.9703861097655,3.25181343223291,2.8496825214228,2.82941731777084,3.00709274995421,1
6.09590724913862,2.96770554888395,3.05992335506793,2.99438760444795,2.9111981293292,3.06557022081251,3.27294635469109,2.88593372928446,2.92406557514012,3.01053252592311,3.07989654866213,3.23249530333001,2.91872901325996,2.91556302044708,2.96231765987798,2.92321555500379,3.07828912111696,2.73665214944193,2.97368650455966,3.08346996354872,2.90512597682481,3.16786494330742,2.99850865860361,2.83507171659671,3.23006301842733,2.88003418141743,2.80579698773974,2.80000260912203,2.94870942134655,2.89138911526053,3.03930716639756,3.03857287325818,2.99311429373861,3.08533568250972,2.88210538545696,2.88790104329113,2.79062543244241,3.00753357096458,3.06588944153242,3.11515126258795,3.05748522169736,3.07061906662664,3.165617484915,2.98638315907009,2.95535433786033,2.94595520768618,2.86988355835402,2.98965351812317,3.07636367636624,3.02064054751919,2.9929837781566,3.01484778088913,3.29606092675087,2.87236130201171,3.06232151011031,3.10777046415749,2.88471146842943,3.16130851114006,3.19050577482007,2.87102042266475,3.12519295762309,2.93893605000679,2.92527649270103,2.9900676445893,2.81519556436446,3.07822405013336,3.05213047549803,3.14340968908573,2.8079441958368,3.1296020501162,3.04560318160263,3.0060154910322,2.75192064408519,3.08112533085061,3.03695711796961,3.00247035258584,2.9591439045147,2.87410625385519,3.10774064995821,2.79194436529787,3.02161535724591,2.94080946212634,2.94434176585582,3.00407457806411,3.00136212483379,2.84233681309527,3.09090310666355,3.10256962728402,3.01558453682524,2.93334573605733,3.0325387443694,2.98967265458588,3.16513298326279,3.07660893047788,3.02207291172938,2.90398868531948,2.94449987845155,2.94919449227381,3.12803135515223,3.1887855333226,1
6.19449372860195,3.1765772604839,3.11168233586399,2.93316389254316,2.99930169902386,3.12905337652566,2.72923165281634,2.98639259554865,3.04882013422415,2.94196156100815,2.95704217055309,3.1458936504837,2.82453477855227,3.07217933587158,2.9582710150147,2.98772668404482,2.94645431211724,2.98443842333985,3.01004320058677,3.24762075352332,2.72692778396587,2.88071947142986,3.0379831346371,3.1721006843522,2.87714759974761,3.02369663121387,3.07914929679202,2.86671235423511,2.95598424132429,2.96562363573239,3.06832409751989,2.88739829225166,2.99106344708473,2.69645925265248,3.06138240745754,2.97100017090743,2.87300191642383,3.07949376824653,3.07139677836139,2.9521519535033,3.22156236687716,3.14454542087464,2.96639198346933,3.02717731932532,3.15878067876032,2.98992398053812,2.949452012651,2.98475899792236,3.01393471060094,3.07559252595583,2.72228981169944,2.90806526225303,3.18817169207565,2.90449395450639,2.98697125540561,2.9106741209264,3.06421343458426,3.18855597035878,3.01304081074402,2.96190993658117,2.87357571062455,2.88483339579154,2.87473349344483,3.11405897772367,2.87780088118839,3.08946806649763,2.95891971736516,3.11475086402548,3.11504923580388,2.86075689810907,3.0321901377904,2.94702611737028,2.98303617479805,3.11120414576384,2.84299342117257,3.18707594846296,3.01822534216724,3.03392223452685,3.01764444017563,3.02798836672339,2.97866697501722,2.89693556634887,3.02306265777141,2.87987207209385,3.34039158721684,2.93573962096631,3.12426644690297,2.94438186795258,3.03927640463141,3.09636198448259,2.86034243374788,3.01279128773286,2.92688132783772,2.94079813505135,2.96074138056154,2.98841306248374,2.95049962919653,2.99082676790625,2.9189131733459,3.1461922393977,1
6.06377548977698,2.99555747898578,2.83539352005122,3.14571237665238,2.92168203992737,2.79322044300413,2.95334972538487,2.947316142608,2.77166764237439,2.97306530935428,3.09306699836218,2.89715691802251,3.21746171456307,3.01297488168019,2.98528654703045,3.03552498140364,3.03693125964395,3.03790454725807,2.82747208098451,3.0283730709291,2.81758667504513,3.07399954675709,2.91150235883597,3.09289466454752,3.24134302538683,2.85795123964428,2.98538207868702,2.78397975957601,3.01725203928993,3.01536740444889,3.0772078047245,2.98198489128284,3.15726182735295,2.95394366442629,2.95714102972942,3.04247016817391,2.96672133142058,3.20341282555413,3.29676259350417,2.95017460523629,3.19255186530819,2.95514253442028,2.91059229077291,3.00495338571612,2.94876751229287,2.9513648180491,2.96767511408303,3.04805710594161,3.22406802349897,3.12352573512796,3.08950011445307,2.93742222598338,2.96623607544956,2.89082758146618,3.14514267865642,3.27883881519096,3.05301332439709,2.96706153177728,3.12683917220637,2.95844863907928,3.11642104700096,2.91952844798529,3.20989048159079,2.9384238665738,2.83919147063444,2.80854536748179,3.03738888245124,3.03118439389885,3.06836371947884,2.89141763045729,3.04703566168126,3.24362882580167,3.01799429558004,3.04375739660278,3.04913060843882,3.00040436426505,2.95530413759053,2.95202246483997,2.96491820590533,2.82686564816096,3.15340538526099,2.8392847564585,2.92514773487911,2.97265329472607,2.95160394668548,2.98069442446494,3.04330844403988,3.06382947955749,2.98623408689026,3.05909911305772,2.97110894755233,3.04282890138405,2.96345324893787,2.94479379106702,3.07685020583678,2.94797482974151,3.0777061889061,2.98820888444691,3.18456193806224,3.30403728954574,1
6.0618367038418,2.9572894507364,3.09462784769972,3.04761062529604,2.8412884084764,3.04756862822467,2.93022099072642,2.93741991453294,2.92958672285569,3.00871528518974,3.18539182786704,3.08387502672784,2.84996150968865,2.97114008906275,3.11702709363344,3.06542391539946,3.15086036927541,2.85338621257104,2.96806232471615,3.13355304470848,3.05327402551081,3.00750620542562,3.03293029272798,2.98275954949695,2.94867803668191,2.97527003761395,3.08458994091194,3.06979211278657,2.93486966332408,2.97892512883663,2.95282561747384,3.03680253753465,2.90340847584307,3.09410320554797,3.02398892871012,2.86039764585115,3.05902111392446,3.07552792525409,3.00688122582735,3.30951500321766,3.21687812266058,2.91521176772533,2.96357850059897,2.998960140285,2.93350986771624,2.66220141530396,2.8349647669864,3.19901757035062,2.89162401762708,3.05563269576111,2.9987468504678,2.73986778770324,2.70112549706154,3.10065967571972,3.15265381368949,2.87431267982999,3.0337869442282,3.14511830857417,2.96056362806784,3.07334459411746,3.08753357732977,3.04943458203244,3.08101193708293,3.22856252023384,3.0834193026209,3.001136123478,3.10898663844657,3.16669919504353,3.04792153495936,2.92639525626087,2.83781432466375,2.92134901118866,2.93932616613607,3.03531269558782,3.06693796940687,3.00061853411505,3.00843788480125,3.03401213368854,2.95031817552926,3.15802677991772,2.78456924127597,3.03441076411011,2.95255133118367,3.13533701982151,2.86644920951893,3.17609825754019,3.08268280900149,2.99834501907035,3.08256773285919,2.9096694445045,2.9852887362515,3.11935944595869,2.96782527399373,2.88896943572641,3.19303593240421,2.87008509562451,2.94058608394365,3.21710160420727,3.01697566022203,2.96445173487696,1
6.04167330825859,3.01637828547545,3.01386507383029,3.21140842137032,3.04335177249974,3.04618321299706,3.18405491605347,3.00897652801149,3.08731770498166,2.79682979928579,3.05705344104603,2.91545180265177,2.95489288684479,3.00035875466915,2.97507246023793,2.96951805865393,3.01320175577809,2.98868339400268,2.9927342141722,3.20445112079855,2.93932712586293,2.81456688664666,2.85069649077507,2.98130440720516,2.95330943036319,3.04104077628556,3.18463753695535,2.83779838567545,3.06546351949847,2.92956890820273,2.97764129973132,2.7757321508179,2.94247177284571,3.04405311813735,2.9283336645139,3.05741857930896,2.90157281331281,3.07036195556283,2.88175775105903,2.94489906193602,3.09653239030616,3.04161172757465,2.9499250117381,3.00726429875611,3.15076092416193,2.89677378366902,2.96821030559695,3.17388139084089,2.91951423868847,3.05588829948408,3.13457797267942,3.13328208381948,3.03257520245727,3.08026672942477,3.18528337916782,2.96696347158182,3.06962612963947,3.06648512160163,2.80210611766525,3.05512542941308,2.86542302673442,2.91337584488927,2.99031042037544,3.00650560404786,3.07766302609231,3.25013551178662,2.85165874025155,2.96095207278148,2.76694917940282,3.15957242127346,2.74121714535708,3.01576718719761,3.33860070978005,2.97395247414789,2.78707819405098,2.93051425726838,2.99788040795964,2.8050195387853,3.17273712108546,3.0734842129699,2.90450032309345,2.944317415832,2.89144673247551,3.04089090895846,2.96112104641712,2.92974369492995,2.99971077736728,2.72451360551826,3.11137804817293,2.94991846796687,3.05849734096999,3.00510112218074,3.08813963227077,3.12480944200464,2.98550149846145,3.00313122337408,2.77717896691677,3.03967053918596,3.04358050052424,2.99917862055973,1
6.02245195050659,2.84890329137311,2.97632011007232,3.00601720463052,2.89390336469922,3.13078878867008,3.01530471358387,2.9575224532508,2.8564689032034,3.13656967949271,2.92554501504212,2.93018426443282,2.94866932755236,2.8407141816967,3.10463506540109,2.82168974128443,3.0669142891462,2.98946822616096,2.92843785876154,2.97873657946645,2.95549051908661,2.83842866463981,3.1183729125138,2.76909303580121,2.84892718077145,3.07155383940304,3.00488665770305,3.21526150383193,3.09456212247695,2.93201408129127,3.0010840821626,2.95893211841181,2.90896300747834,3.140746596072,2.9796291505457,2.93942948484163,2.89025310470876,3.10284154075813,2.93358515396571,2.94582032819441,3.08082011647597,3.04732111278486,2.90936443152212,2.98861730971986,3.08096791703831,2.86503766311553,2.97451760608365,2.74305002772771,2.77383356525159,2.98704329971622,3.19234957256339,3.01289982362429,3.02605691773041,3.01275172343658,2.9794674322326,2.99438153749661,2.89014095598164,3.06717818327485,3.11405650277081,3.02194821579081,3.02669941587296,3.0553253472566,3.24592836216792,3.00263659825562,2.89089589262884,2.86937428060084,3.00483825102185,3.03241962326932,3.11744802889009,2.93116770762665,3.04826937651685,3.05262444388039,2.91284501563631,2.73747781952781,3.13963976792316,2.95279081038965,3.11838406688851,3.09163018063316,2.89978861377294,3.0979248654694,2.98356789028308,3.17215413386635,3.02043729304076,3.06460557364757,3.07146303268949,3.02427531300345,3.1173263560264,3.04143914042314,2.93986427050284,2.8645068154693,3.06900956132418,2.65430013661307,3.27332728991155,3.08624453308899,3.00299072067911,2.9733737491438,3.09118654286135,2.96757831395282,2.78117603632846,2.73885675771917,1
6.0095603298329,2.95318224690709,2.82371250441605,2.99046065657407,2.98141367436362,2.94278564186361,2.81292049731244,2.9701730288879,2.87944992868037,3.12225509565176,3.03315278558162,3.01777792049171,2.93818855398922,3.11632622984492,2.89193646121847,2.89604601109337,2.99530778832585,3.00164921066172,2.96363646777299,2.95269717246738,2.90556837922611,3.17802200363749,3.04626350574375,3.06111555673341,2.94118626072042,3.03184376565547,2.97557316994441,3.11790218666131,2.8909344568595,3.2259159682726,2.82039393798277,3.02370091427849,2.99274015762031,2.98214195410716,2.84734439528685,2.91586766687264,2.95142331130181,3.16639112150774,2.64392063764974,2.97671046658852,3.10121211249753,3.02938016117501,3.10611511667908,2.90150975038013,2.87906603349038,2.78862409298256,2.93913392126324,3.08540039194004,2.99714776404071,2.89802211997616,2.98010620792673,2.98278826392074,2.97479033712005,2.93912105310972,2.89657924278317,2.86642250110899,3.15252957361424,2.82284264427889,3.0390012379832,3.06821673619586,2.99663392898694,3.06017677997075,3.09510861111193,3.16730825473493,2.79815305185128,2.84236847426989,3.09952559310692,3.14978586908738,2.98446312934283,3.16766955270124,2.98116623507603,2.90571150682773,3.08795358308612,3.06928593216862,3.06778103023372,2.82536995070618,3.04068051100383,3.01450067277689,2.95868809155395,3.04620348326865,2.83263320634308,2.90623520763676,2.99461499257871,2.89332636661582,2.9628096730078,2.8839440531431,2.91399861620784,3.1290302196281,2.67011070678651,3.31382386332153,3.01467501110878,2.91149870915337,3.08046433951073,3.21580986806825,2.98728970863288,3.1582974637548,2.90892826455824,3.03760170652707,3.06248514728024,3.05003694706831,1
6.10104552652385,2.87977404855289,2.87129106081907,2.92343769174654,2.94326024867961,2.86888195839101,2.84925619400542,3.08861644086288,3.10734186646375,3.13771876022658,3.02107270047045,2.98255635223448,2.95788442170699,3.15644321732419,3.11992304302195,3.08814266798565,2.94988111794204,3.0483151394661,3.0329511900884,2.74977368309745,2.909345553658,3.00507687717819,3.00218722229863,2.85135456786125,2.97980018256741,2.91480826493291,2.96581095471554,2.88491331966827,2.79305659341285,3.08907363489177,2.87007555089477,3.01770977429562,2.95712856352016,2.97700703458241,2.71731969504477,2.75867971970067,3.13245760566904,2.991667292048,3.15890339169724,3.04805979583592,2.97069493024253,2.94513576713823,2.93738647061793,2.98314998630461,3.00672926447037,3.17070964549683,3.16461709983536,3.17609475960244,2.9927062094378,3.17396847448571,3.00811073947268,2.99477416644811,3.00078481215999,3.00354345137485,2.78454717107736,2.98531648824617,2.96191075260099,3.03036892806431,3.08342729460775,3.00859108739176,2.90247323885235,3.02977307573421,3.11051904234884,3.0307621763806,3.03466260205886,2.8165817197568,3.16856528352646,3.04035835961033,3.16756266400693,3.09264278940567,3.04504040208438,2.91856296395414,3.16068868681733,2.92474012808541,3.27473379008941,3.09113042653657,2.92957080979692,2.82132620777065,3.03327255429365,3.00344613341629,3.03366393026504,3.16184955341207,3.05913555456351,3.12863615463162,3.0193601022366,3.0355701466592,2.96169939476038,2.81070838589634,2.92573456168604,3.06237365348029,2.84666102269557,2.89207750936698,3.0897943965576,2.85408774668307,3.01568593364131,3.18246824618131,2.97920930872147,3.04429380330965,2.95687448480916,3.24021086330352,1
6.12995524218442,3.08966485819132,2.92494758795055,3.08631592984272,2.99841796144506,2.94099661071266,3.01241493376997,3.00106493006374,3.19253196828468,2.9391553336559,2.92654000807892,2.86807574666336,3.01372313633179,3.03657911432903,2.95145862946093,2.99280881869932,2.9280577128017,3.01322675829845,3.12708437248016,3.2094930563723,2.9688320397228,2.9861876733636,2.80246140520509,2.74231871754233,2.90774311384823,3.11896223994961,2.93466883558833,3.23460629123679,3.02638753181478,3.09651100995749,2.87551297196221,3.00985527946379,3.2367027231069,3.05117635165224,3.02788888829411,2.87826085903949,3.11427316920684,3.10324313261443,2.92994590824064,2.92843850795337,2.99972125444526,2.92224471162968,2.99902381365662,2.9767807708448,2.84865983548152,3.07924134743676,2.97908912734464,2.88699541721326,2.97970311706585,3.24801701402362,3.06208268645476,3.16749698810836,3.18569978683535,2.94571553334527,2.84173578929829,3.06137380763778,2.95456250935626,3.12947517705932,3.06915738107501,3.12960079568779,3.04688843923801,3.21133231439191,2.901780574716,2.98852321791001,3.09720518142809,3.28081440047022,2.98776661973585,2.84605284243948,3.08153226682249,3.10801473382624,2.97625050904445,3.04158900278306,2.94428820807039,3.05306226077271,3.04247756471082,3.10082938450785,3.07216591184612,2.92933801372619,2.98453522019523,3.10925720773734,3.12046911312479,2.88628984957175,2.94321346753236,3.20333642715262,3.15334954654965,2.96976030373267,2.87063983191918,3.02289128632614,2.81792757558844,3.10462094536463,2.92930912355754,2.76089910307092,3.0580837986827,3.06239983330063,3.05450858860672,3.0964291539743,3.26705765711361,3.01667380952419,2.82912316996135,2.89272917193332,1
5.83617173754392,2.94326812174642,3.07604228201663,3.16701265085062,2.92035885390749,3.04878889830538,2.74319953227302,3.07531716816293,3.17619804007919,3.23885190163172,3.07362716594284,2.87501354535593,2.88973473177744,3.0987117047611,3.16720860853219,2.94261892738341,3.19061056581267,3.1287532757837,3.10723955077858,3.12148663348256,2.96565546496018,3.13230981153632,2.9502093394161,3.17975377103543,3.02737563709876,3.05356861216087,3.00438220956913,2.78882798337826,3.08138152198034,3.12545214053853,2.96896606377709,2.97698104548163,2.98422711796182,2.94464376256201,3.04936276464563,3.1300909254466,2.89331051372541,3.0434216231548,2.99871509060889,2.96352355997642,3.10592619955662,2.88203560655956,2.78648887167348,2.94862309974623,3.11557414882258,2.85497493990992,2.95077917746251,2.89594258638249,3.08556511741772,3.01588375781841,3.0979690026732,2.92368874140171,2.74877572452319,2.99476657459143,3.06367379747478,2.96206689231538,3.15985905318465,2.93608903230889,3.04676241757596,3.02363005212655,2.93508557566096,2.92112245298958,2.88089762214089,3.09303078122192,3.09059958845418,2.79779894211871,2.92175952915471,3.00730593931591,2.84649525968525,2.94985572509778,3.00964757157117,2.91238046312726,3.05186177115368,2.94453626822798,2.92247331962315,2.93702661581249,3.18655187943346,3.05143812817034,3.129669450708,3.11674081367613,2.92424537805997,2.74152972549292,2.94985541171711,2.74032394709174,3.07693348239723,3.11248050790434,2.94519375474596,3.07022791634818,2.85578007351988,3.18937692148939,2.92301935271535,3.04799782466955,2.86243175903928,3.20081869843311,3.00687692658684,2.94146230648772,3.18243012708058,2.99101750016765,3.0039277466184,2.97674513935351,1
5.90041160607962,3.11271368578119,2.9829624506987,3.20722445060453,3.09991665626302,2.8721717929094,2.92953212189284,2.96945931603725,2.96288168520883,3.04263544458958,3.18312993124397,3.02890550256957,3.07225537111702,3.08737230360724,3.0027309906337,2.96212022015913,2.92579826830487,3.14349173974376,3.02803564080294,2.87438194575332,2.8599100079278,3.08028609439663,2.8674105591415,3.05518121175582,3.22038935231523,3.09040682621676,2.71232159023147,3.17193114925294,3.24461624877799,2.93770309211445,2.9052488200549,2.86836655774758,2.84799137888619,2.97981700213953,2.86066421555401,2.99500952936227,3.05062120983825,2.9355529636465,3.01563428894074,2.88030801481547,2.83413079629585,2.85491355950793,3.00532749607727,2.91635745540673,2.96320713140748,2.9759830953421,2.91748095187741,3.17956817731428,3.2416711488631,3.02911131004846,3.0070737034134,2.99230922295936,2.88170195583358,2.9323763696512,3.09419695215979,3.06576099326595,3.0229052738069,3.07078254830484,2.97028838787743,2.83860033114957,3.0700201182272,3.01065418946408,3.02744829854516,2.80960633460526,2.89864423323187,3.06800725427329,3.22339584859075,3.09629583641016,2.85644013151876,2.99095806670687,2.94908980096276,2.82075945379388,2.953680291718,3.03060924217017,2.81868655275459,3.06057437333655,2.99085487647748,3.01614599981133,2.95229165684871,3.02670127921169,3.00964498046749,2.92446328542654,2.82887963465257,3.06871885442988,2.95962351300657,2.92196426424575,3.00168669321882,2.93289523680095,3.10320705332313,3.11404868627305,3.14846678674824,2.84838418472431,3.22873880281122,2.96067248195704,2.75974773569123,3.03807553769767,2.90763974915014,3.06924629482524,3.20117459761663,3.04934864852114,1
5.79176792379107,2.92815759624471,2.76956836181665,3.08942020821795,2.90451167774857,3.04875066298479,3.02888437902679,3.18535422163971,2.97433024794442,3.29574883635652,2.98212899030903,3.19190755024963,3.05963073274587,3.08791433101702,2.88454843195517,3.00629733881601,3.10360478155844,3.23964767412083,2.84797889022925,3.053691481999,3.08380496753415,2.85981782642116,2.85532027538122,3.14301064137255,3.1212064474111,2.81576717628442,3.26470980408302,3.03153664944832,3.19157925149269,3.04089609963702,3.0672941653639,3.03493898755826,3.01446941788109,3.0473869726818,3.002081411561,3.03586313771303,3.03100048110154,3.05084123779966,3.07305752983941,2.84922215020202,2.96039627252726,2.9159611524363,3.12837245755049,2.93620514005614,3.04132173226435,2.98572389074616,3.02398958911837,3.11873027038628,2.96520743483355,3.05644790688127,2.93194554101167,3.09540623830136,3.14915748989661,2.82461671570694,2.93621455546882,2.99427554041148,2.96138324619135,3.07529927182747,3.09249189738311,3.01755524994068,3.02029286088336,2.84461942714219,2.98279211753676,3.03348601243934,2.86365083038901,3.07168066096576,3.06052682930083,3.08218864973312,3.02678240133625,3.14535766984881,2.90415408266225,3.11650221441217,3.12114006718512,2.96274861283257,3.13827002914142,2.90331611349307,2.94626383659968,3.15939291887558,3.13402537565973,3.04956871015755,2.75584625361606,3.05872464778705,2.90561846636695,2.84084893849213,2.85909779790743,2.87418586056028,3.13588281681871,2.90393473621391,3.01158698167174,3.12441373470769,3.26037917637947,2.91443885714833,3.09052391270478,3.18963378032081,2.90500884067916,2.87889647280092,3.00563282283426,2.96921506138885,3.08001959854617,3.0268834994381,1
5.85146419762514,3.08132787992528,3.00901863840568,2.96252095370432,2.89715533196149,3.12758775236949,2.89969766119452,2.92161102169618,2.91376189439399,2.74604427409488,2.91264547440635,2.94362224032529,2.95948811736655,2.95382874901574,3.30761368139399,2.85410695538022,3.02461837516756,2.98832769134125,3.19560216005506,3.19596336634249,3.02928441128812,3.09503856681027,3.12298477729081,2.91318521354997,3.03094871838587,2.86068667430096,2.77008405341905,2.96525552790021,3.00451584260207,3.09581819962769,3.02944901083182,2.93362007309531,2.83840904228175,3.01619718251742,2.96924710692874,2.87830972499557,3.20477701255758,3.12069301337886,2.86482306739902,2.91876334392983,3.29140224366312,2.94842316654323,3.10589597283663,2.83615217009477,2.95044370163232,2.91364683108753,3.14866094289588,2.96486703473697,3.09090935345097,2.97589863336072,2.98184352185393,2.94424946154255,3.18497962260279,2.96371807682881,2.90940866426876,2.88926572004968,2.91802918422641,2.96617619028369,2.97460789327305,2.950106465472,3.10637587947059,2.90441912843519,2.81600609692687,3.1804474080513,3.25476157535706,2.89294979007622,2.99675244720151,3.10413001632552,2.85775167159543,2.99506361430759,2.79374645530563,2.95258246188246,3.03332227486178,2.90956870204279,3.0878252272208,3.0349664655315,3.07109548524742,2.97603835403478,3.03560139684228,3.01444437320475,3.24243476381809,2.9919266908035,2.99192625416824,3.18346506844607,3.08866815232914,3.10010419390276,3.03549530325119,2.99971585176659,2.86239775947588,2.92260829734227,2.98592917305078,3.14497340497292,3.19377762795637,3.06771279610459,3.14756072363792,3.03367302618202,3.02412053985658,3.01757866291623,2.9873434161709,2.88310780382128,1
5.95854047043645,3.09303295757359,3.05955579339203,2.93374597584214,2.85390996209779,2.79980852170121,3.17663192276396,2.90266774900679,2.76682703917213,2.92606588098505,3.03513450076754,3.06335012680368,3.14056009664431,2.92133965084472,3.04949143816983,2.82010193059283,2.90727758607917,2.81116833429705,2.98649246981304,3.05138781932484,2.96842349531756,3.00314964341564,2.99491264437425,2.84721561809306,3.14483402630451,3.21387223084433,2.92082873759229,3.12802385325532,2.97179526556065,3.00684148027713,2.95268193035407,3.04490367368618,3.07017871003274,2.76048869051753,3.01028372624859,3.11215149904915,2.86893348875248,2.97796937692537,3.0959896034634,2.89952663349502,3.39345413725522,3.03954682141994,3.03623699798451,3.03585707360006,3.00044410390238,3.00246471441324,3.11753008235572,3.15429200704992,3.09769060650639,3.0280366354916,3.07953357127389,2.98012173968624,3.08354005501601,3.13978302544157,2.85567893252403,2.8654559844516,3.09192245480542,2.97248135054059,2.88468198046198,3.0486227857306,3.01385314285727,2.71441064172105,3.13870252424033,3.05615297300776,2.92214790110858,2.94696016346974,3.01308637774019,2.97918477226937,2.8925424952179,3.06539220770054,2.89370949372,3.01680291107494,3.10565279175399,3.0114712852614,2.98381105605929,3.14289910356598,3.08924052106035,2.85418642057252,3.06593272679186,3.01044399474748,3.02319811735161,3.00007822195072,3.02671080407585,2.9070281553496,3.11933950991879,2.82454998727295,3.1346208477495,3.01580542629898,2.99023902926004,3.18979931296217,2.90022616123172,2.8641919434423,2.88602269408873,3.08546170884036,2.85338042508054,3.06145113268398,3.00189531543572,2.85529738654114,2.82988288492148,3.12784760557872,1
5.86657439129046,2.98578324284767,2.9749679224491,2.93501396064491,2.99573218984524,2.97092315143416,3.18915575873892,2.92692244241439,2.80787221913013,3.06784229664922,3.03723413723506,3.02104541356667,3.05281070282452,2.72585968267932,3.0220577746034,3.20199479416332,2.92467389891205,3.00496924422794,3.08244411759799,2.76007436703244,2.97992220593642,2.84145582819754,3.10500964663039,2.99276927889893,2.87555630151001,3.2062666181349,2.99098073297883,3.12318311663578,2.86391001548356,3.04340685494196,2.93685561329193,3.11999746893415,3.04428180470904,2.89816465411988,2.84836668625895,2.84364015080875,2.98178080634987,3.0702384802637,3.05562888414428,3.00562869620122,3.00386697025805,3.02863614639682,3.14117829173834,3.01983066460468,3.16590879798945,3.14090487182981,3.12402137128905,2.83768496173381,2.94121950307346,2.90224400419914,3.10991342600185,2.97109745549948,2.95519513401737,3.03610246117557,2.88796268644858,2.91226649039818,2.81512960674795,2.84977137791489,2.98787936623863,2.92019243825294,2.80368104454563,3.10375620868976,2.99837518542692,3.22896382955276,2.99401682856939,2.97509734016631,3.13681949475253,3.16817222375403,3.0393894100726,2.94653394465164,2.8630341580645,2.99071869887184,3.13814146536195,3.13220601066043,2.86184511872699,2.99736214339583,3.01570593254265,2.95793814012103,2.90076657699521,2.86560384904046,2.95363232777295,3.24137234400278,2.9720168685728,2.9906073293684,2.86012590589775,3.21313160740827,2.85644784358808,2.75911776097884,2.9876572469496,3.04865539445934,2.78363988738458,3.00980955290517,3.01290017837633,2.98130923905216,3.06873444945943,3.04234385900558,3.11013495126175,2.88681799311889,2.84209843997951,3.00917453404396,1
6.12126571420838,3.02304427880023,2.97683680065608,2.99031757501064,3.26044162512764,3.03898248274677,3.23225970970308,3.11051139856142,3.0551219050222,2.86741637407644,2.9573264531861,2.98262565541561,2.92821709291751,2.90091251956095,3.13306001384443,3.06658142451438,3.14391069308065,3.01869751013166,2.9767401135362,3.24203562912147,3.02653624694328,2.8944660472307,3.09708866450591,2.96876436388848,2.9669748462732,2.77720050022845,3.01691432496179,2.99402897136948,3.03985745954839,3.18461708594775,2.92551110662729,3.13235435609443,3.13423662540647,3.0947987544883,3.00398096250754,3.04725085101526,2.91113186131739,2.97971128462944,3.11910003733871,2.88585674674047,2.99551608478283,3.03179443387978,2.95819528239022,3.10928658387741,3.023327331657,3.11947540413057,3.05742432867291,2.96944072031208,2.95947274130394,3.15942272779564,2.97417913026309,2.85067503255544,3.00573530691801,2.96952027522328,2.98206554714939,3.07354207900981,2.85216057455859,2.91824817119836,3.0729244781127,3.2639984683779,3.19896388983507,2.86080991873047,2.9093708833945,3.0483103509302,3.19723110008194,2.99791833531949,2.99154053901958,3.18283282718031,2.94072468991317,3.11425978288909,2.91237974652152,2.90928444753993,3.0708705589115,2.7207405393898,2.93435365448152,2.96447237790283,2.96723836686541,3.09489640647272,2.96365107720366,2.85364686148232,3.13997384638671,2.95771541090596,2.87434999807703,3.04104540155485,2.91337011537465,3.03314058293845,3.01448607567955,2.97316136031572,2.97230287560285,3.28045734602797,3.09713191694429,2.88895982202327,3.09358238824242,3.06324369637762,3.06880552413099,3.10230710062065,3.04179309382743,3.04381974424338,2.86091537388576,3.20358078091653,1
6.10362149004766,2.81145559394392,2.80361695977886,3.04408911937506,2.96556765972077,3.26993518984972,2.94490354853353,2.8898758306511,2.95576066505916,3.0523805834781,2.63544507885873,3.05644845529496,2.99780984357292,2.9662039477518,2.89081029760508,2.89378599849637,2.97399764641986,3.18343358008695,3.00882783818862,2.95347983189196,3.19893803867599,3.17562070625147,3.07847806892541,2.89326807633821,2.92312091748254,3.0157890659374,2.93999777919716,2.91233156976356,2.91876469163605,3.05802784133011,3.03106297624857,3.17912571267826,3.17653470013802,2.98861919007909,3.04683488231439,3.05913722132662,2.97627528910138,3.09676127417912,3.1792231876169,2.97552104724987,3.13689345261951,3.02558061135793,2.93083033260817,2.81497948902794,3.05814809194641,3.03429750710473,2.78826685533116,3.07351300833358,2.82045649058422,3.04109173706539,2.96522509004058,3.08268844995049,2.82646066450953,2.78421221786012,2.93529355462266,3.03754729142519,2.97520649372948,2.93351970871373,3.01436991545125,3.00737853001254,3.16565018788233,3.04037109906622,3.08367075118421,2.84025760212959,2.92750813686832,2.92372303347228,2.81281790053685,3.03837325931778,2.83707048797085,3.19187159835097,3.09585345158369,3.09180250820529,2.89874753882298,2.89657135761746,3.02856776830546,3.07351306839634,3.09296377400622,2.98710662465151,3.17571981660263,2.87214869724352,2.85443291514703,3.13932996751704,3.17332441637309,2.95132145125965,3.02799713286485,3.05494000649278,2.8897873767565,3.07822489431296,2.96969489722275,2.94326461028581,3.09808515729109,3.07370125805741,2.92103111453483,2.96274891042677,3.19753956001475,2.84678187563978,3.02813634915234,3.05769146817872,2.86778942598581,3.01009594865292,1
5.90712255590872,3.01483466075033,3.1489667884262,3.05585288794979,2.92979733139781,2.99488141676743,2.91467892458762,3.06899254519564,3.00239226718723,3.14696003453709,2.8255006651117,2.90017580253708,2.9505801739976,2.97798342515899,2.99161519454392,3.02375738811664,2.93229375537257,3.0042555160564,2.94955909555469,3.1600925204331,2.90046958469374,2.93854353549199,2.99043773186266,2.8760276438687,3.13201217387296,3.10008935769452,2.94548902842329,2.90844625898603,3.05407255170337,3.11211950486955,3.04106502024475,3.09351875129364,3.09640098756734,2.94549595268781,2.94016503553763,2.82127748201204,3.08683340627998,3.24042190714131,2.89289980512571,2.98950298285948,2.99926989267222,2.96546971191675,3.13711109968871,3.12805653699313,2.9460115005446,3.05078758940889,3.0285748687546,3.05495504775907,2.80364411383954,2.87095723727271,2.98031743389708,2.9328160122961,2.82257322855766,3.12571824424387,3.02502395327019,2.92849303332322,2.98536170644268,3.06317401969853,3.15032999403656,2.89607627608641,3.11423781915397,3.08588639940921,3.1007130816281,2.87862036288678,3.16043538977946,3.17126793254398,2.93262449844689,3.17571798215994,2.74169814300144,2.75374586625313,2.91897383345307,3.16342907922182,3.02236077191167,3.04387090420088,3.09193902091825,3.11031259065357,3.0449057413768,3.24726629610725,2.98561352877087,3.01622324275356,3.12636910446209,2.94900191145031,3.07803580412133,3.0983900746884,2.90055616545419,3.03296616963465,3.19098931263133,3.14299920260035,3.08194482900866,2.85182760966966,3.12137652272129,3.07790211199603,2.714641665379,3.04009061275668,3.15557813442881,2.75903456125031,3.03371951700634,3.09421565565305,2.87313649726134,3.21756666953853,1
6.14818539448873,2.95953355923122,3.02905374507319,3.00161448863125,3.12566248390309,3.06202977860023,2.87729377074417,2.91227241187391,2.69495810395598,3.02424533573539,3.03828085791629,3.09403036250116,3.06654591858641,3.04634624191749,3.05780944160705,2.85165690905726,3.03183469401173,3.05534924578143,2.81296951190691,3.2282591945517,3.00670701136106,2.88099480946703,3.23660967535726,2.92802503996527,2.97658053812107,3.05635197584437,3.17110665276152,2.91358731670703,3.0468659216268,3.22285883678184,2.94569877824204,2.98413008233676,3.10874698776855,2.92876975607133,3.03085301292572,3.00500267050012,3.05075492110791,3.33383311316581,2.96034670340822,2.81800450773476,3.16213104783472,2.93660610955194,2.99525762271195,2.86687069678728,3.08918690231885,2.96665531805645,3.01263957105118,2.79576027516438,3.07099568180586,3.13122503638251,2.94464180366695,2.95976747567685,2.97173774033124,2.81799710096732,3.03214117315253,3.12521189338743,2.96521920296919,2.90206885955407,3.11157041554341,2.76051917336207,2.91881375348573,2.99547698579717,2.93764837320069,2.97267664156899,2.84354515450826,3.06326338891909,3.04051085331112,2.8369336816945,3.14037937646147,2.95623773517053,3.09825239814429,3.07707170498774,2.97181955108298,2.84671215966885,3.0054917192549,3.12949242371031,2.88252843099057,3.13880890820319,2.972242029935,2.75551045346907,2.95663674306931,3.09889986095732,2.91793268275359,3.03751590569891,2.73611268469373,3.13806394340966,3.07157001890486,2.98766277473659,3.0152163434209,3.04781715301165,3.08051242927044,3.12376937708315,2.92994762199693,3.08340405609452,3.06631441659677,2.86819460356382,3.02227461806595,3.08141780079324,3.11693702998307,2.9282217534127,1
5.97617358002648,3.09838471111936,2.798069469294,2.84049134445038,3.11094144152959,3.0755579749348,2.99606638900212,2.9115867836898,3.24852847351286,3.11648782328538,2.91672799023747,2.87355667698395,3.0011648965422,2.73619824899644,2.87512805405715,2.98085615887815,2.83129664109167,3.06257242332541,3.0510753610094,2.97921220340568,3.04904862882141,2.85688388914376,2.97772110113327,3.13037462910454,3.0440935018067,3.02399399536064,3.00436593618413,3.29181772234993,3.10672439938602,2.9730588744829,2.85965170223277,2.87973950805798,2.99412797229021,3.13817482588886,3.13472951404672,3.10475593034738,3.10396994458077,2.86442528504044,3.04401444923575,3.0405875438017,2.96066651725873,2.74316437962812,2.82505666059871,2.74637300792712,2.94792349826981,2.83065874547813,3.08372640827028,3.15543088529476,3.12114478001007,3.14581354410039,3.09214264214811,2.93610693953507,3.03281004155638,3.09061176305705,2.99517410363451,3.17183408785855,3.06048121735153,3.07038426300751,3.03960282042208,2.96826144516434,3.00417958838892,2.9271323533245,2.98715313383245,2.95970547545546,2.83350551641751,2.92999787452232,3.05272032343261,3.20130915913238,2.95825345743815,2.92716041503616,3.00103528770724,2.99595342904571,3.1494219369567,3.07503833440815,3.0250709412602,3.05895768603711,2.96588356374294,3.24191764004866,3.09899251451647,2.87627094721425,3.04401826773882,2.88079909183552,2.97470418176931,2.8465464100095,2.94515034356505,2.92110962598079,2.93804867369881,3.02717237822448,2.8388897991703,2.84678138093784,3.12435372104105,3.08345978499613,2.90025308155449,3.05119685443421,2.97900111896727,3.01339143025231,3.0836613656384,3.17866945721005,2.84159873356467,2.97813549259486,1
5.87361131633417,3.13112299358102,2.86147544862484,2.82430634742442,3.1406157316598,2.8997307932814,3.02982158173372,2.99762654794339,3.11877873638098,2.963047074117,3.00015478401668,3.072417928996,3.074385004286,2.95113163508022,3.02288070664894,2.95848305166295,2.97116523356371,3.05681735035343,3.04788771857513,2.86146979235051,3.22239665157149,2.97322220041076,3.10988950934344,2.86012979527568,3.07379733324492,2.77891160845897,3.01925035191739,3.13614173603496,2.80894812059297,3.12490542349734,3.04376794041545,2.88876639044937,3.04875356605861,2.83224464647148,2.86287429753485,2.89663944815522,3.06082901480775,2.79405041359106,3.04441799750817,2.83207258321249,2.87369084922927,3.1250030743662,3.08323826765673,3.08920829828623,2.91895172729792,2.78644892079338,2.87236366624055,2.92651690431217,3.12912903255867,2.98150191497317,2.9042944709302,2.89645954040773,3.09249868900368,3.0896605238484,3.08419136605366,3.15068794134822,2.98603015612847,3.13597897147372,3.06141237345346,3.04243570367991,3.14264753359241,3.11205902768707,3.03642144910454,3.00927270182189,3.14361923569863,2.75608596917075,3.18972142064052,3.32923832012631,3.13468688767119,2.97797418090795,2.99560923780698,3.05518386998748,3.15106582270131,3.1755925970123,3.12069698661406,2.83574864701515,2.90432521261471,2.93841211523553,3.08190365914566,2.96227659511638,2.9833193983801,3.03652236948033,3.08312230034082,2.92045486619686,3.11178448124766,3.02489301349173,3.06954955903235,3.01672767017698,2.98207547326262,3.0572639375939,3.13188956974791,2.77843138093132,2.85745117638466,2.90329692675329,3.05263441243357,3.08255194190977,3.05974146056895,3.13640449186962,2.98228276483947,2.83700596727006,1
6.22915037938074,2.91832518330449,2.87090140548094,2.81995409817922,2.9626709734156,3.11513943256637,3.10345848364335,2.91745183128338,3.0794908895573,3.07169726229286,2.86448024009607,3.10178757378885,2.95358550521099,2.86257654174606,3.0105253191231,3.06217749218501,3.36877552128855,3.19454822141286,2.95616113210239,3.04788579855167,2.89862675422865,2.98786691952343,2.93682426621736,3.00220264314766,3.12877178518287,2.96738187649819,2.78000398377628,2.74150415146359,3.10571841084251,3.11425438644258,3.05637552403248,3.13160256210484,3.11572007117356,3.04556133128078,3.22104787533054,3.11899159014664,3.1535573551906,3.15574038406038,2.99103015945486,3.02042877142345,2.9224800920621,2.80337623468391,2.88393601667117,3.17824555993826,2.99848346108432,2.97480052438565,3.01643621901712,3.13887031870711,3.05220338398183,2.97535926500938,2.9639163914195,2.93224031360616,2.84872102973566,3.20198218192043,3.00170595081253,2.99714529715325,2.88074058503194,2.89136356366594,3.09525147047231,3.00579778685131,3.05705784371287,2.89310895290594,2.96000582975058,3.02859125487137,3.169247764676,3.0561817268551,3.12715130508774,2.70887368746749,2.92964451494057,2.99856846413217,3.09669361660433,3.24304063572937,3.01959988013178,3.04929555772748,2.93801925888994,2.91925396398221,2.98486398712852,2.83306291173703,2.90853181741031,3.07983814245556,2.94652607283726,2.99059835313828,2.87087123554407,2.91672379443922,3.13672531790565,3.0841186609577,2.90531365359019,2.96230912650804,3.146243774312,2.97855794860836,2.98389400378448,2.95654772971076,3.08488253034368,3.13410463999213,2.97697317974355,2.95222953300648,2.86099707986641,3.06579224999275,3.03929914444501,2.98423929095396,1
5.86427657324162,2.93148297129697,3.0685742017002,2.80305379868619,3.06538514002959,3.03803917415529,3.15794018505226,3.01293122098133,3.15340797241666,3.05715546024399,2.9068752726368,2.98431736633965,3.13438139372447,3.11180875074615,2.8367903836849,3.06645210780041,3.03203916079026,2.8714736193516,2.90741197316287,3.0108762068439,2.99439277342046,3.03313559596279,2.91259151936133,2.95522378502581,3.12984727069649,2.75641760340965,3.09394268879805,3.2435988891966,2.75751862987849,2.90576908925169,3.06736688806751,3.13175563784551,2.96399499436148,2.92047476060042,2.74908880426896,3.15242091050198,2.99470165430152,3.01129135329827,2.93326281395836,3.02012636498129,3.03128985371827,2.99754920477279,3.03191516848222,2.98321903916777,2.79873149154076,2.98578581469725,3.08343686275107,2.82079212291659,2.81129686183185,2.96964773986546,3.05752647953752,3.00137581322577,3.05977243964466,3.03091716790749,2.98152163783003,3.21675888625796,2.8261201730328,3.18737896014881,2.80348003746505,2.87264755433669,2.97635712174105,3.09758516707862,2.90757598568515,3.10971676647179,3.30235854613881,3.01118778988401,3.09615870412452,2.88971551797129,3.01376001302447,3.00086950946514,2.96141799923105,3.05796440861118,3.02872843387455,3.03742782956836,2.96352266290303,3.08260103303599,2.98057208866001,2.89793351396761,2.93580025846991,2.7146875127579,2.94588652802334,2.83510793449881,2.94374530632547,2.98043028708437,2.9049927820386,2.96763204802496,2.86784362542665,3.07853729453847,2.95685822240468,2.99024409093415,2.82178816557548,2.86533451425032,2.85042203145356,3.05435392982881,2.85863230216178,2.86656708061479,2.92004757025385,2.96335709878573,2.94784737540081,2.97618985723856,1
5.81445463937612,2.76908765185205,2.97501622312882,2.89210559375214,3.09887346117292,3.01059413175958,2.88871027483869,2.91006448262693,3.13440479934645,2.94106131438445,2.8330166611311,3.00389576016949,2.97861772122203,3.21212667641984,2.84790479073122,3.27593824697927,2.914705427911,2.84227740017161,2.97643671671954,2.69240647109729,3.03181669057352,3.00531978707086,2.85769084844533,2.96936398011732,2.98387505266256,3.01078238451724,3.17638864976338,2.96748985628809,3.11232008688241,2.98405319593946,2.93109938691202,2.9801804137624,3.20753218352136,2.67909921973375,3.03081077196969,3.08364095541143,2.84188464420597,2.84822493778174,3.03694076122079,3.00443385687023,3.22755412736827,3.0025144407768,2.97767805639177,3.1674435632867,2.97184435838502,2.91150274132898,3.11840070776388,2.83456362712122,3.05863555665599,2.9828396911727,2.98023884685207,3.03691947337702,2.96633558229234,2.96664601483434,2.89315043642591,3.02459197044987,2.87697217583859,2.96768682788684,2.90749065138239,2.96411486952584,3.10819784155681,2.9708632565606,2.94593793766717,2.95076007399877,2.93792349438223,3.08870489431632,2.98963694864967,2.92562214668056,2.98433556402422,2.80726204578619,2.94775430609655,3.02201974397408,3.13063016003145,2.90318037456466,3.10474218419785,2.95253295437888,2.87429353689124,2.91800391746094,2.8401562707341,2.95760447943576,2.91585999668175,2.89203709481839,3.02146970236527,2.93425124027034,2.90002394628991,3.12172735578758,2.88280489558175,2.99143347139604,3.17339453119584,2.95204144351718,2.99380831248595,3.02568807928731,3.15271996824637,3.08331842359106,2.901533777533,3.18252001199223,3.26313260626132,3.09068338447534,2.94047815644015,2.97936728929213,1
5.67776749733657,2.77660506860257,3.21703573028227,3.07068274214738,2.91466064372553,3.10875125960071,2.94510313052783,2.94798953146155,3.09679645649748,3.02655528497301,3.17080650652111,3.02171810507699,3.1054531608296,2.99564953565041,3.06917828679522,2.91640274846712,3.00708550263933,3.15135677248168,2.9189151803751,3.09684383697736,3.0497704060562,2.90008686637802,2.90840399279058,3.11050178453905,2.91569338621458,2.82170718566119,3.06581106360463,2.95740169171106,2.87549206395886,2.94311053678861,2.85749535489899,3.14629525639163,2.97141629577476,3.15469590905584,3.17418018254506,3.08055105179076,3.03847697151963,2.94552998451696,3.10143398274641,2.96139941970925,3.0842438184809,2.90517061749824,3.26206658128939,2.97530963049268,2.94148955207756,2.90426427564303,3.0675775809998,2.79999772812823,3.00276557440946,3.04605095136967,2.98972239338318,2.96831186444523,3.04649087047256,3.2018620980285,2.99156860472122,3.06879352559558,3.13258139221531,3.12909952172088,2.91540257393915,3.01193727662792,3.18448429143484,2.95484177677939,2.88960102774585,3.00439150324543,3.0324381965124,2.93022151314207,3.12248657866762,3.19506049573668,3.11783883302534,3.15906759116783,2.92857192006407,2.90896973981676,3.00701897381687,3.04381711928152,3.08869354638601,2.91240563842117,3.06873891759004,2.89762500420157,2.948378165863,3.1012601482482,3.1576324996681,3.08771348052809,3.03005496638904,2.81948240411956,2.81833562707348,3.18190142409204,3.20092660199341,3.00700685448156,3.11241739597719,2.94034181748662,3.01140997779155,2.96556351467716,3.10494497145462,3.26307066004886,2.8652740805039,2.99401448988863,3.05902435242619,2.93097926550848,2.79766605297207,3.06633455555071,1
6.0114005714621,3.01278271062934,3.06165163791101,3.05219959152439,2.99719616622817,2.76539398950738,2.99705052232227,2.83721738465074,3.08341192410639,2.88550189378478,3.03769475401662,2.98621844775676,3.03032750635984,3.06137095626941,3.03816973029666,3.0918777011833,2.80924840558251,3.05836840033407,2.83477496545215,3.07531668459116,3.06870474651942,2.82463658033707,2.89479734661097,3.03914471494751,2.77914750340167,2.96808871210268,2.88615876903543,3.29881455076411,3.04383295551006,2.8600233727486,2.91744397105316,3.04967099480628,2.89685223316633,2.92058476664074,3.02445672146668,2.93934599947246,2.90480825472695,3.03099897205556,2.9461195643846,3.10729485648057,2.90489891483377,2.81402407166536,3.03618964385594,3.14905812839502,2.8561437647828,3.14435316678693,2.90386762460488,3.00137670916897,3.15567087938218,3.05424301703103,2.95234401969684,2.78602478604463,2.81979761612439,3.11352444948565,2.96475155558353,2.7813703179173,2.85909502446027,2.96907495471019,2.9077918228176,2.91289854812469,3.10064536616431,3.15352676113292,2.86262358511118,2.89754167968106,3.02644856127675,3.12746214562544,2.89834214712768,3.23966598121092,2.99461349868472,3.0975739293359,3.1003565766454,2.83228908939281,2.98539742580223,3.06776161763061,2.84747940832229,2.95116515873967,2.98120604335168,2.92377004817036,2.90301290221171,2.93313323450739,3.11384659447984,2.97969162065602,2.94867314619333,2.79408393668202,3.00368360012753,2.84474107709847,3.16858914050812,2.99081134157506,2.98320309270735,2.90052456778581,2.95132939112943,2.98516174768138,3.1338189772573,2.84016164510719,2.89326986285098,3.1531504342943,2.97567053414099,2.96820874754485,3.11858396056572,2.80268465292296,1
6.17262854815419,2.96778688046371,2.66753900752765,3.17444916683223,3.05852084477899,2.97615723101717,3.1278351770642,2.86950765427681,3.13272711528213,3.20254854983446,3.10376547547035,2.76389314369416,2.97435563050407,2.93809384779094,3.16188250467067,2.92292088757113,2.95374642285259,2.9467858656586,2.94816244155563,3.0461459783274,3.03895275777518,2.89051970284502,3.03388321058242,3.03894970942418,3.09788000127709,2.73492939700091,2.89163288849378,3.16425939012037,3.07863404656103,3.06089050105432,3.0623907130877,3.0398917191646,3.10933002178556,2.99675829315551,3.0588454244535,2.94430944449803,2.87117209517912,2.92266271681834,3.05739203036834,2.93912785089463,2.93067337164555,3.03866602749881,3.17331074897762,2.98564222633233,3.03768852919743,3.16991962970558,2.9283028163033,2.74574763214207,2.98390383099005,2.97425599288078,3.03158581799493,2.98670447928816,3.1475486561526,3.02647989215303,2.8739386404155,3.24263321995756,3.06793606996355,2.92005755545568,3.01240338726591,3.0153769237652,3.02552615389404,3.06620561352742,2.81801217716321,3.08667316744978,3.03905729239425,2.99473767672691,2.97012525564625,2.83814830639774,3.0602956141379,3.04114752862986,2.94774626115172,3.00549736102485,2.93617437654182,3.01530103730018,3.08307562630667,2.89141307538802,3.09997204792691,3.0087027113715,3.06067325864126,3.01287273791434,2.84436943040516,2.98110992861809,3.26837028182294,2.92497589593682,2.81614049758813,2.95491753397403,2.99430470154236,3.07201454410913,3.06431563955742,3.09903592872589,2.87226212623721,2.93091627285029,2.89115441783277,3.21765976913438,2.90478090068974,2.80558963394946,3.13007546446975,3.13791741366102,3.08892091731879,2.73396822541159,1
6.05144974451206,3.12303951331557,3.01058832757458,3.20533286501242,3.02852801941803,3.1744724188421,3.02786408290651,3.06799556788585,3.00193779285415,2.9792082799412,2.98142354632582,3.07006579290956,2.82284932037031,2.9140662639537,2.90655135671673,2.94945010895007,3.03808885765441,2.93302756787039,2.98126941876947,3.00184722417868,3.14840297969236,3.00714738429707,3.18268653285968,3.03205172301237,3.02673568245056,2.86412124765175,3.15676196210757,2.90635246361448,2.81370250215512,2.9167378988972,2.88422350036399,3.00685530270445,2.95234015092546,3.07845351794845,2.9906992423265,2.95625128965376,3.14027479357519,3.00583794749469,2.98335941729156,2.88370196791966,3.0306336784776,2.89448655849589,3.13948817803357,3.09154511178728,2.97128836498298,3.17545810428869,2.76718691777271,3.13494018425967,2.90751474929618,2.92865092351977,2.94684887685596,3.14370991571304,3.24087207299649,3.04148276816592,2.88981831176501,2.79267785054634,3.09603005499105,3.10037469917848,3.17872299352748,3.05558090263252,3.01339322772007,3.02384190640254,3.16499871252154,2.73488764308305,2.96415973799306,2.98719105966073,2.96494230477018,3.14601329718974,2.88647552008156,3.06497475458848,2.89792659507097,2.92686361915235,3.25287246674988,3.03235073850834,2.83809631666682,3.0561531950016,2.96787060925499,2.74976541195035,3.07349617954073,3.15404028726292,3.11238953748766,3.11667183232488,2.89335801481015,3.00728374437646,3.22216490558729,2.97488123495181,2.94371180844291,2.93980472906479,2.8646967139832,2.97444304548852,3.09792165387651,2.89168227145412,3.07039825948648,3.11052749320553,3.01090677991542,2.88288584745858,2.94191341620788,3.03844427631597,2.6956827608769,3.13604605343884,1
6.08215573251714,2.86927232959038,3.12393122527308,2.98960766458054,3.21221808024101,3.1983396792849,2.86171419710449,3.10329287475115,3.17786138118484,2.87829133664897,2.7212080762387,2.93215328397909,3.02284621953084,2.92432849659474,2.88837676895183,2.97391761575343,2.97405919777982,3.09792983759557,2.98757268814372,3.11251789569338,2.94100912799782,2.81091165976075,3.11118004958407,3.00716820229391,3.07169645485221,3.00793904240433,2.99166190195949,2.85069362116716,3.04557617641922,3.14774098578036,2.86846855900221,3.02336355600059,3.14633831202485,2.91118598278796,3.2966446750792,3.1231430152286,2.90502962399482,2.99442742902043,3.07146281805007,2.92715006588765,2.91311509489514,2.99324294918367,2.96329332538101,3.00577514592327,3.23031396606612,3.03817934128118,2.9196491327806,3.06645322137868,2.92641183828687,3.0005075500139,3.07428485461532,3.07948157077834,2.98487711015214,2.98415794905244,2.88757584111364,2.95920271021487,3.22824394419502,2.85804419724476,3.08776572893067,3.03815212308562,3.02753835206818,2.87974159642944,2.84902729232414,2.99656525649399,2.81355592046513,2.80786782777205,2.91873474717578,2.96604798099491,3.0896538073173,2.84550191740945,2.83534386065912,3.00831518073708,2.88884905990147,3.15137253595648,2.96322431730075,2.99277034717277,3.18305267883444,3.004945094706,3.09088369997158,2.99841801749958,2.86637157085145,2.920357486157,3.08639611257495,2.89438579117956,2.99941439373052,3.01464787746551,2.9548302783068,2.86474071904117,3.02352756805471,3.20003907411642,2.79347605648266,2.98756751813163,3.09198782558569,2.9260342836812,2.84349323857794,2.93934132049528,2.72628505521888,3.08565621882178,3.16303146928938,2.97881108909202,1
6.02700270031412,3.07939470541093,3.17680491775191,3.01089651274105,2.8984219633644,3.0397439878779,3.01509991274709,2.83840231437088,2.85588799324598,3.08381119945659,2.77580328918432,3.00025265540385,2.77439327231015,2.98341910286135,2.80590493138546,2.92317781941697,3.25576202063456,2.89215310560267,3.00707611576797,2.98151751560397,3.05096406623974,2.85205361816744,3.10596784584429,2.87389824559962,2.96601001291886,3.05426725149576,3.01788587521492,3.07994388591936,2.99252835828477,3.08606004208893,2.98866319270401,2.9719698482875,2.98784455290668,3.10941046583485,2.88372942852485,3.08182557369213,2.8254163924008,2.9917034797155,3.19096770060644,3.02051367354757,2.9010447186962,3.04644907462234,2.91476554731924,2.85285959540664,2.92222506304952,2.88053857155967,3.0560605241104,2.85569557266186,3.14271235094038,2.97818575548781,3.06131859070435,2.84461521472657,2.99371079663837,2.74624424144872,3.08796058057648,2.93252376546154,2.95473537581522,3.0131778397822,3.05031656132801,3.10015070887492,3.00925194002605,3.07227694524046,3.1474359253484,3.06611062980362,3.16028386288625,2.88043248143171,3.07390511522901,2.95006293447504,2.91526014523843,2.9135987030577,2.92883136493278,2.97260697595573,3.14029186265616,2.9721059266279,3.08982146319468,3.15929796180711,2.90476996701781,2.82880436094339,2.89761899769649,2.91503653332147,3.00575082604389,3.00656096454585,3.16685100054176,2.90318432321589,2.79017229481167,3.0316320564477,3.19163264556558,2.88718720598288,3.09524097436142,3.15142134554711,3.26470307287266,3.03269557933277,2.90942214249401,2.91487184150849,3.09120196402219,3.12075648225393,2.8892910093766,2.71785227447407,2.82237865149413,3.0209146940246,1
5.92039273970433,3.26890784256494,3.07967960325367,2.97254642280514,3.05946115201746,3.0279116757909,3.11427305772676,3.18977310668246,2.95167240902143,3.13014970968311,3.10540660742266,2.90007907002691,3.15071223906853,3.08675246330759,2.94279532470549,2.94908585734616,2.93096332684857,3.06118949994605,3.00920216100611,3.21816450864393,2.9033576961795,2.7019321222017,2.95600822994863,2.99953062737017,3.22157648373103,3.13096866078979,2.87303171396018,3.01173679125822,3.2773234447458,2.86271188074185,3.10738943366411,3.04365884756805,3.05878633151114,2.94392764553064,3.10714638161785,2.97009845829862,2.86822967618952,2.95867004291606,2.97708066232185,2.89988233572939,3.03645748144518,2.83635590592266,3.1265288865832,2.89562319006882,2.99654574298777,3.03299601111491,2.83453388930871,2.97263762592539,2.94373922145935,3.04924378711473,2.89991337749473,2.97091161707214,3.01109666881648,3.08539016849651,2.96909451416734,3.01725604172355,3.02870408866713,2.99358730054453,3.03175667729863,3.09733891400742,2.9686968377536,3.146087900511,2.9296433534935,3.00260268287588,2.88538761604049,3.03440840453775,2.9534738005368,2.95850944027397,2.92659371641928,3.15127479673614,2.8779929492087,2.94105853089907,3.12721033598282,2.89257006357818,2.8343049789778,3.00774330066555,3.00966518954883,3.04965410475694,3.05812699508427,3.12575079081671,3.2828881771865,3.2806233154507,3.13421486527399,3.21202477763519,3.15966715515773,2.94417669873217,2.85346612559567,2.92432932374389,2.97805987784654,3.07010115606464,3.02007207223034,3.12704102932113,2.98574473602863,2.91291413233371,2.77917460445375,2.84095961821705,3.0096413741351,2.91152385627659,3.11892804592374,3.00991276809498,1
6.05362910502666,2.87325045782642,3.22100563008778,2.97146182197995,2.98405407748314,3.12519023791634,3.00538496732953,2.97127872548116,2.67811197442517,2.97833715701488,3.04193909827655,2.92617252067411,3.07395228169848,2.96597218567055,3.15840323024345,2.85020519651522,2.95409874421435,3.01373622037653,2.84764539389655,3.0095919712739,3.00074351557017,2.95569461213691,3.15792595355609,3.14826151491431,3.15511850008209,2.90332053248046,3.0471622028772,3.13302715636303,3.01066478447077,3.07106698411475,3.29122992108708,2.9527272657113,3.10641362607192,2.78444012944619,2.82023490179922,3.12632294918501,2.83752212044908,2.92430345057698,2.93753880969786,2.91614898538699,3.08014329666287,2.68975403371769,3.06234243269879,3.04401185446663,2.94892591206453,2.98226468207659,3.00957316332891,3.00404941876307,3.03391829405266,3.09627253403306,3.0440599249715,2.94053783925183,3.0333528795787,3.00568345528554,3.09250734845771,2.87259822054908,2.88335396109415,2.97233887557858,2.95927322038601,3.17306152944565,3.10609315462197,3.12461444094751,2.99222270036478,3.27723882117684,2.94956614654141,3.08159566586274,3.06434072444965,3.17172087548208,2.92747053574489,2.93413324269136,2.81549269062381,3.01114396906296,3.09418019726961,3.05636073308932,2.95566077530434,3.10742784435679,2.83607555398106,2.92112886577189,2.97503616174646,2.89073667521731,2.88492538340707,2.81651138869368,2.97131220042069,3.12412544429881,2.98991018076024,3.09315807871323,2.96454780611567,3.04016559450321,2.8770549081284,3.00403595448224,2.93563172448565,2.93685901245552,3.05179559377529,3.07814306905281,3.03943236659442,2.74423252999144,3.2455798938613,2.92289329536038,3.01943782230944,3.12084865392534,1
6.13345816662561,2.90151731467054,2.96780211306441,2.95807715301349,2.85981128991911,3.05065051489361,3.07315790315339,2.75480075485309,3.0856922655969,3.00788937608659,2.93680768082114,3.04256587154969,2.93668880917569,2.93539922977313,2.78112010353929,3.09146590024757,3.0859762937757,2.65979142980632,3.03176113430868,2.92867421291987,3.03098179041698,3.08620242081388,2.95555070845826,3.03868661031723,3.15203506228205,2.84625145710192,2.91556833224816,2.87977375774968,3.08897244101923,2.89518639817911,3.01965320698073,3.11010235068368,2.83507411722677,3.01904923463554,2.97905129693602,2.8606653151499,3.0736333837805,2.93001156169655,3.22506104902699,3.04962613901262,3.06957328011184,2.9689383184644,2.97067049297385,3.05335929089843,3.0030360224425,2.85489677788918,2.81208085081142,2.85732197013095,3.08966018106824,3.06933639449756,2.9501203596088,2.81230079277766,3.09950735298248,2.77993917795195,2.98030163384167,2.84063225431109,3.08353754025277,3.10647833729032,2.85616363142818,2.93043533129904,2.89789886856175,2.98568649894032,2.96429109995549,3.03863814164786,3.058631233565,3.01892375411863,3.06876454776048,3.01930543012793,2.84708679401721,2.9767080474722,3.15419135402178,3.17327904250584,3.00555663249741,2.84212299783632,3.28167360322671,3.01700578850174,2.94558121703302,3.12156819052454,3.118280718877,2.82155496414837,3.04745137139101,3.0062502893947,3.13820917392705,2.94903414371485,2.82560994940918,3.13111353965586,3.05289792941963,2.78378559121757,2.85267770288797,2.89626169563857,3.22774996202875,2.99356194528385,2.92142061112344,3.18245466886304,2.9634064584314,3.01212469099533,2.94515008924712,3.01128153659833,2.97824912535833,3.03913280159143,1
5.90759520466726,2.9307194793901,2.89475716291057,3.07437631355635,3.11717110133867,2.99862282983818,2.98657384904732,3.05406225813382,3.05125794322085,2.89846918433901,3.13035349473594,3.15745812720128,3.16241210200511,3.01092620156215,2.89904789977884,3.1904532125102,3.17171816353085,3.19721225981505,2.95660677089195,3.04997455054854,3.17098405283694,3.12072535900273,3.01249620108045,2.94134487080846,3.05403165575271,2.9073289096561,3.03409317243044,3.07424698747104,3.05704893116049,3.07143196342958,3.1483202481613,2.8759994030257,3.03177032161231,2.86611927767678,2.68617184639866,2.71256810196116,2.99747044271312,2.91686341546071,2.78948471717773,3.11525463740375,2.99907439001576,3.00468607530519,3.01074774207958,2.89928160220589,3.20039142220743,2.98691533846022,3.18947611255534,3.02320800127679,2.94523552279121,3.03386196225333,2.91110358357385,2.8122040682978,2.92873946001683,2.96945018672181,2.98601855755602,2.96364357417598,3.19589005356353,3.00631214680524,2.88205934743782,3.11477502173135,2.89964691198829,2.83116731532844,3.00787497281114,2.99061100357381,2.90839111069915,3.11820471254858,3.13842860669302,3.09000337857798,2.87883224723921,2.91830808163199,2.97475834240524,3.02404336082654,2.76864320923257,3.01119000979324,2.88071131319164,2.88179011738556,2.94455768242612,2.78840213637332,3.12272746441623,2.96666982937992,2.85296894968486,2.91110318762697,2.92668099652704,2.84360816225148,2.7898714274233,2.94703097761671,2.93222846693796,2.91817414631722,3.09804206213337,3.05099476040651,2.8838525993447,3.19087154432222,3.04176516231783,2.89583603754982,3.20018782306157,3.05972821134578,3.04162691924039,2.98534227499966,2.91900224553944,2.90868430277934,1
5.94847218185082,3.01488426167741,3.04004262912953,2.99196376764692,3.11528853845405,2.97078388879006,3.05999969636052,2.81867237862044,3.10665006622602,2.93737669088539,2.91344255810019,2.93332370738171,3.05220463407645,3.02843424438587,2.80219435177793,2.86116097592755,2.90301030786941,3.19429347448508,3.04057698700995,2.9845782093893,2.84059767918732,3.03340028698151,3.07383761466473,2.81926142126131,3.05053659236724,3.15397005294604,3.03025822283281,3.07354525315116,3.11380036591074,3.0458710603567,2.92607736573646,2.99824014608685,2.98492513694132,2.91608929812062,2.98140295989532,2.87614795696823,2.92874579341832,2.99651138165701,2.95739170872346,2.91120059220226,3.11433432766258,2.94620028902773,3.02704651035245,2.81185088584909,3.01949809620643,3.08761768201473,3.17381646953228,2.92864984377293,2.86157349836644,3.09700149181308,2.87860816632416,3.03261167036768,3.13194800291017,3.03004854652568,2.77113776625122,2.89598221405815,2.9510101603526,3.08214277246715,2.90660466226231,2.93452822751869,3.05508967568988,2.98361070929915,3.05799601061604,2.87146927202305,2.89058840345068,2.88285914927892,3.25623238075183,3.10655429606446,2.88741495586357,3.33814133189346,3.12822873638346,3.08404240781071,2.91931311566853,2.84710957747832,2.96649923057384,3.04058739393176,3.03209100987986,3.0205482458548,3.03305910007291,2.97193140527064,2.87388477917692,3.34427708361017,2.98233674244361,2.94060204987604,2.84214905221824,2.92420460132582,3.07359922375121,2.88443166670455,2.7977008783326,3.05208314954029,2.89626043384258,3.1460985699948,2.94267848902325,2.67889506553406,3.07099326093623,2.92416817679515,3.09672598400591,3.21657925913954,2.97834888539233,2.99543108698926,1
5.99514966555225,2.97171095806106,3.03339563317277,2.91627673949123,3.14255287708148,3.04493676209189,2.89919163401666,2.94989144869624,3.32369214201049,2.97208752447341,3.15109365905031,3.02646512745191,2.86777278844213,3.08777767181156,3.16748507267053,2.73269722970578,2.91379341721425,3.02849052362222,2.94980771706337,2.8050873900728,2.64692354696557,2.99513622540911,2.87228387133553,3.08915941274609,2.89368948833592,3.03290910065904,3.02591468490798,2.98995630931527,2.98937501672587,2.90006410946838,2.89408737703042,2.94462399443282,2.93388216762762,3.04578564117396,2.85393089573859,3.03158818272837,2.83026831684388,3.12235188666949,3.15510053195698,2.81662943733459,2.82078088690853,2.92625147100494,2.86505360412132,2.83931601070679,2.92313583069054,3.0349639694342,2.93184519013447,2.89017382140214,3.03041898944247,3.02557522200182,2.77640630550735,3.12339283435132,2.98437843517205,3.14452494033419,3.07264523510901,3.06370843434579,2.86329340532517,2.94821365904165,3.10454141094708,3.06917957713065,2.92848864920686,3.0079181077684,3.11508293322057,3.19585782588445,3.07141533853301,3.06732026003532,2.81247862312467,2.9359704881458,2.81524757040004,2.81190371764189,2.98485316827642,3.0894267978117,3.03110017490526,2.948406284643,2.76492345268621,2.95743222412377,3.18881058924841,3.05229936403298,2.92946061593921,2.9709157590809,3.10746183660998,3.08547338931359,2.95382438734257,3.15180926889358,2.97032623902918,2.97384969920636,2.87529707877106,3.07795463598224,3.07619539728347,3.01064933402615,3.18210750973302,3.03951022180112,3.02116414196573,3.05514953979303,3.11024223968845,3.16539035080608,2.98971308517652,3.02826590581671,3.02162972942098,2.991204406078,1
5.77696482058051,3.00751949964194,2.91798068480967,2.64179143692193,2.96798375871122,3.06085590852945,2.84751894756555,2.87730927978051,3.11351413362935,3.01804260076721,2.92680335403307,2.9952709593249,2.93833601262512,3.11412220826566,2.98499576256135,2.96143777545213,2.89579942963779,2.77395246535674,3.14478669654254,2.96478580729863,2.83166492892466,3.12145172651314,2.94339750532184,2.95180928660848,3.05234684668274,2.97340803760692,2.92879204731584,2.9456944953092,2.94900811371339,3.07078215519362,3.12457690648042,2.9706049510143,3.08799649966646,3.01372433402156,3.17318057562698,2.8208300662038,3.12709533146768,2.99487674330205,2.96181260751075,2.8914857696988,3.15240384733052,2.9004655267308,2.82643174223583,3.07670079957902,3.09408371176536,3.03640395776516,2.67769890740809,2.94256479986193,3.12218059703931,2.95792314086388,2.90327758669024,2.94898327310453,3.04199441350668,2.83859971575189,3.03856136319656,3.05037728627307,3.0213656432612,2.95805244242442,3.12750658003379,3.12571047549256,2.91989828179727,3.14622463337607,3.04995078582967,2.85312550076962,3.00334722438618,3.02764721161598,2.80608116326639,2.95271265102572,3.0973222017622,3.02716770441762,3.05020688739754,3.27010086750752,2.98248468032951,3.00702616447307,3.04311646165002,3.19882106742537,2.99553274094655,2.91614831135925,2.98032229959899,2.98950230705446,2.81980808553399,2.95154695592486,2.85382903071318,3.04723920590903,3.0621153345317,2.99085262357904,3.15230153339727,2.95073817586835,3.00930866956201,2.98832927505999,3.00535767356655,2.86022023247502,3.13331123630957,3.07843164167186,2.93122692205409,3.10761787448265,2.87982440296206,2.9163992200898,3.11090461739511,3.02780763013158,1
5.91525217595541,2.91938797714032,2.94511587997903,3.13346727155065,3.00290822602514,2.99524000458077,2.86910879873009,2.848442753304,3.15288519810458,3.13927724238359,3.18460627269842,2.88291964123774,3.04793766991961,3.10933763927602,2.88905027188274,2.90243834932999,2.97458683814012,3.0178048275731,2.93192507504318,3.10759152538795,3.27887411994509,2.81684339480149,2.99553755129393,2.94640738134045,2.7624694252639,2.9405851269892,3.08227242903042,3.11420212331757,2.95321341808631,3.12994172030903,3.06201667419475,3.18654601352996,2.88579354295144,2.91619636660793,2.78749576676972,3.12457744070745,2.88179134444979,3.17272416250729,2.95953453207735,3.01483717070442,3.13836074306349,3.06701118633939,3.09672664932553,2.95579956323272,3.07038924797273,2.7596368702315,2.93390370360215,3.02903398443944,2.98420119621416,2.85059206953414,3.0609081568093,3.18852498670742,3.06057393932496,2.93422689700119,2.92722990122211,2.69598286920362,2.87161504078678,3.03239946361847,3.04960776045777,2.85151861750012,3.06333016471814,2.91161491289722,2.89136211454136,3.13428713675208,3.09345526989171,3.07048984372481,3.1128432805621,2.94090293291972,3.02868866258046,3.11939829927023,3.01768886788127,3.23941179929155,3.00244300620019,3.07645145302191,3.0968652639008,2.89824310628759,3.0088101776999,2.83917988745235,3.14871777298388,2.97466698592942,2.87718990727899,2.87909772127601,3.03872306891234,3.03406925584239,3.07634175280997,3.07299406021591,3.10331294777803,3.01805797882687,3.02355799421004,3.04804831918504,3.0563296220297,3.16766932614501,2.9991705960119,2.99433852931369,2.87672540942755,2.97981553424831,2.94839109673288,3.01678900455529,3.01444913478776,3.28506521020359,1
5.86318072723315,3.09106685384966,3.03112426655125,3.05262366999769,3.03982009835217,3.17685422580129,3.03628629909909,2.94167375644273,3.08686989136536,3.02331158502802,2.90188063198609,3.01744414220871,2.86681274075532,2.94154646898632,2.96194591494769,3.00446163473054,3.0219336429721,2.84667021370332,2.98810864104867,3.04573742140015,2.90114732449085,2.95207252407664,2.94253823295731,2.91281692870311,2.79290696717994,2.96553212934936,3.08478492246546,3.17775499971545,3.12809586241899,2.96335529669625,2.951761015317,2.88318222818354,3.12159996320331,2.92230387677114,3.08223129229177,3.22739849675722,3.22836949216598,3.15615949323949,2.83461632730057,3.10681507866899,3.21918629915529,2.94037352011976,2.99427031201435,3.12300973445336,3.10874718919269,3.00418431845303,2.84745567165,2.86010110334702,3.12865030595119,3.01200726653024,2.97553300860572,3.11556447716617,3.01893223164356,3.04494988307814,3.078151889553,2.66500243891127,3.03600708439747,2.89713551672305,2.96158290398047,3.08539352282012,3.17443278657734,3.23843435257629,2.85818477924971,3.17273596371003,2.86239465927588,2.95547952775838,2.83471083958975,2.94787800126291,3.21376166675886,2.94933362897832,2.93300407713633,2.88150066787858,3.114757841517,3.06228497899259,2.82305677860191,2.9474614835991,2.93213485963549,2.88115288619441,2.97004824516289,2.84076668745956,3.19467333384421,2.97508011512656,2.94625508525588,2.7476581181783,3.02216915621167,2.96085192400162,2.91583924248578,2.88671601364019,2.93621477267877,2.85586194846069,2.95808447623156,2.84706919986168,3.05109270542912,2.99462282768621,3.08769943521922,3.10354588579102,3.01748057643073,2.91839871773259,3.10689729502032,2.99966263708735,1
6.02016480977983,2.86900035319922,2.89948639747645,2.95891455043001,3.03480218341673,2.81483402183074,3.01753894676734,2.83397960002517,3.06279653411748,2.80086283212043,3.22665758898487,3.09820874962201,2.94787780548641,2.98092270850635,2.91779893493931,3.01669478362573,3.07240395931923,3.00860443883748,3.06149380143066,3.02210077102979,2.86057553754761,3.06200755566952,3.21250497275508,3.07964206670623,2.9502461773619,2.8439474145193,2.88772095324472,3.06125703249662,2.8037537796837,2.95816544379577,3.1326262010317,3.06516722368136,2.93637583375839,2.68243849581001,2.87520047215745,3.05745497594312,2.90931202954989,2.98309002689357,3.05235658761116,2.89206741250221,3.10320474193928,3.00293713925513,3.052891164451,3.14435681502085,3.11649630250416,3.06338721728199,2.8897385915085,3.19068720314319,3.07358732614624,2.80913658938875,2.77480502422452,3.07686403356326,3.02925870092623,3.06624654412668,2.9693047368279,2.9371050520514,3.06668685712712,2.96422077784663,2.91392856408214,3.12137572943967,3.06679802934353,2.99023304604375,2.9593333211587,2.8360595005192,3.01071109274099,3.13767096727392,3.11365354378607,2.91447871386647,3.10195318641602,3.07707419750237,2.98375110007501,2.99259010698738,3.07124405995426,3.18288670669828,3.01932598572786,2.99554372026916,2.99407503862615,3.16740899031899,3.0729815134376,2.95568576290899,2.68878079214802,2.97457454356799,2.9502920274075,2.78778488596861,3.1958928524066,3.0158855261856,3.08151699179699,3.11295327229174,2.94861800440543,2.74424231779977,3.2037947708321,3.0154334075911,3.010240913626,3.05989411880797,3.03467340361404,2.91560563230002,3.03476713862719,3.19913522935879,2.89670964915536,3.05506687733006,1
5.97932480996659,3.10739336144477,2.88977040234184,3.01685936213863,2.75405555779475,2.96787893191573,2.69930745129544,2.85434116230431,2.99847695701736,3.06176672503183,2.89409136653366,2.85917611956963,3.02630068711066,3.06125940627694,3.02374999457137,3.16624329692543,2.83438014697809,2.9836698383158,2.94131538973572,3.13261623922577,3.17607897837739,3.13578781197478,3.02048903847997,2.91008834617237,3.09953135007458,3.08717296664359,2.88231446951563,3.06585416158286,2.96109878353163,3.28271989502378,3.06077728841455,3.04362451835927,2.99559413470975,2.94417445376033,3.05162359895231,2.94280332010785,3.03514475918022,3.02637202690462,2.95549212884518,3.20789485211035,3.04832045227566,2.8573761597888,3.0287463936285,3.07019857157745,2.91215618848014,2.72634729919742,3.09979219608321,3.0155933204195,2.88099545826965,2.94510485548467,3.27044848840934,2.92139986547509,2.8819741687265,2.88699988381335,2.8850557795372,3.04309893662988,2.96533742733719,2.93896085420895,3.04852199148416,2.90948306407378,2.8772987780301,3.06867446362509,2.99349018078042,2.91691855180708,2.84859235397267,2.95550288296315,2.95351510778966,2.93254777029294,2.98389224912741,3.0216749127345,2.99507449824206,3.05444624294701,2.78927468707215,3.09576127204556,3.06692630634877,3.08373637733358,2.84241684193124,2.97741921943078,2.79653615815901,2.83981389612147,2.98442947856339,2.90181901863276,3.00222214965364,3.0758416998198,3.07192072198033,3.12444477173859,2.87825833919503,3.07782333488269,2.83519326162447,3.22866502065305,2.92053550421281,3.13357641923048,2.84145771462976,2.90511027363024,2.91013265667962,3.04034327561626,2.94027082938456,2.82723700635023,2.93406581985535,2.87206031424864,1
5.90164091698322,3.06045940792826,2.99380702382747,2.9290679159786,2.96085112198537,3.08082696365813,3.06305698846261,2.97754522831577,3.34430605976332,3.03800374450243,2.82471539138599,2.97562459938862,3.26009800889546,3.03425815228643,2.8741916755305,3.06858354652141,3.25360894098476,2.91934318947126,3.14884277547892,3.0028703928462,2.91442402215976,3.02176804895578,2.8160626170737,3.0623652523675,3.00731084578356,3.06599277911523,2.83897863397175,2.93391180796803,2.95402661275362,2.83247515189662,3.00659298115316,3.0854385931684,2.9361408770528,2.9438738420405,3.21923838427899,2.89628648421462,2.90118001486734,2.87443276874015,2.97837965938005,3.01275945835379,3.06267169275026,2.88557052409269,3.00646732868791,2.9276515584021,3.00169624809126,2.83388771457308,3.25315562875944,2.91210819983033,2.91438827611301,2.84748341916554,3.05815956609108,3.19418378410901,3.09811538622279,3.19110172756897,2.92052126363942,2.95869516803574,2.97523685342236,3.18268806651759,3.0275418503866,3.03883067031292,3.08703951877718,2.92173586120979,3.18510942753324,2.97879707137682,2.99662641885782,3.05504488291753,2.9968007891298,3.14828706400427,3.01314803940633,3.15583400571367,3.05358316653332,3.04730540176272,3.08099086072648,3.02501746159352,2.91825926052935,2.97689323420024,3.17053126430823,2.87277266534525,3.05109230482143,2.97581642516596,2.89145117495896,3.04319333133449,2.9997094839827,3.16420211283391,2.98906539474175,2.96751635326953,3.08914331159881,2.83031721857938,3.07732425056563,2.99623207814513,3.01424389633913,2.88240898290843,3.03827337138754,3.00357567957855,2.90163328486717,2.88249374640185,3.20195772501892,3.12904688467253,2.64048177170275,2.89711371013606,1
5.78802631319911,3.09694754003721,3.20547837098425,2.9175126943363,2.98014421025177,2.94755216910698,2.99878362778184,3.15201837041018,2.72577443318473,3.08189561551514,3.0196035258799,2.95124974121435,2.81672121732849,2.89906703570142,2.88147950199069,3.09462478917025,3.14398594946167,2.9626027244239,3.14290746972312,3.01177446357388,3.05717127860273,3.03951808165388,2.89848926652836,2.90205387397001,3.03433348170402,3.01388731626473,2.99640482084569,3.0105073617317,2.80513210236553,3.05002090028161,2.96448018889594,3.09028692345146,2.96187371501295,3.04227544045602,3.29261572222709,3.17228142252556,2.74978202729767,3.03361449382983,2.95962763271007,2.94989829838603,3.10677358163696,2.9283875263763,2.93070992212067,2.98728580495768,3.21481506532743,2.90940705929904,2.92729790799336,3.13898750876718,3.10961694793913,2.78156672073385,3.04831727099283,3.04804984629432,3.03084831220688,3.03259133504097,3.02490930337759,3.10372286163778,2.86360326290193,3.06294570813547,2.81954455491501,2.98527075939111,2.93625711172491,3.05763718219932,2.8701064279496,3.09519231500296,2.66869669803784,2.85627797369615,3.03475209108543,2.92272159781075,3.00749336768231,3.0579640618939,2.99590825681329,3.10677614010192,2.88560079608727,2.95078953817238,3.08482664632546,3.119746048761,2.69175415890777,3.03372579398487,2.93173718671067,2.99289283555299,3.14030082389044,3.09508371983517,2.96044907998889,2.953424961487,3.01427804533556,3.07006840147196,2.87316372368515,3.03129898549673,3.10599673124805,3.00163424264714,3.12675650953349,2.93716161538546,3.05192663878221,2.85827279476628,3.01487304152405,3.10060356046098,2.93857288936063,2.85074246762873,3.00746693131399,3.10822598801143,1
6.20449183440401,3.06149104637506,2.82415115723016,2.81647455239735,2.77309861782686,2.93568422852076,2.87198871706052,3.0403730925302,2.95345100137704,2.87858231952908,2.82802888187344,2.98210476656823,3.03019763297551,2.87536115887629,3.11653040947042,3.04547060748606,2.99506345133752,3.10268953284323,2.90142994066842,2.8764476037961,2.9684022713249,2.8254169870675,2.9953426873794,3.13843357734901,3.00550911734058,3.01902719331583,2.78149542291919,2.86816382101183,3.27881693992417,3.01715590721881,2.99859756883417,3.17499835309212,3.04838315695163,2.94209973437754,2.98024197572569,3.05056572050663,2.88362661992436,2.81290863636213,2.90607624520602,2.82308743399788,2.91771096198904,2.94219174124681,2.84049655807469,2.76300748119952,3.10361653990251,2.89933284263209,3.103531048506,2.81297480398995,3.04392851681919,2.91743144813535,3.03913000811803,3.04447483541913,2.88808021895316,2.98813243889635,3.06174072331901,3.01757042363794,3.20155243343261,3.05542614146726,3.01953224027058,2.89167322712109,3.07829216602368,2.98558979937201,2.96436213934587,3.08127750622348,3.00768670993765,3.08663181016456,2.97920756461503,2.90225490365933,2.96079663241373,3.11874677003993,2.71394064198612,2.83167700283386,3.06399529101797,2.9336679803496,2.71806008225699,3.05796196659292,3.11363254646687,2.92565546296779,2.93791111109203,2.92051697521131,3.00446976650532,2.96000445683171,3.04829197830492,2.83729710352366,3.08126845493814,3.00907527911599,3.00411896372005,3.07220042382835,2.99099642978787,3.06488620057856,3.12722365477221,3.09164370423464,3.02318299574379,3.06801603673295,3.086278095749,3.05605930367696,3.14127547514133,3.10709118832563,3.01984627975351,3.26583190675881,1
6.09695579063348,2.97126702735391,3.04843397425471,2.91234462770651,2.87903369027691,3.13167349361411,3.0348558707089,3.04388223081243,3.05618031174683,2.90375882549586,2.96952236894453,3.01951558973181,2.93300545478433,2.81477769697524,3.33245909439547,3.00353546894465,2.95133045470135,3.06137900022918,3.02682940204114,3.14081173239691,2.76421177857392,3.10286900332022,3.19901660173904,3.15166978153728,3.04016467701648,3.05094632291002,3.0771693613475,3.0354558350395,2.9190631300483,3.26118055349518,3.01254321051607,3.18927064964812,3.14345222920918,2.78602794911286,3.17905753916171,2.91814570113659,2.92338864429341,2.85866836208053,2.83288589272182,3.02266219830933,2.86296071183419,3.016774736477,2.90694739800577,3.17938599222235,2.9780716580722,2.96706742931278,2.83805588431403,3.02743121464427,3.15260382887054,3.10370775311062,3.05430696280115,3.03713485136978,2.88334348714729,2.98852537567164,3.07775438279437,3.06512278124098,2.9150633645888,2.85203383151463,3.04834623545882,3.20308225097088,2.72853979042142,3.01518158717187,2.98383296114171,3.05011056654617,3.06299989668841,2.9568126768269,2.91393671745289,2.85702515527781,2.82473985567035,3.0253599472955,2.81381223570346,2.95024937818743,3.05815680341037,2.90127806573566,2.98512634045602,2.91069409251687,3.17380837090456,3.2042942974463,3.03024715094809,2.96760098345118,2.92508320178524,2.89473728171861,3.05077196755092,2.92873336368729,3.00809312310613,2.99612529091913,3.11751238057889,3.00553224669818,3.06816353038513,3.08901453619798,3.09736882197544,2.92844218921562,2.81043058164777,2.89883618353755,3.12499686207276,3.15388429899206,2.98328796253827,2.97951327871721,3.10274169661774,3.05704981685482,1
5.97172467571433,2.90068242296412,2.88003000775311,3.08025461421722,2.77778666772122,3.01419520834188,2.92109791702135,3.00213723711026,3.04298183196164,2.93163467137817,3.00587902154527,2.94937712287702,2.90129023245029,2.985402507533,2.96946782760218,3.06750717583982,2.95130914264068,2.89170600355172,2.97604549367573,3.00779986141643,3.05908351561629,3.23671791568704,3.00531715593587,2.87022108496281,3.09554469587837,2.93747915363143,2.99384832232504,2.77435106351152,3.09421834361141,2.9587092876544,2.9112786704634,3.08398555026455,2.95444283268948,2.85752815480452,3.19371754759269,3.0701017075311,2.90052737714843,2.89698279735258,3.03221394234792,3.05282262205766,2.83585694867028,2.80550379570077,2.97696457842367,3.02709992063731,3.11609181009164,2.82465771856216,3.04762853306976,3.03544699466197,3.05476709356534,3.13986770140823,3.00139086701902,2.80719741405722,3.21039929149928,2.83435449614535,3.26460096360116,3.09025362649013,2.90265921026971,3.08210843222135,3.13153485865399,2.84087022859211,2.94931834079625,3.18718202630109,2.98963010949881,3.24495393277124,3.22659740060558,2.8045867516302,2.94529241441585,3.02868954709305,2.83851471466968,3.10679833594905,3.00650454113766,2.9864193398869,3.08649828602137,3.26103794326469,3.04073053496744,3.01872582970367,3.26083560368903,3.19051263459958,2.91249292462484,2.99748963783174,2.81265163446902,2.94408595943777,3.09281321400918,2.93950709537613,2.98272228037162,2.93521157821797,3.0370385308675,3.06990278623971,2.94357068166246,2.98816203631521,3.01573617317745,3.03813078675736,2.85756523048743,2.92374601510804,2.85314536901246,3.10292057760047,2.99382396969068,3.17833464235369,3.04070943737666,2.95000976902955,1
6.13142606503031,3.09831061069124,3.02076730470659,2.90299056938173,3.05443360658247,3.14216989680058,2.97266401075476,3.09030545648668,2.94938099554423,3.03617248269452,2.92054986000743,2.81078045235995,3.04921358086326,3.00701715430682,3.04799637114506,2.99425143802209,2.96207115731637,2.94722329021964,3.00457827484989,3.22139713091661,3.07809436457309,3.08263652167461,3.07697938698715,2.68640998158354,3.20183598149367,3.14294029641581,2.88531092760486,3.08888493502167,2.89327618190905,2.90296500147693,2.83015584509335,2.92595265456323,2.96629457683316,3.16483316374602,2.90016538501557,2.76167106567359,3.08186088593327,3.0252567161536,3.18591840540368,3.00030499102156,2.93568320160844,3.02526612304043,3.02465333612548,2.91648707435618,2.99363355585947,2.96050215173719,2.74700298738179,3.08711954123849,2.85502556369071,2.95453208245568,2.88174854312181,2.95941663377025,2.87313530002414,2.89228546962705,3.0851911485402,2.93357179406292,2.98511054787133,3.19300827614225,2.87165666699884,3.01543519234457,2.84182332091674,2.96138269599807,3.04014108228169,2.99407053337783,2.88036718150791,2.88148816464693,2.87224573171796,2.87567626245482,2.92066679897366,2.82330031225929,2.77582231037126,3.21077648675401,3.09104916464602,2.98052250090365,2.82006714197584,3.19496721467985,3.15119679988326,3.06564339198303,3.16837138255996,3.03511840193588,3.0292674597333,3.03462767205108,2.92059090124937,3.01078813151958,3.05253690758067,3.05052324726844,2.96650553925667,3.17219716526919,2.79906831767641,3.0484089986637,2.94204270681727,3.0976204918889,3.01009628768465,3.13443068569159,3.04742874962976,2.97971365878927,2.9953748736614,3.09583899704518,3.07801330324948,3.03094845270849,1
5.91561541907126,3.05067525300093,3.09743426220976,3.06982462859293,2.98781752521783,3.06375853953676,2.82035422278498,2.94070155841446,3.06787757248185,3.11781654392114,2.9275454648514,2.99354964390392,2.95561276823747,2.92709652188894,3.08513817843242,3.11766082039093,2.90848161473746,2.78539051920917,3.00697717731874,3.23143230113225,2.93806346279438,2.91851924837468,3.06606244449863,3.11999367911078,3.0267463719261,2.9808408158569,3.08773905385753,2.82051844533464,2.89128675625819,3.19447700396591,2.94252019884232,2.9381293975273,3.30270490282738,2.93283240102636,2.86504968490978,3.0042703700867,2.86401827732976,3.12742278983836,2.89595647710526,2.95930835227746,2.99976893967903,3.09427563833937,3.22546637372902,3.06023571127054,2.76776174807877,2.962730521904,2.97914420236737,3.02522113919225,3.07704272773286,3.03466379317256,2.77860750658948,2.947060305143,3.08065674391726,2.86493291277109,3.07015136690646,2.74449799467674,2.94118034241115,3.03588536551276,3.17725436501358,2.78830677076101,3.10661958856813,3.27494318120331,3.13865908934592,3.10542852905574,3.09528231891028,3.08547156752464,2.97791663128711,3.07088585390072,2.74030141853287,2.93926583936808,2.94906627431166,2.81810916179075,2.90788023326379,3.09742929563825,3.01035048163205,3.05207683460346,2.8715858422786,2.91754412163813,2.83785284038793,2.98925094371118,2.96334403371252,2.93151174799078,3.07767246170813,2.99720369508466,3.11297100793986,3.0434615161371,2.92799251614451,2.90956270526073,2.99629772737469,3.00492194392355,3.0714302998553,3.03138499140047,3.06648089082331,3.14436768477225,3.00539112871279,3.11743569048089,2.95157303095947,3.17003412283274,2.98208287332184,2.81476219554723,1
5.98771038330182,2.94685370653927,3.06429792085888,2.69828486979091,2.78392436486815,2.98954630411293,3.12341263548014,3.27646680512862,3.016502658729,2.91292707631367,2.93766836129377,2.90944482561715,3.10716755761173,2.91060135100055,3.01848939451277,2.92524930057599,3.07076739339948,2.96183534108144,2.80904430319549,3.06917656063743,2.93913356093952,2.99877893200963,3.1548784427007,3.16436165109963,3.0715663286438,3.14688353802095,3.12444484326937,2.8617151563006,2.92317664545321,2.80600110255421,3.05869176613189,2.89558638629293,3.1055889429094,2.94024879766863,3.05567497279683,3.05037393954417,3.05639714109873,3.07778412949176,3.10703073952499,2.96392114650813,2.87837015391158,3.08866292659248,2.96240983947513,3.09643052738475,2.92515747831907,3.2284871948846,2.99585627940005,3.20360744307258,3.05018034985686,2.99638982683558,2.75958476670587,3.11757104364958,3.11265565073053,3.12604512889101,3.05400256363938,2.88323212092954,3.05945863325329,2.92963457702192,2.98083764225121,3.13650438280356,3.006257248934,2.99992540156338,2.85913063698228,2.99079374214328,3.06643168596469,3.1201312842231,2.9610525332275,3.19465318638936,3.16794894699648,2.97555732212038,2.99946333350972,3.07137646182979,2.92259265736468,3.06695949248437,2.90133521245917,2.96065127494214,3.09434587060653,3.04237315402478,3.11905378101248,3.21180810870626,3.15899559903471,2.95692324751722,3.05727102508865,3.09502412556299,2.95107688359078,2.97083290565954,2.74898045612254,2.99338068810898,3.11069848997432,2.79353746113711,2.90315912029047,2.89852053059958,3.00473417312031,2.95798020428785,2.98045751993853,2.98086851185651,3.1545794833624,2.75776357909422,2.92432888995738,2.95581837913836,1
5.85853274918057,2.91101103696596,2.98432537079827,3.03500420976285,2.96084751680646,2.9028143586793,3.18529091380018,2.9654354659162,3.07557828878555,2.82239396024812,2.97042289723628,3.02625973585253,3.11738811284722,3.0064779263371,3.06919018418335,3.00747535511239,3.0551663115421,2.90642134063448,2.76093308230224,3.09675916299061,2.82296166359707,3.21684575090566,3.27503697311487,3.02692567758052,3.01995664262929,3.12981599644938,2.86129101093614,3.12118593587961,3.07768247445527,3.04772311086521,2.99507892977009,2.8354597161365,3.09033641632941,2.95717170312255,2.97035959812706,3.05110878824694,3.0357531149912,2.92739929639535,3.05243619894782,2.95662989463385,2.95381362078575,2.96014513730099,3.12861733856088,2.83704600162275,3.08894162538712,2.92077464405354,3.08481782768357,3.17479260428308,3.07139758021701,3.11408450300693,3.098927927387,2.98241109695887,2.99040297378362,2.88719332242301,2.75748110602074,3.03434720910308,3.17005796384546,2.98588085932498,2.90251251498097,3.11273234317995,2.95616948133783,2.92425511791146,2.83639894810328,2.97962764387854,3.11981800321057,3.01300753948693,3.01143472538637,3.0080546985671,2.95147869566468,3.16687229679391,2.87976291972115,3.12485878843812,3.07023777095119,2.84948779178174,3.06539033883424,2.84678380501847,2.9038156959327,3.25500718091351,3.03435030339353,3.12222439922285,2.90827289496284,3.07762504106,3.14541992724745,3.03350059623132,2.95284860973288,3.28571298782726,2.77636072873666,3.11114936359242,3.06522679767878,3.05869085954641,2.96520252754069,3.12029788359798,2.95253171783607,2.85007655009221,2.9551988150548,2.84878861883836,2.78432261173997,2.9305047472254,3.09029447211673,3.09591881348912,1
6.0549499367995,2.99092133207736,3.12973510349795,2.88567547840162,3.00975890774464,3.0104929109072,2.96645192655492,2.84197797160161,3.12637572467066,2.91966674650752,2.83238683624306,3.07189495042176,2.91275541802252,3.0870648604032,2.98360640429274,3.08292869580482,2.9748149959036,3.05961885431176,2.93876805232954,3.25278911901804,3.05387480215187,2.962672173419,3.21284133405563,3.0258891720386,2.97639613722293,3.02935525602006,2.9999199092818,3.25210266556483,3.00304554691798,3.01505313538462,2.93507354530575,3.04468238587682,2.96432479952668,3.2879503903353,3.00249467830785,3.22963093440547,2.89078776178975,3.02185518951417,2.99410839430548,2.79836856488428,3.00253871604592,2.99929863388771,2.91473058759653,3.03247172865086,2.97186723504414,3.0114034682466,3.20577395546017,3.11683684834622,2.67515117171765,3.05457586402031,2.9557677505285,2.98846056459934,2.94958956323948,2.87325626647773,2.99998228913093,2.88334594321593,2.81492237329146,2.9062794664241,2.82791124323944,3.05659946586525,3.05250192083035,3.14441598637047,2.99186915509876,2.9164382074969,3.05382297754845,2.86019824941341,2.85840856364529,2.95456148004281,3.07085892363965,3.13176598637731,2.64089434554291,3.1138662123959,3.02987192555885,2.96548547039439,2.98926579772754,2.89702465870085,2.88361963017986,2.91066872306699,2.90192797384107,2.9292800337501,3.0902132487295,3.18066383181031,2.90547998425659,2.92563613618921,3.03943200668121,3.17401446160538,2.90378041566586,3.15127557430938,3.00371165661026,2.98748174247305,3.01980673172534,3.08305765128812,3.14608083137634,3.12483525235882,2.99368345621633,2.86817917381752,2.95283027133602,2.79830669338623,3.06493639974989,2.9732045972646,1
5.96253028028789,3.03013735133594,3.02615493161615,2.76251836825177,3.12065089820274,2.94673575437204,2.99556864067096,2.88648304514819,2.88588882152492,2.9485541952459,3.04876531852696,3.09262957401378,2.85545610717436,3.04172794640096,2.83174246993799,3.05492589598238,2.93913198136702,2.88162842505217,3.01636062121432,3.07766912470174,3.17211394282927,3.00192571929289,3.19599266887639,3.169060587545,3.06871663570778,3.03137639710742,2.94875601460964,2.92958371968431,2.98715847126511,2.95979702738996,3.26591613702065,3.0747975980497,2.93558310790992,3.05757962453061,2.98030825486747,2.81153915498214,3.33962929628752,2.887200755389,3.18760513972811,3.12980328721331,2.97426237302018,3.25208924240334,3.12369404173285,3.05162581492546,3.04555006803841,3.00193701027757,3.02346722432795,3.06282077508996,3.04017832076851,2.89294643604551,3.06598827469393,2.96461316409385,3.08134552159118,3.0935952338799,2.90740960556892,2.93774288153533,3.02289853485818,3.06281842052337,2.94896160495328,2.97226724179391,3.09853019797935,2.86896009912346,3.11295272120782,2.93956921792283,3.01011977730726,2.96509087257678,2.98295527740931,3.18521714020674,2.92504336293438,2.73700670120867,2.85911921096786,3.11667560902514,3.02515750151281,3.22664719611085,2.90711472217792,2.92501177521669,2.78622406360848,2.9865471689197,2.90819019659342,2.74115352193434,3.13693122168804,2.86877624473922,2.96586447526173,3.06869382598305,2.88067786470385,2.91920481861539,2.88732021503757,2.76148461450642,2.98908795795504,3.13073800615003,3.06309146836972,2.93276088679857,3.09124251218702,3.01667558015597,2.91204438690594,3.09847599636633,2.98898796553488,2.99390328171012,2.9701198373148,3.13347246640585,1
6.02243380667656,2.97154074488392,3.04518595144106,3.07759556101259,3.21636836122492,3.01795262803126,2.99601578070178,2.99297727931592,2.88707614793125,2.82162446453021,3.04852482211696,3.18545602843046,3.0480564194585,2.93852631291148,3.00195544561758,3.10700198740094,2.95174852176788,3.05432003419984,2.80599864038498,3.16822622658529,3.14896750426365,3.09521996642309,3.02585551611495,2.99265911563577,3.01702293189644,2.91201611835119,3.06558608456124,2.80941477727983,3.03398563492872,3.12196036618385,2.92329284945706,2.98820268853018,3.23921047418607,3.03830078786135,2.98263329212812,3.00286179759825,3.1877711191131,3.05914879125234,2.83209786019055,2.96532240386244,3.13837494109786,2.81571889036914,2.98822076873403,2.97998340215019,2.95869738219451,2.92763277730467,3.11030402863026,3.0382738831145,3.00054419482481,2.94197808208712,3.00176358795594,2.85724223292517,3.04661834436815,2.93532207575744,3.04386630441038,2.85187246142258,2.73008404537276,2.7142496091877,2.77199794639365,2.93539614731672,2.94784151631484,3.05996742135109,2.81497474988932,2.91789328395916,3.03669881600465,3.09513871524885,3.07167789918856,3.14896950625969,3.03506565398464,2.74695902317717,2.86650888624211,2.96428541043192,3.04784008237979,2.81500887944964,3.04710537871167,2.96281211540482,3.10184078602951,2.89267944887841,3.18201634156537,3.10019635425925,3.0249862355605,3.02821255105738,2.82113863274127,2.9884685256404,3.02536150023345,2.79300481994827,2.85291891934449,2.91871499087263,2.89487454140844,3.28222158289645,2.91225392393905,2.87838663897117,3.0315611606285,3.13543934482679,3.05285371117393,2.98446950841979,3.03293107805721,3.06752234000812,3.12643029167368,2.9656918308933,1
5.85570656260412,2.93157181374741,3.02591265021973,2.81870619280038,2.82772336739145,2.96439329269278,2.82854887029914,2.89596393534268,2.85977311498685,2.97536614409597,2.9838587922209,2.98917963710208,3.16702895385501,2.99809209292655,3.06008284259168,3.06663935415683,2.84545873105108,2.87403635117167,2.90392855340493,2.94084337900244,3.13008093722276,3.08378750982631,3.03057244210861,3.0344503689788,2.95247681456584,3.02305084028307,2.73197955416436,3.08385681932398,3.08338376809267,3.1865212962263,3.06163747794843,3.05278718919275,3.06370095792029,2.85663207073671,3.03941877917015,3.09220902140904,2.97513191431345,3.04266471947051,2.96671017554393,3.02363694043302,3.14301255997273,2.97692561756037,2.87352149791459,3.22423274379831,3.03741523260897,3.06317389338723,3.14865622914672,2.60702489978032,3.02529930590117,2.87495014786063,2.92301447511521,3.03020038303305,2.71946624658995,3.01822736723686,2.82593842171525,2.84627931570525,3.03212692492597,2.93278159377812,2.94656707001576,2.8898604374077,2.98417102638558,2.86128628259512,3.01594572826685,2.93990868282512,2.973094002404,2.92948238815549,2.89417776286316,2.98102056713808,3.28597866712721,3.02282562511478,2.94324021219047,2.82382861626044,2.9477601333734,2.89605873320943,3.03883957015666,3.08168552129869,3.04953835867245,3.08696114659898,3.05808436753885,3.01676159733081,2.83862032547027,3.04555661344271,3.03496183241824,3.01579460387492,2.90508602105664,3.0143988175332,2.94577246160875,2.97041283369101,2.73345755505311,2.91182947333085,2.95957670453449,3.07648417124422,3.26831635040369,3.12617954613481,3.02397532955526,2.97171235463301,3.13053910814173,2.84761664227627,3.03510389359008,2.98278376361577,1
5.85794629049194,3.0359407073519,3.16435188201571,2.85978339754291,3.01708679809439,2.93224944892411,3.01711117098378,3.06299781856369,2.82987680227937,2.9611636489273,3.02276682813843,3.20484619818203,2.83172716130024,2.9818009823975,2.83539877877168,3.09863951209013,3.0201023335661,3.05973154856268,3.0301989257206,3.01251613116219,3.10059468630773,2.84814836955859,2.82995949794649,3.00245642443846,2.96601475640584,2.93670540003987,3.09606334754903,3.02423387049105,3.09731970305312,2.86060926618206,2.966593179612,3.1210278578419,2.85561717693621,3.02443610033903,2.78735710130201,2.96496923221552,3.05679976493484,2.80309539130508,2.84918596491313,2.95436440085444,2.96916911171767,3.0625738250358,2.92214683943758,3.02811988799923,2.95610491519249,3.066027527092,3.03938717680444,3.27733647084321,2.92656356856938,2.9045885523512,3.02840678569895,3.06642088589212,2.84002336332783,3.0102473397289,2.88374974959794,2.96744222571235,3.28828573297164,2.81160855948228,2.9922486568419,3.00730703107391,2.98584354551197,2.99129429141182,3.01610163607588,2.8811288953759,2.78170211190988,2.90685241685647,2.98576320327655,3.026541376363,3.110221330181,3.08394109619547,3.13640340439098,3.23126997236302,3.13300200290525,3.20840352564161,3.05845447483923,3.04415610324387,3.01391758123432,2.93123855957119,3.1210543948936,3.06806364571276,3.09008055048089,2.90664581913748,3.10230210255611,2.90922365650895,2.95908121159516,3.03135956170139,3.11858874558945,3.0505052971395,3.08335283820447,2.98100031058256,3.14583629101579,3.17640465598399,2.96172050526828,3.152667682376,3.1830045102803,3.11715305427835,2.84068159242616,3.22290651126184,2.95114643808399,2.91168741104064,1
6.04298006669272,2.98494305778829,3.18997109891037,2.96618545558362,2.83446072015946,2.88616326965785,3.19229171899018,2.87809337932082,3.01239041013204,3.16220044391548,2.99569935859023,3.19603443598696,2.70445931773528,2.9869073100226,3.10707861296407,3.10142555112587,3.3203286506735,3.07447363696667,2.82746766372481,2.91602508037275,2.86615476825081,3.14154714450899,2.98811843973238,3.01061052637927,3.04507967065541,3.04607613581867,3.03485735107092,3.01227515611127,2.99699824571551,3.2073791826784,2.98010102399551,3.07802771017375,3.09461293746931,2.97027992853402,2.93489723253186,2.92145612959961,2.96692407049487,3.07640281150305,3.00102011335777,3.20314253330542,3.03286363695872,2.8550970258223,3.04135423249263,2.93888653699769,3.04648702186228,3.04374703055922,2.81556610672938,3.26056968167502,2.92485928872402,2.79087562006073,3.10314736031905,2.98883834772777,3.12417614176428,3.11239247911798,2.82142781921408,2.97571954635368,3.13213909909666,2.96042038998501,2.88858837070429,3.00257143754218,2.77314290928906,3.08170227183325,2.93375656104306,2.97712617626562,3.15254464087845,3.14178548490264,3.18144354871471,2.88720456900462,2.87584022655858,3.05179702230695,3.05963729631492,2.92494843804878,3.05172570515415,3.01645352982602,3.0956690221588,2.91208314835131,2.91937019169992,2.93508929280955,2.8306542187012,3.05423649336499,3.0770714294187,3.09514025135929,2.92821766297658,2.91778670881112,2.94951821173507,3.18442407918294,2.89966243124831,3.14337330153213,3.04055281879759,3.04187520535909,3.01786707872684,3.10789133642899,3.15523368510063,2.99733820958986,3.0299751806951,2.98746161952704,2.96726885099343,2.97376293172979,3.14335537762056,3.13373952820569,1
5.96288166884485,2.92487374136292,3.11168360953667,2.99628179680209,3.04765781493862,2.95690548921329,2.98851537866533,3.02753079870868,2.79890372779605,3.12948735365545,2.93915031803909,2.92845604270673,2.92586412848758,3.1891342580853,3.15919357910208,3.14682557883298,2.98813515200437,3.22129392129687,2.84513962402063,2.90029958257865,2.90581871469791,3.03445905411188,3.11748558709793,3.0433772604586,2.85873191316058,2.87271348918455,3.15306867244067,3.0389847750596,2.77841114477748,2.80612003197483,3.04163894656444,2.91711516028138,2.90461590772725,3.11465240703442,2.93730570630309,2.91828119965734,3.0110831249437,2.99141900494518,2.92377276296452,3.0274192665115,3.0029970063292,3.17046231064057,3.14227349556041,2.96709551235106,2.94431435308193,3.07459341927621,2.96063855456315,3.01762281176278,3.23872647054859,2.86963143667663,3.21900597042897,2.93537184177204,2.91556716677808,3.04899908866969,2.90840233984863,2.83567333817462,3.08951215064387,2.97314073279572,2.96426612333522,3.05566386441509,2.833137573096,2.81385622946435,2.89398560094859,2.82649570501163,3.22683071846068,2.99606064846631,3.1435006451425,3.14165662683589,3.16057359020315,3.18680385899241,3.08557405786162,2.81527147275094,3.03007266326121,3.05661697639051,2.8969518640906,3.12508881004495,3.02668207975705,3.18142444760719,2.79111235497624,3.01109510868094,3.07656887920094,2.8514103760027,2.88878490109656,2.90677000541442,2.9767488538272,3.25576396696245,2.97138801297485,2.93963492689628,3.09168240594481,3.05127584156718,2.886159300593,3.0533817966534,2.88688366349713,3.08835647516738,2.88394134445934,2.89345740650289,3.01971448529724,3.08710339229834,3.05809908590407,2.93044826768428,1
6.06628781398755,3.11170823321596,3.11510780682723,3.0895732430823,3.14650189493391,3.00475855664395,3.0625080582238,3.21385983971669,3.02926013131838,2.89153932659464,3.08354958911289,2.9806405325065,2.88749570234156,3.00446556839006,3.00055916099892,2.8340522906987,3.04232151703835,2.97061880603803,3.01385828306066,3.28872839591865,2.8463164364919,2.96051936511979,3.10505490029299,2.9543904624042,3.00456980836222,2.996514517612,2.93942028809698,3.22235062809797,2.87186196290925,2.92016127249234,2.74097311064053,3.06104645941671,3.068490305734,2.74325317272748,2.77990701932584,3.28599596429522,2.92372118886956,3.07799756332283,2.97358074854405,2.96014763979484,2.95221989105906,2.91020030528393,3.17193680374951,2.94822535968825,3.03147891120233,2.92211829600616,3.07656440939586,2.98691149206152,3.01070285430108,3.09319591172023,3.00089233087157,3.17427738432818,3.0149365951777,2.92847176418216,2.77586873458141,3.04794062921283,3.1362345133871,3.11891709625826,2.9890434913983,3.16092051961785,3.17153344404003,3.00148777106116,3.15723474274327,2.9517743464626,2.92552178325797,3.10643440197555,2.87373272300756,2.97944913220798,2.88866597681176,2.99930580137711,2.9723783403913,3.05210238288334,2.95938832850214,2.77925079851545,3.19466800108415,2.87588561841191,2.97913311299557,2.79834759803545,3.0172607128981,2.89791525793978,2.97064113335061,3.01458077006741,2.99231409901052,2.88605462959427,3.06958225469805,3.06005005280751,3.04561271680957,2.88592097614507,2.91771506032393,3.16045975615026,2.98959032880712,2.95583788739997,3.25016213141416,3.15548288062002,3.04800821142296,2.9312059412404,3.10872164328311,2.9669395816571,2.96236341691609,3.11773878890958,1
6.03452756531822,3.14833813990683,2.85129030674408,3.00813202369786,3.09676418080115,2.97574117976739,2.92754654781484,2.85602893926571,2.99695934868809,2.94664798174985,2.97115254900419,3.03802120261751,3.13067241661275,2.87485967777875,2.8174985845064,2.98973994220593,3.19428868763656,3.15567915736008,2.92530726550581,3.11610643512803,2.90307479605385,2.94404554690441,3.03997190685251,2.8694636376483,3.04458648680226,2.76112623850728,2.96377502118175,3.03118030261333,3.19145228021222,2.92254663655347,2.92632938095099,3.04482952931453,2.87261482266471,2.93438738621133,3.11852696207555,2.84228056684699,2.92414792460681,3.06619179001618,3.14705964321289,2.90065382660687,3.05839437886865,2.99778539529884,3.17143751842512,2.80505972966284,2.93282022637801,2.79964569229163,3.15640165546015,2.99586793034266,2.82449877153855,2.99795125330713,2.87210456348586,3.11582542651037,3.09201051166843,3.05752828651798,3.03876343472521,2.98997242327308,2.84172619630476,3.31505579867175,2.93762398475227,2.9286541414949,3.06375031656054,3.02942823196592,2.9863447723587,2.97073419360458,3.00304784886007,2.98662615081306,3.00289941633685,2.86463234170477,3.18065418738211,3.13828237415051,3.15598928741971,2.98743052500813,3.16311779489302,2.88353728610453,2.99911688241363,2.89795864338261,2.77557050003027,2.92509883249632,2.86374392299727,2.93107305337844,2.99894523601279,2.94811898875226,2.8380088449547,2.83880840930528,3.03546161273729,2.90905885875389,2.87788695575455,2.86234514410501,3.12819811929276,2.95852151474979,3.16490761264893,3.08090547006327,3.17684392872501,2.81025756455426,2.86954130747069,3.01666651380457,2.94828331787182,3.16329701635698,2.85366015689457,3.00382695100959,1
5.98983850693965,3.11885539944875,2.80141867013216,3.03532000396725,2.88613836883301,3.16256581331572,2.97564354921993,3.14240063944459,3.06441151638349,2.81505744570442,2.82661611283905,3.01739580777628,2.8292608526922,3.02368652995992,2.90915090824109,2.94743710497605,3.07332643715555,2.92157537090481,3.09998349945511,2.86618011793887,3.0823715625238,3.0377271360324,3.12317380597123,2.96928742135384,2.80257460798158,2.99747608794149,3.0819535375088,3.09936791399628,3.00048774411871,2.82231956475599,2.88200889630563,2.93478906793654,3.13314806843981,3.16042435313636,2.86719775482806,3.1545232170944,2.84954761107478,3.14763664999341,3.04801642592632,3.02547176376841,3.03536850719843,3.05239349964062,3.03939721755748,3.0834876260243,2.94787518027419,3.01116622060156,3.00212487003522,2.90395796821515,2.78806791732404,3.07647892719445,3.00671515636277,3.08670619650746,2.93244346477726,2.86268383623368,3.04936908919119,2.97545294306252,3.20141576723579,2.79543972114795,2.90434836942257,3.00310251892547,3.0646768892001,2.98807112673352,3.20080560019224,2.97589707519084,3.06766746661445,3.07075973804242,3.16080422607758,2.99477849659812,3.09849351838797,3.08272098472407,3.10915701393969,2.75199072383298,3.03306112047465,3.05517391100477,2.91678356952633,3.11770000910423,2.8542802784201,3.02724211175476,3.19589086428273,3.00965161992983,3.02496757701588,3.00554430138034,3.11881835666355,3.02212281048777,2.95359746914774,2.94531171393239,3.17843348383411,2.84284944927749,2.9552719205362,2.96593120945571,3.26476040886309,3.21827069437988,3.03918249222831,2.82490899269152,2.91412100034466,2.85413870476555,3.03309588204347,2.88159899924899,3.07258222490791,3.26463913984467,1
5.96968161216128,2.81578916930023,3.15464849073703,3.04425238930244,3.10972157613494,3.05206705016961,2.98181143184896,3.20089507170438,3.0721371215781,2.96564615557953,2.98229354552114,3.27762423518753,3.01664023913785,2.96271782266759,2.70119402727648,2.89856124956118,2.9083475805023,2.9497393845653,3.13659897063599,3.26414465144419,2.95404488903626,3.10617114832585,3.03504033757403,2.95928609019024,3.10806951228143,3.07661976568508,3.02312254315959,2.63496450713512,2.74880612746612,3.05273157397279,3.0662054386196,3.15342908154255,2.84716600053386,2.99319178773337,2.92847227180109,2.98076803913705,2.90340996593211,2.90485972961438,3.02448622285647,2.73689040836152,2.93222325755659,2.86436000258638,2.94699308034315,2.92227253877947,3.15402187514062,3.08384628270309,2.96539242712261,3.10750058801567,3.0390069143744,2.788221994253,3.11696383610458,2.95777803275062,3.16298625556758,3.04143345195147,2.83049244930931,3.10988741409594,2.94593041348093,3.01956381872846,2.99946907789116,2.984604765962,3.12325622491289,3.02909306167871,3.07762067915994,2.98681961161068,3.04948255384774,3.06890728014835,3.00970851016449,3.01055037843479,2.96598700866635,3.03559864667097,2.95989939342351,3.16991207682627,2.96435688368769,2.99778285790209,3.03348631804208,3.04195922288515,2.83204441133293,3.04585920304496,3.01129890746716,2.95071246145585,2.79585492947113,2.99892061526004,3.00172993800151,3.02487334003287,2.95645118068756,3.24367148206849,3.2528950953284,3.02293456438562,3.08594092018224,3.07136947930995,3.0302115779064,2.91179275310283,3.09050176516513,3.2143041538582,3.05325000738858,3.06473129069814,3.06078783266578,3.0275489505903,2.98942549272211,2.98723187674061,1
5.86571611625472,3.15954051222629,3.2861424604633,2.94353169788296,3.00631268913949,2.95247603190503,2.85093962615186,3.04063043625033,3.01157721823638,3.10503837876327,3.00427350566898,3.03624916106678,3.06439508642631,2.85941024056453,3.00987022093934,3.30959591171252,2.79218240200715,2.89593618369189,2.820188541677,3.00994466365365,2.97583057646258,2.934159374346,3.07570700295004,2.85766611060156,2.87704137625463,2.98108642327309,3.02341629113335,2.84880573382861,2.91716835498882,3.0318249777414,3.11873177232821,2.94081986639582,2.95286212367231,2.83649738538727,2.86376110003717,2.92633168069602,2.98888493507584,2.95502035238558,3.02335145329375,3.04486986763753,2.82486393664908,3.21798167537523,3.11161464097945,3.09092273255611,3.06662715919948,3.01579501631752,3.05928395924881,2.94837882030577,2.91794108714852,2.84005304453773,2.89003046135638,3.00776519579578,3.07667747253153,2.85878348311836,2.87626783505668,2.96453305564011,3.11019093132916,2.98748964685778,2.90757335976584,3.16792180655604,2.97821021624399,3.04149735649066,2.98384859526091,3.05678890492793,3.22456597775468,2.9734196492858,3.11612918320915,2.8988831429,3.10154615873113,3.04399703574881,2.78530867223622,3.15828585565453,3.07946558567543,2.97847445584821,2.87287576635411,3.06378125135549,3.30345104433858,2.98795217273901,3.04089102799947,2.8378947213964,3.07032863238517,2.88137994528966,2.92351299712508,3.05071559898681,2.98194517162386,2.90553664124134,3.1907433718969,3.12913043964672,3.05990781442172,2.7335084094013,3.06156208730766,3.01605231465441,2.9960885442359,2.87507447339702,2.91938756460218,2.95460936075357,2.97852815045839,3.0858392291612,2.82608831013172,3.07370963272645,1
5.82622481931907,3.07557966245307,3.29264579144526,3.10001353098561,3.08645314544218,3.05998038319048,3.06821890487461,2.954459253415,3.04091795497969,2.90298669666443,2.87967198334626,3.13242141602962,3.2117282550507,2.93352932925295,3.04056961290266,2.86516794791122,2.94709352478292,2.93054797892262,2.9889092154645,2.8216171173811,2.77776159076725,2.84071941422875,2.84504619878336,3.199703797109,2.93221128106676,3.14503810629185,3.07118902391623,2.97707772264084,3.16140198627592,2.97726925933594,2.91264931196549,2.97441404268335,2.80658778393153,3.11586499418707,3.06046845918582,3.01517106206251,3.09193357708486,3.02651130373349,2.91952074402954,3.05308451494426,2.98185065202677,2.98893637401698,2.85062353051583,2.96187815379509,3.12901539044107,2.9138574125261,2.98585552614784,2.99306951608264,3.13219140423629,2.97901741418231,2.88133834186861,3.06851391596033,3.14862066366672,3.27641493472385,3.13253879287866,2.86898995941852,3.1865269909846,3.0410196075776,2.88598545146597,3.0055155071671,2.9315033969401,3.08233395576652,2.97169200756702,3.02758439872243,2.91647441833421,3.07514345586952,2.96879821650452,3.00741414709242,2.90363537355516,3.00067953169848,3.06082604790613,2.79565066671398,2.99770957708001,2.97879795909453,2.94374721810007,2.93148754152823,3.1494947925199,2.85909493514932,2.89909301233732,3.15258089205541,2.89614004928145,2.75310730978177,3.06938741044608,2.80682613370048,2.88840028432932,2.7950929329056,3.11066904207655,2.97245011269525,3.0494340594443,2.98755795495995,3.02709148087262,3.06869341766427,2.99915515452191,3.0178670429478,3.06992594572865,2.95825668204094,3.28440810024096,2.98814056343443,2.8598129210271,2.99619777264099,1
5.91417251780534,2.93367547184862,2.97280107641528,3.05523392820082,2.65072949921105,3.19117573237672,3.16964169835681,3.03570405300349,2.80700908500895,3.04024826486,3.00229974200217,2.9754073670719,3.07625938352532,3.02545372128365,2.93919132803447,3.12193977450643,3.08105245905606,3.03207400503277,3.16344524917158,2.91048964377497,2.91828511924067,2.84864062226549,2.84757409613505,2.98664300714581,2.90132109373132,3.01157545264499,3.02091952221133,2.88069661707609,2.90144897213033,3.02110700952394,2.93024774547563,2.75069320603464,3.01637225382775,2.83569533684286,3.13653652517286,2.83680382099093,3.11940374021663,3.03571307178889,3.02343220004517,2.87201272729198,2.97790504832141,2.774164686513,3.0509132211087,3.01056764285865,3.06146821894164,3.06600296509446,3.05755536318992,2.80773188358967,2.79677844104793,2.8840226257331,2.90938790619627,2.99122004374052,2.9100377956497,3.09840802216617,2.97437732950731,2.99276601877127,2.86306076795777,2.99806360294461,2.99318684581917,2.75913306726882,3.01262274201802,2.83943917455889,2.87600917387983,3.18268286436828,2.93377047361308,2.99530353054625,2.95696325338156,3.1249848227825,2.87558005482388,2.97889003516679,3.02098296249775,2.90319154219752,2.82760237972838,2.87750173300315,3.0302244929654,2.9018604000731,2.86293468398608,3.13183834584661,3.01218981318053,3.17778227556907,3.13633742946179,3.04159399366653,3.0597864546369,3.14076283968697,2.92550921360288,2.94168298907205,2.97362342231353,2.81038805929683,2.95585225772029,3.01217257571758,3.05842434743255,2.79493734144379,3.16674185644679,2.90307942740591,2.95036519718689,2.87444855205892,3.146462283787,3.1525159079517,2.93818737104258,3.03223728596636,1
6.02280183892745,3.03674596159496,3.0717177645426,3.18981622312603,3.10758577335076,2.97828561639661,2.98321390794838,3.02188652466452,2.80156796949206,3.06702135951337,3.02447551203808,3.27325668407614,3.05272549002826,2.97116850915608,2.87036084038229,3.05507857877389,2.89517779746868,3.15641011080324,3.01407017289274,3.02727799673886,3.03081121600826,3.02926742528673,3.03184652178978,2.93611627077377,3.1200762313992,3.00370485417619,3.00816098597935,2.95537560511448,2.95272435713987,3.10499309092441,2.80047061171468,3.03631358929794,3.11089892445622,3.1055998353316,2.84996995767559,3.07662173796833,2.96783228409952,3.07040968063977,3.13488658735542,3.14364510016166,2.81100489212809,3.05997851114634,3.03040914425286,2.93029861019251,2.86417071975508,2.97789170086034,2.91954618354524,3.18544626649114,2.96545671288191,2.9968991890425,2.89355869940319,3.05855658737694,3.06557724500197,2.86106676061376,3.19844527603387,2.98138127825498,2.99502927957121,2.95124029237527,3.06907131329734,2.9822673556856,2.90692486429842,2.94659946096191,3.04776149618055,2.98427026005925,3.04983051400079,2.89329948170806,2.89165118878463,2.88179372063223,3.01877682559651,3.10948477354459,3.04435104863369,2.98517463685311,2.88104707318385,2.74934074739894,3.07403634765887,2.88739485456276,2.90633205910532,3.07794056910239,2.81604525351854,3.04421687872643,2.75732345092541,3.03216853956661,2.90059905008262,2.93441667266853,2.97903217135574,3.01900171296368,2.97102270857927,3.21541288078687,2.68882729987569,2.84414312287903,3.06641680651548,2.94007913144598,2.89623393097978,2.9507156723509,2.83204441395703,2.94312908128142,3.11598304042326,2.93423923240756,3.33289033819399,2.7524165188996,1
6.11361050206296,3.06172042701047,3.0404136398725,2.88864502028444,3.28821681971482,2.93425116708818,3.15473396494655,3.03544271100225,3.13891306895973,2.93613666164778,3.00728260290168,2.90678333264819,2.84800357550688,3.15472786239316,2.99336872000946,2.69783190029044,3.01935128755778,3.09235396659488,3.10930532571323,2.77951991508834,3.10780453684128,2.96851181914641,2.76469442588366,2.96332342436865,3.09456928317415,2.9207057118015,3.02859193635726,2.93318644769623,2.93482200242891,3.0699334932894,3.04203421217327,3.03211436997453,3.01241618199651,2.93595868400242,3.07423884351424,2.91216077346177,2.95567516924566,2.90171637730352,2.92814281628994,3.07144842297634,3.14505392126125,2.9478624768479,3.15264773312073,2.98998456967094,3.07131368903732,3.20468056542225,2.96455317503919,3.18117589464419,3.05705155228726,3.13360512510561,3.07536966470081,3.08981114961157,2.93370789586252,3.00701547788233,2.63318210150067,2.94721125260366,2.92805016523331,2.93282166900006,2.9296768922502,2.81729034331028,2.99237493793408,2.97924856162009,3.01715338648366,3.03841290210237,2.86156754664761,2.94501265797888,2.95032949520473,2.98670123195232,2.95086648107692,3.00319978355665,3.06853607376101,2.88363003595728,3.00774261550063,3.16402331818484,3.09498750047449,2.82290066262851,3.22068582586815,3.04111010600929,2.99679468487961,2.77774911577935,2.81959654650591,3.0357890050761,3.24851648756468,3.22342054297213,3.04656742640116,3.17622257886359,3.02261426601403,3.00501463123804,2.96143203295182,3.0562110719601,2.92518892509353,3.08934930944568,3.05773161779627,2.95027486368169,2.81315530549898,2.97690885944202,3.04081303365106,2.99378755365475,3.01822574219728,3.03352556917469,1
5.92599583642436,3.03044198147601,2.96556378587313,2.9725650212998,2.79330074287832,3.01734364244466,3.00640333217268,2.84458464289047,3.00738005073183,2.9741639220217,3.12547297500607,3.01777107560324,3.01834763565789,3.09451445658338,3.06980006787283,3.00068827175445,2.94552854807838,3.05059636486255,3.00669026595056,2.90622456340829,2.8663339857255,3.00591312629671,3.06493052108527,3.24346046166115,2.95718081600189,2.91335888423043,2.93388628674933,3.12492588882078,2.95839047262152,3.07859231240807,3.09889002607043,2.89485725325189,2.97340857443963,2.99430905575519,2.96852998518426,3.00698164060826,2.90265622880654,2.8044707835296,3.14176401193893,3.10044596577133,2.89757579497805,2.95271348933512,2.85943846239737,2.93091234754771,2.95806839658351,2.86887739378732,3.08538655815426,3.03592529594819,2.9259011394326,3.00669853868387,2.95364522846946,2.9081787083319,2.89358993254806,2.81502558940092,2.81734966246145,2.85579224964086,2.96734920525956,2.97355473318296,2.73457505289613,2.73363360764293,2.89683830958535,2.95290436116073,2.91542376207615,3.29970190479295,2.93708009282677,2.93010195458764,2.96708116469188,2.75739044554452,2.94462087797455,3.1604759363663,2.92779310620869,2.82319540003116,3.02513860202365,3.10231587498146,3.03967510691779,2.93385750606041,3.19683394645265,3.03087919241959,3.04952962861615,2.84676862378352,3.04589921765297,3.10218919205788,3.02564560214179,3.00098334017107,3.06269758231894,3.10156360816259,2.952185520545,3.25440654714021,2.88239366257374,3.20986147285863,2.94398951618331,2.8722380896254,2.92464411692983,3.07153641351369,2.84222164182679,2.77162401577345,3.21027036680077,2.82393839248132,2.92308602749829,2.93979529032695,1
5.9497604420855,2.99115406245162,3.09429364027854,3.09306139935501,2.93849824608977,2.99300501386019,3.03910484414691,3.06401237827968,2.97559409866229,3.17695793705028,2.88846137351549,2.87040693530709,3.02444743255961,3.07919532498923,2.99897702317431,2.87397212513802,2.912472626199,3.04831363049319,3.14138124341408,3.07667385795208,3.08508879117381,3.05219697076484,2.91021309250494,2.88222805651482,3.04764241866332,3.09095827651543,2.89107613201822,2.98631206612403,3.32379784162726,2.96086128679172,2.90261348836505,3.09443152617572,2.90997154065749,3.03383914752673,2.77533268266809,2.95749153484641,2.99008626950636,2.92809761865121,3.16528954278699,2.98452170331943,3.17376458705095,2.89356969429235,2.94846306594794,3.17158345187203,3.18410689761532,2.98201222922027,3.08906522480641,2.98433864237664,2.89931170460047,3.04932442709225,3.08617646962037,3.06793815157064,3.29020227076991,3.1188006828036,3.15914302034729,3.03167735455909,3.09399569571262,3.03373806042286,3.26420339791422,2.88038946778559,2.94350050767452,3.03563136778311,2.8820975538853,2.85431795996462,3.07008217866126,2.99832870781689,2.91954355974662,2.75593112906078,2.94613704329489,3.04093188752288,3.20008703569179,3.04182348783181,2.96183157323005,2.84407326791745,2.92978219659837,2.92444306981765,3.1707694628562,2.92597625744438,3.16275576297744,2.87918687096964,2.82904886637164,2.87030280697625,3.10825897779074,3.16283246956944,3.07661946181907,3.14271878155283,3.06272210420948,2.8700166251938,2.98370045447596,3.13877335672284,3.16602046909454,3.03878604960711,2.9694120206493,2.93672055481687,2.79761495777504,3.08554665282654,2.97440655872226,3.07756235304428,3.18727463738125,2.97265963803396,1
6.05782045607604,3.26472368413783,3.10924917490862,3.0273236656633,2.92021745117501,2.94801325884883,3.03480563683231,2.92585624028176,2.94184991441671,2.99323664006674,3.19766772023867,2.98510121481393,2.97215162219885,2.95013132360375,2.97537832951055,3.0800663135423,2.82518718410104,2.96459344614446,3.096646334663,3.05357000122857,3.06220279333328,3.34331312442059,2.97031685274638,2.91912903922064,2.92037056363643,3.10623917917176,2.96043202940805,2.95106361976749,3.18720639940909,2.93237413339326,2.96097046495252,3.17202839407038,3.11303592144808,2.98584029918916,3.02901106558765,3.13598445832147,2.99991119818157,3.12294661551676,2.89034665249264,2.82977929370413,2.86884408940053,2.85613584479199,3.04378011015436,2.9689304183803,3.14656388506957,3.05719089859371,2.96920529758681,2.68365884119156,3.2144312604243,2.94912297923536,2.96024644400999,2.80466650318039,2.972408887516,3.05334298685193,2.89471265981114,3.01849500557074,2.9192129042471,2.75380405390613,2.91265554767647,3.03793521889749,2.96701204503287,3.05653602196823,2.96817650678308,3.04414266081794,2.95134465892177,3.10027530068971,3.01257749664292,3.05013356672338,2.76314299670011,3.07136494912569,3.14406711756466,3.01279011961305,3.13497423179605,3.03119554067217,2.98606145303216,3.26860581750722,2.94668353947382,2.98046672232895,2.93666797936886,2.96857125813465,2.95155150794319,2.96466026379105,2.76847339381551,2.964931528884,2.9667678637295,2.8818293322063,3.06596314399434,2.87698147920683,2.97833430840682,3.01874597245528,2.94604078774081,3.03089867520815,2.80094326472624,3.11185620269974,3.07594783102639,2.93155273037992,2.81522754133677,3.04247384235497,2.96957966803572,2.8907599937618,1
6.17702492428418,2.89396580541406,2.89745851724791,3.10110620530823,3.02691658483377,3.05574882909613,2.90660539162027,2.97545541277012,2.96585001632847,2.81101868462143,3.13343324825823,3.00529685805966,3.06562250949813,3.01158593455383,3.00258384799809,2.68163573530207,2.63027275337195,2.73209168583815,3.22518114597644,2.80423614491235,2.87882959645107,3.03960539695962,2.92348495421735,3.0722305001596,2.90902866493668,2.84239883697335,2.97633377951133,2.89750204170065,3.03979667652743,3.03758688059974,2.92576746086838,3.0060392935517,3.11171403704879,3.03529928377241,2.93531338033124,3.03868547459783,2.95246981160843,2.9954711043301,2.8455208816838,2.98781194735498,2.86529082942664,2.95932428137686,2.85778229783648,3.07015924715272,2.9784722884735,3.02338020232537,2.95141591419253,2.91151995621094,2.99228916635449,3.0849151825705,3.15190722661955,3.03368728117665,3.1243575581152,2.93227784549237,2.97360053000527,3.19101317973907,2.96555876908767,3.14181957727225,2.96158809797645,3.04506830006892,2.88842813943327,2.98598599201294,3.05841102529031,3.33040887867974,3.01698776786952,3.0057906021268,2.99552932911692,3.08245692660049,3.1677224683518,3.12126548722571,3.16380996279615,3.06399179541326,3.15213936090725,2.92481650991183,3.00482424366676,2.88171775116548,2.89223032409114,2.98346593186991,3.04537838522539,3.03995088589659,2.97078963600609,2.98768942945181,3.06687880292483,2.95060639059807,3.08197185944437,2.87402806106605,3.19576559782649,3.02995035479505,3.02127609371654,3.0313315726118,2.98541906664221,2.94482294343577,2.95209033687549,3.06381167655462,2.7274742967662,3.07637164919623,2.97052983457858,2.89449211077507,3.0907461927773,2.92085470619521,1
6.13680453283164,2.85409179087121,2.77977538682096,2.71443513187673,3.23810790785373,3.11779251302647,2.91316831427971,3.06765952781731,2.99518940341838,2.87218343968418,3.04425115456012,3.04962232609958,3.03503489555621,3.03166620992969,2.9710029302929,2.8235249092017,3.20447948851043,2.94423016761028,2.99660740645717,2.9844210666008,3.10227218486579,3.15914073921604,3.1529673300909,2.91002920817784,3.02715555097652,2.90613728572206,3.09022069811699,3.01903736668382,2.93341455042798,2.97303685691922,2.76245877970895,3.00660925097649,3.20522986157654,3.07787754359992,2.89711704846151,2.99059255989328,3.03041821588787,3.21730673454744,2.97405144842527,2.94516942074836,3.09305445488863,2.85831976920276,2.9908210128631,2.9381254151331,2.90806011315203,3.01707452397541,3.03105640804755,2.93060303614616,3.30756549559745,3.08904464788843,3.13262173686797,3.17044945306985,2.97650589653333,3.14379907055437,2.99322696529692,3.18795622139647,3.06854051730942,3.05751524774997,3.09279613178209,3.0285677483909,2.95107428504823,2.99655257405429,2.81050926691787,3.16619919440717,3.04510469611289,2.98525209166271,3.11585287367842,3.13071211365985,3.05806949547041,2.98078093428261,2.78174251651225,2.99919020272894,3.05431171698869,3.04315863929894,2.99343092841214,3.20093080443917,2.96835827790904,2.80315270991631,2.97937974481814,3.1476488719572,3.12404318708565,3.10672255173308,2.86417022133913,3.07357461983251,2.84017335442152,3.04068408885035,3.06007007681407,3.02773525029407,2.88906092402643,3.06732230139118,2.96826302879615,2.88529825738601,3.11689169083557,3.17826948510262,2.98664843980311,3.07730202800854,3.15534221178785,3.04011077115125,2.92523043980768,2.9783388971278,1
6.04928186828553,3.03445568387985,2.94131947296413,3.0569799629015,3.19546081787285,3.02917407981455,3.07275286751289,3.00518782074909,2.96752148901858,3.1633670603685,3.10137761524923,2.88425741881977,3.07793941710986,2.90992737538132,3.11648045337038,3.10626524381096,3.02200428006621,3.21313601942443,2.93341431935041,3.32742601122134,2.89921201388221,3.00427460100259,3.13973464223585,2.95882813250886,3.17220334301085,3.14990351366877,3.12771448944273,2.88738202846971,3.15389010595204,3.04537046539131,2.97581314290084,2.84470330123713,2.90277938561765,2.79749573898,3.14264351294962,2.90211300923388,2.88870540014032,3.16539227043263,3.10215815937663,2.90483679459717,2.91385026840925,3.07248656261433,3.08945239657754,3.06552795104569,2.96086244053669,2.85171615383706,3.09136086439927,3.11744969191545,3.16347986092576,3.02347716154546,3.17632457755179,3.09510233153171,3.16206362137031,3.00972846384707,3.08705424363913,2.90583257518139,3.14286813305695,2.97792083326886,3.21921609517986,3.13324922793148,3.08966521387418,3.04952634638884,2.98548275166948,3.20959011572574,2.96222062467844,3.16912608221176,3.04663081420692,2.99275272862626,3.01475933805949,3.04603271317291,2.84041186411749,2.79362534664305,2.95274906088305,2.97978589050925,2.99878233982794,3.05376224097961,2.92206853572508,2.93504969779001,2.87178726029781,2.99077617122974,2.95169258165378,3.0962206313858,3.13465078489808,2.95448605399091,2.98279193828793,2.97685742368087,2.94351736807809,3.0317106125348,3.11968485363033,3.14454211203149,2.78867629537679,3.02048699219835,3.00442811917185,3.16788220320186,2.96646743463002,3.07796665522348,2.70719993363896,2.85923288187256,3.06681471343532,2.86499253900961,1
4.82417269795336,2.7923260738614,1.91619686564608,3.05843120615295,2.49690094242947,2.26352124024897,2.64622427434806,1.80640940514413,2.98354376656432,2.98140121078318,2.5294942778799,3.42277048093539,3.78860335447406,2.95534636934965,2.84696541588197,2.60818449101128,2.57514320530909,3.33889691130195,2.99689772702667,3.75858568678629,2.29392864678923,3.1950184875929,3.33634763458273,1.59528045217855,2.95153916313215,3.33765208909722,2.66330678950379,2.81487556991431,3.04763506055442,2.82388698861548,3.88395755200879,3.79022359191764,3.11072709147954,2.44296028345662,2.9632766077028,2.90227877549333,3.25179777313165,2.168715268574,3.08680115453071,2.99854976169007,3.79721678680713,2.91093667256516,3.38237089772917,3.68497095339623,2.32511909896499,3.05298157235321,2.74463022254591,3.49230580805442,2.59462219490268,2.8381393096344,2.51132612230648,1.96463630998679,3.53047211495962,2.79266764326199,2.40386436114318,2.46421758802424,3.22785285506861,3.14080443379563,2.89351639977065,2.9799075687869,2.12275351068608,2.126104441972,3.22303032528827,3.4245496557605,3.49213892430505,3.33866222024944,3.3664794021868,2.85201863645456,3.27640241296398,3.00050981406209,1.92710250126359,3.20236817621224,3.43115322474176,2.88311728609014,2.58594489803982,3.53580854397022,3.52566380479076,3.26981108510738,3.50571119757149,2.69271532122263,3.84488892317377,2.61370638646955,3.41949271212973,3.16436215415248,2.96783494603616,3.52254827560389,2.58366253443516,2.3153965842084,3.52240663462178,2.8157293011651,3.45286941255106,3.37035671215289,2.7723643838798,2.20591748226143,3.06962953730594,3.12017349195073,3.00974217704214,3.7352225208091,3.22803399041957,2.63519283619313,0
4.65313597543346,1.88406003832608,2.65095996735138,2.68941596614592,3.42766262245777,3.15518837767377,2.03110776858753,3.4012379378146,2.97386939491482,3.3392572220334,3.26265186113032,3.2870433721606,3.35079869409766,2.70651000506493,2.59820209528177,2.93326510192621,2.86173117502023,3.19374677799216,2.79490790480688,2.84873947362433,1.98572839332743,3.20389449575778,3.30100833864131,2.15786556786195,2.89468658395325,3.41935090887881,3.4752104557735,2.79051577001175,1.85036307687912,2.05266075866657,2.99972542598973,3.05558493503004,3.48846711761341,2.15775683257171,3.09569487195375,2.50987902996439,3.84944496212987,3.59808152354671,2.48123733664057,3.47214075275271,2.46644775385623,3.1855633071118,2.94337968603997,2.52052346061088,2.63628924170019,2.95796032596102,3.15104828781302,3.20759653748957,2.72274798440519,2.0361996181619,2.40621402767544,2.77334099940385,2.35366603209917,2.28882074640027,3.14158013619385,1.72237354128521,3.09064761342875,2.69405504355734,3.01690736742043,3.98529221892189,2.94287137023005,2.37947926882467,2.53214153323494,3.4493696537765,2.54075587590979,2.99437677900251,3.64055756775483,2.64766346081762,3.46167315812179,2.88116722681226,2.77990514816094,2.75957225134845,3.17406535555238,2.64644872136949,2.10914573657471,3.45989415540867,2.98392532225147,2.79158892062667,2.88072444046946,3.81934919151845,2.67744502313213,2.92380984513067,2.85570779844285,3.18040771836516,3.20973462158846,3.48592069389281,2.96686456625335,2.63414945080163,3.03157400959786,3.01670568319156,2.81738641389083,2.49638965476933,3.65272875509384,2.39691121018835,2.59443768000281,3.14780558972751,3.33172870505385,2.50670531264221,1.64944744941895,2.52208717732966,0
4.75173322459393,2.76496051617757,2.73783926169342,1.87734696005028,3.23227212304984,3.01395086096733,3.72129559266258,2.66355143847671,3.35104051989036,3.06742142877914,2.74951587526275,2.51722103686194,2.85732117703827,3.37193544207733,3.00714640878808,3.03750850482685,3.4107884444536,2.67830005676548,2.15452869897158,2.27428248199103,3.92369006380639,3.46008414365566,3.10218073297979,3.33179882363358,2.71147076485243,2.69079457627722,2.96159412765313,2.94485923879528,2.72086152867571,2.69763938322295,2.65526087971914,3.53974884786185,3.31922424120138,2.70223667996332,2.62688354437792,2.56001113571684,3.33009109343188,2.7193578810129,3.83580800068779,3.37444875404919,3.85865768633451,2.59917505780099,3.50386940719081,2.83648106991882,3.6944150294399,3.39169024741326,3.15764671145554,3.36285774917846,2.36090445381256,2.64929273296634,3.11501741247429,3.41268489726619,1.95896914960909,3.52719262345365,3.37830315984516,3.07303644104233,3.57148881908293,3.52869703552027,2.44447162418434,2.60309924369832,2.22992348873181,3.13302133162668,1.50811533615286,2.40829710877836,3.27232595075495,2.90091479440436,2.77370697851902,3.78939539479722,3.14762575104833,2.84600193689099,3.90150921330982,2.33155030457869,3.62879713432193,2.27632648568148,3.02197124288081,2.63537654269001,3.43046637047283,3.38342517113703,1.85471432659916,3.14160168450299,3.18916654891688,2.88602061068279,3.01978004164129,2.8017978284542,3.31734716397913,3.71044588654808,2.85898305347258,2.24656662216156,3.38152066395666,2.37506622910795,2.87564657526311,2.94656667163526,2.65168517948086,3.11562072332753,3.57696371948612,2.87919687875842,2.39153653098117,2.839081627527,2.1392253838999,3.38130053179173,0
4.81273045500362,3.08156264048765,2.24628916778379,3.34220291677624,3.29536775630707,3.2711092426428,2.65250636185541,2.09410186685869,3.30290475231225,2.13704334279301,4.20526470081427,2.96629918292245,3.14072607373337,3.62235686016696,3.35017012703646,3.40581572333213,3.55928499914109,3.06956754490397,2.89532391658751,2.70443584991372,2.9274926176006,2.84622381140554,3.47571232291228,2.26445086690378,2.34737772200885,3.304374841431,3.65174824992973,2.90936936856244,2.78763910644851,3.0683188359796,3.54279459612239,3.34190133907633,3.14631141738621,3.21326161467285,2.6227290578539,3.70017222288832,2.78216951609593,3.12909347253631,3.00671797926008,3.32296550754692,3.54804470569374,2.92581681142499,2.90384025481752,2.24963747595515,3.72686830602225,2.46241864132445,2.53604523999882,2.69957375051401,2.11234268104376,2.01274217744879,3.04769164637654,3.9035942244293,3.78389589583018,3.19233054349657,2.91497403641431,2.80910006036032,2.92565580821591,2.9859134739266,2.39218714194342,3.46756025112884,3.21269929679933,3.17118493745411,2.51169331103744,3.90573768871029,2.14534849262565,2.17699544409703,4.02541883663374,2.8601225988384,3.15050458159261,3.05795936497257,2.73800813151123,3.10731107731798,2.66743227290173,2.91817875661311,2.85598155587845,3.46635851081212,2.36539056893468,2.56535385765721,3.26975261456809,2.08964830927277,2.60407623696153,1.78400136812437,3.64035402595796,2.62890514784807,3.17578120267858,3.6042843389603,2.72899826390633,2.3488196938871,3.01953288301311,2.37285012363489,3.96287080298388,2.36315595437765,3.11429223702537,2.87034033522184,3.37454831476987,2.98708365381649,2.89386926152925,3.06993409915963,3.26465132729914,2.6376903228869,0
4.86826106388366,2.87380058029333,2.51591151028674,2.48655110831701,2.74575800849826,2.98789327698052,3.28918833436698,3.54442242523418,3.44361075774885,3.15603837299594,2.918756940806,2.83064945682269,2.8374461146318,3.08305152215228,2.9808173213849,2.87228231946313,3.79265252834186,2.95300265298579,3.11289996518464,3.24615256661895,3.04261232117856,2.43531999794308,3.65952877014951,3.05915586639287,3.32953087707558,3.3836160788397,3.2210157507896,2.67328299080671,2.24973214766424,1.9933029074654,2.30967703766124,3.20431484628502,2.74360527473672,2.66853708592979,3.28821792168395,2.99046296892209,2.42607722111375,3.05886101545454,2.94372200867271,2.94131022746082,2.15649308132366,2.65465628758138,2.6465222677966,3.43920109195519,2.69414999703356,1.79547963729407,3.22499879209201,3.54053798191918,3.73228444002419,3.46704065984348,3.68254193610226,2.48397957319082,3.63881710045748,2.31570400722264,2.84016344871212,2.9351407648224,2.17005112397055,2.26614759029192,3.60876053636272,2.6611593218009,3.01439835560023,3.16589962255783,2.77810451797749,4.2160424069792,3.02291625563567,3.09613677982528,3.41264243695084,3.41055518361002,3.31677858484778,2.162270804442,2.21794625842349,2.44445615205216,2.95248021496205,3.69714388922393,2.80710826603929,4.03634521699558,3.07941868180533,2.7097083180292,3.91279021209625,2.74023963830013,2.64086746283299,3.07372520130619,2.37539821367643,2.80369158069247,3.32211809351661,2.48629452732827,2.46774708316762,3.77931626759802,2.6830327532041,1.85502220557835,3.02370451401477,2.29689050126218,2.56808103721258,3.5328740486872,2.40061698674249,3.87934751143028,2.91490990023155,2.69120425981622,3.35209719965707,2.92889442387362,0
5.06787407420581,3.49367259107276,3.67633057720735,2.21321910094806,3.37818411374004,2.94585906517852,2.57737150258544,2.70958046184631,2.91099797431974,3.00535994751703,1.9095038269065,2.5187180221663,2.76190386866071,3.78423476503905,2.78202537987684,2.94275776434962,2.95549228517097,2.90208867455525,2.67306703419626,3.1995412326203,2.90959973919075,2.1266880974484,3.6017721650474,2.54152380391709,2.81350433822953,3.52995021131296,2.88610305258038,3.04454489594388,3.10094596947894,3.23869927102094,3.55564971458839,3.00839597215741,3.45284847389477,3.05851571715644,3.6943604745983,3.47887541364669,2.90138922351442,2.94479337197956,3.35348370589788,2.47794188799018,2.33903152902453,2.85966640464748,2.67870104522166,2.2888600050189,3.44868061128046,4.31699227862947,2.95351609945611,3.95343909014122,3.32846287086856,3.41940942967561,2.3623466771503,3.17285653969526,3.22718343194841,3.55767658601067,2.95312123069801,2.49016107027221,3.11977522366838,2.97434064394151,3.02050591968385,3.0756714366095,2.69074865282117,3.06458709015,4.29278783693377,2.02865316358147,2.87950977194962,2.93277175678524,3.35236607459853,2.09646820588461,3.04956710187797,3.59462977671768,2.60442355582256,3.2739834749086,2.06608472518078,3.45542066641979,3.86417746044502,2.89102358029135,2.41422573740521,3.16173960658625,2.09939981654683,3.64917774910083,3.09596407678109,2.98259809107965,2.76262800767899,2.90657855497442,3.42134061357447,2.17845775328512,3.10655422214569,3.61543048008574,3.01089102807172,3.81947081162702,3.27734910152206,2.32876876489946,2.85550527112379,3.29636704601207,3.34015238705116,3.62857123642245,3.40164322027135,2.78152703040887,2.50419137113633,3.48213259907051,0
3.96731162825803,2.3763616860205,2.60508992355752,2.5687736579774,2.73226911822107,3.14613799867036,2.22748293836522,2.85750257285984,3.41301097663043,3.36946476277956,2.32281648750487,2.56329747728519,2.64788967901414,3.12306350491816,2.95415651533869,3.04085263207509,3.36485782033339,2.89380637151079,3.76519704822407,3.5003915417131,2.25835765388876,4.43502007242493,2.19648634987456,2.60633588783874,2.55462738469283,2.48014285895614,2.65774862060687,2.56345377869478,3.56909779415664,2.89330279080566,2.91955879638059,2.76215996345911,2.25183828832729,3.29833805890118,3.69750633072724,3.03648309371729,3.19419853246879,2.53820237967188,2.83029278277522,2.94232420984007,3.20781804585989,3.15599264333928,2.35325417887073,4.46647186456991,2.96406087634955,2.80426488969734,2.63674152299926,3.63853284871672,3.73733552502494,2.76300400681111,3.22198354778642,2.4202447642507,2.6003633776865,2.59954686436073,3.28266961786912,3.71258832392335,3.18343226450432,2.95085546492435,3.17892556609784,3.2040978533796,2.78068832557896,2.95811636264218,3.61418265346129,2.98426543965649,2.34420390681454,2.39028546095791,1.96261008330666,3.58834623145658,2.86224127094063,2.47464546327665,3.07054948106315,4.31587215585476,3.02309455060156,3.41085737121754,3.83026810783973,3.50809428725333,3.67922240855598,2.71296031545201,3.39998544223089,2.3406030293963,3.20549161040134,3.02051819182263,2.95189121669267,2.69328161231361,2.83405252409025,2.39505555909771,2.72313094911064,3.26117580181431,3.58421665315142,2.95546286720894,3.2081142141823,2.61277343022555,3.42307630965873,3.28851838169965,2.90929167051977,3.66677069549761,2.73150841397142,3.04589506167377,3.20570973517991,3.71795312360179,0
3.61937714614568,2.90689972073185,2.36655406909603,2.28914982614761,3.56056466595824,3.05156478047286,3.05009295185108,3.45824092043205,3.01908799356435,2.71851153421722,2.17960528807988,3.50417590661196,2.0146722419521,3.2194782684349,3.62027570096114,2.68966952571463,3.0362440028859,3.79511242759885,2.8766051841897,2.58572447028786,3.39920170585102,3.74830855762305,2.46987102359422,2.72633005879733,2.85077276752456,2.70038980557885,2.75885569221237,3.30077558567827,2.83213633193356,2.6380223831559,4.19039471184617,3.32153521603403,3.6586619422332,2.71197776686026,2.73206420682209,1.99939449694324,2.67827226475144,1.80256070440464,2.85248595766935,2.20958639658543,3.00906616724692,3.69594880825902,2.95143179575536,2.84145680183609,3.74954912768922,2.16303898033019,3.47882833237016,3.11500420799331,2.74406610234064,2.8802482393104,3.05559687592006,3.17082822719184,2.83663836030416,2.63988788503092,2.52280515762341,3.72248543744115,3.10270315798766,3.0654347438204,3.23990524662124,3.53106604410691,2.72737621240066,2.43366200351483,3.19640292006468,2.93591432365449,4.10063693473297,3.48745914649475,2.85207072618192,2.88285996029363,3.23002523125634,3.34651549792864,3.57532075319755,2.42888855342231,3.40739003794292,1.74818369281678,3.21727017496676,2.29696991775019,2.44368645008706,2.78849754573434,2.45884526243637,2.80371771174977,2.46219527415673,3.02748514841081,3.21343237672677,3.23117913340468,3.19486400797705,3.3282330476686,3.41177606803302,2.53889093065911,3.33912561292132,3.26216402171375,2.62247206096181,2.69780069811905,2.13163012485767,3.20517156661822,2.9278919911437,3.56382190627832,2.52804624627751,3.39565676500773,3.31215145197185,3.06619967286944,0
4.21086723761916,3.21385040638316,2.49609402010616,2.92880839784039,2.14881573201691,3.19769499613365,2.71039584418176,3.3914896075371,3.88701648696591,2.70226090990189,2.38401884315377,3.12082042275996,3.24524567105351,2.46732707284497,2.99547790439712,3.272117762114,3.21648670833989,3.28989959104284,2.40621390862466,3.32825630215671,2.09735659080047,1.91942067590719,2.81360915086445,2.94659150291243,3.36170013000785,2.48768725936968,1.91268521361601,2.6782844588876,2.71935499425788,2.02542227868717,2.18301077217211,3.38232955725884,2.84728278639837,2.44066751500306,3.15045429429717,2.22248316607099,2.51180032639698,3.90601628069171,3.0039169312591,2.88049756639813,3.64753273188779,3.3675105559585,3.15686079619649,2.79088666840049,2.59020043545036,2.52879900587185,2.86592963494733,2.474592932256,4.03544308057236,2.82187444649327,3.74903734215125,2.73026731303705,3.73290708671262,3.32355769740302,2.8781473221865,2.67200502534523,3.07567552590328,2.72441052423596,3.11553409917553,2.62911644448482,3.4144554130588,3.293825588459,3.76070880647055,2.72070535858571,3.03459310310092,3.54482073990631,2.56668915309278,2.66449126741938,3.02611534715086,1.80980055012014,3.3676123264087,2.28040675992846,3.13789929368546,1.98561381038804,3.2686710958184,2.90438105871623,2.88656025041143,3.44726754528088,2.48415747593493,2.94406068649146,3.425497688784,3.14061231537437,2.69662800087235,2.88467098832399,3.0211539753787,2.38893332687612,2.3165852393127,2.38966038802243,2.78071580200924,2.361112616492,3.75580022486215,2.97861377907993,3.73553909744081,3.24653146188142,3.01606284526738,3.55428120846106,2.93157593521158,2.74516090922569,3.21986187505351,3.69141933790076,0
4.46449608988473,3.25504059891733,3.7159635335802,4.1209559941364,4.01966666783543,3.15051989223142,3.35128340310659,2.82074091327317,2.76590611783672,3.52169472394887,2.87673686302815,2.22362377982492,2.97719023586552,2.75694880269148,2.91411682440174,3.16617053719931,2.47539518582442,2.66596124473546,3.02963004479034,2.6033474345566,2.22697970643829,2.7538579746169,3.23731684628605,2.5593192791819,2.34378561454051,2.67271823024892,2.74146377666471,2.60847370871769,3.24296219823586,3.49808912372578,2.69718626424541,3.31369480542874,2.99459982700033,3.40629502304575,2.52569617026517,2.59621296803623,3.15331155122022,3.32357477978036,2.84405698254777,1.75697029952293,2.77947837410017,2.52036284738956,2.54984709150149,3.15205647069327,2.79541699993564,2.6021271729819,3.72335897069072,2.938025278809,2.51824613230766,3.47448257968966,3.23698574129273,2.9970081915963,2.89473267879223,2.79518273348183,3.71056177875631,3.68866655559574,3.62308616187195,3.08848722345641,3.12041543126364,2.71796310811215,2.50767212572911,3.30762878756965,3.57458934643745,3.2642078741642,2.69672607959018,2.24680075697578,2.81054682540861,4.08775735185781,2.97805030317998,3.12705100081892,4.45448377208336,2.59435853961884,4.14574756360854,2.4849816750874,2.75167232052204,3.72690021028509,2.23158122011175,2.22026622318998,2.34147759363347,2.05016890029239,2.77743411633522,2.51421101006887,3.20291532744746,2.92054541358378,3.24757729893578,3.28191303459708,2.99665012017607,2.40546737530205,1.95545743460875,3.16669958082661,2.86823915557675,2.98863914115654,2.87004975886132,2.63777464772871,3.49584805635448,2.70325817122847,2.62765291535295,3.33333496075476,2.66866178944505,2.84643215977671,0
4.44733228887207,3.55805183496371,2.6969047706337,2.46885792460461,3.53339606913258,2.89158958152412,3.06460663705154,2.23159003935356,2.79050906902021,3.01717090259418,4.15936530159973,2.08310435928526,2.91351644210795,3.62391534980846,2.69632652736809,4.35635118580419,3.42639174875051,3.22990159974784,3.36359576397283,2.28361726884397,2.48626215146708,2.72850220323905,2.73594141188733,2.89898109152813,3.29854566818018,3.15367999204046,2.43242736089977,2.97836686171082,3.33032370756343,2.41558448137564,3.31735536226937,3.13264723158925,2.94094973317451,3.52096083838672,3.09805546091012,2.99549603277779,3.22196176565771,3.9484703089955,2.99867269277078,2.67621354593197,3.49852132076409,3.13054262866975,2.1726790177049,2.90409455806273,3.44937265055465,2.67814853291755,3.43206732536776,2.08548748958591,2.70638845567273,2.91426998867843,4.12859267068099,3.18804565943648,2.22189672197972,2.96720506265167,2.3680671025065,3.47215040878127,2.83923084207002,3.14105754343,3.65474568139478,3.15539307606354,2.20063935174064,3.02250663155742,3.09953305821299,3.13971990442164,3.78933899234791,2.15929391350329,3.29122359322862,2.86502110292552,3.33203852112706,3.26364510585458,3.67770294369883,3.13488059854366,3.51813284985573,3.35584893786244,2.08823100226965,3.4853387828435,3.944327191656,2.51358054454734,2.68767948983619,2.51025910348067,2.52013544552885,2.42901214918803,3.43254688795172,3.17979569656175,2.79744975042126,2.46240053443043,1.93644174271313,3.55684545914767,3.11902262962068,3.24871225139195,2.72983047247567,3.36629347407144,3.19330739262271,2.30996165283812,2.97204190612392,2.79032931896057,3.4818291192556,2.71216082503006,3.40709975296294,3.37142952574338,0
4.06891416473374,3.43705920083861,2.52097693905411,2.77133283051791,3.54320850944128,3.66144612415762,2.60778998038782,2.13770915655841,2.62504584441729,3.25755523953346,3.1727939304968,3.69993853965213,3.31370226752615,3.50514870472015,3.08372990853786,3.63355767624132,2.9261975074043,3.35008762331843,2.90788350251998,3.03704398896771,2.10512379260902,3.22273640432081,3.49286884723196,2.49112462844637,2.68273390027048,2.75692219262624,3.24626269767661,3.55649438453908,3.69100371136728,3.40739292175423,2.07224733792385,2.25789794702271,2.4626882387195,3.60246294979759,3.85661579856936,3.46013385025513,3.42505660326882,3.29481619031357,3.51124968094511,2.95363884772939,2.22761136479643,3.1063553261431,3.13381488245656,3.87813206275363,2.52577790238965,2.88295217890634,2.89415922159659,2.96082147269925,2.9057253685015,3.02305882677156,3.59491337726062,3.37576302409091,3.49353772802419,3.07854203952364,2.91743785631376,2.52248145391756,2.21996403782997,2.5993301802757,3.80505795946632,3.07305826262262,4.17797147070052,3.39311379422461,3.16116444438116,2.91889500735082,2.98032807062855,2.93782357635076,3.61669492554839,3.22538106077993,3.17962811757751,3.60289042975419,3.51217308302514,3.1964378897175,3.20486597273911,3.91857472059433,3.74315311204972,3.28040113715853,2.81066117110775,2.50259577951797,3.82240160704856,2.17991438857876,2.73148214070622,3.14870253897025,3.28325783018268,3.14024231850058,3.63267736733428,3.17119847516749,1.98125938537922,3.06376954039036,2.73299258747142,3.00010131831633,3.01824407664186,1.85207771636492,3.89460251066409,2.86329460659415,3.09348790371257,2.77079060464242,2.49019467343814,2.9785786626959,2.91717086138604,2.63082310363921,0
4.85258569978897,2.9553069478182,3.99162065012162,3.3980346179738,2.66180030092136,3.76390607982691,2.85066095129453,3.3756633824326,3.27026203595935,2.30240641228256,2.83578240989683,3.203111515393,2.99999885044352,2.29817098842427,3.28671501364536,2.51080252637559,2.65538764322026,2.85562723328056,3.38464330940123,3.08179392808863,2.68844354265732,3.5621550249371,2.78469779324224,3.03676362478818,1.90711940022793,4.22405250699128,2.95127415075894,3.78389758573796,2.86312786633656,2.79925363143632,2.2071530701896,3.70239624256605,3.39976904120416,3.60934712198352,3.05503463284703,2.01428620772562,2.67397595736133,3.04323941654525,2.05673592101345,3.85498211942111,2.43270545689696,2.75791788518108,2.79099694937792,3.82459450102555,2.70607165973102,3.08140399838652,2.64155865128777,3.10004401415309,3.90000992065458,2.63214329678208,2.90223183705129,3.51182503289044,2.60874494273944,2.64243139485796,3.35324507170845,2.89809369893359,3.42825022377316,2.93827672576681,3.05150528151517,3.02306708847577,3.19971762506992,3.46852418638236,3.15908985867218,3.09447650227024,3.5951368566208,2.39252237375582,2.80167653422759,3.54912648225796,2.82763459700603,3.43481782491479,3.45825034597026,2.79502869257774,3.85549443858914,2.72950142135669,3.20989377811135,1.88709419787744,3.29978329477925,3.16064678596003,2.85589765038552,3.37369383132689,2.95890480358813,3.68984213799116,2.87985871032271,2.57495266421325,3.33460052651691,2.45683829153307,3.36584368687008,2.57689333669815,3.88390901360043,2.40500249409154,2.08838291374077,3.46287557256406,3.59350479949554,3.12582919374366,2.8447710322349,3.2388826207095,2.23418540098311,3.4010263588114,3.47053833809026,2.62601254933496,0
4.48281338436099,2.01141560258603,2.40188830714665,3.19132973310621,3.04578534841103,2.47068609495584,2.41973868277192,4.02717183346461,3.13179503332607,3.32281925160507,3.90779842007408,2.57704200338261,2.39576750040143,3.09699685553063,3.00158713054016,2.94745893935473,2.95782589324936,2.73608458301882,2.93196786461446,2.74584249592991,3.09870898681483,2.91428580675688,2.2099276423373,2.71410948637915,3.07397509407332,3.28033666896235,2.18804078802518,2.95786752408842,3.44686758500041,3.15711706144121,2.41251558180376,4.04328081415531,2.52309909233058,2.90560079389421,2.94865654750883,3.31536347978898,2.42492825210205,1.70263438919506,2.33520367910378,2.81524384806164,3.16164219027695,3.25672129914758,2.13915486341243,3.55510416814794,2.91215241037609,3.06998400610869,3.70749768444486,1.86781289423084,3.31044399697265,2.86920663832307,3.17238258976889,2.4847317216978,2.75383971462083,2.78723265297229,3.22587237332587,3.7597849216023,3.49912122537028,2.31661745443162,3.26802793731425,3.09670750410979,2.78749171502634,3.09682688014181,2.94182479653525,2.85384343766584,2.50485273696275,2.75860416881016,3.14327664638384,3.42788984042785,2.94328424327119,2.9870589806179,2.34853581908292,2.1980357631657,3.48655386282458,3.45381323106575,3.14036028744543,3.14284691005746,2.53530408632211,3.47937258279336,2.49821726260574,1.35922201777574,2.85414653919068,2.85841798826557,2.66451069189112,3.17331547439204,2.46553825274076,2.39496809053841,2.79280146239918,3.70136745258875,3.01903653261885,3.28167459637569,3.44210083470578,3.14106000814016,3.52031174082385,2.57459508716007,3.30898894227784,2.89040514927182,3.57449583971357,3.03349949322877,3.00802176503681,2.50083462476896,0
4.77966740393576,4.19500885646185,3.53875849358945,3.03351986081949,2.68723700922577,3.08842246174992,2.52737834870483,3.08918674643246,3.04853648603245,2.62919317700822,3.25481602812114,2.78818463209299,3.27319624303767,3.22212623038884,3.22940850863919,3.82325113031723,2.96506831467271,2.60031863729556,3.64801910615163,3.2831363331776,3.15338933208373,3.15527908257828,2.92578754375515,2.60862843841569,3.69684272537089,2.85791944435537,2.58100116634566,3.36949609936076,3.05177732736493,2.83628201801993,2.8205152098292,3.29946171644219,2.7874795416003,2.85577054684539,3.96160961903781,1.55275504012817,2.01982772295671,3.26813704170173,2.65432248811485,2.94393323866514,2.91588037657298,4.12146841792751,3.59810586101517,2.39232709461979,3.85650877138258,3.86936328273546,3.87533327615126,3.95847800128416,2.35954326139087,2.92966053604819,2.54425822924356,3.17665755430184,3.1837048433839,2.81902407013563,3.19120922414473,3.00625609679122,3.64123528295711,3.47172295288823,3.1032506491855,2.83423736527303,2.74393436405326,3.5221520660966,3.01941568423636,2.94779304484268,3.07927169651244,2.9848651462428,3.54928098197712,3.85919138829783,3.476594351964,2.75409160611835,4.16348307694982,3.48900381909263,3.91314956129624,3.63190973398102,2.61028488639865,2.99877785632551,3.07296943170187,3.43329946922007,2.59706097566565,2.80170870158463,3.0650640889077,2.35486648402569,2.84834661447016,2.42083739877445,2.40275026602655,2.9331377685576,3.60664969687288,2.80751309502342,2.53733839796497,2.98890466625118,3.1207833260052,3.03993139283319,4.02981994837921,3.28810756638662,2.8482120590552,2.39101711036701,2.82220324167024,2.98095819918938,3.82082807691958,2.8666048120523,0
4.82930196999321,3.69529712731938,2.33558835789594,3.50835914094516,3.00505240636033,3.70478987865451,3.21661758730242,3.22542269341995,3.55627112730756,2.7452495576972,2.63169900729685,3.23838673179731,4.14727298701535,2.86954966360346,2.85552143032417,2.60962256738967,3.43101325057048,2.45597778878801,2.95746034670212,3.41490644530987,3.0300669373031,3.28883871746679,2.24362865688005,2.97602557382733,2.37918057035003,2.9573689276654,2.60452506372518,2.95843363015013,2.9516794631997,2.61820350686666,2.28276988810782,3.37593752768471,2.16994228375613,2.89622144629834,3.17520869147493,2.16870038604311,2.5635273586663,3.76511503427987,2.72844111036257,3.05549152578573,2.368000142954,3.56369575351012,3.60973368479601,3.00628152347007,2.70633941739227,2.95692004156954,3.69369425511556,3.17313000898056,3.22799516552269,2.75286081305521,3.93552442120541,2.80808748423627,2.84852099801722,3.76233113365253,2.42138695949281,2.42946167693035,2.69564373892266,2.40496058309262,3.23264874534386,2.65092261753647,2.91184014011438,3.49801038602939,2.91901769585259,3.2901463688397,2.57965097752273,3.65500110894523,2.81488706845479,3.61262563994196,2.50200603527508,2.71270049270855,3.10407885223911,3.84900291930985,3.21547081868389,3.01259964674128,3.14341716819818,2.7475474699057,2.44279724762189,2.67789083803868,2.46810763548167,3.96246489458596,2.73407948450896,3.27266691632077,2.4760545105699,2.92977992009075,4.04837934225614,3.71930456643771,3.41906912996607,3.59589346591148,3.22239019416815,3.20581978396719,3.89952168952113,4.35477207002272,3.25002963956028,2.10591885564286,3.00726971594906,2.79428848629934,2.77413401512173,2.94992979836977,3.86295106172375,2.63026191460542,0
3.7292090309483,2.15533527900939,2.70154571998979,3.59715307878086,4.38416041396961,3.21657613533443,2.4910517592963,2.66934364388292,3.61989231420817,2.77865540322671,2.87051628535151,2.76001483619419,2.80140981985669,3.56247145275965,2.93336233432545,2.6851153606932,3.38457925110683,2.73290267441573,3.69922516867195,2.65705698928279,4.0156637820696,3.63122364730954,2.41416270963868,4.20025363568108,3.73170512188432,3.07590814357258,2.3041072842842,3.1748852834493,2.90851262174337,2.66883772302856,3.06809662723203,2.630429861806,3.51711598392671,2.49121366662298,3.53904776679882,3.12981048611171,3.37700095262237,3.12346340607749,3.27752118550113,2.67533995531789,2.95162835930034,3.28900972656906,2.48065021336908,4.01127950957343,2.7570307879364,4.12440323768202,2.60139146751125,2.69901604854567,2.6094074907538,3.10230855082509,4.48579189435195,2.40855260869934,2.72005144747351,3.32927289940956,3.23152295585999,2.83024112831413,3.02972590745255,3.40082313722259,2.31367783925645,2.4062994654361,3.23916252051382,3.13989875493808,2.69575245191492,3.50958063219625,2.48345363394444,3.15436520997372,3.17917591617432,4.03556404584735,2.42470709070959,2.76521619297746,3.46609943380117,2.96090159011241,2.93613812316677,2.95256441272688,3.21219824123177,3.53372081319824,3.5185968884799,2.904704512835,3.05894042804628,2.63565438609703,2.86608411335118,2.45457811177,2.98488928869757,3.44114407093955,3.12277096479288,2.72628793497649,3.46059545649247,2.4315617089748,3.48672146466662,3.0821550009127,3.15175713210814,2.96707883703371,2.85225817274377,2.98615235662343,1.97348223666898,3.48141177551646,3.39330010752734,2.53563234519694,2.99239360912345,3.19497367435655,0
5.33654469853124,3.20323876760212,3.52896131710031,3.17635716968319,3.61864819836514,2.36080700851575,3.78990077613853,2.66812179462128,3.9376872328475,3.06885972370978,2.78047488449705,2.61146722112872,2.97447506741593,3.02837069619715,3.18056930163837,3.01679251861844,2.83445033306045,3.1476957820467,2.9660824109379,2.59809749547389,3.22019314257989,4.12506854035836,2.85450571807588,3.79819726774399,3.17234776345063,2.66462231379076,2.12854776186631,3.19664304850862,3.28195516408186,2.60465768556661,1.99281826663928,2.96108921656538,3.638924306949,3.17449902678416,3.0145789307062,2.79809606889892,3.65001015903944,3.40784297781574,3.64146429422616,1.95752686236571,2.90732250890205,2.96331392909396,3.46096093487435,2.72587562997775,3.38935840803251,3.31056793848944,4.03214477887867,3.135394310484,2.80472041554246,2.60867555096617,2.94599199796256,2.99696639317382,2.9929507684391,3.30346422963758,3.63158193338076,3.67670537875974,2.88653519662253,2.95898794398286,2.80761634184676,3.58473141102802,3.70601784815141,2.48166728233059,2.87774483697315,2.08195587813341,2.7961680219353,2.94604702382673,2.37911995099245,3.63388687807138,3.13167291786942,3.63954477263035,2.48073646825724,3.36292412744634,2.4799604990733,3.08628470516602,3.82707389154215,3.18969355156351,4.44117625296858,2.99368540434099,3.02832962943921,2.52360901153574,3.45170361874807,2.87645876310411,3.0357236663376,2.74379876534085,2.08758056417365,3.15511356240878,3.19532097877425,3.25980003714428,2.1362691726707,2.48132293609798,2.65384168156046,1.91582303853091,2.741153109805,2.51732924254383,3.15516318413312,2.73518160434954,2.91312403667296,2.61829602973809,2.74435517463736,2.5097142559311,0
4.2964212012153,2.88599777591607,3.74256973425671,3.01228021566014,3.7021068157781,3.48785578322687,2.49539561786566,2.35699748846732,2.61665493225969,3.44649623088663,2.59347967036605,3.43457504710031,2.41115572869204,2.49991340296605,3.65006940742708,3.30931090414782,3.14630803852513,2.01995131969887,2.98657987183829,3.31310739332602,2.62745958611371,3.64741410406558,3.34753416131488,3.31462111949502,3.15918496335358,2.80637943312733,2.48641108488105,4.13500312119186,3.39522021033994,3.13020143283246,3.2083515277947,3.10173196806134,2.25727914592296,2.90788653723622,2.41939454254307,3.42594884420747,2.86065471415319,3.70535342105519,3.52152443656499,2.34217672423356,3.31862140345245,3.20927432470241,2.97411326522969,1.9302091063499,2.78169921324392,2.56375842276925,2.60911481339329,2.87700902684337,3.59534959456619,3.94877874407785,2.33454619141456,2.17517417354523,3.34498670969061,3.08849787450825,2.8202643283381,2.56592791059841,3.07439358932002,2.22692894212395,3.17470339347069,2.59521686477512,3.448971688285,3.34029954082234,3.48531189172483,2.75726897532862,3.50595677149227,2.92578355338578,2.37462038777104,2.64610383124483,2.73708618058134,3.68396996152278,3.82823893548906,3.50191624470769,3.13382063450559,2.85616914780711,2.55094236640142,2.71973085855927,3.2689659845235,2.16612798801629,3.14213241662126,1.9389801204469,2.83420235504856,3.34994862774773,3.64066770239349,2.5826403761099,3.02141875549597,2.75443655169417,3.50872780538782,3.09703168328056,4.38273698470802,3.20329460399152,3.20700953793086,2.68722506824108,3.09647190338282,2.93162237694286,3.00534927776371,2.03782661247545,3.3440039114692,3.48890059350548,3.23073062446591,3.36344952252671,0
5.44090122583966,3.06776879283778,4.52449687517587,2.93044747829902,3.00755614198625,2.95890882579782,3.34864732687669,3.34403115713661,2.89371823864809,2.13708187443953,3.12398110475015,3.11209135635589,2.53118434898455,3.02004541571518,3.94739093939214,3.84972900266876,3.39927519596423,2.58252849748714,3.19672656646239,2.38789331373011,2.68938623716404,2.75975393317433,3.12848730721543,2.8087295824679,3.15878633082904,3.09321332777731,3.68310525591395,2.03066420433192,2.8556676290968,2.72753018456209,2.80307652321683,2.96565419407025,3.17828830091851,2.75447959166206,2.72991091536425,3.31028578520576,2.43669534132814,2.80326352588991,3.01858787534842,2.95725104753327,2.50330735416023,2.87531998373784,2.2896085295295,2.71227293290565,3.11600251579503,1.91546307617387,2.85989266863558,3.22743924663369,2.50968061787789,2.97150600775333,3.91410766538878,2.57808329561073,2.54093060556568,2.48515921599717,3.49986612365541,3.8915999839436,3.05007304024706,2.67633952894804,3.60534205758946,2.42970307414899,2.33335430321856,3.81315391924717,2.31127951020415,3.59645306114333,2.17035246585036,3.12109050905948,2.67325950939548,3.30616742057064,2.15746395960333,3.21105520378894,3.38563827519859,2.74462339794341,2.98359750365884,1.9896442623397,2.92371519852017,3.14978520612111,2.24530919346777,3.363096102947,2.6985707750634,3.19423302824552,2.79329153479464,3.7487528041019,2.69840422991867,3.05159989449286,2.99893690438131,3.15344545957355,3.53332498860745,3.1679248044742,3.01458278473332,2.88413801260344,3.09346067692019,3.80167614768446,2.37196828121837,3.98593758236471,2.38243031844643,3.00382537755007,2.75731319627413,2.71158019697718,2.47796278154693,3.69065085544664,0
4.41040027866708,3.35020168907901,3.42831583793574,3.36748579632466,3.03024623482641,3.04780749859959,3.19278259277025,3.72791830880476,2.9256261952019,3.41570347136385,2.73397901101038,3.11316808552352,3.55358170320849,2.92252158948019,3.59441313051769,2.79307005240592,1.90519140847095,3.51955015641038,3.55757938384476,2.46018965534604,3.07236312857415,3.45278430985161,2.63376416803813,3.61038888346279,2.51091440015341,3.54885726805456,3.3211920226001,3.71433143848736,3.18714209524802,2.30760779622773,2.59053848835695,3.69859537219034,3.07093608428745,3.20922076411439,2.7923551146631,3.33804127118641,3.23616812498607,2.66743871892444,2.94915722995243,3.28318336195351,3.75218998825542,3.10419382881956,3.22637675870498,2.77252967930255,2.46768865698454,3.15343627594179,2.74452284263039,2.6343535226854,2.53163238210713,2.79091434061577,2.33147736828,3.00441557477931,2.89131662903137,3.49612998828988,3.61805932947676,2.81225832729871,3.38108284227135,2.87933258902354,2.97067335478993,3.3832640167927,2.91702725822867,2.89293079538727,2.01574788918029,2.55147133197522,3.20924566915152,2.22135914353249,2.53149339786806,2.57266372327035,2.92269135091536,2.80281094363353,4.56070718675569,4.00039449295899,2.94314610055758,2.30750395031031,1.95477287477087,3.09226055620041,3.61707818017196,3.44999209871452,3.09059945586105,3.74888384057142,3.2453702105287,2.28790447351793,2.85642100925021,3.68611232995082,3.37210995711279,3.0039622016445,3.26424554125104,3.41989083997182,3.19002591710644,3.93608756371758,3.11776431122661,3.00375029522757,3.26068947731119,2.720399865565,4.19144400961802,3.42065673290835,3.86611846869188,3.50943279677448,3.30289111840209,3.61489318548988,0
4.35843923769979,3.66986083863203,3.21977634310255,3.11175971769758,2.58808030758324,2.69887142144988,3.01209443480959,2.93352263065839,3.89375565829487,4.16822312742923,2.72516619911196,3.05203799530598,3.14391178646086,3.34331745199346,3.43258704911202,3.09772932026119,2.29396136456209,2.18901043379609,3.23048464822255,2.95429764134689,3.51052259453637,2.99434077075861,3.52681237336589,3.93680661802108,2.98169405060057,2.95001150940975,3.29825254047857,4.28045066403882,2.65124225611134,2.88015064084313,3.03994167267954,2.34373511213726,2.9622083495084,3.289680296155,3.33186833886827,2.64336770151157,2.8323099988501,3.25843108598088,3.18579999948768,2.94623113976797,3.46485551228636,2.8511530370932,2.67698338550835,2.34935920022928,3.60461040690056,4.19569588158962,2.99002027771465,3.58145436568375,3.01641858594393,3.55580398081832,2.99292659400149,2.86617427996869,3.35851770790617,2.82582336042416,3.4077837458673,2.46757531718505,3.20791998536684,3.73269915474485,2.28919404562462,3.02502233584042,2.41937413426751,3.31496448783373,2.56683753108876,3.80065703260809,2.47057958291077,3.35972417884553,2.02108390426669,2.8667831864426,3.81897119186641,2.28374901711401,3.27394311054089,3.21899283139415,3.84046744768689,2.89890294445097,2.88326119997533,3.14257240281935,3.31773670967776,3.41198729929681,2.96724468943862,3.62547911105335,2.77758910894,2.02600476327586,2.8665227193967,2.37670946527854,2.88625268935638,2.93584368258286,2.89399524134851,3.41690074371094,3.57611437414633,3.23768263974436,3.84755430069398,2.80081580071296,1.80040113999117,3.83382895302654,2.54837228166043,2.78154240310855,2.75225963267716,2.62980647666301,2.93927475581705,3.73859865290031,0
3.90048509230609,3.13853495232163,3.73417267021943,2.73445879131294,2.98194997122671,2.78926115392152,2.75329774493628,2.77935539242401,2.60873863352696,3.25419657163011,2.40725768325981,2.69603559259017,2.43051118401107,2.39039500160769,2.83401376718034,3.18613130247538,3.2469754820729,3.33253932978313,3.25854449928739,3.62265536831795,2.73285347200435,2.2999589174529,3.69699612562099,2.42898667193373,2.89094961462443,3.74733602997954,2.07582387770314,3.07125442905205,2.97956818514038,3.05420338336426,2.42183024807104,3.57876543759128,3.1980406962939,3.31091088469479,2.3880418802982,2.58126313083808,3.19560861311871,4.24772679479928,4.08623235597769,3.61635377633084,3.51770816599461,2.54117226299875,3.43800039877305,3.09612914625462,3.72896755478237,3.01399353961999,2.82842592935881,3.37738426216283,2.65601569929489,2.65342067760324,2.74570693539062,2.68299249412135,2.4370034086256,2.6446211951979,3.18331570917025,2.13726835635627,2.78745665762651,3.44633247868797,2.5117410797197,3.11039898076002,1.4939489916598,3.38556655998104,2.92192028736124,2.45793076067235,3.66874420185665,3.34348213233159,3.60408302891154,3.26049021053041,3.09762899571426,3.77107494699417,3.43626891089749,3.19089652556325,2.18402283654767,3.70330373670636,2.8615312804218,2.29524455700081,2.90797086686618,2.7156276050079,2.6447756435583,2.30386281673954,3.02705519390123,3.23145071914605,2.45016503526928,3.01861642373035,3.23715390943749,2.4957801477495,3.83869847742998,2.40035247436815,2.37341868752707,3.18101187253583,3.81256545944589,2.43207681021989,2.79896634937915,2.41736969220808,3.51836103351892,3.02434118181209,3.2585787169526,3.2425817670238,3.02785455192539,2.93833664933834,0
4.27439786662086,3.79422132626101,3.13818535151328,3.27581796074579,3.03532307823823,2.93494555820043,3.06247590855338,2.90650791354382,2.79160492054973,2.97604398646115,1.83050355210674,3.29235739957731,2.40879777893571,2.84212819166855,3.56207722945907,2.32876762005084,2.85119714777765,3.78292687254758,2.351380949319,3.40681689746831,3.5402388889617,3.45630827945345,2.71310647821175,2.53499081128514,3.69789296545859,3.67061515382564,3.50485226776386,2.86696745876566,3.33463882648768,3.44205178907089,3.24683910530891,2.79236470522658,3.7954534096734,2.67426899063326,3.01080021686013,2.42836837378559,2.73670000109576,2.28235429257708,3.39332398936765,3.75202670015179,3.81100247279471,3.82981387657166,2.91366651077753,3.58319401052675,2.96170241632756,3.76827251566951,2.04898103613215,2.46329897029247,2.62626541352417,2.52025931869102,3.95021396924542,3.91604696094702,3.29794472915737,3.8298249182033,3.17709349758391,2.84915349639123,2.45481286700999,2.5233128441415,3.11988068379792,3.30583774983842,2.37780576432083,2.84591781023641,2.65856214063025,2.74923449600519,2.78614032587897,2.16050476364855,3.16019780931523,3.58210376816919,2.9488865005057,2.34874587556178,2.67672955553729,2.31872701589142,3.5008546219898,2.81694287072528,2.30804783735941,3.20207409251006,2.84551234611164,2.47447446309791,3.8556461455193,3.05140471828008,2.93363363243881,2.82489367065774,2.90246949463808,3.35359451724657,2.93830675917824,2.57251546386725,3.37746392659927,2.40347173367504,3.38161762382162,2.22853779776491,3.54972020876739,3.30763167048517,2.85965358602124,3.11933780453907,2.51523200448967,2.23226488344673,3.03783216131618,2.892399463951,2.34573938875548,2.39898996555899,0
5.28933175076607,3.45439017659397,2.69303492142607,2.33234574887893,2.72518615144601,2.58128407878636,3.4924510295015,3.02340019792288,3.12908128512246,3.67199619331758,3.99601508848593,3.63601059692345,3.41533231330643,2.96360942261613,3.24026323598495,2.60129972938429,2.64927040322847,2.98715550761676,1.84678072303225,3.36129229815922,3.07508956939917,2.96159993718941,2.99103228307718,2.36390917367513,2.94197059316111,2.78450401108551,2.73907370854145,2.92477517147439,3.63351404268374,3.33391395640609,3.18185264052557,3.06360813046536,3.51972887210294,2.76576554316133,3.00579532178517,3.06699519737906,3.59602005660548,3.16024652292001,3.11448750706469,2.9839110570231,3.35886647195343,3.00919849087715,3.27641804340426,2.28373716808664,3.52418004722269,2.65201635439975,2.55159027632898,2.51159349775004,2.68479001384268,4.01354631688158,2.78706274119949,3.6061662163241,3.05071650237626,2.52316762075874,3.67021222288812,3.98432705864141,2.36669333338783,2.59051274546024,3.42628614757182,3.7874492268414,2.93298568670394,2.85184727118879,4.13820915901003,2.75764265715274,2.78907269373128,2.30456919817438,2.45523256085109,2.51525502951387,3.36625470775632,1.75960753378768,2.28431729599038,2.54553875029223,1.85501972144884,3.92567340470398,2.71451555424102,2.6478882683753,3.3669468860879,3.31484087292555,2.93685534250178,2.79432283537383,2.86006441168076,2.99605549571462,3.24355088429437,3.10690387147609,2.45084020998413,2.6474637324453,2.90504464262319,2.04180954504954,2.83758340089621,2.63744806596974,3.11075264919902,1.99436521711809,3.00677224689868,3.40483936664991,2.93204547495753,2.51305497667265,2.45910678012964,3.06915015465168,3.21276425704355,3.28235435126871,0
