"V1","V2","V3","V4","V5","V6","V7","V8","V9","V10","label"
3.13054368342366,3.57594960572034,2.85665336543136,3.26673729953059,2.990364682039,2.97000892843983,3.32087312237639,3.20002308354522,3.22116557639565,3.09934058977298,1
2.98562740585148,3.3644484289079,3.09807913620856,2.92413565505239,3.29968159644815,3.0206708771335,2.69633740237631,3.26100648101655,3.28383207425094,3.38549549003124,1
2.91147097406439,2.90837393473259,3.53636307637909,2.7652652903158,2.73000638941033,3.10408256432272,3.05202815585656,3.36766487314678,3.30091186842896,2.97066108743112,1
2.87382337761204,2.95341893708185,3.1871430043317,3.42275503925423,2.72894498292847,3.14094704305274,3.04622256254024,2.95760438837252,3.20905711888146,2.48613139584032,1
2.66316980318398,2.92297228585007,2.65617943804815,2.67010015319408,2.76442035798317,2.59244554037189,2.8982485648305,2.83319747536753,2.95835150951373,3.02547442261727,1
3.32606822036925,2.73008751142438,3.45078010455187,3.32813333239574,2.89483118562997,3.14365128043944,3.02056608794366,2.87754556649283,3.16490670947025,3.24494923347078,1
3.49364063674371,2.90881781192144,3.25355428912475,3.38703833865377,2.87568496163543,2.80768166504792,2.97894462970436,2.66970968219347,3.05877968408851,3.24647939980606,1
2.69364712011503,3.18650153938276,2.85051710017661,2.93777678257996,2.99796639926265,3.0997814230438,2.43110125596024,2.96449470864971,3.25624022645714,2.93508035054594,1
2.88140082421271,3.60324706335148,3.2016550706938,2.61910329545845,2.90949787163046,3.16517580606568,2.89909861849204,3.30323128705702,3.05919531071021,3.0893502971251,1
2.58458167933049,2.714564383552,3.04673227536546,3.21243850784029,3.04397834775787,2.628874775786,3.22031834609666,2.69329523442566,2.82659744342699,3.31263677710136,1
2.78156756008881,3.1044197039358,2.86074231933143,2.84457401267627,3.15508236966395,2.8241202573125,2.58957149512131,3.51788059590088,3.02566962268893,2.87170306820057,1
3.12584695593895,2.81435525705685,3.5634329925175,2.72066451312818,2.76586293005847,3.02047444367798,3.01334773752376,3.09111311615913,2.99627402409796,2.745808875261,1
3.52265982073269,2.87996339047382,2.6507563280087,2.95269365430301,3.25771467207176,3.29563045252035,3.07289647908827,2.87558131640838,3.05268856265867,2.83483580807096,1
3.35588996522796,2.61510821278227,3.10801727668764,2.76773578698312,3.12561879006998,2.99356250858403,3.06240634670249,3.53379983245031,2.91980098579913,2.90162789888504,1
3.30017544918783,3.05908906319409,2.86832808138322,3.14983829105702,2.92514847675858,3.20842457450336,2.62326101464823,3.37594518484651,3.27314843741339,2.73862397997726,1
3.22296859925926,2.76424828987162,3.24423644833995,2.71872749428323,3.08636030015506,2.75520036286417,3.43321413825858,2.80928851761615,2.79654590047636,3.29956949693837,1
3.44553582085174,2.96862294856705,3.08345748738669,2.66843279105919,3.01045396133725,3.43277754516242,3.05223072663001,3.1198143608423,2.91806478857565,2.85308138047003,1
3.0546720958067,2.88484349817882,2.4489067647041,2.61976112592999,2.98346719758083,3.11782262206053,2.68098801631132,3.15230959837029,2.68689270268184,3.03499428122745,1
2.68490337786697,3.41905633374139,2.92468352108759,2.84283331290745,2.95663418130204,2.87702837400575,3.32336289554985,3.37792822679219,2.97141796809429,3.10504655794833,1
2.88669179354792,2.55675091581899,2.85209807270213,3.01741033180154,2.90120724764232,2.64517972636634,3.05434363429758,3.46898596078787,2.79736671807243,3.18111506069844,1
2.9336562583146,3.1217802781514,3.20365585087209,2.80379993667322,2.87124607885377,3.16622227831927,2.93475817524695,2.8455078472738,2.83564650707233,3.66400285491101,1
3.20665930830832,3.09701354752949,2.9382907333672,3.1922274254106,2.99122273239813,3.54308299512153,2.73761283448794,3.40109184764727,3.21437614243454,2.96383131269647,1
2.77614233036216,3.48189948104692,3.09652573209911,2.76621644110679,2.79256917072225,2.78399354106685,3.14844495529533,3.2527690497612,2.86194473647109,3.13225540911652,1
3.08151272616018,2.82105997674607,2.77010870153056,2.86631491233436,3.05803366018667,3.3007689452633,3.12281913726688,3.22149990106434,3.04890598224517,2.69952270739229,1
3.06668783773534,3.38977089117816,3.03349275141682,3.50202591656072,2.81665761791978,3.05556827779778,2.8177936549805,3.15973164727319,3.41873035922628,2.94688106093859,1
2.36421590813285,2.83901332996098,3.12006789808065,2.80625925492958,3.05150661494118,2.99875910481945,2.68732411967281,3.16491790041945,3.03713691744038,3.24877594143733,1
3.01688802033174,3.17725988365787,3.1710415383103,3.16402859668281,3.18167092540605,2.61848590759223,2.81455058809654,3.51177903741339,2.97788385368301,3.27498258895294,1
2.63008197421534,2.81462973998827,3.18866321369359,2.82736815581506,2.64192921020538,3.30306107254697,2.71971378976189,2.65444684050121,2.92067263413795,2.81881772487816,1
2.72278773493019,3.19742927319687,2.73785364814567,2.83399888788626,3.41443068789413,2.98329894792264,2.76520706347618,3.15335231979903,3.14353073452561,2.94699929838408,1
3.07979795993735,2.69397187471016,2.82157455390118,2.61821276011934,2.93515509350793,2.69021175254494,3.01942630337896,2.93149947195482,3.02252688277347,3.09575443436824,1
3.01045689394021,3.06042297203815,2.73488908408741,3.42981799634623,3.19893388352055,2.76661193883947,2.63006755987628,3.18346896950796,2.6976776284371,2.7656824637343,1
2.8036269536944,2.96436000270012,2.67178064789125,2.82581446753317,3.29045418441525,2.74775784271547,3.20299323823089,3.15532388106814,3.11008771778863,2.67723091307875,1
2.40985625691253,2.94377244869054,3.17644235568236,2.7859185545297,2.84550066771229,3.1754260433324,3.07663040905132,3.08408324089251,2.79087279619815,2.59472381865777,1
2.89094483841449,3.0600981582924,3.05332485041751,3.51885260322059,3.14556797546032,2.84509100664279,3.09854364290275,2.98978539457561,3.14782407756392,2.50835619473069,1
3.30764693465112,3.20160410896357,2.87884447613287,2.68923392836316,3.24721905749883,2.58349390290816,2.94600578759055,3.14953594926076,2.76230106948953,2.76454760282625,1
3.01069633979137,2.63032938027945,3.02113278524994,2.67648812445301,3.14911089018806,2.74931702520391,2.77505815711061,2.58274155883158,2.8296353632744,2.83048703245177,1
2.93237246814775,3.4311893478437,2.908102596833,3.11218486592123,3.18663887520706,3.03647879979894,3.07766491429736,2.89612520359176,3.15022076930755,3.50476503982342,1
2.98239135904983,3.034573985282,3.16431191992295,2.5339336685325,3.36310660694797,3.02977426864857,2.95394550925952,2.53110423585375,2.90550015664518,3.0116909984525,1
2.94031200459652,2.86080809409018,3.08417312772857,3.33434417376714,2.81007613998415,2.77402510988065,3.0309528746914,2.53903468693162,3.09291578783048,2.78539286378207,1
3.0398247852263,2.73278187677765,3.13937978641692,2.74519521384087,2.8685258238894,3.37667239390382,2.98548720171967,2.38153424840736,2.96757816623283,2.97750919902065,1
3.38972951076976,2.9699191524021,3.05058364762448,2.89680500196442,3.14433860933714,2.57784862837739,2.85759204589968,2.94579838424343,2.57371959293343,2.74530451869049,1
3.0135200396327,3.23486594923017,2.72929283162182,3.03481900987756,3.29745991089255,2.92526226380709,2.57582907919011,2.74018911752848,2.68192270351913,2.95940008699669,1
3.0918101868165,2.46110757929267,2.94610203447263,2.943971022264,2.80316479479269,2.85414883791333,2.6171416067442,2.85801305131625,2.98549631454459,3.30348017066226,1
2.81364452996122,2.64606192261688,2.67969254734351,3.2836731250068,3.00654548295837,2.82543940475192,2.97100243253622,3.30867150119379,3.21555471786722,3.07889394258945,1
3.06683729233304,3.00302883429777,2.89152065280321,2.84447805166509,2.57689737322471,3.06614369431141,2.79449926307514,2.52518494435341,2.68776577339525,3.22659968643874,1
2.74696534956996,3.21817057922714,2.68121524842765,2.96090550728234,3.56511271409017,3.27599098077904,2.8690112765795,2.95169957337597,2.88632465438721,3.05491316047316,1
3.02915950417819,3.10820024922172,2.59470252752666,3.26886591016123,2.88267412610614,2.79046606483077,3.22131584112166,3.35281156500636,3.2978786570606,3.01277117657667,1
3.16450990794755,2.57393047259418,3.33121010455509,2.9315124840174,2.94485612066635,2.93698849480527,3.30846526525917,3.07892390992487,2.81172070259997,3.09970846156055,1
3.11344187650212,2.88023250385321,2.89055211957606,3.19415400988703,2.83564923053687,3.05396084999581,2.79361132797627,2.409922769577,2.55494497858739,2.8856333057655,1
2.95492051712045,2.87347569201476,3.15578020671514,2.78402723976346,3.3932349817584,2.60586737924643,3.24559226975325,2.76869332211779,3.01748172403616,3.19670830521209,1
3.17928264456491,2.8803180679919,3.11833479876178,2.93049101228541,2.59333658988472,3.1568954559757,3.15500160420065,2.67540361672124,2.77454222111368,2.82746757437004,1
3.16727464674374,3.11140381982081,3.17830973118663,2.89879774688602,2.55199978961931,3.28134790666207,3.53217029302835,3.09255172036971,2.80669436646897,3.03681747971923,1
3.07449532581897,3.1758080797269,3.10446625652706,3.12661251183623,3.37568764327093,2.91157152829062,3.16624426589477,3.59491718803859,2.92384581115496,2.95772605883287,1
2.64900252680804,2.66314387225131,2.50941312991954,2.74960695670833,3.18095452431684,3.19121338037743,3.09206265215012,2.83081339222339,2.91488957295285,3.03869547018581,1
2.96207564729447,2.96139023583761,2.89340826364439,2.89308947336303,3.0690749847964,3.21936665175379,3.36387115569111,2.90455038290482,3.00076422053463,3.68909797837681,1
2.99575291214827,2.51758302366431,3.20459273747257,3.47232213552251,2.88135047365773,2.87489736216887,2.73042267227287,2.9861347304488,2.7564534002462,3.21125634227386,1
3.49894815290642,3.08840206514803,3.22864595308029,3.06403855249562,3.25534882904966,3.04627484243829,2.70345856768587,3.15918823700533,2.73617901196812,3.22857073353621,1
2.9649853312256,2.72967324282537,3.00537296327216,3.01123436460845,2.60699220584931,2.51880244070972,2.75011516918297,3.13493718561507,3.22709238022968,2.65214674388696,1
3.22073634621359,2.8835669424784,2.66818626498397,2.94608926574909,3.28068234014552,3.16989295074984,2.64395138061915,2.63995898344904,3.27177675613329,2.91092102393246,1
2.61245330077814,2.93942438058342,3.41285079564797,3.33828803223566,3.12485935074045,3.03772625698057,2.99312751878889,3.01114316388783,3.06031117951009,2.97527292050853,1
3.22803967987541,2.99271910941834,2.92390706613612,3.1040265975745,3.05260090284027,3.35388219041517,2.78096438354438,3.51242417033954,3.11964480322498,2.74453397310988,1
2.6363112822805,3.35883906552365,2.76581747048265,3.18889314507381,3.02876934303769,2.83834867454042,3.24480460127053,2.78636796962661,2.9715993170817,3.11175963796641,1
2.75852447931992,2.97563607009716,2.90037660670173,3.37777399287222,2.62946972488585,2.94251491489148,2.97698699071022,2.53257894726631,3.24781526237589,3.09993751669307,1
2.68872714560682,3.26602937918327,2.68857800684147,3.26177396791944,3.32229460892572,2.93952809734078,3.23212211212266,3.18979381216948,2.75889797398952,2.75949408072581,1
3.44127440477081,2.83714150217767,2.71862748496201,2.92128355350879,3.15440662390139,2.66545258816213,3.07853861680502,3.31535716442651,3.06434242463433,3.15547444712031,1
3.136640692797,3.09002070654221,2.95916556653276,3.23251642666501,2.79214221374234,2.98856971016618,2.90668290392924,2.91059930547685,2.54383785479801,2.50819932859442,1
3.28180685829547,2.73695605889447,3.09445022605767,3.14505567773774,3.18648984877914,3.11886632176003,2.79097950031359,2.9394621956982,2.56839434781976,2.53916486125788,1
2.80449087502815,2.77772127577254,3.04962486268565,3.01745091217827,2.89041780523986,3.37338473898012,3.37401477085665,3.08279917605956,2.84438528977694,3.48648948182008,1
2.78188248062876,2.84496073912966,2.97551542338618,2.72936551832276,3.26965091614566,3.30997246466058,2.81552464825333,2.91912355953458,3.23087173996135,3.54434489320398,1
3.01669666424422,2.82729621340173,2.8489353104963,2.51746860998435,2.92303080467621,3.26094128881185,3.19464578709847,2.86067191661896,2.7638274619672,2.91699411609847,1
2.82122992845509,3.37766162386892,3.19763934119042,2.93812073515907,3.14851467240123,2.963597617186,2.82223739677181,2.54651755946901,2.90829042396554,2.72850419255077,1
2.84120521097748,2.70700448297941,3.15151486638131,3.1923618854207,2.60209597889368,2.78474243591809,3.22511182338599,2.94807231707608,2.95915622317048,3.36639429515938,1
3.30898950873219,3.09796672993462,3.19644759123083,2.91750305732067,2.98887830379522,2.76564628228987,3.36417266387562,3.33913714530628,2.93893029583906,2.89780004628575,1
2.48108393343041,3.23275794297058,2.75960573444132,3.04279292882355,2.66065683808504,3.0008581610794,2.65018944530439,3.09715945854232,3.07401538147063,3.23015790296895,1
3.26407539110288,2.78214551125408,3.56150490223153,2.9628829065771,2.81773756661367,2.93675729509125,2.637383674029,3.09778580647098,2.93638926684338,2.70010859836046,1
2.80768876605477,3.23599244686876,2.74491630341128,2.98872577285295,3.1398153903566,3.34463601185667,2.95446181357755,3.13043952336265,3.44543219882351,3.04774574232612,1
2.70289097573912,3.05345996619677,2.62282387828693,3.26046837991071,2.85462692726071,2.50007848077526,2.98855770011445,2.85485698931251,2.67162061079385,2.9014082762174,1
3.06828525860118,3.43789353237513,2.96786304523719,3.23371086023488,2.8192923029335,2.87666634259235,2.40209844754532,2.90658970610232,3.00403563960953,3.12281066430466,1
2.78733759873031,3.09522647405884,2.98710434103838,3.41248748808922,3.00890881459727,3.39573793259875,3.16433805027463,2.80542235828177,3.08694444416441,3.35782882757183,1
2.96036758069309,3.01546354274059,3.06852034295766,2.88462745557099,3.08418192050041,2.75353506976937,2.52661143820295,3.45148684497758,2.9280388709516,3.06078995501195,1
3.43666033126056,3.02745561181535,3.19109666827921,3.00649159072491,3.13211224848943,3.12514242359336,2.81767108632021,2.91082893689425,3.13841199332056,2.87544697994838,1
2.37504179682219,2.97667518353113,3.31990385337811,2.8563280895589,2.9927311764913,2.80888907647691,3.17671044854736,2.96123253053277,2.83387317903806,2.99232950028051,1
2.9089391283906,2.72742956383141,3.03528889064032,2.91479844055393,3.12576997115852,3.08636025442052,2.76769097319452,2.81131493531807,3.21471231989669,3.04121387201271,1
3.11818126883065,3.32299332490394,3.31875247539154,2.76919070497789,3.14768185168682,3.06851107439182,2.48275108785105,3.23989600468236,3.18813175262592,3.07756238598776,1
3.23616574092727,3.11842626384445,3.47677405925223,2.80915662024333,2.7373576553635,3.10837012560295,2.74831537075978,2.90977198721752,3.19698646246374,3.09944485617036,1
2.66666184385483,2.9880994122667,2.86623085752383,2.89766915363642,2.75652639689494,2.74877045065036,3.11097695202127,2.63017084137922,3.24016905661835,2.73744394148133,1
3.11202742278739,3.54010724261036,2.90156236554881,3.01720577353036,3.14243693244884,3.11386296243492,2.95203109897692,3.12261595143382,3.11149221559079,2.65098877916799,1
2.67964971411706,2.95483206352518,3.20535243618317,2.84408460432982,2.60790835388813,2.9898854064834,3.11974306733535,2.90175762831917,2.80597127975724,3.24518236917807,1
2.83082773983437,3.3961405439807,2.71711739818684,3.35157438331856,3.1937021431065,2.8720075102324,3.08698296977204,3.23490048239073,3.29814237646646,2.98414015889217,1
3.09270152149322,2.55165829072651,2.93635023598594,2.62840611697222,2.70151644211028,3.28506999764126,3.08333341863088,2.99887770653364,2.95218246125829,3.40469246637092,1
3.16001561611012,2.83652219715,2.67185947349999,3.00657052762087,2.61111141021891,2.60033007419345,3.07611275124999,2.66471730408825,2.93977830584781,3.21328201411964,1
2.6234643924878,3.35082287227458,2.93681103794319,3.21326743890731,2.92258289419464,3.15305983859667,3.24147357790573,2.69964619541767,3.06942017937526,2.81793516728384,1
3.26393613865537,2.6970093036583,2.85538831209279,2.93574283537842,2.65011270989076,2.75754045535947,3.22312586491564,2.61883041232089,2.66806725589753,2.88628627940295,1
3.07305533263428,3.06039049546206,3.47743426283303,2.84379043201979,2.67246606169806,2.81794902480664,2.87349153261468,3.09944145874081,3.25166535982741,2.95230529018854,1
2.76143033843742,2.94880290822612,2.63867067604502,3.18134945988942,2.75909064871698,3.03615480495139,2.82862449610795,3.5865466745114,3.2039051988774,2.97058301281449,1
3.42784572830089,2.93167446116037,3.08174310339215,2.53905205454477,3.35117429181854,2.71943721905482,2.961899253971,2.90504035131044,3.00501479461729,2.95429110917125,1
3.09531352286925,2.9175212089023,2.97989842591599,2.68177612554201,3.03857795732297,2.37117372294301,3.00007279520795,3.27972068212406,2.84117949656518,2.7391584690361,1
2.81188394620098,2.79217801895048,3.25984825212143,3.23729014243362,3.18315136777757,2.94066471193313,3.19043624448232,2.64710375678711,3.49885781587907,2.78516460897549,1
2.61678581961682,3.09817626469485,2.58747855567459,2.89236887330639,3.11600734922348,2.95288294580366,3.10009729339846,2.9152030676926,3.01507988220189,3.30944590564333,1
3.00272132818855,2.94339917527481,3.21356534684146,2.72296197632266,2.96175392282281,3.42410352326703,3.35489091237981,3.34726357100956,3.07255208379337,3.22695868285249,1
2.6365913819669,2.79581264357887,3.02797179990321,3.04712097081782,3.20995173389521,3.24431910531269,2.71582958035985,2.59378568627044,2.86792070140658,3.32819028492388,1
3.02984374859647,2.99058696045831,3.28855788874489,3.1071422512464,2.89723627366652,2.99414568449198,3.14939808354991,3.26543518040558,3.05712797605304,3.67049942274663,1
2.72165783163777,3.31104829987702,3.002542749456,3.56009466111614,2.82559998617672,3.11377056429543,3.08530943994565,3.1484825923536,2.95389875949467,2.95764969768782,1
2.99852006429179,2.84187882610686,3.16170509595887,2.6418304185971,3.09466038422772,2.97264939827428,2.63393645022997,2.98647963843477,2.89899844711352,2.90773372941697,1
2.97430599733919,2.95679640051515,3.1939031859475,2.35586714756945,3.04127908902806,3.09678406494527,2.85312187867313,2.75688495076774,2.94022822298976,3.0509564599905,1
3.40614288229464,3.05771128641402,3.021624237504,3.0274712390854,3.54758054728236,2.69231090113127,3.13935436061698,2.98883021428987,3.05652351719472,2.70993524418682,1
2.93300399366526,2.71416631260567,3.0324984584373,2.97041010257952,3.02208804766094,3.21269019892951,3.17913543670706,3.35364631401306,2.68016094351404,2.77861976372668,1
2.85966468369012,3.43128666837204,2.94725523999704,2.85562731169147,2.85681261570941,2.71488911628292,3.21372520047,2.92968217313347,3.24277075892818,3.13161201163617,1
2.95629048652959,2.67528091626449,2.93683567236152,3.08377297674217,3.49489849843624,2.95335217690274,3.19871582960672,3.47753685815745,3.2136953083008,2.95238627001695,1
2.95995438132872,3.12626161159193,3.07108337643777,2.96035706495251,3.22187830502929,3.02721252465176,2.88087625689851,2.52990015699925,2.44065774129719,2.95540159633154,1
3.53779308534098,3.19231130186676,3.03405997974896,2.68244107351497,2.70309925546413,2.80521641133926,2.89172287659843,2.73339580752817,3.02770692281862,3.21212827574858,1
2.61021087797532,2.8873984425719,2.86158155466008,3.14779646437472,2.96925362834732,2.80302411650133,3.30109475228996,3.41952585050466,3.16702679448899,3.01726340979026,1
2.99008196791865,2.7730663759286,3.17786600173126,3.11150809084632,2.60057106079608,2.70623172338048,3.27437318602596,3.18103311970958,2.68350669991301,3.38282808152029,1
2.72973268361336,2.87628444556744,3.15219076913423,3.26052523738399,2.65840741526284,3.1602177055476,2.78360545684939,2.82127755381142,2.97847308323185,2.90019731183691,1
2.85626885880191,2.58472229558382,2.97384320616225,2.55952575933341,2.77256895484875,2.86467198469134,2.98264580156319,3.07132891578868,3.1624531833919,2.77688895567796,1
3.15297532449313,3.25509930322189,3.12616173059445,2.68906006422222,2.61008129301422,2.99014723039555,3.18254215577804,3.18613868118515,3.28664951330737,3.22130536178157,1
2.9545501480025,3.13629575906336,2.77332863324316,2.73864075418877,2.72034399056598,3.25478267381448,3.16642610670138,3.03915580418161,3.04198383986412,2.85778375642452,1
2.96564338319035,3.06916270279783,3.23304082548475,3.09159332342133,3.33430190847625,2.98850180264903,3.19513834494645,2.8762546889975,3.12377955124892,2.64367913751836,1
2.91223777723034,2.69415373964975,3.12932706482156,3.20585220776041,3.11910384451793,3.11773233224497,3.63610695085404,2.70605793744986,3.11177117210535,2.98263896249772,1
2.59042174908064,3.0808635536655,2.72973242953801,2.77006767000762,3.13088507680914,3.06650817794002,2.79138834717661,2.97561719263737,2.99843912780851,3.50758953412355,1
3.55002973202651,2.70737183491844,2.88885986147455,2.97477089054584,3.09147020422465,2.62356384145225,3.29662508281894,2.85201548760183,2.8459032428531,2.93322245801959,1
2.99926586788286,3.49354034623415,2.80601691722981,2.75236278877291,2.73688207513777,2.9451189823466,2.66806208980159,2.87958786028476,2.72520344018405,3.12648938962595,1
2.82136196310159,3.08878686077449,2.63359950215515,2.78267949845331,2.86567872823653,3.21909465337954,3.05079754328055,2.74165851625156,3.41982728717146,2.57412561336945,1
3.02004972402408,3.61376652364564,2.93568705594566,3.30809594535405,2.65685176587352,2.98238585586576,3.0213792116354,3.02397986002824,2.82614591035073,3.02015348113749,1
3.0633898124056,3.1186515500788,2.92727284529211,2.86865176272711,2.78530778223008,2.78616836134418,2.55462101819693,3.44851009311499,3.15689813298827,2.88010871196887,1
2.90155012107815,3.11797071451422,3.2005208729822,3.02701259553805,3.43148554068191,2.6512508649773,2.84262641072364,2.59984778201078,2.73221810505416,2.73173232166406,1
2.85184090596764,3.24203010683191,2.98780430260277,2.94702041692439,3.45829749907622,3.24151549567551,2.81766793530562,3.00504752462154,3.29730787767292,3.32823828356564,1
3.39191948662801,3.24005803399788,3.430554455845,2.93300300960488,2.54485286055494,2.87544153362789,2.99380973170963,3.08465056331901,2.78658183360106,3.09159379360307,1
2.80869498457251,2.88324503599068,3.07952908330982,2.57718068246092,3.11498631470918,2.41875357110382,3.24642681369302,3.06464704373299,2.87190056697567,2.91108386851688,1
2.78068762653819,3.22743672570108,2.54511867531398,3.18581481258644,2.68224218659496,3.08686914520846,2.80998390499369,3.09415940328074,2.75978356753222,3.03060107673825,1
3.38041774294781,3.19992704322525,2.84579758554554,3.02026843120655,2.81287208295538,2.98784132844468,3.04526956680968,3.42924701924041,3.25112973325455,2.95657796885588,1
2.68316303400192,3.2038941502509,3.17935439717695,2.94387161480358,3.22934471716048,2.80679748099097,3.11130519696993,3.36891186695665,3.22690655911605,3.08693452894178,1
2.9276824608351,3.25088575512351,3.05665352218698,3.08947130158954,2.65705368547542,2.88757762753056,3.4402306698542,3.2426078475229,2.52805138767391,3.01725932197486,1
2.66894969518674,2.95348337472813,2.50095710785271,3.32661140000231,3.23803749131293,3.05475204383658,3.07337713148992,2.8577886948793,2.7569100109728,3.30525365918585,1
3.21945753760071,2.44483636568476,3.02001241775721,2.77508403930163,3.20963640328748,2.77542932072369,3.14904335177094,3.0796222511125,3.39168099970969,2.82086186255242,1
3.37598293759837,3.16889614504824,3.22819544776022,3.11103069664931,3.20831220392214,3.40888300245306,3.12210174377091,2.75865990766529,3.33910084654393,2.79427895286273,1
2.60086307957474,3.27544428961614,2.93162851201424,3.14099734704693,2.6235600875798,3.15591032458315,3.12724908632236,2.61871893478863,3.34589886337834,2.93480152293082,1
3.33068881429626,2.89431898308164,2.39745178342022,3.20611936238067,3.19905594850902,3.19581964948004,2.80262330898273,3.18062862598354,3.16510160961184,3.08827280082214,1
3.1680928369191,3.25682563496872,3.04864422436683,2.87767699951645,2.86508792829394,2.60858477384037,3.26345752704393,3.03501964074355,3.02518497651963,3.19453199003052,1
2.73154635269211,3.39704854381323,2.65713504533289,2.96258721035463,3.04327836679082,2.96631426433615,2.90342053097427,2.55092653308638,2.9889701786377,2.86694282102488,1
3.14005537321795,2.89484945023138,2.85512603559868,2.73696179974328,3.1486593673906,2.98992956654004,2.94790410041667,2.68556595231891,2.83938837426168,2.89642303724126,1
3.24718598685264,3.22333970048312,3.04789329496793,2.95787906625745,2.77152308951257,2.60081028228298,2.8737096909709,3.14273977906416,3.13371157716128,3.05616651760021,1
2.95088980840505,3.01708753994464,2.8746026267221,3.29383402332784,3.20492932007825,2.79842553178457,2.4798493501854,2.65984679555896,2.74136757461812,3.16128639868537,1
3.485867470038,3.06728382822448,2.88571573443699,2.6734707260239,3.26265429345162,3.10334868339383,3.18872399597769,3.00300732911158,3.29708876065064,2.82050749462803,1
2.90230454383471,3.18230862229038,3.22704922310749,2.57866544188013,3.02273107499396,3.11549247669629,3.49142896672227,3.19411103823318,3.24153420328028,2.88583614211786,1
3.3855198458303,3.01502117294556,3.26291350178567,3.35048429431767,2.94350666432609,2.92026373132788,2.8179860683843,2.75520257095496,3.45310944001853,3.00338073927595,1
3.06018330709499,2.83047694676958,2.67068897955314,2.83583535976645,3.16202329877961,2.97159322331602,2.68685536740976,3.05599469579295,2.68869416123288,3.27107799527861,1
3.48611916482366,2.76407412163514,2.74265100471943,2.78883924952221,3.33558338295475,3.1113529763194,2.94719716436577,2.6878475311955,3.05462287452675,2.92060649352547,1
2.80828060553022,3.14843791397469,3.34583669390239,3.18844658439912,3.32494822771458,3.00796896739237,3.14815680620798,3.19606692911208,3.34559017639923,3.42454101626339,1
2.70065454484268,3.03906565361798,3.03643163295735,2.69334464540324,3.25989718608314,3.34030465518668,3.05410273003039,2.68176269168613,3.11292246654663,3.06394561894922,1
3.28154627621344,2.49057015218053,3.05746055585275,2.77204514431268,3.27501526104701,2.92823906973022,3.26623205792215,2.68090973290377,2.89509595231741,2.97865724336932,1
3.29107067891376,2.90997383124947,2.84628354643932,2.84643124167205,2.70503680202872,2.74316980843281,2.73709746650526,2.78540399682549,2.89266243702415,2.78485641184403,1
3.34689556005416,3.13490623136149,3.20084008851762,3.04368007483093,2.88830685383039,3.32313929384552,3.06737904934057,2.78602915680828,3.13937553040787,3.48194523147536,1
2.81403201751884,3.02324549390922,3.06178023206388,2.71452585677812,2.95169288689188,3.10518687358503,3.04600781784583,3.31816647373862,2.63233329201603,3.36196838472635,1
2.62723121991071,2.91014532913325,2.98981466553813,3.10476240705722,2.99521089264991,2.98367934965172,3.38662689774046,3.16960992457224,3.18010345685738,3.01857995864027,1
2.85076837576523,2.90719398740336,2.68727989574243,3.43079276231791,3.05041036616578,2.82776726350158,2.99835436422508,2.97468848658389,3.36249185751332,2.73663341118488,1
3.28737727168607,3.11479529409509,3.01847598829863,3.24297576448429,3.46256590736502,2.93757051414841,2.95657174974768,2.70805576602911,3.08924847740169,2.74152491188278,1
3.05392000582126,2.96255186174855,3.02342138694304,3.14126654795763,3.07912498018588,3.03526054706114,2.88609024807312,3.33663267003572,3.19906515538805,3.36637724325763,1
3.44940098823541,3.05705113123664,2.96745647310418,3.32210745908899,2.7825949805173,3.40205090242891,2.87877246707489,3.10166465516989,3.00266728974461,3.05786853297246,1
3.07159174901436,2.69354407096409,3.08800424062188,2.92723069063989,2.77672421323175,3.46380866754504,3.28282964660519,2.72144958274712,2.71322870775425,2.71260138318486,1
2.86103907611433,3.2031336781219,2.66469142388276,2.86259913223187,2.64919532169084,2.81308823924686,3.29537529354833,2.60701263893888,2.94915081119352,3.23186495564544,1
2.58791738360777,2.98780189978983,2.93481708488832,3.13164597516622,2.78571427953583,2.82650811664914,3.30544934996525,2.66809094962454,3.07077739746043,2.91590750188907,1
3.49947200298234,2.75174796869715,2.93207053967346,3.07439456078996,2.83214870565212,3.30341951499902,2.84356484242299,3.09885032170964,3.09464586844754,2.73855114122838,1
2.87909873962614,2.80481114060165,3.04298347072578,2.77264712744016,3.63953248451644,3.0134530834729,3.01212185552846,2.77122507721328,3.17957696596028,3.26181431518216,1
2.96192022480828,2.84048929364876,2.89365857713404,2.86099123462267,3.58796465580297,3.12565887129585,3.30857463384086,3.06767183539127,3.14558026325655,2.81169854998214,1
2.78174485660201,3.29718642865791,2.84054247320508,2.65947953359659,3.0351801584309,2.99349451045188,3.35043027182645,2.68932217957336,3.09716196654348,2.79277220173205,1
2.9139847178223,3.22706709035724,2.80412165023038,3.04307920535349,2.85371456917466,3.31213594177143,3.0192521200646,3.0671812480047,2.96184824075487,3.05646750186623,1
2.91231251484325,2.77405935096633,2.89356661395184,3.38264422349892,3.12454444773501,3.10535956711368,2.95781275512294,3.07059846451445,3.18918555413565,3.62918028908469,1
3.02228520974744,2.52902836881048,2.81148407929932,2.84997017991325,3.23252485614138,2.76134326004135,2.45672093995495,3.0815185982682,2.9049136794243,2.90781845753418,1
3.1998791873331,3.36335304962613,3.3861529872071,2.9020210676025,3.42706644406345,3.38897596034559,2.95900376684314,3.06781392304477,3.18500421696302,3.00730509287977,1
3.47585270700351,3.21813343072158,3.06056612560178,2.88035498720638,2.80079390114577,2.98454982244647,3.3353813169074,2.70478157227117,2.71491768918669,3.15640571797281,1
2.73890777859036,2.90419391367687,3.28833528990707,3.11123097045925,3.58015378715433,3.04268506045669,2.7623576021868,3.14392478869236,2.74764624661508,2.78327598534196,1
3.40349187351273,3.12176230275355,3.0507312548091,2.98039775637644,2.85829262951106,3.18718279038526,3.30054931799301,3.3236557009793,3.23079519077682,2.55020341652499,1
2.73321697029704,2.95844462196873,2.97668564804164,2.61354735361946,2.86906315744434,2.84576287795001,2.80286086707606,3.11869605602371,2.41321932665873,2.79301457682641,1
3.02397348286205,2.97426884521284,2.90271179824185,2.59745672971272,3.52334127581898,3.2593584497328,3.04972016037617,2.57051943619036,2.87625567394356,3.00523924369547,1
3.40523303539042,3.1299548804973,2.95109746938111,3.1469659947324,3.28563244558776,3.49907082848747,2.87403023064455,3.19033085104887,2.97394008533415,2.94517365459382,1
2.73230053741512,2.81830246587734,3.02863673488077,3.15812585414951,3.34050251384951,2.8104360742362,2.97577809371504,2.53792864562962,2.67716382815601,2.9047773068444,1
2.55915655724323,3.07349407811256,3.31715523491435,2.84082257437929,3.21754726542917,2.84851968366768,3.18872227404762,3.01621667772929,3.29250215423794,3.04715566466228,1
2.97267545733656,3.09759026089118,3.01223078307175,3.18416071165436,2.52921868503823,2.81473359907844,3.25425480667733,3.26931685590287,3.44440720450528,2.93053215851411,1
2.72206736290434,2.980094283805,3.30455644355608,2.59605731930164,2.86830605772586,3.02886838171789,2.70301724051716,2.6777082827174,3.14896002815345,2.80828330038143,1
3.15818455404811,3.15874916220362,3.19067741575507,3.19667535179476,2.87062553870069,2.47768596442201,3.40018977474114,3.04315234403763,2.94685164655081,3.3620554532118,1
2.89162849044906,3.29638913344257,3.25171794320702,3.0514178942658,2.32892088335709,2.99425614600853,2.90483457018519,2.94380668496606,2.72682936864839,2.94794322065196,1
3.23532616638823,2.88859253990084,2.97860071947508,2.59644061650243,3.17405858032374,2.83304958375694,2.81154198700612,2.82138860105666,3.58763786825015,3.11963217864543,1
3.22857070239501,2.81317262317822,2.99344238932644,2.96734179871962,2.87583823185082,2.6065038297671,2.81063475282566,2.90150098494279,3.42925850778738,3.38780980045709,1
3.12870417343906,2.635060486285,3.13505190972895,2.8738375914398,3.01628387990454,3.47359479626572,3.19905179848665,3.10338149753657,2.96209042569983,2.69126495327048,1
2.49252283380201,3.23727762648729,2.99886459182559,3.15370007486874,2.99372462209442,3.28058315332727,3.11292038198527,2.96045530030778,2.90650467159132,2.71734036333411,1
3.38158828548136,2.98674736473268,2.89452726449629,2.58408383861636,2.89919743041139,2.78223980622214,2.92339671700911,2.61320423762056,3.24174778569407,3.18009980191057,1
2.83740238009499,3.27044073630358,2.94284158867689,2.94071454736544,3.10770065381356,3.08377790303002,3.4767374379827,3.03834537553372,2.53248625815299,3.35109148127907,1
3.28420056463798,2.9319202798087,3.02097076158183,2.5378795664218,3.16332469785955,3.37192315152209,2.98084858969389,3.07890553117223,3.13885901773781,3.27781462059405,1
3.0632147625366,3.08821189397165,2.56091651335884,3.18019951726497,2.76241853012608,3.35571986876583,2.77556638157204,3.21857530334453,3.34845581704856,3.12604521166234,1
3.15118542899988,2.67285322210851,3.11867064191526,3.46380088418358,2.75065295809678,3.33992801824263,2.95071103136745,2.82384806683564,2.75930633777249,2.820783458371,1
2.72865897424742,3.21225236423814,2.94306333224087,2.90363157208801,3.26558747422761,3.35492932299362,2.85959471065583,2.91435880236348,3.17012391006962,2.55822975387161,1
3.35894293485001,2.93064762341351,3.1971468479141,3.28737709434332,2.73658627707918,2.98101443219868,2.81163951536077,2.83304257582557,3.33578842567502,3.43508820747099,1
2.91995281428815,3.06050709571289,3.15511333875552,3.02520277837046,2.77936208011247,3.16846430146534,3.06941155816891,3.33291576365775,3.09533549196208,3.58773538165298,1
2.89362498344873,3.13400974577614,2.80443415320302,3.22968167805884,2.81193627988075,2.91255281147821,2.79424472158036,3.62093908648676,3.03791723986172,3.07147077014494,1
3.07248257167872,2.74468970854137,2.79170553532238,3.11170141146325,3.02722518819417,3.11617225525077,2.85606097466537,3.23095522550411,3.24497078229827,3.28513020935588,1
2.76946009171069,2.78396105620923,3.2233593021308,3.35254682362516,3.0253647246522,3.32085182637367,3.32662466567026,2.67228150706032,2.78339145632125,3.24732440254926,1
3.06008787008681,2.88498862831327,3.17409227903227,3.02379368785345,2.439152999507,2.57784685524212,2.7364035707646,2.9217904843007,3.25154143232025,3.15007428962084,1
2.98252326624817,3.10485741583665,3.19567623975745,2.87386483902073,3.08386929086464,2.70091057608845,3.49155987801219,3.47965910265994,2.77022620160817,2.87679287296319,1
2.85716643029287,3.02873910481074,2.85733319449617,2.92499968488183,3.09826007580756,3.19766908883126,2.42012364399226,2.74892344013368,3.26333031594896,3.24410913055799,1
2.7777238750346,3.17930711134733,2.75525230776037,3.08908818880982,3.1554149599602,2.92291597683408,3.18653165514152,2.94059460088902,2.88446495411663,2.35557262000954,1
3.06227781858794,3.21898834733557,2.91509987573942,2.90177588784184,3.24005380263962,3.53462618960652,2.74134284542943,2.83392702096763,3.19319584363492,2.84882782406535,1
3.0991582336964,2.98599104839399,2.95440479099408,2.78976087734756,3.2970309421587,2.62841086135315,3.09795060614963,3.54011072720146,2.77901227574887,3.1104679564161,1
2.79304089828746,3.12323403400705,2.64166542128435,3.12411755230919,3.55376871328152,2.91205582220303,2.6819774722426,2.9368644518002,2.86624437208615,2.90935302837594,1
3.15330089322185,2.83472712545276,2.82551213764567,3.24243006489981,3.15029608811087,3.14508525547736,3.36825290656004,2.65087475783669,2.80646252714691,3.34520661773868,1
2.76133510092523,2.82161265206414,3.02262532920717,3.23525777513484,3.0327026398579,2.55240591811843,3.43008651058666,2.94870641288149,3.040683665345,3.21460997685872,1
2.92098053776974,3.31811909362406,3.60399027775327,2.97223172177515,2.79781536091332,2.98204172227014,2.85459059726785,2.80647647533114,3.12886396345731,3.34867230349732,1
2.68968497588498,2.99335093701395,2.73874267111292,2.42776041982249,3.12170993877028,3.18526470652926,3.07127730563844,3.09870036062911,2.89851879554253,3.23840701616889,1
2.49115901810674,3.03003240914937,2.8109365275345,2.54490035401733,2.85485851775268,3.2074442204486,2.92711278748732,2.81624433518941,3.28347974452037,3.12956040314137,1
3.19835165379245,3.14063536459312,3.31129649617477,2.66804884433067,2.92128518142687,3.10082605729466,2.85019062347656,3.42255376928958,2.8101030316775,3.17523855352871,1
3.10930743874123,3.14347909368703,3.21378609191576,2.50374092775416,3.04405261779971,3.26268365186712,2.57026096358691,3.30802871004453,2.97657814151032,3.07962742452182,1
3.20898317646997,3.00461629514603,3.11426478748563,3.14027052950832,2.78877774026876,3.44819411668698,2.74110799569578,2.60600739902144,3.33519976050129,2.78465077502641,1
3.38821501206812,2.95490681858969,2.9180962693022,2.67026279528352,3.20409542439111,3.16841073882856,3.03040418482175,2.99059944868383,3.41539861927534,2.5483720939806,1
3.14633993952823,3.18399757197714,3.28137887012351,3.36178868229842,3.37150652702862,2.91991371412988,3.02453186035133,3.19001965051813,3.06793015062071,3.24631311105488,1
3.22903029971572,3.13242941627769,3.21378497063444,2.87136427523369,3.28535171885991,3.61000501166869,3.06466463421713,2.94967684538795,2.86359855142956,2.73598392157827,1
2.84062793066315,2.93355388090155,2.41451592109908,2.94686868562961,3.16758786795695,3.20260459461838,2.95868258092796,2.90042249090757,2.51584386396789,2.94892091437966,1
2.88092488722955,2.69498644097424,3.15273286706903,3.38725357334542,2.99850230215663,3.26880981241123,3.00989428366772,3.47732444231765,3.31855584312885,3.06103198510921,1
3.31897881757392,2.72305479445488,3.34430806607842,3.17366946908726,2.5964500195097,3.14373783180522,2.87411377420137,3.36991830171087,2.9684873610655,3.1230133253276,1
3.07142354063329,2.77967174385313,2.29594435441332,2.8837441262167,2.89914606060827,2.87273683272683,3.25328122228963,3.04818653901958,3.19165399662421,3.03373076109671,1
3.14908309766125,3.34846603454404,3.43575491401441,2.73785775890654,3.05567461126371,2.68929125627803,3.11806957313334,2.63611428348624,3.08963365675352,2.90068226315208,1
2.92403121742864,2.48854477613626,2.79849202055168,2.82380047175245,2.89756160314408,2.91212114112737,3.22519382361724,3.34825341811034,3.39924922474324,2.98363339761998,1
3.06647390055296,2.51183719154139,2.92220884770288,2.87558316192878,3.09254354579774,3.12102335496893,2.94260063983523,3.25017722547478,2.7031094689136,3.47897175046607,1
2.57354115614017,3.05180901051245,3.16947288508083,2.69248205451482,3.27563269687976,2.78981366722031,3.12998865187471,2.88845142127139,3.48195685606065,2.89424208578253,1
2.90825506079058,3.28026330881246,3.10219628086767,3.07931020629015,3.00913264146477,3.24398089470315,2.63122683466096,2.92899188525981,2.95809632948482,3.29108688505882,1
2.98785796879668,2.84217215239689,2.80376160291747,2.85050079037015,3.57798293319976,3.1107321663631,3.14346290108764,2.89153506189694,2.6994141082851,2.75388955621808,1
3.07683205622377,3.09069210011535,2.87619705575382,3.19576806853492,3.25960865349715,3.04758766498456,2.92220327054246,2.42227865108022,3.0905467821396,3.20818516301137,1
3.01819185571705,3.46243505308489,2.92432832552456,3.14771592698685,2.87358159917938,3.1040855094178,2.46644053171631,2.91942753226058,3.16830812312796,2.90988506071044,1
3.1203547511178,3.30658317523154,3.30086037795318,3.25369799674863,3.14177043238376,3.330404173248,2.91896517047719,3.44834663794724,2.93914098102107,2.90377811502522,1
3.03404526152316,3.37621184163852,2.87459754084734,2.94199506656553,2.80482108085526,2.71477601587449,3.37505052583056,3.08605750514961,3.02167022611201,3.48058684619139,1
2.91428789878795,3.00133409946317,3.13875442329481,3.05428052296511,2.88833712142638,3.07824143298346,3.23120061354562,2.45506864161039,3.09811332611689,2.76769552230316,1
2.65656919855857,2.8369900674689,3.00652073686136,3.48953899950821,3.14973620452234,3.0187884273016,3.36316391128442,3.14269408293456,2.75062625954328,3.10003283350991,1
3.19047710236788,3.11239368388022,2.77764492651198,2.92516788335634,3.07076192742276,3.00255588126787,3.4384239629983,3.21560052000437,3.12470210125451,3.16975044902619,1
3.43480181216015,3.14786039647675,2.86602116495057,3.47283994010274,2.80541537459318,2.77669493806876,2.96347165814454,3.0285222173582,2.85793482647809,3.0779543366475,1
2.99456314306339,3.23644704493019,2.91013736805221,2.69879214771399,3.16066379631789,2.88470316033599,2.92045629590899,3.56556084491279,3.290212268049,2.91109118850101,1
2.85945192311928,3.18912847507401,2.8491640783751,2.70258868411337,2.77143992506062,2.99762451645923,3.03571017145094,2.80934036624356,2.8986503988337,2.94328024610695,1
2.86079037951817,2.92676266447131,2.97001946155169,2.66924580389219,3.19894934047303,3.14559139828206,3.03725536294564,2.45960597406475,3.17052127804364,2.73501953795174,1
3.27345126991597,3.10034468833392,2.94063807643096,3.16244917642011,3.2135610623766,2.92256463805032,2.90254766649191,2.79853410032427,2.9905878342355,3.20992814610523,1
2.89231475001526,2.84594905421512,3.13588585860717,2.69200299730677,3.22861094058794,3.07510325113353,3.26739356336925,3.25906128682166,3.00871464654722,2.59430173349585,1
3.03574783274266,3.17577060690199,2.9989281699451,3.41161612292289,2.87141987634359,2.72806887331661,2.87739960180416,3.26038448427327,3.14929092215343,2.9142975998132,1
2.91444386622336,2.74212669815398,3.52729305634688,2.897459977407,2.59881810745385,3.21417649431954,2.7681398743652,3.06123199997459,2.97370110459637,3.0104382485018,1
2.87772220005544,2.6833692786913,2.89467898409966,2.55544744072195,2.84991469514365,2.92247754721812,3.09340489685763,3.06071394952872,3.03738421069695,3.19457497422992,1
2.91477402783884,2.60357294025344,2.85368742333139,3.08091988112178,3.01087616630592,3.39994535920231,2.80885859284111,3.14868671275042,2.87030696795202,2.87289495971949,1
2.6953245969613,3.37053070800851,3.00557528888828,3.26361611074431,2.98474491570483,2.75476701284667,2.90970987394187,2.88310324025921,2.63203467884941,3.03839576912309,1
2.92598799868015,3.12635300430893,3.05684926486163,2.83762703620872,2.94807031744901,2.65089701922814,2.99567079326504,3.46479991663469,2.75272786089309,3.2869875123594,1
3.00998707014514,2.84235508002065,3.06966325077855,3.31592348222956,3.42930555159253,2.77752526775618,2.64770290294095,3.0414324240428,3.25216828653414,2.66434268564033,1
3.13388940502,2.83324732119437,2.90720203264755,2.98925430120903,2.84802574693043,2.78771243320578,3.00477981655034,3.25760244471024,2.43868465127779,2.55523822847607,1
3.25854313354504,3.04137394591524,2.91104643504961,3.33976642403502,2.8679055721185,2.7146567665788,2.60133990280143,3.15290224299672,3.09648798442252,3.05220582342302,1
3.18568695997062,2.89770036209507,3.24268418125417,2.94176747392128,2.61317864040579,2.67423289626173,2.52436792172583,3.12533099619546,2.91372803834188,3.04417917764923,1
2.85343217664455,2.46695423705708,3.18699548370584,3.03882771471165,2.734831972151,2.92026113246088,2.87825973567667,2.77579874333179,2.63371744620853,2.93839636376813,1
2.80098194425434,2.77375295466874,3.21318263524996,3.4385945051907,2.99485236180028,3.42594115076281,3.02324222717858,2.93966471425822,2.93339255707519,2.98744289909538,1
3.31922278896638,2.64264851891295,2.75182961198433,2.95793850827581,2.77460282864985,2.78856698078608,3.27541010928654,3.05929309941027,3.22004768875913,3.35665340243934,1
3.21522416037094,2.85535486574851,2.48295533597699,2.90658548496716,2.94275079412429,3.08830658824752,2.9174077966934,3.01822276448998,3.27253231800185,3.50823450868569,1
2.74195727035566,3.14782010463314,2.53555486190176,3.21121962192823,2.85403921828883,2.8056451591016,2.93465007665011,3.24762561343188,3.25884693170266,3.39926220904956,1
2.99153739859616,2.9998047198101,3.13663003355242,3.10738240013782,3.36290757570595,2.73307662558773,3.18018124538946,3.00102180692399,2.67427052238784,2.63867168333857,1
2.9827952523003,3.21880376301771,2.92483891506428,2.46288624731852,3.0898689254148,3.34510611246169,3.12795364774352,3.07809268858784,3.36892927388801,2.85920132431927,1
3.01391080034693,3.26441202161707,2.58857080963686,3.21078786635769,3.19496125451243,2.55805183424542,2.98914080139625,3.39988835745404,2.93303534943848,2.87848340219103,1
2.68212801565824,3.2360846959549,3.12637163197697,2.95567712390061,2.94185750247312,3.18766479943791,2.92332724215857,3.39493173138025,2.97449714252395,3.40512165334831,1
2.93695279297204,2.40876452140577,2.89760713892587,3.22138961635305,3.09232781782121,2.95841625299013,3.27286952839006,2.96865971740388,2.8569224871012,2.84647578298753,1
2.75743584568906,2.92887415809901,2.83646991186319,2.87380698734423,2.94435000136568,3.0369489331149,2.6029806303338,3.13602564620192,2.88213743333938,3.09435742275683,1
2.89619302427233,2.89446103313049,3.05086550551253,3.40607240306757,3.27082508101812,2.52973563641252,3.23225663989222,2.97301232426729,3.17487426376523,2.8106840493625,1
3.02597079119866,2.99848494248527,3.11182813648139,2.78260232828464,2.97005841651759,3.24906344053925,2.6509880957818,2.83991894720092,2.84042743179163,3.55622382403553,1
3.01224608134747,3.306960813458,3.37272692225974,2.7834264438675,2.86704525209096,2.6904548283587,2.76993113565354,2.81390901149436,3.0487604547734,2.7577951998028,1
3.41175825746746,3.05908707830308,3.34647408391623,3.109091157858,3.00059327536427,3.24022718155947,2.85902107008606,2.97280063994392,3.0248609770923,2.46130464119731,1
2.89438049503898,2.78349462130948,3.27539297201722,3.16851272937961,2.71470887953702,2.7962465927377,3.34048714918207,2.75480172952876,3.3656411074545,3.17564440138118,1
2.92041883568032,2.6848871358208,2.88566156568659,3.06639463425453,3.44615168863847,3.05281050670303,3.14716829370052,2.63971394506195,2.92598768490381,2.79149241783364,1
2.83792291938212,3.10410849001041,2.8099094813088,2.92841613743092,2.74181927912882,3.20941313833001,2.41140785969067,2.73808287368808,3.17057109290309,3.12472874316642,1
3.32141448466462,2.75258906467044,3.16283372577733,3.00093981981863,2.38521680703816,3.23769382225738,2.99067475133324,3.16562001785239,3.03682841052955,2.80089186508516,1
2.77387775439345,2.87215851678863,3.05230525619876,3.13878246037369,3.08135882193126,3.3501688954887,3.36566008103594,3.38900487462939,2.80613676299228,3.18929678621614,1
2.97079632616666,3.17789061405644,3.41400171276609,2.84165934518794,3.27613325436174,3.06454377357666,2.98488348804977,2.82652068681343,3.58449560957491,2.99197280817258,1
3.183087068633,2.8699250853641,2.92754191484091,2.88562408207036,3.11503362004706,3.08422424874963,3.13665709738676,2.72084423464731,2.98848733654449,2.50550091511441,1
2.73130295720212,2.65091622380941,3.08005300313975,3.11111418554859,2.98407687782906,2.91621821022566,2.57498699238431,3.37755581859308,2.99710602596421,3.32512390197789,1
2.99941172336909,2.67459614185737,2.85918851047666,2.6785479613326,3.05727634802474,3.45457380958339,2.75374997790834,3.11088465664079,3.35420403427341,3.14742444271037,1
3.09108838956929,3.06419844035278,3.55018756007553,2.9137733568416,3.19585167953526,3.10722646198745,2.92285069165209,3.05269160955187,2.77022161887675,3.20013256888797,1
2.91887778894801,2.96189889139209,3.08671249331707,3.18495062901969,2.48206997738309,3.15282063034406,2.81261290850555,2.83323150893212,3.3146552674756,3.2699672790072,1
3.29321236138316,2.6452505198191,2.81145228468102,3.07762938286295,3.0669470385068,3.27724288327705,2.8959361361777,3.17404216289336,3.33892760710676,2.5785670516769,1
3.15526775415074,3.06083959045266,2.96260207520217,3.07258751026667,3.13574007552835,2.97716575085544,2.77575529933104,3.18812074766579,3.09290378816361,2.29870971015394,1
2.94174440972271,3.30822362900055,3.0622890314661,2.9568492682342,2.92745660152313,3.42716680384668,2.83955359652277,2.70588571826517,3.10927324923494,2.93388606632745,1
3.37077235193444,2.99974651754235,3.26495997514645,2.9449988770674,2.96292899282059,3.35416157665307,2.95990520287056,2.64993031295764,3.09470247613334,2.74555208238929,1
3.05599171623491,2.98551214671293,3.11533470213685,2.33276577392644,3.00583087315918,2.92280641772209,3.16469545880639,2.97664892864093,3.06219415110258,3.0459122195307,1
3.31652920480095,3.24527960855818,2.79390614754249,2.60453253551076,2.93803182577866,3.26560199062783,2.84211865494304,3.21246412160137,3.08027010206079,3.13671295996872,1
3.12872242175349,3.36835298390798,2.85661225765587,3.02353688863986,3.09977572061654,3.24903067546092,2.57671928955452,3.14511199128799,3.02484552833998,2.97949254994285,1
2.87343790781819,2.78205956027624,2.98541018932674,3.47574549583956,3.11224177663534,3.24486904147187,2.90285773269781,3.07419425904493,2.84165743385529,3.17320500112645,1
3.56858365581596,2.86093964851714,3.2045582078227,2.80132642887223,3.1111274622257,3.22014780321814,2.58101429466062,2.78235521958175,2.91865044832203,3.00555848668783,1
3.05496350937563,2.78894068504977,3.19746963446467,2.91119963780787,2.68010903674829,3.01326339300918,2.63157835788441,3.23917942676851,3.19943084217971,3.09481350243817,1
3.04182912832795,2.50916405189872,2.89418642158893,3.32499325908195,2.82240249051817,2.73324052058759,3.31842232731432,2.83848684930536,2.95719924926913,3.26032052271628,1
2.91037735379227,2.81163170097615,3.03796811898765,3.02347644356747,2.8232551313447,3.25515302058185,3.1618557745885,2.69931323887555,3.47439876758064,3.45925683533632,1
2.81628628624985,2.91808443343611,3.2779613699715,3.44017686714847,3.21830791584802,3.50905845778523,2.99993763340648,3.19399122495264,3.08033521764824,3.21095318745348,1
2.71937074004314,2.90559366838715,3.00405492444041,3.2162249003041,2.85595708755714,3.14576490921303,2.92005623335257,2.9596924290739,3.26495708270381,3.67788685371013,1
3.3289151466751,3.1697310475172,2.94038967640728,3.05312099227411,3.3796914918931,2.89662812577948,2.70681988079928,3.2030477286983,3.16863693708099,2.70861172837557,1
3.28766984929971,2.95876051450813,2.59920998732176,3.19580528418725,2.81161444645474,2.92831999763465,2.9834597156488,2.63197365452194,3.39098443306787,2.86732685001406,1
3.11361156049556,3.32512673581554,3.09143572149961,2.80465989321737,2.70675973835151,3.4772880256683,2.69342754030082,2.86170500975426,3.16557209403477,3.15065832256916,1
3.11333857119078,2.98350100886609,2.93138176317043,2.66516804824474,2.93795800355373,3.24515432278883,3.35732241404201,2.52178845134533,2.93366807328645,3.32541071182205,1
2.7442721822555,3.00480304701764,2.79636690998983,3.27263363960477,3.55655254513728,3.15860943078146,2.94622262113426,2.7275859370353,2.75935288468363,3.1320829087134,1
3.14573798956252,3.22480777349847,2.99217050918988,3.28710011682198,2.64467237509966,3.19800898270307,2.65449079550958,3.26119637393683,3.04489879042586,2.9417421133501,1
3.11911738795872,2.76528401559634,3.35544287319094,2.75381249839731,3.10102529259079,3.01462192899501,3.1462214651817,3.03290283932452,3.35265815935213,3.1355635527091,1
2.93846783821991,2.40080777356327,3.2960860839299,2.76520602316154,3.29203386474645,2.96497449804571,3.1619305677725,2.92773078037282,3.22230984012627,2.82785622936661,1
3.43460108448336,3.30186907273519,2.90936604988022,2.78847566198432,3.13285270612825,3.12030098068652,3.01672180030556,3.07515724998192,3.1964596614614,2.75014156822506,1
3.17376162420264,2.98833437973082,2.7134669517343,2.73197908334361,3.48343143767991,2.55004174948266,2.89231065897071,3.11287954184744,2.99170643374657,3.02423116954362,1
2.74706789383052,3.29183672992537,3.06685046116527,2.90173135739037,2.9139760976753,3.1502524978498,3.1996010630509,2.67197692622425,3.48904058055414,3.11826646679319,1
2.78367066209082,3.21914472238457,3.19324449658184,3.14333929916017,2.96238322846828,2.83821238912313,3.00427409371985,3.28518121210419,2.94657610295246,3.23744857893425,1
2.55993290314048,2.8323558381888,2.78823948366757,3.27741050261575,2.8890438890565,2.97445083464302,3.22641996634721,2.95087673744338,3.08119064231622,3.09731055289543,1
2.7705688961773,2.39854611805554,3.14779133750837,2.98998133090466,2.84781880179167,3.21960397572201,3.23767406284372,3.20276874915662,2.90784275706303,3.04130360939561,1
2.86635791242196,3.00756821090698,3.08679709861212,3.56436128214367,3.19301229904328,2.95537185214979,3.12658573344952,3.0504619914579,2.59378459977052,3.05310219961663,1
2.76230553777754,3.13178781153508,2.74036338328826,2.89522859400608,2.72220243312558,3.25677715656485,3.4576640367863,3.1805871940712,2.93599157414733,3.20101082336667,1
3.13445890771887,3.22326343546344,2.91134317864101,2.9550484438748,2.60114462940844,2.69010696311637,2.83485410111857,2.90806954463516,2.52897502689047,3.35062201776008,1
3.37521063466533,3.10174374943199,2.49668752880661,3.0088143706767,3.09419355964434,2.76391434059671,2.96249628850831,3.22435143407139,3.25086429028296,3.2629931859965,1
3.24323780948243,2.71425937316169,3.19660377932201,3.11043117072396,3.12407846462834,3.17771376677057,2.66646628540984,2.52079509293902,3.20613055532259,2.77035931843448,1
3.08035840263776,3.1376456822199,2.84981614108733,2.9561230319171,3.02781697842961,3.11940791309994,3.38913837540375,2.6889080275835,3.18699642706162,3.2305572447874,1
3.13024811222099,3.24402857540094,2.83219660992544,2.98443686848063,3.02954405473315,3.30544447596096,2.65286495730412,3.16376509371622,2.83179074931732,3.04580865576246,1
3.21640148947872,2.96396343148639,3.29574406516779,3.56543186197766,2.95139263220356,3.26891343641607,2.98937508983014,2.69434250754796,2.87433257545804,2.88901772715393,1
3.28209560003565,3.10745328758792,2.59722509436874,3.03017338757338,2.79131913929843,3.5075891274189,2.90549598420931,2.98782659225266,3.11534957909431,3.12374530300952,1
3.1565352092014,3.26769993163273,3.215428031961,2.61621665393831,2.94371212217697,2.8622308996342,3.36825663338239,2.77250811398103,3.17188075225306,3.19068601958191,1
2.98521018162979,2.77465758921977,3.41087137903877,2.96843928623255,3.30351090170422,3.11268207359092,3.06797767465117,2.95963455700392,3.44759334492426,3.10969860512537,1
3.19878845076128,3.18083574837364,2.83676877584299,2.53410659967845,2.7149837053521,2.82574376594337,3.08426827870626,2.77591311982448,2.73902797420614,3.11984480747396,1
3.64911400802115,3.05172411295357,3.28172791910533,2.91100380265367,2.77452198394405,2.84571342455771,2.92519735762756,2.81874938040587,3.13888962013876,3.151579690263,1
3.12583026946544,3.1355098896877,3.24338181872662,3.33668040866954,3.06637915005481,2.67804020181035,2.78044101712359,2.82359294322736,3.32942214222992,3.40625731165732,1
3.28870704401802,2.83186866425325,3.30060788642949,2.83939293302773,2.50510056334511,2.86055283782222,3.27082253611107,3.1325791722528,3.08190238632536,2.69388893451243,1
2.86617125228869,2.73112084490503,3.23311799900377,3.144213981161,2.78881884455666,2.76836054302566,3.08062761383953,2.57471560197041,2.91452559651313,3.46752273129506,1
2.83465246291397,3.15927615444833,2.72632532531969,3.06026181952674,2.94266765652301,3.31944666981607,2.92440844412056,3.00167759519007,3.33378375081672,2.53897687797613,1
3.35170971015861,3.47643421447581,3.24731011032562,2.87426453215891,2.88181866142453,3.05941298669015,2.94751055581643,3.28647652386406,2.9969704398522,3.13630613878341,1
3.36509516044265,3.05551001153809,3.1221844388987,2.75747085381654,2.74118587309955,3.20312264404707,3.02222174690683,2.93177943229768,3.42777689905258,3.21004196382254,1
3.01019585615938,3.25712025827903,2.90181068248895,3.07291511670251,2.83413875932634,2.98594397733221,3.04411666012651,3.35174259650152,2.48687453802175,3.26910128325071,1
2.74052343211655,2.9442991577451,3.00794273235678,3.23070334903069,2.853989330834,3.13408982988699,2.72168701650843,3.27512980360464,3.2488857954378,2.72931578555911,1
3.41551044386744,2.69358765512118,3.05518596550822,2.88246423196284,2.47460632657926,3.05877329819123,3.08523991152666,3.22067492989398,3.00968037148667,2.77046419169657,1
2.86987068929144,2.73952163148551,3.28537058620192,3.03391849005713,2.74836910158286,3.06906022402613,2.75191139992081,2.93633770631348,2.62312717668614,2.63121337480115,1
3.14372010000192,3.19676669575557,2.95761553004098,2.66575286235657,3.26762997105339,2.93565162205957,2.60870420486739,2.98497264879191,2.58532862979957,2.66603168351941,1
3.42018102620205,2.87585554077559,2.79128847095859,2.97282812899749,2.519720335703,2.82468931227477,3.24443291015852,2.74294044365506,3.17523816620273,3.01990824257184,1
2.73772130462023,3.14999464387165,2.75193246975341,3.38044016978843,2.93643899724238,2.93099039261223,3.18312199320009,3.18498398558782,2.46648444431879,2.99486387944951,1
3.01825419271162,3.09466023910113,2.79529863906557,3.03779122801151,2.73240871147089,2.66910492424227,3.2027355754606,2.6312024139863,2.50357706870467,2.76685126709564,1
3.08144722925212,2.55198949720727,3.01016160072048,2.68700914487303,3.0711603986272,2.67308231762848,3.05307072944063,3.20347859645364,3.22454383789187,2.70099806761987,1
3.04314534216158,2.94393494809355,3.00645714114407,3.06295724100681,3.06811740579955,2.92613703550951,3.31868966680887,3.06214912653559,2.83946884390558,3.25106514171298,1
2.77635680552727,2.6936691824333,3.10386949260147,2.7211636224319,2.71451589792851,2.81092188497979,3.04675390970362,3.03963522707552,2.96791655259749,2.78000426948254,1
2.93204862271117,2.91734952044494,2.54451542276456,2.98938238162942,3.18323895488023,2.81322357483645,2.9415326935407,2.82104789566497,3.51092164205033,3.22785638670615,1
3.43239650480066,3.03849764544556,3.12435519551827,3.12966346453711,3.14774242533526,3.09287406859748,2.96774220892882,2.56125060012514,2.61318846385836,3.09488115998755,1
3.55811814004841,3.32230180329742,3.11343784718603,3.20099120184705,3.29768722366008,2.88781911500353,2.77688423678602,3.075091089627,3.00360142681596,2.77386014239191,1
3.16801489451931,3.1318579400934,3.29311585375038,3.24176978306767,3.16907887350466,2.70458354108379,3.00563605426494,3.16980713880445,2.82044319326509,2.45755297136223,1
3.12845830271751,2.7213658845453,2.56455290099756,2.91325930153272,2.77774554933352,3.38648283931276,3.07514881528001,3.2004388894181,2.82062394342764,2.64457954278425,1
2.75572933113769,2.86848534400807,2.83899794655356,3.2615957233733,3.10015670987611,2.91049476967938,2.95274813482631,2.75207932640182,3.25051398705865,2.89253735246335,1
3.03834360226744,3.54258595063457,2.86978225086394,3.28690206800645,3.01135561544437,3.15083588825738,2.98807619782865,2.81292971779565,3.05453780904111,3.14701403316343,1
3.20945571171512,3.23102589258256,2.9911565930485,3.1009820227782,2.68597973556547,3.34280131897691,2.78838127583435,3.30384174870303,2.9463252097699,2.99112774319755,1
2.75279348318334,3.01528088966832,3.44155648484077,2.94363589379984,2.74016405424085,2.84639152105896,2.70487404712466,2.87060217608159,2.63571407354262,2.74036841070726,1
2.66330343158877,2.9094179613476,3.07715222824258,3.19946720332462,3.05592172105976,3.10699003474826,2.96230980658846,2.66343159770579,3.45050606065135,2.86248941727666,1
2.91278755684672,3.11472978965665,2.75966514835681,2.67782372671768,2.96161412353575,3.18011332925314,3.13857565768162,3.36539463272322,2.84034484510496,3.34895075398363,1
3.16792929949589,2.89976871150431,2.64830048784732,3.04004899004417,3.07936941065888,3.43654223459512,3.29009471250712,3.09581382943884,2.93589148202684,3.2459564711675,1
3.12852333674646,2.99854926600244,2.63995587898651,2.71625421001953,3.14501498562927,2.76591039954502,3.52250971833735,3.00923995794538,2.89993213165969,2.87224879463844,1
2.89762146069194,3.07635028898094,2.74111513210403,2.57259614807479,2.96843904826226,2.83364537601845,3.29911533684479,2.81999588268725,2.61022205549342,2.78797445323789,1
2.90745238103504,3.33480122677699,3.08888142989623,3.15529553759178,2.7798796539977,3.23003542254002,3.05455071729966,2.73361270676888,3.31426389025064,3.02638341009629,1
3.1367704644525,2.9077112574827,2.74878245048094,3.08886250816864,3.37300695139226,3.46940930968322,2.90028861209783,2.98447192887227,2.93070426673595,2.75249964996192,1
3.05842017713038,3.10304712849599,3.16188104263132,2.95095119990058,2.62669798596486,3.29709485683319,2.91055919407444,3.07944480451053,2.57657707469593,3.04564110055374,1
3.22870271195946,3.17834298777474,3.06645268137122,3.21768820376818,2.81190946868089,3.07441475850952,3.25019149242599,2.77458416727697,2.6135711865751,3.1918489354363,1
3.44827912937507,2.96900785206611,3.17061581694445,2.85135245737156,3.09223064494577,2.74386193860557,3.10551931338469,2.78995100023447,3.55449511487179,2.90416419835908,1
3.17440399161751,2.96235530625049,3.07314959003321,2.96997658076911,3.22006857051807,3.36996996263386,3.23906186394523,3.17506173830662,2.73583337869744,3.01235132823133,1
2.78201064018855,2.61523787079496,3.20529834275381,3.02153167098054,2.61344644172263,2.91061416943065,3.08556845184076,3.00223387338573,2.73531489965869,2.6325631243935,1
3.22280331598355,3.2727914189399,2.54473544315382,2.88536728039379,2.67594370432245,3.2433037949759,3.22149574346016,2.84630815143882,3.26098404632767,3.06697477419563,1
2.95867300963038,3.20276528936753,3.03221326149547,2.50700208680683,2.94149882844118,2.93152694891727,2.83910444100982,2.85027227996663,2.49897615490445,2.84644019703082,1
3.03166844536053,3.22739421393798,3.06728072924154,3.4185122389166,2.76755611519939,2.97210152447801,3.55436705874893,3.03616189710396,2.86087289455966,3.10016800478929,1
3.22609502814778,2.79448879684383,3.14530111559847,3.16099568084952,3.18292634894325,2.70059253012918,3.00087276034094,3.38195817788484,2.88473758847866,2.61366827693677,1
3.32778914032635,3.09248394992595,2.77093964527628,3.16574410835062,3.18428849315926,3.2845649187924,2.93052188813097,2.66602532665454,3.34843864990667,3.04032587938944,1
3.24771784165816,3.03969247471339,3.13976002180593,3.31129208360112,2.4921230026797,3.38337181929564,3.00132411907878,3.14301189275978,2.72465456873522,3.09906939918084,1
2.51214367498443,2.51589358670989,3.2028887505114,3.13518507186779,3.01567373096132,3.20497062748011,2.83752620071441,3.12096849725333,2.93456730352071,3.2010108153851,1
3.44487982506822,2.63509698591072,3.37334323035336,2.95483679900751,2.79764258945505,3.04108954828557,3.19850537628024,2.83761913282739,3.28116428405926,3.22716509929776,1
3.11870225270791,3.04689563191893,3.21810193915811,2.86134588175639,3.19107136361255,3.31197604197141,2.7114192231684,3.19316893606504,2.90983338081823,3.04580423263224,1
3.02269133041673,3.12247890712245,3.44213524452051,3.1987396853279,2.91943481689076,3.01874000072625,3.11424421385853,3.13878168446178,3.06169810302268,3.08011323298384,1
3.30357884056656,3.37291273223707,3.06334519225069,2.46497283153266,2.65465919554364,3.12134130808638,2.96049481783492,2.84347363827425,3.12050555548347,3.12834979714045,1
3.15250759212427,3.08404758957011,3.34547430747676,3.13340065329648,3.38677911595503,3.28452912713141,3.0624998360879,2.76173531506494,3.45058408574522,3.01646888971754,1
2.66690087093188,2.71476975715624,2.71614245379559,3.33077970278827,2.64518548976518,3.14496048717048,2.89352247393748,3.23369872871801,3.23374223961888,3.07338036612427,1
2.8642921542987,3.15186659731381,3.37215387883167,2.74522007523921,2.89585139162116,2.92438286592486,2.80272473460459,2.95281583910623,3.44312769269973,3.15628243403694,1
3.12715102142969,2.82517935583794,3.01389806315906,2.89593448302442,3.12181226977128,3.50552270816881,2.8422092685133,3.01233500353795,2.95600370530338,3.25160030476205,1
2.91039993582157,2.91502542632612,3.42364011616175,3.0027957074333,2.96165785660385,3.1066555306886,2.92043363761877,3.27091468217967,2.79842805654802,3.13610677192738,1
2.54557514566959,3.46385704552595,3.10640066576835,3.24999565319283,2.92008571871702,3.11577974156492,2.90834318856479,2.83591151119915,2.73614898397459,3.18081803486889,1
3.04867853299589,2.73060920993888,2.73211168891531,3.09591747290142,3.36956624614752,3.11747391571983,2.80067080223892,2.77214748526471,3.39831644942631,3.11069557130036,1
2.73083246180586,3.19592778246866,3.47146651530288,3.0480261845973,2.98712617043687,2.75050125418575,2.80616080284503,2.79268273259755,2.76790224412779,3.09249962167773,1
3.01380407697458,3.21464306107732,3.22862953703277,2.9207301610792,2.70199111832916,3.4086931879234,2.91232605522021,3.15300745359847,3.01750099714091,3.52714866897687,1
3.16497927464976,3.06503799447664,3.42037861674829,2.83979064877282,3.20356021669805,3.16071899007099,2.80823164287064,3.11185293451588,3.44715571562682,3.22935175892095,1
2.53382999774475,3.36115342977753,3.0579803208643,2.91413916897574,2.9512789722292,3.14070191521312,3.30938794110998,2.93502351201229,2.55868033800566,2.98468865195637,1
3.01380120884606,2.75773922952038,2.99288548287138,3.29626046610017,2.94558022340398,2.77284081470577,2.976082835872,2.91826738110503,2.93359159059032,3.38920423740428,1
2.68904148285663,2.577842262383,3.13231684367085,3.00414276710022,2.81559848578553,2.84302972211504,3.31843052376145,3.02218859163928,2.91282082588067,2.56617709805315,1
2.90255589998036,3.05375301657772,3.25542558740564,2.67276920392103,2.83684884654268,3.44829334574947,2.88856648547843,3.48029527984778,2.90495240502349,2.89700953889256,1
2.91604334482914,2.85942389007443,2.92154143453429,3.41872003396523,2.65650145770824,3.20720530445252,2.72599018200602,3.04124350365265,3.35706517507696,3.27539439971124,1
2.8240001308367,2.94937896626998,3.03839976321269,2.72503999587093,3.15966682212779,2.88679143457709,3.57904976313115,2.93718388002017,3.05294411280072,3.04186927559958,1
2.9569524861955,3.5349304576639,3.11869967786428,3.01795494077008,2.90802946636658,3.08818950334611,3.26738936157051,3.16685461100822,3.04175353586714,3.26489174045837,1
3.31084213503307,3.32003615974946,2.8422753096316,2.72309592900278,3.20918280699845,3.14926471696823,2.71373905883939,2.593635102105,3.31232379075541,2.95811831910514,1
3.21818588982837,3.25208526607562,2.91361560434114,3.02117809406081,3.24591723568208,2.90682139986534,2.84912350775492,3.38763665650071,2.83459323440735,2.85032761926492,1
2.92021870049712,2.81945513422649,3.43363121210254,2.79324209426407,2.85146715623749,3.04369651095947,2.52898298548114,3.05167935985147,2.80460687614888,2.92698916268157,1
3.24298470799684,3.07255584044482,2.80907889217854,3.42517154753792,2.80475704822371,3.09698457429669,2.51407018864673,3.00534371914119,2.72012185008149,2.8510243412167,1
2.9336794990574,3.14618044316865,3.45147335702969,3.33579174681965,3.09095534674293,2.84153316265243,3.22966003287436,2.63082422717832,3.00765419517566,2.73421959949461,1
2.99355483218896,2.94063048069629,3.24517299291556,3.11163425815426,3.3221223270977,2.8867809155558,3.15529490472072,2.85894552168183,3.11901860609623,2.9846502839267,1
2.90486588237195,3.25246601689768,2.76614235607106,2.97188110182875,2.8490960952447,3.22291027523339,3.38651993861051,3.11035432947493,2.59403667708759,3.33748973959446,1
3.02804252012137,2.91185199018976,3.23473449590548,2.62515814055108,2.82786420559063,3.09202423644997,2.92832501133301,3.08592925020946,3.53836707914584,3.04174410620528,1
3.1682134004414,3.26747842803878,2.60064870200843,2.99513344939415,3.0306677024706,3.14871145256456,2.84661325582656,2.88723853489608,2.48102005934549,2.68679818195151,1
2.98093135161571,2.68543893569828,3.167652805721,2.64906453917178,3.20843690160392,3.28827029244016,2.98669437883406,3.33248396586139,3.37078602427626,2.89524099258731,1
2.98390806236399,3.18222294443705,3.16587966953533,3.05591359265682,2.87517683681307,3.21900473258308,3.10526831922627,3.37313532283274,3.06822593157565,2.81295020984209,1
2.80150472093869,2.91091122863008,3.24224081051103,3.36457260885133,3.20468581469464,2.81206571997374,3.12651048012034,3.30666435249216,2.65705480513464,3.21388516969811,1
3.17627211926372,3.21013787049969,2.96872614141084,3.21758146374646,2.85187780296667,2.84973338896528,2.7172436183842,3.17066216018064,3.11582783616492,2.85664461605035,1
3.19407687914877,3.03036867991186,2.96613277644704,2.8576687099768,3.26356828350679,3.51522643728174,3.20129238213386,3.30200576500164,3.21811600781263,2.74991005357901,1
2.781603040018,3.07507169965973,3.0152321792119,3.35694665636355,3.10602198930539,3.46122601206355,2.96145534683507,2.65802904341867,2.83152952507399,3.37937178021191,1
2.53916682044068,2.5857513440187,2.92701539660019,3.24064525810961,2.80890234279207,2.79114824770693,2.69930208835952,3.1004550173774,3.19187150038248,3.02031676880989,1
3.05015087648135,2.61531137003219,3.00056073305345,2.98363939856944,2.73238302015184,2.86500397110506,2.80259742580878,2.8849254833429,2.56026085126509,3.21205475861586,1
3.54618251104795,3.04571545649654,3.09575438098559,2.88786430944668,3.2591042965188,3.13857472581251,2.94242878751509,2.95288309390619,2.79171663461077,2.81900971686843,1
3.25024691327489,3.222580541404,2.73475492526774,3.38619213821213,3.12383351015494,2.53698163599564,3.05567488772086,3.26363073650539,3.1248253560481,2.78905850957117,1
3.19334715037734,2.65661080256797,3.2474647735292,3.28246939094374,2.59450775956857,2.96792620969781,2.8477854290146,2.9993323976123,2.73360931501438,2.86418113537726,1
3.03521542963667,3.07764798553806,2.87502484376035,2.89736003561871,3.25400925818301,3.08721884947165,2.47334424821417,3.50312278187286,3.05897660967362,3.00326719327078,1
2.95896001972597,2.7494638302019,3.1389585606814,2.77947585617334,2.81472266048698,2.61860745050624,3.08091351094798,3.2457015494078,2.73811311517361,2.90979022443534,1
3.12637698987423,2.64076325912557,3.09663738496649,3.1554939209654,2.85775083842388,2.94126866865734,2.85886858464235,2.93316616881496,2.40969722699906,3.23864824143223,1
2.84459448574929,3.40834731488126,3.2185314432204,3.50890750719576,2.90013125428316,2.93272149520468,2.8148730104288,2.90671599857761,2.65697820518376,2.93057108228482,1
3.1474249367741,2.47143859599282,3.09369404818815,2.90289894768044,2.82463604164007,2.81302761723161,3.06901893624277,3.02094383261495,3.18769471456118,2.62262771025593,1
2.68660822232192,2.46166878897317,3.19604863535975,3.00135852346861,2.82743159299476,3.12231608654033,2.69631040711948,2.81463082807397,3.2517379364872,3.07267453270238,1
3.4339441908145,3.32526486001854,2.77603839031774,3.10129628770206,2.57993556122833,2.92644319686632,3.04722303168458,2.98899263144386,2.75781150648783,3.10818216772008,1
3.2161106771899,3.10177160688565,2.96256206277327,3.5345389193343,3.25311088256557,2.93594583654923,2.64176918373643,2.79579916700908,2.95298585244777,2.75322883989795,1
3.07512821182718,3.00427192189528,3.03264348351323,2.95068250008629,2.90500725710247,3.05068895123593,2.88060265648828,3.39379240994025,3.17777652309546,3.62769411473096,1
3.27604882240923,2.80532887326083,3.132978635599,3.17772732069788,2.79578943114645,3.28547305099294,3.28110186291688,3.14152194914753,3.15274600874819,2.53020629118092,1
3.23809088381241,3.13526045017781,2.74838146691323,2.99015416246391,3.20854723846994,2.97471981240893,2.72187918116331,2.56323771369142,3.35127002225774,2.94544773203745,1
3.42186004953324,2.81521049132745,2.90517893122524,2.53182851269779,2.71671540872492,3.39693001169248,2.91720196781458,3.03032568675294,2.93336358194541,2.92991055932332,1
2.578732710754,2.93919857328773,3.31422178713014,3.02008977130783,2.89877442583663,3.38132002234276,2.78367254104318,2.90187760506558,3.05736138615833,3.38716824667631,1
2.79398368835176,3.25751308360416,2.53791770070017,2.92186081345351,3.17141860860816,3.27348033171306,2.63257314573741,3.30574999526591,3.05881431346146,2.85969496393731,1
2.6823656883437,2.85221577755941,2.71395502239237,2.68081446497184,3.26014439022709,2.840441041755,2.53355321299175,2.89462817860579,3.0603198240845,3.10216099517689,1
2.83363816403515,3.04618553322509,2.58945254826313,2.58374837852482,2.8551159569949,2.74639961620428,3.02522892532411,2.83966452028366,2.87499254115077,2.8291532225878,1
3.0564652337489,3.15491391026027,2.87276201756617,2.85546817214065,2.832150558886,2.83119602946101,3.35250929982552,3.27076127468764,2.88578883314864,2.90002059404809,1
2.5977158283883,2.8742659745685,3.32832422854964,2.77316060762244,2.92799591904323,2.74675047810472,2.92560177439191,3.21799967079052,3.01538846035519,3.20394412871994,1
3.30219650388486,2.88181532126273,3.05523486405149,3.40376416322332,2.82560656795445,2.9897327044408,3.0763846229463,3.21268890364785,3.20187385858394,3.02983956900465,1
3.0054385479914,3.02340572777114,3.10796391179193,2.81654807175258,3.1828644677245,2.83448845925062,2.85995252391259,3.13985197598598,3.29304816889363,3.50246707426817,1
3.10409798093057,2.63188521955643,2.9668891247284,3.54562519807617,3.25891033730429,3.02512096226574,3.32950885633486,3.07545593912865,3.2366847242497,2.96214175399467,1
2.57594356879891,2.93447201010059,2.91953158294857,3.11286974647994,3.13418434505286,3.14148787929323,2.7441018899136,3.06650405728296,3.02635181859104,2.50706112211697,1
3.17997253904923,2.90702584091235,2.92287743883015,3.0515052301651,3.21193647568417,3.6345220046162,2.97921854900411,3.15832560744974,3.27853008983183,3.03061631407723,1
2.99413320223361,2.98043590627383,3.28036431111895,3.10496765240303,3.12626110313065,3.32603308667488,2.59364626334564,2.99528323337344,3.12758725658471,3.52602171645547,1
3.11346927803948,2.69106586134491,3.17845539273297,3.01258898397967,2.86787769215257,3.07738891044816,2.97233794861894,3.38473696395191,3.12375583177974,3.40329252780987,1
2.47342837656306,2.81008441988201,3.18851607648769,3.21248621421611,3.22878844678149,3.28066313800896,3.16829357158091,2.98249879167794,2.64938260361083,2.96963300287107,1
2.9349762678869,2.89426472632945,2.99519272715167,2.36077173208963,3.29164783873301,2.80754553163004,3.05111104471535,2.68547694281593,2.76720503828126,3.02679754917247,1
2.84037911897086,2.51868581911792,2.74448513124929,2.9045603028748,2.80297540910149,3.13491881434505,3.32092549668169,2.87813299886127,3.07785783285146,2.657058640618,1
3.20127816409729,2.90069591401327,3.20091290911422,3.30676233444537,2.65962349394366,2.90481270803688,2.98921300591427,3.35851293358784,2.63107144782435,2.88201184492151,1
3.01145074854622,2.87194107222842,3.23924213241382,2.86143876486355,2.84609171535508,2.42067012741128,3.2444220880074,2.92168291075092,2.94593383169233,2.64131803798125,1
2.60379449188099,2.97141065332054,3.11317915758557,3.24035713818007,2.48232847859119,3.11403656853209,3.11232500995425,3.2860559273666,3.19107244956759,2.95004240395256,1
3.58693152934327,3.16229698288902,2.86861639910672,3.14943684914848,2.65742869466431,3.13129224798551,3.17508483719476,3.09177186055916,3.00967551575758,2.99965971586676,1
3.51232866171351,2.95676547915161,3.15857001016039,2.88904597143569,2.61054483848112,2.76730629568415,3.0354301910227,3.12118858872225,2.89946638012234,3.21283039869635,1
2.77741613751688,2.98631971703391,2.97549728559106,3.47866872199624,2.81980303740137,3.36631595364427,3.28039082851192,2.96893661295467,2.80148379465342,2.64937488554671,1
2.90632754968796,3.21438286841222,2.81613993974519,2.94504467827589,2.88094164669219,3.37749592433903,3.05724248697798,3.45865725575083,2.76427420768984,2.78413430069247,1
2.84972370775292,3.15056973187083,3.0585488934961,3.16081348482112,2.68059059517509,2.60722275187431,2.89108174102375,3.16040743693563,2.87113782036257,2.52014075504327,1
2.93356785444688,2.87270738319641,3.01442870150689,2.37711092931299,2.90826368013867,3.05980747260988,2.69429989003846,2.84853185352572,2.76843019190662,2.81000397692246,1
3.07096630233609,2.93374668849008,2.48213057755113,3.16179907098334,2.93857993250336,2.79706766561816,2.92436299986378,3.37720579306493,2.67769715544727,2.76279177586406,1
2.76823670907053,3.24644036012589,3.10921171662473,3.50906386295698,3.11400691708172,3.09639212661963,2.82998477622991,2.89047989815282,3.15572908524692,3.18022711172818,1
2.95488105334256,2.84795364006542,3.18399331548218,2.88291367262314,3.37965293451085,3.07101258631263,3.0215536953296,3.26670096609537,2.51468779245619,2.99639139740133,1
2.92946995509458,2.78804338502975,3.27707931913898,3.06560095922921,3.3748547766168,2.56451376902643,2.9993374156197,2.94574214541566,3.33985128265895,3.18526654289676,1
3.04850665244628,3.05297464257571,2.95035169380924,2.75584500759456,2.79531372149701,3.51915459146735,2.90189031135533,2.67071358366529,3.2402860067965,2.67072176805309,1
3.22721779624398,3.29696808817984,2.85551088078019,2.93351284109342,3.09938066976879,3.09694137354918,3.12861920657694,2.44187814825994,3.22558721446421,2.96394443800012,1
2.98294962344804,2.76917502421605,3.13416447595851,2.81159113585489,2.95971249900385,2.84192083251531,3.04650385314224,2.55127012190252,3.34409410416868,3.49023323659001,1
3.0682816481722,3.15842148870092,2.96745438571225,3.0743277506622,2.8699110952028,2.82317528326365,2.87174859604435,3.05863523438333,3.03682744347572,3.69570656846361,1
2.7658501745727,3.13169178179495,3.13000242859829,3.30086453104904,2.73471281839447,2.69086403873041,3.10799015969606,2.54999529105792,3.17652677219663,2.81603092206057,1
3.10246531011001,3.41074789338882,2.52273386628503,3.3084489017449,2.72219697141619,3.07677367358892,2.89689758705443,3.17130536120755,2.90717324559466,3.12382377932098,1
2.7190890881363,3.06032657198263,3.0579615586864,2.51440631232824,3.08544730583482,2.72426107190353,3.01899156666583,2.95182837145829,2.75356782688796,3.49523028870414,1
2.58961303032329,3.09919627606169,2.82559706725473,2.8413945626621,2.81821511856565,3.20030813199126,2.97641733054997,3.12704821278574,3.24877022766062,2.60833715857758,1
2.75161120084378,2.62122550203008,3.37057860581767,2.89186168729579,2.94873620735703,2.78525819893267,2.92568724847317,2.88342415015464,3.52912363993977,3.00762409505503,1
3.18839004686125,3.68320178626139,2.97388350715475,2.97030652147688,2.96517116810217,2.89885404256606,3.15871804879604,2.73165749885873,3.00438829737764,2.7874287684001,1
2.68765704047878,3.35460117462348,2.81602119946657,2.80931382457449,2.70340888961855,2.99499414649762,2.89132906154224,2.90458683259704,3.45282075155092,2.7983583214401,1
2.71898033236896,3.31118056893158,3.29412193607846,3.25465438309797,2.62362325495743,2.80830248318869,3.11328400822177,2.96115990609857,3.09952442413708,2.61647648596925,1
2.87370543314369,3.31085556723925,2.98130267672109,2.83892219300999,3.17057767528083,3.16067033469783,3.35683988894082,3.02866465237193,2.66622830522539,2.52052511315806,1
2.98580906823936,3.37285576467504,3.22991853639529,2.58209033396308,3.18275820919474,3.2777437705748,2.96116801156917,2.87559753601914,3.0958260886968,2.82182440577878,1
3.08682411844358,3.06987540492126,2.69748314264536,2.71503747261646,3.33840876689721,3.3471559928222,2.73935922916267,2.91694503042066,2.71710375885353,3.21594381091115,1
3.21670844313033,3.07989137530326,3.43209615112019,2.9774921744499,2.91070079338752,3.28277233264229,2.65442515192351,2.97872626324279,3.01937768271776,2.95866891210788,1
2.98430267130879,2.98629327335091,3.33314838191934,3.33641382873643,3.31415917828219,3.17025643421206,2.97589233566911,3.11759707659041,3.06411749346847,2.47098447444018,1
2.93987663178407,3.08036934411615,2.78742156879382,3.07287586988732,2.95925596799775,3.35404810873669,3.17046360921916,3.37283807222753,2.81113918211882,3.47980917920263,1
3.00931909610058,2.83340052386762,2.87957223478719,2.70960279495076,2.84298628712401,3.2642446558331,2.86743951263817,2.51669326676847,3.27463555637621,2.86933855957978,1
3.01695564473691,3.24580392474756,2.9353298040276,2.78190594971122,3.39734490831133,3.0928263031748,3.28888204083172,3.27082179202853,3.25265773728473,3.38133521989278,1
2.99754838270405,2.62124684965539,2.9158171665507,2.95298531446538,3.42421456520042,3.11066882126092,2.98850788191734,3.17542234377872,2.81241724520559,2.97039634685269,1
2.51296982345402,3.17430752136069,3.23754191098097,3.07825347877913,2.98329125542297,3.15410277949837,3.09612596970282,3.25683220983343,3.2064962121286,2.9425387883524,1
3.11272241955016,2.97426577381255,2.78451902755371,3.0004842322913,2.46981708128577,2.87977568458122,3.12922859606669,2.58688552410934,3.06637746620059,3.11219534759818,1
2.86776863515368,2.98612683719102,2.95648212143071,2.82956933410769,3.46168296198423,3.25376428686794,3.13360520999366,3.26679150665716,3.46994949141114,3.21092634993997,1
2.98872640402701,2.94048115502954,3.00040074702645,2.68800274266432,2.76684071255064,3.45456754544835,2.62898843839036,3.32371401446852,3.14554110159579,3.00658459505755,1
3.02718900512776,3.01373192803627,2.61241073986847,2.97419576999648,3.14981849973058,2.7795284666982,2.87370383378988,2.98917766366724,3.1704896620345,2.80669035679436,1
2.99215185814752,2.67714786088333,3.09425008929982,2.65478528861557,3.20466707413707,3.08181189711527,3.33588103085558,3.32729910087273,2.6588817887736,3.06324364862858,1
2.71612273319237,2.8427070791357,2.97397336048078,3.05155568172714,2.85321379858429,2.79350110759165,3.39729118867469,3.11887278488486,3.14299626008064,3.02706022243247,1
3.34807796895787,3.2191497191103,2.91297037453015,3.01776359434082,2.97888869924591,2.95457361018123,3.2791013014184,3.30474501986087,2.50700823804494,2.92684204309324,1
2.96746409423882,2.99944337621265,3.17879623958782,3.23651418187389,3.07549395525974,3.29049400215406,3.11522245612335,2.58811631591262,2.77351518796826,3.19133714214249,1
2.62736727085797,3.14735241866512,3.20628659878342,3.21347182076183,2.99919696473789,3.15704851503783,2.68464211695874,3.05140064687327,3.13529139618852,3.50628109091496,1
3.42893277596671,3.10931239314719,2.99848697220827,2.80634278296632,3.1296923611586,3.21928096993628,2.89597158111134,2.84497385413958,2.59470560844078,3.23945597796494,1
2.75301576058429,3.14487916681808,3.19313624234542,2.99334927643837,3.46935559411622,2.98256420548243,2.82185946342514,3.27262905611586,2.73111692950146,2.70362575404507,1
6.13438280067543,2.64757453035219,2.61100341965767,3.01775537775549,2.43232714823365,2.95931677010022,3.37896789096063,3.52064638345361,3.24437967575256,3.25668546503952,1
6.50554910953387,2.9401029094628,2.95393559633547,3.08679461914219,3.19092099877945,3.39096058703935,2.42107405876963,2.77643786022402,3.3548767865784,3.15360783647185,1
5.91363460221011,3.05615770899574,3.13843142955182,3.42410298688582,2.24774767604383,3.16525610913371,3.07823040322862,3.45867683403087,2.79206595840757,2.67926135780231,1
5.9236637879846,2.79325361633413,2.95016906369989,3.00777372033069,2.59323946249635,2.87571289433415,3.5787406304833,2.91979321635236,3.17387555017022,3.74134442685423,1
5.65825208281849,3.29478073616155,3.17918490038746,3.07616386714881,2.80668977894975,3.079167066015,3.60150269364529,3.26203448562016,3.19597543952873,2.93605103809019,1
6.01462466539169,2.48935910563973,3.08991769252293,3.02293054904339,2.6768211985293,2.39995708908792,3.45342355322488,3.34560905163351,3.56110773360452,2.9721067025369,1
6.08174214623583,3.2204399284294,2.72828459090815,3.19119176156641,3.27913931277117,3.32756589955771,2.5262785538055,2.7465323881333,3.42888362177272,2.72351580945921,1
6.06222757551168,2.43711285082983,2.93749126032795,2.84525262003713,3.19508061782898,3.32175489858064,2.9986827448418,2.95138950836121,3.31634691041554,3.60753466350704,1
5.6510844375528,2.67681510749037,3.13075899549151,2.57057304322486,2.23262031838551,3.24196268231499,3.20866205503142,2.89816625531824,2.81272807940079,3.11636834713413,1
5.83105192430098,2.91065005189159,2.24328265528469,3.04383926800644,2.92249008240937,2.95501170495095,2.63766827353016,2.60708136572786,2.88211600375471,3.35525641617402,1
5.66873811616806,3.14059451351502,3.02266954598571,2.14456826894593,2.77491196066751,3.2546851892341,3.14629259834533,3.47841711158372,3.29697867399681,2.83218584244738,1
5.6341072620415,2.20840109883978,3.13436363015869,3.25758693842954,3.11092649628451,3.12788624244771,2.59367072083643,3.00704858188914,2.73544768962559,2.96558236300601,1
6.08608297703776,2.61615960083378,3.17961498083916,3.60243770194843,3.39950663109234,2.6587029561871,2.96240347653883,3.44334418043707,3.25176744342601,2.89510995635199,1
6.28849785690194,2.92097852140788,3.11433469638073,2.53415720508219,2.77158883870286,3.22568261729527,2.72233938506431,3.09258750118086,3.5425517759864,3.75679441221198,1
5.55284619514723,3.08954904374953,3.76074856470041,3.44308804662703,3.05724945752487,2.44950210391363,3.11143768481725,2.7959232796515,3.01218599807404,2.92637431343211,1
5.89020834639591,3.60736526824534,3.07416149718635,3.06472945259839,2.83794577802433,2.66829722780428,2.99524148324667,3.29881436344586,2.35231592141722,2.48824511459718,1
6.59748066027323,2.94015443640481,2.96384288552082,2.55836081032637,3.13699473737562,3.16591089237771,3.75038158365337,3.04699594274768,3.07475453069439,2.8775205628056,1
6.54968508118312,3.33830534942648,2.7329524295891,2.93242818818239,3.1001703486092,2.27521574693248,3.38136149254392,2.85567276727087,2.62502304491748,2.88351336390579,1
6.1652788551087,2.32690988344258,3.23465704551428,3.72279813071079,3.05182512264018,3.1729815487171,3.26969565370356,2.82374858897549,3.17036457906515,2.9901434471152,1
5.94004472993829,2.64811159003496,3.11310860020264,3.27183409820456,2.55088766648182,3.04028577259588,2.52715143039462,2.65614871808634,2.83710078709617,2.77086192648453,1
5.9555003475726,2.96904679154036,3.49217680996851,3.21339458339081,2.74772727193848,3.50532815676743,3.23310504236416,3.55440205764699,2.96608585536284,3.03303713835624,1
5.83696694783236,3.73076186665396,3.25155185503755,3.0603015065729,3.11228425719888,2.73626279205007,2.79702097265861,2.48826293892932,3.47614817368726,3.38264758203942,1
5.23803692632582,3.07504138169414,3.22513272277168,2.97208108477797,3.45035303784695,3.32609834425157,2.77010806400879,3.12467762639927,3.30177170049424,3.47789082101593,1
5.35422042227103,3.5431479118017,3.17548796110401,2.91203427757052,2.93648438370323,3.47807220028269,3.00672885162491,2.92941045913619,3.33180041554779,2.75099522161549,1
6.30056863848334,2.3637715745941,2.56364003226379,2.85383977087948,2.59702821348691,3.07382571922585,2.77467744850826,2.55089637506317,2.86481917094632,2.51892081931694,1
6.52506876008762,3.28161696963278,2.658496699151,2.89231696318216,2.98803890632289,2.86413758665524,2.63772174354543,2.30578579048405,3.31264300862983,2.6035095901599,1
5.72554394880759,3.14392519077168,2.81055616999804,3.36769656805731,3.28911490339107,2.42431615371858,2.94787958599271,3.06549853770626,3.39406455242553,2.99602056564758,1
5.84799517562136,2.43824838729954,2.65510858034489,2.32257654608314,3.18719263917493,2.92807109440489,2.74721235990148,3.36988754719508,3.43502375908907,3.01326495518336,1
5.89176568369228,3.76438531207901,3.28365461427596,3.3021969177205,3.34090565882494,2.84245093614017,2.77651291768073,3.18124388790602,3.36668012371935,2.61066969087599,1
6.46683489243593,3.28489594031504,2.63175429705395,3.15099069887384,2.65337378616677,3.0687774140465,3.37780526687846,3.23857583713487,2.72042434759713,2.62657753718819,1
5.4350603533546,2.76722706774715,2.78434662121774,2.85233145045983,2.86037978934139,2.56093664708905,3.51935741560221,3.29528347447318,2.56417827313788,3.34598451417431,1
6.0098691288562,2.96886135691353,3.27859849824851,3.45917180204574,2.38476747609231,2.49013522048305,3.08069365662625,2.84340988922555,2.66909609857109,2.45281991529578,1
5.90688791890228,2.84280259502064,2.92371160774846,2.52084011681234,3.60605512179448,2.60417175714238,2.86518839585682,2.75908040277678,3.07489061598432,2.29894680929404,1
6.23299578264133,3.38020135147464,3.23254332896429,3.49214030803382,3.52840883478081,3.05642246970193,2.73431778651678,3.13587258042206,2.98586692171003,2.73422579651733,1
5.98402340600966,3.37002779132165,3.27761618453362,2.40594031835736,2.77218451998285,3.29726340038492,3.42796635801497,3.51605185166215,3.27599803523894,2.66065711331471,1
6.22109782181152,2.97916565973384,3.24562862952911,2.15067786382947,3.42297234836388,2.89791736421951,2.83377948215707,3.07218312967645,2.61514242730855,3.22294301864921,1
5.80543916335477,2.94760549551783,2.47039932854918,3.58576724930166,2.93465658465021,2.9047992771619,3.44918380311968,3.10702058523996,2.94739174721965,2.39735680073748,1
5.52701409599846,3.37232739761554,3.0298383706281,3.29736215689503,3.21157929092592,2.67628866148496,3.04806266782178,2.45042105371965,2.51688576901821,3.34276043773847,1
6.11352019435843,2.79174322229953,3.12897133060391,2.85367001512529,2.38201968431381,2.51653507886008,3.12559092036001,3.28784872242189,2.36714938725621,3.42217990359071,1
6.23208523102403,3.16123714647328,3.60436194982098,2.93537903875408,2.93811759929513,3.16961695335256,2.58043970544913,2.84137645078251,3.54758105831608,2.70976280667886,1
6.22006717764827,3.15202062169752,2.85728738244575,3.22108930493747,2.99178976794526,3.01315056721213,3.94530343985335,3.36691932053752,3.16061205034773,3.26572355169275,1
5.85780471808255,3.38315476483639,3.1632636207741,3.54283633060982,2.54355253016492,2.49681879227058,2.86159844264563,2.62071679651753,3.02104032318975,2.9486511861762,1
6.03611728122302,3.2279713684765,3.02968764982234,2.75358289941675,2.9446725968954,2.61029628449241,2.52356060424395,3.82754653313249,3.31170645484591,2.6829417134405,1
5.92006865114065,3.70345213181107,3.57168418217056,2.65287002041645,3.00741604308229,2.79983477844361,3.02357553916739,2.86492739227336,3.47852583575197,2.67065641906765,1
5.95206441321109,3.06457447474971,3.09445488253783,3.52802213314287,2.41808653830049,3.2783507534469,2.83101713707802,3.03307799518323,2.50894681435832,3.5801668586991,1
6.30218296547956,2.60660295253507,2.629254413067,3.68672334825403,2.98923423792622,2.39265793929161,2.82058992158791,3.00713026079031,2.85938296193753,3.00335640764204,1
5.56970815136964,2.80154748000453,2.33232884421224,3.21115222883334,3.02147367970795,2.98063258215577,2.72624103763466,2.90485669136955,3.45331413869138,3.40045288670319,1
6.19805138721673,2.30695840908449,3.52243935111628,3.04292029810573,2.93166733268438,2.71094966986729,2.83590076147518,2.95100513750128,2.75896130676352,3.3289096940877,1
5.63202349791199,2.45564504767514,3.50345802839943,2.62500746286654,3.33294766282753,3.40200194808201,3.04446229489097,2.78609031969886,3.18872904828772,2.98529244564396,1
6.35429367609308,3.0546598154933,2.61006593268577,3.03815748232406,2.63625868084104,2.70532106838959,3.11036406711057,2.36503569102605,3.64865188676741,2.97919500890241,1
6.38276978087652,3.3338825893865,2.45984720413959,2.51896315006046,3.08249867068793,3.34719838271922,3.01045073143743,2.71136471351427,2.88874443085296,3.44418797069421,1
6.08228538230424,3.13233706779748,2.45827056256519,2.60599778407609,3.27758490432926,3.30512745361909,3.52848948402401,2.61173461123481,3.31667197532146,3.32563396502654,1
6.13639099735245,2.65552085173792,3.18437045045251,3.21968738716297,2.4140396709153,3.32333831810477,2.8540590662966,2.76614902083421,3.43282531982672,2.97093801013034,1
5.67813726002867,2.63202216757369,3.34051260066526,2.64376223530611,2.59093677826855,2.95052815441854,3.11481899050622,2.76172904232972,3.02524411581288,2.73268530671807,1
6.26918025376412,2.61526206799603,3.01162887203973,3.17054591746449,2.28578467243718,2.85826258377763,2.74626739976384,2.33543697969847,3.18848936954944,3.13523061562255,1
6.36271199262834,2.98880499516177,3.10631655443204,3.06536923438048,3.23298308304772,2.61772200464687,2.49614065517465,3.65824976077683,3.40413324490207,2.62211659277338,1
6.17917888541969,3.09850821970881,3.08226673114876,2.39570082429472,3.02040788272158,2.5644816607803,2.8250496641824,2.82613757586465,3.03945040088067,3.49662855619353,1
5.63991204222928,2.56076562145417,2.71271054542145,3.65496649725583,2.92574511382785,3.57219476744723,3.13749588962804,3.09077374726897,2.72013754130331,2.72259791390692,1
5.61890778523207,2.60589615143544,3.04561986812454,3.02640540560214,3.50249611821396,2.92136874918183,2.98382344406623,3.67463033144373,3.40914900519254,2.86182423568256,1
5.91447536441763,3.03630620512614,2.83085009700939,3.28907681375457,3.50361929861829,3.61725175025169,2.72538118812275,3.32029535063836,3.08766564996806,3.19826459689208,1
6.55905568235121,3.09520664520492,3.11661587100665,2.325281614635,3.68137568956188,2.94032210920138,3.06088843515169,2.68400285428875,2.92451524579993,2.96546141936003,1
6.3641026253954,3.05194780876702,2.56974396735812,2.9483715967621,3.11477565032744,3.10184877253159,2.92416182979739,3.28483711033091,2.68012465846303,3.27331579996268,1
6.26785527193563,3.17445155137028,3.21410121873775,2.7439024566575,2.81151613407129,3.54153270730403,2.52080240499919,3.52484191069579,3.08823838277644,2.92720254147587,1
6.14297941648082,3.28848574975123,3.29880609543214,2.59962889113789,3.16181156756361,3.52477080859477,2.32387126070029,2.70793643486554,2.63154691668006,2.90942137681671,1
6.01856740326338,3.32988749598686,3.0735275070997,3.54623422377223,2.6529512722847,2.85691232264769,2.56755718163584,2.84816374563189,2.91347418762061,3.12288096586901,1
5.38951862323726,2.74522356074414,3.3337259234451,3.14455898624589,3.39265463419973,3.43182611220827,2.95434766623821,3.21831890911108,2.74191607291623,2.6630230501604,1
5.96234645199947,3.3426598160848,2.51796264756704,2.63585474910737,2.43558457845661,2.87300419908962,2.49963107886416,2.73193159067017,2.67522100219279,3.08999981668489,1
6.18191706228423,3.02686544363051,2.56249748949707,3.31070778569935,2.99924432533371,2.91941376358671,2.97438235037756,2.96113481265517,3.59091544090582,3.4762630189511,1
6.03396836188323,3.07890680381727,3.25983315182938,2.53520682382304,2.84998493529666,2.69904291477549,3.07987738583335,2.80217149565777,3.74582323080726,2.49671749893203,1
5.82208762046537,2.80689435747251,3.06422925683301,2.86329326130281,2.72288069283584,3.69138112585311,3.10898871907325,2.54125288320103,2.63866807938579,3.31171869711312,1
5.63821520840062,2.72835984311091,2.91503557600103,3.15958133093234,3.08940046364083,2.21553150753928,2.69773341883181,3.14100093261465,3.08785215700874,2.85874015186585,1
5.62344644979497,2.90217550655947,3.18904459274737,2.83764815987054,3.02093304054828,2.36358459973792,3.36276816372933,2.85011085579325,2.25838739101503,3.26008763355995,1
5.75317434457561,2.4138967666409,3.31588955964195,3.63877884686361,3.13273568734775,3.03524025490924,2.50675826151782,3.18723610927685,3.10702431013723,3.25602598859446,1
6.26427322085174,2.73257663250468,2.53612298714532,3.29909066532052,3.16301401384912,3.41884444289189,3.19369929950459,3.44914171709688,2.7240013640791,2.42737219919272,1
6.0048891110032,3.277278830685,3.14863446385383,3.29016581871698,2.43212482309454,3.21532321116427,3.14170690530716,3.34189124477642,2.45945263721982,3.19993346241481,1
5.97375403538082,3.37528040608424,3.18142205684119,3.23940249793732,2.71892167229317,3.35276830792099,3.44885632004284,2.7642583677078,3.1600814973115,2.52909455396618,1
5.73468380266329,2.49151706748547,3.36579062379717,2.79769511884163,2.7254430289467,3.13877162143471,3.29037447985134,3.38693379778082,3.06094819486997,2.2714934408174,1
5.37331874732696,2.68605369245192,2.87532653817134,2.86944070475374,2.74877229983917,3.0932844864247,2.70539074657356,2.51366060051015,3.05471520387565,3.32240056802338,1
5.73858533993421,3.24924865168304,2.73262945246385,3.25975965327981,3.24162819325448,2.34875226593694,2.91732733324946,3.20530859355651,2.53179186249534,3.4268682615971,1
5.97039685335769,3.7865982588822,2.99296347527355,3.04777557224698,3.52505476293404,2.70232282019312,2.80852043373428,3.1444623410631,3.49416161525984,3.29367301291505,1
5.71064536175214,3.5564215482877,2.95658608411575,3.41822128500013,2.80018058072872,2.96667189799655,2.54870581055947,2.96805086296087,2.61588552133073,3.5895664691545,1
5.76281901664374,2.60195740179009,3.28633061819999,2.58446998771777,2.94823253466346,3.47838057560565,2.46181647866409,3.29637163607521,2.74601396970534,3.04081401648508,1
6.21492062908811,3.64124902686942,3.33089967181297,2.60723888589346,3.03848297714214,2.82351547036867,2.68786397103744,3.42394259340902,3.2085823800932,3.21769158677289,1
5.54801990419548,3.39991218821399,3.37610133979305,3.12718753429949,3.18781018985152,3.04767163411569,2.33620367133645,3.10271165464347,3.23388117174016,3.50867420417055,1
5.69913068111279,3.15124550793194,2.9453653824359,2.94576756883155,2.46070854345647,2.52968426706486,3.57259200645873,3.10171048081974,2.40058454367559,3.1660490098126,1
6.16409469903732,3.51970404294803,3.43831800848342,3.2575794277519,2.98901344560153,2.28658525876898,3.14696480768092,2.88799442099303,2.74119983979369,2.78717704968809,1
6.15285610595525,3.2082531607003,3.67115744435021,3.25166722949172,2.78178434429355,3.45551142106793,2.95566426780683,3.43999819158882,3.50764933302273,2.93014229495666,1
5.55724359232829,3.21462693115375,2.73644616657527,2.8018025046172,3.12127068132195,2.77959430439745,2.99352983909248,2.73698903052506,2.9247318525988,2.51912981847769,1
5.98948072559717,2.44672562395212,3.09266478259044,2.78473048762604,2.6415431851528,2.89743448321448,3.24287434661002,3.09507952569808,2.98303869542724,3.86005091723345,1
5.8701308898323,3.33095999396823,3.03031549501488,2.53285440887821,3.19094551095511,3.59295355894178,2.26700539574222,3.02428492868455,2.87366452898258,2.92059302009964,1
5.76236900281295,2.22937444396669,2.96782135171075,2.73968374791279,3.27905436173652,3.26629187708066,2.72135380897108,2.78376006782953,3.1659694160217,2.49709419655632,1
5.74752577443853,3.0601365087209,2.59858257071218,3.6544121698925,2.61052882733192,3.20257908038969,3.05891859885163,3.03680653806397,2.49469400352322,3.17436590491736,1
5.38661262633874,3.08893842617259,3.01275295012975,2.74938543509122,2.31436772752496,2.82910865252365,2.88436077154488,3.41454250207214,3.06529777559116,2.86628377922882,1
6.53876363817653,3.41771229486426,3.21649521784969,2.69586616299721,3.30634321896253,2.51373338138237,2.98882592426939,2.95573100227098,3.05773909481341,3.6090682530914,1
6.11398982059353,3.05118111774917,2.51520493698371,3.06231740865749,2.49533157364411,3.30380583662633,2.57758392644864,3.40469931529887,2.5305850927395,3.19171321644058,1
6.20278343493231,3.21288733841951,3.64675588920815,3.2173911379288,3.15176517645332,3.29503454672319,3.32275536007001,3.42474036584104,3.00479139940931,3.58859353511847,1
5.76799493789407,3.06878949296008,3.11605942100963,3.26665308693781,3.01890588203543,2.74146802588649,2.37821313515921,3.20911376265226,2.2760684784956,2.70269533207361,1
5.79224935889027,3.97177565265247,2.96975167125287,2.94293603437226,3.03727262920614,2.83152206833248,2.91254722568048,3.41805742259545,2.90745824189983,3.19930028963777,1
5.52543768614086,3.25339636553055,2.56793976741724,2.8058358643888,2.622430606043,2.74273898405882,3.44039252888743,3.40057550583917,3.18835999827782,3.0472939283359,1
6.70382857931059,2.97729965100574,2.83017661138373,3.07402614307607,3.13556052301441,2.70390108147446,2.60094093188924,3.26311262616759,3.07906398048024,3.3051988906916,1
6.15503164213316,2.79513833491727,2.6712932610664,3.37915210802974,2.80290445078875,2.58313436048107,3.12109920589133,3.58259573497016,2.66599422062004,2.59267755582812,1
6.19597565872812,3.32520595325352,2.4845611289107,3.01091536066821,3.62781820641978,3.01885046379406,3.28805047475139,2.76040653338302,2.60836602422934,2.65516136034269,1
6.26631215524629,3.06192639961265,3.98170235446128,3.20646221011144,2.85229347434333,2.58060118058346,2.84653264734266,2.87516197595686,3.14758878616584,3.12243062369634,1
6.14599012667951,3.66436001546359,3.25619536657448,2.78429847424505,2.85741928640118,2.51918741916562,3.03079888393036,2.45638571199782,3.29934911256704,2.7345738151492,1
5.88769238992834,2.98288390212619,2.42623867587486,3.24136829965219,2.94142137807214,2.99987731069924,2.82607290403869,2.12389231973215,2.76576890888838,3.3283383425886,1
5.84106712785843,3.12749823699353,3.60845352374695,2.63740455724412,3.10183534590318,3.13866002236406,3.49609820154517,3.54820393242148,3.27933502139862,2.71117954632883,1
5.85790422507413,2.9177220989712,3.70052051572752,2.91774132141055,3.59346556631085,3.00177530626297,3.04389755125862,2.5145208682071,3.4282913774952,3.268062028017,1
6.52506934484414,2.32968719700665,2.75085638434225,2.82415393517196,2.64672030459532,3.04681845584408,2.74572607708012,2.78211963474654,3.28623230554856,3.42039088355788,1
5.38329763517951,3.21882041805397,2.45816378839486,3.14188991865278,2.67016659134661,3.35363504926946,3.54251890886525,2.98634885715339,2.91552831580563,3.10941237310718,1
5.78953943100049,3.40709158368586,2.88123203870449,2.95108792588287,3.09569349378611,2.78517220472838,3.53362864607616,3.08571071066456,2.86203098273723,3.20240720942446,1
6.39608409855652,3.60544957175707,2.43962935554783,3.49576466853301,3.22585723266017,2.88821860545858,3.15042378224059,2.95885762304514,3.25950835202113,2.88920359423961,1
6.2650463467166,2.83490577758142,3.00154634917773,3.04744699003028,2.93208209611453,2.56778439670798,3.10301935161848,2.26127388091375,3.06953167134351,3.63213602816391,1
6.15857024018344,2.94040815993363,2.81750627461635,3.00536097811507,2.94577265621727,3.26181357374073,2.9235652268946,3.29144824743126,2.64467371480139,3.20120529525879,1
6.1889012360452,2.99395875188591,2.7674184967132,3.28784716537942,2.03026682159671,2.88975594658046,2.75335385110957,3.09195151344739,3.24368730634155,2.97838556928101,1
5.87421838257307,2.95443043469446,3.96509774721583,2.94667154665405,2.71386033288999,2.78230773740881,3.13967681394607,2.79980362446385,3.00087311822468,3.49741305572752,1
5.7802379388425,3.09230701267419,2.73319446640191,3.60451375326879,3.12101162644909,2.91595509929383,2.96973893012932,2.74010109284831,2.64030033797131,2.4599294760382,1
6.16360891906879,3.14810790482437,2.86084621915478,3.37690693181191,3.5920431182684,2.33822564006543,3.15963009813634,2.93293011709983,2.86577828394614,3.45135813667653,1
6.39841315642149,3.1741323362653,2.92837181003401,3.32292027682047,3.38328279203241,2.39154479698207,2.84211009100365,3.12708049077684,3.5178173648116,3.36408302125664,1
5.93082606257877,2.48665207666137,2.84327183558327,2.31919575605494,2.82337085285006,3.36194161500964,2.4818426988998,2.91471615740341,2.84470694695069,3.15151043650234,1
5.98948455986122,2.63852184912895,3.20912334856002,3.10635235194884,3.00791238360699,2.94873841723805,3.48838359506918,3.78559122836258,2.89822226457981,3.42822951977854,1
5.71533956979513,2.86942845934802,3.56402790505888,3.37324421334904,2.46145228874677,3.21371577328134,2.43336769635453,3.1331416951196,3.4009118573034,3.04457778985556,1
6.28919447696464,2.54340083747711,2.77066813185116,3.42483583423065,3.66732718926813,2.59444734864218,2.93804709866568,3.24106819884224,3.18361611592753,3.21285505885522,1
5.36445758279279,3.29808172217992,3.04758599968453,3.10872484192532,3.53324985016272,2.85755835467193,2.49666305259565,3.23688851607336,2.73325784383662,2.59446468504238,1
5.49253068010183,2.84186946484976,3.53985582676099,2.73383780417694,2.94951485884136,3.10531454399842,3.1788832567474,2.98036713695353,2.47332455329117,2.49773790334863,1
5.96165875766715,3.23283133590471,2.9356731572849,3.07593947940339,3.56997325610544,2.89527262919076,3.04655628250497,2.81967139085132,2.91576528991263,3.29880973036087,1
5.71217089168998,3.0387093657746,3.19860965152906,3.61694211961203,2.69121199057774,2.64832020285781,3.43076434210286,3.0045990155659,2.67537368114808,2.49373220154591,1
6.56050047221474,2.78447259305623,2.59108950523058,2.27196616810404,2.88387567551761,2.97267152679298,2.94713905095799,3.43177605366161,2.64241944709899,2.92186928680821,1
5.35201737064136,2.99114307369642,2.53726042226763,3.27828323326062,3.37356132905645,3.24083745324846,2.67938917264616,2.65786442205389,3.16179886962568,3.28024467339571,1
5.89257331223443,3.06309876722152,2.96134585503294,3.5021306450152,3.5845570715942,2.3943300428312,3.52999495251437,3.21492226274365,2.82442618580449,2.76942027582154,1
5.6230028617639,2.9363443639068,2.50877195413044,3.19812976320513,2.91410197964741,2.91660999446905,3.50439337998304,2.59744685344345,3.20391270112997,2.47847762800266,1
6.21600705216261,3.10626809460699,2.98958688228686,2.44533595785937,2.94642853293077,2.75285802642885,3.81273828559887,3.1627368473789,2.84001042499884,3.02380230724125,1
6.48894982988162,3.70972511463129,3.34130945520363,2.87724969287543,2.66326977171256,2.97415014603091,3.05483032869477,3.32180277970077,3.05614227671263,3.46595853275113,1
6.38104864123333,2.67225051171296,2.82649046866294,3.59793463611265,3.05508598070789,2.61919897569166,3.59206257607916,3.1135538661623,3.19215032362549,3.11184067654554,1
6.53842413350706,2.41930391032629,2.66574679623989,3.00373430759086,3.23015767263115,2.83415077543216,3.28606694947775,3.02179484235771,3.45653281057633,2.83400228671802,1
6.30755123684472,2.48087281143274,2.47219266837942,2.67648657052584,3.22290144502303,2.48175229186304,3.17597730849707,2.59831140201413,3.06487364082908,2.91959285476215,1
6.4113693374267,2.80755408616905,3.26157708692128,3.25106370875862,2.48325609658337,2.99881332332901,2.53593913422072,3.60584422389766,3.06617852870293,3.36112993655033,1
6.06760685815495,2.80133902328145,3.34206811140526,3.11573884314782,2.30096563829628,2.54368004570541,2.56452262729458,2.90853363818511,3.26174270761302,3.01412935581063,1
5.94024857266289,3.16148640291367,3.13044007434434,3.21069207142719,2.87209431009002,2.95174234384394,3.26408316168853,3.30089355807877,2.853975099344,2.04265861577982,1
5.79073643416273,2.45169570083684,2.63389341707836,3.50450128187244,3.01686275834979,2.72010867352051,2.79233374208157,2.65067393375773,3.03678464334008,3.51580915492984,1
6.26827286157694,2.6610476727192,3.05759200011489,3.25483295456554,3.54230119646188,2.81313596639623,2.87999092153199,3.4674377390748,2.57298396130881,3.06460792404216,1
5.46078864811181,3.19679820230962,2.9080471064236,2.94081098215836,2.59711606082232,2.74554934050085,3.6372896303437,3.24750776702962,3.10292800051665,3.11231405508939,1
6.35967632739908,2.81108684253535,2.84951518636672,2.385992899084,2.89576999721159,2.45308326182619,3.08004732557593,2.78626502459263,2.60316425737724,3.53546167482054,1
6.12642621151171,3.0496886540015,3.41698450465,2.22324920076403,3.17636578480334,2.92841132666622,3.2026287310524,3.14091871266101,2.70271573209842,2.66198696772964,1
5.68336439211718,3.47962836300292,2.74362116356795,3.21966529893023,2.69511974365254,3.08100741699311,2.53314993910791,3.2117746542738,2.91610233113069,3.6994357411109,1
6.21728191185449,3.01923703182268,2.66904803060054,2.34217855451622,3.66101617940668,2.59391025369284,2.92290215028931,2.9822968651547,2.63015755982796,3.00422322778654,1
5.52828027432652,2.84812056815222,3.62674332395058,3.50160819146267,3.29498527464571,2.99027979302392,2.69614341397465,3.38366271522538,3.08804123456735,3.05515043146977,1
6.31179377441878,3.06153636666837,3.25355792496879,3.03917361627029,3.14722762428818,3.21302774078388,2.9113516899833,2.42572657158937,2.14013218330209,2.70968325333593,1
5.71632657966114,3.10612758365372,2.56309364878383,3.48616629929508,2.87706946292048,2.74643668588269,2.45376517741033,3.50396386269893,2.71220264435775,3.09553280763358,1
6.11927559468763,2.69796020223272,2.43052312607748,2.76568372159939,3.39533432908728,2.83888998758954,2.77177300620275,3.00041470751623,2.73886304171133,3.294758283322,1
6.59579982742498,3.0124200609428,3.24595544885276,2.97281648037782,3.3338555906041,3.70855611961475,3.0050762520648,2.89531276230344,2.83348536593051,2.58999237677594,1
5.98210832201264,2.38881318836064,3.06265618849023,3.48312918289824,3.42512105487663,3.10360066901503,3.16269583501577,3.03319085279631,3.42516035890116,3.01045607085532,1
5.25509858939923,3.01858623666122,3.45419541271517,3.25527703380504,3.26447092258798,3.09401054086705,2.78354381670336,3.52807189160983,3.06785795964744,3.11443848645911,1
5.61857813823533,3.23275694256511,2.84888779373908,3.45832087844602,2.98112386423089,2.72032230979013,3.59804624525176,2.7390596199553,3.26425970939005,3.28128901714876,1
5.76320681640366,2.89295085515562,3.02642306960434,3.59077117979278,3.1510929013422,3.43730318853938,3.46223710724683,3.21925463332704,2.96261928576085,2.29852802654574,1
5.88739223579839,2.55784748027992,3.10640099474838,2.48139861514961,3.08013046955083,2.87550887364583,2.8943550655656,2.59315882943426,2.81136632358441,2.59232546622121,1
6.46408262886027,3.27559620012199,3.01286793793402,2.64334445904626,2.89957791303581,3.65944441870132,2.83863191158027,3.61429729082907,2.9382142562099,3.00318149636099,1
5.89210154330283,2.93331310285288,3.283337848933,3.02339804928789,3.3863153067599,3.6362104777311,3.04022972294781,2.78027169598417,3.09982411316853,2.31986790704686,1
5.85444986367856,2.51853138180622,3.34226508193615,2.46555965624858,2.97557373085072,2.24940334011311,3.16705139711757,3.01533672551705,2.82888123837402,3.0187369434699,1
6.65346585999996,2.71388437514238,3.16688518029876,2.86899723493547,2.84334967356693,3.20245414623504,3.40309173228124,3.14280548103443,2.85038728033419,3.20237334617359,1
5.9756089852807,3.51268850270117,2.87738015890738,3.48280133031474,3.1420219283661,2.71960134028329,2.86894326052031,3.64756937366061,2.99268910023531,2.44358119394078,1
5.71514728331653,2.71103633033585,3.14242400480436,3.00736400241365,3.12632681030468,3.36949311386481,3.25253618613364,2.48093524949007,2.73010915018336,3.17037454571636,1
5.78507879864575,3.14654326459612,3.47104657625766,3.48468892540184,2.98887160682003,2.83197256244422,2.57235177261107,2.37162269971704,3.31851927929747,2.86821865450361,1
5.99240347803949,3.00338015936195,3.54623207180258,2.47395220335489,3.36428576199369,2.60880180928635,3.160586120565,2.96277126860683,2.674270014066,3.0930800527156,1
6.63612486675538,2.96193729752711,2.65922451236573,3.17139181030005,3.03390662599862,2.76516385805901,2.91805391410961,2.7772065600061,2.47004217947416,3.49712144676387,1
6.10483743147434,3.1142723650807,2.07842293489502,3.28102493139453,3.30995776213455,3.06213152654023,2.92770672992005,3.03073533489182,2.42126390964299,2.95246236179775,1
5.73340088393531,2.91599193603882,3.39413868390311,2.49688546314291,2.89554577697557,3.07191156598359,2.69338836708217,3.01448498149622,3.58270928013221,3.51241080763124,1
6.41125150632876,3.070372800658,3.5783787384911,2.7922590027952,3.17664275723145,3.17919084147142,2.73808517342579,2.5604595279669,2.51481058972688,2.9557300477916,1
5.41629222721572,3.03652021753947,2.60160894829414,2.76814812500481,3.26004697475479,2.41874152374938,2.97791715360818,3.04904328423154,3.09134165664301,2.41177447685919,1
6.17576617103749,3.32014570065053,2.91789941158994,3.75372179743012,3.25584917814042,3.48488503733577,2.93191795568586,2.76853688005421,3.13018227758374,3.22360964179892,1
6.30281347683887,2.5193193665145,3.18945628019248,2.54996817020029,3.25507550841563,2.54539362571628,2.76011801544945,2.57708768489181,2.89057847754482,2.67545959138744,1
5.74240830164955,2.46966864665016,3.09016182213679,2.50323161913125,2.74423361038203,2.50431967089372,2.51895394290977,3.15158734704685,3.05229916365734,3.13970205929491,1
5.80951806054908,2.4730793861026,3.23462835570064,2.48028099233399,3.72755226797503,2.8692585528233,3.1709475804903,3.06309240577547,3.34342575787277,2.97736112420943,1
5.86455151233086,3.13100437120485,2.83239982143482,2.94124798208217,3.51786262239178,2.86125290810925,2.82546174388809,2.59799275401569,3.29395568717425,3.3773909580472,1
5.71370106528523,3.50680884833504,3.10941253101777,2.60819892483552,2.7283696085639,2.63276570738656,3.31524021576007,2.91001309241845,3.20994912020743,3.1803112277093,1
5.67460041281747,3.34643680581829,3.09808412693172,3.07637600210006,2.78838150057878,3.1113088463821,3.25931985319599,3.08297860181554,2.19835843396988,2.40778804428516,1
6.43410705131691,2.47312545380167,3.25537276319753,3.31626835830262,2.64069407412967,2.80730531722529,3.2424655520246,3.18657052484087,3.3086288003908,2.65856708822813,1
5.76642363710752,2.95518412546804,2.95697300036158,2.61161983456168,2.76008724849218,2.78868213767165,2.65738284622959,3.74578990424094,2.804624405259,2.6888428856384,1
5.60426755716785,3.14539930544094,3.44435385894637,2.95831743269176,3.22937999702336,3.19660355693958,2.80666805031517,2.82911362104798,2.48445546058665,2.99847593257018,1
6.32736421912926,2.89584241971174,3.14812586516848,2.4075218382309,2.27857618754289,2.9311814688773,3.2395820784447,2.72599266338704,3.11918398874694,3.22129431660781,1
5.72216480170423,2.3774883205151,3.72625425922967,3.22799262354457,2.92940257296952,3.01967051017244,2.96239083648358,3.05355243621471,3.44904851324529,2.9370960826024,1
6.33054997237425,2.87335310516576,3.10256141806215,2.21177305549629,2.48172040876927,3.32202426575378,3.1784160438405,2.94383323961117,2.82662892668934,3.29034342099899,1
6.08353640635653,3.14846936271363,3.01890132758183,3.44616907969684,2.73933137531564,3.2077116849053,2.57599157857277,2.94570974544598,2.65565090035531,2.72363599343782,1
6.16042852747209,3.02583924632735,2.587845257773,2.98456225424987,3.50492581446439,2.86737303451554,3.19650710572624,3.28630153202278,3.57902053565596,3.02261992861182,1
5.79081072580079,2.66252589869556,2.63560974642135,2.71349576471225,3.06101819657972,3.66404568880671,3.20608635044003,3.08764248530668,2.88440288288039,2.79476946437704,1
6.25939757309017,2.52072405701547,2.94007299126185,2.8016253896282,3.2572794776538,2.89314083463199,3.21286544292599,2.9317329470262,2.95144864358641,2.71385162824269,1
6.36787098316504,3.64465381345993,3.36042346593905,2.60931298941688,3.1965020727718,3.19570267899451,3.27184436102163,2.8795962795793,3.53585117821195,3.29722222159967,1
6.62112369686748,3.31031642309443,3.13583963288038,2.54296837072887,2.56016307763167,3.19202888161578,2.78583172158878,3.21839905582292,3.15044472922342,3.29500945593706,1
5.94975958896286,3.38573327314813,2.6707288618758,3.13645666478868,2.51571294585496,3.2596914180208,2.99720308169429,2.71799229366662,2.8531645351139,3.41921628143053,1
6.20830361920096,2.53378893199125,3.50795828633384,3.26267406262526,3.4740674514042,2.86034469164191,2.83985008184586,3.41188866399002,3.11114158524524,3.09689037318053,1
5.97128404272476,2.4931628118625,2.78620885075639,2.67371910425196,3.42071094012693,2.86295329655686,2.47745309324901,3.51159494330501,3.35450213775081,2.72514491864492,1
6.36291594530438,3.31231229365635,2.5853886750476,3.11121594053275,3.02394436455297,2.46563609127745,3.20644348340814,3.21854595375214,3.47184011616423,3.15199180606798,1
6.01749748275315,3.31671694963019,3.02330852992842,3.52116886653122,2.80728321665498,3.3956730195775,3.20837537209209,2.65553222049924,3.06512221034458,3.54264273603908,1
5.30608444993546,3.14265993922957,2.65933058068829,2.75429770538041,2.74085507287263,3.11520187777545,2.35818583560676,3.04210007201592,3.10582432407608,2.64487423684777,1
5.65076004965744,3.19170040526026,3.56852087145752,3.05077261562389,3.31430450738013,2.74202765662906,2.69348597929448,2.55734064062798,3.10435664500926,2.46203126811042,1
6.20942772613743,2.97632068938261,2.84881294781425,2.37286294242291,2.82590077377559,3.16325770164489,2.78989138044207,2.64778980140937,2.68067487579206,2.59754465618582,1
5.86492414777248,2.92349039665159,3.73150762046285,3.21367161436382,3.12599887246328,3.4518195407314,2.57496134346536,3.03334293784646,2.79530938090893,3.20217489235779,1
6.21380586805373,3.11096959386298,2.77681073437748,2.913299951849,2.62749155321973,3.74798744143674,3.1939844692155,3.16100263782053,2.87367754676211,3.07877943418308,1
6.02895825071271,3.21463715943734,2.92928275271213,3.18732707665017,2.9750517714613,2.31898562306354,2.14976947500265,3.21037165438301,2.87964959399358,2.78517038856379,1
5.91756839928356,2.65513054843928,3.34856161259638,3.26126054675943,3.25680071554488,2.77473549131705,2.81682413396827,3.23971712331369,3.50012761655393,3.57300185249807,1
6.3626068129506,3.29337490954743,3.27424664313353,3.21632424093844,2.67945860660234,2.20139382278061,3.26952880117843,3.04960640569522,3.43072263166976,2.91133022041854,1
6.03132288192019,2.86065773705162,2.51528881075171,3.54559692809907,2.87254439952744,3.00687550343684,2.90523188172976,3.30596426439731,2.40449561752914,2.96989687526373,1
5.9639538384369,3.17623121557638,3.62732157497766,3.12827067166719,3.05178796409144,3.03317563745356,2.3105875936301,2.83681229717453,2.64727599106387,3.21588436381926,1
6.28729996379873,3.10213065911028,2.62158531752989,2.44072038501375,3.34020661349349,2.83269153406327,2.33758746040292,3.2572100910861,2.87259349892442,3.11120772213906,1
5.52287650137094,2.87701160624456,3.36718599984718,3.41479839453753,2.3901043830582,2.94571190878641,3.30043241100173,3.49402823887554,2.73469657069079,2.99489422458888,1
5.73266156757447,3.21223205536458,3.47709363830057,2.7443144699361,2.37560359563684,3.14832312670411,3.53012517783511,3.18946395203265,2.83303388400916,3.30154913990543,1
5.73733477746339,3.02992312765124,2.90604420045037,3.63324619883685,2.931798347252,2.50147098136747,2.52509731417374,3.04848476683599,2.84942934827947,2.70992725382935,1
6.08490474270394,2.90398432942017,3.13732023566179,3.49957003364045,2.55106040606299,2.91744149753227,2.68920023587596,2.65278223365466,2.57359589169895,2.50682293717126,1
5.83966077420077,3.11875904112176,3.07663443622235,2.48660904387935,2.29237570727178,3.43276605224751,3.47208974676952,3.02362675524179,2.83638332156598,2.75328000209177,1
5.91803054920034,3.22014130363932,2.61763116251447,2.73175442422059,3.4997542780954,2.53064299751561,2.68523711500047,2.90556664542132,3.43968378721726,2.58526483975716,1
6.37730872582089,3.21792145766185,2.86621226020633,2.68777480811672,3.50482358930944,2.64140349083003,2.49730506293332,2.89606974024637,2.42493787337247,2.87994697740914,1
5.99141115041385,2.81491539043362,3.57518450718291,2.60888503058535,3.36203412570362,2.44607118154894,2.95134083775567,3.09038804221427,2.92079622955451,2.7421166256893,1
6.00645451696616,3.33642358634787,3.00622571485275,3.46638779350809,2.65499550338908,2.8334154888224,2.3280545589095,3.51923356050618,3.24975430242017,2.91443152417719,1
6.2961159595801,2.72370953453972,3.48712000104874,2.9480322828998,3.02010000729664,2.81750359985893,2.40380987017888,3.0925943908012,3.22514680802142,3.04789832973157,1
6.20417146533221,2.60729753367646,3.30735304000795,3.10448737302285,2.27634292358725,3.33222147263793,3.04591546594218,3.52283882275062,2.84742237848265,2.80010343466129,1
5.99005731972514,2.46563633244888,3.12353630961743,3.21164117201981,2.82155711538929,3.55368561146061,2.92788855761308,2.32873850557082,2.99774532400265,3.31543135909643,1
5.73922386870064,3.25698660900325,2.48409452840339,2.69031775312457,2.98665282890418,2.86103462864291,3.49334379188704,2.90815296437208,3.51401185285457,2.48243710361462,1
5.8656049304177,3.19203261403505,3.42951125235081,2.31834680716571,2.63844623126619,3.26971379576109,2.89676229247176,3.16441209169758,2.8612503936341,3.28837260953656,1
5.75263973723227,2.97797343361374,3.09333171354481,2.93597371372186,3.29248207905842,3.29016254627514,2.83013251807619,3.35656271643471,2.37590624336578,3.59910076160058,1
6.06622698024535,2.6591935407133,2.5089616836964,2.46446312747023,2.98590771846209,2.51069149062445,2.9418985841925,3.06612955843626,2.82321359502269,2.85465317794,1
5.89972154808278,3.3247957434663,3.26218477100874,3.02257035728877,3.53327657564736,3.09695871519373,2.7357544668798,3.04841909679793,3.50223445476688,2.7727096739146,1
6.28655726329532,3.01600438685875,2.61330206058695,3.28174591904598,3.5371421972596,3.21472028348754,2.78795119635139,2.61064694636521,2.96782132427621,2.66214037420566,1
5.47215001141998,2.35546046473474,2.94233985002348,2.42409339171251,3.33337766080531,3.22018303377307,2.90701356053117,3.14484829199593,2.77273832842775,2.80498476048905,1
6.14621202509681,2.56277560672081,3.63061877585893,3.18249602063524,2.9625558880596,2.55976408209581,2.68976004083159,3.31114875419137,2.89539921102948,2.58328445541913,1
5.97763447557967,2.95968098346262,3.10044629672351,2.69900833540867,2.71253844828275,3.21395688114606,2.44274588712403,3.5021831628551,3.06204130309793,3.29315874528486,1
6.0777268940508,2.70970711512637,3.19802413589932,2.67095095988971,3.5396916134596,2.87144514079634,2.90012860997967,2.78796545873445,3.4969585509126,2.67111867276897,1
6.31175198477342,2.98233725659376,2.83628772881106,3.04291363227653,2.83396820810509,2.64266439235299,2.80329147495302,3.35977695518142,3.4900074372652,2.95684459743737,1
6.10305805252815,3.07929794091094,2.11027132936436,2.77445142587494,3.20956206770707,3.23963131073598,2.93978632700275,2.44233925727915,2.77110145075206,2.9296422415715,1
6.21605705950995,2.71068024009308,3.4282709911991,2.71543414094544,3.00593025799287,2.22816211414324,3.25192835991276,3.33683000730655,2.75798823339808,3.35387857000189,1
5.65106720566888,2.690241783757,2.76255020208272,3.24591643041543,3.18456074128713,3.06714976183172,2.44895193592786,3.39770178147942,2.73257547325732,2.44989287281441,1
6.10898596004701,2.61247625587193,3.43058251007945,3.51902110949615,2.51801864464329,3.27702829317682,2.59291430625868,2.63246433851707,3.15592247062302,2.68145057741787,1
5.91911791180578,3.28035194856865,2.64295877221499,2.3758624339859,3.3892013332003,2.53073690275372,3.09588219155517,3.00414178973599,2.55014128835972,3.28793438731329,1
6.08845872788034,2.71662735672289,2.67563559904048,3.11806203687356,3.31123894594108,3.31371447864121,3.02441930126856,3.00212256230191,3.60104518649589,3.74009986009496,1
6.42380724244985,2.88438115082332,3.13195197496149,3.16065151201864,2.46565254170216,2.36402060579644,3.03203129289371,2.73955266731165,3.12879181118515,2.44913182971517,1
5.96154290671364,2.82287265885702,2.90753424314039,2.68740076968495,3.05642725374002,3.27774648627293,2.21358274572151,3.1945672681413,3.07896528311739,2.56167080414763,1
5.89999504433672,2.88954342381586,2.92421699171129,3.69972036270312,3.10581023307807,2.29384924680092,3.15394758141453,3.14439733987246,2.76525822030725,3.31837120212442,1
5.92545254688996,2.71456207782096,3.11033042770101,2.86865045748034,2.10337900190806,2.65063179506239,3.0578543077831,2.73721943571044,3.17260766999225,2.70494409903695,1
6.17037812255626,3.58346812226479,2.93474151259258,2.6479215278925,2.69900283754349,2.7796332337523,3.51695706880371,3.32173512401221,2.87119947568579,2.4502160980445,1
6.43566417097389,2.87106486819441,2.8592660435997,3.46235648925235,3.25693900784667,2.94373981300822,3.25013268188689,2.55617524818367,3.69024322591198,3.18249775426965,1
5.83685940043711,2.56855588893807,3.28696866516675,3.23572251515239,3.28340296791617,2.8764505839094,3.01557449985277,3.03053648826636,2.43804801363751,2.39253643610404,1
5.84565777913503,3.11622778512193,3.48568815205113,3.25100577488384,2.9215508179984,2.28811603014365,2.8571773556703,3.09256635205218,3.09289399711114,3.30099879248639,1
5.51238160937898,2.34809039487103,3.35185487360656,3.46901560654794,2.54944344779055,2.92904155316712,3.21014605095724,2.8940885399336,3.12210399603499,2.96957507417994,1
5.51171038191686,2.95546234859222,2.86649892738181,2.97784103979804,2.88151907318886,3.52837364236459,2.42877834413606,3.15106352434013,3.1051572883458,3.27372138963,1
5.74808715628571,2.64987999793419,2.43127017368336,3.12310940931346,2.29288659946537,2.94159640792181,2.69039782147169,3.32282306204079,2.94403152856841,2.79090307484787,1
5.76249074193191,3.31380800773658,2.84900676511958,2.86679179564825,3.492196485121,2.94832811920785,3.09271486234234,2.60233202569192,3.68306251469547,2.46153845005645,1
5.74353846327942,3.37517092202774,2.98089932479921,2.77208086421469,2.13614164526662,3.27670921809109,3.23145817035269,2.95068491334394,3.02488223098481,3.35711508842475,1
6.56699015279429,2.91860245890339,3.00147952957051,2.86553747365236,3.44834001814415,3.40365465864233,3.15881997981926,2.96680270602269,2.37382539312602,3.22970419800888,1
6.08181974625001,3.77969839640076,3.07178446073979,3.40576642340309,3.28588355909061,3.37885386957445,3.35625372633091,3.26778572605778,2.65360725883159,3.02175781349728,1
5.65817259443471,2.61992354238789,3.70020250023935,3.01004362558756,3.56432628704707,2.76510396835132,2.92726273464411,3.40255833809385,2.70719470448702,3.11334751419268,1
6.33423021682594,3.46010131046261,2.92405595639473,3.23125126355615,2.89287390861664,2.70741713327194,2.60557186446804,3.15905055597089,3.23839328355554,3.18387515071515,1
6.32703094675126,3.07016634290012,3.46258819838809,3.17668248587692,2.18486148664509,3.27155398949934,2.6635443641354,3.12023385272124,3.16140291100326,2.98161020925129,1
5.38389603398056,2.97899390570608,2.98080172530118,3.30508336994124,2.8498313233037,3.58076293054232,3.62189413864406,3.04800565396004,3.33061100240178,3.17602350556398,1
5.90980467961972,3.30412833302817,3.52068826332216,3.3312857039371,2.54437989343264,3.3988172179922,3.41899593798943,2.47541603299112,3.19563132147449,3.05578564880076,1
6.21916738809971,3.15571771887324,3.14301115522462,3.01081065594154,2.70323260437896,2.61977674769766,3.08216883351243,2.79439611241625,3.82155727585569,3.2100479739112,1
5.71509871858926,3.95222382658644,2.67898811719218,2.75996166432543,3.26505247119864,3.19987664569252,3.22033194573585,2.92747906061388,2.87605512397074,2.99005515091596,1
5.89900333757241,3.35508556388911,3.10881982784378,3.56523532135292,3.29657258574477,3.4587448268969,2.65462576124389,2.40027076758042,3.3409284670638,2.86073524625745,1
5.86986892078388,2.39562797390389,3.27469908360977,2.86881186497393,3.48261563003908,3.04507548057859,2.91441267863248,3.30649181261926,2.24998430319597,3.14137921783879,1
6.28640747349156,2.68803377443928,3.52614825504346,2.55584512913086,2.70474965951614,3.26012434105537,3.58621111795426,3.3999263531042,3.22227049660826,2.92714797791944,1
5.87007754024696,2.8891692446774,2.87133136670946,2.50015217860831,2.96298785099822,2.46112512567396,3.46802684148269,3.02014597264921,3.21605067488329,3.5688277516949,1
5.59954396869374,2.85023292631632,2.92419268164785,2.85656685898487,2.32541395289126,2.84993874681695,3.1711768751486,2.7036309808942,2.26388546422616,3.00236248607619,1
5.70089814222886,3.07449727787615,2.76665721241527,2.83131894870307,3.50402111388989,3.15889098334901,3.40896098422331,2.84602179547168,2.62074001722255,2.60009209242434,1
5.82421637365712,3.06618501617193,3.75417244958259,2.82559685453683,3.3885513710223,3.42791982582661,3.28846907893701,2.74475143583599,3.01202432708003,3.50249261467884,1
6.05177474706317,3.31462605861866,3.26192470720298,2.93686762364226,3.09267518908006,3.09518145610052,2.25357356975236,2.90071160791509,3.15785831267615,3.47652264526865,1
5.75448594905069,2.58292799397396,3.06595313271716,3.65336602378516,3.1480932406046,2.86860440974014,2.66355792079491,3.26603977762626,2.47993848929805,2.98861476012656,1
6.49062182035709,3.2094478545423,2.59668164999574,2.9969990249974,2.73083070903402,3.02140176148976,3.11905287270135,3.33516688064714,2.93935432895372,2.27541171815221,1
6.1562948210408,3.28954246590072,3.44734432181509,3.23760983536284,3.29626850766662,3.09625402408152,2.96910538728699,2.71665659357818,3.11089360413876,3.3859321896304,1
6.66516597381819,2.88901523989659,2.30737656551237,3.09850592024644,2.96788416294748,2.72975396380833,3.18741716076789,2.67166871476921,2.89660575653062,3.04249530739158,1
6.33845250271587,3.1667034095974,3.15388577170405,3.63654938334143,2.37293960355024,2.69816959583048,2.64705855908033,3.36653834812307,3.17337661600158,2.94141828242123,1
5.91669782116776,3.15178966353153,2.57441701849716,3.27323342359708,3.34982402822528,3.04315700404004,3.26529680378113,2.63443519781676,3.67414018774045,3.50451165209707,1
6.08162403002929,2.9332096055144,3.22427032053958,2.98682666536569,2.59256999491492,2.41142704938169,3.09317590644875,3.26433886660571,3.31524648345097,3.30470432294601,1
5.76776606505216,3.41996046676267,3.26957234185296,3.22407116797549,3.42499868408849,2.7069031658291,2.58009697209791,2.95476694801053,3.5787682718982,3.08008458995406,1
5.53466962068861,2.95045973615061,2.20182196880614,2.76861187148173,2.55247995719385,2.97275803128276,2.67970481331477,2.64808422745139,3.22228721324723,3.07270664427788,1
6.14903142452896,3.06363773615489,3.44766070440195,3.30467215299248,3.16280465597506,3.42602174478392,2.92034449880282,2.49136162640316,3.56939851460614,3.37667694363619,1
5.84255073394541,2.39398137238586,3.61235929342199,2.74228960872226,2.77652523643576,2.82149054108851,2.98692155981393,2.94624662461226,2.90493623741595,3.56856123534306,1
5.9913212226132,2.47575508980259,2.44171919792765,2.98647275933689,2.90708072606914,3.30123468473663,2.82393860216811,3.19979096328353,3.13151054002572,2.84770501631518,1
6.42332985158898,3.08585766960289,2.81054678194064,2.63458247792425,3.0930623583951,2.29520542042169,3.24217794022763,3.4997836959586,3.27030358517368,3.27247329105928,1
5.89507474296537,2.85374401020321,3.10673775235699,3.18893587706475,3.13545175820556,2.94051163068286,3.62545756821831,3.67802615642918,3.6023283428192,3.23560203920352,1
5.78887816471258,3.32871744744121,3.09216553238735,2.84818143196793,2.81248088851365,2.61227346388343,2.82641140253012,2.78033975179676,3.71419792715829,2.54306374337874,1
6.4234442348659,3.20271802452955,3.18780708555582,2.34854287296376,3.69004241486647,2.69416867990801,3.28284154673344,3.08561577391484,2.94992848707451,3.20246706518758,1
5.92738902299738,2.74635188904446,3.07469065514739,2.59662419464376,3.38055141141837,3.16181839304314,3.82006500800362,3.34323294360006,3.21161826594372,3.0598211846214,1
6.50922776307935,3.07049416791211,3.05016512624685,2.43445543175478,3.26714117692395,2.91933105892961,2.52023676702868,2.75903397198299,3.27879047706031,2.64686894735305,1
5.90666444998855,2.87184618103907,3.51684199518704,3.73153675274294,2.76129549508174,3.34876584534041,2.87946078858131,2.81112549226057,2.81630871242356,3.36255941116839,1
6.14147007101541,2.67324550714316,3.38460717436251,2.96839595933393,2.50939577563936,3.00511818468828,3.60239622806922,3.04946616787588,3.54318876093368,3.03966650045408,1
6.4543547810594,2.81476005331095,3.38415239826207,2.85774558638015,3.51054565753839,3.04169002872547,3.10107080131137,3.01517731196698,2.81045274373335,3.63938840102824,1
5.9690942340665,3.25250547865949,3.19853465153859,3.2128765306231,3.06722561346747,2.80902602929152,2.4503548585304,3.63203063706456,2.94959198350164,2.69551473169707,1
5.95368166342506,2.59185842439793,2.69427687715803,2.60787847087057,2.79034624245867,3.12686857235749,2.92513416304411,2.88979970049015,3.59838140735485,3.51987567333514,1
5.81202079094184,3.55817233039417,2.73105742648538,3.48736384703621,2.92561865811345,3.65373871687906,3.0905661035348,3.21881863982482,3.05846386670044,3.27653787091548,1
5.58656350490144,2.89735312195512,3.00919486996973,2.6566965256446,3.21563357856839,3.00377931813869,2.54113249815379,3.19884478421429,2.78879047458908,3.7780292490342,1
5.91862947142814,2.66516293480793,2.60993382306959,2.72251921864331,3.11950363623503,3.14742433924112,2.95339600684659,2.87708157761624,3.78176151884228,2.84431011007146,1
6.05347695234433,2.92212398281628,2.86763297175095,2.73230779959604,2.61754868446406,2.79188367210314,2.64653556693816,2.33416515998159,3.35711069366897,2.46931172195354,1
6.016048648562,3.0924699121026,3.29932706876728,2.40539611001173,3.75524891229366,3.47262550132515,2.87563201289155,2.88864371369074,3.21080560708549,3.18721824611072,1
6.1805448094549,3.31395311327634,2.96769556550382,2.70108837428577,2.66952113369392,3.38652015676485,3.06133111187289,3.208348166235,3.404576738868,2.78397263245713,1
6.42031928471531,2.96513823259045,2.3053305436007,2.87578328219794,3.00916255750716,2.98962370053737,2.64239337941358,3.3259593416692,2.74491884268873,2.97961732113418,1
5.68564699573118,3.06544524165221,3.20303705818497,2.18600906330369,3.20934983914618,3.08464748069139,3.19010933245212,2.98854442426986,3.4844496506841,2.60725612192134,1
5.73071768052156,2.85283086579679,3.14649802255207,2.76811068789976,2.78230181658254,3.3386292268476,3.04331186883671,3.61212663031118,3.0907589806573,3.47419392566503,1
5.58086630837514,3.23778066065149,2.4976208826048,3.1284352969867,3.39995941469222,3.53339453352597,2.9529344497259,2.50791448716194,3.08990262273276,3.27480317536468,1
6.26707392618126,3.05760610557203,3.54713483197674,2.78453251234985,2.62764026163495,2.38063254546684,2.86762988410342,2.70685371701532,2.5937326721757,2.96250500674897,1
6.7386779090435,3.13516287320036,3.06773046701195,2.64179827794475,2.95235644509353,2.77168151070101,2.58539742315245,3.10160756575067,2.4602981918743,2.91801689236888,1
5.83787172155931,3.40409218262137,2.87096215941795,2.59979802281835,3.31641890871245,2.94258470725478,2.82425392767439,2.87674487325258,3.1782202521148,2.99186032521861,1
6.50163697492523,3.2344698900408,2.97483919237968,2.77693240964379,3.12638150696279,3.02743445032145,2.73821835104569,2.05380643669437,2.84148942176002,2.92166831809559,1
6.55672760212516,3.2392753561149,3.50600184750312,3.09678415648852,2.41045418413757,2.76250797710262,2.8149209234309,2.88936188676212,3.31598658606128,2.79350186229926,1
6.4997633471572,3.60655190021548,3.16771641203006,3.30256017787944,3.34820148867763,2.79139331056274,3.46051861989303,3.35339174794692,3.05694054821024,3.16861432304441,1
5.8039409081346,2.94851370115181,3.30098322436719,3.10748616539289,2.52884761400854,3.15538415577849,2.75346368274904,2.38475252077421,3.56637206843713,3.0488623055911,1
6.14171870584949,2.40765129764741,3.02251942559019,3.31069387607938,2.65815279679551,2.54770081942932,2.9941001205541,2.80056560271967,2.36964104800651,3.17417440877633,1
5.71284008914452,3.08308426227944,3.17198260986467,3.00243401074221,2.48845841821369,2.88791451841207,2.96130896396819,2.95445190068843,2.73301959135776,3.91505275078898,1
5.83726728372003,2.84295007833859,3.46028958457488,3.1593393354298,3.07397923608006,3.05052942797793,3.54828029760866,2.85262752631267,3.10600202580126,2.35095744581482,1
5.82743106287787,3.84117923753982,3.08430942762967,2.56022359722731,3.02181431084531,2.50923032126073,3.15583737070733,2.94442408718203,3.0435295563775,2.75756652809073,1
5.96952860363675,2.96460667826363,3.33963968210871,2.63215107280793,2.63712467667293,3.00281517110613,2.17826818569506,2.83922824523162,3.1815369763826,3.3011556168371,1
5.52304116147807,3.17885719478237,3.34392966457243,2.98967860945063,2.4807723263338,2.81926148432342,3.15702506761269,3.05924705621925,3.15098905541579,3.370056102231,1
5.91761842164203,2.8907899868118,3.72995942914184,3.18955075618046,2.6580059828986,2.98850371131171,3.38771436630539,2.88028986803816,2.91823724772912,2.46687842049878,1
6.0579787254143,2.79823624194454,2.76535821809857,2.34502267352303,3.50805437231735,3.17902313968759,3.13199824994745,2.75064246956464,3.24752608603498,2.42453411770033,1
6.40562835042716,2.6211281310772,3.28910613577851,3.23362725039306,3.37963368281316,2.79993565039801,3.01034053387806,3.36020155570326,3.26578248087149,3.18692719509378,1
6.31138264135085,3.41351729377162,2.50966585833729,2.74351680014615,2.6450985451223,3.12200572356654,2.90833759963105,3.37367250553526,2.59117729087949,3.1402309190002,1
5.90575293727149,2.87658556016827,2.89617480663105,3.12432272233882,3.15313480690083,2.926344678996,3.05023000260955,2.68412119918253,3.37948719706562,2.09395048385851,1
6.52079530774991,2.83541732240928,3.49484390822656,3.22721105379952,3.17304290783671,2.84120903336151,3.73545571024275,3.05103101309045,2.86469902368543,3.16084862889988,1
5.98102018714614,3.2120857765851,2.89730052703241,3.32017654991982,3.21783109889237,2.26251873798982,3.49912502428293,3.11145022361193,2.44743484524841,3.07012452188013,1
6.44481523871814,3.24954282158172,2.69497621905428,3.35840504380912,2.81655680711371,2.34310216007735,2.54479105851575,2.66125031932704,3.17930696285013,2.71472025413245,1
5.89554517940501,3.02448573333122,2.60923527075218,3.03797329303472,3.11441279899058,3.48428721417988,3.68102210976833,3.26449800614284,3.29815433672321,2.98489859439628,1
5.2539102124555,3.06896135091535,3.13944173389797,3.42664845383665,2.68185007734808,3.09187380346388,2.96203667563982,2.95885438411772,3.64807676902454,2.9874751471061,1
5.7499835765883,2.75930942017236,2.42694641884327,3.35554269453193,2.72208327835734,3.3478767104779,2.60839096266031,3.06966115798034,2.57080215451224,2.85149018183704,1
6.33775839074673,3.40803327456115,2.88526416647559,3.20427694186817,2.93784447845739,3.0876609215396,2.89184974064999,2.122180733186,3.1020667268421,3.49969278162201,1
6.00940835797284,3.41424514132995,2.88327728801137,3.68922756126556,3.43997381295043,2.75478525985749,3.14946071791128,2.93286025785062,2.84666570124437,3.01984803223117,1
5.62438899721595,3.101433793097,3.2805388500292,2.97497099548614,3.38474769392065,3.02232273065994,3.1154296652555,3.4320436705457,2.81731649173319,2.59974737511882,1
5.53934704761375,3.25960105043039,2.74437110722931,3.57933800849337,3.54924616369867,3.25189845217501,2.74600975171689,2.50337359498643,2.8211067862617,3.06181123001784,1
5.67743836359527,3.02089229327058,2.40278821046485,3.06771183126345,3.65567636817687,3.01048635324096,3.03028273484812,2.70909821166563,2.52856673586498,2.78655628767617,1
6.06709771322384,3.79832648028493,3.01847195455112,2.87199944899521,3.31687797522908,3.4776666565173,3.36187812645328,3.36548141127947,3.0053223176179,2.86886862427422,1
5.64516563488982,3.65776424962372,2.95890690003549,3.10319849242207,2.35829123539124,2.96322792469394,3.14466445607288,2.80753487238016,3.50507071395762,3.0672280762528,1
6.36952984003213,3.42412896648883,3.12833698103038,2.70465305888223,2.79785743001957,3.31975299804889,2.77166707697831,3.02121557787411,3.27304715337936,2.60159056823686,1
5.68750512634055,2.93071192747875,2.93235023499478,2.88282918840051,3.52330157970079,2.85979728875269,3.4088043645563,2.81348024093349,2.39180451185958,3.10908280161662,1
6.28574897968693,3.17612217646218,3.32358566874914,3.19508519245226,2.82920430266094,2.29897197290527,2.64638062802234,3.20537477910362,2.78940452694363,3.49597621824682,1
5.57434915144647,2.6726222792021,2.89574475718335,2.49476768599758,2.73593894739772,2.75752303895925,3.53831701214579,3.16600464362844,2.83989228630164,2.58728266269053,1
6.31641464838346,3.00280957565367,3.42489295970786,2.48703970164272,2.8745620993316,3.73484555835635,2.83370587135231,2.58337944164519,3.14405981707482,3.15862230090255,1
6.17871534753506,3.08574552730177,2.86444763575503,2.83794166412465,2.13381578669596,2.84596554794022,3.32696311553573,3.25991130820979,2.84156978816297,3.13055853493729,1
5.64812573808008,3.15370635880185,2.74005036554288,2.78868757560593,3.15474734291019,3.64450541636123,3.06853707885209,2.48498263838485,3.04215491704902,3.41852126473662,1
6.15041209930776,3.25460490618558,3.26819590579166,3.42938606463762,3.60338746705202,2.39722027884339,2.83024016488417,2.71069309327306,3.38311354450923,2.83133700830699,1
5.68813954903517,3.46182004554325,2.60234761971119,3.43800807064446,2.88519939450996,3.02902887362574,2.70741761669236,2.46503399011273,2.55262217056203,2.64573535891461,1
6.00988546273483,3.08437909360159,2.65429718252361,2.43388452631821,3.3915835051231,3.2027002908257,3.03667370464619,3.28070750764902,3.30769301831089,2.65636976430124,1
6.2349601607308,2.56086208603212,2.72394653780464,3.0795937655685,3.17829079294626,3.33575622556188,2.68984913868514,2.92319153463881,2.48467212269909,3.41693500701688,1
5.67871746711957,2.56406026220441,3.09887764567945,2.95560788219065,3.12225765101374,3.24595535087489,3.77185190288879,3.41037667525939,3.07947700604143,3.07818192525443,1
6.51983687000089,3.2405554368269,2.90727531426577,2.73424390531612,3.03782623379942,3.08221880103267,3.11561284678989,3.13200330598917,2.36679342786159,3.27251908096248,1
6.02886098782249,3.13982773888735,2.79495216133443,2.04020645060358,2.88044777382275,3.26212028997788,2.79064598793581,2.98699834119792,2.83152037144758,2.9058652994652,1
5.75483699904485,2.83302876107749,2.66102078535908,2.4550640609544,2.86916449336929,2.68096792755788,3.46764242429057,3.42514436099932,2.82131626874439,3.28380422735447,1
6.69128760618169,3.29306762111794,2.97682388618102,2.90093650732472,2.92039652417277,3.44809635518742,3.65307332952649,2.97079248390867,3.17315044694125,3.34179027357108,1
6.25030823923764,3.13577884636646,3.67556998115192,2.65671738405793,2.98553694417124,2.49006632892631,2.57485968927381,2.88819106452534,3.45914623291011,2.95436345105259,1
5.99676024718905,3.44435830659025,3.10097558090205,2.98727589604299,3.49080115867765,2.65113588780878,2.90712994417243,2.91557963351191,3.33974242511843,2.31312263749375,1
5.98562678812778,3.19393325764705,3.00187509566298,2.68642372277251,2.89882531306809,2.89526074691004,2.08873708267193,2.80285087992827,2.97711822324269,3.56574949368663,1
5.43365013764041,2.65727531973049,3.2461853335336,2.59003847381195,2.51251594783709,3.05194568936389,2.83178643861839,3.1142815211233,3.30662412215836,3.4627271543097,1
5.66230527717636,2.83714634121624,2.37762583356334,3.04675840468661,3.44997462628655,2.23365171839116,2.86585768637839,2.82224513954272,2.91781003884474,3.08859742744342,1
6.5627979438078,3.10892479472177,2.83230885928999,2.59093909575699,3.56193767112345,3.54550742492584,2.60500702515031,3.01414499617103,2.82523291529522,3.12945675319303,1
6.24271498019492,2.99781122820782,2.93505549963631,3.41614381750106,2.30637501304195,3.23028859047838,2.68919079122115,3.21942693806579,3.15095354356491,3.32959044595434,1
5.79142983545488,2.56062312677743,2.90424789936036,2.89431993291155,3.4148795487064,2.75859511762102,2.98723671252629,2.5402038619837,3.27591826275115,3.06923403249825,1
5.48185121865367,3.58618525340668,2.93155248200834,3.06557572382141,3.04579245135974,2.90031166353194,2.99095320982693,2.76327605954925,2.97622234276265,2.82647312057013,1
6.27873497551717,3.24151698408675,3.64025955209345,2.84511447303633,3.36052915622451,3.08062290240809,2.81466358253143,2.84955901813186,2.35096701226805,2.76562523296783,1
5.65443948229533,3.48938257019451,2.67112247566314,3.25090943315943,2.54477633001056,2.80346692737897,2.42604979478621,3.23666419198711,2.89586871682788,3.26825051028271,1
6.24210650448188,2.88714474295653,2.85383267850562,3.58357669559532,3.1759435991004,2.92694646825004,3.32515726224623,3.17614036919011,3.598833207401,2.65603862578912,1
5.94821565947637,2.40259821691467,2.60309243106883,3.05725283517023,2.7878894456673,2.96287564214194,2.96494738327819,2.56716786547211,3.71581824621585,3.31839594514571,1
5.7401290288334,3.06768581664859,2.2789121789504,2.64505277531839,3.03939499720545,3.00667476630352,2.88864045221738,3.10154165886668,2.407518782153,2.61614664603265,1
5.86959578078153,3.19990306745961,3.67763903885112,3.22334637577011,3.58866161313153,3.03724601746296,2.93228368537263,3.12665625995765,3.38260208876213,3.35003563754285,1
6.37668929898075,2.5175612097065,3.36279256392405,3.2767279554106,2.76213190247388,3.26274807809556,3.52021451196873,2.64103726871423,3.51347596594194,3.00301857446307,1
6.17167837574818,2.76686546132993,2.85573744291467,3.47126870570079,2.6542194089167,3.06365327762018,2.73858749602538,2.74175824790104,2.46468306963736,3.59776916604056,1
6.57713486077883,2.37003232715488,3.1441195640059,2.81254535556762,3.17340021207166,2.94906140052361,2.73228981461089,3.50263681738533,2.77421645547538,2.71009107348586,1
6.03230822544815,3.46541641594132,2.34100297965344,2.95825348424126,2.98522117124365,3.25726395719439,3.05147329774046,2.5339596627131,3.35725447461762,3.20748502766844,1
5.52308059931041,2.61810925596666,3.05887765700468,3.13194597368898,2.94381905305733,3.16083864589854,3.06103595272027,2.77226288956929,2.96506867471185,3.27261767144855,1
6.22048034151637,2.19657806795001,2.90696650385147,2.78018708913674,2.97613456468571,2.6127423896064,2.70147595573179,2.72298119535994,3.37012095450757,3.35923176340916,1
5.71559748902568,2.96279294763367,2.96492933137809,3.31314561286759,2.71049792729892,3.33026085523372,3.32580452684224,3.14289560883912,3.03040940382588,2.14035198533713,1
6.58222446815489,2.79557365801886,2.73317589266516,2.44293613435356,3.16564203939707,3.18846463403048,2.75004671359358,3.20062616589028,3.46260598167367,3.05343405993301,1
5.80095616046892,2.38038983069904,3.20904425400339,3.12693995221104,2.88546315300799,2.96964308408862,3.19620763599387,2.24447030361766,2.80666891555334,2.62680969063444,1
6.52276021232264,2.92487559180204,3.05433020905556,2.86939424266382,2.99101001658361,2.36470302759668,3.28497699710182,3.22569070041791,3.120008496721,2.29732039006979,1
5.74120165361597,3.55296455345155,2.77544823075896,3.2427302631619,3.53091120934292,3.40716130348905,2.47618632314203,3.38211459293659,3.06708035172004,3.0842640896842,1
6.27540530224178,2.80066385454632,3.003266326798,3.3127680888678,2.73735985364772,3.05277529665468,2.9096028704401,3.60770767414244,2.48991164974162,3.65737113711925,1
5.69380835139094,2.85274483509673,3.10161703948294,2.34966857771419,3.2381967277306,2.92662952611212,2.57342842455718,3.13842460344925,3.5682246034961,3.49695036152858,1
5.64840833710143,3.182180961811,2.84906894789713,2.64377343832879,2.92156413560597,3.53047829832289,3.25440691449215,2.49096731590998,2.33763747632757,3.10878207513114,1
5.58564153509142,3.35316182624305,2.81917944002719,2.61221202553188,2.89696083436087,3.52014930890397,3.44251004302794,2.73839394919665,2.56305880404406,3.41536480597672,1
6.24121103766247,3.42450720627503,3.13694755962052,3.17743650097555,2.9024312227186,3.03357768350293,3.44774627229477,2.90953882741058,3.85173985651326,3.21923851283621,1
5.69673227671861,3.28088757029603,3.28308161332432,2.75468306485913,3.0739749399228,2.6310292973466,2.55600046522132,2.3561039859741,3.02114331390529,3.09725543508849,1
6.41724649637757,3.51196385620323,3.10486030948542,2.64204598617281,3.48538479655386,2.64877591503402,3.18391574736171,3.37985414384836,2.83895939756324,2.53077957126091,1
6.18963595022462,3.62095413509981,2.98211436954919,2.69590353696794,2.92715709963174,3.14823637507031,3.19294793252367,3.09421996634604,3.12870702534046,2.52361359812897,1
5.62961420141768,3.19586167282962,2.85589017273346,3.44922068518174,3.1705550696377,3.13248349126032,3.3862203396351,3.40480101981218,3.18744318809471,2.62316543703267,1
6.45337395690024,2.78382650460614,3.08410085158386,3.4970531842519,3.60436574016139,2.67547094675997,2.49868665540913,3.24194125905889,2.84975724482249,3.12768785815455,1
5.76491411736714,3.79137030865957,3.2008541085347,2.98477029212751,2.6452737717733,2.62192739517663,3.31321578238313,3.51678790831869,3.11777188402226,2.96922197883999,1
5.94508602442372,2.84741893301446,2.97716902898389,3.33671976205521,3.35922725684422,3.16251722582344,2.38798480667045,2.65785902419902,2.462931025924,3.16097595504747,1
5.71778933517013,3.5239592817585,2.82743303223882,3.47904482947797,3.11560124641292,2.78655286265493,3.55523363598501,2.63778314750203,3.5030545048035,2.94078136460607,1
6.01000818661222,3.30548345107667,2.75546105850027,2.8484851882134,3.07887546738861,3.27092368378674,3.69116796953787,2.45958213683255,2.95565684004638,2.7427736461646,1
5.55765418903012,3.36052009334725,3.39858494782741,2.47463006216553,3.21216160695358,3.04055992948837,3.09036922050538,3.29798463949435,2.59558152680899,2.791734749593,1
6.4711705019079,3.21594279068748,3.20010773295559,3.12903198545496,2.88214354686248,3.46238288515638,3.05559894148081,2.62039373571303,2.24949858863647,3.08491028257747,1
6.08308757138227,3.04475393851874,2.38109404621958,2.7142587968069,3.23254359037342,2.92888699720503,2.91394418651468,2.42632119638517,2.67833860703871,3.648952993158,1
6.4867081446678,3.10153195899415,2.84110080687548,2.89355513312283,3.81685701842166,3.35932429714065,3.10917049764263,3.08036718542687,2.78924583993324,3.37640225824009,1
6.15637523787419,2.28271093257761,2.80061237995132,2.86318634631081,2.4960024815586,2.50354859440006,3.22987314872787,3.39042888276952,2.77071868567936,2.97074703569055,1
5.46445650828505,2.75362454703148,3.59279442370955,3.70130082827515,2.8993675550917,2.88530715943497,3.27341096700209,2.78717875783988,3.13287026696068,2.92655347563897,1
6.0688321958491,3.37993893026435,3.04841829947137,2.47180334738189,2.99727470452017,3.05025479252066,2.64240205921331,2.51878493817428,3.57722350217132,3.38297550088344,1
5.79180629968331,2.70485618771423,3.26289458424483,2.83289937375362,2.19305110417743,2.90278419253046,2.6105894976546,3.28388714655194,3.4608086744426,2.9343759613806,1
5.71231777135986,2.98896286556214,3.16392426640613,3.05088799915315,3.24630931406412,3.58570368643509,2.95420455913877,2.91450548144498,2.70102252304262,3.71365788616971,1
5.88690859344605,3.37680552220915,3.28300464950639,3.06673799496201,2.75116275318811,2.66027682515351,3.45219449038008,3.34629215357398,2.76922559456786,3.62574317228235,1
5.91505470425302,3.18116371718403,3.41454794336195,3.1961920139992,3.40459373773675,2.96634799172794,3.18626608242317,3.73771921659876,3.16864607946553,3.16914001018325,1
6.0776096796136,2.65454283535318,2.35596724593389,2.65354602083076,2.37220723074655,3.48911655255128,2.85023183295763,3.16448310551292,2.99358149550337,2.96381477147295,1
5.41899398747821,3.37940358220029,2.86047980620954,3.63300656981416,3.16789811472578,3.42112264871278,2.93321820803762,2.86640229340575,3.04182520722943,2.99278957075937,1
6.27092424727068,3.01034359949582,2.79152433765679,2.51286064603033,3.76836830846697,3.07903504318006,2.96252054077358,3.56049236746105,2.84160637051776,2.91050483059852,1
6.40493811434262,3.13793402831769,2.8596856745279,3.22504111860581,2.92117839845456,3.37016535082173,3.53029742707982,2.75538417595861,3.36101330819153,3.7102248232394,1
5.79576228798095,2.93456031191313,2.88476208056051,3.50094192353146,2.45594548644041,2.29685898040971,2.86658033524543,2.93281066497037,2.74012950326039,2.91658369127629,1
6.00187522384546,3.21732404055912,2.93666556760133,3.76773133654135,3.41889040414882,2.50968628042085,2.95475474943665,2.81849008458833,3.13479546075202,2.88422894131151,1
5.67145920955158,2.79890573114994,2.3332436680601,2.91719055451942,2.84676225712187,2.96137155307186,2.68108685395842,2.5344071554836,3.06479071814356,3.38931493159346,1
6.53614643769191,3.33839505826726,2.89715274237489,2.80408920237162,3.11315491900572,3.23042595125649,2.67151731951105,2.27255318234408,3.30980579109833,3.0465891335928,1
6.10644084645705,2.50172570159132,3.00571625144479,3.50982133532784,2.84787303776733,3.43408556622625,3.65665865561393,2.60426950161653,3.02770547145728,2.87952516539889,1
5.41549810410636,3.28387731139116,2.38893853588846,2.79731093091161,2.98389607898264,2.84428237666454,3.10280489845452,2.5727344764373,2.8794649028436,2.92715857121257,1
5.63664082735402,2.93758922915841,3.04218869706416,2.33602804546737,2.72484293159534,3.41349208158574,3.06771864213473,3.53311635093855,3.06327178805876,2.77624493891474,1
6.47016409217825,3.41647454878045,2.95849482155155,2.56515069735876,2.91024289606123,2.36112946833306,3.26321909061132,3.23584245311656,3.26138264293157,2.59115702456386,1
6.01915848722911,3.07584992343304,2.77592053106854,2.53814693485962,3.31929706767996,2.79560813567533,3.4612333396793,3.24261256685037,2.70644432847991,3.60530763877847,1
6.43936692602332,2.98945936033809,3.61688684328946,3.23428715322643,3.33064170105639,2.95806002275036,2.99201457558652,2.26687460610008,3.09527059828598,3.0267617436348,1
5.84818291478664,3.29192140262973,3.13881347932819,3.39556065796922,3.33758578890615,2.83762004276331,2.33138293090372,3.49664719965886,3.26148176757935,3.40525127986687,1
5.72701348425196,3.49954887727733,3.74534247212609,2.89949459802923,3.07623053301989,3.39726834012049,2.80566061548735,2.7760915869068,2.77282277198397,3.18286741642883,1
6.63015561254357,2.51566533921867,3.39687771376363,2.77079782861805,2.69804249191624,3.06528851250582,3.46694917457708,2.77440943191434,3.10796048542574,2.89497222326804,1
6.44442881056514,2.82771993547027,3.06630412794254,2.90114632924949,2.77555862787542,2.46628675972285,3.22787121837162,2.42195944115258,2.78578810142636,2.57049500013919,1
6.56163015610058,3.02574038009731,3.4477079531776,2.51668351458754,2.85940638720653,3.46041270062598,2.72242681834851,2.98801929406089,3.45494608662119,2.81327052429693,1
5.55513423969562,3.06100129454509,2.55484473134523,3.28034105944107,2.86451705798241,3.09720801237668,2.41768511748435,3.49551211538995,2.97022051742556,3.14024263412738,1
5.67243388338209,3.12468409366556,2.90045264372203,3.07966977549914,3.17944638034623,3.03173195081969,2.30927257149646,3.34806798965145,3.24819912310413,3.57048449680793,1
6.13862445672339,2.61620449924643,2.74863950402568,2.38187608331211,3.24696828026221,2.2203655000781,3.11347234458866,3.00448998633251,2.87751607446043,2.74452167990217,1
6.22592155130536,2.60148772712519,3.05661327347883,2.71178853344349,3.50151127591299,2.72951162020055,2.69901893943768,2.80549474075407,3.20006083238429,3.42921557973767,1
5.86072953564053,2.80949038357008,3.17107881163551,3.15482040940681,2.81404800006252,3.22354662859723,3.03843816967368,2.85031972857646,3.90155399796193,2.53917709337925,1
6.22144851482554,3.57777061993588,3.36690953164561,2.77779919539742,2.70689052790729,2.30246419288744,2.94990716341093,3.28759933677879,3.24494883483073,3.01698618578323,1
5.94953065900325,2.36201790389969,3.16058039824447,2.12573513098179,2.91868126195572,2.83526959170356,2.93665283960534,2.83401375274117,3.09994138213278,2.84035086625274,1
6.48321768044044,2.90542520553563,2.95315448596069,2.61257678786529,3.23211534891655,3.44543273401496,3.3651052351867,3.25199459639423,3.40616766493741,3.38921625741522,1
6.08646667541693,2.59420461043066,3.60174487675951,3.4658222623402,2.66769539460993,2.59552383274656,3.25305528316817,3.19414861610667,2.85984747787139,2.62709023336259,1
6.28328449358565,3.04873771912717,3.37912094527462,3.21492140669366,2.86232467922799,2.30483678892626,2.59816795228222,3.36813730111676,3.29413488234797,2.63366101847866,1
6.08512422065728,2.62157722051946,3.10693670778071,3.56624913965364,2.39869112515459,2.47308109734768,3.26660807019126,2.80986857770042,3.34720494290146,2.941050918451,1
5.93287255840305,3.30284720227546,3.31731621646875,3.37144514000355,2.75994061138987,3.23111832564127,3.4810473066864,2.50863762241114,2.87418831000076,3.48338145670252,1
5.42058827345032,3.34017975488269,3.08831853914233,3.13933297784835,3.42880070586989,2.54937901239486,2.54970233346665,2.47965332380072,3.142831961952,3.11430060469219,1
6.36525465716452,3.50649795188146,3.21225857806955,3.33945302316281,3.00707987263968,3.38439574718928,3.14974829738849,3.17378751222227,3.34770306293156,2.92509287053769,1
5.87907012791201,3.34165473517079,2.70534086596023,2.66288618094222,3.19785704929468,2.55957046706036,2.53600858649202,2.54753457455262,3.03004257236922,2.97588180190115,1
6.19718217216351,3.32081634825728,3.36338412917391,2.97697209361915,3.49019755095187,2.27900521572741,3.2414711026325,2.84046962799847,3.25760586360456,2.82348885624817,1
5.65127856829277,3.11895584101161,2.73664086257194,2.91352659798631,3.3312222244648,2.06060451626274,2.78443439637146,3.20844986049846,3.15036948577185,3.18494316027007,1
5.87532460252691,2.81804601293274,2.36560915479551,3.14801834053025,2.22638981169628,3.03652639597498,2.90538225358644,3.11045953349223,2.89696593198427,2.7225695361521,1
6.37444848211951,3.79062137718415,3.08323779047122,2.98279030448862,2.67978942030157,3.23893241868846,3.52854654335718,3.12672346694688,2.90382152502992,2.77966289475728,1
6.02222698721425,2.51587134235067,3.19309018934228,2.52545683841449,2.68750562650519,2.93615148803172,3.06106865029204,3.12973006803113,2.59644901351072,3.17551702490176,1
5.33923526607626,2.46181264062102,3.21289057014935,3.18148858728802,3.12537472873868,2.87974254551508,3.01674560672875,2.63186305683478,3.01885477751442,3.07746821824085,1
6.52256375679481,2.56295975045733,3.78878492077987,2.93141758638699,2.68203080655219,3.1018103138955,2.93936106508994,2.99169248390185,3.10615043738092,3.237237570578,1
6.32568631895138,3.2113123866919,3.3438777302284,3.67814447162583,3.05796884534801,2.88173676317787,3.68439369877594,3.16555393111676,2.9103737398285,2.65665607835736,1
6.36500696324284,2.96101499687838,3.06083041563897,2.63283799088832,3.16160976435446,3.33658895120141,3.77574973810053,2.74595353588689,2.7277070384368,3.04947712988118,1
6.19097052646266,3.08128244657237,2.67257976272437,2.71039363260966,3.71303448092383,3.47532512215838,3.01349313557016,2.98671639906055,2.64127573877341,2.65498238086018,1
6.52795879523558,3.23007939492693,3.04581581513941,2.44803863826685,2.65480550037986,2.95535971579284,3.13421707463245,3.33318378279324,3.26552610830114,2.6312293554227,1
6.3194113590472,3.14229487965684,3.33508341435057,3.35019542615136,3.41927856655121,3.06490381996006,3.10664355155262,3.42999843549539,3.05028453815246,2.89239547408362,1
5.89500343174964,3.15493452466045,3.00800576516136,2.55515991067646,3.71537563942361,3.64047139097788,2.85021503709248,3.06201789985395,3.23749716907666,3.33167185232207,1
5.94568979036422,2.8334384589563,2.37149418061605,3.61667585422044,3.3389611457397,2.93786420363819,2.67769078143609,2.856761221436,3.06867303698745,3.41421191613493,1
5.71902835907509,3.19154151695044,2.76715600554576,3.40441284058262,2.72593492412497,3.59839352486772,2.44603207563452,2.86133940360796,2.58583732185946,3.24237339441914,1
6.05384750629031,2.51928601735661,2.33332972981948,2.73063838522296,3.43164944551383,3.05862578423048,2.97399199636245,2.88980789380738,3.16235742803341,2.53220683348259,1
6.4354689733583,2.52297022767215,2.91477609278435,3.26785556558035,3.20297711546784,2.81269986358883,3.01654513669146,2.98144131172906,3.63162229485127,3.20915056819102,1
6.24344283583793,3.64907683562098,3.35561794525166,3.07368800811335,2.9698637439261,3.08133946803785,2.92879364373868,2.92285641625444,3.24796227125214,3.11908430331944,1
6.37760870314228,2.83033579866603,2.62938567404683,3.0309587048961,2.91648373758106,2.96154507072757,3.28165753925506,3.12120934997166,3.38069892236306,3.59173800087142,1
5.6751939491632,2.47231080445372,2.7007594589047,2.65959403779515,2.79055207667875,3.13798914772357,2.8863771848644,2.30508930171451,3.21774515581016,3.43987033095747,1
6.58293130250145,2.89704986390839,3.1619334030594,2.60334599232451,3.64607461961483,3.00838004296751,3.00632858634963,3.22347199249441,3.29859325127765,2.94754333498612,1
5.95804703969436,2.79884369755991,2.7021736357527,3.40841846830931,2.99906248333596,3.43820975583541,3.61735759759008,2.67851508404488,3.02685132580995,3.05790944610373,1
6.05115564386594,2.84305398445882,2.77932312041824,2.75720756035272,2.49070222840264,3.35373152152581,3.33977986263918,2.39464062013371,2.81704017777582,2.52269462662008,1
5.93713368368346,3.19683555979772,3.05429129952041,3.17766756998776,3.04466283542947,3.88307403012488,3.45866392704407,2.76093574839185,2.89348374113696,3.10411851467747,1
5.54056200038885,3.39528939332601,2.80825387249039,3.3178182246538,3.08136268685513,2.91702910519327,2.44892228675821,3.56946078735198,3.27546111588227,2.92232244299092,1
5.37741432256195,2.85997390901531,3.52981603556489,3.22175761505408,2.55049023203176,3.19489097595017,2.89821408599787,3.17921330605084,3.41563281251884,3.25983765334783,1
5.79782850928595,2.7300241022778,2.42627038528428,2.45385198732965,2.92017858934392,2.53857995169325,3.20587975092439,3.37725309934465,3.37802477252401,2.84043621431663,1
5.6926173351572,2.98124910265239,3.38545539659915,3.53211509120381,3.09175180011135,3.34521804482731,2.47662848504008,3.27450261524399,2.99990673148786,3.05307591393109,1
6.13694313558686,3.14837688013681,3.51227608295564,2.94658503089845,2.68771017463689,3.29241616037379,3.54015070095293,2.99396912362689,2.80150282860102,3.64164172758379,1
6.31551091116576,3.13133782090924,2.8735922609833,3.32273985667807,3.28022324587888,2.36434572169894,2.74737932616521,2.97674971532356,2.58337473068704,3.28956860262818,1
6.26737635935582,2.76888654566938,3.44008465592035,3.3315646570182,2.94223194760666,3.27147448684548,3.23762089130467,2.90734025426525,2.61692004543545,3.70074285484312,1
5.92835057398767,3.20818397702824,3.25409801567439,3.14193339181462,3.08805086618306,3.06042852115398,2.67445127028663,3.22037283047385,3.77914987804181,3.08180114280677,1
6.40770995704368,2.63178405400585,3.29809349663819,3.10455856285864,3.04981271094824,2.79887563637378,3.76423508128603,3.02041064400308,3.53951641558703,2.87443409651444,1
5.66968931373504,3.07253346562443,3.4621965488586,2.40387620718902,3.37038845800791,2.86475513280779,3.23537019415043,3.16364289573878,3.07668674066637,2.45648542012075,1
6.58311683071494,3.29487688013098,2.98493382355862,2.60406294358905,2.93271772289954,3.3735752490197,2.76525817311126,2.79229006130994,3.00430246605677,3.68236871595564,1
6.15046843243782,2.6224255551087,2.97579803095515,2.75183391031185,2.50106153771345,2.92370366918366,2.32163613549267,2.80732172277499,3.58441990790358,2.99663159965667,1
6.23650833591982,3.48673397057917,2.82204921645178,2.86993845761686,3.37924901410736,2.65838421432769,2.5743853831998,3.32840473201261,2.94521735168349,3.53333597739992,1
5.70570651599622,3.0579756109324,2.63565707405697,3.12188930304726,2.52147437059979,3.2102580604617,2.19947775265007,2.60416003323214,3.08463806421945,2.9528015426142,1
6.20519422471079,2.78711057960967,3.28914811122769,2.51691975464994,2.85727835567027,2.46230817499983,3.431491283783,3.41301972885872,2.91119562388191,3.15844834765606,1
5.88121791801861,2.66445590397673,3.39786132740702,2.45504633021127,2.53530472346228,2.68638134444444,2.78681432258518,2.93501991003701,3.49820421806212,2.86794335665059,1
5.68125713416802,3.2400152787565,2.90458526721702,3.04816899858185,3.79289512681951,3.2899948080355,2.37715987867446,3.15972400534286,2.7351477316455,2.90478882589679,1
6.35369752105106,3.2738148752865,3.47907613458933,3.38646733837844,2.96773474252099,3.39064910308451,3.23911332599459,3.36284844807849,2.93936172918349,2.66946545048522,1
6.39920197311629,2.80904917857721,2.95606009715431,3.31379708740326,3.26687437602967,2.74214283374304,3.60986525179217,3.6825629524981,3.0733788121934,2.76226309973361,1
6.41553794225902,3.06072274527221,3.62313718146563,2.9901640146965,2.59569744734574,3.03875930353315,2.76727562903031,2.63269969673428,2.68253385043487,3.19753821295761,1
6.05066045026411,2.68203404099435,3.51215868235885,2.95737300842206,2.67755612360196,2.28537368298023,2.68175306263708,3.14798211871531,2.95983421999413,2.88346831071043,1
5.91876274218634,3.33992129417902,3.15031108464176,2.52349799115432,2.67484872027392,3.28891306659286,2.43853601682884,2.46874779961323,3.24464299758519,2.96746320463954,1
6.61158077116257,2.49245656600339,3.09545889725498,2.51598021634786,3.11522540234032,2.97959430695227,2.85203752549651,3.64426757005796,3.12918721694268,2.91783425898789,1
6.17293237060198,2.6571183629281,3.03364104745823,3.27578152527724,3.26095424884344,2.86467070842307,3.47412913904429,2.96130538365639,3.60042347324996,3.07714027584908,1
3.22440366362995,0.345028837495646,4.32576965044902,3.27098013152293,0.847274521769821,2.22550893964737,3.5954558972516,2.33826308910375,2.92101720309176,0.133158522497991,0
2.73555133429919,1.40490319697579,2.19837721685988,2.33725983098126,1.38867005961609,1.95588593348112,0.619799672608136,2.29969370017928,5.01595489226236,2.49207597460989,0
3.53563368233114,1.30958037365916,2.11664093286253,1.97054385789614,3.10108094725006,5.11997695316884,0.891963928826925,1.61819672269188,3.98292118169616,5.69360779980424,0
3.65321255220291,1.30121433776427,4.86306793490383,3.36199735779843,5.11667794871005,1.66541024916639,3.64072619686476,2.6051801578252,2.28135213755379,3.31005713987733,0
7.64287798227194,2.84691201142842,2.57925295684484,2.54308606444743,4.50589542425094,3.72743398986407,3.69328169435404,2.96492329106783,0.273207657787553,3.5671113549397,0
4.41305728478726,1.98376466761711,3.7691069766491,1.86009318289331,0.963780783249915,1.85599490762181,2.72616110542501,3.83702225498383,3.06166813815987,-0.33851126423981,0
3.67629515536659,1.48901749622678,2.74700509089372,-0.391902872517234,2.69111530509055,0.849286020497864,4.58072417168577,2.3078578675193,2.86359932876883,3.43104747851351,0
5.1124581982427,2.94824455365836,0.0114949636532957,1.84083129319317,1.13940593441016,4.80637092459678,1.01115138104005,3.76984692566522,3.59586419903156,2.7490813626294,0
2.64951635560905,2.98329114310908,1.93559144256518,3.40305817029279,1.62828034044905,2.92422421609488,3.25870795698222,0.118739713455458,4.77178094101099,4.84918133330927,0
3.02882959489244,2.28517974645663,5.88202358616128,2.02514827054544,2.20594267734973,2.78382146669552,1.47172772686901,2.39679236171764,2.00584019553535,1.02576789661491,0
6.29966794194567,-0.363060994314369,3.45237788261786,5.17757656874249,3.47199351204689,2.4937407183558,1.80502001637702,1.46004848471121,2.07095255999276,3.34085866269794,0
4.99950042432961,1.53239883432504,2.43883391558308,3.44909316221796,5.48614339069843,-0.0637965403406748,1.3504467082517,4.44984179018787,4.19876002958952,2.84505939000651,0
5.41449297742432,5.0256887739088,1.54443930458583,0.810108131335403,4.19731766703714,1.87796459201031,5.01384096662376,4.80616688393228,4.58507741511032,2.93143283956585,0
5.9908003091669,2.21163957012935,2.35549370891795,1.3975387345161,3.58934168146315,1.85164707976985,1.83027952398198,-0.0345886008650176,3.30611083878006,4.47147716095023,0
3.04020294512573,1.84237120578883,3.49518552403149,4.69402637948959,3.27253774757784,3.80339211433193,4.59779275146609,0.300509323669615,1.78885647528356,1.31563805860936,0
4.94909174936634,1.89910939996733,1.63748893642423,1.81581487158761,5.58183407478582,5.24382997068953,2.53652157027211,0.778267394763902,4.29350935184619,3.71389626510603,0
3.32521288846428,4.49024034887974,4.97996478658543,3.82706003818787,2.16195101264918,2.62631498339937,3.58756591383788,3.73012555675045,1.92548907984979,4.39135010491981,0
5.15339094029556,2.96266931670929,1.87966820519926,4.59973791608139,3.38453526326154,2.65650348371113,4.63580530951444,1.98690809036295,-0.856182658174059,4.1285603161631,0
4.54551467146543,4.87200049077864,1.23830780468972,2.87027111806591,1.05256497605248,1.80119331806304,1.42676681424882,4.54259536394738,2.92326930689903,3.32054666276997,0
4.17355854231795,3.31000417055265,2.11458329163657,1.47012891297954,1.09191338446019,5.4943512456784,2.13098025196988,4.34780143869569,4.392863764715,4.96517128959901,0
6.58612883439539,3.98180241414248,1.90478547891613,2.45659072137708,3.34588728530323,3.3061394637665,3.45322916296358,4.13597624927616,-0.517487702946822,4.14984568895238,0
4.88270000583746,2.54964744185441,0.659347904386311,4.09037408902312,2.97741979792664,1.27427255713134,1.79632356745639,3.69999488113772,2.1186550025838,2.77196584539547,0
2.64318699870665,0.933700820067155,1.71218608069822,3.15213788804,0.996818819362438,3.59808733051189,2.62927426947648,2.94708584956402,2.48681314741824,3.52450302323897,0
4.93097089186555,3.46449631003779,3.99364131525227,3.72716010355368,-0.870271114416895,4.1887396279362,1.86928810743463,3.2128246128575,4.74118547934101,1.95823219080824,0
5.32850347168069,4.22579901352306,2.58712837875378,2.27612244406653,1.94964015134933,1.2667203688002,1.43175775742801,-0.00307617619217249,3.54234798317763,4.94956100839524,0
3.27910033682102,4.21269443632197,4.93736630657373,3.35654908037958,3.5323785293003,0.716616303429772,5.34679062943451,3.64255582044076,3.75514814731073,4.52087167073011,0
3.00405944741847,3.21209969542247,2.6145334663938,-0.0188241197074079,3.89823236842903,3.29271746798321,1.05655289020592,3.36265738185599,1.98864112455551,1.38093354805112,0
5.77298828345611,4.85266667015118,4.60148671298249,1.85615158679988,2.89203518883339,2.51236026701249,3.39110219072641,1.34435600169172,2.86481441419218,1.52251607525726,0
3.30846079814145,1.43026062416726,4.20623224405209,1.17324199426172,1.67755617498776,3.22183374168917,3.49834448494351,2.61228751066303,0.9744457050093,1.88256191199655,0
5.29522882259223,5.83394181681349,6.00316350724759,1.96373381392415,2.16734652719345,3.29249840671297,3.57664884598981,2.56635699399475,3.44167310833835,0.906076743608712,0
3.47358319292235,0.721707395759059,5.20533817571675,2.4339924199704,3.61776057148881,2.26373882857524,3.43941368358356,1.03487960545204,3.13485401303248,0.651840596437604,0
5.22037559813125,1.42458451822542,4.54158112636514,5.05804447286233,3.19597413232522,3.66073354491322,3.10449510214426,3.37590155083873,1.86107127437633,2.35962647099976,0
2.23899561977548,4.51404185235864,4.4537624411028,1.89765566677955,2.65080317917432,4.60045759658625,2.06467153943388,1.40971558990597,3.33423593674625,2.96020090171542,0
4.77687155071738,3.11163711617314,1.56673074906952,1.81639321296022,4.36136132139302,0.0109857679551322,2.78622585095619,3.84108193325507,1.31637908029116,1.82225708966149,0
3.68009511072152,2.53960449725634,1.33107714684823,4.83245611947542,1.97223890136904,2.90970405272685,3.55197859156957,2.5674886609819,2.1218254651378,-0.417898882095413,0
5.14009743288265,2.4300810822211,1.89205334232051,1.55957210840815,4.40222649574752,4.55532688964436,3.66309705836212,2.1462920005197,2.90863945497156,3.56969420329236,0
5.47788079711249,2.46547186094955,1.42271047222499,0.450088604942254,3.3807294074077,2.4699416764864,3.42068214074841,5.34429771232912,0.358484837717699,2.41226352079836,0
5.13367915025082,3.9091519317068,2.67486979902685,0.458793178222727,0.78099084217151,3.89891191165814,3.36287057425693,3.67661728775245,2.94717146528067,5.56744791485308,0
3.57114359110294,2.33586036320236,1.01540202961612,2.94300560882622,5.06050307822252,1.3833611559993,2.22968424871177,2.62225272881988,0.101866019175632,3.71130934203035,0
5.18187922357985,0.311941288925325,1.86110605496531,3.29662642590809,5.56494880494864,2.44669713960339,2.47744897078247,3.0080269307752,3.52577509979858,2.84049035418821,0
5.70915081511901,1.85981849875809,0.779722909241975,3.80642535409862,3.17213564325272,3.69016589534844,4.25343935569164,2.89620051950624,-0.715067200745817,2.56857066166636,0
2.92967011965143,3.18451331970632,3.76533173976898,5.52171628832363,4.04747469240625,4.57683779188321,2.00465891086904,3.96818636656253,3.27163908968059,1.82641131284958,0
4.54065660331238,2.66499095735593,3.56502782179793,4.38489874108349,1.17470644066098,2.84165701405926,3.87162920792407,0.607224842519747,6.33889750252988,2.9860051230144,0
3.52055795462765,4.84090078154949,2.68293743976046,1.3305818830498,5.67574197324934,5.06241256708062,2.97288404398533,2.84847691828478,3.64261138048598,3.64232804282464,0
5.06972024220096,3.23326016529891,5.0996130285944,1.87574509377213,2.05118525684503,2.49514608051668,0.267320336619896,4.58257881444443,5.05376895212601,1.67289169860058,0
3.3389275229452,2.35083366670216,6.45772379687796,2.20885880743385,2.87675390949873,0.888101596101102,2.11507223726004,4.2077928618981,2.74964441459046,4.19382753937504,0
4.01386890541027,2.92028804733284,2.70213176937601,2.16586387184103,2.47354602849094,1.15320332655259,5.64304207234095,2.07525699987344,4.90699488199498,1.07426250754176,0
4.87421187072396,6.51404084727277,3.76320352727454,0.763261396006837,2.90566309254622,4.04703914723155,3.79289204223601,3.37294327315115,2.32693261397459,2.65263247357059,0
3.74874286058128,0.923908478190378,5.79761272122759,1.91047093665589,3.35552461800305,3.06742261075444,2.98194307407456,2.5654392361595,4.79216597822503,5.54533148209623,0
3.79291841728597,4.87073252481441,2.82987993651196,3.09811653879386,3.26583602330918,1.40107700033731,6.85962144362623,3.73383694963404,2.71300529146257,2.22849734742356,0
