"dataset","method","variant","regime","contamination","k","seed","TPR","TNR","BA","F2","n_flagged","n_tied_at_thr","threshold"
"hepatitis","ECOD","score","T1",0.1,NA,NA,0.142857142857143,0.895522388059702,0.519189765458422,0.138888888888889,8,0,21.0502460589139
"hepatitis","ECOD","score","T2",0.0945945945945946,NA,NA,0.142857142857143,0.91044776119403,0.526652452025586,0.142857142857143,7,0,21.2034919197956
"hepatitis","COPOD","score","T1",0.1,NA,NA,0.285714285714286,0.91044776119403,0.598081023454158,0.277777777777778,8,0,18.7186768430835
"hepatitis","COPOD","score","T2",0.0945945945945946,NA,NA,0.142857142857143,0.91044776119403,0.526652452025586,0.142857142857143,7,0,18.9690140006168
"hepatitis","DIF","score","T1",0.1,NA,1,0.142857142857143,0.895522388059702,0.519189765458422,0.138888888888889,8,0,0.324264858066689
"hepatitis","DIF","score","T2",0.0945945945945946,NA,1,0.142857142857143,0.91044776119403,0.526652452025586,0.142857142857143,7,0,0.324599571645866
"hepatitis","DIF","score","T1",0.1,NA,2,0,0.880597014925373,0.440298507462687,0,8,0,0.320245505388843
"hepatitis","DIF","score","T2",0.0945945945945946,NA,2,0,0.895522388059702,0.447761194029851,0,7,0,0.320395919239327
"hepatitis","DIF","score","T1",0.1,NA,3,0.142857142857143,0.895522388059702,0.519189765458422,0.138888888888889,8,0,0.324988647947631
"hepatitis","DIF","score","T2",0.0945945945945946,NA,3,0.142857142857143,0.91044776119403,0.526652452025586,0.142857142857143,7,0,0.325381750874131
"hepatitis","DIF","score","T1",0.1,NA,4,0.142857142857143,0.895522388059702,0.519189765458422,0.138888888888889,8,0,0.320815210439004
"hepatitis","DIF","score","T2",0.0945945945945946,NA,4,0.142857142857143,0.91044776119403,0.526652452025586,0.142857142857143,7,0,0.321663762030481
"hepatitis","DIF","score","T1",0.1,NA,5,0.285714285714286,0.91044776119403,0.598081023454158,0.277777777777778,8,0,0.322539052352251
"hepatitis","DIF","score","T2",0.0945945945945946,NA,5,0.285714285714286,0.925373134328358,0.605543710021322,0.285714285714286,7,0,0.323173831456663
"hepatitis","LUNAR","score","T1",0.1,NA,1,0,0.880597014925373,0.440298507462687,0,8,0,1.17014894485474
"hepatitis","LUNAR","score","T2",0.0945945945945946,NA,1,0,0.895522388059702,0.447761194029851,0,7,0,1.18319532355747
"hepatitis","LUNAR","score","T1",0.1,NA,2,0.142857142857143,0.895522388059702,0.519189765458422,0.138888888888889,8,0,1.27395477294922
"hepatitis","LUNAR","score","T2",0.0945945945945946,NA,2,0.142857142857143,0.91044776119403,0.526652452025586,0.142857142857143,7,0,1.2845530832136
"hepatitis","LUNAR","score","T1",0.1,NA,3,0.285714285714286,0.91044776119403,0.598081023454158,0.277777777777778,8,0,1.34057667255402
"hepatitis","LUNAR","score","T2",0.0945945945945946,NA,3,0.285714285714286,0.925373134328358,0.605543710021322,0.285714285714286,7,0,1.34535896778107
"hepatitis","LUNAR","score","T1",0.1,NA,4,0.285714285714286,0.91044776119403,0.598081023454158,0.277777777777778,8,0,1.04128618240356
"hepatitis","LUNAR","score","T2",0.0945945945945946,NA,4,0.285714285714286,0.925373134328358,0.605543710021322,0.285714285714286,7,0,1.05429105823104
"hepatitis","LUNAR","score","T1",0.1,NA,5,0.142857142857143,0.895522388059702,0.519189765458422,0.138888888888889,8,0,1.46111319065094
"hepatitis","LUNAR","score","T2",0.0945945945945946,NA,5,0.142857142857143,0.91044776119403,0.526652452025586,0.142857142857143,7,0,1.49293005144274
"hepatitis","GLOSH","score","T1",0.1,NA,NA,0.285714285714286,0.91044776119403,0.598081023454158,0.277777777777778,8,0,0.621593363405822
"hepatitis","GLOSH","score","T2",0.0945945945945946,NA,NA,0.285714285714286,0.925373134328358,0.605543710021322,0.285714285714286,7,0,0.622748288805738
"hepatitis","OPTICS","score","T1",0.1,NA,NA,0.142857142857143,0.895522388059702,0.519189765458422,0.138888888888889,8,0,5.16891516546853
"hepatitis","OPTICS","score","T2",0.0945945945945946,NA,NA,0.142857142857143,0.91044776119403,0.526652452025586,0.142857142857143,7,0,5.19891719728995
"hepatitis","MutualKNN","score","T1",0.1,5,NA,0,1,0.5,0,0,10,5
"hepatitis","MutualKNN","score","T2",0.0945945945945946,5,NA,0,1,0.5,0,0,10,5
"hepatitis","MutualKNN","score","T1",0.1,10,NA,0.142857142857143,0.91044776119403,0.526652452025586,0.142857142857143,7,16,8
"hepatitis","MutualKNN","score","T2",0.0945945945945946,10,NA,0.142857142857143,0.91044776119403,0.526652452025586,0.142857142857143,7,0,8.0945945945946
"hepatitis","MutualKNN","score","T1",0.1,15,NA,0.142857142857143,0.91044776119403,0.526652452025586,0.142857142857143,7,9,12
"hepatitis","MutualKNN","score","T2",0.0945945945945946,15,NA,0.142857142857143,0.91044776119403,0.526652452025586,0.142857142857143,7,0,12.0945945945946
"hepatitis","MutualKNN","score","T1",0.1,20,NA,0.142857142857143,0.940298507462687,0.541577825159915,0.151515151515151,5,4,16
"hepatitis","MutualKNN","score","T2",0.0945945945945946,20,NA,0.142857142857143,0.940298507462687,0.541577825159915,0.151515151515151,5,4,16
"hepatitis","MutualKNN","score","T1",0.1,30,NA,0.142857142857143,0.895522388059702,0.519189765458422,0.138888888888889,8,0,22.7
"hepatitis","MutualKNN","score","T2",0.0945945945945946,30,NA,0.142857142857143,0.925373134328358,0.534115138592751,0.147058823529412,6,2,23
"hepatitis","MutualKNN","score","T1",0.1,9,NA,0,0.985074626865672,0.492537313432836,0,1,10,8
"hepatitis","MutualKNN","score","T2",0.0945945945945946,9,NA,0,0.985074626865672,0.492537313432836,0,1,10,8
"hepatitis","SNN","score","T1",0.1,5,NA,0.142857142857143,0.985074626865672,0.563965884861407,0.166666666666667,2,8,-3
"hepatitis","SNN","score","T2",0.0945945945945946,5,NA,0.142857142857143,0.985074626865672,0.563965884861407,0.166666666666667,2,8,-3
"hepatitis","SNN","score","T1",0.1,10,NA,0,0.895522388059702,0.447761194029851,0,7,2,-23
"hepatitis","SNN","score","T2",0.0945945945945946,10,NA,0,0.895522388059702,0.447761194029851,0,7,0,-22.9054054054054
"hepatitis","SNN","score","T1",0.1,15,NA,0,0.880597014925373,0.440298507462687,0,8,0,-64.3
"hepatitis","SNN","score","T2",0.0945945945945946,15,NA,0,0.895522388059702,0.447761194029851,0,7,0,-63.9054054054054
"hepatitis","SNN","score","T1",0.1,20,NA,0.142857142857143,0.91044776119403,0.526652452025586,0.142857142857143,7,2,-138
"hepatitis","SNN","score","T2",0.0945945945945946,20,NA,0.142857142857143,0.91044776119403,0.526652452025586,0.142857142857143,7,0,-137.716216216216
"hepatitis","SNN","score","T1",0.1,30,NA,0.285714285714286,0.91044776119403,0.598081023454158,0.277777777777778,8,0,-427.9
"hepatitis","SNN","score","T2",0.0945945945945946,30,NA,0.285714285714286,0.925373134328358,0.605543710021322,0.285714285714286,7,0,-426.905405405405
"hepatitis","SNN","score","T1",0.1,9,NA,0,0.880597014925373,0.440298507462687,0,8,0,-16.3
"hepatitis","SNN","score","T2",0.0945945945945946,9,NA,0,0.955223880597015,0.477611940298507,0,3,5,-16
"hepatitis","HDBSCAN-noise","native","native",NA,NA,NA,1,0,0.5,0.343137254901961,74,NA,NA
"hepatitis","OPTICS-noise","native","native",NA,NA,NA,1,0.104477611940299,0.552238805970149,0.368421052631579,67,NA,NA
"hepatitis","MutualKNN-m0","native","native",NA,5,NA,0.142857142857143,0.865671641791045,0.504264392324094,0.131578947368421,10,NA,NA
"hepatitis","MutualKNN-m0","native","native",NA,10,NA,0,0.985074626865672,0.492537313432836,0,1,NA,NA
"hepatitis","MutualKNN-m0","native","native",NA,15,NA,0,1,0.5,0,0,NA,NA
"hepatitis","MutualKNN-m0","native","native",NA,20,NA,0,1,0.5,0,0,NA,NA
"hepatitis","MutualKNN-m0","native","native",NA,30,NA,0,1,0.5,0,0,NA,NA
"hepatitis","MutualKNN-m0","native","native",NA,9,NA,0,0.985074626865672,0.492537313432836,0,1,NA,NA
"lymphography","ECOD","score","T1",0.1,NA,NA,1,0.936619718309859,0.96830985915493,0.769230769230769,15,0,16.2991460993265
"lymphography","ECOD","score","T2",0.0405405405405405,NA,NA,0.833333333333333,0.992957746478873,0.913145539906103,0.833333333333333,6,0,21.8008329575456
"lymphography","COPOD","score","T1",0.1,NA,NA,1,0.936619718309859,0.96830985915493,0.769230769230769,15,0,13.912446644331
"lymphography","COPOD","score","T2",0.0405405405405405,NA,NA,0.833333333333333,0.992957746478873,0.913145539906103,0.833333333333333,6,0,20.2774021741684
"lymphography","DIF","score","T1",0.1,NA,1,0.5,0.915492957746479,0.707746478873239,0.384615384615385,15,0,0.314715518483086
"lymphography","DIF","score","T2",0.0405405405405405,NA,1,0.333333333333333,0.971830985915493,0.652582159624413,0.333333333333333,6,0,0.318597423732645
"lymphography","DIF","score","T1",0.1,NA,2,0.5,0.915492957746479,0.707746478873239,0.384615384615385,15,0,0.318027059466179
"lymphography","DIF","score","T2",0.0405405405405405,NA,2,0.333333333333333,0.971830985915493,0.652582159624413,0.333333333333333,6,0,0.3234082064249
"lymphography","DIF","score","T1",0.1,NA,3,0.833333333333333,0.929577464788732,0.881455399061033,0.641025641025641,15,0,0.318943053435174
"lymphography","DIF","score","T2",0.0405405405405405,NA,3,0.5,0.97887323943662,0.73943661971831,0.5,6,0,0.322612023300696
"lymphography","DIF","score","T1",0.1,NA,4,0.5,0.915492957746479,0.707746478873239,0.384615384615385,15,0,0.319261339281145
"lymphography","DIF","score","T2",0.0405405405405405,NA,4,0,0.957746478873239,0.47887323943662,0,6,0,0.323759264958737
"lymphography","DIF","score","T1",0.1,NA,5,0.666666666666667,0.922535211267606,0.794600938967136,0.512820512820513,15,0,0.317420915166658
"lymphography","DIF","score","T2",0.0405405405405405,NA,5,0.333333333333333,0.971830985915493,0.652582159624413,0.333333333333333,6,0,0.321347330610504
"lymphography","LUNAR","score","T1",0.1,NA,1,1,0.936619718309859,0.96830985915493,0.769230769230769,15,0,1.08235249519348
"lymphography","LUNAR","score","T2",0.0405405405405405,NA,1,0.666666666666667,0.985915492957746,0.826291079812207,0.666666666666667,6,0,1.41815614055943
"lymphography","LUNAR","score","T1",0.1,NA,2,1,0.936619718309859,0.96830985915493,0.769230769230769,15,0,1.06342916488647
"lymphography","LUNAR","score","T2",0.0405405405405405,NA,2,0.833333333333333,0.992957746478873,0.913145539906103,0.833333333333333,6,0,1.63040082035838
"lymphography","LUNAR","score","T1",0.1,NA,3,1,0.936619718309859,0.96830985915493,0.769230769230769,15,0,0.665302109718325
"lymphography","LUNAR","score","T2",0.0405405405405405,NA,3,0.666666666666667,0.985915492957746,0.826291079812207,0.666666666666667,6,0,1.17906193153278
"lymphography","LUNAR","score","T1",0.1,NA,4,1,0.936619718309859,0.96830985915493,0.769230769230769,15,0,0.794178819656372
"lymphography","LUNAR","score","T2",0.0405405405405405,NA,4,0.666666666666667,0.985915492957746,0.826291079812207,0.666666666666667,6,0,1.24178681502471
"lymphography","LUNAR","score","T1",0.1,NA,5,1,0.936619718309859,0.96830985915493,0.769230769230769,15,0,1.13907742500305
"lymphography","LUNAR","score","T2",0.0405405405405405,NA,5,0.833333333333333,0.992957746478873,0.913145539906103,0.833333333333333,6,0,1.44883314016703
"lymphography","GLOSH","score","T1",0.1,NA,NA,1,0.936619718309859,0.96830985915493,0.769230769230769,15,0,0.689272735018915
"lymphography","GLOSH","score","T2",0.0405405405405405,NA,NA,0.833333333333333,0.992957746478873,0.913145539906103,0.833333333333333,6,0,0.71638421301124
"lymphography","OPTICS","score","T1",0.1,NA,NA,1,0.936619718309859,0.96830985915493,0.769230769230769,15,0,1.17867491550641
"lymphography","OPTICS","score","T2",0.0405405405405405,NA,NA,0.833333333333333,0.992957746478873,0.913145539906103,0.833333333333333,6,0,1.47448562727425
"lymphography","MutualKNN","score","T1",0.1,5,NA,0.166666666666667,0.929577464788732,0.5481220657277,0.142857142857143,11,24,4
"lymphography","MutualKNN","score","T2",0.0405405405405405,5,NA,0,1,0.5,0,0,11,5
"lymphography","MutualKNN","score","T1",0.1,10,NA,0.666666666666667,0.957746478873239,0.812206572769953,0.588235294117647,10,7,8
"lymphography","MutualKNN","score","T2",0.0405405405405405,10,NA,0,0.985915492957746,0.492957746478873,0,2,8,9
"lymphography","MutualKNN","score","T1",0.1,15,NA,0.833333333333333,0.936619718309859,0.884976525821596,0.657894736842105,14,7,11
"lymphography","MutualKNN","score","T2",0.0405405405405405,15,NA,0.666666666666667,0.992957746478873,0.82981220657277,0.689655172413793,5,5,13
"lymphography","MutualKNN","score","T1",0.1,20,NA,0.833333333333333,0.943661971830986,0.88849765258216,0.675675675675676,13,3,14
"lymphography","MutualKNN","score","T2",0.0405405405405405,20,NA,0.666666666666667,0.985915492957746,0.826291079812207,0.666666666666667,6,0,17.0405405405405
"lymphography","MutualKNN","score","T1",0.1,30,NA,1,0.936619718309859,0.96830985915493,0.769230769230769,15,0,19.3
"lymphography","MutualKNN","score","T2",0.0405405405405405,30,NA,0.666666666666667,0.992957746478873,0.82981220657277,0.689655172413793,5,2,26
"lymphography","MutualKNN","score","T1",0.1,12,NA,0.833333333333333,0.929577464788732,0.881455399061033,0.641025641025641,15,0,9.30000000000001
"lymphography","MutualKNN","score","T2",0.0405405405405405,12,NA,0,0.985915492957746,0.492957746478873,0,2,6,11
"lymphography","SNN","score","T1",0.1,5,NA,0.333333333333333,0.915492957746479,0.624413145539906,0.263157894736842,14,8,-4
"lymphography","SNN","score","T2",0.0405405405405405,5,NA,0.333333333333333,1,0.666666666666667,0.384615384615385,2,9,-2
"lymphography","SNN","score","T1",0.1,10,NA,0.5,0.915492957746479,0.707746478873239,0.384615384615385,15,0,-25.7
"lymphography","SNN","score","T2",0.0405405405405405,10,NA,0.333333333333333,0.971830985915493,0.652582159624413,0.333333333333333,6,0,-17.9594594594595
"lymphography","SNN","score","T1",0.1,15,NA,0.5,0.922535211267606,0.711267605633803,0.394736842105263,14,2,-69
"lymphography","SNN","score","T2",0.0405405405405405,15,NA,0.333333333333333,0.971830985915493,0.652582159624413,0.333333333333333,6,0,-58.9594594594595
"lymphography","SNN","score","T1",0.1,20,NA,0.5,0.915492957746479,0.707746478873239,0.384615384615385,15,0,-139.7
"lymphography","SNN","score","T2",0.0405405405405405,20,NA,0.5,0.97887323943662,0.73943661971831,0.5,6,0,-122.959459459459
"lymphography","SNN","score","T1",0.1,30,NA,0.5,0.915492957746479,0.707746478873239,0.384615384615385,15,0,-371.1
"lymphography","SNN","score","T2",0.0405405405405405,30,NA,0.5,0.97887323943662,0.73943661971831,0.5,6,0,-343.878378378378
"lymphography","SNN","score","T1",0.1,12,NA,0.5,0.929577464788732,0.714788732394366,0.405405405405405,13,3,-39
"lymphography","SNN","score","T2",0.0405405405405405,12,NA,0.5,0.97887323943662,0.73943661971831,0.5,6,0,-31.9594594594595
"lymphography","HDBSCAN-noise","native","native",NA,NA,NA,1,0.345070422535211,0.672535211267606,0.24390243902439,99,NA,NA
"lymphography","OPTICS-noise","native","native",NA,NA,NA,1,0.443661971830986,0.721830985915493,0.275229357798165,85,NA,NA
"lymphography","MutualKNN-m0","native","native",NA,5,NA,0.166666666666667,0.929577464788732,0.5481220657277,0.142857142857143,11,NA,NA
"lymphography","MutualKNN-m0","native","native",NA,10,NA,0,0.985915492957746,0.492957746478873,0,2,NA,NA
"lymphography","MutualKNN-m0","native","native",NA,15,NA,0,0.992957746478873,0.496478873239437,0,1,NA,NA
"lymphography","MutualKNN-m0","native","native",NA,20,NA,0,0.992957746478873,0.496478873239437,0,1,NA,NA
"lymphography","MutualKNN-m0","native","native",NA,30,NA,0,1,0.5,0,0,NA,NA
"lymphography","MutualKNN-m0","native","native",NA,12,NA,0,0.985915492957746,0.492957746478873,0,2,NA,NA
"glass","ECOD","score","T1",0.1,NA,NA,0.222222222222222,0.901960784313726,0.562091503267974,0.172413793103448,22,0,18.1461663173614
"glass","ECOD","score","T2",0.0422535211267606,NA,NA,0.111111111111111,0.96078431372549,0.535947712418301,0.111111111111111,9,0,21.4931084960175
"glass","COPOD","score","T1",0.1,NA,NA,0.111111111111111,0.897058823529412,0.504084967320261,0.0862068965517241,22,0,14.8540914470022
"glass","COPOD","score","T2",0.0422535211267606,NA,NA,0,0.955882352941177,0.477941176470588,0,9,0,18.0857404845407
"glass","DIF","score","T1",0.1,NA,1,0.333333333333333,0.906862745098039,0.620098039215686,0.258620689655172,22,0,0.33209815510649
"glass","DIF","score","T2",0.0422535211267606,NA,1,0.111111111111111,0.96078431372549,0.535947712418301,0.111111111111111,9,0,0.350933299389485
"glass","DIF","score","T1",0.1,NA,2,0.333333333333333,0.906862745098039,0.620098039215686,0.258620689655172,22,0,0.336179696455107
"glass","DIF","score","T2",0.0422535211267606,NA,2,0.111111111111111,0.96078431372549,0.535947712418301,0.111111111111111,9,0,0.3480755562275
"glass","DIF","score","T1",0.1,NA,3,0.111111111111111,0.897058823529412,0.504084967320261,0.0862068965517241,22,0,0.335641433281479
"glass","DIF","score","T2",0.0422535211267606,NA,3,0.111111111111111,0.96078431372549,0.535947712418301,0.111111111111111,9,0,0.352160683048764
"glass","DIF","score","T1",0.1,NA,4,0.333333333333333,0.906862745098039,0.620098039215686,0.258620689655172,22,0,0.332402321762212
"glass","DIF","score","T2",0.0422535211267606,NA,4,0.111111111111111,0.96078431372549,0.535947712418301,0.111111111111111,9,0,0.351432095677767
"glass","DIF","score","T1",0.1,NA,5,0.333333333333333,0.906862745098039,0.620098039215686,0.258620689655172,22,0,0.336234141019558
"glass","DIF","score","T2",0.0422535211267606,NA,5,0.111111111111111,0.96078431372549,0.535947712418301,0.111111111111111,9,0,0.353141427779528
"glass","LUNAR","score","T1",0.1,NA,1,0.333333333333333,0.906862745098039,0.620098039215686,0.258620689655172,22,0,0.365356278419495
"glass","LUNAR","score","T2",0.0422535211267606,NA,1,0.111111111111111,0.96078431372549,0.535947712418301,0.111111111111111,9,0,1.1224847360396
"glass","LUNAR","score","T1",0.1,NA,2,0.333333333333333,0.906862745098039,0.620098039215686,0.258620689655172,22,0,0.260075199604035
"glass","LUNAR","score","T2",0.0422535211267606,NA,2,0.111111111111111,0.96078431372549,0.535947712418301,0.111111111111111,9,0,0.472335373851614
"glass","LUNAR","score","T1",0.1,NA,3,0.333333333333333,0.906862745098039,0.620098039215686,0.258620689655172,22,0,0.31794171333313
"glass","LUNAR","score","T2",0.0422535211267606,NA,3,0.111111111111111,0.96078431372549,0.535947712418301,0.111111111111111,9,0,0.978220323441734
"glass","LUNAR","score","T1",0.1,NA,4,0.222222222222222,0.901960784313726,0.562091503267974,0.172413793103448,22,0,0.442524719238281
"glass","LUNAR","score","T2",0.0422535211267606,NA,4,0.111111111111111,0.96078431372549,0.535947712418301,0.111111111111111,9,0,0.999064534482821
"glass","LUNAR","score","T1",0.1,NA,5,0.444444444444444,0.911764705882353,0.678104575163399,0.344827586206897,22,0,0.258230233192444
"glass","LUNAR","score","T2",0.0422535211267606,NA,5,0.111111111111111,0.96078431372549,0.535947712418301,0.111111111111111,9,0,0.894461933995636
"glass","GLOSH","score","T1",0.1,NA,NA,0.222222222222222,0.901960784313726,0.562091503267974,0.172413793103448,22,0,0.879105515282775
"glass","GLOSH","score","T2",0.0422535211267606,NA,NA,0.111111111111111,0.96078431372549,0.535947712418301,0.111111111111111,9,0,0.91850838441114
"glass","OPTICS","score","T1",0.1,NA,NA,0.222222222222222,0.901960784313726,0.562091503267974,0.172413793103448,22,0,2.36016692629763
"glass","OPTICS","score","T2",0.0422535211267606,NA,NA,0.111111111111111,0.96078431372549,0.535947712418301,0.111111111111111,9,0,3.68147864092423
"glass","MutualKNN","score","T1",0.1,5,NA,0,1,0.5,0,0,30,5
"glass","MutualKNN","score","T2",0.0422535211267606,5,NA,0,1,0.5,0,0,30,5
"glass","MutualKNN","score","T1",0.1,10,NA,0.222222222222222,0.926470588235294,0.574346405228758,0.188679245283019,17,19,9
"glass","MutualKNN","score","T2",0.0422535211267606,10,NA,0,1,0.5,0,0,17,10
"glass","MutualKNN","score","T1",0.1,15,NA,0.222222222222222,0.906862745098039,0.564542483660131,0.175438596491228,21,11,13
"glass","MutualKNN","score","T2",0.0422535211267606,15,NA,0.222222222222222,0.980392156862745,0.601307189542484,0.238095238095238,6,15,14
"glass","MutualKNN","score","T1",0.1,20,NA,0.222222222222222,0.906862745098039,0.564542483660131,0.175438596491228,21,11,17
"glass","MutualKNN","score","T2",0.0422535211267606,20,NA,0.222222222222222,0.985294117647059,0.603758169934641,0.24390243902439,5,11,19
"glass","MutualKNN","score","T1",0.1,30,NA,0.222222222222222,0.906862745098039,0.564542483660131,0.175438596491228,21,6,25
"glass","MutualKNN","score","T2",0.0422535211267606,30,NA,0.111111111111111,0.995098039215686,0.553104575163399,0.131578947368421,2,9,29
"glass","SNN","score","T1",0.1,5,NA,0.111111111111111,0.926470588235294,0.518790849673203,0.0961538461538461,16,11,-5
"glass","SNN","score","T2",0.0422535211267606,5,NA,0,0.970588235294118,0.485294117647059,0,6,10,-4
"glass","SNN","score","T1",0.1,10,NA,0.333333333333333,0.906862745098039,0.620098039215686,0.258620689655172,22,0,-30.2
"glass","SNN","score","T2",0.0422535211267606,10,NA,0,0.955882352941177,0.477941176470588,0,9,0,-22.9577464788732
"glass","SNN","score","T1",0.1,15,NA,0.333333333333333,0.906862745098039,0.620098039215686,0.258620689655172,22,0,-76.2
"glass","SNN","score","T2",0.0422535211267606,15,NA,0,0.955882352941177,0.477941176470588,0,9,0,-62.9154929577465
"glass","SNN","score","T1",0.1,20,NA,0.333333333333333,0.911764705882353,0.622549019607843,0.263157894736842,21,4,-148
"glass","SNN","score","T2",0.0422535211267606,20,NA,0,0.955882352941177,0.477941176470588,0,9,0,-129.87323943662
"glass","SNN","score","T1",0.1,30,NA,0.333333333333333,0.906862745098039,0.620098039215686,0.258620689655172,22,0,-350
"glass","SNN","score","T2",0.0422535211267606,30,NA,0,0.955882352941177,0.477941176470588,0,9,0,-326.915492957747
"glass","HDBSCAN-noise","native","native",NA,NA,NA,0.555555555555556,0.848039215686274,0.701797385620915,0.347222222222222,36,NA,NA
"glass","OPTICS-noise","native","native",NA,NA,NA,1,0.352941176470588,0.676470588235294,0.254237288135593,141,NA,NA
"glass","MutualKNN-m0","native","native",NA,5,NA,0.222222222222222,0.862745098039216,0.542483660130719,0.151515151515152,30,NA,NA
"glass","MutualKNN-m0","native","native",NA,10,NA,0.222222222222222,0.926470588235294,0.574346405228758,0.188679245283019,17,NA,NA
"glass","MutualKNN-m0","native","native",NA,15,NA,0.222222222222222,0.980392156862745,0.601307189542484,0.238095238095238,6,NA,NA
"glass","MutualKNN-m0","native","native",NA,20,NA,0.222222222222222,0.985294117647059,0.603758169934641,0.24390243902439,5,NA,NA
"glass","MutualKNN-m0","native","native",NA,30,NA,0.111111111111111,0.995098039215686,0.553104575163399,0.131578947368421,2,NA,NA
"WBC","ECOD","score","T1",0.1,NA,NA,0.9,0.934272300469484,0.917136150234742,0.714285714285715,23,0,13.0278517403368
"WBC","ECOD","score","T2",0.0448430493273543,NA,NA,0.7,0.985915492957746,0.842957746478873,0.7,10,0,18.1044946964776
"WBC","COPOD","score","T1",0.1,NA,NA,1,0.938967136150235,0.969483568075117,0.793650793650794,23,0,12.5692281171538
"WBC","COPOD","score","T2",0.0448430493273543,NA,NA,0.7,0.985915492957746,0.842957746478873,0.7,10,0,18.0651282123834
"WBC","DIF","score","T1",0.1,NA,1,0.2,0.901408450704225,0.550704225352113,0.158730158730159,23,0,0.323088903124765
"WBC","DIF","score","T2",0.0448430493273543,NA,1,0,0.953051643192488,0.476525821596244,0,10,0,0.33177541186351
"WBC","DIF","score","T1",0.1,NA,2,0.1,0.896713615023474,0.498356807511737,0.0793650793650793,23,0,0.327151068996753
"WBC","DIF","score","T2",0.0448430493273543,NA,2,0.1,0.957746478873239,0.52887323943662,0.1,10,0,0.332989051622864
"WBC","DIF","score","T1",0.1,NA,3,0.2,0.901408450704225,0.550704225352113,0.158730158730159,23,0,0.329913570843539
"WBC","DIF","score","T2",0.0448430493273543,NA,3,0,0.953051643192488,0.476525821596244,0,10,0,0.337173091298046
"WBC","DIF","score","T1",0.1,NA,4,0.2,0.901408450704225,0.550704225352113,0.158730158730159,23,0,0.328379986429879
"WBC","DIF","score","T2",0.0448430493273543,NA,4,0,0.953051643192488,0.476525821596244,0,10,0,0.338118292086159
"WBC","DIF","score","T1",0.1,NA,5,0.1,0.896713615023474,0.498356807511737,0.0793650793650793,23,0,0.325755842292323
"WBC","DIF","score","T2",0.0448430493273543,NA,5,0,0.953051643192488,0.476525821596244,0,10,0,0.333970950939919
"WBC","LUNAR","score","T1",0.1,NA,1,0.7,0.924882629107981,0.812441314553991,0.555555555555555,23,0,0.749404180049898
"WBC","LUNAR","score","T2",0.0448430493273543,NA,1,0.4,0.971830985915493,0.685915492957746,0.4,10,0,1.13861604977082
"WBC","LUNAR","score","T1",0.1,NA,2,0.9,0.934272300469484,0.917136150234742,0.714285714285715,23,0,0.399425131082535
"WBC","LUNAR","score","T2",0.0448430493273543,NA,2,0.3,0.967136150234742,0.633568075117371,0.3,10,0,0.522371643059991
"WBC","LUNAR","score","T1",0.1,NA,3,1,0.938967136150235,0.969483568075117,0.793650793650794,23,0,0.930837965011597
"WBC","LUNAR","score","T2",0.0448430493273543,NA,3,0.7,0.985915492957746,0.842957746478873,0.7,10,0,1.25700134546767
"WBC","LUNAR","score","T1",0.1,NA,4,1,0.938967136150235,0.969483568075117,0.793650793650794,23,0,0.798333024978639
"WBC","LUNAR","score","T2",0.0448430493273543,NA,4,0.6,0.981220657276995,0.790610328638498,0.6,10,0,1.17068643847923
"WBC","LUNAR","score","T1",0.1,NA,5,0.8,0.929577464788732,0.864788732394366,0.634920634920635,23,0,0.386671626567841
"WBC","LUNAR","score","T2",0.0448430493273543,NA,5,0.7,0.985915492957746,0.842957746478873,0.7,10,0,0.514822606815885
"WBC","GLOSH","score","T1",0.1,NA,NA,1,0.938967136150235,0.969483568075117,0.793650793650794,23,0,0.832860496477526
"WBC","GLOSH","score","T2",0.0448430493273543,NA,NA,0.8,0.990610328638498,0.895305164319249,0.8,10,0,0.866523715813985
"WBC","OPTICS","score","T1",0.1,NA,NA,0.9,0.934272300469484,0.917136150234742,0.714285714285715,23,0,0.596270263348161
"WBC","OPTICS","score","T2",0.0448430493273543,NA,NA,0.7,0.985915492957746,0.842957746478873,0.7,10,0,0.745725330071559
"WBC","MutualKNN","score","T1",0.1,5,NA,0.1,0.924882629107981,0.512441314553991,0.087719298245614,17,32,4
"WBC","MutualKNN","score","T2",0.0448430493273543,5,NA,0,1,0.5,0,0,17,5
"WBC","MutualKNN","score","T1",0.1,10,NA,0,0.957746478873239,0.47887323943662,0,9,15,9
"WBC","MutualKNN","score","T2",0.0448430493273543,10,NA,0,0.957746478873239,0.47887323943662,0,9,15,9
"WBC","MutualKNN","score","T1",0.1,15,NA,0,0.934272300469484,0.467136150234742,0,14,16,13
"WBC","MutualKNN","score","T2",0.0448430493273543,15,NA,0,0.967136150234742,0.483568075117371,0,7,7,14
"WBC","MutualKNN","score","T1",0.1,20,NA,0.1,0.906103286384977,0.503051643192488,0.0819672131147541,21,17,17
"WBC","MutualKNN","score","T2",0.0448430493273543,20,NA,0,0.957746478873239,0.47887323943662,0,9,12,18
"WBC","MutualKNN","score","T1",0.1,30,NA,0.1,0.943661971830986,0.521830985915493,0.0943396226415094,13,11,27
"WBC","MutualKNN","score","T2",0.0448430493273543,30,NA,0,0.985915492957746,0.492957746478873,0,3,10,28
"WBC","SNN","score","T1",0.1,5,NA,0,0.938967136150235,0.469483568075117,0,13,13,-3
"WBC","SNN","score","T2",0.0448430493273543,5,NA,0,0.976525821596244,0.488262910798122,0,5,8,-2
"WBC","SNN","score","T1",0.1,10,NA,0.2,0.906103286384977,0.553051643192488,0.161290322580645,22,3,-23
"WBC","SNN","score","T2",0.0448430493273543,10,NA,0,0.957746478873239,0.47887323943662,0,9,2,-20
"WBC","SNN","score","T1",0.1,15,NA,0.2,0.901408450704225,0.550704225352113,0.158730158730159,23,0,-64.2
"WBC","SNN","score","T2",0.0448430493273543,15,NA,0.1,0.957746478873239,0.52887323943662,0.1,10,0,-56.7757847533633
"WBC","SNN","score","T1",0.1,20,NA,0.2,0.901408450704225,0.550704225352113,0.158730158730159,23,0,-125.6
"WBC","SNN","score","T2",0.0448430493273543,20,NA,0.2,0.962441314553991,0.581220657276995,0.2,10,0,-108.955156950673
"WBC","SNN","score","T1",0.1,30,NA,0.3,0.906103286384977,0.603051643192488,0.238095238095238,23,0,-315.4
"WBC","SNN","score","T2",0.0448430493273543,30,NA,0.2,0.962441314553991,0.581220657276995,0.2,10,0,-277.910313901345
"WBC","HDBSCAN-noise","native","native",NA,NA,NA,1,0.0892018779342723,0.544600938967136,0.204918032786885,204,NA,NA
"WBC","OPTICS-noise","native","native",NA,NA,NA,1,0.417840375586854,0.708920187793427,0.28735632183908,134,NA,NA
"WBC","MutualKNN-m0","native","native",NA,5,NA,0.1,0.924882629107981,0.512441314553991,0.087719298245614,17,NA,NA
"WBC","MutualKNN-m0","native","native",NA,10,NA,0,0.957746478873239,0.47887323943662,0,9,NA,NA
"WBC","MutualKNN-m0","native","native",NA,15,NA,0,0.967136150234742,0.483568075117371,0,7,NA,NA
"WBC","MutualKNN-m0","native","native",NA,20,NA,0,0.981220657276995,0.490610328638498,0,4,NA,NA
"WBC","MutualKNN-m0","native","native",NA,30,NA,0,0.990610328638498,0.495305164319249,0,2,NA,NA
"vertebral","ECOD","score","T1",0.1,NA,NA,0.0333333333333333,0.89047619047619,0.461904761904762,0.0347222222222222,24,0,14.470422752168
"vertebral","ECOD","score","T2",0.125,NA,NA,0.133333333333333,0.876190476190476,0.504761904761905,0.133333333333333,30,0,14.020807547282
"vertebral","COPOD","score","T1",0.1,NA,NA,0,0.885714285714286,0.442857142857143,0,24,0,12.2891355153325
"vertebral","COPOD","score","T2",0.125,NA,NA,0,0.857142857142857,0.428571428571429,0,30,0,11.8114924347081
"vertebral","DIF","score","T1",0.1,NA,1,0.1,0.9,0.5,0.104166666666667,24,0,0.317166573538489
"vertebral","DIF","score","T2",0.125,NA,1,0.133333333333333,0.876190476190476,0.504761904761905,0.133333333333333,30,0,0.315003584260333
"vertebral","DIF","score","T1",0.1,NA,2,0.0666666666666667,0.895238095238095,0.480952380952381,0.0694444444444444,24,0,0.321881072043213
"vertebral","DIF","score","T2",0.125,NA,2,0.0666666666666667,0.866666666666667,0.466666666666667,0.0666666666666667,30,0,0.315189098859747
"vertebral","DIF","score","T1",0.1,NA,3,0.1,0.9,0.5,0.104166666666667,24,0,0.321124476840636
"vertebral","DIF","score","T2",0.125,NA,3,0.1,0.871428571428571,0.485714285714286,0.1,30,0,0.317251118773085
"vertebral","DIF","score","T1",0.1,NA,4,0.0666666666666667,0.895238095238095,0.480952380952381,0.0694444444444444,24,0,0.319233706310439
"vertebral","DIF","score","T2",0.125,NA,4,0.1,0.871428571428571,0.485714285714286,0.1,30,0,0.315812597559033
"vertebral","DIF","score","T1",0.1,NA,5,0.0666666666666667,0.895238095238095,0.480952380952381,0.0694444444444444,24,0,0.317714682311467
"vertebral","DIF","score","T2",0.125,NA,5,0.1,0.871428571428571,0.485714285714286,0.1,30,0,0.311587697757354
"vertebral","LUNAR","score","T1",0.1,NA,1,0.0333333333333333,0.89047619047619,0.461904761904762,0.0347222222222222,24,0,0.182267372310162
"vertebral","LUNAR","score","T2",0.125,NA,1,0.0333333333333333,0.861904761904762,0.447619047619048,0.0333333333333333,30,0,0.172708397731185
"vertebral","LUNAR","score","T1",0.1,NA,2,0,0.885714285714286,0.442857142857143,0,24,0,0.204663482308388
"vertebral","LUNAR","score","T2",0.125,NA,2,0,0.857142857142857,0.428571428571429,0,30,0,0.191405206918716
"vertebral","LUNAR","score","T1",0.1,NA,3,0.0333333333333333,0.89047619047619,0.461904761904762,0.0347222222222222,24,0,0.103031291812658
"vertebral","LUNAR","score","T2",0.125,NA,3,0.0666666666666667,0.866666666666667,0.466666666666667,0.0666666666666667,30,0,0.0970927644520998
"vertebral","LUNAR","score","T1",0.1,NA,4,0,0.885714285714286,0.442857142857143,0,24,0,0.149342335760593
"vertebral","LUNAR","score","T2",0.125,NA,4,0.0333333333333333,0.861904761904762,0.447619047619048,0.0333333333333333,30,0,0.139055894687772
"vertebral","LUNAR","score","T1",0.1,NA,5,0.0333333333333333,0.89047619047619,0.461904761904762,0.0347222222222222,24,0,0.194048047065735
"vertebral","LUNAR","score","T2",0.125,NA,5,0.0333333333333333,0.861904761904762,0.447619047619048,0.0333333333333333,30,0,0.179309843108058
"vertebral","GLOSH","score","T1",0.1,NA,NA,0.0333333333333333,0.89047619047619,0.461904761904762,0.0347222222222222,24,0,0.646211602834568
"vertebral","GLOSH","score","T2",0.125,NA,NA,0.0333333333333333,0.861904761904762,0.447619047619048,0.0333333333333333,30,0,0.619006250077899
"vertebral","OPTICS","score","T1",0.1,NA,NA,0,0.885714285714286,0.442857142857143,0,24,0,1.34000529101189
"vertebral","OPTICS","score","T2",0.125,NA,NA,0.0333333333333333,0.866666666666667,0.45,0.0335570469798658,29,2,1.31301707870268
"vertebral","MutualKNN","score","T1",0.1,5,NA,0.0666666666666667,0.942857142857143,0.504761904761905,0.0746268656716418,14,32,4
"vertebral","MutualKNN","score","T2",0.125,5,NA,0.0666666666666667,0.942857142857143,0.504761904761905,0.0746268656716418,14,32,4
"vertebral","MutualKNN","score","T1",0.1,10,NA,0,0.938095238095238,0.469047619047619,0,13,18,8
"vertebral","MutualKNN","score","T2",0.125,10,NA,0,0.938095238095238,0.469047619047619,0,13,18,8
"vertebral","MutualKNN","score","T1",0.1,15,NA,0.0333333333333333,0.933333333333333,0.483333333333333,0.037037037037037,15,11,12
"vertebral","MutualKNN","score","T2",0.125,15,NA,0.1,0.89047619047619,0.495238095238095,0.102739726027397,26,13,11
"vertebral","MutualKNN","score","T1",0.1,20,NA,0.0666666666666667,0.895238095238095,0.480952380952381,0.0694444444444444,24,0,14.1
"vertebral","MutualKNN","score","T2",0.125,20,NA,0.0666666666666667,0.895238095238095,0.480952380952381,0.0694444444444444,24,11,14
"vertebral","MutualKNN","score","T1",0.1,30,NA,0.0666666666666667,0.895238095238095,0.480952380952381,0.0694444444444444,24,0,21.1
"vertebral","MutualKNN","score","T2",0.125,30,NA,0.0666666666666667,0.880952380952381,0.473809523809524,0.0680272108843537,27,8,20
"vertebral","SNN","score","T1",0.1,5,NA,0.1,0.971428571428571,0.535714285714286,0.116279069767442,9,21,-4
"vertebral","SNN","score","T2",0.125,5,NA,0.133333333333333,0.876190476190476,0.504761904761905,0.133333333333333,30,0,-4.875
"vertebral","SNN","score","T1",0.1,10,NA,0.133333333333333,0.904761904761905,0.519047619047619,0.138888888888889,24,0,-29.9
"vertebral","SNN","score","T2",0.125,10,NA,0.166666666666667,0.885714285714286,0.526190476190476,0.167785234899329,29,5,-31
"vertebral","SNN","score","T1",0.1,15,NA,0.1,0.904761904761905,0.502380952380952,0.104895104895105,23,7,-82
"vertebral","SNN","score","T2",0.125,15,NA,0.133333333333333,0.876190476190476,0.504761904761905,0.133333333333333,30,0,-82.875
"vertebral","SNN","score","T1",0.1,20,NA,0.133333333333333,0.904761904761905,0.519047619047619,0.138888888888889,24,0,-152.9
"vertebral","SNN","score","T2",0.125,20,NA,0.166666666666667,0.880952380952381,0.523809523809524,0.166666666666667,30,0,-160.75
"vertebral","SNN","score","T1",0.1,30,NA,0.0666666666666667,0.895238095238095,0.480952380952381,0.0694444444444444,24,0,-400.7
"vertebral","SNN","score","T2",0.125,30,NA,0.0666666666666667,0.866666666666667,0.466666666666667,0.0666666666666667,30,0,-409.75
"vertebral","HDBSCAN-noise","native","native",NA,NA,NA,0.566666666666667,0.333333333333333,0.45,0.306859205776173,157,NA,NA
"vertebral","OPTICS-noise","native","native",NA,NA,NA,0.666666666666667,0.176190476190476,0.421428571428571,0.319488817891374,193,NA,NA
"vertebral","MutualKNN-m0","native","native",NA,5,NA,0.0666666666666667,0.942857142857143,0.504761904761905,0.0746268656716418,14,NA,NA
"vertebral","MutualKNN-m0","native","native",NA,10,NA,0,0.995238095238095,0.497619047619048,0,1,NA,NA
"vertebral","MutualKNN-m0","native","native",NA,15,NA,0,0.995238095238095,0.497619047619048,0,1,NA,NA
"vertebral","MutualKNN-m0","native","native",NA,20,NA,0,0.995238095238095,0.497619047619048,0,1,NA,NA
"vertebral","MutualKNN-m0","native","native",NA,30,NA,0,0.995238095238095,0.497619047619048,0,1,NA,NA
"ecoli","ECOD","score","T1",0.1,NA,NA,0.375,0.905487804878049,0.640243902439024,0.227272727272727,34,0,11.5449976318448
"ecoli","ECOD","score","T2",0.0238095238095238,NA,NA,0.125,0.978658536585366,0.551829268292683,0.125,8,0,14.303475178036
"ecoli","COPOD","score","T1",0.1,NA,NA,0.375,0.905487804878049,0.640243902439024,0.227272727272727,34,0,9.46819232420286
"ecoli","COPOD","score","T2",0.0238095238095238,NA,NA,0.125,0.978658536585366,0.551829268292683,0.125,8,0,11.9239501980047
"ecoli","DIF","score","T1",0.1,NA,1,0.75,0.914634146341463,0.832317073170732,0.454545454545455,34,0,0.324708331403706
"ecoli","DIF","score","T2",0.0238095238095238,NA,1,0.375,0.984756097560976,0.679878048780488,0.375,8,0,0.364698740557023
"ecoli","DIF","score","T1",0.1,NA,2,0.75,0.914634146341463,0.832317073170732,0.454545454545455,34,0,0.320780222239047
"ecoli","DIF","score","T2",0.0238095238095238,NA,2,0.25,0.981707317073171,0.615853658536585,0.25,8,0,0.365923672795007
"ecoli","DIF","score","T1",0.1,NA,3,0.75,0.914634146341463,0.832317073170732,0.454545454545455,34,0,0.32666246441956
"ecoli","DIF","score","T2",0.0238095238095238,NA,3,0.125,0.978658536585366,0.551829268292683,0.125,8,0,0.365787052801366
"ecoli","DIF","score","T1",0.1,NA,4,0.75,0.914634146341463,0.832317073170732,0.454545454545455,34,0,0.325445186043365
"ecoli","DIF","score","T2",0.0238095238095238,NA,4,0.25,0.981707317073171,0.615853658536585,0.25,8,0,0.366299096838263
"ecoli","DIF","score","T1",0.1,NA,5,0.75,0.914634146341463,0.832317073170732,0.454545454545455,34,0,0.325683856020815
"ecoli","DIF","score","T2",0.0238095238095238,NA,5,0.375,0.984756097560976,0.679878048780488,0.375,8,0,0.369912160175274
"ecoli","LUNAR","score","T1",0.1,NA,1,0.375,0.905487804878049,0.640243902439024,0.227272727272727,34,0,0.180997923016548
"ecoli","LUNAR","score","T2",0.0238095238095238,NA,1,0.25,0.981707317073171,0.615853658536585,0.25,8,0,0.280660703068688
"ecoli","LUNAR","score","T1",0.1,NA,2,0.125,0.899390243902439,0.51219512195122,0.0757575757575758,34,0,0.189988441765308
"ecoli","LUNAR","score","T2",0.0238095238095238,NA,2,0.125,0.978658536585366,0.551829268292683,0.125,8,0,0.271182355426607
"ecoli","LUNAR","score","T1",0.1,NA,3,0.625,0.911585365853659,0.768292682926829,0.378787878787879,34,0,-0.0058363676071167
"ecoli","LUNAR","score","T2",0.0238095238095238,NA,3,0.625,0.990853658536585,0.807926829268293,0.625,8,0,0.880709398360479
"ecoli","LUNAR","score","T1",0.1,NA,4,0.375,0.905487804878049,0.640243902439024,0.227272727272727,34,0,0.158877067267895
"ecoli","LUNAR","score","T2",0.0238095238095238,NA,4,0.25,0.981707317073171,0.615853658536585,0.25,8,0,0.224876426515125
"ecoli","LUNAR","score","T1",0.1,NA,5,0.625,0.911585365853659,0.768292682926829,0.378787878787879,34,0,0.567822813987732
"ecoli","LUNAR","score","T2",0.0238095238095238,NA,5,0.5,0.98780487804878,0.74390243902439,0.5,8,0,1.75873661608923
"ecoli","GLOSH","score","T1",0.1,NA,NA,0.375,0.905487804878049,0.640243902439024,0.227272727272727,34,0,0.662932965774984
"ecoli","GLOSH","score","T2",0.0238095238095238,NA,NA,0.25,0.981707317073171,0.615853658536585,0.25,8,0,0.784543113817807
"ecoli","OPTICS","score","T1",0.1,NA,NA,0.875,0.917682926829268,0.896341463414634,0.53030303030303,34,0,0.184207218407084
"ecoli","OPTICS","score","T2",0.0238095238095238,NA,NA,0.375,0.98780487804878,0.68140243902439,0.384615384615385,7,4,0.344383507154451
"ecoli","MutualKNN","score","T1",0.1,5,NA,0,0.945121951219512,0.472560975609756,0,18,34,4
"ecoli","MutualKNN","score","T2",0.0238095238095238,5,NA,0,1,0.5,0,0,18,5
"ecoli","MutualKNN","score","T1",0.1,10,NA,0.25,0.923780487804878,0.586890243902439,0.169491525423729,27,27,7
"ecoli","MutualKNN","score","T2",0.0238095238095238,10,NA,0,0.990853658536585,0.495426829268293,0,3,9,9
"ecoli","MutualKNN","score","T1",0.1,15,NA,0.125,0.923780487804878,0.524390243902439,0.0862068965517242,26,18,11
"ecoli","MutualKNN","score","T2",0.0238095238095238,15,NA,0,0.981707317073171,0.490853658536585,0,6,9,13
"ecoli","MutualKNN","score","T1",0.1,20,NA,0.125,0.929878048780488,0.527439024390244,0.0892857142857143,24,15,15
"ecoli","MutualKNN","score","T2",0.0238095238095238,20,NA,0,0.99390243902439,0.496951219512195,0,2,7,18
"ecoli","MutualKNN","score","T1",0.1,30,NA,0.375,0.914634146341463,0.644817073170732,0.238095238095238,31,7,23
"ecoli","MutualKNN","score","T2",0.0238095238095238,30,NA,0.125,0.978658536585366,0.551829268292683,0.125,8,0,26.0238095238095
"ecoli","MutualKNN","score","T1",0.1,18,NA,0.125,0.908536585365854,0.516768292682927,0.0793650793650794,31,17,13
"ecoli","MutualKNN","score","T2",0.0238095238095238,18,NA,0,0.99390243902439,0.496951219512195,0,2,9,16
"ecoli","SNN","score","T1",0.1,5,NA,0.125,0.948170731707317,0.536585365853659,0.1,18,18,-4
"ecoli","SNN","score","T2",0.0238095238095238,5,NA,0,0.990853658536585,0.495426829268293,0,3,15,-3
"ecoli","SNN","score","T1",0.1,10,NA,0,0.902439024390244,0.451219512195122,0,32,4,-30
"ecoli","SNN","score","T2",0.0238095238095238,10,NA,0,0.975609756097561,0.48780487804878,0,8,0,-25.9761904761905
"ecoli","SNN","score","T1",0.1,15,NA,0.25,0.911585365853659,0.580792682926829,0.158730158730159,31,4,-81
"ecoli","SNN","score","T2",0.0238095238095238,15,NA,0,0.975609756097561,0.48780487804878,0,8,0,-68.9285714285714
"ecoli","SNN","score","T1",0.1,20,NA,0.5,0.908536585365854,0.704268292682927,0.303030303030303,34,0,-161.5
"ecoli","SNN","score","T2",0.0238095238095238,20,NA,0,0.975609756097561,0.48780487804878,0,8,0,-138.952380952381
"ecoli","SNN","score","T1",0.1,30,NA,0.5,0.911585365853659,0.705792682926829,0.307692307692308,33,3,-413
"ecoli","SNN","score","T2",0.0238095238095238,30,NA,0,0.975609756097561,0.48780487804878,0,8,0,-341.97619047619
"ecoli","SNN","score","T1",0.1,18,NA,0.5,0.908536585365854,0.704268292682927,0.303030303030303,34,0,-125.5
"ecoli","SNN","score","T2",0.0238095238095238,18,NA,0,0.978658536585366,0.489329268292683,0,7,2,-108
"ecoli","HDBSCAN-noise","native","native",NA,NA,NA,0.25,0.99390243902439,0.621951219512195,0.277777777777778,4,NA,NA
"ecoli","OPTICS-noise","native","native",NA,NA,NA,0.25,0.164634146341463,0.207317073170732,0.0324675324675325,276,NA,NA
"ecoli","MutualKNN-m0","native","native",NA,5,NA,0,0.945121951219512,0.472560975609756,0,18,NA,NA
"ecoli","MutualKNN-m0","native","native",NA,10,NA,0,0.990853658536585,0.495426829268293,0,3,NA,NA
"ecoli","MutualKNN-m0","native","native",NA,15,NA,0,0.996951219512195,0.498475609756098,0,1,NA,NA
"ecoli","MutualKNN-m0","native","native",NA,20,NA,0,0.996951219512195,0.498475609756098,0,1,NA,NA
"ecoli","MutualKNN-m0","native","native",NA,30,NA,0,1,0.5,0,0,NA,NA
"ecoli","MutualKNN-m0","native","native",NA,18,NA,0,0.996951219512195,0.498475609756098,0,1,NA,NA
"stamps","ECOD","score","T1",0.1,NA,NA,0.32258064516129,0.922330097087379,0.622455371124334,0.316455696202532,34,0,21.0874268466055
"stamps","ECOD","score","T2",0.0911764705882353,NA,NA,0.290322580645161,0.928802588996764,0.609562584820962,0.290322580645161,31,0,21.3844902034629
"stamps","COPOD","score","T1",0.1,NA,NA,0.483870967741935,0.938511326860841,0.711191147301388,0.474683544303797,34,0,17.2302817770034
"stamps","COPOD","score","T2",0.0911764705882353,NA,NA,0.419354838709677,0.941747572815534,0.680551205762606,0.419354838709677,31,0,17.5265595480524
"stamps","DIF","score","T1",0.1,NA,1,0.225806451612903,0.912621359223301,0.569213905418102,0.221518987341772,34,0,0.328359379357314
"stamps","DIF","score","T2",0.0911764705882353,NA,1,0.193548387096774,0.919093851132686,0.55632111911473,0.193548387096774,31,0,0.329397392061638
"stamps","DIF","score","T1",0.1,NA,2,0.225806451612903,0.912621359223301,0.569213905418102,0.221518987341772,34,0,0.325332525056086
"stamps","DIF","score","T2",0.0911764705882353,NA,2,0.193548387096774,0.919093851132686,0.55632111911473,0.193548387096774,31,0,0.326610265557253
"stamps","DIF","score","T1",0.1,NA,3,0.258064516129032,0.915857605177994,0.586961060653513,0.253164556962025,34,0,0.32779468282276
"stamps","DIF","score","T2",0.0911764705882353,NA,3,0.258064516129032,0.925566343042071,0.591815429585552,0.258064516129032,31,0,0.329108191164254
"stamps","DIF","score","T1",0.1,NA,4,0.32258064516129,0.922330097087379,0.622455371124334,0.316455696202532,34,0,0.332025300667795
"stamps","DIF","score","T2",0.0911764705882353,NA,4,0.32258064516129,0.932038834951456,0.627309740056373,0.32258064516129,31,0,0.332648291184502
"stamps","DIF","score","T1",0.1,NA,5,0.290322580645161,0.919093851132686,0.604708215888924,0.284810126582278,34,0,0.329617212352807
"stamps","DIF","score","T2",0.0911764705882353,NA,5,0.290322580645161,0.928802588996764,0.609562584820962,0.290322580645161,31,0,0.331362523478885
"stamps","LUNAR","score","T1",0.1,NA,1,0.258064516129032,0.915857605177994,0.586961060653513,0.253164556962025,34,0,-0.127977454662323
"stamps","LUNAR","score","T2",0.0911764705882353,NA,1,0.225806451612903,0.922330097087379,0.574068274350141,0.225806451612903,31,0,-0.104970691133948
"stamps","LUNAR","score","T1",0.1,NA,2,0.225806451612903,0.912621359223301,0.569213905418102,0.221518987341772,34,0,0.223813579976559
"stamps","LUNAR","score","T2",0.0911764705882353,NA,2,0.161290322580645,0.915857605177994,0.538573963879319,0.161290322580645,31,0,0.231437130666831
"stamps","LUNAR","score","T1",0.1,NA,3,0.193548387096774,0.909385113268608,0.551466750182691,0.189873417721519,34,0,-0.0155079007148741
"stamps","LUNAR","score","T2",0.0911764705882353,NA,3,0.193548387096774,0.919093851132686,0.55632111911473,0.193548387096774,31,0,0.00829631545964397
"stamps","LUNAR","score","T1",0.1,NA,4,0.258064516129032,0.915857605177994,0.586961060653513,0.253164556962025,34,0,0.175769704580307
"stamps","LUNAR","score","T2",0.0911764705882353,NA,4,0.258064516129032,0.925566343042071,0.591815429585552,0.258064516129032,31,0,0.181941672239233
"stamps","LUNAR","score","T1",0.1,NA,5,0.161290322580645,0.906148867313916,0.53371959494728,0.158227848101266,34,0,0.198146986961365
"stamps","LUNAR","score","T2",0.0911764705882353,NA,5,0.161290322580645,0.915857605177994,0.538573963879319,0.161290322580645,31,0,0.2012045347077
"stamps","GLOSH","score","T1",0.1,NA,NA,0.290322580645161,0.919093851132686,0.604708215888924,0.284810126582278,34,0,0.756259600650048
"stamps","GLOSH","score","T2",0.0911764705882353,NA,NA,0.225806451612903,0.922330097087379,0.574068274350141,0.225806451612903,31,0,0.761238152276225
"stamps","OPTICS","score","T1",0.1,NA,NA,0.258064516129032,0.919093851132686,0.588579183630859,0.254777070063694,33,3,0.266551294034002
"stamps","OPTICS","score","T2",0.0911764705882353,NA,NA,0.225806451612903,0.922330097087379,0.574068274350141,0.225806451612903,31,0,0.27182866378702
"stamps","MutualKNN","score","T1",0.1,5,NA,0.0645161290322581,0.957928802588997,0.511222465810627,0.0719424460431655,15,39,4
"stamps","MutualKNN","score","T2",0.0911764705882353,5,NA,0.0645161290322581,0.957928802588997,0.511222465810627,0.0719424460431655,15,39,4
"stamps","MutualKNN","score","T1",0.1,10,NA,0.0967741935483871,0.944983818770227,0.520879006159307,0.104166666666667,20,15,8
"stamps","MutualKNN","score","T2",0.0911764705882353,10,NA,0.0967741935483871,0.944983818770227,0.520879006159307,0.104166666666667,20,15,8
"stamps","MutualKNN","score","T1",0.1,15,NA,0.161290322580645,0.922330097087379,0.541810209834012,0.163398692810458,29,18,11
"stamps","MutualKNN","score","T2",0.0911764705882353,15,NA,0.161290322580645,0.922330097087379,0.541810209834012,0.163398692810458,29,18,11
"stamps","MutualKNN","score","T1",0.1,20,NA,0.161290322580645,0.935275080906149,0.548282701743397,0.167785234899329,25,12,15
"stamps","MutualKNN","score","T2",0.0911764705882353,20,NA,0.161290322580645,0.935275080906149,0.548282701743397,0.167785234899329,25,12,15
"stamps","MutualKNN","score","T1",0.1,30,NA,0.193548387096774,0.915857605177994,0.554702996137384,0.192307692307692,32,6,22
"stamps","MutualKNN","score","T2",0.0911764705882353,30,NA,0.161290322580645,0.922330097087379,0.541810209834012,0.163398692810458,29,3,23
"stamps","MutualKNN","score","T1",0.1,18,NA,0.161290322580645,0.906148867313916,0.53371959494728,0.158227848101266,34,0,13.1
"stamps","MutualKNN","score","T2",0.0911764705882353,18,NA,0.129032258064516,0.944983818770227,0.537008038417371,0.137931034482759,21,13,14
"stamps","SNN","score","T1",0.1,5,NA,0.0645161290322581,0.899676375404531,0.482096252218394,0.0636942675159236,33,31,-6
"stamps","SNN","score","T2",0.0911764705882353,5,NA,0.032258064516129,0.935275080906149,0.483766572711139,0.0344827586206897,21,12,-5
"stamps","SNN","score","T1",0.1,10,NA,0.161290322580645,0.915857605177994,0.538573963879319,0.161290322580645,31,6,-30
"stamps","SNN","score","T2",0.0911764705882353,10,NA,0.161290322580645,0.915857605177994,0.538573963879319,0.161290322580645,31,0,-29.9088235294118
"stamps","SNN","score","T1",0.1,15,NA,0.161290322580645,0.912621359223301,0.536955840901973,0.16025641025641,32,3,-78
"stamps","SNN","score","T2",0.0911764705882353,15,NA,0.161290322580645,0.925566343042071,0.543428332811358,0.164473684210526,28,4,-77
"stamps","SNN","score","T1",0.1,20,NA,0.161290322580645,0.906148867313916,0.53371959494728,0.158227848101266,34,0,-153.8
"stamps","SNN","score","T2",0.0911764705882353,20,NA,0.161290322580645,0.919093851132686,0.540192086856666,0.162337662337662,30,2,-150
"stamps","SNN","score","T1",0.1,30,NA,0.225806451612903,0.912621359223301,0.569213905418102,0.221518987341772,34,0,-377.9
"stamps","SNN","score","T2",0.0911764705882353,30,NA,0.225806451612903,0.922330097087379,0.574068274350141,0.225806451612903,31,0,-376.908823529412
"stamps","SNN","score","T1",0.1,18,NA,0.193548387096774,0.912621359223301,0.553084873160038,0.191082802547771,33,3,-118
"stamps","SNN","score","T2",0.0911764705882353,18,NA,0.161290322580645,0.919093851132686,0.540192086856666,0.162337662337662,30,3,-117
"stamps","HDBSCAN-noise","native","native",NA,NA,NA,0.612903225806452,0.433656957928803,0.523280091867627,0.29874213836478,194,NA,NA
"stamps","OPTICS-noise","native","native",NA,NA,NA,0.258064516129032,0.27831715210356,0.268190834116296,0.112676056338028,231,NA,NA
"stamps","MutualKNN-m0","native","native",NA,5,NA,0.0645161290322581,0.957928802588997,0.511222465810627,0.0719424460431655,15,NA,NA
"stamps","MutualKNN-m0","native","native",NA,10,NA,0.0645161290322581,0.97411003236246,0.519313080697359,0.0746268656716418,10,NA,NA
"stamps","MutualKNN-m0","native","native",NA,15,NA,0.032258064516129,0.98705501618123,0.509656540348679,0.0387596899224806,5,NA,NA
"stamps","MutualKNN-m0","native","native",NA,20,NA,0.032258064516129,0.993527508090615,0.512892786303372,0.0393700787401575,3,NA,NA
"stamps","MutualKNN-m0","native","native",NA,30,NA,0.032258064516129,0.993527508090615,0.512892786303372,0.0393700787401575,3,NA,NA
"stamps","MutualKNN-m0","native","native",NA,18,NA,0.032258064516129,0.993527508090615,0.512892786303372,0.0393700787401575,3,NA,NA
"WDBC","ECOD","score","T1",0.1,NA,NA,0.6,0.913165266106443,0.756582633053221,0.38961038961039,37,0,69.899921653659
"WDBC","ECOD","score","T2",0.0272479564032698,NA,NA,0.4,0.983193277310924,0.691596638655462,0.4,10,0,85.0689289692721
"WDBC","COPOD","score","T1",0.1,NA,NA,0.9,0.92156862745098,0.91078431372549,0.584415584415584,37,0,56.0472856321843
"WDBC","COPOD","score","T2",0.0272479564032698,NA,NA,0.5,0.985994397759104,0.742997198879552,0.5,10,0,72.5495161407171
"WDBC","DIF","score","T1",0.1,NA,1,0.2,0.901960784313726,0.550980392156863,0.12987012987013,37,0,0.339627096551929
"WDBC","DIF","score","T2",0.0272479564032698,NA,1,0.1,0.974789915966387,0.537394957983193,0.1,10,0,0.354686611998572
"WDBC","DIF","score","T1",0.1,NA,2,0.2,0.901960784313726,0.550980392156863,0.12987012987013,37,0,0.338350595306795
"WDBC","DIF","score","T2",0.0272479564032698,NA,2,0,0.971988795518207,0.485994397759104,0,10,0,0.354322227867988
"WDBC","DIF","score","T1",0.1,NA,3,0.1,0.899159663865546,0.499579831932773,0.0649350649350649,37,0,0.33695726912978
"WDBC","DIF","score","T2",0.0272479564032698,NA,3,0.1,0.974789915966387,0.537394957983193,0.1,10,0,0.351657941192467
"WDBC","DIF","score","T1",0.1,NA,4,0.1,0.899159663865546,0.499579831932773,0.0649350649350649,37,0,0.338097521397076
"WDBC","DIF","score","T2",0.0272479564032698,NA,4,0.1,0.974789915966387,0.537394957983193,0.1,10,0,0.35326112336066
"WDBC","DIF","score","T1",0.1,NA,5,0.1,0.899159663865546,0.499579831932773,0.0649350649350649,37,0,0.339496409737018
"WDBC","DIF","score","T2",0.0272479564032698,NA,5,0.1,0.974789915966387,0.537394957983193,0.1,10,0,0.356236693810199
"WDBC","LUNAR","score","T1",0.1,NA,1,0.6,0.913165266106443,0.756582633053221,0.38961038961039,37,0,0.472304457426071
"WDBC","LUNAR","score","T2",0.0272479564032698,NA,1,0.3,0.980392156862745,0.640196078431372,0.3,10,0,0.688996134077171
"WDBC","LUNAR","score","T1",0.1,NA,2,0.5,0.910364145658263,0.705182072829132,0.324675324675325,37,0,0.0876621365547183
"WDBC","LUNAR","score","T2",0.0272479564032698,NA,2,0.2,0.977591036414566,0.588795518207283,0.2,10,0,0.488622800043557
"WDBC","LUNAR","score","T1",0.1,NA,3,0.7,0.915966386554622,0.807983193277311,0.454545454545454,37,0,0.00101507902145428
"WDBC","LUNAR","score","T2",0.0272479564032698,NA,3,0.2,0.977591036414566,0.588795518207283,0.2,10,0,0.433283142887603
"WDBC","LUNAR","score","T1",0.1,NA,4,0.6,0.913165266106443,0.756582633053221,0.38961038961039,37,0,0.0642470479011538
"WDBC","LUNAR","score","T2",0.0272479564032698,NA,4,0.2,0.977591036414566,0.588795518207283,0.2,10,0,0.522214264570854
"WDBC","LUNAR","score","T1",0.1,NA,5,0.6,0.913165266106443,0.756582633053221,0.38961038961039,37,0,0.00619468688964893
"WDBC","LUNAR","score","T2",0.0272479564032698,NA,5,0.3,0.980392156862745,0.640196078431372,0.3,10,0,0.419858526306515
"WDBC","GLOSH","score","T1",0.1,NA,NA,0.7,0.915966386554622,0.807983193277311,0.454545454545454,37,0,0.594460534951602
"WDBC","GLOSH","score","T2",0.0272479564032698,NA,NA,0.2,0.977591036414566,0.588795518207283,0.2,10,0,0.729054051463861
"WDBC","OPTICS","score","T1",0.1,NA,NA,0.7,0.915966386554622,0.807983193277311,0.454545454545454,37,0,0.554683166872705
"WDBC","OPTICS","score","T2",0.0272479564032698,NA,NA,0.4,0.983193277310924,0.691596638655462,0.4,10,0,0.819604368804623
"WDBC","MutualKNN","score","T1",0.1,5,NA,0.4,0.907563025210084,0.653781512605042,0.25974025974026,37,0,4.40000000000003
"WDBC","MutualKNN","score","T2",0.0272479564032698,5,NA,0,1,0.5,0,0,37,5
"WDBC","MutualKNN","score","T1",0.1,10,NA,0.3,0.904761904761905,0.602380952380952,0.194805194805195,37,0,8.40000000000003
"WDBC","MutualKNN","score","T2",0.0272479564032698,10,NA,0,1,0.5,0,0,18,10
"WDBC","MutualKNN","score","T1",0.1,15,NA,0.2,0.941176470588235,0.570588235294118,0.158730158730159,23,18,13
"WDBC","MutualKNN","score","T2",0.0272479564032698,15,NA,0.2,0.980392156862745,0.590196078431373,0.204081632653061,9,14,14
"WDBC","MutualKNN","score","T1",0.1,20,NA,0.4,0.932773109243697,0.666386554621849,0.294117647058824,28,19,17
"WDBC","MutualKNN","score","T2",0.0272479564032698,20,NA,0.1,0.983193277310924,0.541596638655462,0.106382978723404,7,9,19
"WDBC","MutualKNN","score","T1",0.1,30,NA,0.5,0.910364145658263,0.705182072829132,0.324675324675325,37,0,25.4
"WDBC","MutualKNN","score","T2",0.0272479564032698,30,NA,0.2,0.980392156862745,0.590196078431373,0.204081632653061,9,5,28
"WDBC","MutualKNN","score","T1",0.1,19,NA,0.4,0.929971988795518,0.664985994397759,0.289855072463768,29,22,16
"WDBC","MutualKNN","score","T2",0.0272479564032698,19,NA,0.1,0.983193277310924,0.541596638655462,0.106382978723404,7,9,18
"WDBC","SNN","score","T1",0.1,5,NA,0,0.927170868347339,0.463585434173669,0,26,46,-3
"WDBC","SNN","score","T2",0.0272479564032698,5,NA,0,0.983193277310924,0.491596638655462,0,6,20,-2
"WDBC","SNN","score","T1",0.1,10,NA,0,0.901960784313726,0.450980392156863,0,35,15,-22
"WDBC","SNN","score","T2",0.0272479564032698,10,NA,0,0.974789915966387,0.487394957983193,0,9,9,-18
"WDBC","SNN","score","T1",0.1,15,NA,0,0.899159663865546,0.449579831932773,0,36,4,-59
"WDBC","SNN","score","T2",0.0272479564032698,15,NA,0,0.971988795518207,0.485994397759104,0,10,0,-50.9727520435968
"WDBC","SNN","score","T1",0.1,20,NA,0.1,0.901960784313726,0.500980392156863,0.0657894736842105,36,4,-120
"WDBC","SNN","score","T2",0.0272479564032698,20,NA,0,0.974789915966387,0.487394957983193,0,9,3,-102
"WDBC","SNN","score","T1",0.1,30,NA,0.1,0.901960784313726,0.500980392156863,0.0657894736842105,36,2,-308
"WDBC","SNN","score","T2",0.0272479564032698,30,NA,0,0.974789915966387,0.487394957983193,0,9,2,-266
"WDBC","SNN","score","T1",0.1,19,NA,0.1,0.901960784313726,0.500980392156863,0.0657894736842105,36,2,-106
"WDBC","SNN","score","T2",0.0272479564032698,19,NA,0,0.971988795518207,0.485994397759104,0,10,0,-90.9182561307903
"WDBC","HDBSCAN-noise","native","native",NA,NA,NA,1,0,0.5,0.122850122850123,367,NA,NA
"WDBC","OPTICS-noise","native","native",NA,NA,NA,1,0.0140056022408964,0.507002801120448,0.124378109452736,362,NA,NA
"WDBC","MutualKNN-m0","native","native",NA,5,NA,0.4,0.907563025210084,0.653781512605042,0.25974025974026,37,NA,NA
"WDBC","MutualKNN-m0","native","native",NA,10,NA,0.2,0.955182072829132,0.577591036414566,0.172413793103448,18,NA,NA
"WDBC","MutualKNN-m0","native","native",NA,15,NA,0.2,0.980392156862745,0.590196078431373,0.204081632653061,9,NA,NA
"WDBC","MutualKNN-m0","native","native",NA,20,NA,0.1,0.983193277310924,0.541596638655462,0.106382978723404,7,NA,NA
"WDBC","MutualKNN-m0","native","native",NA,30,NA,0.1,0.994397759103641,0.547198879551821,0.116279069767442,3,NA,NA
"WDBC","MutualKNN-m0","native","native",NA,19,NA,0.1,0.983193277310924,0.541596638655462,0.106382978723404,7,NA,NA
"pima","ECOD","score","T1",0.1,NA,NA,0.272727272727273,0.918,0.595363636363636,0.271739130434783,56,0,16.0748794644192
"pima","ECOD","score","T2",0.0990990990990991,NA,NA,0.272727272727273,0.92,0.596363636363636,0.272727272727273,55,0,16.0841257009691
"pima","COPOD","score","T1",0.1,NA,NA,0.290909090909091,0.92,0.605454545454545,0.289855072463768,56,0,12.698068405893
"pima","COPOD","score","T2",0.0990990990990991,NA,NA,0.290909090909091,0.922,0.606454545454545,0.290909090909091,55,0,12.7022730652886
"pima","DIF","score","T1",0.1,NA,1,0.109090909090909,0.9,0.504545454545455,0.108695652173913,56,0,0.336258962270199
"pima","DIF","score","T2",0.0990990990990991,NA,1,0.109090909090909,0.902,0.505545454545455,0.109090909090909,55,0,0.33636229269602
"pima","DIF","score","T1",0.1,NA,2,0.0909090909090909,0.898,0.494454545454545,0.0905797101449275,56,0,0.338644187827653
"pima","DIF","score","T2",0.0990990990990991,NA,2,0.0727272727272727,0.898,0.485363636363636,0.0727272727272727,55,0,0.339312587573305
"pima","DIF","score","T1",0.1,NA,3,0.0909090909090909,0.898,0.494454545454545,0.0905797101449275,56,0,0.341373961374481
"pima","DIF","score","T2",0.0990990990990991,NA,3,0.0909090909090909,0.9,0.495454545454545,0.0909090909090909,55,0,0.341637480959909
"pima","DIF","score","T1",0.1,NA,4,0.0909090909090909,0.898,0.494454545454545,0.0905797101449275,56,0,0.336591177890683
"pima","DIF","score","T2",0.0990990990990991,NA,4,0.0909090909090909,0.9,0.495454545454545,0.0909090909090909,55,0,0.336791571324066
"pima","DIF","score","T1",0.1,NA,5,0.109090909090909,0.9,0.504545454545455,0.108695652173913,56,0,0.340544835053519
"pima","DIF","score","T2",0.0990990990990991,NA,5,0.0909090909090909,0.9,0.495454545454545,0.0909090909090909,55,0,0.340610302418945
"pima","LUNAR","score","T1",0.1,NA,1,0.236363636363636,0.914,0.575181818181818,0.235507246376812,56,0,0.275637316703796
"pima","LUNAR","score","T2",0.0990990990990991,NA,1,0.218181818181818,0.914,0.566090909090909,0.218181818181818,55,0,0.276015433642241
"pima","LUNAR","score","T1",0.1,NA,2,0.272727272727273,0.918,0.595363636363636,0.271739130434783,56,0,0.252362561225891
"pima","LUNAR","score","T2",0.0990990990990991,NA,2,0.254545454545455,0.918,0.586272727272727,0.254545454545455,55,0,0.252627718019056
"pima","LUNAR","score","T1",0.1,NA,3,0.127272727272727,0.902,0.514636363636364,0.126811594202899,56,0,0.164074924588203
"pima","LUNAR","score","T2",0.0990990990990991,NA,3,0.109090909090909,0.902,0.505545454545455,0.109090909090909,55,0,0.164214233691628
"pima","LUNAR","score","T1",0.1,NA,4,0.181818181818182,0.908,0.544909090909091,0.181159420289855,56,0,0.234028667211533
"pima","LUNAR","score","T2",0.0990990990990991,NA,4,0.181818181818182,0.91,0.545909090909091,0.181818181818182,55,0,0.234184819701556
"pima","LUNAR","score","T1",0.1,NA,5,0.2,0.91,0.555,0.199275362318841,56,0,0.287578153610229
"pima","LUNAR","score","T2",0.0990990990990991,NA,5,0.181818181818182,0.91,0.545909090909091,0.181818181818182,55,0,0.287923462219066
"pima","GLOSH","score","T1",0.1,NA,NA,0.181818181818182,0.908,0.544909090909091,0.181159420289855,56,0,0.632579354492402
"pima","GLOSH","score","T2",0.0990990990990991,NA,NA,0.181818181818182,0.91,0.545909090909091,0.181818181818182,55,0,0.633093722141821
"pima","OPTICS","score","T1",0.1,NA,NA,0.163636363636364,0.906,0.534818181818182,0.16304347826087,56,0,0.325391759213955
"pima","OPTICS","score","T2",0.0990990990990991,NA,NA,0.163636363636364,0.908,0.535818181818182,0.163636363636364,55,0,0.325924364996977
"pima","MutualKNN","score","T1",0.1,5,NA,0.0727272727272727,0.932,0.502363636363636,0.0775193798449612,38,84,4
"pima","MutualKNN","score","T2",0.0990990990990991,5,NA,0.0727272727272727,0.932,0.502363636363636,0.0775193798449612,38,84,4
"pima","MutualKNN","score","T1",0.1,10,NA,0.0727272727272727,0.94,0.506363636363636,0.0787401574803149,34,44,8
"pima","MutualKNN","score","T2",0.0990990990990991,10,NA,0.0727272727272727,0.94,0.506363636363636,0.0787401574803149,34,44,8
"pima","MutualKNN","score","T1",0.1,15,NA,0.145454545454545,0.908,0.526727272727273,0.145985401459854,54,35,11
"pima","MutualKNN","score","T2",0.0990990990990991,15,NA,0.145454545454545,0.908,0.526727272727273,0.145985401459854,54,35,11
"pima","MutualKNN","score","T1",0.1,20,NA,0.127272727272727,0.908,0.517636363636364,0.128205128205128,53,18,15
"pima","MutualKNN","score","T2",0.0990990990990991,20,NA,0.127272727272727,0.908,0.517636363636364,0.128205128205128,53,18,15
"pima","MutualKNN","score","T1",0.1,30,NA,0.127272727272727,0.918,0.522636363636364,0.130597014925373,48,23,22
"pima","MutualKNN","score","T2",0.0990990990990991,30,NA,0.127272727272727,0.918,0.522636363636364,0.130597014925373,48,23,22
"pima","MutualKNN","score","T1",0.1,24,NA,0.163636363636364,0.908,0.535818181818182,0.163636363636364,55,15,18
"pima","MutualKNN","score","T2",0.0990990990990991,24,NA,0.163636363636364,0.908,0.535818181818182,0.163636363636364,55,0,18.0990990990991
"pima","SNN","score","T1",0.1,5,NA,0.0909090909090909,0.936,0.513454545454545,0.0972762645914397,37,33,-3
"pima","SNN","score","T2",0.0990990990990991,5,NA,0.0909090909090909,0.936,0.513454545454545,0.0972762645914397,37,33,-3
"pima","SNN","score","T1",0.1,10,NA,0.0727272727272727,0.91,0.491363636363636,0.0743494423791822,49,17,-23
"pima","SNN","score","T2",0.0990990990990991,10,NA,0.0727272727272727,0.91,0.491363636363636,0.0743494423791822,49,17,-23
"pima","SNN","score","T1",0.1,15,NA,0.0909090909090909,0.904,0.497454545454545,0.0915750915750916,53,9,-62
"pima","SNN","score","T2",0.0990990990990991,15,NA,0.0909090909090909,0.904,0.497454545454545,0.0915750915750916,53,9,-62
"pima","SNN","score","T1",0.1,20,NA,0.0909090909090909,0.898,0.494454545454545,0.0905797101449275,56,0,-122.4
"pima","SNN","score","T2",0.0990990990990991,20,NA,0.0909090909090909,0.912,0.501454545454545,0.0929368029739777,49,7,-122
"pima","SNN","score","T1",0.1,30,NA,0.163636363636364,0.91,0.536818181818182,0.164233576642336,54,3,-310
"pima","SNN","score","T2",0.0990990990990991,30,NA,0.163636363636364,0.91,0.536818181818182,0.164233576642336,54,3,-310
"pima","SNN","score","T1",0.1,24,NA,0.127272727272727,0.904,0.515636363636364,0.127272727272727,55,3,-189
"pima","SNN","score","T2",0.0990990990990991,24,NA,0.127272727272727,0.904,0.515636363636364,0.127272727272727,55,0,-188.900900900901
"pima","HDBSCAN-noise","native","native",NA,NA,NA,0.109090909090909,0.924,0.516545454545455,0.113636363636364,44,NA,NA
"pima","OPTICS-noise","native","native",NA,NA,NA,0.963636363636364,0.026,0.494818181818182,0.348684210526316,540,NA,NA
"pima","MutualKNN-m0","native","native",NA,5,NA,0.0727272727272727,0.932,0.502363636363636,0.0775193798449612,38,NA,NA
"pima","MutualKNN-m0","native","native",NA,10,NA,0.0363636363636364,0.984,0.510181818181818,0.0434782608695652,10,NA,NA
"pima","MutualKNN-m0","native","native",NA,15,NA,0.0363636363636364,0.992,0.514181818181818,0.0442477876106195,6,NA,NA
"pima","MutualKNN-m0","native","native",NA,20,NA,0.0363636363636364,0.992,0.514181818181818,0.0442477876106195,6,NA,NA
"pima","MutualKNN-m0","native","native",NA,30,NA,0.0363636363636364,0.996,0.516181818181818,0.0446428571428572,4,NA,NA
"pima","MutualKNN-m0","native","native",NA,24,NA,0.0363636363636364,0.992,0.514181818181818,0.0442477876106195,6,NA,NA
"Shuttle","ECOD","score","T1",0.1,NA,NA,0.307692307692308,0.902,0.604846153846154,0.12987012987013,102,0,17.2275125959355
"Shuttle","ECOD","score","T2",0.0128331688055281,NA,NA,0.0769230769230769,0.988,0.532461538461538,0.0769230769230769,13,0,25.8035751373893
"Shuttle","COPOD","score","T1",0.1,NA,NA,0.384615384615385,0.903,0.643807692307692,0.162337662337662,102,0,14.1545107375891
"Shuttle","COPOD","score","T2",0.0128331688055281,NA,NA,0.0769230769230769,0.988,0.532461538461538,0.0769230769230769,13,0,23.3592708597
"Shuttle","DIF","score","T1",0.1,NA,1,0.769230769230769,0.908,0.838615384615385,0.324675324675325,102,0,0.292634725660326
"Shuttle","DIF","score","T2",0.0128331688055281,NA,1,0.153846153846154,0.989,0.571423076923077,0.153846153846154,13,0,0.378707549059728
"Shuttle","DIF","score","T1",0.1,NA,2,0.769230769230769,0.908,0.838615384615385,0.324675324675325,102,0,0.295081391224976
"Shuttle","DIF","score","T2",0.0128331688055281,NA,2,0.153846153846154,0.989,0.571423076923077,0.153846153846154,13,0,0.37300849677451
"Shuttle","DIF","score","T1",0.1,NA,3,0.615384615384615,0.906,0.760692307692308,0.25974025974026,102,0,0.298080985023415
"Shuttle","DIF","score","T2",0.0128331688055281,NA,3,0.153846153846154,0.989,0.571423076923077,0.153846153846154,13,0,0.372602852119743
"Shuttle","DIF","score","T1",0.1,NA,4,1,0.911,0.9555,0.422077922077922,102,0,0.292050487567959
"Shuttle","DIF","score","T2",0.0128331688055281,NA,4,0.153846153846154,0.989,0.571423076923077,0.153846153846154,13,0,0.379174263771264
"Shuttle","DIF","score","T1",0.1,NA,5,0.538461538461538,0.905,0.721730769230769,0.227272727272727,102,0,0.299275170686941
"Shuttle","DIF","score","T2",0.0128331688055281,NA,5,0.153846153846154,0.989,0.571423076923077,0.153846153846154,13,0,0.371760520311953
"Shuttle","LUNAR","score","T1",0.1,NA,1,1,0.911,0.9555,0.422077922077922,102,0,-0.777013075351715
"Shuttle","LUNAR","score","T2",0.0128331688055281,NA,1,0.461538461538462,0.993,0.727269230769231,0.461538461538462,13,0,-0.127638628605205
"Shuttle","LUNAR","score","T1",0.1,NA,2,0.769230769230769,0.908,0.838615384615385,0.324675324675325,102,0,0.0319570191204548
"Shuttle","LUNAR","score","T2",0.0128331688055281,NA,2,0.307692307692308,0.991,0.649346153846154,0.307692307692308,13,0,0.0851116885393417
"Shuttle","LUNAR","score","T1",0.1,NA,3,0.923076923076923,0.91,0.916538461538462,0.38961038961039,102,0,-0.367675232887268
"Shuttle","LUNAR","score","T2",0.0128331688055281,NA,3,0.461538461538462,0.993,0.727269230769231,0.461538461538462,13,0,0.562318767517481
"Shuttle","LUNAR","score","T1",0.1,NA,4,1,0.911,0.9555,0.422077922077922,102,0,-0.742798483371734
"Shuttle","LUNAR","score","T2",0.0128331688055281,NA,4,0.307692307692308,0.991,0.649346153846154,0.307692307692308,13,0,-0.157044010654254
"Shuttle","LUNAR","score","T1",0.1,NA,5,1,0.911,0.9555,0.422077922077922,102,0,-0.530239915847778
"Shuttle","LUNAR","score","T2",0.0128331688055281,NA,5,0.307692307692308,0.991,0.649346153846154,0.307692307692308,13,0,0.68065403097356
"Shuttle","GLOSH","score","T1",0.1,NA,NA,0.384615384615385,0.903,0.643807692307692,0.162337662337662,102,0,0.730659647975332
"Shuttle","GLOSH","score","T2",0.0128331688055281,NA,NA,0.384615384615385,0.992,0.688307692307692,0.384615384615385,13,0,0.94522940779783
"Shuttle","OPTICS","score","T1",0.1,NA,NA,1,0.912,0.956,0.42483660130719,101,4,0.483325483470418
"Shuttle","OPTICS","score","T2",0.0128331688055281,NA,NA,0.307692307692308,0.991,0.649346153846154,0.307692307692308,13,0,2.67623617070422
"Shuttle","MutualKNN","score","T1",0.1,5,NA,0,0.968,0.484,0,32,104,4
"Shuttle","MutualKNN","score","T2",0.0128331688055281,5,NA,0,1,0.5,0,0,32,5
"Shuttle","MutualKNN","score","T1",0.1,10,NA,0.307692307692308,0.943,0.625346153846154,0.176991150442478,61,58,7
"Shuttle","MutualKNN","score","T2",0.0128331688055281,10,NA,0,0.991,0.4955,0,9,23,9
"Shuttle","MutualKNN","score","T1",0.1,15,NA,0.384615384615385,0.92,0.652307692307692,0.182481751824818,85,42,10
"Shuttle","MutualKNN","score","T2",0.0128331688055281,15,NA,0,0.994,0.497,0,6,11,14
"Shuttle","MutualKNN","score","T1",0.1,20,NA,0.384615384615385,0.912,0.648307692307692,0.172413793103448,93,47,13
"Shuttle","MutualKNN","score","T2",0.0128331688055281,20,NA,0.0769230769230769,0.988,0.532461538461538,0.0769230769230769,13,0,18.0128331688055
"Shuttle","MutualKNN","score","T1",0.1,30,NA,1,0.913,0.9565,0.427631578947369,100,17,20
"Shuttle","MutualKNN","score","T2",0.0128331688055281,30,NA,0.153846153846154,0.989,0.571423076923077,0.153846153846154,13,0,27.0128331688055
"Shuttle","MutualKNN","score","T1",0.1,32,NA,1,0.925,0.9625,0.464285714285714,88,17,22
"Shuttle","MutualKNN","score","T2",0.0128331688055281,32,NA,0.153846153846154,0.989,0.571423076923077,0.153846153846154,13,0,29.0128331688055
"Shuttle","SNN","score","T1",0.1,5,NA,0.0769230769230769,0.917,0.496961538461538,0.036764705882353,84,56,-6
"Shuttle","SNN","score","T2",0.0128331688055281,5,NA,0,0.991,0.4955,0,9,10,-3
"Shuttle","SNN","score","T1",0.1,10,NA,0.0769230769230769,0.902,0.489461538461539,0.033112582781457,99,14,-35
"Shuttle","SNN","score","T2",0.0128331688055281,10,NA,0.0769230769230769,0.989,0.532961538461538,0.078125,12,3,-23
"Shuttle","SNN","score","T1",0.1,15,NA,0.153846153846154,0.901,0.527423076923077,0.065359477124183,101,9,-86
"Shuttle","SNN","score","T2",0.0128331688055281,15,NA,0,0.988,0.494,0,12,2,-62
"Shuttle","SNN","score","T1",0.1,20,NA,0.307692307692308,0.902,0.604846153846154,0.12987012987013,102,0,-159.2
"Shuttle","SNN","score","T2",0.0128331688055281,20,NA,0,0.987,0.4935,0,13,0,-115.974333662389
"Shuttle","SNN","score","T1",0.1,30,NA,0.461538461538462,0.904,0.682769230769231,0.194805194805195,102,0,-368.2
"Shuttle","SNN","score","T2",0.0128331688055281,30,NA,0.153846153846154,0.989,0.571423076923077,0.153846153846154,13,0,-292.935834155972
"Shuttle","SNN","score","T1",0.1,32,NA,0.384615384615385,0.903,0.643807692307692,0.162337662337662,102,0,-422.2
"Shuttle","SNN","score","T2",0.0128331688055281,32,NA,0.153846153846154,0.989,0.571423076923077,0.153846153846154,13,0,-331.948667324778
"Shuttle","HDBSCAN-noise","native","native",NA,NA,NA,0.384615384615385,0.992,0.688307692307692,0.384615384615385,13,NA,NA
"Shuttle","OPTICS-noise","native","native",NA,NA,NA,0.384615384615385,0.441,0.412807692307692,0.0405844155844156,564,NA,NA
"Shuttle","MutualKNN-m0","native","native",NA,5,NA,0,0.968,0.484,0,32,NA,NA
"Shuttle","MutualKNN-m0","native","native",NA,10,NA,0,0.991,0.4955,0,9,NA,NA
"Shuttle","MutualKNN-m0","native","native",NA,15,NA,0,0.994,0.497,0,6,NA,NA
"Shuttle","MutualKNN-m0","native","native",NA,20,NA,0,0.995,0.4975,0,5,NA,NA
"Shuttle","MutualKNN-m0","native","native",NA,30,NA,0,0.998,0.499,0,2,NA,NA
"Shuttle","MutualKNN-m0","native","native",NA,32,NA,0,0.998,0.499,0,2,NA,NA
"vowels","ECOD","score","T1",0.1,NA,NA,0.239130434782609,0.90398293029872,0.571556682540664,0.166666666666667,146,0,25.0310662882292
"vowels","ECOD","score","T2",0.0316804407713499,NA,NA,0.173913043478261,0.972972972972973,0.573443008225617,0.173913043478261,46,0,27.2952147607633
"vowels","COPOD","score","T1",0.1,NA,NA,0.0434782608695652,0.897581792318634,0.4705300265941,0.0303030303030303,146,0,20.4127431795044
"vowels","COPOD","score","T2",0.0316804407713499,NA,NA,0,0.96728307254623,0.483641536273115,0,46,0,22.9049218662002
"vowels","DIF","score","T1",0.1,NA,1,0.391304347826087,0.908961593172119,0.650132970499103,0.272727272727273,146,0,0.332872438183099
"vowels","DIF","score","T2",0.0316804407713499,NA,1,0.173913043478261,0.972972972972973,0.573443008225617,0.173913043478261,46,0,0.342972112768955
"vowels","DIF","score","T1",0.1,NA,2,0.391304347826087,0.908961593172119,0.650132970499103,0.272727272727273,146,0,0.331317608839266
"vowels","DIF","score","T2",0.0316804407713499,NA,2,0.152173913043478,0.97226173541963,0.562217824231554,0.152173913043478,46,0,0.344197363633673
"vowels","DIF","score","T1",0.1,NA,3,0.391304347826087,0.908961593172119,0.650132970499103,0.272727272727273,146,0,0.332591074306056
"vowels","DIF","score","T2",0.0316804407713499,NA,3,0.173913043478261,0.972972972972973,0.573443008225617,0.173913043478261,46,0,0.341607876884011
"vowels","DIF","score","T1",0.1,NA,4,0.347826086956522,0.907539118065434,0.627682602510978,0.242424242424242,146,0,0.333163366349212
"vowels","DIF","score","T2",0.0316804407713499,NA,4,0.152173913043478,0.97226173541963,0.562217824231554,0.152173913043478,46,0,0.344583266026782
"vowels","DIF","score","T1",0.1,NA,5,0.41304347826087,0.909672830725462,0.661358154493166,0.287878787878788,146,0,0.333649583068162
"vowels","DIF","score","T2",0.0316804407713499,NA,5,0.195652173913043,0.973684210526316,0.58466819221968,0.195652173913044,46,0,0.343538259328301
"vowels","LUNAR","score","T1",0.1,NA,1,0.934782608695652,0.92674253200569,0.930762570350671,0.651515151515152,146,0,0.0258261561393741
"vowels","LUNAR","score","T2",0.0316804407713499,NA,1,0.58695652173913,0.986486486486487,0.786721504112809,0.586956521739131,46,0,0.321576368546026
"vowels","LUNAR","score","T1",0.1,NA,2,0.847826086956522,0.923897581792319,0.88586183437442,0.590909090909091,146,0,0.219382777810097
"vowels","LUNAR","score","T2",0.0316804407713499,NA,2,0.543478260869565,0.985064011379801,0.764271136124683,0.543478260869565,46,0,0.265606644683961
"vowels","LUNAR","score","T1",0.1,NA,3,0.847826086956522,0.923897581792319,0.88586183437442,0.590909090909091,146,0,0.828525614738465
"vowels","LUNAR","score","T2",0.0316804407713499,NA,3,0.434782608695652,0.981507823613087,0.708145216154369,0.434782608695652,46,0,1.1108860417831
"vowels","LUNAR","score","T1",0.1,NA,4,0.847826086956522,0.923897581792319,0.88586183437442,0.590909090909091,146,0,0.202698676288128
"vowels","LUNAR","score","T2",0.0316804407713499,NA,4,0.58695652173913,0.986486486486487,0.786721504112809,0.586956521739131,46,0,0.261266842525524
"vowels","LUNAR","score","T1",0.1,NA,5,0.891304347826087,0.925320056899004,0.908312202362546,0.621212121212121,146,0,0.832813525199891
"vowels","LUNAR","score","T2",0.0316804407713499,NA,5,0.41304347826087,0.980796586059744,0.696920032160307,0.41304347826087,46,0,1.23813830525422
"vowels","GLOSH","score","T1",0.1,NA,NA,0.891304347826087,0.925320056899004,0.908312202362546,0.621212121212121,146,0,0.572139869262485
"vowels","GLOSH","score","T2",0.0316804407713499,NA,NA,0.478260869565217,0.982930298719772,0.730595584142495,0.478260869565218,46,0,0.653173958791934
"vowels","OPTICS","score","T1",0.1,NA,NA,0.934782608695652,0.92674253200569,0.930762570350671,0.651515151515152,146,0,1.54261709921916
"vowels","OPTICS","score","T2",0.0316804407713499,NA,NA,0.58695652173913,0.986486486486487,0.786721504112809,0.586956521739131,46,0,1.89187296032795
"vowels","MutualKNN","score","T1",0.1,5,NA,0.369565217391304,0.951635846372688,0.660600531881996,0.315985130111524,85,263,3
"vowels","MutualKNN","score","T2",0.0316804407713499,5,NA,0.0869565217391304,0.994310099573257,0.540633310656194,0.102040816326531,12,73,4
"vowels","MutualKNN","score","T1",0.1,10,NA,0.521739130434783,0.962304409672831,0.742021770053807,0.459770114942529,77,112,7
"vowels","MutualKNN","score","T2",0.0316804407713499,10,NA,0.239130434782609,0.993598862019915,0.616364648401262,0.269607843137255,20,57,8
"vowels","MutualKNN","score","T1",0.1,15,NA,0.456521739130435,0.952347083926031,0.704434411528233,0.386029411764706,88,63,11
"vowels","MutualKNN","score","T2",0.0316804407713499,15,NA,0.347826086956522,0.987197724039829,0.667511905498176,0.36697247706422,34,54,12
"vowels","MutualKNN","score","T1",0.1,20,NA,0.608695652173913,0.92674253200569,0.767719092089801,0.444444444444444,131,60,14
"vowels","MutualKNN","score","T2",0.0316804407713499,20,NA,0.369565217391304,0.980085348506401,0.674825282948853,0.37117903930131,45,43,16
"vowels","MutualKNN","score","T1",0.1,30,NA,0.652173913043478,0.933854907539118,0.793014410291298,0.488599348534202,123,30,22
"vowels","MutualKNN","score","T2",0.0316804407713499,30,NA,0.347826086956522,0.982930298719772,0.665378192838147,0.357142857142857,40,23,25
"vowels","MutualKNN","score","T1",0.1,38,NA,0.673913043478261,0.92176386913229,0.797838456305276,0.476923076923077,141,29,27
"vowels","MutualKNN","score","T2",0.0316804407713499,38,NA,0.347826086956522,0.985064011379801,0.666445049168161,0.361990950226244,37,17,32
"vowels","SNN","score","T1",0.1,5,NA,0.304347826086957,0.909672830725462,0.607010328406209,0.215384615384615,141,125,-4
"vowels","SNN","score","T2",0.0316804407713499,5,NA,0.0652173913043478,0.991465149359886,0.528341270332117,0.0753768844221105,15,37,-2
"vowels","SNN","score","T1",0.1,10,NA,0.521739130434783,0.922475106685633,0.722107118560208,0.378548895899054,133,33,-24
"vowels","SNN","score","T2",0.0316804407713499,10,NA,0.239130434782609,0.979374110953058,0.609252272867834,0.245535714285714,40,15,-19
"vowels","SNN","score","T1",0.1,15,NA,0.521739130434783,0.916073968705548,0.718906549570165,0.368098159509203,142,12,-63
"vowels","SNN","score","T2",0.0316804407713499,15,NA,0.326086956521739,0.978662873399715,0.652374914960727,0.327510917030568,45,4,-52
"vowels","SNN","score","T1",0.1,20,NA,0.630434782608696,0.917496443812233,0.773965613210464,0.440729483282675,145,3,-121
"vowels","SNN","score","T2",0.0316804407713499,20,NA,0.369565217391304,0.980796586059744,0.675180901725524,0.37280701754386,44,4,-101
"vowels","SNN","score","T1",0.1,30,NA,0.739130434782609,0.921052631578947,0.830091533180778,0.516717325227963,145,2,-300
"vowels","SNN","score","T2",0.0316804407713499,30,NA,0.391304347826087,0.980796586059744,0.686050466942915,0.393013100436681,45,2,-250
"vowels","SNN","score","T1",0.1,38,NA,0.695652173913043,0.918918918918919,0.807285546415981,0.484848484848485,146,0,-507.1
"vowels","SNN","score","T2",0.0316804407713499,38,NA,0.456521739130435,0.98221906116643,0.719370400148432,0.456521739130435,46,0,-412.968319559229
"vowels","HDBSCAN-noise","native","native",NA,NA,NA,0.934782608695652,0.902560455192034,0.918671531943843,0.590659340659341,180,NA,NA
"vowels","OPTICS-noise","native","native",NA,NA,NA,0.891304347826087,0.139402560455192,0.515353454140639,0.142857142857143,1251,NA,NA
"vowels","MutualKNN-m0","native","native",NA,5,NA,0.0869565217391304,0.994310099573257,0.540633310656194,0.102040816326531,12,NA,NA
"vowels","MutualKNN-m0","native","native",NA,10,NA,0.0434782608695652,0.999288762446657,0.521383511658111,0.053475935828877,3,NA,NA
"vowels","MutualKNN-m0","native","native",NA,15,NA,0.0217391304347826,1,0.510869565217391,0.027027027027027,1,NA,NA
"vowels","MutualKNN-m0","native","native",NA,20,NA,0.0217391304347826,1,0.510869565217391,0.027027027027027,1,NA,NA
"vowels","MutualKNN-m0","native","native",NA,30,NA,0.0217391304347826,1,0.510869565217391,0.027027027027027,1,NA,NA
"vowels","MutualKNN-m0","native","native",NA,38,NA,0,1,0.5,0,0,NA,NA
"PenDigits","ECOD","score","T1",0.1,NA,NA,0,0.89937106918239,0.449685534591195,0,320,0,27.1578821312607
"PenDigits","ECOD","score","T2",0.00625,NA,NA,0,0.993710691823899,0.49685534591195,0,20,0,34.0058918326845
"PenDigits","COPOD","score","T1",0.1,NA,NA,0,0.89937106918239,0.449685534591195,0,320,0,23.6282260603363
"PenDigits","COPOD","score","T2",0.00625,NA,NA,0,0.993710691823899,0.49685534591195,0,20,0,29.241840875119
"PenDigits","DIF","score","T1",0.1,NA,1,0.2,0.90062893081761,0.550314465408805,0.05,320,0,0.334637104739034
"PenDigits","DIF","score","T2",0.00625,NA,1,0,0.993710691823899,0.49685534591195,0,20,0,0.353434863758324
"PenDigits","DIF","score","T1",0.1,NA,2,0.2,0.90062893081761,0.550314465408805,0.05,320,0,0.337030189190667
"PenDigits","DIF","score","T2",0.00625,NA,2,0,0.993710691823899,0.49685534591195,0,20,0,0.356160860048281
"PenDigits","DIF","score","T1",0.1,NA,3,0.4,0.90188679245283,0.650943396226415,0.1,320,0,0.337321241560727
"PenDigits","DIF","score","T2",0.00625,NA,3,0,0.993710691823899,0.49685534591195,0,20,0,0.355698660003978
"PenDigits","DIF","score","T1",0.1,NA,4,0.35,0.901572327044025,0.625786163522013,0.0875,320,0,0.336730119268618
"PenDigits","DIF","score","T2",0.00625,NA,4,0,0.993710691823899,0.49685534591195,0,20,0,0.352521844498541
"PenDigits","DIF","score","T1",0.1,NA,5,0.3,0.90125786163522,0.60062893081761,0.075,320,0,0.334862543181978
"PenDigits","DIF","score","T2",0.00625,NA,5,0,0.993710691823899,0.49685534591195,0,20,0,0.353059894491232
"PenDigits","LUNAR","score","T1",0.1,NA,1,0.55,0.902830188679245,0.726415094339623,0.1375,320,0,0.182007920742035
"PenDigits","LUNAR","score","T2",0.00625,NA,1,0,0.993710691823899,0.49685534591195,0,20,0,1.0544131681323
"PenDigits","LUNAR","score","T1",0.1,NA,2,0.7,0.90377358490566,0.80188679245283,0.175,320,0,0.234695613384247
"PenDigits","LUNAR","score","T2",0.00625,NA,2,0,0.993710691823899,0.49685534591195,0,20,0,0.99421470016241
"PenDigits","LUNAR","score","T1",0.1,NA,3,0.6,0.90314465408805,0.751572327044025,0.15,320,0,0.254565715789795
"PenDigits","LUNAR","score","T2",0.00625,NA,3,0.05,0.994025157232704,0.522012578616352,0.0499999999999999,20,0,0.980355498194694
"PenDigits","LUNAR","score","T1",0.1,NA,4,0.45,0.902201257861635,0.676100628930818,0.1125,320,0,0.249482476711273
"PenDigits","LUNAR","score","T2",0.00625,NA,4,0,0.993710691823899,0.49685534591195,0,20,0,1.01704457774758
"PenDigits","LUNAR","score","T1",0.1,NA,5,0.55,0.902830188679245,0.726415094339623,0.1375,320,0,0.264411759376526
"PenDigits","LUNAR","score","T2",0.00625,NA,5,0,0.993710691823899,0.49685534591195,0,20,0,1.13528854101896
"PenDigits","GLOSH","score","T1",0.1,NA,NA,0.5,0.90251572327044,0.70125786163522,0.125,320,0,0.695178565208932
"PenDigits","GLOSH","score","T2",0.00625,NA,NA,0,0.993710691823899,0.49685534591195,0,20,0,0.827917137632952
"PenDigits","OPTICS","score","T1",0.1,NA,NA,0.45,0.902201257861635,0.676100628930818,0.1125,320,0,1.58153151178944
"PenDigits","OPTICS","score","T2",0.00625,NA,NA,0,0.993710691823899,0.49685534591195,0,20,0,2.58278689605978
"PenDigits","MutualKNN","score","T1",0.1,5,NA,0.1,0.942767295597484,0.521383647798742,0.0378787878787879,184,380,4
"PenDigits","MutualKNN","score","T2",0.00625,5,NA,0,1,0.5,0,0,184,5
"PenDigits","MutualKNN","score","T1",0.1,10,NA,0.15,0.908805031446541,0.52940251572327,0.0402144772117963,293,224,7
"PenDigits","MutualKNN","score","T2",0.00625,10,NA,0,1,0.5,0,0,43,10
"PenDigits","MutualKNN","score","T1",0.1,15,NA,0.1,0.937106918238994,0.518553459119497,0.0354609929078014,202,124,11
"PenDigits","MutualKNN","score","T2",0.00625,15,NA,0,0.994339622641509,0.497169811320755,0,18,35,14
"PenDigits","MutualKNN","score","T1",0.1,20,NA,0.1,0.923899371069182,0.511949685534591,0.0308641975308642,244,87,14
"PenDigits","MutualKNN","score","T2",0.00625,20,NA,0,0.995911949685535,0.497955974842767,0,13,22,19
"PenDigits","MutualKNN","score","T1",0.1,30,NA,0.1,0.916037735849057,0.508018867924528,0.0286532951289398,269,81,20
"PenDigits","MutualKNN","score","T2",0.00625,30,NA,0,0.994025157232704,0.497012578616352,0,19,16,28
"PenDigits","MutualKNN","score","T1",0.1,57,NA,0.2,0.902830188679245,0.551415094339623,0.0508905852417303,313,38,37
"PenDigits","MutualKNN","score","T2",0.00625,57,NA,0,0.995283018867924,0.497641509433962,0,15,7,53
"PenDigits","SNN","score","T1",0.1,5,NA,0.05,0.933647798742138,0.491823899371069,0.0171232876712329,212,196,-4
"PenDigits","SNN","score","T2",0.00625,5,NA,0,0.997798742138365,0.498899371069182,0,7,19,-1
"PenDigits","SNN","score","T1",0.1,10,NA,0.05,0.90188679245283,0.475943396226415,0.0127226463104326,313,59,-28
"PenDigits","SNN","score","T2",0.00625,10,NA,0.05,0.995911949685535,0.522955974842767,0.053191489361702,14,9,-16
"PenDigits","SNN","score","T1",0.1,15,NA,0.1,0.905031446540881,0.50251572327044,0.0260416666666667,304,30,-74
"PenDigits","SNN","score","T2",0.00625,15,NA,0,0.994968553459119,0.49748427672956,0,16,6,-49
"PenDigits","SNN","score","T1",0.1,20,NA,0.1,0.902201257861635,0.501100628930818,0.0254452926208651,313,25,-145
"PenDigits","SNN","score","T2",0.00625,20,NA,0,0.994339622641509,0.497169811320755,0,18,3,-98
"PenDigits","SNN","score","T1",0.1,30,NA,0.35,0.901572327044025,0.625786163522013,0.0875,320,0,-352.9
"PenDigits","SNN","score","T2",0.00625,30,NA,0,0.993710691823899,0.49685534591195,0,20,0,-232.99375
"PenDigits","SNN","score","T1",0.1,57,NA,0.85,0.904716981132075,0.877358490566038,0.2125,320,0,-1329.8
"PenDigits","SNN","score","T2",0.00625,57,NA,0,0.993710691823899,0.49685534591195,0,20,0,-853.96875
"PenDigits","HDBSCAN-noise","native","native",NA,NA,NA,0.5,0.761949685534591,0.630974842767296,0.0590318772136954,767,NA,NA
"PenDigits","OPTICS-noise","native","native",NA,NA,NA,0.25,0.159119496855346,0.204559748427673,0.00906125407756433,2679,NA,NA
"PenDigits","MutualKNN-m0","native","native",NA,5,NA,0.1,0.942767295597484,0.521383647798742,0.0378787878787879,184,NA,NA
"PenDigits","MutualKNN-m0","native","native",NA,10,NA,0,0.986477987421384,0.493238993710692,0,43,NA,NA
"PenDigits","MutualKNN-m0","native","native",NA,15,NA,0,0.994339622641509,0.497169811320755,0,18,NA,NA
"PenDigits","MutualKNN-m0","native","native",NA,20,NA,0,0.995911949685535,0.497955974842767,0,13,NA,NA
"PenDigits","MutualKNN-m0","native","native",NA,30,NA,0,0.997798742138365,0.498899371069182,0,7,NA,NA
"PenDigits","MutualKNN-m0","native","native",NA,57,NA,0,1,0.5,0,0,NA,NA
"waveform","ECOD","score","T1",0.1,NA,NA,0.14,0.900987137301825,0.520493568650912,0.0939597315436242,345,0,45.0235559325934
"waveform","ECOD","score","T2",0.0290444379901249,NA,NA,0.05,0.971582411008077,0.510791205504038,0.05,100,0,50.3723724604588
"waveform","COPOD","score","T1",0.1,NA,NA,0.18,0.902183667364643,0.541091833682321,0.120805369127517,345,0,36.9287169998948
"waveform","COPOD","score","T2",0.0290444379901249,NA,NA,0.04,0.971283278492372,0.505641639246186,0.04,100,0,41.6294986272898
"waveform","DIF","score","T1",0.1,NA,1,0.29,0.905474125037392,0.597737062518696,0.194630872483221,345,0,0.335238920089299
"waveform","DIF","score","T2",0.0290444379901249,NA,1,0.12,0.973676338618008,0.546838169309004,0.12,100,0,0.343160722405871
"waveform","DIF","score","T1",0.1,NA,2,0.38,0.908166317678732,0.644083158839366,0.25503355704698,345,0,0.337223978941244
"waveform","DIF","score","T2",0.0290444379901249,NA,2,0.1,0.973078073586599,0.536539036793299,0.1,100,0,0.345054590151641
"waveform","DIF","score","T1",0.1,NA,3,0.25,0.904277594974574,0.577138797487287,0.167785234899329,345,0,0.338138384282096
"waveform","DIF","score","T2",0.0290444379901249,NA,3,0.07,0.972180676039486,0.521090338019743,0.07,100,0,0.345834735950217
"waveform","DIF","score","T1",0.1,NA,4,0.35,0.907268920131618,0.628634460065809,0.23489932885906,345,0,0.33717665192694
"waveform","DIF","score","T2",0.0290444379901249,NA,4,0.1,0.973078073586599,0.536539036793299,0.1,100,0,0.345201822289315
"waveform","DIF","score","T1",0.1,NA,5,0.31,0.9060723900688,0.6080361950344,0.208053691275168,345,0,0.337647685408508
"waveform","DIF","score","T2",0.0290444379901249,NA,5,0.08,0.97247980855519,0.526239904277595,0.08,100,0,0.345731395203887
"waveform","LUNAR","score","T1",0.1,NA,1,0.33,0.906670655100209,0.618335327550105,0.221476510067114,345,0,0.457436341047287
"waveform","LUNAR","score","T2",0.0290444379901249,NA,1,0.17,0.97517200119653,0.572586000598265,0.17,100,0,0.498692107674967
"waveform","LUNAR","score","T1",0.1,NA,2,0.33,0.906670655100209,0.618335327550105,0.221476510067114,345,0,0.395354908704758
"waveform","LUNAR","score","T2",0.0290444379901249,NA,2,0.15,0.974573736165121,0.562286868082561,0.15,100,0,0.444351092340155
"waveform","LUNAR","score","T1",0.1,NA,3,0.34,0.906969787615914,0.623484893807957,0.228187919463087,345,0,-0.0356798648834227
"waveform","LUNAR","score","T2",0.0290444379901249,NA,3,0.16,0.974872868680826,0.567436434340413,0.16,100,0,0.0796302831557266
"waveform","LUNAR","score","T1",0.1,NA,4,0.21,0.903081064911756,0.556540532455878,0.140939597315436,345,0,0.407407933473587
"waveform","LUNAR","score","T2",0.0290444379901249,NA,4,0.07,0.972180676039486,0.521090338019743,0.07,100,0,0.467408204932148
"waveform","LUNAR","score","T1",0.1,NA,5,0.34,0.906969787615914,0.623484893807957,0.228187919463087,345,0,0.479322469234467
"waveform","LUNAR","score","T2",0.0290444379901249,NA,5,0.19,0.975770266227939,0.58288513311397,0.19,100,0,0.52249289163143
"waveform","GLOSH","score","T1",0.1,NA,NA,0.36,0.907568052647323,0.633784026323661,0.241610738255034,345,0,0.304378681775307
"waveform","GLOSH","score","T2",0.0290444379901249,NA,NA,0.18,0.975471133712234,0.577735566856117,0.18,100,0,0.353698912130614
"waveform","OPTICS","score","T1",0.1,NA,NA,0.35,0.907268920131618,0.628634460065809,0.23489932885906,345,0,3.08577341767146
"waveform","OPTICS","score","T2",0.0290444379901249,NA,NA,0.16,0.974872868680826,0.567436434340413,0.16,100,0,3.35531861319204
"waveform","MutualKNN","score","T1",0.1,5,NA,0,1,0.5,0,0,655,5
"waveform","MutualKNN","score","T2",0.0290444379901249,5,NA,0,1,0.5,0,0,655,5
"waveform","MutualKNN","score","T1",0.1,10,NA,0.14,0.927609931199521,0.533804965599761,0.106707317073171,256,350,9
"waveform","MutualKNN","score","T2",0.0290444379901249,10,NA,0,1,0.5,0,0,256,10
"waveform","MutualKNN","score","T1",0.1,15,NA,0.18,0.909961112772958,0.544980556386479,0.125173852573018,319,262,13
"waveform","MutualKNN","score","T2",0.0290444379901249,15,NA,0,1,0.5,0,0,116,15
"waveform","MutualKNN","score","T1",0.1,20,NA,0.16,0.943763087047562,0.551881543523781,0.132450331125828,204,167,18
"waveform","MutualKNN","score","T2",0.0290444379901249,20,NA,0.08,0.979658988932097,0.529829494466048,0.0840336134453781,76,128,19
"waveform","MutualKNN","score","T1",0.1,30,NA,0.26,0.917738558181274,0.588869279090637,0.185449358059914,301,109,26
"waveform","MutualKNN","score","T2",0.0290444379901249,30,NA,0.07,0.973676338618008,0.521838169309004,0.0707070707070707,95,86,28
"waveform","MutualKNN","score","T1",0.1,59,NA,0.28,0.906969787615914,0.593484893807957,0.189445196211096,339,60,49
"waveform","MutualKNN","score","T2",0.0290444379901249,59,NA,0.09,0.98055638647921,0.535278193239605,0.0949367088607595,74,37,55
"waveform","SNN","score","T1",0.1,5,NA,0,1,0.5,0,0,505,0
"waveform","SNN","score","T2",0.0290444379901249,5,NA,0,1,0.5,0,0,505,0
"waveform","SNN","score","T1",0.1,10,NA,0.07,0.924020341011068,0.497010170505534,0.0529500756429652,261,169,-8
"waveform","SNN","score","T2",0.0290444379901249,10,NA,0.03,0.976966796290757,0.503483398145378,0.03125,80,85,-6
"waveform","SNN","score","T1",0.1,15,NA,0.11,0.92551600358959,0.517758001794795,0.0833333333333333,260,86,-24
"waveform","SNN","score","T2",0.0290444379901249,15,NA,0.06,0.973377206102303,0.516688603051152,0.0606060606060606,95,37,-21
"waveform","SNN","score","T1",0.1,20,NA,0.11,0.90936284774155,0.509681423870775,0.07703081232493,314,44,-52
"waveform","SNN","score","T2",0.0290444379901249,20,NA,0.08,0.97517200119653,0.527586000598265,0.0814663951120163,91,13,-45
"waveform","SNN","score","T1",0.1,30,NA,0.18,0.905474125037392,0.542737062518696,0.122615803814714,334,32,-145
"waveform","SNN","score","T2",0.0290444379901249,30,NA,0.11,0.974274603649417,0.542137301824708,0.11066398390342,97,8,-128
"waveform","SNN","score","T1",0.1,59,NA,0.14,0.902482799880347,0.521241399940173,0.0945945945945946,340,6,-727
"waveform","SNN","score","T2",0.0290444379901249,59,NA,0.11,0.973975471133712,0.541987735566856,0.110441767068273,98,3,-664
"waveform","HDBSCAN-noise","native","native",NA,NA,NA,1,0.0667065510020939,0.533353275501047,0.138121546961326,3220,NA,NA
"waveform","OPTICS-noise","native","native",NA,NA,NA,0,1,0.5,0,0,NA,NA
"waveform","MutualKNN-m0","native","native",NA,5,NA,0.29,0.81274304516901,0.551371522584505,0.137440758293839,655,NA,NA
"waveform","MutualKNN-m0","native","native",NA,10,NA,0.14,0.927609931199521,0.533804965599761,0.106707317073171,256,NA,NA
"waveform","MutualKNN-m0","native","native",NA,15,NA,0.09,0.967992820819623,0.528996410409812,0.0872093023255814,116,NA,NA
"waveform","MutualKNN-m0","native","native",NA,20,NA,0.08,0.979658988932097,0.529829494466048,0.0840336134453781,76,NA,NA
"waveform","MutualKNN-m0","native","native",NA,30,NA,0.04,0.992222554591684,0.516111277295842,0.0465116279069767,30,NA,NA
"waveform","MutualKNN-m0","native","native",NA,59,NA,0,0.999401734968591,0.499700867484296,0,2,NA,NA
"thyroid","ECOD","score","T1",0.1,NA,NA,0.946236559139785,0.921975863036767,0.934106211088276,0.596205962059621,366,0,14.2713895508621
"thyroid","ECOD","score","T2",0.025437636761488,NA,NA,0.548387096774194,0.988212180746562,0.768299638760378,0.548387096774194,93,0,19.3889072871877
"thyroid","COPOD","score","T1",0.1,NA,NA,0.795698924731183,0.918046589952287,0.856872757341735,0.501355013550135,366,0,11.506386952622
"thyroid","COPOD","score","T2",0.025437636761488,NA,NA,0.172043010752688,0.978388998035363,0.575216004394026,0.172043010752688,93,0,15.5600048925568
"thyroid","DIF","score","T1",0.1,NA,1,0.817204301075269,0.918607914678642,0.867906107876955,0.51490514905149,366,0,0.334007935114411
"thyroid","DIF","score","T2",0.025437636761488,NA,1,0.462365591397849,0.985966881841145,0.724166236619497,0.462365591397849,93,0,0.386474291947322
"thyroid","DIF","score","T1",0.1,NA,2,0.817204301075269,0.918607914678642,0.867906107876955,0.51490514905149,366,0,0.328046575292811
"thyroid","DIF","score","T2",0.025437636761488,NA,2,0.408602150537634,0.98456357002526,0.696582860281447,0.408602150537635,93,0,0.380263626971962
"thyroid","DIF","score","T1",0.1,NA,3,0.89247311827957,0.920572551220881,0.906522834750226,0.562330623306233,366,0,0.333393570751337
"thyroid","DIF","score","T2",0.025437636761488,NA,3,0.473118279569892,0.986247544204322,0.729682911887107,0.473118279569892,93,0,0.384835091407302
"thyroid","DIF","score","T1",0.1,NA,4,0.849462365591398,0.919449901768173,0.884456133679785,0.535230352303523,366,0,0.329107730143191
"thyroid","DIF","score","T2",0.025437636761488,NA,4,0.419354838709677,0.984844232388437,0.702099535549057,0.419354838709677,93,0,0.381227905641879
"thyroid","DIF","score","T1",0.1,NA,5,0.849462365591398,0.919449901768173,0.884456133679785,0.535230352303523,366,0,0.328018873476116
"thyroid","DIF","score","T2",0.025437636761488,NA,5,0.451612903225806,0.985686219477968,0.718649561351887,0.451612903225806,93,0,0.382051947209072
"thyroid","LUNAR","score","T1",0.1,NA,1,0.795698924731183,0.918046589952287,0.856872757341735,0.501355013550135,366,0,-0.0882880687713623
"thyroid","LUNAR","score","T2",0.025437636761488,NA,1,0.258064516129032,0.98063429694078,0.619349406534906,0.258064516129032,93,0,0.465721699484589
"thyroid","LUNAR","score","T1",0.1,NA,2,0.795698924731183,0.918046589952287,0.856872757341735,0.501355013550135,366,0,-0.165325522422791
"thyroid","LUNAR","score","T2",0.025437636761488,NA,2,0.225806451612903,0.979792309851249,0.602799380732076,0.225806451612903,93,0,0.0902836198227671
"thyroid","LUNAR","score","T1",0.1,NA,3,0.827956989247312,0.918888577041819,0.873422783144565,0.521680216802168,366,0,-0.156874120235443
"thyroid","LUNAR","score","T2",0.025437636761488,NA,3,0.258064516129032,0.98063429694078,0.619349406534906,0.258064516129032,93,0,0.230355077323298
"thyroid","LUNAR","score","T1",0.1,NA,4,0.827956989247312,0.918888577041819,0.873422783144565,0.521680216802168,366,0,-0.248455822467804
"thyroid","LUNAR","score","T2",0.025437636761488,NA,4,0.247311827956989,0.980353634577603,0.613832731267296,0.247311827956989,93,0,0.0181988151316031
"thyroid","LUNAR","score","T1",0.1,NA,5,0.806451612903226,0.918327252315465,0.862389432609345,0.508130081300813,366,0,-0.280654489994049
"thyroid","LUNAR","score","T2",0.025437636761488,NA,5,0.268817204301075,0.980914959303957,0.624866081802516,0.268817204301075,93,0,-0.0628656848645589
"thyroid","GLOSH","score","T1",0.1,NA,NA,0.720430107526882,0.916081953410048,0.818256030468465,0.453929539295393,366,0,0.941084715136357
"thyroid","GLOSH","score","T2",0.025437636761488,NA,NA,0.462365591397849,0.985966881841145,0.724166236619497,0.462365591397849,93,0,0.970526527451304
"thyroid","OPTICS","score","T1",0.1,NA,NA,0.967741935483871,0.922537187763121,0.945139561623496,0.609756097560976,366,0,1.51825879880916
"thyroid","OPTICS","score","T2",0.025437636761488,NA,NA,0.559139784946237,0.988492843109739,0.773816314027988,0.559139784946236,93,0,3.14881972769986
"thyroid","MutualKNN","score","T1",0.1,5,NA,0.021505376344086,0.965478529329217,0.493491952836651,0.0201207243460765,125,354,4
"thyroid","MutualKNN","score","T2",0.025437636761488,5,NA,0,1,0.5,0,0,125,5
"thyroid","MutualKNN","score","T1",0.1,10,NA,0.0645161290322581,0.9264664608476,0.495491294939929,0.046875,268,211,7
"thyroid","MutualKNN","score","T2",0.025437636761488,10,NA,0,0.990176817288802,0.495088408644401,0,35,84,9
"thyroid","MutualKNN","score","T1",0.1,15,NA,0.0645161290322581,0.911872017962391,0.488194073497325,0.0433526011560694,320,149,10
"thyroid","MutualKNN","score","T2",0.025437636761488,15,NA,0.010752688172043,0.985686219477968,0.498219453825005,0.0117924528301887,52,57,13
"thyroid","MutualKNN","score","T1",0.1,20,NA,0.139784946236559,0.907100757788381,0.52344285201247,0.0907821229050279,344,126,13
"thyroid","MutualKNN","score","T2",0.025437636761488,20,NA,0.021505376344086,0.984002245298905,0.502753810821496,0.0232018561484919,59,51,17
"thyroid","MutualKNN","score","T1",0.1,30,NA,0.150537634408602,0.915520628683694,0.533029131546148,0.101892285298399,315,87,20
"thyroid","MutualKNN","score","T2",0.025437636761488,30,NA,0.010752688172043,0.98259893348302,0.496675810827531,0.0114942528735632,63,46,25
"thyroid","MutualKNN","score","T1",0.1,60,NA,0.21505376344086,0.913275329778277,0.564164546609568,0.14265335235378,329,41,40
"thyroid","MutualKNN","score","T2",0.025437636761488,60,NA,0.0860215053763441,0.977266348582655,0.5316439269795,0.0867678958785249,89,15,50
"thyroid","SNN","score","T1",0.1,5,NA,0,0.92169520067359,0.460847600336795,0,279,272,-3
"thyroid","SNN","score","T2",0.025437636761488,5,NA,0,0.975301712040415,0.487650856020208,0,88,191,-2
"thyroid","SNN","score","T1",0.1,10,NA,0,0.908784731967443,0.454392365983722,0,325,100,-21
"thyroid","SNN","score","T2",0.025437636761488,10,NA,0,0.978388998035363,0.489194499017682,0,77,34,-16
"thyroid","SNN","score","T1",0.1,15,NA,0,0.901768172888016,0.450884086444008,0,350,38,-55
"thyroid","SNN","score","T2",0.025437636761488,15,NA,0,0.977266348582655,0.488633174291328,0,81,14,-45
"thyroid","SNN","score","T1",0.1,20,NA,0.010752688172043,0.897558237440359,0.454155462806201,0.00677506775067751,366,0,-105.5
"thyroid","SNN","score","T2",0.025437636761488,20,NA,0,0.975582374403593,0.487791187201796,0,87,10,-90
"thyroid","SNN","score","T1",0.1,30,NA,0,0.900084198708953,0.450042099354477,0,356,16,-258
"thyroid","SNN","score","T2",0.025437636761488,30,NA,0,0.974179062587707,0.487089531293854,0,92,6,-227
"thyroid","SNN","score","T1",0.1,60,NA,0.021505376344086,0.897838899803536,0.459672138073811,0.013550135501355,366,0,-1158.5
"thyroid","SNN","score","T2",0.025437636761488,60,NA,0,0.97389840022453,0.486949200112265,0,93,0,-1026.97456236324
"thyroid","HDBSCAN-noise","native","native",NA,NA,NA,0.67741935483871,0.953410047712602,0.815414701275656,0.524126455906822,229,NA,NA
"thyroid","OPTICS-noise","native","native",NA,NA,NA,0.623655913978495,0.100757788380578,0.362206851179536,0.0798018712162906,3262,NA,NA
"thyroid","MutualKNN-m0","native","native",NA,5,NA,0.021505376344086,0.965478529329217,0.493491952836651,0.0201207243460765,125,NA,NA
"thyroid","MutualKNN-m0","native","native",NA,10,NA,0,0.990176817288802,0.495088408644401,0,35,NA,NA
"thyroid","MutualKNN-m0","native","native",NA,15,NA,0,0.994667415099635,0.497333707549818,0,19,NA,NA
"thyroid","MutualKNN-m0","native","native",NA,20,NA,0,0.995790064552344,0.497895032276172,0,15,NA,NA
"thyroid","MutualKNN-m0","native","native",NA,30,NA,0,0.997193376368229,0.498596688184115,0,10,NA,NA
"thyroid","MutualKNN-m0","native","native",NA,60,NA,0,0.998596688184115,0.499298344092057,0,5,NA,NA
"pageblocks","ECOD","score","T1",0.1,NA,NA,0.429411764705882,0.939089848308051,0.684250806506967,0.43452380952381,480,0,26.1020048792872
"pageblocks","ECOD","score","T2",0.106360792492179,NA,NA,0.454901960784314,0.93512252042007,0.695012240602192,0.454901960784314,510,0,25.7463803224111
"pageblocks","COPOD","score","T1",0.1,NA,NA,0.337254901960784,0.928121353558926,0.632688127759855,0.341269841269841,480,0,21.124343534878
"pageblocks","COPOD","score","T2",0.106360792492179,NA,NA,0.356862745098039,0.923453908984831,0.640158327041435,0.356862745098039,510,0,20.635978064584
"pageblocks","DIF","score","T1",0.1,NA,1,0.423529411764706,0.938389731621937,0.680959571693321,0.428571428571429,480,0,0.325222566703218
"pageblocks","DIF","score","T2",0.106360792492179,NA,1,0.429411764705882,0.932088681446908,0.680750223076395,0.429411764705882,510,0,0.323791609915627
"pageblocks","DIF","score","T1",0.1,NA,2,0.435294117647059,0.939789964994166,0.687542041320612,0.44047619047619,480,0,0.330211134144789
"pageblocks","DIF","score","T2",0.106360792492179,NA,2,0.443137254901961,0.933722287047841,0.688429770974901,0.443137254901961,510,0,0.328431258264649
"pageblocks","DIF","score","T1",0.1,NA,3,0.458823529411765,0.942590431738623,0.700706980575194,0.464285714285714,480,0,0.325780043189994
"pageblocks","DIF","score","T2",0.106360792492179,NA,3,0.470588235294118,0.936989498249708,0.703788866771913,0.470588235294118,510,0,0.324341906069009
"pageblocks","DIF","score","T1",0.1,NA,4,0.466666666666667,0.943523920653442,0.705095293660055,0.472222222222222,480,0,0.32334509981587
"pageblocks","DIF","score","T2",0.106360792492179,NA,4,0.480392156862745,0.938156359393232,0.709274258127989,0.480392156862745,510,0,0.321676486820121
"pageblocks","DIF","score","T1",0.1,NA,5,0.42156862745098,0.938156359393232,0.679862493422106,0.426587301587302,480,0,0.330149881772032
"pageblocks","DIF","score","T2",0.106360792492179,NA,5,0.437254901960784,0.933022170361727,0.685138536161256,0.437254901960784,510,0,0.327207570731448
"pageblocks","LUNAR","score","T1",0.1,NA,1,0.384313725490196,0.933722287047841,0.659018006269019,0.388888888888889,480,0,-0.00766826868057217
"pageblocks","LUNAR","score","T2",0.106360792492179,NA,1,0.398039215686274,0.928354725787631,0.663196970736953,0.398039215686274,510,0,-0.0243115983243033
"pageblocks","LUNAR","score","T1",0.1,NA,2,0.376470588235294,0.932788798133022,0.654629693184158,0.380952380952381,480,0,-0.0393400788307186
"pageblocks","LUNAR","score","T2",0.106360792492179,NA,2,0.392156862745098,0.927654609101517,0.659905735923307,0.392156862745098,510,0,-0.0544734852033053
"pageblocks","LUNAR","score","T1",0.1,NA,3,0.36078431372549,0.930921820303384,0.645853067014437,0.365079365079365,480,0,-0.196198797225952
"pageblocks","LUNAR","score","T2",0.106360792492179,NA,3,0.368627450980392,0.92485414235706,0.646740796668726,0.368627450980392,510,0,-0.22257356033335
"pageblocks","LUNAR","score","T1",0.1,NA,4,0.427450980392157,0.938856476079347,0.683153728235752,0.432539682539682,480,0,-0.2461843252182
"pageblocks","LUNAR","score","T2",0.106360792492179,NA,4,0.443137254901961,0.933722287047841,0.688429770974901,0.443137254901961,510,0,-0.274650379129694
"pageblocks","LUNAR","score","T1",0.1,NA,5,0.366666666666667,0.931621936989498,0.649144301828082,0.371031746031746,480,0,-0.243799316883087
"pageblocks","LUNAR","score","T2",0.106360792492179,NA,5,0.376470588235294,0.925787631271879,0.651129109753586,0.376470588235294,510,0,-0.280548337042891
"pageblocks","GLOSH","score","T1",0.1,NA,NA,0.572549019607843,0.956126021003501,0.764337520305672,0.579365079365079,480,0,0.919314505021205
"pageblocks","GLOSH","score","T2",0.106360792492179,NA,NA,0.592156862745098,0.951458576429405,0.771807719587251,0.592156862745098,510,0,0.91285600702675
"pageblocks","OPTICS","score","T1",0.1,NA,NA,0.580392156862745,0.95705950991832,0.768725833390532,0.587301587301587,480,0,2.46542329812995
"pageblocks","OPTICS","score","T2",0.106360792492179,NA,NA,0.609803921568628,0.953558926487748,0.781681424028188,0.609803921568628,510,0,2.31112201259881
"pageblocks","MutualKNN","score","T1",0.1,5,NA,0.0411764705882353,0.968028004667445,0.50460223762784,0.0477707006369427,158,435,4
"pageblocks","MutualKNN","score","T2",0.106360792492179,5,NA,0.0411764705882353,0.968028004667445,0.50460223762784,0.0477707006369427,158,435,4
"pageblocks","MutualKNN","score","T1",0.1,10,NA,0.0980392156862745,0.943523920653442,0.520781568169858,0.107204116638079,292,276,7
"pageblocks","MutualKNN","score","T2",0.106360792492179,10,NA,0.0980392156862745,0.943523920653442,0.520781568169858,0.107204116638079,292,276,7
"pageblocks","MutualKNN","score","T1",0.1,15,NA,0.137254901960784,0.92928821470245,0.533271558331617,0.14504765851637,373,167,10
"pageblocks","MutualKNN","score","T2",0.106360792492179,15,NA,0.137254901960784,0.92928821470245,0.533271558331617,0.14504765851637,373,167,10
"pageblocks","MutualKNN","score","T1",0.1,20,NA,0.149019607843137,0.925320886814469,0.537170247328803,0.155993431855501,396,138,13
"pageblocks","MutualKNN","score","T2",0.106360792492179,20,NA,0.149019607843137,0.925320886814469,0.537170247328803,0.155993431855501,396,138,13
"pageblocks","MutualKNN","score","T1",0.1,30,NA,0.184313725490196,0.910851808634772,0.547582767062484,0.186804451510334,476,107,19
"pageblocks","MutualKNN","score","T2",0.106360792492179,30,NA,0.184313725490196,0.910851808634772,0.547582767062484,0.186804451510334,476,107,19
"pageblocks","MutualKNN","score","T1",0.1,69,NA,0.243137254901961,0.920886814469078,0.582012034685519,0.24770275669197,463,56,47
"pageblocks","MutualKNN","score","T2",0.106360792492179,69,NA,0.243137254901961,0.920886814469078,0.582012034685519,0.24770275669197,463,56,47
"pageblocks","SNN","score","T1",0.1,5,NA,0.0333333333333333,0.914119019836639,0.473726176584986,0.0350515463917526,385,339,-4
"pageblocks","SNN","score","T2",0.106360792492179,5,NA,0.0333333333333333,0.914119019836639,0.473726176584986,0.0350515463917526,385,339,-4
"pageblocks","SNN","score","T1",0.1,10,NA,0.0529411764705882,0.911551925320887,0.482246550895738,0.0551921504497138,406,84,-24
"pageblocks","SNN","score","T2",0.106360792492179,10,NA,0.0549019607843137,0.89218203033839,0.473541995561352,0.0553359683794466,490,88,-25
"pageblocks","SNN","score","T1",0.1,15,NA,0.0568627450980392,0.896616102683781,0.47673942389091,0.0577229299363057,472,50,-64
"pageblocks","SNN","score","T2",0.106360792492179,15,NA,0.0568627450980392,0.896616102683781,0.47673942389091,0.0577229299363057,472,50,-64
"pageblocks","SNN","score","T1",0.1,20,NA,0.0568627450980392,0.900116686114352,0.478489715606196,0.0580696836203444,457,28,-121
"pageblocks","SNN","score","T2",0.106360792492179,20,NA,0.0568627450980392,0.887981330221704,0.472422037659871,0.0568850529619459,509,23,-123
"pageblocks","SNN","score","T1",0.1,30,NA,0.0627450980392157,0.896382730455076,0.479563914247146,0.0635930047694754,476,10,-296
"pageblocks","SNN","score","T2",0.106360792492179,30,NA,0.0627450980392157,0.89218203033839,0.477463564188803,0.0631412786108919,494,17,-298
"pageblocks","SNN","score","T1",0.1,69,NA,0.115686274509804,0.901983663943991,0.508834969226897,0.117109964271536,479,2,-1739
"pageblocks","SNN","score","T2",0.106360792492179,69,NA,0.12156862745098,0.895449241540257,0.508508934495619,0.12156862745098,510,0,-1753.89363920751
"pageblocks","HDBSCAN-noise","native","native",NA,NA,NA,0.723529411764706,0.891015169194866,0.807272290479786,0.641515994436718,836,NA,NA
"pageblocks","OPTICS-noise","native","native",NA,NA,NA,0.756862745098039,0.252742123687281,0.50480243439266,0.342928216062544,3588,NA,NA
"pageblocks","MutualKNN-m0","native","native",NA,5,NA,0.0411764705882353,0.968028004667445,0.50460223762784,0.0477707006369427,158,NA,NA
"pageblocks","MutualKNN-m0","native","native",NA,10,NA,0.0215686274509804,0.99416569428238,0.50786716086668,0.0264932562620424,36,NA,NA
"pageblocks","MutualKNN-m0","native","native",NA,15,NA,0.0117647058823529,0.997199533255543,0.504482119568948,0.0145772594752187,18,NA,NA
"pageblocks","MutualKNN-m0","native","native",NA,20,NA,0.0117647058823529,0.998366394399066,0.50506555014071,0.0146127618119825,13,NA,NA
"pageblocks","MutualKNN-m0","native","native",NA,30,NA,0.00784313725490196,0.999766627771295,0.503804882513099,0.0097799511002445,5,NA,NA
"pageblocks","MutualKNN-m0","native","native",NA,69,NA,0.00196078431372549,1,0.500980392156863,0.00244977951984321,1,NA,NA
"wilt","ECOD","score","T1",0.1,NA,NA,0.0544747081712062,0.897413415168786,0.475944061669996,0.0463576158940397,482,0,12.3078752379873
"wilt","ECOD","score","T2",0.0533305665075742,NA,NA,0.0311284046692607,0.94541867601929,0.488273540344275,0.0311284046692607,257,0,14.0969833258099
"wilt","COPOD","score","T1",0.1,NA,NA,0.0155642023346304,0.895221394125384,0.455392798230007,0.0132450331125828,482,0,9.52291018370713
"wilt","COPOD","score","T2",0.0533305665075742,NA,NA,0.00778210116731518,0.944103463393249,0.475942782280282,0.00778210116731518,257,0,10.9896025818484
"wilt","DIF","score","T1",0.1,NA,1,0.00778210116731518,0.894782989916703,0.451282545542009,0.00662251655629139,482,0,0.311188235732191
"wilt","DIF","score","T2",0.0533305665075742,NA,1,0,0.943665059184568,0.471832529592284,0,257,0,0.338658242296935
"wilt","DIF","score","T1",0.1,NA,2,0.00778210116731518,0.894782989916703,0.451282545542009,0.00662251655629139,482,0,0.313405798348974
"wilt","DIF","score","T2",0.0533305665075742,NA,2,0,0.943665059184568,0.471832529592284,0,257,0,0.343331330827009
"wilt","DIF","score","T1",0.1,NA,3,0.00389105058365759,0.894563787812363,0.44922741919801,0.0033112582781457,482,0,0.313471855055679
"wilt","DIF","score","T2",0.0533305665075742,NA,3,0,0.943665059184568,0.471832529592284,0,257,0,0.342376104872026
"wilt","DIF","score","T1",0.1,NA,4,0.00389105058365759,0.894563787812363,0.44922741919801,0.0033112582781457,482,0,0.310186045474695
"wilt","DIF","score","T2",0.0533305665075742,NA,4,0,0.943665059184568,0.471832529592284,0,257,0,0.34176128768786
"wilt","DIF","score","T1",0.1,NA,5,0.00778210116731518,0.894782989916703,0.451282545542009,0.00662251655629139,482,0,0.315163387529998
"wilt","DIF","score","T2",0.0533305665075742,NA,5,0,0.943665059184568,0.471832529592284,0,257,0,0.344210245020402
"wilt","LUNAR","score","T1",0.1,NA,1,0.0233463035019455,0.895659798334064,0.459503050918005,0.0198675496688742,482,0,-0.62743935585022
"wilt","LUNAR","score","T2",0.0533305665075742,NA,1,0.00778210116731518,0.944103463393249,0.475942782280282,0.00778210116731518,257,0,-0.506361161173318
"wilt","LUNAR","score","T1",0.1,NA,2,0.0155642023346304,0.895221394125384,0.455392798230007,0.0132450331125828,482,0,0.0262283459305763
"wilt","LUNAR","score","T2",0.0533305665075742,NA,2,0.00389105058365759,0.943884261288908,0.473887655936283,0.00389105058365759,257,0,0.0392246396988352
"wilt","LUNAR","score","T1",0.1,NA,3,0.0583657587548638,0.897632617273126,0.477999188013995,0.0496688741721854,482,0,0.0161464862525463
"wilt","LUNAR","score","T2",0.0533305665075742,NA,3,0.00389105058365759,0.943884261288908,0.473887655936283,0.00389105058365759,257,0,0.0214323249880729
"wilt","LUNAR","score","T1",0.1,NA,4,0.0311284046692607,0.896098202542744,0.463613303606003,0.0264900662251656,482,0,0.0251237735152245
"wilt","LUNAR","score","T2",0.0533305665075742,NA,4,0.00389105058365759,0.943884261288908,0.473887655936283,0.00389105058365759,257,0,0.0337303351169492
"wilt","LUNAR","score","T1",0.1,NA,5,0.0116731517509728,0.895002192021043,0.453337671886008,0.00993377483443708,482,0,-0.054649043083191
"wilt","LUNAR","score","T2",0.0533305665075742,NA,5,0.00778210116731518,0.944103463393249,0.475942782280282,0.00778210116731518,257,0,0.155620624883513
"wilt","GLOSH","score","T1",0.1,NA,NA,0.0817120622568093,0.898947829899167,0.490329946077988,0.0695364238410596,482,0,0.745874517583956
"wilt","GLOSH","score","T2",0.0533305665075742,NA,NA,0,0.943665059184568,0.471832529592284,0,257,0,0.813616427846266
"wilt","OPTICS","score","T1",0.1,NA,NA,0.0583657587548638,0.897632617273126,0.477999188013995,0.0496688741721854,482,0,0.800266506082257
"wilt","OPTICS","score","T2",0.0533305665075742,NA,NA,0,0.943884261288908,0.471942130644454,0,256,2,1.14190007663238
"wilt","MutualKNN","score","T1",0.1,5,NA,0.0389105058365759,0.968873301183691,0.503891903510134,0.0423728813559322,152,416,4
"wilt","MutualKNN","score","T2",0.0533305665075742,5,NA,0.0389105058365759,0.968873301183691,0.503891903510134,0.0423728813559322,152,416,4
"wilt","MutualKNN","score","T1",0.1,10,NA,0.116731517509728,0.953090749671197,0.534911133590462,0.117924528301887,244,262,7
"wilt","MutualKNN","score","T2",0.0533305665075742,10,NA,0.116731517509728,0.953090749671197,0.534911133590462,0.117924528301887,244,262,7
"wilt","MutualKNN","score","T1",0.1,15,NA,0.175097276264591,0.937527400263042,0.556312338263817,0.165684830633284,330,164,10
"wilt","MutualKNN","score","T2",0.0533305665075742,15,NA,0.0894941634241245,0.964050854888207,0.526772509156166,0.0946502057613169,187,143,11
"wilt","MutualKNN","score","T1",0.1,20,NA,0.167315175097276,0.932704953967558,0.550010064532417,0.156023222060958,350,146,13
"wilt","MutualKNN","score","T2",0.0533305665075742,20,NA,0.132295719844358,0.957036387549321,0.544666053696839,0.135135135135135,230,120,14
"wilt","MutualKNN","score","T1",0.1,30,NA,0.194552529182879,0.923060061376589,0.558806295279734,0.174947515745276,401,113,19
"wilt","MutualKNN","score","T2",0.0533305665075742,30,NA,0.120622568093385,0.95615957913196,0.538391073612672,0.123113582208102,231,75,21
"wilt","MutualKNN","score","T1",0.1,69,NA,0.221789883268482,0.91341516878562,0.567602526027051,0.192567567567568,452,63,43
"wilt","MutualKNN","score","T2",0.0533305665075742,69,NA,0.124513618677043,0.955063568610259,0.539788593643651,0.126482213438735,237,38,49
"wilt","SNN","score","T1",0.1,5,NA,0.0894941634241245,0.942130644454187,0.515812403939156,0.0874524714828897,287,321,-3
"wilt","SNN","score","T2",0.0533305665075742,5,NA,0.0311284046692607,0.985094256904866,0.508111330787063,0.036231884057971,76,211,-2
"wilt","SNN","score","T1",0.1,10,NA,0.202334630350195,0.918237615081105,0.56028612271565,0.178940123881624,425,141,-23
"wilt","SNN","score","T2",0.0533305665075742,10,NA,0.132295719844358,0.953309951775537,0.542802835809947,0.133333333333333,247,78,-21
"wilt","SNN","score","T1",0.1,15,NA,0.229571984435798,0.91319596668128,0.571383975558539,0.198921105866487,455,68,-61
"wilt","SNN","score","T2",0.0533305665075742,15,NA,0.171206225680934,0.957913195966681,0.564559710823808,0.174050632911392,236,30,-56
"wilt","SNN","score","T1",0.1,20,NA,0.268482490272374,0.911880754055239,0.590181622163806,0.230153435623749,471,21,-118
"wilt","SNN","score","T2",0.0533305665075742,20,NA,0.182879377431907,0.957036387549321,0.569957882490614,0.184893784421715,243,15,-109
"wilt","SNN","score","T1",0.1,30,NA,0.334630350194553,0.915607189829022,0.625118770011787,0.28685790527018,471,15,-289
"wilt","SNN","score","T2",0.0533305665075742,30,NA,0.24124513618677,0.959447610697063,0.600346373441917,0.243137254901961,247,14,-269
"wilt","SNN","score","T1",0.1,69,NA,0.396887159533074,0.917360806663744,0.657123983098409,0.338420703384207,479,6,-1727
"wilt","SNN","score","T2",0.0533305665075742,69,NA,0.280155642023346,0.959666812801403,0.619911227412375,0.280373831775701,256,2,-1630
"wilt","HDBSCAN-noise","native","native",NA,NA,NA,0,0.987067075843928,0.493533537921964,0,59,NA,NA
"wilt","OPTICS-noise","native","native",NA,NA,NA,0.972762645914397,0.127575624725997,0.550169135320197,0.237732978318752,4230,NA,NA
"wilt","MutualKNN-m0","native","native",NA,5,NA,0.0389105058365759,0.968873301183691,0.503891903510134,0.0423728813559322,152,NA,NA
"wilt","MutualKNN-m0","native","native",NA,10,NA,0.00778210116731518,0.993862341078474,0.500822221122895,0.00945179584120983,30,NA,NA
"wilt","MutualKNN-m0","native","native",NA,15,NA,0.00778210116731518,0.996054362121876,0.501918231644596,0.00954198473282443,20,NA,NA
"wilt","MutualKNN-m0","native","native",NA,20,NA,0.00389105058365759,0.997807978956598,0.500849514770128,0.00481231953801732,11,NA,NA
"wilt","MutualKNN-m0","native","native",NA,30,NA,0,0.998465585269619,0.499232792634809,0,7,NA,NA
"wilt","MutualKNN-m0","native","native",NA,69,NA,0,0.998903989478299,0.499451994739149,0,5,NA,NA
