"setting_id","type","d","rep","seed","method","TPR","TNR","BA","F2","n_flagged","n_inside","status","note"
"local_interior_d3","local_interior",3,1,108602,"U-MCCD",0,1,0.5,0,0,-1,"ok","-"
"local_interior_d3","local_interior",3,1,108602,"SU-MCCD",0,1,0.5,0,0,-1,"ok","-"
"local_interior_d3","local_interior",3,1,108602,"UN-MCCD",0,1,0.5,0,0,-1,"ok","-"
"local_interior_d3","local_interior",3,1,108602,"SUN-MCCD",0,1,0.5,0,0,-1,"ok","-"
"local_interior_d3","local_interior",3,1,108602,"LOF",0,1,0.5,0,0,-1,"ok","-"
"local_interior_d3","local_interior",3,1,108602,"DBSCAN",0,1,0.5,0,0,-1,"ok","-"
"local_interior_d3","local_interior",3,1,108602,"MST",0.5,0.698412698412698,0.599206349206349,0.245098039215686,62,-1,"ok","-"
"local_interior_d3","local_interior",3,1,108602,"ODIN",0,0.941798941798942,0.470899470899471,0,11,-1,"ok","-"
"local_interior_d3","local_interior",3,1,108602,"iForest",0,0.968253968253968,0.484126984126984,0,6,-1,"ok","-"
"local_interior_d3","local_interior",3,2,108603,"U-MCCD",0,1,0.5,0,0,-1,"ok","-"
"local_interior_d3","local_interior",3,2,108603,"SU-MCCD",0,1,0.5,0,0,-1,"ok","-"
"local_interior_d3","local_interior",3,2,108603,"UN-MCCD",0,1,0.5,0,0,-1,"ok","-"
"local_interior_d3","local_interior",3,2,108603,"SUN-MCCD",0,1,0.5,0,0,-1,"ok","-"
"local_interior_d3","local_interior",3,2,108603,"LOF",0,1,0.5,0,0,-1,"ok","-"
"local_interior_d3","local_interior",3,2,108603,"DBSCAN",0,0.994708994708995,0.497354497354497,0,1,-1,"ok","-"
"local_interior_d3","local_interior",3,2,108603,"MST",0.1,0.619047619047619,0.35952380952381,0.0442477876106195,73,-1,"ok","-"
"local_interior_d3","local_interior",3,2,108603,"ODIN",0,0.968253968253968,0.484126984126984,0,6,-1,"ok","-"
"local_interior_d3","local_interior",3,2,108603,"iForest",0,0.962962962962963,0.481481481481481,0,7,-1,"ok","-"
"local_interior_d3","local_interior",3,3,108604,"U-MCCD",0,1,0.5,0,0,-1,"ok","-"
"local_interior_d3","local_interior",3,3,108604,"SU-MCCD",0,1,0.5,0,0,-1,"ok","-"
"local_interior_d3","local_interior",3,3,108604,"UN-MCCD",0,0.994708994708995,0.497354497354497,0,1,-1,"ok","-"
"local_interior_d3","local_interior",3,3,108604,"SUN-MCCD",0,0.994708994708995,0.497354497354497,0,1,-1,"ok","-"
"local_interior_d3","local_interior",3,3,108604,"LOF",0,1,0.5,0,0,-1,"ok","-"
"local_interior_d3","local_interior",3,3,108604,"DBSCAN",0,1,0.5,0,0,-1,"ok","-"
"local_interior_d3","local_interior",3,3,108604,"MST",0.3,0.677248677248677,0.488624338624339,0.144230769230769,64,-1,"ok","-"
"local_interior_d3","local_interior",3,3,108604,"ODIN",0,0.962962962962963,0.481481481481481,0,7,-1,"ok","-"
"local_interior_d3","local_interior",3,3,108604,"iForest",0,0.931216931216931,0.465608465608466,0,13,-1,"ok","-"
"local_interior_d3","local_interior",3,4,108605,"U-MCCD",0,1,0.5,0,0,-1,"ok","-"
"local_interior_d3","local_interior",3,4,108605,"SU-MCCD",0,1,0.5,0,0,-1,"ok","-"
"local_interior_d3","local_interior",3,4,108605,"UN-MCCD",0,1,0.5,0,0,-1,"ok","-"
"local_interior_d3","local_interior",3,4,108605,"SUN-MCCD",0,1,0.5,0,0,-1,"ok","-"
"local_interior_d3","local_interior",3,4,108605,"LOF",0,1,0.5,0,0,-1,"ok","-"
"local_interior_d3","local_interior",3,4,108605,"DBSCAN",0,1,0.5,0,0,-1,"ok","-"
"local_interior_d3","local_interior",3,4,108605,"MST",0.4,0.566137566137566,0.483068783068783,0.158730158730159,86,-1,"ok","-"
"local_interior_d3","local_interior",3,4,108605,"ODIN",0,0.994708994708995,0.497354497354497,0,1,-1,"ok","-"
"local_interior_d3","local_interior",3,4,108605,"iForest",0,0.968253968253968,0.484126984126984,0,6,-1,"ok","-"
"local_interior_d3","local_interior",3,5,108606,"U-MCCD",0,0.989417989417989,0.494708994708995,0,2,-1,"ok","-"
"local_interior_d3","local_interior",3,5,108606,"SU-MCCD",0,1,0.5,0,0,-1,"ok","-"
"local_interior_d3","local_interior",3,5,108606,"UN-MCCD",0,0.994708994708995,0.497354497354497,0,1,-1,"ok","-"
"local_interior_d3","local_interior",3,5,108606,"SUN-MCCD",0,1,0.5,0,0,-1,"ok","-"
"local_interior_d3","local_interior",3,5,108606,"LOF",0,1,0.5,0,0,-1,"ok","-"
"local_interior_d3","local_interior",3,5,108606,"DBSCAN",0,1,0.5,0,0,-1,"ok","-"
"local_interior_d3","local_interior",3,5,108606,"MST",1,0.592592592592593,0.796296296296296,0.393700787401575,87,-1,"ok","-"
"local_interior_d3","local_interior",3,5,108606,"ODIN",0,0.989417989417989,0.494708994708995,0,2,-1,"ok","-"
"local_interior_d3","local_interior",3,5,108606,"iForest",0,0.968253968253968,0.484126984126984,0,6,-1,"ok","-"
"local_interior_d3","local_interior",3,6,108607,"U-MCCD",0,1,0.5,0,0,-1,"ok","-"
"local_interior_d3","local_interior",3,6,108607,"SU-MCCD",0,1,0.5,0,0,-1,"ok","-"
"local_interior_d3","local_interior",3,6,108607,"UN-MCCD",0,1,0.5,0,0,-1,"ok","-"
"local_interior_d3","local_interior",3,6,108607,"SUN-MCCD",0,1,0.5,0,0,-1,"ok","-"
"local_interior_d3","local_interior",3,6,108607,"LOF",0,1,0.5,0,0,-1,"ok","-"
"local_interior_d3","local_interior",3,6,108607,"DBSCAN",0,1,0.5,0,0,-1,"ok","-"
"local_interior_d3","local_interior",3,6,108607,"MST",0.9,0.55026455026455,0.725132275132275,0.335820895522388,94,-1,"ok","-"
"local_interior_d3","local_interior",3,6,108607,"ODIN",0,1,0.5,0,0,-1,"ok","-"
"local_interior_d3","local_interior",3,6,108607,"iForest",0,0.973544973544973,0.486772486772487,0,5,-1,"ok","-"
"local_interior_d3","local_interior",3,7,108608,"U-MCCD",0,1,0.5,0,0,-1,"ok","-"
"local_interior_d3","local_interior",3,7,108608,"SU-MCCD",0,1,0.5,0,0,-1,"ok","-"
"local_interior_d3","local_interior",3,7,108608,"UN-MCCD",0,1,0.5,0,0,-1,"ok","-"
"local_interior_d3","local_interior",3,7,108608,"SUN-MCCD",0,1,0.5,0,0,-1,"ok","-"
"local_interior_d3","local_interior",3,7,108608,"LOF",0,1,0.5,0,0,-1,"ok","-"
"local_interior_d3","local_interior",3,7,108608,"DBSCAN",0,1,0.5,0,0,-1,"ok","-"
"local_interior_d3","local_interior",3,7,108608,"MST",0.9,0.560846560846561,0.73042328042328,0.340909090909091,92,-1,"ok","-"
"local_interior_d3","local_interior",3,7,108608,"ODIN",0,0.989417989417989,0.494708994708995,0,2,-1,"ok","-"
"local_interior_d3","local_interior",3,7,108608,"iForest",0,0.952380952380952,0.476190476190476,0,9,-1,"ok","-"
"local_interior_d3","local_interior",3,8,108609,"U-MCCD",0,0.984126984126984,0.492063492063492,0,3,-1,"ok","-"
"local_interior_d3","local_interior",3,8,108609,"SU-MCCD",0,0.994708994708995,0.497354497354497,0,1,-1,"ok","-"
"local_interior_d3","local_interior",3,8,108609,"UN-MCCD",0,1,0.5,0,0,-1,"ok","-"
"local_interior_d3","local_interior",3,8,108609,"SUN-MCCD",0,1,0.5,0,0,-1,"ok","-"
"local_interior_d3","local_interior",3,8,108609,"LOF",0,1,0.5,0,0,-1,"ok","-"
"local_interior_d3","local_interior",3,8,108609,"DBSCAN",0,0.994708994708995,0.497354497354497,0,1,-1,"ok","-"
"local_interior_d3","local_interior",3,8,108609,"MST",1,0.619047619047619,0.80952380952381,0.409836065573771,82,-1,"ok","-"
"local_interior_d3","local_interior",3,8,108609,"ODIN",0,0.973544973544973,0.486772486772487,0,5,-1,"ok","-"
"local_interior_d3","local_interior",3,8,108609,"iForest",0,0.936507936507937,0.468253968253968,0,12,-1,"ok","-"
"local_interior_d3","local_interior",3,9,108610,"U-MCCD",0,1,0.5,0,0,-1,"ok","-"
"local_interior_d3","local_interior",3,9,108610,"SU-MCCD",0,1,0.5,0,0,-1,"ok","-"
"local_interior_d3","local_interior",3,9,108610,"UN-MCCD",0,1,0.5,0,0,-1,"ok","-"
"local_interior_d3","local_interior",3,9,108610,"SUN-MCCD",0,1,0.5,0,0,-1,"ok","-"
"local_interior_d3","local_interior",3,9,108610,"LOF",0,1,0.5,0,0,-1,"ok","-"
"local_interior_d3","local_interior",3,9,108610,"DBSCAN",0,1,0.5,0,0,-1,"ok","-"
"local_interior_d3","local_interior",3,9,108610,"MST",0.8,0.597883597883598,0.698941798941799,0.32258064516129,84,-1,"ok","-"
"local_interior_d3","local_interior",3,9,108610,"ODIN",0,0.978835978835979,0.489417989417989,0,4,-1,"ok","-"
"local_interior_d3","local_interior",3,9,108610,"iForest",0,0.957671957671958,0.478835978835979,0,8,-1,"ok","-"
"local_interior_d3","local_interior",3,10,108611,"U-MCCD",0,1,0.5,0,0,-1,"ok","-"
"local_interior_d3","local_interior",3,10,108611,"SU-MCCD",0,1,0.5,0,0,-1,"ok","-"
"local_interior_d3","local_interior",3,10,108611,"UN-MCCD",0,1,0.5,0,0,-1,"ok","-"
"local_interior_d3","local_interior",3,10,108611,"SUN-MCCD",0,1,0.5,0,0,-1,"ok","-"
"local_interior_d3","local_interior",3,10,108611,"LOF",0,1,0.5,0,0,-1,"ok","-"
"local_interior_d3","local_interior",3,10,108611,"DBSCAN",0,1,0.5,0,0,-1,"ok","-"
"local_interior_d3","local_interior",3,10,108611,"MST",0.7,0.566137566137566,0.633068783068783,0.271317829457364,89,-1,"ok","-"
"local_interior_d3","local_interior",3,10,108611,"ODIN",0,0.978835978835979,0.489417989417989,0,4,-1,"ok","-"
"local_interior_d3","local_interior",3,10,108611,"iForest",0,0.957671957671958,0.478835978835979,0,8,-1,"ok","-"
"local_interior_d3","local_interior",3,11,108612,"U-MCCD",0,1,0.5,0,0,-1,"ok","-"
"local_interior_d3","local_interior",3,11,108612,"SU-MCCD",0,1,0.5,0,0,-1,"ok","-"
"local_interior_d3","local_interior",3,11,108612,"UN-MCCD",0,1,0.5,0,0,-1,"ok","-"
"local_interior_d3","local_interior",3,11,108612,"SUN-MCCD",0,1,0.5,0,0,-1,"ok","-"
"local_interior_d3","local_interior",3,11,108612,"LOF",0,1,0.5,0,0,-1,"ok","-"
"local_interior_d3","local_interior",3,11,108612,"DBSCAN",0,1,0.5,0,0,-1,"ok","-"
"local_interior_d3","local_interior",3,11,108612,"MST",0.2,0.693121693121693,0.446560846560847,0.1,60,-1,"ok","-"
"local_interior_d3","local_interior",3,11,108612,"ODIN",0,0.968253968253968,0.484126984126984,0,6,-1,"ok","-"
"local_interior_d3","local_interior",3,11,108612,"iForest",0,0.931216931216931,0.465608465608466,0,13,-1,"ok","-"
"local_interior_d3","local_interior",3,12,108613,"U-MCCD",0,0.989417989417989,0.494708994708995,0,2,-1,"ok","-"
"local_interior_d3","local_interior",3,12,108613,"SU-MCCD",0,1,0.5,0,0,-1,"ok","-"
"local_interior_d3","local_interior",3,12,108613,"UN-MCCD",0,1,0.5,0,0,-1,"ok","-"
"local_interior_d3","local_interior",3,12,108613,"SUN-MCCD",0,1,0.5,0,0,-1,"ok","-"
"local_interior_d3","local_interior",3,12,108613,"LOF",0,1,0.5,0,0,-1,"ok","-"
"local_interior_d3","local_interior",3,12,108613,"DBSCAN",0,1,0.5,0,0,-1,"ok","-"
"local_interior_d3","local_interior",3,12,108613,"MST",0.5,0.64021164021164,0.57010582010582,0.221238938053097,73,-1,"ok","-"
"local_interior_d3","local_interior",3,12,108613,"ODIN",0,0.978835978835979,0.489417989417989,0,4,-1,"ok","-"
"local_interior_d3","local_interior",3,12,108613,"iForest",0,0.941798941798942,0.470899470899471,0,11,-1,"ok","-"
"local_interior_d3","local_interior",3,13,108614,"U-MCCD",0,1,0.5,0,0,-1,"ok","-"
"local_interior_d3","local_interior",3,13,108614,"SU-MCCD",0,1,0.5,0,0,-1,"ok","-"
"local_interior_d3","local_interior",3,13,108614,"UN-MCCD",0,0.994708994708995,0.497354497354497,0,1,-1,"ok","-"
"local_interior_d3","local_interior",3,13,108614,"SUN-MCCD",0,1,0.5,0,0,-1,"ok","-"
"local_interior_d3","local_interior",3,13,108614,"LOF",0,1,0.5,0,0,-1,"ok","-"
"local_interior_d3","local_interior",3,13,108614,"DBSCAN",0,1,0.5,0,0,-1,"ok","-"
"local_interior_d3","local_interior",3,13,108614,"MST",0.3,0.661375661375661,0.480687830687831,0.14018691588785,67,-1,"ok","-"
"local_interior_d3","local_interior",3,13,108614,"ODIN",0,0.984126984126984,0.492063492063492,0,3,-1,"ok","-"
"local_interior_d3","local_interior",3,13,108614,"iForest",0,0.952380952380952,0.476190476190476,0,9,-1,"ok","-"
"local_interior_d3","local_interior",3,14,108615,"U-MCCD",0,0.994708994708995,0.497354497354497,0,1,-1,"ok","-"
"local_interior_d3","local_interior",3,14,108615,"SU-MCCD",0,1,0.5,0,0,-1,"ok","-"
"local_interior_d3","local_interior",3,14,108615,"UN-MCCD",0,1,0.5,0,0,-1,"ok","-"
"local_interior_d3","local_interior",3,14,108615,"SUN-MCCD",0,1,0.5,0,0,-1,"ok","-"
"local_interior_d3","local_interior",3,14,108615,"LOF",0,1,0.5,0,0,-1,"ok","-"
"local_interior_d3","local_interior",3,14,108615,"DBSCAN",0,1,0.5,0,0,-1,"ok","-"
"local_interior_d3","local_interior",3,14,108615,"MST",0.2,0.677248677248677,0.438624338624339,0.0970873786407767,63,-1,"ok","-"
"local_interior_d3","local_interior",3,14,108615,"ODIN",0,0.984126984126984,0.492063492063492,0,3,-1,"ok","-"
"local_interior_d3","local_interior",3,14,108615,"iForest",0,0.936507936507937,0.468253968253968,0,12,-1,"ok","-"
"local_interior_d3","local_interior",3,15,108616,"U-MCCD",0,0.989417989417989,0.494708994708995,0,2,-1,"ok","-"
"local_interior_d3","local_interior",3,15,108616,"SU-MCCD",0,1,0.5,0,0,-1,"ok","-"
"local_interior_d3","local_interior",3,15,108616,"UN-MCCD",0,0.989417989417989,0.494708994708995,0,2,-1,"ok","-"
"local_interior_d3","local_interior",3,15,108616,"SUN-MCCD",0,1,0.5,0,0,-1,"ok","-"
"local_interior_d3","local_interior",3,15,108616,"LOF",0,1,0.5,0,0,-1,"ok","-"
"local_interior_d3","local_interior",3,15,108616,"DBSCAN",0,1,0.5,0,0,-1,"ok","-"
"local_interior_d3","local_interior",3,15,108616,"MST",0.6,0.613756613756614,0.606878306878307,0.252100840336134,79,-1,"ok","-"
"local_interior_d3","local_interior",3,15,108616,"ODIN",0,0.962962962962963,0.481481481481481,0,7,-1,"ok","-"
"local_interior_d3","local_interior",3,15,108616,"iForest",0,0.968253968253968,0.484126984126984,0,6,-1,"ok","-"
"local_interior_d3","local_interior",3,16,108617,"U-MCCD",0,0.989417989417989,0.494708994708995,0,2,-1,"ok","-"
"local_interior_d3","local_interior",3,16,108617,"SU-MCCD",0,1,0.5,0,0,-1,"ok","-"
"local_interior_d3","local_interior",3,16,108617,"UN-MCCD",0,0.994708994708995,0.497354497354497,0,1,-1,"ok","-"
"local_interior_d3","local_interior",3,16,108617,"SUN-MCCD",0,0.994708994708995,0.497354497354497,0,1,-1,"ok","-"
"local_interior_d3","local_interior",3,16,108617,"LOF",0,1,0.5,0,0,-1,"ok","-"
"local_interior_d3","local_interior",3,16,108617,"DBSCAN",0,1,0.5,0,0,-1,"ok","-"
"local_interior_d3","local_interior",3,16,108617,"MST",0.4,0.613756613756614,0.506878306878307,0.170940170940171,77,-1,"ok","-"
"local_interior_d3","local_interior",3,16,108617,"ODIN",0,0.978835978835979,0.489417989417989,0,4,-1,"ok","-"
"local_interior_d3","local_interior",3,16,108617,"iForest",0,0.915343915343915,0.457671957671958,0,16,-1,"ok","-"
"local_interior_d3","local_interior",3,17,108618,"U-MCCD",0,1,0.5,0,0,-1,"ok","-"
"local_interior_d3","local_interior",3,17,108618,"SU-MCCD",0,1,0.5,0,0,-1,"ok","-"
"local_interior_d3","local_interior",3,17,108618,"UN-MCCD",0,1,0.5,0,0,-1,"ok","-"
"local_interior_d3","local_interior",3,17,108618,"SUN-MCCD",0,1,0.5,0,0,-1,"ok","-"
"local_interior_d3","local_interior",3,17,108618,"LOF",0,1,0.5,0,0,-1,"ok","-"
"local_interior_d3","local_interior",3,17,108618,"DBSCAN",0,0.989417989417989,0.494708994708995,0,2,-1,"ok","-"
"local_interior_d3","local_interior",3,17,108618,"MST",0,0.53968253968254,0.26984126984127,0,87,-1,"ok","-"
"local_interior_d3","local_interior",3,17,108618,"ODIN",0,0.984126984126984,0.492063492063492,0,3,-1,"ok","-"
"local_interior_d3","local_interior",3,17,108618,"iForest",0,0.941798941798942,0.470899470899471,0,11,-1,"ok","-"
"local_interior_d3","local_interior",3,18,108619,"U-MCCD",0,1,0.5,0,0,-1,"ok","-"
"local_interior_d3","local_interior",3,18,108619,"SU-MCCD",0,1,0.5,0,0,-1,"ok","-"
"local_interior_d3","local_interior",3,18,108619,"UN-MCCD",0,1,0.5,0,0,-1,"ok","-"
"local_interior_d3","local_interior",3,18,108619,"SUN-MCCD",0,1,0.5,0,0,-1,"ok","-"
"local_interior_d3","local_interior",3,18,108619,"LOF",0,1,0.5,0,0,-1,"ok","-"
"local_interior_d3","local_interior",3,18,108619,"DBSCAN",0,1,0.5,0,0,-1,"ok","-"
"local_interior_d3","local_interior",3,18,108619,"MST",0.6,0.513227513227513,0.556613756613757,0.217391304347826,98,-1,"ok","-"
"local_interior_d3","local_interior",3,18,108619,"ODIN",0,0.978835978835979,0.489417989417989,0,4,-1,"ok","-"
"local_interior_d3","local_interior",3,18,108619,"iForest",0,0.915343915343915,0.457671957671958,0,16,-1,"ok","-"
"local_interior_d3","local_interior",3,19,108620,"U-MCCD",0,0.973544973544973,0.486772486772487,0,5,-1,"ok","-"
"local_interior_d3","local_interior",3,19,108620,"SU-MCCD",0,1,0.5,0,0,-1,"ok","-"
"local_interior_d3","local_interior",3,19,108620,"UN-MCCD",0,1,0.5,0,0,-1,"ok","-"
"local_interior_d3","local_interior",3,19,108620,"SUN-MCCD",0,1,0.5,0,0,-1,"ok","-"
"local_interior_d3","local_interior",3,19,108620,"LOF",0,1,0.5,0,0,-1,"ok","-"
"local_interior_d3","local_interior",3,19,108620,"DBSCAN",0,1,0.5,0,0,-1,"ok","-"
"local_interior_d3","local_interior",3,19,108620,"MST",0.7,0.693121693121693,0.696560846560847,0.333333333333333,65,-1,"ok","-"
"local_interior_d3","local_interior",3,19,108620,"ODIN",0,0.984126984126984,0.492063492063492,0,3,-1,"ok","-"
"local_interior_d3","local_interior",3,19,108620,"iForest",0,0.947089947089947,0.473544973544974,0,10,-1,"ok","-"
"local_interior_d3","local_interior",3,20,108621,"U-MCCD",0,1,0.5,0,0,-1,"ok","-"
"local_interior_d3","local_interior",3,20,108621,"SU-MCCD",0,1,0.5,0,0,-1,"ok","-"
"local_interior_d3","local_interior",3,20,108621,"UN-MCCD",0,1,0.5,0,0,-1,"ok","-"
"local_interior_d3","local_interior",3,20,108621,"SUN-MCCD",0,1,0.5,0,0,-1,"ok","-"
"local_interior_d3","local_interior",3,20,108621,"LOF",0,1,0.5,0,0,-1,"ok","-"
"local_interior_d3","local_interior",3,20,108621,"DBSCAN",0,1,0.5,0,0,-1,"ok","-"
"local_interior_d3","local_interior",3,20,108621,"MST",0.5,0.64021164021164,0.57010582010582,0.221238938053097,73,-1,"ok","-"
"local_interior_d3","local_interior",3,20,108621,"ODIN",0,0.994708994708995,0.497354497354497,0,1,-1,"ok","-"
"local_interior_d3","local_interior",3,20,108621,"iForest",0,0.947089947089947,0.473544973544974,0,10,-1,"ok","-"
"local_interior_d3","local_interior",3,21,108622,"U-MCCD",0,0.994708994708995,0.497354497354497,0,1,-1,"ok","-"
"local_interior_d3","local_interior",3,21,108622,"SU-MCCD",0,1,0.5,0,0,-1,"ok","-"
"local_interior_d3","local_interior",3,21,108622,"UN-MCCD",0,1,0.5,0,0,-1,"ok","-"
"local_interior_d3","local_interior",3,21,108622,"SUN-MCCD",0,1,0.5,0,0,-1,"ok","-"
"local_interior_d3","local_interior",3,21,108622,"LOF",0,1,0.5,0,0,-1,"ok","-"
"local_interior_d3","local_interior",3,21,108622,"DBSCAN",0,0.994708994708995,0.497354497354497,0,1,-1,"ok","-"
"local_interior_d3","local_interior",3,21,108622,"MST",0.2,0.582010582010582,0.391005291005291,0.0826446280991735,81,-1,"ok","-"
"local_interior_d3","local_interior",3,21,108622,"ODIN",0,0.957671957671958,0.478835978835979,0,8,-1,"ok","-"
"local_interior_d3","local_interior",3,21,108622,"iForest",0,0.936507936507937,0.468253968253968,0,12,-1,"ok","-"
"local_interior_d3","local_interior",3,22,108623,"U-MCCD",0,1,0.5,0,0,-1,"ok","-"
"local_interior_d3","local_interior",3,22,108623,"SU-MCCD",0,1,0.5,0,0,-1,"ok","-"
"local_interior_d3","local_interior",3,22,108623,"UN-MCCD",0,0.973544973544973,0.486772486772487,0,5,-1,"ok","-"
"local_interior_d3","local_interior",3,22,108623,"SUN-MCCD",0,0.978835978835979,0.489417989417989,0,4,-1,"ok","-"
"local_interior_d3","local_interior",3,22,108623,"LOF",0,1,0.5,0,0,-1,"ok","-"
"local_interior_d3","local_interior",3,22,108623,"DBSCAN",0,0.994708994708995,0.497354497354497,0,1,-1,"ok","-"
"local_interior_d3","local_interior",3,22,108623,"MST",0.5,0.624338624338624,0.562169312169312,0.21551724137931,76,-1,"ok","-"
"local_interior_d3","local_interior",3,22,108623,"ODIN",0,0.968253968253968,0.484126984126984,0,6,-1,"ok","-"
"local_interior_d3","local_interior",3,22,108623,"iForest",0,0.947089947089947,0.473544973544974,0,10,-1,"ok","-"
"local_interior_d3","local_interior",3,23,108624,"U-MCCD",0,0.989417989417989,0.494708994708995,0,2,-1,"ok","-"
"local_interior_d3","local_interior",3,23,108624,"SU-MCCD",0,1,0.5,0,0,-1,"ok","-"
"local_interior_d3","local_interior",3,23,108624,"UN-MCCD",0,0.994708994708995,0.497354497354497,0,1,-1,"ok","-"
"local_interior_d3","local_interior",3,23,108624,"SUN-MCCD",0,1,0.5,0,0,-1,"ok","-"
"local_interior_d3","local_interior",3,23,108624,"LOF",0,1,0.5,0,0,-1,"ok","-"
"local_interior_d3","local_interior",3,23,108624,"DBSCAN",0,0.994708994708995,0.497354497354497,0,1,-1,"ok","-"
"local_interior_d3","local_interior",3,23,108624,"MST",0.5,0.55026455026455,0.525132275132275,0.192307692307692,90,-1,"ok","-"
"local_interior_d3","local_interior",3,23,108624,"ODIN",0,0.984126984126984,0.492063492063492,0,3,-1,"ok","-"
"local_interior_d3","local_interior",3,23,108624,"iForest",0,0.952380952380952,0.476190476190476,0,9,-1,"ok","-"
"local_interior_d3","local_interior",3,24,108625,"U-MCCD",0,0.994708994708995,0.497354497354497,0,1,-1,"ok","-"
"local_interior_d3","local_interior",3,24,108625,"SU-MCCD",0,1,0.5,0,0,-1,"ok","-"
"local_interior_d3","local_interior",3,24,108625,"UN-MCCD",0,0.994708994708995,0.497354497354497,0,1,-1,"ok","-"
"local_interior_d3","local_interior",3,24,108625,"SUN-MCCD",0,1,0.5,0,0,-1,"ok","-"
"local_interior_d3","local_interior",3,24,108625,"LOF",0,1,0.5,0,0,-1,"ok","-"
"local_interior_d3","local_interior",3,24,108625,"DBSCAN",0,1,0.5,0,0,-1,"ok","-"
"local_interior_d3","local_interior",3,24,108625,"MST",0.5,0.592592592592593,0.546296296296296,0.204918032786885,82,-1,"ok","-"
"local_interior_d3","local_interior",3,24,108625,"ODIN",0,0.941798941798942,0.470899470899471,0,11,-1,"ok","-"
"local_interior_d3","local_interior",3,24,108625,"iForest",0,0.952380952380952,0.476190476190476,0,9,-1,"ok","-"
"local_interior_d3","local_interior",3,25,108626,"U-MCCD",0,0.994708994708995,0.497354497354497,0,1,-1,"ok","-"
"local_interior_d3","local_interior",3,25,108626,"SU-MCCD",0,0.994708994708995,0.497354497354497,0,1,-1,"ok","-"
"local_interior_d3","local_interior",3,25,108626,"UN-MCCD",0,1,0.5,0,0,-1,"ok","-"
"local_interior_d3","local_interior",3,25,108626,"SUN-MCCD",0,1,0.5,0,0,-1,"ok","-"
"local_interior_d3","local_interior",3,25,108626,"LOF",0,1,0.5,0,0,-1,"ok","-"
"local_interior_d3","local_interior",3,25,108626,"DBSCAN",0,0.989417989417989,0.494708994708995,0,2,-1,"ok","-"
"local_interior_d3","local_interior",3,25,108626,"MST",0.5,0.608465608465608,0.554232804232804,0.210084033613445,79,-1,"ok","-"
"local_interior_d3","local_interior",3,25,108626,"ODIN",0,0.984126984126984,0.492063492063492,0,3,-1,"ok","-"
"local_interior_d3","local_interior",3,25,108626,"iForest",0,0.925925925925926,0.462962962962963,0,14,-1,"ok","-"
"local_interior_d3","local_interior",3,26,108627,"U-MCCD",0,1,0.5,0,0,-1,"ok","-"
"local_interior_d3","local_interior",3,26,108627,"SU-MCCD",0,1,0.5,0,0,-1,"ok","-"
"local_interior_d3","local_interior",3,26,108627,"UN-MCCD",0,0.994708994708995,0.497354497354497,0,1,-1,"ok","-"
"local_interior_d3","local_interior",3,26,108627,"SUN-MCCD",0,1,0.5,0,0,-1,"ok","-"
"local_interior_d3","local_interior",3,26,108627,"LOF",0,1,0.5,0,0,-1,"ok","-"
"local_interior_d3","local_interior",3,26,108627,"DBSCAN",0,1,0.5,0,0,-1,"ok","-"
"local_interior_d3","local_interior",3,26,108627,"MST",0.6,0.634920634920635,0.617460317460317,0.260869565217391,75,-1,"ok","-"
"local_interior_d3","local_interior",3,26,108627,"ODIN",0,0.989417989417989,0.494708994708995,0,2,-1,"ok","-"
"local_interior_d3","local_interior",3,26,108627,"iForest",0,0.947089947089947,0.473544973544974,0,10,-1,"ok","-"
"local_interior_d3","local_interior",3,27,108628,"U-MCCD",0,1,0.5,0,0,-1,"ok","-"
"local_interior_d3","local_interior",3,27,108628,"SU-MCCD",0,1,0.5,0,0,-1,"ok","-"
"local_interior_d3","local_interior",3,27,108628,"UN-MCCD",0,0.989417989417989,0.494708994708995,0,2,-1,"ok","-"
"local_interior_d3","local_interior",3,27,108628,"SUN-MCCD",0,0.989417989417989,0.494708994708995,0,2,-1,"ok","-"
"local_interior_d3","local_interior",3,27,108628,"LOF",0,1,0.5,0,0,-1,"ok","-"
"local_interior_d3","local_interior",3,27,108628,"DBSCAN",0,0.994708994708995,0.497354497354497,0,1,-1,"ok","-"
"local_interior_d3","local_interior",3,27,108628,"MST",0.4,0.592592592592593,0.496296296296296,0.165289256198347,81,-1,"ok","-"
"local_interior_d3","local_interior",3,27,108628,"ODIN",0,0.947089947089947,0.473544973544974,0,10,-1,"ok","-"
"local_interior_d3","local_interior",3,27,108628,"iForest",0,0.947089947089947,0.473544973544974,0,10,-1,"ok","-"
"local_interior_d3","local_interior",3,28,108629,"U-MCCD",0,1,0.5,0,0,-1,"ok","-"
"local_interior_d3","local_interior",3,28,108629,"SU-MCCD",0,1,0.5,0,0,-1,"ok","-"
"local_interior_d3","local_interior",3,28,108629,"UN-MCCD",0,1,0.5,0,0,-1,"ok","-"
"local_interior_d3","local_interior",3,28,108629,"SUN-MCCD",0,1,0.5,0,0,-1,"ok","-"
"local_interior_d3","local_interior",3,28,108629,"LOF",0,1,0.5,0,0,-1,"ok","-"
"local_interior_d3","local_interior",3,28,108629,"DBSCAN",0,1,0.5,0,0,-1,"ok","-"
"local_interior_d3","local_interior",3,28,108629,"MST",0.1,0.634920634920635,0.367460317460317,0.0454545454545455,70,-1,"ok","-"
"local_interior_d3","local_interior",3,28,108629,"ODIN",0,0.952380952380952,0.476190476190476,0,9,-1,"ok","-"
"local_interior_d3","local_interior",3,28,108629,"iForest",0,0.952380952380952,0.476190476190476,0,9,-1,"ok","-"
"local_interior_d3","local_interior",3,29,108630,"U-MCCD",0,1,0.5,0,0,-1,"ok","-"
"local_interior_d3","local_interior",3,29,108630,"SU-MCCD",0,1,0.5,0,0,-1,"ok","-"
"local_interior_d3","local_interior",3,29,108630,"UN-MCCD",0,1,0.5,0,0,-1,"ok","-"
"local_interior_d3","local_interior",3,29,108630,"SUN-MCCD",0,1,0.5,0,0,-1,"ok","-"
"local_interior_d3","local_interior",3,29,108630,"LOF",0,1,0.5,0,0,-1,"ok","-"
"local_interior_d3","local_interior",3,29,108630,"DBSCAN",0,0.994708994708995,0.497354497354497,0,1,-1,"ok","-"
"local_interior_d3","local_interior",3,29,108630,"MST",0.5,0.634920634920635,0.567460317460317,0.219298245614035,74,-1,"ok","-"
"local_interior_d3","local_interior",3,29,108630,"ODIN",0,0.989417989417989,0.494708994708995,0,2,-1,"ok","-"
"local_interior_d3","local_interior",3,29,108630,"iForest",0,0.941798941798942,0.470899470899471,0,11,-1,"ok","-"
"local_interior_d3","local_interior",3,30,108631,"U-MCCD",0,1,0.5,0,0,-1,"ok","-"
"local_interior_d3","local_interior",3,30,108631,"SU-MCCD",0,1,0.5,0,0,-1,"ok","-"
"local_interior_d3","local_interior",3,30,108631,"UN-MCCD",0,1,0.5,0,0,-1,"ok","-"
"local_interior_d3","local_interior",3,30,108631,"SUN-MCCD",0,1,0.5,0,0,-1,"ok","-"
"local_interior_d3","local_interior",3,30,108631,"LOF",0,1,0.5,0,0,-1,"ok","-"
"local_interior_d3","local_interior",3,30,108631,"DBSCAN",0,1,0.5,0,0,-1,"ok","-"
"local_interior_d3","local_interior",3,30,108631,"MST",0,0.53968253968254,0.26984126984127,0,87,-1,"ok","-"
"local_interior_d3","local_interior",3,30,108631,"ODIN",0,0.968253968253968,0.484126984126984,0,6,-1,"ok","-"
"local_interior_d3","local_interior",3,30,108631,"iForest",0,0.947089947089947,0.473544973544974,0,10,-1,"ok","-"
"local_interior_d3","local_interior",3,31,108632,"U-MCCD",0,1,0.5,0,0,-1,"ok","-"
"local_interior_d3","local_interior",3,31,108632,"SU-MCCD",0,1,0.5,0,0,-1,"ok","-"
"local_interior_d3","local_interior",3,31,108632,"UN-MCCD",0,0.994708994708995,0.497354497354497,0,1,-1,"ok","-"
"local_interior_d3","local_interior",3,31,108632,"SUN-MCCD",0,1,0.5,0,0,-1,"ok","-"
"local_interior_d3","local_interior",3,31,108632,"LOF",0,1,0.5,0,0,-1,"ok","-"
"local_interior_d3","local_interior",3,31,108632,"DBSCAN",0,1,0.5,0,0,-1,"ok","-"
"local_interior_d3","local_interior",3,31,108632,"MST",0.5,0.597883597883598,0.548941798941799,0.206611570247934,81,-1,"ok","-"
"local_interior_d3","local_interior",3,31,108632,"ODIN",0,0.989417989417989,0.494708994708995,0,2,-1,"ok","-"
"local_interior_d3","local_interior",3,31,108632,"iForest",0,0.952380952380952,0.476190476190476,0,9,-1,"ok","-"
"local_interior_d3","local_interior",3,32,108633,"U-MCCD",0,1,0.5,0,0,-1,"ok","-"
"local_interior_d3","local_interior",3,32,108633,"SU-MCCD",0,1,0.5,0,0,-1,"ok","-"
"local_interior_d3","local_interior",3,32,108633,"UN-MCCD",0,1,0.5,0,0,-1,"ok","-"
"local_interior_d3","local_interior",3,32,108633,"SUN-MCCD",0,1,0.5,0,0,-1,"ok","-"
"local_interior_d3","local_interior",3,32,108633,"LOF",0,1,0.5,0,0,-1,"ok","-"
"local_interior_d3","local_interior",3,32,108633,"DBSCAN",0,1,0.5,0,0,-1,"ok","-"
"local_interior_d3","local_interior",3,32,108633,"MST",1,0.62962962962963,0.814814814814815,0.416666666666667,80,-1,"ok","-"
"local_interior_d3","local_interior",3,32,108633,"ODIN",0,0.978835978835979,0.489417989417989,0,4,-1,"ok","-"
"local_interior_d3","local_interior",3,32,108633,"iForest",0,0.962962962962963,0.481481481481481,0,7,-1,"ok","-"
"local_interior_d3","local_interior",3,33,108634,"U-MCCD",0,0.989417989417989,0.494708994708995,0,2,-1,"ok","-"
"local_interior_d3","local_interior",3,33,108634,"SU-MCCD",0,1,0.5,0,0,-1,"ok","-"
"local_interior_d3","local_interior",3,33,108634,"UN-MCCD",0,1,0.5,0,0,-1,"ok","-"
"local_interior_d3","local_interior",3,33,108634,"SUN-MCCD",0,1,0.5,0,0,-1,"ok","-"
"local_interior_d3","local_interior",3,33,108634,"LOF",0,1,0.5,0,0,-1,"ok","-"
"local_interior_d3","local_interior",3,33,108634,"DBSCAN",0,1,0.5,0,0,-1,"ok","-"
"local_interior_d3","local_interior",3,33,108634,"MST",0.3,0.529100529100529,0.414550264550265,0.113636363636364,92,-1,"ok","-"
"local_interior_d3","local_interior",3,33,108634,"ODIN",0,0.962962962962963,0.481481481481481,0,7,-1,"ok","-"
"local_interior_d3","local_interior",3,33,108634,"iForest",0,0.952380952380952,0.476190476190476,0,9,-1,"ok","-"
"local_interior_d3","local_interior",3,34,108635,"U-MCCD",0,1,0.5,0,0,-1,"ok","-"
"local_interior_d3","local_interior",3,34,108635,"SU-MCCD",0,1,0.5,0,0,-1,"ok","-"
"local_interior_d3","local_interior",3,34,108635,"UN-MCCD",0,1,0.5,0,0,-1,"ok","-"
"local_interior_d3","local_interior",3,34,108635,"SUN-MCCD",0,1,0.5,0,0,-1,"ok","-"
"local_interior_d3","local_interior",3,34,108635,"LOF",0,1,0.5,0,0,-1,"ok","-"
"local_interior_d3","local_interior",3,34,108635,"DBSCAN",0,1,0.5,0,0,-1,"ok","-"
"local_interior_d3","local_interior",3,34,108635,"MST",0.7,0.608465608465608,0.654232804232804,0.289256198347107,81,-1,"ok","-"
"local_interior_d3","local_interior",3,34,108635,"ODIN",0,0.984126984126984,0.492063492063492,0,3,-1,"ok","-"
"local_interior_d3","local_interior",3,34,108635,"iForest",0,0.957671957671958,0.478835978835979,0,8,-1,"ok","-"
"local_interior_d3","local_interior",3,35,108636,"U-MCCD",0,0.994708994708995,0.497354497354497,0,1,-1,"ok","-"
"local_interior_d3","local_interior",3,35,108636,"SU-MCCD",0,1,0.5,0,0,-1,"ok","-"
"local_interior_d3","local_interior",3,35,108636,"UN-MCCD",0,1,0.5,0,0,-1,"ok","-"
"local_interior_d3","local_interior",3,35,108636,"SUN-MCCD",0,1,0.5,0,0,-1,"ok","-"
"local_interior_d3","local_interior",3,35,108636,"LOF",0,1,0.5,0,0,-1,"ok","-"
"local_interior_d3","local_interior",3,35,108636,"DBSCAN",0,1,0.5,0,0,-1,"ok","-"
"local_interior_d3","local_interior",3,35,108636,"MST",0.6,0.497354497354497,0.548677248677249,0.212765957446809,101,-1,"ok","-"
"local_interior_d3","local_interior",3,35,108636,"ODIN",0,0.978835978835979,0.489417989417989,0,4,-1,"ok","-"
"local_interior_d3","local_interior",3,35,108636,"iForest",0,0.947089947089947,0.473544973544974,0,10,-1,"ok","-"
"local_interior_d3","local_interior",3,36,108637,"U-MCCD",0,0.994708994708995,0.497354497354497,0,1,-1,"ok","-"
"local_interior_d3","local_interior",3,36,108637,"SU-MCCD",0,1,0.5,0,0,-1,"ok","-"
"local_interior_d3","local_interior",3,36,108637,"UN-MCCD",0,0.989417989417989,0.494708994708995,0,2,-1,"ok","-"
"local_interior_d3","local_interior",3,36,108637,"SUN-MCCD",0,1,0.5,0,0,-1,"ok","-"
"local_interior_d3","local_interior",3,36,108637,"LOF",0,1,0.5,0,0,-1,"ok","-"
"local_interior_d3","local_interior",3,36,108637,"DBSCAN",0,1,0.5,0,0,-1,"ok","-"
"local_interior_d3","local_interior",3,36,108637,"MST",0.7,0.62962962962963,0.664814814814815,0.299145299145299,77,-1,"ok","-"
"local_interior_d3","local_interior",3,36,108637,"ODIN",0,0.973544973544973,0.486772486772487,0,5,-1,"ok","-"
"local_interior_d3","local_interior",3,36,108637,"iForest",0,0.931216931216931,0.465608465608466,0,13,-1,"ok","-"
"local_interior_d3","local_interior",3,37,108638,"U-MCCD",0,1,0.5,0,0,-1,"ok","-"
"local_interior_d3","local_interior",3,37,108638,"SU-MCCD",0,1,0.5,0,0,-1,"ok","-"
"local_interior_d3","local_interior",3,37,108638,"UN-MCCD",0,1,0.5,0,0,-1,"ok","-"
"local_interior_d3","local_interior",3,37,108638,"SUN-MCCD",0,1,0.5,0,0,-1,"ok","-"
"local_interior_d3","local_interior",3,37,108638,"LOF",0,1,0.5,0,0,-1,"ok","-"
"local_interior_d3","local_interior",3,37,108638,"DBSCAN",0,1,0.5,0,0,-1,"ok","-"
"local_interior_d3","local_interior",3,37,108638,"MST",0.1,0.71957671957672,0.40978835978836,0.0531914893617021,54,-1,"ok","-"
"local_interior_d3","local_interior",3,37,108638,"ODIN",0,0.978835978835979,0.489417989417989,0,4,-1,"ok","-"
"local_interior_d3","local_interior",3,37,108638,"iForest",0,0.973544973544973,0.486772486772487,0,5,-1,"ok","-"
"local_interior_d3","local_interior",3,38,108639,"U-MCCD",0,0.978835978835979,0.489417989417989,0,4,-1,"ok","-"
"local_interior_d3","local_interior",3,38,108639,"SU-MCCD",0,1,0.5,0,0,-1,"ok","-"
"local_interior_d3","local_interior",3,38,108639,"UN-MCCD",0,0.984126984126984,0.492063492063492,0,3,-1,"ok","-"
"local_interior_d3","local_interior",3,38,108639,"SUN-MCCD",0,0.994708994708995,0.497354497354497,0,1,-1,"ok","-"
"local_interior_d3","local_interior",3,38,108639,"LOF",0,1,0.5,0,0,-1,"ok","-"
"local_interior_d3","local_interior",3,38,108639,"DBSCAN",0,1,0.5,0,0,-1,"ok","-"
"local_interior_d3","local_interior",3,38,108639,"MST",0.5,0.645502645502645,0.572751322751323,0.223214285714286,72,-1,"ok","-"
"local_interior_d3","local_interior",3,38,108639,"ODIN",0,0.962962962962963,0.481481481481481,0,7,-1,"ok","-"
"local_interior_d3","local_interior",3,38,108639,"iForest",0,0.968253968253968,0.484126984126984,0,6,-1,"ok","-"
"local_interior_d3","local_interior",3,39,108640,"U-MCCD",0,0.994708994708995,0.497354497354497,0,1,-1,"ok","-"
"local_interior_d3","local_interior",3,39,108640,"SU-MCCD",0,1,0.5,0,0,-1,"ok","-"
"local_interior_d3","local_interior",3,39,108640,"UN-MCCD",0,1,0.5,0,0,-1,"ok","-"
"local_interior_d3","local_interior",3,39,108640,"SUN-MCCD",0,1,0.5,0,0,-1,"ok","-"
"local_interior_d3","local_interior",3,39,108640,"LOF",0,1,0.5,0,0,-1,"ok","-"
"local_interior_d3","local_interior",3,39,108640,"DBSCAN",0,1,0.5,0,0,-1,"ok","-"
"local_interior_d3","local_interior",3,39,108640,"MST",1,0.576719576719577,0.788359788359788,0.384615384615385,90,-1,"ok","-"
"local_interior_d3","local_interior",3,39,108640,"ODIN",0,0.973544973544973,0.486772486772487,0,5,-1,"ok","-"
"local_interior_d3","local_interior",3,39,108640,"iForest",0,0.947089947089947,0.473544973544974,0,10,-1,"ok","-"
"local_interior_d3","local_interior",3,40,108641,"U-MCCD",0,1,0.5,0,0,-1,"ok","-"
"local_interior_d3","local_interior",3,40,108641,"SU-MCCD",0,1,0.5,0,0,-1,"ok","-"
"local_interior_d3","local_interior",3,40,108641,"UN-MCCD",0,1,0.5,0,0,-1,"ok","-"
"local_interior_d3","local_interior",3,40,108641,"SUN-MCCD",0,1,0.5,0,0,-1,"ok","-"
"local_interior_d3","local_interior",3,40,108641,"LOF",0,1,0.5,0,0,-1,"ok","-"
"local_interior_d3","local_interior",3,40,108641,"DBSCAN",0,1,0.5,0,0,-1,"ok","-"
"local_interior_d3","local_interior",3,40,108641,"MST",0.5,0.582010582010582,0.541005291005291,0.201612903225806,84,-1,"ok","-"
"local_interior_d3","local_interior",3,40,108641,"ODIN",0,0.978835978835979,0.489417989417989,0,4,-1,"ok","-"
"local_interior_d3","local_interior",3,40,108641,"iForest",0,0.925925925925926,0.462962962962963,0,14,-1,"ok","-"
"local_interior_d3","local_interior",3,41,108642,"U-MCCD",0,0.989417989417989,0.494708994708995,0,2,-1,"ok","-"
"local_interior_d3","local_interior",3,41,108642,"SU-MCCD",0,1,0.5,0,0,-1,"ok","-"
"local_interior_d3","local_interior",3,41,108642,"UN-MCCD",0,1,0.5,0,0,-1,"ok","-"
"local_interior_d3","local_interior",3,41,108642,"SUN-MCCD",0,1,0.5,0,0,-1,"ok","-"
"local_interior_d3","local_interior",3,41,108642,"LOF",0,1,0.5,0,0,-1,"ok","-"
"local_interior_d3","local_interior",3,41,108642,"DBSCAN",0,1,0.5,0,0,-1,"ok","-"
"local_interior_d3","local_interior",3,41,108642,"MST",0.5,0.592592592592593,0.546296296296296,0.204918032786885,82,-1,"ok","-"
"local_interior_d3","local_interior",3,41,108642,"ODIN",0,0.989417989417989,0.494708994708995,0,2,-1,"ok","-"
"local_interior_d3","local_interior",3,41,108642,"iForest",0,0.957671957671958,0.478835978835979,0,8,-1,"ok","-"
"local_interior_d3","local_interior",3,42,108643,"U-MCCD",0,0.989417989417989,0.494708994708995,0,2,-1,"ok","-"
"local_interior_d3","local_interior",3,42,108643,"SU-MCCD",0,1,0.5,0,0,-1,"ok","-"
"local_interior_d3","local_interior",3,42,108643,"UN-MCCD",0,0.978835978835979,0.489417989417989,0,4,-1,"ok","-"
"local_interior_d3","local_interior",3,42,108643,"SUN-MCCD",0,1,0.5,0,0,-1,"ok","-"
"local_interior_d3","local_interior",3,42,108643,"LOF",0,1,0.5,0,0,-1,"ok","-"
"local_interior_d3","local_interior",3,42,108643,"DBSCAN",0,1,0.5,0,0,-1,"ok","-"
"local_interior_d3","local_interior",3,42,108643,"MST",0.4,0.597883597883598,0.498941798941799,0.166666666666667,80,-1,"ok","-"
"local_interior_d3","local_interior",3,42,108643,"ODIN",0,0.978835978835979,0.489417989417989,0,4,-1,"ok","-"
"local_interior_d3","local_interior",3,42,108643,"iForest",0,0.952380952380952,0.476190476190476,0,9,-1,"ok","-"
"local_interior_d3","local_interior",3,43,108644,"U-MCCD",0,1,0.5,0,0,-1,"ok","-"
"local_interior_d3","local_interior",3,43,108644,"SU-MCCD",0,1,0.5,0,0,-1,"ok","-"
"local_interior_d3","local_interior",3,43,108644,"UN-MCCD",0,1,0.5,0,0,-1,"ok","-"
"local_interior_d3","local_interior",3,43,108644,"SUN-MCCD",0,1,0.5,0,0,-1,"ok","-"
"local_interior_d3","local_interior",3,43,108644,"LOF",0,1,0.5,0,0,-1,"ok","-"
"local_interior_d3","local_interior",3,43,108644,"DBSCAN",0,1,0.5,0,0,-1,"ok","-"
"local_interior_d3","local_interior",3,43,108644,"MST",0,0.698412698412698,0.349206349206349,0,57,-1,"ok","-"
"local_interior_d3","local_interior",3,43,108644,"ODIN",0,0.962962962962963,0.481481481481481,0,7,-1,"ok","-"
"local_interior_d3","local_interior",3,43,108644,"iForest",0,0.936507936507937,0.468253968253968,0,12,-1,"ok","-"
"local_interior_d3","local_interior",3,44,108645,"U-MCCD",0,0.994708994708995,0.497354497354497,0,1,-1,"ok","-"
"local_interior_d3","local_interior",3,44,108645,"SU-MCCD",0,1,0.5,0,0,-1,"ok","-"
"local_interior_d3","local_interior",3,44,108645,"UN-MCCD",0,0.994708994708995,0.497354497354497,0,1,-1,"ok","-"
"local_interior_d3","local_interior",3,44,108645,"SUN-MCCD",0,0.978835978835979,0.489417989417989,0,4,-1,"ok","-"
"local_interior_d3","local_interior",3,44,108645,"LOF",0,1,0.5,0,0,-1,"ok","-"
"local_interior_d3","local_interior",3,44,108645,"DBSCAN",0,1,0.5,0,0,-1,"ok","-"
"local_interior_d3","local_interior",3,44,108645,"MST",0.5,0.608465608465608,0.554232804232804,0.210084033613445,79,-1,"ok","-"
"local_interior_d3","local_interior",3,44,108645,"ODIN",0,0.957671957671958,0.478835978835979,0,8,-1,"ok","-"
"local_interior_d3","local_interior",3,44,108645,"iForest",0,0.941798941798942,0.470899470899471,0,11,-1,"ok","-"
"local_interior_d3","local_interior",3,45,108646,"U-MCCD",0,1,0.5,0,0,-1,"ok","-"
"local_interior_d3","local_interior",3,45,108646,"SU-MCCD",0,1,0.5,0,0,-1,"ok","-"
"local_interior_d3","local_interior",3,45,108646,"UN-MCCD",0,0.984126984126984,0.492063492063492,0,3,-1,"ok","-"
"local_interior_d3","local_interior",3,45,108646,"SUN-MCCD",0,1,0.5,0,0,-1,"ok","-"
"local_interior_d3","local_interior",3,45,108646,"LOF",0,1,0.5,0,0,-1,"ok","-"
"local_interior_d3","local_interior",3,45,108646,"DBSCAN",0,0.994708994708995,0.497354497354497,0,1,-1,"ok","-"
"local_interior_d3","local_interior",3,45,108646,"MST",0.6,0.64021164021164,0.62010582010582,0.263157894736842,74,-1,"ok","-"
"local_interior_d3","local_interior",3,45,108646,"ODIN",0,0.968253968253968,0.484126984126984,0,6,-1,"ok","-"
"local_interior_d3","local_interior",3,45,108646,"iForest",0,0.947089947089947,0.473544973544974,0,10,-1,"ok","-"
"local_interior_d3","local_interior",3,46,108647,"U-MCCD",0,1,0.5,0,0,-1,"ok","-"
"local_interior_d3","local_interior",3,46,108647,"SU-MCCD",0,1,0.5,0,0,-1,"ok","-"
"local_interior_d3","local_interior",3,46,108647,"UN-MCCD",0,1,0.5,0,0,-1,"ok","-"
"local_interior_d3","local_interior",3,46,108647,"SUN-MCCD",0,1,0.5,0,0,-1,"ok","-"
"local_interior_d3","local_interior",3,46,108647,"LOF",0,1,0.5,0,0,-1,"ok","-"
"local_interior_d3","local_interior",3,46,108647,"DBSCAN",0,0.994708994708995,0.497354497354497,0,1,-1,"ok","-"
"local_interior_d3","local_interior",3,46,108647,"MST",0.1,0.587301587301587,0.343650793650794,0.0420168067226891,79,-1,"ok","-"
"local_interior_d3","local_interior",3,46,108647,"ODIN",0,0.973544973544973,0.486772486772487,0,5,-1,"ok","-"
"local_interior_d3","local_interior",3,46,108647,"iForest",0,0.936507936507937,0.468253968253968,0,12,-1,"ok","-"
"local_interior_d3","local_interior",3,47,108648,"U-MCCD",0,1,0.5,0,0,-1,"ok","-"
"local_interior_d3","local_interior",3,47,108648,"SU-MCCD",0,1,0.5,0,0,-1,"ok","-"
"local_interior_d3","local_interior",3,47,108648,"UN-MCCD",0,1,0.5,0,0,-1,"ok","-"
"local_interior_d3","local_interior",3,47,108648,"SUN-MCCD",0,0.994708994708995,0.497354497354497,0,1,-1,"ok","-"
"local_interior_d3","local_interior",3,47,108648,"LOF",0,1,0.5,0,0,-1,"ok","-"
"local_interior_d3","local_interior",3,47,108648,"DBSCAN",0,1,0.5,0,0,-1,"ok","-"
"local_interior_d3","local_interior",3,47,108648,"MST",0.6,0.735449735449735,0.667724867724868,0.3125,56,-1,"ok","-"
"local_interior_d3","local_interior",3,47,108648,"ODIN",0,0.973544973544973,0.486772486772487,0,5,-1,"ok","-"
"local_interior_d3","local_interior",3,47,108648,"iForest",0,0.915343915343915,0.457671957671958,0,16,-1,"ok","-"
"local_interior_d3","local_interior",3,48,108649,"U-MCCD",0,0.994708994708995,0.497354497354497,0,1,-1,"ok","-"
"local_interior_d3","local_interior",3,48,108649,"SU-MCCD",0,1,0.5,0,0,-1,"ok","-"
"local_interior_d3","local_interior",3,48,108649,"UN-MCCD",0,0.957671957671958,0.478835978835979,0,8,-1,"ok","-"
"local_interior_d3","local_interior",3,48,108649,"SUN-MCCD",0,0.962962962962963,0.481481481481481,0,7,-1,"ok","-"
"local_interior_d3","local_interior",3,48,108649,"LOF",0,1,0.5,0,0,-1,"ok","-"
"local_interior_d3","local_interior",3,48,108649,"DBSCAN",0,0.978835978835979,0.489417989417989,0,4,-1,"ok","-"
"local_interior_d3","local_interior",3,48,108649,"MST",1,0.597883597883598,0.798941798941799,0.396825396825397,86,-1,"ok","-"
"local_interior_d3","local_interior",3,48,108649,"ODIN",0,0.968253968253968,0.484126984126984,0,6,-1,"ok","-"
"local_interior_d3","local_interior",3,48,108649,"iForest",0,0.925925925925926,0.462962962962963,0,14,-1,"ok","-"
"local_interior_d3","local_interior",3,49,108650,"U-MCCD",0,1,0.5,0,0,-1,"ok","-"
"local_interior_d3","local_interior",3,49,108650,"SU-MCCD",0,1,0.5,0,0,-1,"ok","-"
"local_interior_d3","local_interior",3,49,108650,"UN-MCCD",0,1,0.5,0,0,-1,"ok","-"
"local_interior_d3","local_interior",3,49,108650,"SUN-MCCD",0,1,0.5,0,0,-1,"ok","-"
"local_interior_d3","local_interior",3,49,108650,"LOF",0,1,0.5,0,0,-1,"ok","-"
"local_interior_d3","local_interior",3,49,108650,"DBSCAN",0,1,0.5,0,0,-1,"ok","-"
"local_interior_d3","local_interior",3,49,108650,"MST",0.6,0.650793650793651,0.625396825396825,0.267857142857143,72,-1,"ok","-"
"local_interior_d3","local_interior",3,49,108650,"ODIN",0,0.989417989417989,0.494708994708995,0,2,-1,"ok","-"
"local_interior_d3","local_interior",3,49,108650,"iForest",0,0.941798941798942,0.470899470899471,0,11,-1,"ok","-"
"local_interior_d3","local_interior",3,50,108651,"U-MCCD",0,1,0.5,0,0,-1,"ok","-"
"local_interior_d3","local_interior",3,50,108651,"SU-MCCD",0,1,0.5,0,0,-1,"ok","-"
"local_interior_d3","local_interior",3,50,108651,"UN-MCCD",0,1,0.5,0,0,-1,"ok","-"
"local_interior_d3","local_interior",3,50,108651,"SUN-MCCD",0,1,0.5,0,0,-1,"ok","-"
"local_interior_d3","local_interior",3,50,108651,"LOF",0,1,0.5,0,0,-1,"ok","-"
"local_interior_d3","local_interior",3,50,108651,"DBSCAN",0,0.994708994708995,0.497354497354497,0,1,-1,"ok","-"
"local_interior_d3","local_interior",3,50,108651,"MST",0.7,0.714285714285714,0.707142857142857,0.346534653465347,61,-1,"ok","-"
"local_interior_d3","local_interior",3,50,108651,"ODIN",0,0.984126984126984,0.492063492063492,0,3,-1,"ok","-"
"local_interior_d3","local_interior",3,50,108651,"iForest",0,0.962962962962963,0.481481481481481,0,7,-1,"ok","-"
"local_interior_d3","local_interior",3,51,108652,"U-MCCD",0,1,0.5,0,0,-1,"ok","-"
"local_interior_d3","local_interior",3,51,108652,"SU-MCCD",0,1,0.5,0,0,-1,"ok","-"
"local_interior_d3","local_interior",3,51,108652,"UN-MCCD",0,1,0.5,0,0,-1,"ok","-"
"local_interior_d3","local_interior",3,51,108652,"SUN-MCCD",0,1,0.5,0,0,-1,"ok","-"
"local_interior_d3","local_interior",3,51,108652,"LOF",0,1,0.5,0,0,-1,"ok","-"
"local_interior_d3","local_interior",3,51,108652,"DBSCAN",0,1,0.5,0,0,-1,"ok","-"
"local_interior_d3","local_interior",3,51,108652,"MST",0.4,0.645502645502645,0.522751322751323,0.18018018018018,71,-1,"ok","-"
"local_interior_d3","local_interior",3,51,108652,"ODIN",0,0.973544973544973,0.486772486772487,0,5,-1,"ok","-"
"local_interior_d3","local_interior",3,51,108652,"iForest",0,0.957671957671958,0.478835978835979,0,8,-1,"ok","-"
"local_interior_d3","local_interior",3,52,108653,"U-MCCD",0,0.994708994708995,0.497354497354497,0,1,-1,"ok","-"
"local_interior_d3","local_interior",3,52,108653,"SU-MCCD",0,1,0.5,0,0,-1,"ok","-"
"local_interior_d3","local_interior",3,52,108653,"UN-MCCD",0,1,0.5,0,0,-1,"ok","-"
"local_interior_d3","local_interior",3,52,108653,"SUN-MCCD",0,1,0.5,0,0,-1,"ok","-"
"local_interior_d3","local_interior",3,52,108653,"LOF",0,1,0.5,0,0,-1,"ok","-"
"local_interior_d3","local_interior",3,52,108653,"DBSCAN",0,1,0.5,0,0,-1,"ok","-"
"local_interior_d3","local_interior",3,52,108653,"MST",0.5,0.666666666666667,0.583333333333333,0.231481481481481,68,-1,"ok","-"
"local_interior_d3","local_interior",3,52,108653,"ODIN",0,0.984126984126984,0.492063492063492,0,3,-1,"ok","-"
"local_interior_d3","local_interior",3,52,108653,"iForest",0,0.947089947089947,0.473544973544974,0,10,-1,"ok","-"
"local_interior_d3","local_interior",3,53,108654,"U-MCCD",0,1,0.5,0,0,-1,"ok","-"
"local_interior_d3","local_interior",3,53,108654,"SU-MCCD",0,1,0.5,0,0,-1,"ok","-"
"local_interior_d3","local_interior",3,53,108654,"UN-MCCD",0,1,0.5,0,0,-1,"ok","-"
"local_interior_d3","local_interior",3,53,108654,"SUN-MCCD",0,1,0.5,0,0,-1,"ok","-"
"local_interior_d3","local_interior",3,53,108654,"LOF",0,1,0.5,0,0,-1,"ok","-"
"local_interior_d3","local_interior",3,53,108654,"DBSCAN",0,1,0.5,0,0,-1,"ok","-"
"local_interior_d3","local_interior",3,53,108654,"MST",0.7,0.671957671957672,0.685978835978836,0.321100917431193,69,-1,"ok","-"
"local_interior_d3","local_interior",3,53,108654,"ODIN",0,0.973544973544973,0.486772486772487,0,5,-1,"ok","-"
"local_interior_d3","local_interior",3,53,108654,"iForest",0,0.957671957671958,0.478835978835979,0,8,-1,"ok","-"
"local_interior_d3","local_interior",3,54,108655,"U-MCCD",0,1,0.5,0,0,-1,"ok","-"
"local_interior_d3","local_interior",3,54,108655,"SU-MCCD",0,1,0.5,0,0,-1,"ok","-"
"local_interior_d3","local_interior",3,54,108655,"UN-MCCD",0,1,0.5,0,0,-1,"ok","-"
"local_interior_d3","local_interior",3,54,108655,"SUN-MCCD",0,1,0.5,0,0,-1,"ok","-"
"local_interior_d3","local_interior",3,54,108655,"LOF",0,1,0.5,0,0,-1,"ok","-"
"local_interior_d3","local_interior",3,54,108655,"DBSCAN",0,1,0.5,0,0,-1,"ok","-"
"local_interior_d3","local_interior",3,54,108655,"MST",0.5,0.650793650793651,0.575396825396825,0.225225225225225,71,-1,"ok","-"
"local_interior_d3","local_interior",3,54,108655,"ODIN",0,0.994708994708995,0.497354497354497,0,1,-1,"ok","-"
"local_interior_d3","local_interior",3,54,108655,"iForest",0,0.941798941798942,0.470899470899471,0,11,-1,"ok","-"
"local_interior_d3","local_interior",3,55,108656,"U-MCCD",0,1,0.5,0,0,-1,"ok","-"
"local_interior_d3","local_interior",3,55,108656,"SU-MCCD",0,1,0.5,0,0,-1,"ok","-"
"local_interior_d3","local_interior",3,55,108656,"UN-MCCD",0,1,0.5,0,0,-1,"ok","-"
"local_interior_d3","local_interior",3,55,108656,"SUN-MCCD",0,1,0.5,0,0,-1,"ok","-"
"local_interior_d3","local_interior",3,55,108656,"LOF",0,1,0.5,0,0,-1,"ok","-"
"local_interior_d3","local_interior",3,55,108656,"DBSCAN",0,0.994708994708995,0.497354497354497,0,1,-1,"ok","-"
"local_interior_d3","local_interior",3,55,108656,"MST",0.9,0.523809523809524,0.711904761904762,0.323741007194245,99,-1,"ok","-"
"local_interior_d3","local_interior",3,55,108656,"ODIN",0,0.978835978835979,0.489417989417989,0,4,-1,"ok","-"
"local_interior_d3","local_interior",3,55,108656,"iForest",0,0.968253968253968,0.484126984126984,0,6,-1,"ok","-"
"local_interior_d3","local_interior",3,56,108657,"U-MCCD",0,1,0.5,0,0,-1,"ok","-"
"local_interior_d3","local_interior",3,56,108657,"SU-MCCD",0,1,0.5,0,0,-1,"ok","-"
"local_interior_d3","local_interior",3,56,108657,"UN-MCCD",0,1,0.5,0,0,-1,"ok","-"
"local_interior_d3","local_interior",3,56,108657,"SUN-MCCD",0,1,0.5,0,0,-1,"ok","-"
"local_interior_d3","local_interior",3,56,108657,"LOF",0,1,0.5,0,0,-1,"ok","-"
"local_interior_d3","local_interior",3,56,108657,"DBSCAN",0,1,0.5,0,0,-1,"ok","-"
"local_interior_d3","local_interior",3,56,108657,"MST",0.1,0.53968253968254,0.31984126984127,0.0390625,88,-1,"ok","-"
"local_interior_d3","local_interior",3,56,108657,"ODIN",0,0.952380952380952,0.476190476190476,0,9,-1,"ok","-"
"local_interior_d3","local_interior",3,56,108657,"iForest",0,0.957671957671958,0.478835978835979,0,8,-1,"ok","-"
"local_interior_d3","local_interior",3,57,108658,"U-MCCD",0,0.994708994708995,0.497354497354497,0,1,-1,"ok","-"
"local_interior_d3","local_interior",3,57,108658,"SU-MCCD",0,1,0.5,0,0,-1,"ok","-"
"local_interior_d3","local_interior",3,57,108658,"UN-MCCD",0,0.994708994708995,0.497354497354497,0,1,-1,"ok","-"
"local_interior_d3","local_interior",3,57,108658,"SUN-MCCD",0,0.994708994708995,0.497354497354497,0,1,-1,"ok","-"
"local_interior_d3","local_interior",3,57,108658,"LOF",0,1,0.5,0,0,-1,"ok","-"
"local_interior_d3","local_interior",3,57,108658,"DBSCAN",0,0.989417989417989,0.494708994708995,0,2,-1,"ok","-"
"local_interior_d3","local_interior",3,57,108658,"MST",0.5,0.661375661375661,0.580687830687831,0.229357798165138,69,-1,"ok","-"
"local_interior_d3","local_interior",3,57,108658,"ODIN",0,0.978835978835979,0.489417989417989,0,4,-1,"ok","-"
"local_interior_d3","local_interior",3,57,108658,"iForest",0,0.968253968253968,0.484126984126984,0,6,-1,"ok","-"
"local_interior_d3","local_interior",3,58,108659,"U-MCCD",0,0.989417989417989,0.494708994708995,0,2,-1,"ok","-"
"local_interior_d3","local_interior",3,58,108659,"SU-MCCD",0,1,0.5,0,0,-1,"ok","-"
"local_interior_d3","local_interior",3,58,108659,"UN-MCCD",0,0.994708994708995,0.497354497354497,0,1,-1,"ok","-"
"local_interior_d3","local_interior",3,58,108659,"SUN-MCCD",0,1,0.5,0,0,-1,"ok","-"
"local_interior_d3","local_interior",3,58,108659,"LOF",0,1,0.5,0,0,-1,"ok","-"
"local_interior_d3","local_interior",3,58,108659,"DBSCAN",0,0.994708994708995,0.497354497354497,0,1,-1,"ok","-"
"local_interior_d3","local_interior",3,58,108659,"MST",0.4,0.603174603174603,0.501587301587302,0.168067226890756,79,-1,"ok","-"
"local_interior_d3","local_interior",3,58,108659,"ODIN",0,0.952380952380952,0.476190476190476,0,9,-1,"ok","-"
"local_interior_d3","local_interior",3,58,108659,"iForest",0,0.936507936507937,0.468253968253968,0,12,-1,"ok","-"
"local_interior_d3","local_interior",3,59,108660,"U-MCCD",0,1,0.5,0,0,-1,"ok","-"
"local_interior_d3","local_interior",3,59,108660,"SU-MCCD",0,1,0.5,0,0,-1,"ok","-"
"local_interior_d3","local_interior",3,59,108660,"UN-MCCD",0,1,0.5,0,0,-1,"ok","-"
"local_interior_d3","local_interior",3,59,108660,"SUN-MCCD",0,1,0.5,0,0,-1,"ok","-"
"local_interior_d3","local_interior",3,59,108660,"LOF",0,1,0.5,0,0,-1,"ok","-"
"local_interior_d3","local_interior",3,59,108660,"DBSCAN",0,0.994708994708995,0.497354497354497,0,1,-1,"ok","-"
"local_interior_d3","local_interior",3,59,108660,"MST",0.3,0.613756613756614,0.456878306878307,0.129310344827586,76,-1,"ok","-"
"local_interior_d3","local_interior",3,59,108660,"ODIN",0,0.984126984126984,0.492063492063492,0,3,-1,"ok","-"
"local_interior_d3","local_interior",3,59,108660,"iForest",0,0.941798941798942,0.470899470899471,0,11,-1,"ok","-"
"local_interior_d3","local_interior",3,60,108661,"U-MCCD",0,1,0.5,0,0,-1,"ok","-"
"local_interior_d3","local_interior",3,60,108661,"SU-MCCD",0,1,0.5,0,0,-1,"ok","-"
"local_interior_d3","local_interior",3,60,108661,"UN-MCCD",0,1,0.5,0,0,-1,"ok","-"
"local_interior_d3","local_interior",3,60,108661,"SUN-MCCD",0,1,0.5,0,0,-1,"ok","-"
"local_interior_d3","local_interior",3,60,108661,"LOF",0,1,0.5,0,0,-1,"ok","-"
"local_interior_d3","local_interior",3,60,108661,"DBSCAN",0,1,0.5,0,0,-1,"ok","-"
"local_interior_d3","local_interior",3,60,108661,"MST",0.5,0.62962962962963,0.564814814814815,0.217391304347826,75,-1,"ok","-"
"local_interior_d3","local_interior",3,60,108661,"ODIN",0,0.973544973544973,0.486772486772487,0,5,-1,"ok","-"
"local_interior_d3","local_interior",3,60,108661,"iForest",0,0.941798941798942,0.470899470899471,0,11,-1,"ok","-"
"local_interior_d3","local_interior",3,61,108662,"U-MCCD",0,0.984126984126984,0.492063492063492,0,3,-1,"ok","-"
"local_interior_d3","local_interior",3,61,108662,"SU-MCCD",0,1,0.5,0,0,-1,"ok","-"
"local_interior_d3","local_interior",3,61,108662,"UN-MCCD",0,1,0.5,0,0,-1,"ok","-"
"local_interior_d3","local_interior",3,61,108662,"SUN-MCCD",0,1,0.5,0,0,-1,"ok","-"
"local_interior_d3","local_interior",3,61,108662,"LOF",0,1,0.5,0,0,-1,"ok","-"
"local_interior_d3","local_interior",3,61,108662,"DBSCAN",0,1,0.5,0,0,-1,"ok","-"
"local_interior_d3","local_interior",3,61,108662,"MST",0.7,0.534391534391534,0.617195767195767,0.259259259259259,95,-1,"ok","-"
"local_interior_d3","local_interior",3,61,108662,"ODIN",0,0.962962962962963,0.481481481481481,0,7,-1,"ok","-"
"local_interior_d3","local_interior",3,61,108662,"iForest",0,0.952380952380952,0.476190476190476,0,9,-1,"ok","-"
"local_interior_d3","local_interior",3,62,108663,"U-MCCD",0,1,0.5,0,0,-1,"ok","-"
"local_interior_d3","local_interior",3,62,108663,"SU-MCCD",0,1,0.5,0,0,-1,"ok","-"
"local_interior_d3","local_interior",3,62,108663,"UN-MCCD",0,1,0.5,0,0,-1,"ok","-"
"local_interior_d3","local_interior",3,62,108663,"SUN-MCCD",0,1,0.5,0,0,-1,"ok","-"
"local_interior_d3","local_interior",3,62,108663,"LOF",0,1,0.5,0,0,-1,"ok","-"
"local_interior_d3","local_interior",3,62,108663,"DBSCAN",0,1,0.5,0,0,-1,"ok","-"
"local_interior_d3","local_interior",3,62,108663,"MST",0.5,0.64021164021164,0.57010582010582,0.221238938053097,73,-1,"ok","-"
"local_interior_d3","local_interior",3,62,108663,"ODIN",0,0.978835978835979,0.489417989417989,0,4,-1,"ok","-"
"local_interior_d3","local_interior",3,62,108663,"iForest",0,0.968253968253968,0.484126984126984,0,6,-1,"ok","-"
"local_interior_d3","local_interior",3,63,108664,"U-MCCD",0,0.978835978835979,0.489417989417989,0,4,-1,"ok","-"
"local_interior_d3","local_interior",3,63,108664,"SU-MCCD",0,0.994708994708995,0.497354497354497,0,1,-1,"ok","-"
"local_interior_d3","local_interior",3,63,108664,"UN-MCCD",0,0.978835978835979,0.489417989417989,0,4,-1,"ok","-"
"local_interior_d3","local_interior",3,63,108664,"SUN-MCCD",0,0.994708994708995,0.497354497354497,0,1,-1,"ok","-"
"local_interior_d3","local_interior",3,63,108664,"LOF",0,1,0.5,0,0,-1,"ok","-"
"local_interior_d3","local_interior",3,63,108664,"DBSCAN",0,1,0.5,0,0,-1,"ok","-"
"local_interior_d3","local_interior",3,63,108664,"MST",0.5,0.513227513227513,0.506613756613757,0.182481751824818,97,-1,"ok","-"
"local_interior_d3","local_interior",3,63,108664,"ODIN",0,0.984126984126984,0.492063492063492,0,3,-1,"ok","-"
"local_interior_d3","local_interior",3,63,108664,"iForest",0,0.957671957671958,0.478835978835979,0,8,-1,"ok","-"
"local_interior_d3","local_interior",3,64,108665,"U-MCCD",0,0.984126984126984,0.492063492063492,0,3,-1,"ok","-"
"local_interior_d3","local_interior",3,64,108665,"SU-MCCD",0,1,0.5,0,0,-1,"ok","-"
"local_interior_d3","local_interior",3,64,108665,"UN-MCCD",0,0.994708994708995,0.497354497354497,0,1,-1,"ok","-"
"local_interior_d3","local_interior",3,64,108665,"SUN-MCCD",0,1,0.5,0,0,-1,"ok","-"
"local_interior_d3","local_interior",3,64,108665,"LOF",0,1,0.5,0,0,-1,"ok","-"
"local_interior_d3","local_interior",3,64,108665,"DBSCAN",0,0.994708994708995,0.497354497354497,0,1,-1,"ok","-"
"local_interior_d3","local_interior",3,64,108665,"MST",0.7,0.661375661375661,0.680687830687831,0.315315315315315,71,-1,"ok","-"
"local_interior_d3","local_interior",3,64,108665,"ODIN",0,0.962962962962963,0.481481481481481,0,7,-1,"ok","-"
"local_interior_d3","local_interior",3,64,108665,"iForest",0,0.936507936507937,0.468253968253968,0,12,-1,"ok","-"
"local_interior_d3","local_interior",3,65,108666,"U-MCCD",0,1,0.5,0,0,-1,"ok","-"
"local_interior_d3","local_interior",3,65,108666,"SU-MCCD",0,1,0.5,0,0,-1,"ok","-"
"local_interior_d3","local_interior",3,65,108666,"UN-MCCD",0,1,0.5,0,0,-1,"ok","-"
"local_interior_d3","local_interior",3,65,108666,"SUN-MCCD",0,1,0.5,0,0,-1,"ok","-"
"local_interior_d3","local_interior",3,65,108666,"LOF",0,1,0.5,0,0,-1,"ok","-"
"local_interior_d3","local_interior",3,65,108666,"DBSCAN",0,1,0.5,0,0,-1,"ok","-"
"local_interior_d3","local_interior",3,65,108666,"MST",0.5,0.587301587301587,0.543650793650794,0.203252032520325,83,-1,"ok","-"
"local_interior_d3","local_interior",3,65,108666,"ODIN",0,0.962962962962963,0.481481481481481,0,7,-1,"ok","-"
"local_interior_d3","local_interior",3,65,108666,"iForest",0,0.947089947089947,0.473544973544974,0,10,-1,"ok","-"
"local_interior_d3","local_interior",3,66,108667,"U-MCCD",0,0.994708994708995,0.497354497354497,0,1,-1,"ok","-"
"local_interior_d3","local_interior",3,66,108667,"SU-MCCD",0,1,0.5,0,0,-1,"ok","-"
"local_interior_d3","local_interior",3,66,108667,"UN-MCCD",0,0.994708994708995,0.497354497354497,0,1,-1,"ok","-"
"local_interior_d3","local_interior",3,66,108667,"SUN-MCCD",0,1,0.5,0,0,-1,"ok","-"
"local_interior_d3","local_interior",3,66,108667,"LOF",0,1,0.5,0,0,-1,"ok","-"
"local_interior_d3","local_interior",3,66,108667,"DBSCAN",0,1,0.5,0,0,-1,"ok","-"
"local_interior_d3","local_interior",3,66,108667,"MST",0,0.55026455026455,0.275132275132275,0,85,-1,"ok","-"
"local_interior_d3","local_interior",3,66,108667,"ODIN",0,0.984126984126984,0.492063492063492,0,3,-1,"ok","-"
"local_interior_d3","local_interior",3,66,108667,"iForest",0,0.925925925925926,0.462962962962963,0,14,-1,"ok","-"
"local_interior_d3","local_interior",3,67,108668,"U-MCCD",0,0.994708994708995,0.497354497354497,0,1,-1,"ok","-"
"local_interior_d3","local_interior",3,67,108668,"SU-MCCD",0,1,0.5,0,0,-1,"ok","-"
"local_interior_d3","local_interior",3,67,108668,"UN-MCCD",0,1,0.5,0,0,-1,"ok","-"
"local_interior_d3","local_interior",3,67,108668,"SUN-MCCD",0,1,0.5,0,0,-1,"ok","-"
"local_interior_d3","local_interior",3,67,108668,"LOF",0,1,0.5,0,0,-1,"ok","-"
"local_interior_d3","local_interior",3,67,108668,"DBSCAN",0,1,0.5,0,0,-1,"ok","-"
"local_interior_d3","local_interior",3,67,108668,"MST",0.6,0.555555555555556,0.577777777777778,0.230769230769231,90,-1,"ok","-"
"local_interior_d3","local_interior",3,67,108668,"ODIN",0,0.989417989417989,0.494708994708995,0,2,-1,"ok","-"
"local_interior_d3","local_interior",3,67,108668,"iForest",0,0.962962962962963,0.481481481481481,0,7,-1,"ok","-"
"local_interior_d3","local_interior",3,68,108669,"U-MCCD",0,1,0.5,0,0,-1,"ok","-"
"local_interior_d3","local_interior",3,68,108669,"SU-MCCD",0,1,0.5,0,0,-1,"ok","-"
"local_interior_d3","local_interior",3,68,108669,"UN-MCCD",0,0.989417989417989,0.494708994708995,0,2,-1,"ok","-"
"local_interior_d3","local_interior",3,68,108669,"SUN-MCCD",0,1,0.5,0,0,-1,"ok","-"
"local_interior_d3","local_interior",3,68,108669,"LOF",0,1,0.5,0,0,-1,"ok","-"
"local_interior_d3","local_interior",3,68,108669,"DBSCAN",0,1,0.5,0,0,-1,"ok","-"
"local_interior_d3","local_interior",3,68,108669,"MST",0.6,0.656084656084656,0.628042328042328,0.27027027027027,71,-1,"ok","-"
"local_interior_d3","local_interior",3,68,108669,"ODIN",0,0.968253968253968,0.484126984126984,0,6,-1,"ok","-"
"local_interior_d3","local_interior",3,68,108669,"iForest",0,0.957671957671958,0.478835978835979,0,8,-1,"ok","-"
"local_interior_d3","local_interior",3,69,108670,"U-MCCD",0,1,0.5,0,0,-1,"ok","-"
"local_interior_d3","local_interior",3,69,108670,"SU-MCCD",0,1,0.5,0,0,-1,"ok","-"
"local_interior_d3","local_interior",3,69,108670,"UN-MCCD",0,1,0.5,0,0,-1,"ok","-"
"local_interior_d3","local_interior",3,69,108670,"SUN-MCCD",0,1,0.5,0,0,-1,"ok","-"
"local_interior_d3","local_interior",3,69,108670,"LOF",0,1,0.5,0,0,-1,"ok","-"
"local_interior_d3","local_interior",3,69,108670,"DBSCAN",0,1,0.5,0,0,-1,"ok","-"
"local_interior_d3","local_interior",3,69,108670,"MST",0,0.571428571428571,0.285714285714286,0,81,-1,"ok","-"
"local_interior_d3","local_interior",3,69,108670,"ODIN",0,0.952380952380952,0.476190476190476,0,9,-1,"ok","-"
"local_interior_d3","local_interior",3,69,108670,"iForest",0,0.947089947089947,0.473544973544974,0,10,-1,"ok","-"
"local_interior_d3","local_interior",3,70,108671,"U-MCCD",0,1,0.5,0,0,-1,"ok","-"
"local_interior_d3","local_interior",3,70,108671,"SU-MCCD",0,1,0.5,0,0,-1,"ok","-"
"local_interior_d3","local_interior",3,70,108671,"UN-MCCD",0,1,0.5,0,0,-1,"ok","-"
"local_interior_d3","local_interior",3,70,108671,"SUN-MCCD",0,1,0.5,0,0,-1,"ok","-"
"local_interior_d3","local_interior",3,70,108671,"LOF",0,1,0.5,0,0,-1,"ok","-"
"local_interior_d3","local_interior",3,70,108671,"DBSCAN",0,1,0.5,0,0,-1,"ok","-"
"local_interior_d3","local_interior",3,70,108671,"MST",0.5,0.523809523809524,0.511904761904762,0.185185185185185,95,-1,"ok","-"
"local_interior_d3","local_interior",3,70,108671,"ODIN",0,0.962962962962963,0.481481481481481,0,7,-1,"ok","-"
"local_interior_d3","local_interior",3,70,108671,"iForest",0,0.941798941798942,0.470899470899471,0,11,-1,"ok","-"
"local_interior_d3","local_interior",3,71,108672,"U-MCCD",0,1,0.5,0,0,-1,"ok","-"
"local_interior_d3","local_interior",3,71,108672,"SU-MCCD",0,1,0.5,0,0,-1,"ok","-"
"local_interior_d3","local_interior",3,71,108672,"UN-MCCD",0,1,0.5,0,0,-1,"ok","-"
"local_interior_d3","local_interior",3,71,108672,"SUN-MCCD",0,1,0.5,0,0,-1,"ok","-"
"local_interior_d3","local_interior",3,71,108672,"LOF",0,1,0.5,0,0,-1,"ok","-"
"local_interior_d3","local_interior",3,71,108672,"DBSCAN",0,1,0.5,0,0,-1,"ok","-"
"local_interior_d3","local_interior",3,71,108672,"MST",0.8,0.534391534391534,0.667195767195767,0.294117647058824,96,-1,"ok","-"
"local_interior_d3","local_interior",3,71,108672,"ODIN",0,0.968253968253968,0.484126984126984,0,6,-1,"ok","-"
"local_interior_d3","local_interior",3,71,108672,"iForest",0,0.952380952380952,0.476190476190476,0,9,-1,"ok","-"
"local_interior_d3","local_interior",3,72,108673,"U-MCCD",0,1,0.5,0,0,-1,"ok","-"
"local_interior_d3","local_interior",3,72,108673,"SU-MCCD",0,1,0.5,0,0,-1,"ok","-"
"local_interior_d3","local_interior",3,72,108673,"UN-MCCD",0,1,0.5,0,0,-1,"ok","-"
"local_interior_d3","local_interior",3,72,108673,"SUN-MCCD",0,1,0.5,0,0,-1,"ok","-"
"local_interior_d3","local_interior",3,72,108673,"LOF",0,1,0.5,0,0,-1,"ok","-"
"local_interior_d3","local_interior",3,72,108673,"DBSCAN",0,1,0.5,0,0,-1,"ok","-"
"local_interior_d3","local_interior",3,72,108673,"MST",0.3,0.71957671957672,0.50978835978836,0.15625,56,-1,"ok","-"
"local_interior_d3","local_interior",3,72,108673,"ODIN",0,0.984126984126984,0.492063492063492,0,3,-1,"ok","-"
"local_interior_d3","local_interior",3,72,108673,"iForest",0,0.947089947089947,0.473544973544974,0,10,-1,"ok","-"
"local_interior_d3","local_interior",3,73,108674,"U-MCCD",0,0.984126984126984,0.492063492063492,0,3,-1,"ok","-"
"local_interior_d3","local_interior",3,73,108674,"SU-MCCD",0,1,0.5,0,0,-1,"ok","-"
"local_interior_d3","local_interior",3,73,108674,"UN-MCCD",0,0.968253968253968,0.484126984126984,0,6,-1,"ok","-"
"local_interior_d3","local_interior",3,73,108674,"SUN-MCCD",0,1,0.5,0,0,-1,"ok","-"
"local_interior_d3","local_interior",3,73,108674,"LOF",0,1,0.5,0,0,-1,"ok","-"
"local_interior_d3","local_interior",3,73,108674,"DBSCAN",0,1,0.5,0,0,-1,"ok","-"
"local_interior_d3","local_interior",3,73,108674,"MST",0.6,0.693121693121693,0.646560846560847,0.288461538461538,64,-1,"ok","-"
"local_interior_d3","local_interior",3,73,108674,"ODIN",0,0.968253968253968,0.484126984126984,0,6,-1,"ok","-"
"local_interior_d3","local_interior",3,73,108674,"iForest",0,0.947089947089947,0.473544973544974,0,10,-1,"ok","-"
"local_interior_d3","local_interior",3,74,108675,"U-MCCD",0,1,0.5,0,0,-1,"ok","-"
"local_interior_d3","local_interior",3,74,108675,"SU-MCCD",0,1,0.5,0,0,-1,"ok","-"
"local_interior_d3","local_interior",3,74,108675,"UN-MCCD",0,0.989417989417989,0.494708994708995,0,2,-1,"ok","-"
"local_interior_d3","local_interior",3,74,108675,"SUN-MCCD",0,1,0.5,0,0,-1,"ok","-"
"local_interior_d3","local_interior",3,74,108675,"LOF",0,1,0.5,0,0,-1,"ok","-"
"local_interior_d3","local_interior",3,74,108675,"DBSCAN",0,1,0.5,0,0,-1,"ok","-"
"local_interior_d3","local_interior",3,74,108675,"MST",0,0.597883597883598,0.298941798941799,0,76,-1,"ok","-"
"local_interior_d3","local_interior",3,74,108675,"ODIN",0,0.973544973544973,0.486772486772487,0,5,-1,"ok","-"
"local_interior_d3","local_interior",3,74,108675,"iForest",0,0.925925925925926,0.462962962962963,0,14,-1,"ok","-"
"local_interior_d3","local_interior",3,75,108676,"U-MCCD",0,0.989417989417989,0.494708994708995,0,2,-1,"ok","-"
"local_interior_d3","local_interior",3,75,108676,"SU-MCCD",0,1,0.5,0,0,-1,"ok","-"
"local_interior_d3","local_interior",3,75,108676,"UN-MCCD",0,0.984126984126984,0.492063492063492,0,3,-1,"ok","-"
"local_interior_d3","local_interior",3,75,108676,"SUN-MCCD",0,1,0.5,0,0,-1,"ok","-"
"local_interior_d3","local_interior",3,75,108676,"LOF",0,1,0.5,0,0,-1,"ok","-"
"local_interior_d3","local_interior",3,75,108676,"DBSCAN",0,1,0.5,0,0,-1,"ok","-"
"local_interior_d3","local_interior",3,75,108676,"MST",0.3,0.693121693121693,0.496560846560847,0.148514851485149,61,-1,"ok","-"
"local_interior_d3","local_interior",3,75,108676,"ODIN",0,0.984126984126984,0.492063492063492,0,3,-1,"ok","-"
"local_interior_d3","local_interior",3,75,108676,"iForest",0,0.952380952380952,0.476190476190476,0,9,-1,"ok","-"
"local_interior_d3","local_interior",3,76,108677,"U-MCCD",0,1,0.5,0,0,-1,"ok","-"
"local_interior_d3","local_interior",3,76,108677,"SU-MCCD",0,1,0.5,0,0,-1,"ok","-"
"local_interior_d3","local_interior",3,76,108677,"UN-MCCD",0,1,0.5,0,0,-1,"ok","-"
"local_interior_d3","local_interior",3,76,108677,"SUN-MCCD",0,1,0.5,0,0,-1,"ok","-"
"local_interior_d3","local_interior",3,76,108677,"LOF",0,1,0.5,0,0,-1,"ok","-"
"local_interior_d3","local_interior",3,76,108677,"DBSCAN",0,1,0.5,0,0,-1,"ok","-"
"local_interior_d3","local_interior",3,76,108677,"MST",0.6,0.613756613756614,0.606878306878307,0.252100840336134,79,-1,"ok","-"
"local_interior_d3","local_interior",3,76,108677,"ODIN",0,0.978835978835979,0.489417989417989,0,4,-1,"ok","-"
"local_interior_d3","local_interior",3,76,108677,"iForest",0,0.936507936507937,0.468253968253968,0,12,-1,"ok","-"
"local_interior_d3","local_interior",3,77,108678,"U-MCCD",0,1,0.5,0,0,-1,"ok","-"
"local_interior_d3","local_interior",3,77,108678,"SU-MCCD",0,1,0.5,0,0,-1,"ok","-"
"local_interior_d3","local_interior",3,77,108678,"UN-MCCD",0,1,0.5,0,0,-1,"ok","-"
"local_interior_d3","local_interior",3,77,108678,"SUN-MCCD",0,1,0.5,0,0,-1,"ok","-"
"local_interior_d3","local_interior",3,77,108678,"LOF",0,1,0.5,0,0,-1,"ok","-"
"local_interior_d3","local_interior",3,77,108678,"DBSCAN",0,1,0.5,0,0,-1,"ok","-"
"local_interior_d3","local_interior",3,77,108678,"MST",0.8,0.624338624338624,0.712169312169312,0.336134453781513,79,-1,"ok","-"
"local_interior_d3","local_interior",3,77,108678,"ODIN",0,0.984126984126984,0.492063492063492,0,3,-1,"ok","-"
"local_interior_d3","local_interior",3,77,108678,"iForest",0,0.962962962962963,0.481481481481481,0,7,-1,"ok","-"
"local_interior_d3","local_interior",3,78,108679,"U-MCCD",0,0.994708994708995,0.497354497354497,0,1,-1,"ok","-"
"local_interior_d3","local_interior",3,78,108679,"SU-MCCD",0,1,0.5,0,0,-1,"ok","-"
"local_interior_d3","local_interior",3,78,108679,"UN-MCCD",0,0.984126984126984,0.492063492063492,0,3,-1,"ok","-"
"local_interior_d3","local_interior",3,78,108679,"SUN-MCCD",0,1,0.5,0,0,-1,"ok","-"
"local_interior_d3","local_interior",3,78,108679,"LOF",0,1,0.5,0,0,-1,"ok","-"
"local_interior_d3","local_interior",3,78,108679,"DBSCAN",0,1,0.5,0,0,-1,"ok","-"
"local_interior_d3","local_interior",3,78,108679,"MST",0.5,0.645502645502645,0.572751322751323,0.223214285714286,72,-1,"ok","-"
"local_interior_d3","local_interior",3,78,108679,"ODIN",0,0.957671957671958,0.478835978835979,0,8,-1,"ok","-"
"local_interior_d3","local_interior",3,78,108679,"iForest",0,0.925925925925926,0.462962962962963,0,14,-1,"ok","-"
"local_interior_d3","local_interior",3,79,108680,"U-MCCD",0,1,0.5,0,0,-1,"ok","-"
"local_interior_d3","local_interior",3,79,108680,"SU-MCCD",0,1,0.5,0,0,-1,"ok","-"
"local_interior_d3","local_interior",3,79,108680,"UN-MCCD",0,0.994708994708995,0.497354497354497,0,1,-1,"ok","-"
"local_interior_d3","local_interior",3,79,108680,"SUN-MCCD",0,1,0.5,0,0,-1,"ok","-"
"local_interior_d3","local_interior",3,79,108680,"LOF",0,1,0.5,0,0,-1,"ok","-"
"local_interior_d3","local_interior",3,79,108680,"DBSCAN",0,1,0.5,0,0,-1,"ok","-"
"local_interior_d3","local_interior",3,79,108680,"MST",0.4,0.666666666666667,0.533333333333333,0.186915887850467,67,-1,"ok","-"
"local_interior_d3","local_interior",3,79,108680,"ODIN",0,0.962962962962963,0.481481481481481,0,7,-1,"ok","-"
"local_interior_d3","local_interior",3,79,108680,"iForest",0,0.936507936507937,0.468253968253968,0,12,-1,"ok","-"
"local_interior_d3","local_interior",3,80,108681,"U-MCCD",0,1,0.5,0,0,-1,"ok","-"
"local_interior_d3","local_interior",3,80,108681,"SU-MCCD",0,1,0.5,0,0,-1,"ok","-"
"local_interior_d3","local_interior",3,80,108681,"UN-MCCD",0,1,0.5,0,0,-1,"ok","-"
"local_interior_d3","local_interior",3,80,108681,"SUN-MCCD",0,1,0.5,0,0,-1,"ok","-"
"local_interior_d3","local_interior",3,80,108681,"LOF",0,1,0.5,0,0,-1,"ok","-"
"local_interior_d3","local_interior",3,80,108681,"DBSCAN",0,1,0.5,0,0,-1,"ok","-"
"local_interior_d3","local_interior",3,80,108681,"MST",0.4,0.566137566137566,0.483068783068783,0.158730158730159,86,-1,"ok","-"
"local_interior_d3","local_interior",3,80,108681,"ODIN",0,0.962962962962963,0.481481481481481,0,7,-1,"ok","-"
"local_interior_d3","local_interior",3,80,108681,"iForest",0,0.936507936507937,0.468253968253968,0,12,-1,"ok","-"
"local_interior_d3","local_interior",3,81,108682,"U-MCCD",0,1,0.5,0,0,-1,"ok","-"
"local_interior_d3","local_interior",3,81,108682,"SU-MCCD",0,1,0.5,0,0,-1,"ok","-"
"local_interior_d3","local_interior",3,81,108682,"UN-MCCD",0,1,0.5,0,0,-1,"ok","-"
"local_interior_d3","local_interior",3,81,108682,"SUN-MCCD",0,1,0.5,0,0,-1,"ok","-"
"local_interior_d3","local_interior",3,81,108682,"LOF",0,1,0.5,0,0,-1,"ok","-"
"local_interior_d3","local_interior",3,81,108682,"DBSCAN",0,1,0.5,0,0,-1,"ok","-"
"local_interior_d3","local_interior",3,81,108682,"MST",0,0.666666666666667,0.333333333333333,0,63,-1,"ok","-"
"local_interior_d3","local_interior",3,81,108682,"ODIN",0,0.968253968253968,0.484126984126984,0,6,-1,"ok","-"
"local_interior_d3","local_interior",3,81,108682,"iForest",0,0.941798941798942,0.470899470899471,0,11,-1,"ok","-"
"local_interior_d3","local_interior",3,82,108683,"U-MCCD",0,0.962962962962963,0.481481481481481,0,7,-1,"ok","-"
"local_interior_d3","local_interior",3,82,108683,"SU-MCCD",0,1,0.5,0,0,-1,"ok","-"
"local_interior_d3","local_interior",3,82,108683,"UN-MCCD",0,0.978835978835979,0.489417989417989,0,4,-1,"ok","-"
"local_interior_d3","local_interior",3,82,108683,"SUN-MCCD",0,1,0.5,0,0,-1,"ok","-"
"local_interior_d3","local_interior",3,82,108683,"LOF",0,1,0.5,0,0,-1,"ok","-"
"local_interior_d3","local_interior",3,82,108683,"DBSCAN",0,1,0.5,0,0,-1,"ok","-"
"local_interior_d3","local_interior",3,82,108683,"MST",0.4,0.708994708994709,0.554497354497354,0.202020202020202,59,-1,"ok","-"
"local_interior_d3","local_interior",3,82,108683,"ODIN",0,0.957671957671958,0.478835978835979,0,8,-1,"ok","-"
"local_interior_d3","local_interior",3,82,108683,"iForest",0,0.941798941798942,0.470899470899471,0,11,-1,"ok","-"
"local_interior_d3","local_interior",3,83,108684,"U-MCCD",0,0.994708994708995,0.497354497354497,0,1,-1,"ok","-"
"local_interior_d3","local_interior",3,83,108684,"SU-MCCD",0,1,0.5,0,0,-1,"ok","-"
"local_interior_d3","local_interior",3,83,108684,"UN-MCCD",0,0.994708994708995,0.497354497354497,0,1,-1,"ok","-"
"local_interior_d3","local_interior",3,83,108684,"SUN-MCCD",0,1,0.5,0,0,-1,"ok","-"
"local_interior_d3","local_interior",3,83,108684,"LOF",0,1,0.5,0,0,-1,"ok","-"
"local_interior_d3","local_interior",3,83,108684,"DBSCAN",0,0.994708994708995,0.497354497354497,0,1,-1,"ok","-"
"local_interior_d3","local_interior",3,83,108684,"MST",0.3,0.64021164021164,0.47010582010582,0.135135135135135,71,-1,"ok","-"
"local_interior_d3","local_interior",3,83,108684,"ODIN",0,0.957671957671958,0.478835978835979,0,8,-1,"ok","-"
"local_interior_d3","local_interior",3,83,108684,"iForest",0,0.957671957671958,0.478835978835979,0,8,-1,"ok","-"
"local_interior_d3","local_interior",3,84,108685,"U-MCCD",0,1,0.5,0,0,-1,"ok","-"
"local_interior_d3","local_interior",3,84,108685,"SU-MCCD",0,1,0.5,0,0,-1,"ok","-"
"local_interior_d3","local_interior",3,84,108685,"UN-MCCD",0,0.989417989417989,0.494708994708995,0,2,-1,"ok","-"
"local_interior_d3","local_interior",3,84,108685,"SUN-MCCD",0,1,0.5,0,0,-1,"ok","-"
"local_interior_d3","local_interior",3,84,108685,"LOF",0,1,0.5,0,0,-1,"ok","-"
"local_interior_d3","local_interior",3,84,108685,"DBSCAN",0,0.994708994708995,0.497354497354497,0,1,-1,"ok","-"
"local_interior_d3","local_interior",3,84,108685,"MST",0.5,0.619047619047619,0.55952380952381,0.213675213675214,77,-1,"ok","-"
"local_interior_d3","local_interior",3,84,108685,"ODIN",0,0.978835978835979,0.489417989417989,0,4,-1,"ok","-"
"local_interior_d3","local_interior",3,84,108685,"iForest",0,0.957671957671958,0.478835978835979,0,8,-1,"ok","-"
"local_interior_d3","local_interior",3,85,108686,"U-MCCD",0,0.994708994708995,0.497354497354497,0,1,-1,"ok","-"
"local_interior_d3","local_interior",3,85,108686,"SU-MCCD",0,1,0.5,0,0,-1,"ok","-"
"local_interior_d3","local_interior",3,85,108686,"UN-MCCD",0,0.994708994708995,0.497354497354497,0,1,-1,"ok","-"
"local_interior_d3","local_interior",3,85,108686,"SUN-MCCD",0,1,0.5,0,0,-1,"ok","-"
"local_interior_d3","local_interior",3,85,108686,"LOF",0,1,0.5,0,0,-1,"ok","-"
"local_interior_d3","local_interior",3,85,108686,"DBSCAN",0,1,0.5,0,0,-1,"ok","-"
"local_interior_d3","local_interior",3,85,108686,"MST",0.5,0.634920634920635,0.567460317460317,0.219298245614035,74,-1,"ok","-"
"local_interior_d3","local_interior",3,85,108686,"ODIN",0,0.978835978835979,0.489417989417989,0,4,-1,"ok","-"
"local_interior_d3","local_interior",3,85,108686,"iForest",0,0.920634920634921,0.46031746031746,0,15,-1,"ok","-"
"local_interior_d3","local_interior",3,86,108687,"U-MCCD",0,1,0.5,0,0,-1,"ok","-"
"local_interior_d3","local_interior",3,86,108687,"SU-MCCD",0,1,0.5,0,0,-1,"ok","-"
"local_interior_d3","local_interior",3,86,108687,"UN-MCCD",0,0.994708994708995,0.497354497354497,0,1,-1,"ok","-"
"local_interior_d3","local_interior",3,86,108687,"SUN-MCCD",0,1,0.5,0,0,-1,"ok","-"
"local_interior_d3","local_interior",3,86,108687,"LOF",0,1,0.5,0,0,-1,"ok","-"
"local_interior_d3","local_interior",3,86,108687,"DBSCAN",0,0.984126984126984,0.492063492063492,0,3,-1,"ok","-"
"local_interior_d3","local_interior",3,86,108687,"MST",0.5,0.677248677248677,0.588624338624339,0.235849056603774,66,-1,"ok","-"
"local_interior_d3","local_interior",3,86,108687,"ODIN",0,0.947089947089947,0.473544973544974,0,10,-1,"ok","-"
"local_interior_d3","local_interior",3,86,108687,"iForest",0,0.957671957671958,0.478835978835979,0,8,-1,"ok","-"
"local_interior_d3","local_interior",3,87,108688,"U-MCCD",0,0.989417989417989,0.494708994708995,0,2,-1,"ok","-"
"local_interior_d3","local_interior",3,87,108688,"SU-MCCD",0,1,0.5,0,0,-1,"ok","-"
"local_interior_d3","local_interior",3,87,108688,"UN-MCCD",0,0.957671957671958,0.478835978835979,0,8,-1,"ok","-"
"local_interior_d3","local_interior",3,87,108688,"SUN-MCCD",0,0.978835978835979,0.489417989417989,0,4,-1,"ok","-"
"local_interior_d3","local_interior",3,87,108688,"LOF",0,1,0.5,0,0,-1,"ok","-"
"local_interior_d3","local_interior",3,87,108688,"DBSCAN",0,1,0.5,0,0,-1,"ok","-"
"local_interior_d3","local_interior",3,87,108688,"MST",0.3,0.465608465608466,0.382804232804233,0.104166666666667,104,-1,"ok","-"
"local_interior_d3","local_interior",3,87,108688,"ODIN",0,0.962962962962963,0.481481481481481,0,7,-1,"ok","-"
"local_interior_d3","local_interior",3,87,108688,"iForest",0,0.957671957671958,0.478835978835979,0,8,-1,"ok","-"
"local_interior_d3","local_interior",3,88,108689,"U-MCCD",0,1,0.5,0,0,-1,"ok","-"
"local_interior_d3","local_interior",3,88,108689,"SU-MCCD",0,1,0.5,0,0,-1,"ok","-"
"local_interior_d3","local_interior",3,88,108689,"UN-MCCD",0,1,0.5,0,0,-1,"ok","-"
"local_interior_d3","local_interior",3,88,108689,"SUN-MCCD",0,1,0.5,0,0,-1,"ok","-"
"local_interior_d3","local_interior",3,88,108689,"LOF",0,1,0.5,0,0,-1,"ok","-"
"local_interior_d3","local_interior",3,88,108689,"DBSCAN",0,1,0.5,0,0,-1,"ok","-"
"local_interior_d3","local_interior",3,88,108689,"MST",0,0.687830687830688,0.343915343915344,0,59,-1,"ok","-"
"local_interior_d3","local_interior",3,88,108689,"ODIN",0,0.947089947089947,0.473544973544974,0,10,-1,"ok","-"
"local_interior_d3","local_interior",3,88,108689,"iForest",0,0.936507936507937,0.468253968253968,0,12,-1,"ok","-"
"local_interior_d3","local_interior",3,89,108690,"U-MCCD",0,1,0.5,0,0,-1,"ok","-"
"local_interior_d3","local_interior",3,89,108690,"SU-MCCD",0,1,0.5,0,0,-1,"ok","-"
"local_interior_d3","local_interior",3,89,108690,"UN-MCCD",0,1,0.5,0,0,-1,"ok","-"
"local_interior_d3","local_interior",3,89,108690,"SUN-MCCD",0,1,0.5,0,0,-1,"ok","-"
"local_interior_d3","local_interior",3,89,108690,"LOF",0,1,0.5,0,0,-1,"ok","-"
"local_interior_d3","local_interior",3,89,108690,"DBSCAN",0,0.994708994708995,0.497354497354497,0,1,-1,"ok","-"
"local_interior_d3","local_interior",3,89,108690,"MST",0.5,0.661375661375661,0.580687830687831,0.229357798165138,69,-1,"ok","-"
"local_interior_d3","local_interior",3,89,108690,"ODIN",0,0.978835978835979,0.489417989417989,0,4,-1,"ok","-"
"local_interior_d3","local_interior",3,89,108690,"iForest",0,0.936507936507937,0.468253968253968,0,12,-1,"ok","-"
"local_interior_d3","local_interior",3,90,108691,"U-MCCD",0,0.994708994708995,0.497354497354497,0,1,-1,"ok","-"
"local_interior_d3","local_interior",3,90,108691,"SU-MCCD",0,1,0.5,0,0,-1,"ok","-"
"local_interior_d3","local_interior",3,90,108691,"UN-MCCD",0,0.994708994708995,0.497354497354497,0,1,-1,"ok","-"
"local_interior_d3","local_interior",3,90,108691,"SUN-MCCD",0,1,0.5,0,0,-1,"ok","-"
"local_interior_d3","local_interior",3,90,108691,"LOF",0,1,0.5,0,0,-1,"ok","-"
"local_interior_d3","local_interior",3,90,108691,"DBSCAN",0,0.989417989417989,0.494708994708995,0,2,-1,"ok","-"
"local_interior_d3","local_interior",3,90,108691,"MST",0.1,0.592592592592593,0.346296296296296,0.0423728813559322,78,-1,"ok","-"
"local_interior_d3","local_interior",3,90,108691,"ODIN",0,0.978835978835979,0.489417989417989,0,4,-1,"ok","-"
"local_interior_d3","local_interior",3,90,108691,"iForest",0,0.936507936507937,0.468253968253968,0,12,-1,"ok","-"
"local_interior_d3","local_interior",3,91,108692,"U-MCCD",0,1,0.5,0,0,-1,"ok","-"
"local_interior_d3","local_interior",3,91,108692,"SU-MCCD",0,1,0.5,0,0,-1,"ok","-"
"local_interior_d3","local_interior",3,91,108692,"UN-MCCD",0,1,0.5,0,0,-1,"ok","-"
"local_interior_d3","local_interior",3,91,108692,"SUN-MCCD",0,1,0.5,0,0,-1,"ok","-"
"local_interior_d3","local_interior",3,91,108692,"LOF",0,1,0.5,0,0,-1,"ok","-"
"local_interior_d3","local_interior",3,91,108692,"DBSCAN",0,1,0.5,0,0,-1,"ok","-"
"local_interior_d3","local_interior",3,91,108692,"MST",0.8,0.645502645502645,0.722751322751323,0.347826086956522,75,-1,"ok","-"
"local_interior_d3","local_interior",3,91,108692,"ODIN",0,0.989417989417989,0.494708994708995,0,2,-1,"ok","-"
"local_interior_d3","local_interior",3,91,108692,"iForest",0,0.947089947089947,0.473544973544974,0,10,-1,"ok","-"
"local_interior_d3","local_interior",3,92,108693,"U-MCCD",0,0.989417989417989,0.494708994708995,0,2,-1,"ok","-"
"local_interior_d3","local_interior",3,92,108693,"SU-MCCD",0,1,0.5,0,0,-1,"ok","-"
"local_interior_d3","local_interior",3,92,108693,"UN-MCCD",0,0.994708994708995,0.497354497354497,0,1,-1,"ok","-"
"local_interior_d3","local_interior",3,92,108693,"SUN-MCCD",0,1,0.5,0,0,-1,"ok","-"
"local_interior_d3","local_interior",3,92,108693,"LOF",0,1,0.5,0,0,-1,"ok","-"
"local_interior_d3","local_interior",3,92,108693,"DBSCAN",0,1,0.5,0,0,-1,"ok","-"
"local_interior_d3","local_interior",3,92,108693,"MST",0.2,0.507936507936508,0.353968253968254,0.0740740740740741,95,-1,"ok","-"
"local_interior_d3","local_interior",3,92,108693,"ODIN",0,0.984126984126984,0.492063492063492,0,3,-1,"ok","-"
"local_interior_d3","local_interior",3,92,108693,"iForest",0,0.941798941798942,0.470899470899471,0,11,-1,"ok","-"
"local_interior_d3","local_interior",3,93,108694,"U-MCCD",0,0.973544973544973,0.486772486772487,0,5,-1,"ok","-"
"local_interior_d3","local_interior",3,93,108694,"SU-MCCD",0,1,0.5,0,0,-1,"ok","-"
"local_interior_d3","local_interior",3,93,108694,"UN-MCCD",0,0.994708994708995,0.497354497354497,0,1,-1,"ok","-"
"local_interior_d3","local_interior",3,93,108694,"SUN-MCCD",0,1,0.5,0,0,-1,"ok","-"
"local_interior_d3","local_interior",3,93,108694,"LOF",0,1,0.5,0,0,-1,"ok","-"
"local_interior_d3","local_interior",3,93,108694,"DBSCAN",0,1,0.5,0,0,-1,"ok","-"
"local_interior_d3","local_interior",3,93,108694,"MST",0.7,0.576719576719577,0.638359788359788,0.275590551181102,87,-1,"ok","-"
"local_interior_d3","local_interior",3,93,108694,"ODIN",0,0.962962962962963,0.481481481481481,0,7,-1,"ok","-"
"local_interior_d3","local_interior",3,93,108694,"iForest",0,0.936507936507937,0.468253968253968,0,12,-1,"ok","-"
"local_interior_d3","local_interior",3,94,108695,"U-MCCD",0,1,0.5,0,0,-1,"ok","-"
"local_interior_d3","local_interior",3,94,108695,"SU-MCCD",0,1,0.5,0,0,-1,"ok","-"
"local_interior_d3","local_interior",3,94,108695,"UN-MCCD",0,1,0.5,0,0,-1,"ok","-"
"local_interior_d3","local_interior",3,94,108695,"SUN-MCCD",0,0.984126984126984,0.492063492063492,0,3,-1,"ok","-"
"local_interior_d3","local_interior",3,94,108695,"LOF",0,1,0.5,0,0,-1,"ok","-"
"local_interior_d3","local_interior",3,94,108695,"DBSCAN",0,1,0.5,0,0,-1,"ok","-"
"local_interior_d3","local_interior",3,94,108695,"MST",0.8,0.645502645502645,0.722751322751323,0.347826086956522,75,-1,"ok","-"
"local_interior_d3","local_interior",3,94,108695,"ODIN",0,0.978835978835979,0.489417989417989,0,4,-1,"ok","-"
"local_interior_d3","local_interior",3,94,108695,"iForest",0,0.957671957671958,0.478835978835979,0,8,-1,"ok","-"
"local_interior_d3","local_interior",3,95,108696,"U-MCCD",0,1,0.5,0,0,-1,"ok","-"
"local_interior_d3","local_interior",3,95,108696,"SU-MCCD",0,1,0.5,0,0,-1,"ok","-"
"local_interior_d3","local_interior",3,95,108696,"UN-MCCD",0,1,0.5,0,0,-1,"ok","-"
"local_interior_d3","local_interior",3,95,108696,"SUN-MCCD",0,1,0.5,0,0,-1,"ok","-"
"local_interior_d3","local_interior",3,95,108696,"LOF",0,1,0.5,0,0,-1,"ok","-"
"local_interior_d3","local_interior",3,95,108696,"DBSCAN",0,1,0.5,0,0,-1,"ok","-"
"local_interior_d3","local_interior",3,95,108696,"MST",0.2,0.608465608465608,0.404232804232804,0.0862068965517241,76,-1,"ok","-"
"local_interior_d3","local_interior",3,95,108696,"ODIN",0,0.978835978835979,0.489417989417989,0,4,-1,"ok","-"
"local_interior_d3","local_interior",3,95,108696,"iForest",0,0.952380952380952,0.476190476190476,0,9,-1,"ok","-"
"local_interior_d3","local_interior",3,96,108697,"U-MCCD",0,0.984126984126984,0.492063492063492,0,3,-1,"ok","-"
"local_interior_d3","local_interior",3,96,108697,"SU-MCCD",0,1,0.5,0,0,-1,"ok","-"
"local_interior_d3","local_interior",3,96,108697,"UN-MCCD",0,1,0.5,0,0,-1,"ok","-"
"local_interior_d3","local_interior",3,96,108697,"SUN-MCCD",0,1,0.5,0,0,-1,"ok","-"
"local_interior_d3","local_interior",3,96,108697,"LOF",0,1,0.5,0,0,-1,"ok","-"
"local_interior_d3","local_interior",3,96,108697,"DBSCAN",0,0.994708994708995,0.497354497354497,0,1,-1,"ok","-"
"local_interior_d3","local_interior",3,96,108697,"MST",0.5,0.619047619047619,0.55952380952381,0.213675213675214,77,-1,"ok","-"
"local_interior_d3","local_interior",3,96,108697,"ODIN",0,0.973544973544973,0.486772486772487,0,5,-1,"ok","-"
"local_interior_d3","local_interior",3,96,108697,"iForest",0,0.920634920634921,0.46031746031746,0,15,-1,"ok","-"
"local_interior_d3","local_interior",3,97,108698,"U-MCCD",0,1,0.5,0,0,-1,"ok","-"
"local_interior_d3","local_interior",3,97,108698,"SU-MCCD",0,1,0.5,0,0,-1,"ok","-"
"local_interior_d3","local_interior",3,97,108698,"UN-MCCD",0,1,0.5,0,0,-1,"ok","-"
"local_interior_d3","local_interior",3,97,108698,"SUN-MCCD",0,1,0.5,0,0,-1,"ok","-"
"local_interior_d3","local_interior",3,97,108698,"LOF",0,1,0.5,0,0,-1,"ok","-"
"local_interior_d3","local_interior",3,97,108698,"DBSCAN",0,0.994708994708995,0.497354497354497,0,1,-1,"ok","-"
"local_interior_d3","local_interior",3,97,108698,"MST",0.2,0.624338624338624,0.412169312169312,0.0884955752212389,73,-1,"ok","-"
"local_interior_d3","local_interior",3,97,108698,"ODIN",0,0.941798941798942,0.470899470899471,0,11,-1,"ok","-"
"local_interior_d3","local_interior",3,97,108698,"iForest",0,0.931216931216931,0.465608465608466,0,13,-1,"ok","-"
"local_interior_d3","local_interior",3,98,108699,"U-MCCD",0,0.994708994708995,0.497354497354497,0,1,-1,"ok","-"
"local_interior_d3","local_interior",3,98,108699,"SU-MCCD",0,1,0.5,0,0,-1,"ok","-"
"local_interior_d3","local_interior",3,98,108699,"UN-MCCD",0,1,0.5,0,0,-1,"ok","-"
"local_interior_d3","local_interior",3,98,108699,"SUN-MCCD",0,1,0.5,0,0,-1,"ok","-"
"local_interior_d3","local_interior",3,98,108699,"LOF",0,1,0.5,0,0,-1,"ok","-"
"local_interior_d3","local_interior",3,98,108699,"DBSCAN",0,1,0.5,0,0,-1,"ok","-"
"local_interior_d3","local_interior",3,98,108699,"MST",0.9,0.571428571428571,0.735714285714286,0.346153846153846,90,-1,"ok","-"
"local_interior_d3","local_interior",3,98,108699,"ODIN",0,0.984126984126984,0.492063492063492,0,3,-1,"ok","-"
"local_interior_d3","local_interior",3,98,108699,"iForest",0,0.952380952380952,0.476190476190476,0,9,-1,"ok","-"
"local_interior_d3","local_interior",3,99,108700,"U-MCCD",0,1,0.5,0,0,-1,"ok","-"
"local_interior_d3","local_interior",3,99,108700,"SU-MCCD",0,1,0.5,0,0,-1,"ok","-"
"local_interior_d3","local_interior",3,99,108700,"UN-MCCD",0,0.984126984126984,0.492063492063492,0,3,-1,"ok","-"
"local_interior_d3","local_interior",3,99,108700,"SUN-MCCD",0,1,0.5,0,0,-1,"ok","-"
"local_interior_d3","local_interior",3,99,108700,"LOF",0,1,0.5,0,0,-1,"ok","-"
"local_interior_d3","local_interior",3,99,108700,"DBSCAN",0,1,0.5,0,0,-1,"ok","-"
"local_interior_d3","local_interior",3,99,108700,"MST",0,0.592592592592593,0.296296296296296,0,77,-1,"ok","-"
"local_interior_d3","local_interior",3,99,108700,"ODIN",0,0.973544973544973,0.486772486772487,0,5,-1,"ok","-"
"local_interior_d3","local_interior",3,99,108700,"iForest",0,0.931216931216931,0.465608465608466,0,13,-1,"ok","-"
"local_interior_d3","local_interior",3,100,108701,"U-MCCD",0,0.994708994708995,0.497354497354497,0,1,-1,"ok","-"
"local_interior_d3","local_interior",3,100,108701,"SU-MCCD",0,1,0.5,0,0,-1,"ok","-"
"local_interior_d3","local_interior",3,100,108701,"UN-MCCD",0,0.989417989417989,0.494708994708995,0,2,-1,"ok","-"
"local_interior_d3","local_interior",3,100,108701,"SUN-MCCD",0,0.989417989417989,0.494708994708995,0,2,-1,"ok","-"
"local_interior_d3","local_interior",3,100,108701,"LOF",0,1,0.5,0,0,-1,"ok","-"
"local_interior_d3","local_interior",3,100,108701,"DBSCAN",0,1,0.5,0,0,-1,"ok","-"
"local_interior_d3","local_interior",3,100,108701,"MST",0.2,0.613756613756614,0.406878306878307,0.0869565217391304,75,-1,"ok","-"
"local_interior_d3","local_interior",3,100,108701,"ODIN",0,0.989417989417989,0.494708994708995,0,2,-1,"ok","-"
"local_interior_d3","local_interior",3,100,108701,"iForest",0,0.957671957671958,0.478835978835979,0,8,-1,"ok","-"
"local_interior_d10","local_interior",10,1,208602,"U-MCCD",0,0.761904761904762,0.380952380952381,0,45,-1,"ok","-"
"local_interior_d10","local_interior",10,1,208602,"SU-MCCD",0,0.920634920634921,0.46031746031746,0,15,-1,"ok","-"
"local_interior_d10","local_interior",10,1,208602,"UN-MCCD",0,0.846560846560847,0.423280423280423,0,29,-1,"ok","-"
"local_interior_d10","local_interior",10,1,208602,"SUN-MCCD",0,1,0.5,0,0,-1,"ok","-"
"local_interior_d10","local_interior",10,1,208602,"LOF",0,1,0.5,0,0,-1,"ok","-"
"local_interior_d10","local_interior",10,1,208602,"DBSCAN",0,1,0.5,0,0,-1,"ok","-"
"local_interior_d10","local_interior",10,1,208602,"MST",0,0.851851851851852,0.425925925925926,0,28,-1,"ok","-"
"local_interior_d10","local_interior",10,1,208602,"ODIN",0,0.873015873015873,0.436507936507937,0,24,-1,"ok","-"
"local_interior_d10","local_interior",10,1,208602,"iForest",0,1,0.5,0,0,-1,"ok","-"
"local_interior_d10","local_interior",10,2,208603,"U-MCCD",0,1,0.5,0,0,-1,"ok","-"
"local_interior_d10","local_interior",10,2,208603,"SU-MCCD",0,0.989417989417989,0.494708994708995,0,2,-1,"ok","-"
"local_interior_d10","local_interior",10,2,208603,"UN-MCCD",0,0.994708994708995,0.497354497354497,0,1,-1,"ok","-"
"local_interior_d10","local_interior",10,2,208603,"SUN-MCCD",0,1,0.5,0,0,-1,"ok","-"
"local_interior_d10","local_interior",10,2,208603,"LOF",0,1,0.5,0,0,-1,"ok","-"
"local_interior_d10","local_interior",10,2,208603,"DBSCAN",0,1,0.5,0,0,-1,"ok","-"
"local_interior_d10","local_interior",10,2,208603,"MST",0,0.851851851851852,0.425925925925926,0,28,-1,"ok","-"
"local_interior_d10","local_interior",10,2,208603,"ODIN",0,0.925925925925926,0.462962962962963,0,14,-1,"ok","-"
"local_interior_d10","local_interior",10,2,208603,"iForest",0,1,0.5,0,0,-1,"ok","-"
"local_interior_d10","local_interior",10,3,208604,"U-MCCD",0,1,0.5,0,0,-1,"ok","-"
"local_interior_d10","local_interior",10,3,208604,"SU-MCCD",0,1,0.5,0,0,-1,"ok","-"
"local_interior_d10","local_interior",10,3,208604,"UN-MCCD",0,0.978835978835979,0.489417989417989,0,4,-1,"ok","-"
"local_interior_d10","local_interior",10,3,208604,"SUN-MCCD",0,0.994708994708995,0.497354497354497,0,1,-1,"ok","-"
"local_interior_d10","local_interior",10,3,208604,"LOF",0,1,0.5,0,0,-1,"ok","-"
"local_interior_d10","local_interior",10,3,208604,"DBSCAN",0,1,0.5,0,0,-1,"ok","-"
"local_interior_d10","local_interior",10,3,208604,"MST",0,0.830687830687831,0.415343915343915,0,32,-1,"ok","-"
"local_interior_d10","local_interior",10,3,208604,"ODIN",0,0.91005291005291,0.455026455026455,0,17,-1,"ok","-"
"local_interior_d10","local_interior",10,3,208604,"iForest",0,1,0.5,0,0,-1,"ok","-"
"local_interior_d10","local_interior",10,4,208605,"U-MCCD",0,0.968253968253968,0.484126984126984,0,6,-1,"ok","-"
"local_interior_d10","local_interior",10,4,208605,"SU-MCCD",0,1,0.5,0,0,-1,"ok","-"
"local_interior_d10","local_interior",10,4,208605,"UN-MCCD",0,0.957671957671958,0.478835978835979,0,8,-1,"ok","-"
"local_interior_d10","local_interior",10,4,208605,"SUN-MCCD",0,1,0.5,0,0,-1,"ok","-"
"local_interior_d10","local_interior",10,4,208605,"LOF",0,1,0.5,0,0,-1,"ok","-"
"local_interior_d10","local_interior",10,4,208605,"DBSCAN",0,1,0.5,0,0,-1,"ok","-"
"local_interior_d10","local_interior",10,4,208605,"MST",0,0.867724867724868,0.433862433862434,0,25,-1,"ok","-"
"local_interior_d10","local_interior",10,4,208605,"ODIN",0,0.915343915343915,0.457671957671958,0,16,-1,"ok","-"
"local_interior_d10","local_interior",10,4,208605,"iForest",0,1,0.5,0,0,-1,"ok","-"
"local_interior_d10","local_interior",10,5,208606,"U-MCCD",0,1,0.5,0,0,-1,"ok","-"
"local_interior_d10","local_interior",10,5,208606,"SU-MCCD",0,1,0.5,0,0,-1,"ok","-"
"local_interior_d10","local_interior",10,5,208606,"UN-MCCD",0,0.957671957671958,0.478835978835979,0,8,-1,"ok","-"
"local_interior_d10","local_interior",10,5,208606,"SUN-MCCD",0,0.978835978835979,0.489417989417989,0,4,-1,"ok","-"
"local_interior_d10","local_interior",10,5,208606,"LOF",0,1,0.5,0,0,-1,"ok","-"
"local_interior_d10","local_interior",10,5,208606,"DBSCAN",0,1,0.5,0,0,-1,"ok","-"
"local_interior_d10","local_interior",10,5,208606,"MST",0,0.788359788359788,0.394179894179894,0,40,-1,"ok","-"
"local_interior_d10","local_interior",10,5,208606,"ODIN",0,0.846560846560847,0.423280423280423,0,29,-1,"ok","-"
"local_interior_d10","local_interior",10,5,208606,"iForest",0,1,0.5,0,0,-1,"ok","-"
"local_interior_d10","local_interior",10,6,208607,"U-MCCD",0,0.91005291005291,0.455026455026455,0,17,-1,"ok","-"
"local_interior_d10","local_interior",10,6,208607,"SU-MCCD",0,0.947089947089947,0.473544973544974,0,10,-1,"ok","-"
"local_interior_d10","local_interior",10,6,208607,"UN-MCCD",0,0.989417989417989,0.494708994708995,0,2,-1,"ok","-"
"local_interior_d10","local_interior",10,6,208607,"SUN-MCCD",0,0.994708994708995,0.497354497354497,0,1,-1,"ok","-"
"local_interior_d10","local_interior",10,6,208607,"LOF",0,1,0.5,0,0,-1,"ok","-"
"local_interior_d10","local_interior",10,6,208607,"DBSCAN",0,1,0.5,0,0,-1,"ok","-"
"local_interior_d10","local_interior",10,6,208607,"MST",0,0.851851851851852,0.425925925925926,0,28,-1,"ok","-"
"local_interior_d10","local_interior",10,6,208607,"ODIN",0,0.899470899470899,0.44973544973545,0,19,-1,"ok","-"
"local_interior_d10","local_interior",10,6,208607,"iForest",0,1,0.5,0,0,-1,"ok","-"
"local_interior_d10","local_interior",10,7,208608,"U-MCCD",0,0.920634920634921,0.46031746031746,0,15,-1,"ok","-"
"local_interior_d10","local_interior",10,7,208608,"SU-MCCD",0,0.957671957671958,0.478835978835979,0,8,-1,"ok","-"
"local_interior_d10","local_interior",10,7,208608,"UN-MCCD",0,1,0.5,0,0,-1,"ok","-"
"local_interior_d10","local_interior",10,7,208608,"SUN-MCCD",0,1,0.5,0,0,-1,"ok","-"
"local_interior_d10","local_interior",10,7,208608,"LOF",0,1,0.5,0,0,-1,"ok","-"
"local_interior_d10","local_interior",10,7,208608,"DBSCAN",0,1,0.5,0,0,-1,"ok","-"
"local_interior_d10","local_interior",10,7,208608,"MST",0,0.777777777777778,0.388888888888889,0,42,-1,"ok","-"
"local_interior_d10","local_interior",10,7,208608,"ODIN",0,0.851851851851852,0.425925925925926,0,28,-1,"ok","-"
"local_interior_d10","local_interior",10,7,208608,"iForest",0,1,0.5,0,0,-1,"ok","-"
"local_interior_d10","local_interior",10,8,208609,"U-MCCD",0,0.994708994708995,0.497354497354497,0,1,-1,"ok","-"
"local_interior_d10","local_interior",10,8,208609,"SU-MCCD",0,0.978835978835979,0.489417989417989,0,4,-1,"ok","-"
"local_interior_d10","local_interior",10,8,208609,"UN-MCCD",0,1,0.5,0,0,-1,"ok","-"
"local_interior_d10","local_interior",10,8,208609,"SUN-MCCD",0,1,0.5,0,0,-1,"ok","-"
"local_interior_d10","local_interior",10,8,208609,"LOF",0,1,0.5,0,0,-1,"ok","-"
"local_interior_d10","local_interior",10,8,208609,"DBSCAN",0,1,0.5,0,0,-1,"ok","-"
"local_interior_d10","local_interior",10,8,208609,"MST",0,0.841269841269841,0.420634920634921,0,30,-1,"ok","-"
"local_interior_d10","local_interior",10,8,208609,"ODIN",0,0.873015873015873,0.436507936507937,0,24,-1,"ok","-"
"local_interior_d10","local_interior",10,8,208609,"iForest",0,1,0.5,0,0,-1,"ok","-"
"local_interior_d10","local_interior",10,9,208610,"U-MCCD",0,0.862433862433862,0.431216931216931,0,26,-1,"ok","-"
"local_interior_d10","local_interior",10,9,208610,"SU-MCCD",0,0.962962962962963,0.481481481481481,0,7,-1,"ok","-"
"local_interior_d10","local_interior",10,9,208610,"UN-MCCD",0,0.984126984126984,0.492063492063492,0,3,-1,"ok","-"
"local_interior_d10","local_interior",10,9,208610,"SUN-MCCD",0,0.984126984126984,0.492063492063492,0,3,-1,"ok","-"
"local_interior_d10","local_interior",10,9,208610,"LOF",0,1,0.5,0,0,-1,"ok","-"
"local_interior_d10","local_interior",10,9,208610,"DBSCAN",0,1,0.5,0,0,-1,"ok","-"
"local_interior_d10","local_interior",10,9,208610,"MST",0,0.867724867724868,0.433862433862434,0,25,-1,"ok","-"
"local_interior_d10","local_interior",10,9,208610,"ODIN",0,0.825396825396825,0.412698412698413,0,33,-1,"ok","-"
"local_interior_d10","local_interior",10,9,208610,"iForest",0,1,0.5,0,0,-1,"ok","-"
"local_interior_d10","local_interior",10,10,208611,"U-MCCD",0,1,0.5,0,0,-1,"ok","-"
"local_interior_d10","local_interior",10,10,208611,"SU-MCCD",0,0.984126984126984,0.492063492063492,0,3,-1,"ok","-"
"local_interior_d10","local_interior",10,10,208611,"UN-MCCD",0,1,0.5,0,0,-1,"ok","-"
"local_interior_d10","local_interior",10,10,208611,"SUN-MCCD",0,0.984126984126984,0.492063492063492,0,3,-1,"ok","-"
"local_interior_d10","local_interior",10,10,208611,"LOF",0,1,0.5,0,0,-1,"ok","-"
"local_interior_d10","local_interior",10,10,208611,"DBSCAN",0,0.994708994708995,0.497354497354497,0,1,-1,"ok","-"
"local_interior_d10","local_interior",10,10,208611,"MST",0,0.835978835978836,0.417989417989418,0,31,-1,"ok","-"
"local_interior_d10","local_interior",10,10,208611,"ODIN",0,0.873015873015873,0.436507936507937,0,24,-1,"ok","-"
"local_interior_d10","local_interior",10,10,208611,"iForest",0,1,0.5,0,0,-1,"ok","-"
"local_interior_d10","local_interior",10,11,208612,"U-MCCD",0,0.952380952380952,0.476190476190476,0,9,-1,"ok","-"
"local_interior_d10","local_interior",10,11,208612,"SU-MCCD",0.3,0.55026455026455,0.425132275132275,0.1171875,88,-1,"ok","-"
"local_interior_d10","local_interior",10,11,208612,"UN-MCCD",0,1,0.5,0,0,-1,"ok","-"
"local_interior_d10","local_interior",10,11,208612,"SUN-MCCD",0,1,0.5,0,0,-1,"ok","-"
"local_interior_d10","local_interior",10,11,208612,"LOF",0,1,0.5,0,0,-1,"ok","-"
"local_interior_d10","local_interior",10,11,208612,"DBSCAN",0,1,0.5,0,0,-1,"ok","-"
"local_interior_d10","local_interior",10,11,208612,"MST",0,0.862433862433862,0.431216931216931,0,26,-1,"ok","-"
"local_interior_d10","local_interior",10,11,208612,"ODIN",0,0.899470899470899,0.44973544973545,0,19,-1,"ok","-"
"local_interior_d10","local_interior",10,11,208612,"iForest",0,1,0.5,0,0,-1,"ok","-"
"local_interior_d10","local_interior",10,12,208613,"U-MCCD",0,0.994708994708995,0.497354497354497,0,1,-1,"ok","-"
"local_interior_d10","local_interior",10,12,208613,"SU-MCCD",0,0.941798941798942,0.470899470899471,0,11,-1,"ok","-"
"local_interior_d10","local_interior",10,12,208613,"UN-MCCD",0,0.973544973544973,0.486772486772487,0,5,-1,"ok","-"
"local_interior_d10","local_interior",10,12,208613,"SUN-MCCD",0,1,0.5,0,0,-1,"ok","-"
"local_interior_d10","local_interior",10,12,208613,"LOF",0,1,0.5,0,0,-1,"ok","-"
"local_interior_d10","local_interior",10,12,208613,"DBSCAN",0,1,0.5,0,0,-1,"ok","-"
"local_interior_d10","local_interior",10,12,208613,"MST",0,0.830687830687831,0.415343915343915,0,32,-1,"ok","-"
"local_interior_d10","local_interior",10,12,208613,"ODIN",0,0.894179894179894,0.447089947089947,0,20,-1,"ok","-"
"local_interior_d10","local_interior",10,12,208613,"iForest",0,1,0.5,0,0,-1,"ok","-"
"local_interior_d10","local_interior",10,13,208614,"U-MCCD",0,0.64021164021164,0.32010582010582,0,68,-1,"ok","-"
"local_interior_d10","local_interior",10,13,208614,"SU-MCCD",0,0.693121693121693,0.346560846560847,0,58,-1,"ok","-"
"local_interior_d10","local_interior",10,13,208614,"UN-MCCD",0,0.994708994708995,0.497354497354497,0,1,-1,"ok","-"
"local_interior_d10","local_interior",10,13,208614,"SUN-MCCD",0,1,0.5,0,0,-1,"ok","-"
"local_interior_d10","local_interior",10,13,208614,"LOF",0,1,0.5,0,0,-1,"ok","-"
"local_interior_d10","local_interior",10,13,208614,"DBSCAN",0,1,0.5,0,0,-1,"ok","-"
"local_interior_d10","local_interior",10,13,208614,"MST",0,0.804232804232804,0.402116402116402,0,37,-1,"ok","-"
"local_interior_d10","local_interior",10,13,208614,"ODIN",0,0.862433862433862,0.431216931216931,0,26,-1,"ok","-"
"local_interior_d10","local_interior",10,13,208614,"iForest",0,1,0.5,0,0,-1,"ok","-"
"local_interior_d10","local_interior",10,14,208615,"U-MCCD",0,0.873015873015873,0.436507936507937,0,24,-1,"ok","-"
"local_interior_d10","local_interior",10,14,208615,"SU-MCCD",0.5,0.492063492063492,0.496031746031746,0.177304964539007,101,-1,"ok","-"
"local_interior_d10","local_interior",10,14,208615,"UN-MCCD",0,0.994708994708995,0.497354497354497,0,1,-1,"ok","-"
"local_interior_d10","local_interior",10,14,208615,"SUN-MCCD",0,1,0.5,0,0,-1,"ok","-"
"local_interior_d10","local_interior",10,14,208615,"LOF",0,1,0.5,0,0,-1,"ok","-"
"local_interior_d10","local_interior",10,14,208615,"DBSCAN",0,1,0.5,0,0,-1,"ok","-"
"local_interior_d10","local_interior",10,14,208615,"MST",0,0.91005291005291,0.455026455026455,0,17,-1,"ok","-"
"local_interior_d10","local_interior",10,14,208615,"ODIN",0,0.91005291005291,0.455026455026455,0,17,-1,"ok","-"
"local_interior_d10","local_interior",10,14,208615,"iForest",0,1,0.5,0,0,-1,"ok","-"
"local_interior_d10","local_interior",10,15,208616,"U-MCCD",0,0.947089947089947,0.473544973544974,0,10,-1,"ok","-"
"local_interior_d10","local_interior",10,15,208616,"SU-MCCD",0,0.957671957671958,0.478835978835979,0,8,-1,"ok","-"
"local_interior_d10","local_interior",10,15,208616,"UN-MCCD",0,0.899470899470899,0.44973544973545,0,19,-1,"ok","-"
"local_interior_d10","local_interior",10,15,208616,"SUN-MCCD",0,1,0.5,0,0,-1,"ok","-"
"local_interior_d10","local_interior",10,15,208616,"LOF",0,1,0.5,0,0,-1,"ok","-"
"local_interior_d10","local_interior",10,15,208616,"DBSCAN",0,1,0.5,0,0,-1,"ok","-"
"local_interior_d10","local_interior",10,15,208616,"MST",0,0.867724867724868,0.433862433862434,0,25,-1,"ok","-"
"local_interior_d10","local_interior",10,15,208616,"ODIN",0,0.91005291005291,0.455026455026455,0,17,-1,"ok","-"
"local_interior_d10","local_interior",10,15,208616,"iForest",0,1,0.5,0,0,-1,"ok","-"
"local_interior_d10","local_interior",10,16,208617,"U-MCCD",0,1,0.5,0,0,-1,"ok","-"
"local_interior_d10","local_interior",10,16,208617,"SU-MCCD",0,1,0.5,0,0,-1,"ok","-"
"local_interior_d10","local_interior",10,16,208617,"UN-MCCD",0,0.962962962962963,0.481481481481481,0,7,-1,"ok","-"
"local_interior_d10","local_interior",10,16,208617,"SUN-MCCD",0,1,0.5,0,0,-1,"ok","-"
"local_interior_d10","local_interior",10,16,208617,"LOF",0,1,0.5,0,0,-1,"ok","-"
"local_interior_d10","local_interior",10,16,208617,"DBSCAN",0,1,0.5,0,0,-1,"ok","-"
"local_interior_d10","local_interior",10,16,208617,"MST",0,0.835978835978836,0.417989417989418,0,31,-1,"ok","-"
"local_interior_d10","local_interior",10,16,208617,"ODIN",0,0.915343915343915,0.457671957671958,0,16,-1,"ok","-"
"local_interior_d10","local_interior",10,16,208617,"iForest",0,1,0.5,0,0,-1,"ok","-"
"local_interior_d10","local_interior",10,17,208618,"U-MCCD",0,0.968253968253968,0.484126984126984,0,6,-1,"ok","-"
"local_interior_d10","local_interior",10,17,208618,"SU-MCCD",0,0.936507936507937,0.468253968253968,0,12,-1,"ok","-"
"local_interior_d10","local_interior",10,17,208618,"UN-MCCD",0,0.952380952380952,0.476190476190476,0,9,-1,"ok","-"
"local_interior_d10","local_interior",10,17,208618,"SUN-MCCD",0,1,0.5,0,0,-1,"ok","-"
"local_interior_d10","local_interior",10,17,208618,"LOF",0,1,0.5,0,0,-1,"ok","-"
"local_interior_d10","local_interior",10,17,208618,"DBSCAN",0,1,0.5,0,0,-1,"ok","-"
"local_interior_d10","local_interior",10,17,208618,"MST",0,0.846560846560847,0.423280423280423,0,29,-1,"ok","-"
"local_interior_d10","local_interior",10,17,208618,"ODIN",0,0.888888888888889,0.444444444444444,0,21,-1,"ok","-"
"local_interior_d10","local_interior",10,17,208618,"iForest",0,1,0.5,0,0,-1,"ok","-"
"local_interior_d10","local_interior",10,18,208619,"U-MCCD",0,0.931216931216931,0.465608465608466,0,13,-1,"ok","-"
"local_interior_d10","local_interior",10,18,208619,"SU-MCCD",0,0.984126984126984,0.492063492063492,0,3,-1,"ok","-"
"local_interior_d10","local_interior",10,18,208619,"UN-MCCD",0,0.994708994708995,0.497354497354497,0,1,-1,"ok","-"
"local_interior_d10","local_interior",10,18,208619,"SUN-MCCD",0,1,0.5,0,0,-1,"ok","-"
"local_interior_d10","local_interior",10,18,208619,"LOF",0,1,0.5,0,0,-1,"ok","-"
"local_interior_d10","local_interior",10,18,208619,"DBSCAN",0,1,0.5,0,0,-1,"ok","-"
"local_interior_d10","local_interior",10,18,208619,"MST",0,0.931216931216931,0.465608465608466,0,13,-1,"ok","-"
"local_interior_d10","local_interior",10,18,208619,"ODIN",0,0.915343915343915,0.457671957671958,0,16,-1,"ok","-"
"local_interior_d10","local_interior",10,18,208619,"iForest",0,1,0.5,0,0,-1,"ok","-"
"local_interior_d10","local_interior",10,19,208620,"U-MCCD",0,0.978835978835979,0.489417989417989,0,4,-1,"ok","-"
"local_interior_d10","local_interior",10,19,208620,"SU-MCCD",0,0.968253968253968,0.484126984126984,0,6,-1,"ok","-"
"local_interior_d10","local_interior",10,19,208620,"UN-MCCD",0,0.994708994708995,0.497354497354497,0,1,-1,"ok","-"
"local_interior_d10","local_interior",10,19,208620,"SUN-MCCD",0,1,0.5,0,0,-1,"ok","-"
"local_interior_d10","local_interior",10,19,208620,"LOF",0,1,0.5,0,0,-1,"ok","-"
"local_interior_d10","local_interior",10,19,208620,"DBSCAN",0,1,0.5,0,0,-1,"ok","-"
"local_interior_d10","local_interior",10,19,208620,"MST",0,0.841269841269841,0.420634920634921,0,30,-1,"ok","-"
"local_interior_d10","local_interior",10,19,208620,"ODIN",0,0.91005291005291,0.455026455026455,0,17,-1,"ok","-"
"local_interior_d10","local_interior",10,19,208620,"iForest",0,1,0.5,0,0,-1,"ok","-"
"local_interior_d10","local_interior",10,20,208621,"U-MCCD",0,0.957671957671958,0.478835978835979,0,8,-1,"ok","-"
"local_interior_d10","local_interior",10,20,208621,"SU-MCCD",0,0.994708994708995,0.497354497354497,0,1,-1,"ok","-"
"local_interior_d10","local_interior",10,20,208621,"UN-MCCD",0,0.978835978835979,0.489417989417989,0,4,-1,"ok","-"
"local_interior_d10","local_interior",10,20,208621,"SUN-MCCD",0,0.973544973544973,0.486772486772487,0,5,-1,"ok","-"
"local_interior_d10","local_interior",10,20,208621,"LOF",0,1,0.5,0,0,-1,"ok","-"
"local_interior_d10","local_interior",10,20,208621,"DBSCAN",0,1,0.5,0,0,-1,"ok","-"
"local_interior_d10","local_interior",10,20,208621,"MST",0,0.82010582010582,0.41005291005291,0,34,-1,"ok","-"
"local_interior_d10","local_interior",10,20,208621,"ODIN",0,0.888888888888889,0.444444444444444,0,21,-1,"ok","-"
"local_interior_d10","local_interior",10,20,208621,"iForest",0,1,0.5,0,0,-1,"ok","-"
"local_interior_d10","local_interior",10,21,208622,"U-MCCD",0,0.915343915343915,0.457671957671958,0,16,-1,"ok","-"
"local_interior_d10","local_interior",10,21,208622,"SU-MCCD",0,0.957671957671958,0.478835978835979,0,8,-1,"ok","-"
"local_interior_d10","local_interior",10,21,208622,"UN-MCCD",0,0.962962962962963,0.481481481481481,0,7,-1,"ok","-"
"local_interior_d10","local_interior",10,21,208622,"SUN-MCCD",0,0.994708994708995,0.497354497354497,0,1,-1,"ok","-"
"local_interior_d10","local_interior",10,21,208622,"LOF",0,1,0.5,0,0,-1,"ok","-"
"local_interior_d10","local_interior",10,21,208622,"DBSCAN",0,1,0.5,0,0,-1,"ok","-"
"local_interior_d10","local_interior",10,21,208622,"MST",0,0.91005291005291,0.455026455026455,0,17,-1,"ok","-"
"local_interior_d10","local_interior",10,21,208622,"ODIN",0,0.867724867724868,0.433862433862434,0,25,-1,"ok","-"
"local_interior_d10","local_interior",10,21,208622,"iForest",0,1,0.5,0,0,-1,"ok","-"
"local_interior_d10","local_interior",10,22,208623,"U-MCCD",0,0.925925925925926,0.462962962962963,0,14,-1,"ok","-"
"local_interior_d10","local_interior",10,22,208623,"SU-MCCD",0,0.867724867724868,0.433862433862434,0,25,-1,"ok","-"
"local_interior_d10","local_interior",10,22,208623,"UN-MCCD",0,0.994708994708995,0.497354497354497,0,1,-1,"ok","-"
"local_interior_d10","local_interior",10,22,208623,"SUN-MCCD",0,0.968253968253968,0.484126984126984,0,6,-1,"ok","-"
"local_interior_d10","local_interior",10,22,208623,"LOF",0,1,0.5,0,0,-1,"ok","-"
"local_interior_d10","local_interior",10,22,208623,"DBSCAN",0,1,0.5,0,0,-1,"ok","-"
"local_interior_d10","local_interior",10,22,208623,"MST",0,0.80952380952381,0.404761904761905,0,36,-1,"ok","-"
"local_interior_d10","local_interior",10,22,208623,"ODIN",0,0.883597883597884,0.441798941798942,0,22,-1,"ok","-"
"local_interior_d10","local_interior",10,22,208623,"iForest",0,1,0.5,0,0,-1,"ok","-"
"local_interior_d10","local_interior",10,23,208624,"U-MCCD",0,0.989417989417989,0.494708994708995,0,2,-1,"ok","-"
"local_interior_d10","local_interior",10,23,208624,"SU-MCCD",0,0.973544973544973,0.486772486772487,0,5,-1,"ok","-"
"local_interior_d10","local_interior",10,23,208624,"UN-MCCD",0,1,0.5,0,0,-1,"ok","-"
"local_interior_d10","local_interior",10,23,208624,"SUN-MCCD",0,1,0.5,0,0,-1,"ok","-"
"local_interior_d10","local_interior",10,23,208624,"LOF",0,1,0.5,0,0,-1,"ok","-"
"local_interior_d10","local_interior",10,23,208624,"DBSCAN",0,1,0.5,0,0,-1,"ok","-"
"local_interior_d10","local_interior",10,23,208624,"MST",0,0.904761904761905,0.452380952380952,0,18,-1,"ok","-"
"local_interior_d10","local_interior",10,23,208624,"ODIN",0,0.920634920634921,0.46031746031746,0,15,-1,"ok","-"
"local_interior_d10","local_interior",10,23,208624,"iForest",0,1,0.5,0,0,-1,"ok","-"
"local_interior_d10","local_interior",10,24,208625,"U-MCCD",0,0.989417989417989,0.494708994708995,0,2,-1,"ok","-"
"local_interior_d10","local_interior",10,24,208625,"SU-MCCD",0,0.989417989417989,0.494708994708995,0,2,-1,"ok","-"
"local_interior_d10","local_interior",10,24,208625,"UN-MCCD",0,0.984126984126984,0.492063492063492,0,3,-1,"ok","-"
"local_interior_d10","local_interior",10,24,208625,"SUN-MCCD",0,1,0.5,0,0,-1,"ok","-"
"local_interior_d10","local_interior",10,24,208625,"LOF",0,1,0.5,0,0,-1,"ok","-"
"local_interior_d10","local_interior",10,24,208625,"DBSCAN",0,0.994708994708995,0.497354497354497,0,1,-1,"ok","-"
"local_interior_d10","local_interior",10,24,208625,"MST",0,0.862433862433862,0.431216931216931,0,26,-1,"ok","-"
"local_interior_d10","local_interior",10,24,208625,"ODIN",0,0.894179894179894,0.447089947089947,0,20,-1,"ok","-"
"local_interior_d10","local_interior",10,24,208625,"iForest",0,1,0.5,0,0,-1,"ok","-"
"local_interior_d10","local_interior",10,25,208626,"U-MCCD",0,1,0.5,0,0,-1,"ok","-"
"local_interior_d10","local_interior",10,25,208626,"SU-MCCD",0,0.994708994708995,0.497354497354497,0,1,-1,"ok","-"
"local_interior_d10","local_interior",10,25,208626,"UN-MCCD",0,1,0.5,0,0,-1,"ok","-"
"local_interior_d10","local_interior",10,25,208626,"SUN-MCCD",0,0.989417989417989,0.494708994708995,0,2,-1,"ok","-"
"local_interior_d10","local_interior",10,25,208626,"LOF",0,1,0.5,0,0,-1,"ok","-"
"local_interior_d10","local_interior",10,25,208626,"DBSCAN",0,1,0.5,0,0,-1,"ok","-"
"local_interior_d10","local_interior",10,25,208626,"MST",0,0.804232804232804,0.402116402116402,0,37,-1,"ok","-"
"local_interior_d10","local_interior",10,25,208626,"ODIN",0,0.899470899470899,0.44973544973545,0,19,-1,"ok","-"
"local_interior_d10","local_interior",10,25,208626,"iForest",0,1,0.5,0,0,-1,"ok","-"
"local_interior_d10","local_interior",10,26,208627,"U-MCCD",0,0.746031746031746,0.373015873015873,0,48,-1,"ok","-"
"local_interior_d10","local_interior",10,26,208627,"SU-MCCD",0,0.989417989417989,0.494708994708995,0,2,-1,"ok","-"
"local_interior_d10","local_interior",10,26,208627,"UN-MCCD",0,0.989417989417989,0.494708994708995,0,2,-1,"ok","-"
"local_interior_d10","local_interior",10,26,208627,"SUN-MCCD",0,0.994708994708995,0.497354497354497,0,1,-1,"ok","-"
"local_interior_d10","local_interior",10,26,208627,"LOF",0,1,0.5,0,0,-1,"ok","-"
"local_interior_d10","local_interior",10,26,208627,"DBSCAN",0,0.994708994708995,0.497354497354497,0,1,-1,"ok","-"
"local_interior_d10","local_interior",10,26,208627,"MST",0,0.867724867724868,0.433862433862434,0,25,-1,"ok","-"
"local_interior_d10","local_interior",10,26,208627,"ODIN",0,0.894179894179894,0.447089947089947,0,20,-1,"ok","-"
"local_interior_d10","local_interior",10,26,208627,"iForest",0,1,0.5,0,0,-1,"ok","-"
"local_interior_d10","local_interior",10,27,208628,"U-MCCD",0,0.756613756613757,0.378306878306878,0,46,-1,"ok","-"
"local_interior_d10","local_interior",10,27,208628,"SU-MCCD",0,0.947089947089947,0.473544973544974,0,10,-1,"ok","-"
"local_interior_d10","local_interior",10,27,208628,"UN-MCCD",0,0.878306878306878,0.439153439153439,0,23,-1,"ok","-"
"local_interior_d10","local_interior",10,27,208628,"SUN-MCCD",0,0.994708994708995,0.497354497354497,0,1,-1,"ok","-"
"local_interior_d10","local_interior",10,27,208628,"LOF",0,1,0.5,0,0,-1,"ok","-"
"local_interior_d10","local_interior",10,27,208628,"DBSCAN",0,0.994708994708995,0.497354497354497,0,1,-1,"ok","-"
"local_interior_d10","local_interior",10,27,208628,"MST",0,0.873015873015873,0.436507936507937,0,24,-1,"ok","-"
"local_interior_d10","local_interior",10,27,208628,"ODIN",0,0.91005291005291,0.455026455026455,0,17,-1,"ok","-"
"local_interior_d10","local_interior",10,27,208628,"iForest",0,1,0.5,0,0,-1,"ok","-"
"local_interior_d10","local_interior",10,28,208629,"U-MCCD",0,0.873015873015873,0.436507936507937,0,24,-1,"ok","-"
"local_interior_d10","local_interior",10,28,208629,"SU-MCCD",0,0.915343915343915,0.457671957671958,0,16,-1,"ok","-"
"local_interior_d10","local_interior",10,28,208629,"UN-MCCD",0,0.978835978835979,0.489417989417989,0,4,-1,"ok","-"
"local_interior_d10","local_interior",10,28,208629,"SUN-MCCD",0,1,0.5,0,0,-1,"ok","-"
"local_interior_d10","local_interior",10,28,208629,"LOF",0,1,0.5,0,0,-1,"ok","-"
"local_interior_d10","local_interior",10,28,208629,"DBSCAN",0,0.994708994708995,0.497354497354497,0,1,-1,"ok","-"
"local_interior_d10","local_interior",10,28,208629,"MST",0,0.857142857142857,0.428571428571429,0,27,-1,"ok","-"
"local_interior_d10","local_interior",10,28,208629,"ODIN",0,0.915343915343915,0.457671957671958,0,16,-1,"ok","-"
"local_interior_d10","local_interior",10,28,208629,"iForest",0,1,0.5,0,0,-1,"ok","-"
"local_interior_d10","local_interior",10,29,208630,"U-MCCD",0,1,0.5,0,0,-1,"ok","-"
"local_interior_d10","local_interior",10,29,208630,"SU-MCCD",0.5,0.497354497354497,0.498677248677249,0.178571428571429,100,-1,"ok","-"
"local_interior_d10","local_interior",10,29,208630,"UN-MCCD",0,1,0.5,0,0,-1,"ok","-"
"local_interior_d10","local_interior",10,29,208630,"SUN-MCCD",0,1,0.5,0,0,-1,"ok","-"
"local_interior_d10","local_interior",10,29,208630,"LOF",0,1,0.5,0,0,-1,"ok","-"
"local_interior_d10","local_interior",10,29,208630,"DBSCAN",0,1,0.5,0,0,-1,"ok","-"
"local_interior_d10","local_interior",10,29,208630,"MST",0,0.883597883597884,0.441798941798942,0,22,-1,"ok","-"
"local_interior_d10","local_interior",10,29,208630,"ODIN",0,0.91005291005291,0.455026455026455,0,17,-1,"ok","-"
"local_interior_d10","local_interior",10,29,208630,"iForest",0,1,0.5,0,0,-1,"ok","-"
"local_interior_d10","local_interior",10,30,208631,"U-MCCD",0,0.968253968253968,0.484126984126984,0,6,-1,"ok","-"
"local_interior_d10","local_interior",10,30,208631,"SU-MCCD",0,0.968253968253968,0.484126984126984,0,6,-1,"ok","-"
"local_interior_d10","local_interior",10,30,208631,"UN-MCCD",0,0.978835978835979,0.489417989417989,0,4,-1,"ok","-"
"local_interior_d10","local_interior",10,30,208631,"SUN-MCCD",0,1,0.5,0,0,-1,"ok","-"
"local_interior_d10","local_interior",10,30,208631,"LOF",0,1,0.5,0,0,-1,"ok","-"
"local_interior_d10","local_interior",10,30,208631,"DBSCAN",0,0.994708994708995,0.497354497354497,0,1,-1,"ok","-"
"local_interior_d10","local_interior",10,30,208631,"MST",0,0.873015873015873,0.436507936507937,0,24,-1,"ok","-"
"local_interior_d10","local_interior",10,30,208631,"ODIN",0,0.867724867724868,0.433862433862434,0,25,-1,"ok","-"
"local_interior_d10","local_interior",10,30,208631,"iForest",0,1,0.5,0,0,-1,"ok","-"
"local_interior_d10","local_interior",10,31,208632,"U-MCCD",0,0.968253968253968,0.484126984126984,0,6,-1,"ok","-"
"local_interior_d10","local_interior",10,31,208632,"SU-MCCD",0.5,0.476190476190476,0.488095238095238,0.173611111111111,104,-1,"ok","-"
"local_interior_d10","local_interior",10,31,208632,"UN-MCCD",0,0.862433862433862,0.431216931216931,0,26,-1,"ok","-"
"local_interior_d10","local_interior",10,31,208632,"SUN-MCCD",0,1,0.5,0,0,-1,"ok","-"
"local_interior_d10","local_interior",10,31,208632,"LOF",0,1,0.5,0,0,-1,"ok","-"
"local_interior_d10","local_interior",10,31,208632,"DBSCAN",0,1,0.5,0,0,-1,"ok","-"
"local_interior_d10","local_interior",10,31,208632,"MST",0,0.788359788359788,0.394179894179894,0,40,-1,"ok","-"
"local_interior_d10","local_interior",10,31,208632,"ODIN",0,0.878306878306878,0.439153439153439,0,23,-1,"ok","-"
"local_interior_d10","local_interior",10,31,208632,"iForest",0,1,0.5,0,0,-1,"ok","-"
"local_interior_d10","local_interior",10,32,208633,"U-MCCD",0,1,0.5,0,0,-1,"ok","-"
"local_interior_d10","local_interior",10,32,208633,"SU-MCCD",0,0.984126984126984,0.492063492063492,0,3,-1,"ok","-"
"local_interior_d10","local_interior",10,32,208633,"UN-MCCD",0,1,0.5,0,0,-1,"ok","-"
"local_interior_d10","local_interior",10,32,208633,"SUN-MCCD",0,1,0.5,0,0,-1,"ok","-"
"local_interior_d10","local_interior",10,32,208633,"LOF",0,1,0.5,0,0,-1,"ok","-"
"local_interior_d10","local_interior",10,32,208633,"DBSCAN",0,1,0.5,0,0,-1,"ok","-"
"local_interior_d10","local_interior",10,32,208633,"MST",0,0.888888888888889,0.444444444444444,0,21,-1,"ok","-"
"local_interior_d10","local_interior",10,32,208633,"ODIN",0,0.947089947089947,0.473544973544974,0,10,-1,"ok","-"
"local_interior_d10","local_interior",10,32,208633,"iForest",0,1,0.5,0,0,-1,"ok","-"
"local_interior_d10","local_interior",10,33,208634,"U-MCCD",0,0.846560846560847,0.423280423280423,0,29,-1,"ok","-"
"local_interior_d10","local_interior",10,33,208634,"SU-MCCD",0,0.973544973544973,0.486772486772487,0,5,-1,"ok","-"
"local_interior_d10","local_interior",10,33,208634,"UN-MCCD",0,0.968253968253968,0.484126984126984,0,6,-1,"ok","-"
"local_interior_d10","local_interior",10,33,208634,"SUN-MCCD",0,0.994708994708995,0.497354497354497,0,1,-1,"ok","-"
"local_interior_d10","local_interior",10,33,208634,"LOF",0,1,0.5,0,0,-1,"ok","-"
"local_interior_d10","local_interior",10,33,208634,"DBSCAN",0,0.994708994708995,0.497354497354497,0,1,-1,"ok","-"
"local_interior_d10","local_interior",10,33,208634,"MST",0,0.814814814814815,0.407407407407407,0,35,-1,"ok","-"
"local_interior_d10","local_interior",10,33,208634,"ODIN",0,0.867724867724868,0.433862433862434,0,25,-1,"ok","-"
"local_interior_d10","local_interior",10,33,208634,"iForest",0,1,0.5,0,0,-1,"ok","-"
"local_interior_d10","local_interior",10,34,208635,"U-MCCD",0,0.888888888888889,0.444444444444444,0,21,-1,"ok","-"
"local_interior_d10","local_interior",10,34,208635,"SU-MCCD",0,0.920634920634921,0.46031746031746,0,15,-1,"ok","-"
"local_interior_d10","local_interior",10,34,208635,"UN-MCCD",0,0.957671957671958,0.478835978835979,0,8,-1,"ok","-"
"local_interior_d10","local_interior",10,34,208635,"SUN-MCCD",0,1,0.5,0,0,-1,"ok","-"
"local_interior_d10","local_interior",10,34,208635,"LOF",0,1,0.5,0,0,-1,"ok","-"
"local_interior_d10","local_interior",10,34,208635,"DBSCAN",0,1,0.5,0,0,-1,"ok","-"
"local_interior_d10","local_interior",10,34,208635,"MST",0,0.841269841269841,0.420634920634921,0,30,-1,"ok","-"
"local_interior_d10","local_interior",10,34,208635,"ODIN",0,0.883597883597884,0.441798941798942,0,22,-1,"ok","-"
"local_interior_d10","local_interior",10,34,208635,"iForest",0,1,0.5,0,0,-1,"ok","-"
"local_interior_d10","local_interior",10,35,208636,"U-MCCD",0,0.682539682539683,0.341269841269841,0,60,-1,"ok","-"
"local_interior_d10","local_interior",10,35,208636,"SU-MCCD",0.5,0.46031746031746,0.48015873015873,0.170068027210884,107,-1,"ok","-"
"local_interior_d10","local_interior",10,35,208636,"UN-MCCD",0,1,0.5,0,0,-1,"ok","-"
"local_interior_d10","local_interior",10,35,208636,"SUN-MCCD",0,1,0.5,0,0,-1,"ok","-"
"local_interior_d10","local_interior",10,35,208636,"LOF",0,1,0.5,0,0,-1,"ok","-"
"local_interior_d10","local_interior",10,35,208636,"DBSCAN",0,1,0.5,0,0,-1,"ok","-"
"local_interior_d10","local_interior",10,35,208636,"MST",0,0.777777777777778,0.388888888888889,0,42,-1,"ok","-"
"local_interior_d10","local_interior",10,35,208636,"ODIN",0,0.788359788359788,0.394179894179894,0,40,-1,"ok","-"
"local_interior_d10","local_interior",10,35,208636,"iForest",0,1,0.5,0,0,-1,"ok","-"
"local_interior_d10","local_interior",10,36,208637,"U-MCCD",0,0.973544973544973,0.486772486772487,0,5,-1,"ok","-"
"local_interior_d10","local_interior",10,36,208637,"SU-MCCD",0,0.973544973544973,0.486772486772487,0,5,-1,"ok","-"
"local_interior_d10","local_interior",10,36,208637,"UN-MCCD",0,1,0.5,0,0,-1,"ok","-"
"local_interior_d10","local_interior",10,36,208637,"SUN-MCCD",0,1,0.5,0,0,-1,"ok","-"
"local_interior_d10","local_interior",10,36,208637,"LOF",0,1,0.5,0,0,-1,"ok","-"
"local_interior_d10","local_interior",10,36,208637,"DBSCAN",0,1,0.5,0,0,-1,"ok","-"
"local_interior_d10","local_interior",10,36,208637,"MST",0,0.772486772486772,0.386243386243386,0,43,-1,"ok","-"
"local_interior_d10","local_interior",10,36,208637,"ODIN",0,0.835978835978836,0.417989417989418,0,31,-1,"ok","-"
"local_interior_d10","local_interior",10,36,208637,"iForest",0,1,0.5,0,0,-1,"ok","-"
"local_interior_d10","local_interior",10,37,208638,"U-MCCD",0,0.899470899470899,0.44973544973545,0,19,-1,"ok","-"
"local_interior_d10","local_interior",10,37,208638,"SU-MCCD",0.5,0.502645502645503,0.501322751322751,0.179856115107914,99,-1,"ok","-"
"local_interior_d10","local_interior",10,37,208638,"UN-MCCD",0,0.984126984126984,0.492063492063492,0,3,-1,"ok","-"
"local_interior_d10","local_interior",10,37,208638,"SUN-MCCD",0,0.989417989417989,0.494708994708995,0,2,-1,"ok","-"
"local_interior_d10","local_interior",10,37,208638,"LOF",0,1,0.5,0,0,-1,"ok","-"
"local_interior_d10","local_interior",10,37,208638,"DBSCAN",0,1,0.5,0,0,-1,"ok","-"
"local_interior_d10","local_interior",10,37,208638,"MST",0,0.825396825396825,0.412698412698413,0,33,-1,"ok","-"
"local_interior_d10","local_interior",10,37,208638,"ODIN",0,0.878306878306878,0.439153439153439,0,23,-1,"ok","-"
"local_interior_d10","local_interior",10,37,208638,"iForest",0,1,0.5,0,0,-1,"ok","-"
"local_interior_d10","local_interior",10,38,208639,"U-MCCD",0,0.920634920634921,0.46031746031746,0,15,-1,"ok","-"
"local_interior_d10","local_interior",10,38,208639,"SU-MCCD",0,0.656084656084656,0.328042328042328,0,65,-1,"ok","-"
"local_interior_d10","local_interior",10,38,208639,"UN-MCCD",0,0.994708994708995,0.497354497354497,0,1,-1,"ok","-"
"local_interior_d10","local_interior",10,38,208639,"SUN-MCCD",0,1,0.5,0,0,-1,"ok","-"
"local_interior_d10","local_interior",10,38,208639,"LOF",0,1,0.5,0,0,-1,"ok","-"
"local_interior_d10","local_interior",10,38,208639,"DBSCAN",0,1,0.5,0,0,-1,"ok","-"
"local_interior_d10","local_interior",10,38,208639,"MST",0,0.925925925925926,0.462962962962963,0,14,-1,"ok","-"
"local_interior_d10","local_interior",10,38,208639,"ODIN",0,0.894179894179894,0.447089947089947,0,20,-1,"ok","-"
"local_interior_d10","local_interior",10,38,208639,"iForest",0,1,0.5,0,0,-1,"ok","-"
"local_interior_d10","local_interior",10,39,208640,"U-MCCD",0,0.984126984126984,0.492063492063492,0,3,-1,"ok","-"
"local_interior_d10","local_interior",10,39,208640,"SU-MCCD",0,0.994708994708995,0.497354497354497,0,1,-1,"ok","-"
"local_interior_d10","local_interior",10,39,208640,"UN-MCCD",0,0.994708994708995,0.497354497354497,0,1,-1,"ok","-"
"local_interior_d10","local_interior",10,39,208640,"SUN-MCCD",0,0.984126984126984,0.492063492063492,0,3,-1,"ok","-"
"local_interior_d10","local_interior",10,39,208640,"LOF",0,1,0.5,0,0,-1,"ok","-"
"local_interior_d10","local_interior",10,39,208640,"DBSCAN",0,1,0.5,0,0,-1,"ok","-"
"local_interior_d10","local_interior",10,39,208640,"MST",0,0.793650793650794,0.396825396825397,0,39,-1,"ok","-"
"local_interior_d10","local_interior",10,39,208640,"ODIN",0,0.920634920634921,0.46031746031746,0,15,-1,"ok","-"
"local_interior_d10","local_interior",10,39,208640,"iForest",0,1,0.5,0,0,-1,"ok","-"
"local_interior_d10","local_interior",10,40,208641,"U-MCCD",0,0.883597883597884,0.441798941798942,0,22,-1,"ok","-"
"local_interior_d10","local_interior",10,40,208641,"SU-MCCD",0,0.978835978835979,0.489417989417989,0,4,-1,"ok","-"
"local_interior_d10","local_interior",10,40,208641,"UN-MCCD",0,0.968253968253968,0.484126984126984,0,6,-1,"ok","-"
"local_interior_d10","local_interior",10,40,208641,"SUN-MCCD",0,0.989417989417989,0.494708994708995,0,2,-1,"ok","-"
"local_interior_d10","local_interior",10,40,208641,"LOF",0,1,0.5,0,0,-1,"ok","-"
"local_interior_d10","local_interior",10,40,208641,"DBSCAN",0,1,0.5,0,0,-1,"ok","-"
"local_interior_d10","local_interior",10,40,208641,"MST",0,0.851851851851852,0.425925925925926,0,28,-1,"ok","-"
"local_interior_d10","local_interior",10,40,208641,"ODIN",0,0.888888888888889,0.444444444444444,0,21,-1,"ok","-"
"local_interior_d10","local_interior",10,40,208641,"iForest",0,1,0.5,0,0,-1,"ok","-"
"local_interior_d10","local_interior",10,41,208642,"U-MCCD",0,0.873015873015873,0.436507936507937,0,24,-1,"ok","-"
"local_interior_d10","local_interior",10,41,208642,"SU-MCCD",0.5,0.502645502645503,0.501322751322751,0.179856115107914,99,-1,"ok","-"
"local_interior_d10","local_interior",10,41,208642,"UN-MCCD",0,1,0.5,0,0,-1,"ok","-"
"local_interior_d10","local_interior",10,41,208642,"SUN-MCCD",0,0.989417989417989,0.494708994708995,0,2,-1,"ok","-"
"local_interior_d10","local_interior",10,41,208642,"LOF",0,1,0.5,0,0,-1,"ok","-"
"local_interior_d10","local_interior",10,41,208642,"DBSCAN",0,0.994708994708995,0.497354497354497,0,1,-1,"ok","-"
"local_interior_d10","local_interior",10,41,208642,"MST",0,0.867724867724868,0.433862433862434,0,25,-1,"ok","-"
"local_interior_d10","local_interior",10,41,208642,"ODIN",0,0.883597883597884,0.441798941798942,0,22,-1,"ok","-"
"local_interior_d10","local_interior",10,41,208642,"iForest",0,1,0.5,0,0,-1,"ok","-"
"local_interior_d10","local_interior",10,42,208643,"U-MCCD",0,0.883597883597884,0.441798941798942,0,22,-1,"ok","-"
"local_interior_d10","local_interior",10,42,208643,"SU-MCCD",0.5,0.391534391534392,0.445767195767196,0.15625,120,-1,"ok","-"
"local_interior_d10","local_interior",10,42,208643,"UN-MCCD",0,0.994708994708995,0.497354497354497,0,1,-1,"ok","-"
"local_interior_d10","local_interior",10,42,208643,"SUN-MCCD",0,0.994708994708995,0.497354497354497,0,1,-1,"ok","-"
"local_interior_d10","local_interior",10,42,208643,"LOF",0,1,0.5,0,0,-1,"ok","-"
"local_interior_d10","local_interior",10,42,208643,"DBSCAN",0,1,0.5,0,0,-1,"ok","-"
"local_interior_d10","local_interior",10,42,208643,"MST",0,0.862433862433862,0.431216931216931,0,26,-1,"ok","-"
"local_interior_d10","local_interior",10,42,208643,"ODIN",0,0.835978835978836,0.417989417989418,0,31,-1,"ok","-"
"local_interior_d10","local_interior",10,42,208643,"iForest",0,1,0.5,0,0,-1,"ok","-"
"local_interior_d10","local_interior",10,43,208644,"U-MCCD",0,0.952380952380952,0.476190476190476,0,9,-1,"ok","-"
"local_interior_d10","local_interior",10,43,208644,"SU-MCCD",0,0.978835978835979,0.489417989417989,0,4,-1,"ok","-"
"local_interior_d10","local_interior",10,43,208644,"UN-MCCD",0,0.978835978835979,0.489417989417989,0,4,-1,"ok","-"
"local_interior_d10","local_interior",10,43,208644,"SUN-MCCD",0,1,0.5,0,0,-1,"ok","-"
"local_interior_d10","local_interior",10,43,208644,"LOF",0,1,0.5,0,0,-1,"ok","-"
"local_interior_d10","local_interior",10,43,208644,"DBSCAN",0,1,0.5,0,0,-1,"ok","-"
"local_interior_d10","local_interior",10,43,208644,"MST",0,0.899470899470899,0.44973544973545,0,19,-1,"ok","-"
"local_interior_d10","local_interior",10,43,208644,"ODIN",0,0.904761904761905,0.452380952380952,0,18,-1,"ok","-"
"local_interior_d10","local_interior",10,43,208644,"iForest",0,1,0.5,0,0,-1,"ok","-"
"local_interior_d10","local_interior",10,44,208645,"U-MCCD",0,0.793650793650794,0.396825396825397,0,39,-1,"ok","-"
"local_interior_d10","local_interior",10,44,208645,"SU-MCCD",0.5,0.502645502645503,0.501322751322751,0.179856115107914,99,-1,"ok","-"
"local_interior_d10","local_interior",10,44,208645,"UN-MCCD",0,1,0.5,0,0,-1,"ok","-"
"local_interior_d10","local_interior",10,44,208645,"SUN-MCCD",0,1,0.5,0,0,-1,"ok","-"
"local_interior_d10","local_interior",10,44,208645,"LOF",0,1,0.5,0,0,-1,"ok","-"
"local_interior_d10","local_interior",10,44,208645,"DBSCAN",0,0.994708994708995,0.497354497354497,0,1,-1,"ok","-"
"local_interior_d10","local_interior",10,44,208645,"MST",0,0.835978835978836,0.417989417989418,0,31,-1,"ok","-"
"local_interior_d10","local_interior",10,44,208645,"ODIN",0,0.888888888888889,0.444444444444444,0,21,-1,"ok","-"
"local_interior_d10","local_interior",10,44,208645,"iForest",0,1,0.5,0,0,-1,"ok","-"
"local_interior_d10","local_interior",10,45,208646,"U-MCCD",0,0.973544973544973,0.486772486772487,0,5,-1,"ok","-"
"local_interior_d10","local_interior",10,45,208646,"SU-MCCD",0,0.978835978835979,0.489417989417989,0,4,-1,"ok","-"
"local_interior_d10","local_interior",10,45,208646,"UN-MCCD",0,0.973544973544973,0.486772486772487,0,5,-1,"ok","-"
"local_interior_d10","local_interior",10,45,208646,"SUN-MCCD",0,1,0.5,0,0,-1,"ok","-"
"local_interior_d10","local_interior",10,45,208646,"LOF",0,1,0.5,0,0,-1,"ok","-"
"local_interior_d10","local_interior",10,45,208646,"DBSCAN",0,1,0.5,0,0,-1,"ok","-"
"local_interior_d10","local_interior",10,45,208646,"MST",0,0.873015873015873,0.436507936507937,0,24,-1,"ok","-"
"local_interior_d10","local_interior",10,45,208646,"ODIN",0,0.888888888888889,0.444444444444444,0,21,-1,"ok","-"
"local_interior_d10","local_interior",10,45,208646,"iForest",0,1,0.5,0,0,-1,"ok","-"
"local_interior_d10","local_interior",10,46,208647,"U-MCCD",0,0.867724867724868,0.433862433862434,0,25,-1,"ok","-"
"local_interior_d10","local_interior",10,46,208647,"SU-MCCD",0,0.936507936507937,0.468253968253968,0,12,-1,"ok","-"
"local_interior_d10","local_interior",10,46,208647,"UN-MCCD",0,0.978835978835979,0.489417989417989,0,4,-1,"ok","-"
"local_interior_d10","local_interior",10,46,208647,"SUN-MCCD",0,1,0.5,0,0,-1,"ok","-"
"local_interior_d10","local_interior",10,46,208647,"LOF",0,1,0.5,0,0,-1,"ok","-"
"local_interior_d10","local_interior",10,46,208647,"DBSCAN",0,1,0.5,0,0,-1,"ok","-"
"local_interior_d10","local_interior",10,46,208647,"MST",0,0.862433862433862,0.431216931216931,0,26,-1,"ok","-"
"local_interior_d10","local_interior",10,46,208647,"ODIN",0,0.883597883597884,0.441798941798942,0,22,-1,"ok","-"
"local_interior_d10","local_interior",10,46,208647,"iForest",0,1,0.5,0,0,-1,"ok","-"
"local_interior_d10","local_interior",10,47,208648,"U-MCCD",0,0.984126984126984,0.492063492063492,0,3,-1,"ok","-"
"local_interior_d10","local_interior",10,47,208648,"SU-MCCD",0,0.984126984126984,0.492063492063492,0,3,-1,"ok","-"
"local_interior_d10","local_interior",10,47,208648,"UN-MCCD",0,0.962962962962963,0.481481481481481,0,7,-1,"ok","-"
"local_interior_d10","local_interior",10,47,208648,"SUN-MCCD",0,1,0.5,0,0,-1,"ok","-"
"local_interior_d10","local_interior",10,47,208648,"LOF",0,1,0.5,0,0,-1,"ok","-"
"local_interior_d10","local_interior",10,47,208648,"DBSCAN",0,1,0.5,0,0,-1,"ok","-"
"local_interior_d10","local_interior",10,47,208648,"MST",0,0.857142857142857,0.428571428571429,0,27,-1,"ok","-"
"local_interior_d10","local_interior",10,47,208648,"ODIN",0,0.873015873015873,0.436507936507937,0,24,-1,"ok","-"
"local_interior_d10","local_interior",10,47,208648,"iForest",0,1,0.5,0,0,-1,"ok","-"
"local_interior_d10","local_interior",10,48,208649,"U-MCCD",0,0.984126984126984,0.492063492063492,0,3,-1,"ok","-"
"local_interior_d10","local_interior",10,48,208649,"SU-MCCD",0,0.989417989417989,0.494708994708995,0,2,-1,"ok","-"
"local_interior_d10","local_interior",10,48,208649,"UN-MCCD",0,1,0.5,0,0,-1,"ok","-"
"local_interior_d10","local_interior",10,48,208649,"SUN-MCCD",0,0.994708994708995,0.497354497354497,0,1,-1,"ok","-"
"local_interior_d10","local_interior",10,48,208649,"LOF",0,1,0.5,0,0,-1,"ok","-"
"local_interior_d10","local_interior",10,48,208649,"DBSCAN",0,1,0.5,0,0,-1,"ok","-"
"local_interior_d10","local_interior",10,48,208649,"MST",0,0.835978835978836,0.417989417989418,0,31,-1,"ok","-"
"local_interior_d10","local_interior",10,48,208649,"ODIN",0,0.904761904761905,0.452380952380952,0,18,-1,"ok","-"
"local_interior_d10","local_interior",10,48,208649,"iForest",0,1,0.5,0,0,-1,"ok","-"
"local_interior_d10","local_interior",10,49,208650,"U-MCCD",0,0.994708994708995,0.497354497354497,0,1,-1,"ok","-"
"local_interior_d10","local_interior",10,49,208650,"SU-MCCD",0,0.984126984126984,0.492063492063492,0,3,-1,"ok","-"
"local_interior_d10","local_interior",10,49,208650,"UN-MCCD",0,0.973544973544973,0.486772486772487,0,5,-1,"ok","-"
"local_interior_d10","local_interior",10,49,208650,"SUN-MCCD",0,0.994708994708995,0.497354497354497,0,1,-1,"ok","-"
"local_interior_d10","local_interior",10,49,208650,"LOF",0,1,0.5,0,0,-1,"ok","-"
"local_interior_d10","local_interior",10,49,208650,"DBSCAN",0,0.994708994708995,0.497354497354497,0,1,-1,"ok","-"
"local_interior_d10","local_interior",10,49,208650,"MST",0,0.915343915343915,0.457671957671958,0,16,-1,"ok","-"
"local_interior_d10","local_interior",10,49,208650,"ODIN",0,0.899470899470899,0.44973544973545,0,19,-1,"ok","-"
"local_interior_d10","local_interior",10,49,208650,"iForest",0,1,0.5,0,0,-1,"ok","-"
"local_interior_d10","local_interior",10,50,208651,"U-MCCD",0.1,0.523809523809524,0.311904761904762,0.0381679389312977,91,-1,"ok","-"
"local_interior_d10","local_interior",10,50,208651,"SU-MCCD",0.1,0.825396825396825,0.462698412698413,0.0675675675675676,34,-1,"ok","-"
"local_interior_d10","local_interior",10,50,208651,"UN-MCCD",0,0.989417989417989,0.494708994708995,0,2,-1,"ok","-"
"local_interior_d10","local_interior",10,50,208651,"SUN-MCCD",0,0.994708994708995,0.497354497354497,0,1,-1,"ok","-"
"local_interior_d10","local_interior",10,50,208651,"LOF",0,1,0.5,0,0,-1,"ok","-"
"local_interior_d10","local_interior",10,50,208651,"DBSCAN",0,1,0.5,0,0,-1,"ok","-"
"local_interior_d10","local_interior",10,50,208651,"MST",0,0.825396825396825,0.412698412698413,0,33,-1,"ok","-"
"local_interior_d10","local_interior",10,50,208651,"ODIN",0,0.825396825396825,0.412698412698413,0,33,-1,"ok","-"
"local_interior_d10","local_interior",10,50,208651,"iForest",0,1,0.5,0,0,-1,"ok","-"
"local_interior_d10","local_interior",10,51,208652,"U-MCCD",0,0.957671957671958,0.478835978835979,0,8,-1,"ok","-"
"local_interior_d10","local_interior",10,51,208652,"SU-MCCD",0.5,0.502645502645503,0.501322751322751,0.179856115107914,99,-1,"ok","-"
"local_interior_d10","local_interior",10,51,208652,"UN-MCCD",0,0.994708994708995,0.497354497354497,0,1,-1,"ok","-"
"local_interior_d10","local_interior",10,51,208652,"SUN-MCCD",0,0.994708994708995,0.497354497354497,0,1,-1,"ok","-"
"local_interior_d10","local_interior",10,51,208652,"LOF",0,1,0.5,0,0,-1,"ok","-"
"local_interior_d10","local_interior",10,51,208652,"DBSCAN",0,1,0.5,0,0,-1,"ok","-"
"local_interior_d10","local_interior",10,51,208652,"MST",0,0.873015873015873,0.436507936507937,0,24,-1,"ok","-"
"local_interior_d10","local_interior",10,51,208652,"ODIN",0,0.894179894179894,0.447089947089947,0,20,-1,"ok","-"
"local_interior_d10","local_interior",10,51,208652,"iForest",0,1,0.5,0,0,-1,"ok","-"
"local_interior_d10","local_interior",10,52,208653,"U-MCCD",0,0.978835978835979,0.489417989417989,0,4,-1,"ok","-"
"local_interior_d10","local_interior",10,52,208653,"SU-MCCD",0,1,0.5,0,0,-1,"ok","-"
"local_interior_d10","local_interior",10,52,208653,"UN-MCCD",0,0.984126984126984,0.492063492063492,0,3,-1,"ok","-"
"local_interior_d10","local_interior",10,52,208653,"SUN-MCCD",0,0.994708994708995,0.497354497354497,0,1,-1,"ok","-"
"local_interior_d10","local_interior",10,52,208653,"LOF",0,1,0.5,0,0,-1,"ok","-"
"local_interior_d10","local_interior",10,52,208653,"DBSCAN",0,1,0.5,0,0,-1,"ok","-"
"local_interior_d10","local_interior",10,52,208653,"MST",0,0.830687830687831,0.415343915343915,0,32,-1,"ok","-"
"local_interior_d10","local_interior",10,52,208653,"ODIN",0,0.920634920634921,0.46031746031746,0,15,-1,"ok","-"
"local_interior_d10","local_interior",10,52,208653,"iForest",0,1,0.5,0,0,-1,"ok","-"
"local_interior_d10","local_interior",10,53,208654,"U-MCCD",0,0.984126984126984,0.492063492063492,0,3,-1,"ok","-"
"local_interior_d10","local_interior",10,53,208654,"SU-MCCD",0,0.957671957671958,0.478835978835979,0,8,-1,"ok","-"
"local_interior_d10","local_interior",10,53,208654,"UN-MCCD",0,0.984126984126984,0.492063492063492,0,3,-1,"ok","-"
"local_interior_d10","local_interior",10,53,208654,"SUN-MCCD",0,0.994708994708995,0.497354497354497,0,1,-1,"ok","-"
"local_interior_d10","local_interior",10,53,208654,"LOF",0,1,0.5,0,0,-1,"ok","-"
"local_interior_d10","local_interior",10,53,208654,"DBSCAN",0,1,0.5,0,0,-1,"ok","-"
"local_interior_d10","local_interior",10,53,208654,"MST",0,0.830687830687831,0.415343915343915,0,32,-1,"ok","-"
"local_interior_d10","local_interior",10,53,208654,"ODIN",0,0.857142857142857,0.428571428571429,0,27,-1,"ok","-"
"local_interior_d10","local_interior",10,53,208654,"iForest",0,1,0.5,0,0,-1,"ok","-"
"local_interior_d10","local_interior",10,54,208655,"U-MCCD",0,0.925925925925926,0.462962962962963,0,14,-1,"ok","-"
"local_interior_d10","local_interior",10,54,208655,"SU-MCCD",0,1,0.5,0,0,-1,"ok","-"
"local_interior_d10","local_interior",10,54,208655,"UN-MCCD",0,0.984126984126984,0.492063492063492,0,3,-1,"ok","-"
"local_interior_d10","local_interior",10,54,208655,"SUN-MCCD",0,1,0.5,0,0,-1,"ok","-"
"local_interior_d10","local_interior",10,54,208655,"LOF",0,1,0.5,0,0,-1,"ok","-"
"local_interior_d10","local_interior",10,54,208655,"DBSCAN",0,1,0.5,0,0,-1,"ok","-"
"local_interior_d10","local_interior",10,54,208655,"MST",0,0.867724867724868,0.433862433862434,0,25,-1,"ok","-"
"local_interior_d10","local_interior",10,54,208655,"ODIN",0,0.915343915343915,0.457671957671958,0,16,-1,"ok","-"
"local_interior_d10","local_interior",10,54,208655,"iForest",0,1,0.5,0,0,-1,"ok","-"
"local_interior_d10","local_interior",10,55,208656,"U-MCCD",0,0.968253968253968,0.484126984126984,0,6,-1,"ok","-"
"local_interior_d10","local_interior",10,55,208656,"SU-MCCD",0,0.952380952380952,0.476190476190476,0,9,-1,"ok","-"
"local_interior_d10","local_interior",10,55,208656,"UN-MCCD",0,1,0.5,0,0,-1,"ok","-"
"local_interior_d10","local_interior",10,55,208656,"SUN-MCCD",0,1,0.5,0,0,-1,"ok","-"
"local_interior_d10","local_interior",10,55,208656,"LOF",0,1,0.5,0,0,-1,"ok","-"
"local_interior_d10","local_interior",10,55,208656,"DBSCAN",0,0.994708994708995,0.497354497354497,0,1,-1,"ok","-"
"local_interior_d10","local_interior",10,55,208656,"MST",0,0.846560846560847,0.423280423280423,0,29,-1,"ok","-"
"local_interior_d10","local_interior",10,55,208656,"ODIN",0,0.899470899470899,0.44973544973545,0,19,-1,"ok","-"
"local_interior_d10","local_interior",10,55,208656,"iForest",0,1,0.5,0,0,-1,"ok","-"
"local_interior_d10","local_interior",10,56,208657,"U-MCCD",0,0.989417989417989,0.494708994708995,0,2,-1,"ok","-"
"local_interior_d10","local_interior",10,56,208657,"SU-MCCD",0,0.994708994708995,0.497354497354497,0,1,-1,"ok","-"
"local_interior_d10","local_interior",10,56,208657,"UN-MCCD",0,0.994708994708995,0.497354497354497,0,1,-1,"ok","-"
"local_interior_d10","local_interior",10,56,208657,"SUN-MCCD",0,0.994708994708995,0.497354497354497,0,1,-1,"ok","-"
"local_interior_d10","local_interior",10,56,208657,"LOF",0,1,0.5,0,0,-1,"ok","-"
"local_interior_d10","local_interior",10,56,208657,"DBSCAN",0,1,0.5,0,0,-1,"ok","-"
"local_interior_d10","local_interior",10,56,208657,"MST",0,0.82010582010582,0.41005291005291,0,34,-1,"ok","-"
"local_interior_d10","local_interior",10,56,208657,"ODIN",0,0.841269841269841,0.420634920634921,0,30,-1,"ok","-"
"local_interior_d10","local_interior",10,56,208657,"iForest",0,1,0.5,0,0,-1,"ok","-"
"local_interior_d10","local_interior",10,57,208658,"U-MCCD",0,0.968253968253968,0.484126984126984,0,6,-1,"ok","-"
"local_interior_d10","local_interior",10,57,208658,"SU-MCCD",0,1,0.5,0,0,-1,"ok","-"
"local_interior_d10","local_interior",10,57,208658,"UN-MCCD",0,0.968253968253968,0.484126984126984,0,6,-1,"ok","-"
"local_interior_d10","local_interior",10,57,208658,"SUN-MCCD",0,1,0.5,0,0,-1,"ok","-"
"local_interior_d10","local_interior",10,57,208658,"LOF",0,1,0.5,0,0,-1,"ok","-"
"local_interior_d10","local_interior",10,57,208658,"DBSCAN",0,1,0.5,0,0,-1,"ok","-"
"local_interior_d10","local_interior",10,57,208658,"MST",0,0.814814814814815,0.407407407407407,0,35,-1,"ok","-"
"local_interior_d10","local_interior",10,57,208658,"ODIN",0,0.920634920634921,0.46031746031746,0,15,-1,"ok","-"
"local_interior_d10","local_interior",10,57,208658,"iForest",0,1,0.5,0,0,-1,"ok","-"
"local_interior_d10","local_interior",10,58,208659,"U-MCCD",0,0.973544973544973,0.486772486772487,0,5,-1,"ok","-"
"local_interior_d10","local_interior",10,58,208659,"SU-MCCD",0,0.994708994708995,0.497354497354497,0,1,-1,"ok","-"
"local_interior_d10","local_interior",10,58,208659,"UN-MCCD",0,0.973544973544973,0.486772486772487,0,5,-1,"ok","-"
"local_interior_d10","local_interior",10,58,208659,"SUN-MCCD",0,0.994708994708995,0.497354497354497,0,1,-1,"ok","-"
"local_interior_d10","local_interior",10,58,208659,"LOF",0,1,0.5,0,0,-1,"ok","-"
"local_interior_d10","local_interior",10,58,208659,"DBSCAN",0,1,0.5,0,0,-1,"ok","-"
"local_interior_d10","local_interior",10,58,208659,"MST",0,0.878306878306878,0.439153439153439,0,23,-1,"ok","-"
"local_interior_d10","local_interior",10,58,208659,"ODIN",0,0.931216931216931,0.465608465608466,0,13,-1,"ok","-"
"local_interior_d10","local_interior",10,58,208659,"iForest",0,1,0.5,0,0,-1,"ok","-"
"local_interior_d10","local_interior",10,59,208660,"U-MCCD",0,0.904761904761905,0.452380952380952,0,18,-1,"ok","-"
"local_interior_d10","local_interior",10,59,208660,"SU-MCCD",0,0.989417989417989,0.494708994708995,0,2,-1,"ok","-"
"local_interior_d10","local_interior",10,59,208660,"UN-MCCD",0,0.952380952380952,0.476190476190476,0,9,-1,"ok","-"
"local_interior_d10","local_interior",10,59,208660,"SUN-MCCD",0,1,0.5,0,0,-1,"ok","-"
"local_interior_d10","local_interior",10,59,208660,"LOF",0,1,0.5,0,0,-1,"ok","-"
"local_interior_d10","local_interior",10,59,208660,"DBSCAN",0,1,0.5,0,0,-1,"ok","-"
"local_interior_d10","local_interior",10,59,208660,"MST",0,0.878306878306878,0.439153439153439,0,23,-1,"ok","-"
"local_interior_d10","local_interior",10,59,208660,"ODIN",0,0.894179894179894,0.447089947089947,0,20,-1,"ok","-"
"local_interior_d10","local_interior",10,59,208660,"iForest",0,1,0.5,0,0,-1,"ok","-"
"local_interior_d10","local_interior",10,60,208661,"U-MCCD",0,0.952380952380952,0.476190476190476,0,9,-1,"ok","-"
"local_interior_d10","local_interior",10,60,208661,"SU-MCCD",0,0.973544973544973,0.486772486772487,0,5,-1,"ok","-"
"local_interior_d10","local_interior",10,60,208661,"UN-MCCD",0,0.994708994708995,0.497354497354497,0,1,-1,"ok","-"
"local_interior_d10","local_interior",10,60,208661,"SUN-MCCD",0,0.994708994708995,0.497354497354497,0,1,-1,"ok","-"
"local_interior_d10","local_interior",10,60,208661,"LOF",0,1,0.5,0,0,-1,"ok","-"
"local_interior_d10","local_interior",10,60,208661,"DBSCAN",0,1,0.5,0,0,-1,"ok","-"
"local_interior_d10","local_interior",10,60,208661,"MST",0,0.867724867724868,0.433862433862434,0,25,-1,"ok","-"
"local_interior_d10","local_interior",10,60,208661,"ODIN",0,0.867724867724868,0.433862433862434,0,25,-1,"ok","-"
"local_interior_d10","local_interior",10,60,208661,"iForest",0,1,0.5,0,0,-1,"ok","-"
"local_interior_d10","local_interior",10,61,208662,"U-MCCD",0,0.973544973544973,0.486772486772487,0,5,-1,"ok","-"
"local_interior_d10","local_interior",10,61,208662,"SU-MCCD",0.5,0.497354497354497,0.498677248677249,0.178571428571429,100,-1,"ok","-"
"local_interior_d10","local_interior",10,61,208662,"UN-MCCD",0,0.947089947089947,0.473544973544974,0,10,-1,"ok","-"
"local_interior_d10","local_interior",10,61,208662,"SUN-MCCD",0,1,0.5,0,0,-1,"ok","-"
"local_interior_d10","local_interior",10,61,208662,"LOF",0,1,0.5,0,0,-1,"ok","-"
"local_interior_d10","local_interior",10,61,208662,"DBSCAN",0,1,0.5,0,0,-1,"ok","-"
"local_interior_d10","local_interior",10,61,208662,"MST",0,0.894179894179894,0.447089947089947,0,20,-1,"ok","-"
"local_interior_d10","local_interior",10,61,208662,"ODIN",0,0.888888888888889,0.444444444444444,0,21,-1,"ok","-"
"local_interior_d10","local_interior",10,61,208662,"iForest",0,1,0.5,0,0,-1,"ok","-"
"local_interior_d10","local_interior",10,62,208663,"U-MCCD",0,0.962962962962963,0.481481481481481,0,7,-1,"ok","-"
"local_interior_d10","local_interior",10,62,208663,"SU-MCCD",0,1,0.5,0,0,-1,"ok","-"
"local_interior_d10","local_interior",10,62,208663,"UN-MCCD",0,0.989417989417989,0.494708994708995,0,2,-1,"ok","-"
"local_interior_d10","local_interior",10,62,208663,"SUN-MCCD",0,1,0.5,0,0,-1,"ok","-"
"local_interior_d10","local_interior",10,62,208663,"LOF",0,1,0.5,0,0,-1,"ok","-"
"local_interior_d10","local_interior",10,62,208663,"DBSCAN",0,0.994708994708995,0.497354497354497,0,1,-1,"ok","-"
"local_interior_d10","local_interior",10,62,208663,"MST",0,0.857142857142857,0.428571428571429,0,27,-1,"ok","-"
"local_interior_d10","local_interior",10,62,208663,"ODIN",0,0.888888888888889,0.444444444444444,0,21,-1,"ok","-"
"local_interior_d10","local_interior",10,62,208663,"iForest",0,1,0.5,0,0,-1,"ok","-"
"local_interior_d10","local_interior",10,63,208664,"U-MCCD",0,0.989417989417989,0.494708994708995,0,2,-1,"ok","-"
"local_interior_d10","local_interior",10,63,208664,"SU-MCCD",0,0.989417989417989,0.494708994708995,0,2,-1,"ok","-"
"local_interior_d10","local_interior",10,63,208664,"UN-MCCD",0,0.989417989417989,0.494708994708995,0,2,-1,"ok","-"
"local_interior_d10","local_interior",10,63,208664,"SUN-MCCD",0,0.994708994708995,0.497354497354497,0,1,-1,"ok","-"
"local_interior_d10","local_interior",10,63,208664,"LOF",0,1,0.5,0,0,-1,"ok","-"
"local_interior_d10","local_interior",10,63,208664,"DBSCAN",0,1,0.5,0,0,-1,"ok","-"
"local_interior_d10","local_interior",10,63,208664,"MST",0,0.846560846560847,0.423280423280423,0,29,-1,"ok","-"
"local_interior_d10","local_interior",10,63,208664,"ODIN",0,0.915343915343915,0.457671957671958,0,16,-1,"ok","-"
"local_interior_d10","local_interior",10,63,208664,"iForest",0,1,0.5,0,0,-1,"ok","-"
"local_interior_d10","local_interior",10,64,208665,"U-MCCD",0,1,0.5,0,0,-1,"ok","-"
"local_interior_d10","local_interior",10,64,208665,"SU-MCCD",0,0.994708994708995,0.497354497354497,0,1,-1,"ok","-"
"local_interior_d10","local_interior",10,64,208665,"UN-MCCD",0,0.931216931216931,0.465608465608466,0,13,-1,"ok","-"
"local_interior_d10","local_interior",10,64,208665,"SUN-MCCD",0,1,0.5,0,0,-1,"ok","-"
"local_interior_d10","local_interior",10,64,208665,"LOF",0,1,0.5,0,0,-1,"ok","-"
"local_interior_d10","local_interior",10,64,208665,"DBSCAN",0,0.994708994708995,0.497354497354497,0,1,-1,"ok","-"
"local_interior_d10","local_interior",10,64,208665,"MST",0,0.835978835978836,0.417989417989418,0,31,-1,"ok","-"
"local_interior_d10","local_interior",10,64,208665,"ODIN",0,0.899470899470899,0.44973544973545,0,19,-1,"ok","-"
"local_interior_d10","local_interior",10,64,208665,"iForest",0,1,0.5,0,0,-1,"ok","-"
"local_interior_d10","local_interior",10,65,208666,"U-MCCD",0,0.989417989417989,0.494708994708995,0,2,-1,"ok","-"
"local_interior_d10","local_interior",10,65,208666,"SU-MCCD",0,0.989417989417989,0.494708994708995,0,2,-1,"ok","-"
"local_interior_d10","local_interior",10,65,208666,"UN-MCCD",0,0.989417989417989,0.494708994708995,0,2,-1,"ok","-"
"local_interior_d10","local_interior",10,65,208666,"SUN-MCCD",0,1,0.5,0,0,-1,"ok","-"
"local_interior_d10","local_interior",10,65,208666,"LOF",0,1,0.5,0,0,-1,"ok","-"
"local_interior_d10","local_interior",10,65,208666,"DBSCAN",0,1,0.5,0,0,-1,"ok","-"
"local_interior_d10","local_interior",10,65,208666,"MST",0,0.878306878306878,0.439153439153439,0,23,-1,"ok","-"
"local_interior_d10","local_interior",10,65,208666,"ODIN",0,0.899470899470899,0.44973544973545,0,19,-1,"ok","-"
"local_interior_d10","local_interior",10,65,208666,"iForest",0,1,0.5,0,0,-1,"ok","-"
"local_interior_d10","local_interior",10,66,208667,"U-MCCD",0,0.925925925925926,0.462962962962963,0,14,-1,"ok","-"
"local_interior_d10","local_interior",10,66,208667,"SU-MCCD",0,1,0.5,0,0,-1,"ok","-"
"local_interior_d10","local_interior",10,66,208667,"UN-MCCD",0,0.941798941798942,0.470899470899471,0,11,-1,"ok","-"
"local_interior_d10","local_interior",10,66,208667,"SUN-MCCD",0,1,0.5,0,0,-1,"ok","-"
"local_interior_d10","local_interior",10,66,208667,"LOF",0,1,0.5,0,0,-1,"ok","-"
"local_interior_d10","local_interior",10,66,208667,"DBSCAN",0,1,0.5,0,0,-1,"ok","-"
"local_interior_d10","local_interior",10,66,208667,"MST",0,0.814814814814815,0.407407407407407,0,35,-1,"ok","-"
"local_interior_d10","local_interior",10,66,208667,"ODIN",0,0.851851851851852,0.425925925925926,0,28,-1,"ok","-"
"local_interior_d10","local_interior",10,66,208667,"iForest",0,1,0.5,0,0,-1,"ok","-"
"local_interior_d10","local_interior",10,67,208668,"U-MCCD",0,0.894179894179894,0.447089947089947,0,20,-1,"ok","-"
"local_interior_d10","local_interior",10,67,208668,"SU-MCCD",0,0.984126984126984,0.492063492063492,0,3,-1,"ok","-"
"local_interior_d10","local_interior",10,67,208668,"UN-MCCD",0,0.925925925925926,0.462962962962963,0,14,-1,"ok","-"
"local_interior_d10","local_interior",10,67,208668,"SUN-MCCD",0,0.989417989417989,0.494708994708995,0,2,-1,"ok","-"
"local_interior_d10","local_interior",10,67,208668,"LOF",0,1,0.5,0,0,-1,"ok","-"
"local_interior_d10","local_interior",10,67,208668,"DBSCAN",0,1,0.5,0,0,-1,"ok","-"
"local_interior_d10","local_interior",10,67,208668,"MST",0,0.857142857142857,0.428571428571429,0,27,-1,"ok","-"
"local_interior_d10","local_interior",10,67,208668,"ODIN",0,0.894179894179894,0.447089947089947,0,20,-1,"ok","-"
"local_interior_d10","local_interior",10,67,208668,"iForest",0,1,0.5,0,0,-1,"ok","-"
"local_interior_d10","local_interior",10,68,208669,"U-MCCD",0,0.994708994708995,0.497354497354497,0,1,-1,"ok","-"
"local_interior_d10","local_interior",10,68,208669,"SU-MCCD",0,1,0.5,0,0,-1,"ok","-"
"local_interior_d10","local_interior",10,68,208669,"UN-MCCD",0,1,0.5,0,0,-1,"ok","-"
"local_interior_d10","local_interior",10,68,208669,"SUN-MCCD",0,1,0.5,0,0,-1,"ok","-"
"local_interior_d10","local_interior",10,68,208669,"LOF",0,1,0.5,0,0,-1,"ok","-"
"local_interior_d10","local_interior",10,68,208669,"DBSCAN",0,1,0.5,0,0,-1,"ok","-"
"local_interior_d10","local_interior",10,68,208669,"MST",0,0.857142857142857,0.428571428571429,0,27,-1,"ok","-"
"local_interior_d10","local_interior",10,68,208669,"ODIN",0,0.857142857142857,0.428571428571429,0,27,-1,"ok","-"
"local_interior_d10","local_interior",10,68,208669,"iForest",0,1,0.5,0,0,-1,"ok","-"
"local_interior_d10","local_interior",10,69,208670,"U-MCCD",0,0.941798941798942,0.470899470899471,0,11,-1,"ok","-"
"local_interior_d10","local_interior",10,69,208670,"SU-MCCD",0.5,0.492063492063492,0.496031746031746,0.177304964539007,101,-1,"ok","-"
"local_interior_d10","local_interior",10,69,208670,"UN-MCCD",0,1,0.5,0,0,-1,"ok","-"
"local_interior_d10","local_interior",10,69,208670,"SUN-MCCD",0,0.994708994708995,0.497354497354497,0,1,-1,"ok","-"
"local_interior_d10","local_interior",10,69,208670,"LOF",0,1,0.5,0,0,-1,"ok","-"
"local_interior_d10","local_interior",10,69,208670,"DBSCAN",0,0.994708994708995,0.497354497354497,0,1,-1,"ok","-"
"local_interior_d10","local_interior",10,69,208670,"MST",0,0.873015873015873,0.436507936507937,0,24,-1,"ok","-"
"local_interior_d10","local_interior",10,69,208670,"ODIN",0,0.888888888888889,0.444444444444444,0,21,-1,"ok","-"
"local_interior_d10","local_interior",10,69,208670,"iForest",0,1,0.5,0,0,-1,"ok","-"
"local_interior_d10","local_interior",10,70,208671,"U-MCCD",0,0.925925925925926,0.462962962962963,0,14,-1,"ok","-"
"local_interior_d10","local_interior",10,70,208671,"SU-MCCD",0,1,0.5,0,0,-1,"ok","-"
"local_interior_d10","local_interior",10,70,208671,"UN-MCCD",0,0.989417989417989,0.494708994708995,0,2,-1,"ok","-"
"local_interior_d10","local_interior",10,70,208671,"SUN-MCCD",0,0.994708994708995,0.497354497354497,0,1,-1,"ok","-"
"local_interior_d10","local_interior",10,70,208671,"LOF",0,1,0.5,0,0,-1,"ok","-"
"local_interior_d10","local_interior",10,70,208671,"DBSCAN",0,1,0.5,0,0,-1,"ok","-"
"local_interior_d10","local_interior",10,70,208671,"MST",0,0.80952380952381,0.404761904761905,0,36,-1,"ok","-"
"local_interior_d10","local_interior",10,70,208671,"ODIN",0,0.920634920634921,0.46031746031746,0,15,-1,"ok","-"
"local_interior_d10","local_interior",10,70,208671,"iForest",0,1,0.5,0,0,-1,"ok","-"
"local_interior_d10","local_interior",10,71,208672,"U-MCCD",0,0.82010582010582,0.41005291005291,0,34,-1,"ok","-"
"local_interior_d10","local_interior",10,71,208672,"SU-MCCD",0,0.957671957671958,0.478835978835979,0,8,-1,"ok","-"
"local_interior_d10","local_interior",10,71,208672,"UN-MCCD",0,0.973544973544973,0.486772486772487,0,5,-1,"ok","-"
"local_interior_d10","local_interior",10,71,208672,"SUN-MCCD",0,1,0.5,0,0,-1,"ok","-"
"local_interior_d10","local_interior",10,71,208672,"LOF",0,1,0.5,0,0,-1,"ok","-"
"local_interior_d10","local_interior",10,71,208672,"DBSCAN",0,1,0.5,0,0,-1,"ok","-"
"local_interior_d10","local_interior",10,71,208672,"MST",0,0.846560846560847,0.423280423280423,0,29,-1,"ok","-"
"local_interior_d10","local_interior",10,71,208672,"ODIN",0,0.851851851851852,0.425925925925926,0,28,-1,"ok","-"
"local_interior_d10","local_interior",10,71,208672,"iForest",0,1,0.5,0,0,-1,"ok","-"
"local_interior_d10","local_interior",10,72,208673,"U-MCCD",0,0.925925925925926,0.462962962962963,0,14,-1,"ok","-"
"local_interior_d10","local_interior",10,72,208673,"SU-MCCD",0,0.978835978835979,0.489417989417989,0,4,-1,"ok","-"
"local_interior_d10","local_interior",10,72,208673,"UN-MCCD",0,1,0.5,0,0,-1,"ok","-"
"local_interior_d10","local_interior",10,72,208673,"SUN-MCCD",0,1,0.5,0,0,-1,"ok","-"
"local_interior_d10","local_interior",10,72,208673,"LOF",0,1,0.5,0,0,-1,"ok","-"
"local_interior_d10","local_interior",10,72,208673,"DBSCAN",0,1,0.5,0,0,-1,"ok","-"
"local_interior_d10","local_interior",10,72,208673,"MST",0,0.904761904761905,0.452380952380952,0,18,-1,"ok","-"
"local_interior_d10","local_interior",10,72,208673,"ODIN",0,0.894179894179894,0.447089947089947,0,20,-1,"ok","-"
"local_interior_d10","local_interior",10,72,208673,"iForest",0,1,0.5,0,0,-1,"ok","-"
"local_interior_d10","local_interior",10,73,208674,"U-MCCD",0,0.984126984126984,0.492063492063492,0,3,-1,"ok","-"
"local_interior_d10","local_interior",10,73,208674,"SU-MCCD",0,0.984126984126984,0.492063492063492,0,3,-1,"ok","-"
"local_interior_d10","local_interior",10,73,208674,"UN-MCCD",0,0.978835978835979,0.489417989417989,0,4,-1,"ok","-"
"local_interior_d10","local_interior",10,73,208674,"SUN-MCCD",0,0.994708994708995,0.497354497354497,0,1,-1,"ok","-"
"local_interior_d10","local_interior",10,73,208674,"LOF",0,1,0.5,0,0,-1,"ok","-"
"local_interior_d10","local_interior",10,73,208674,"DBSCAN",0,1,0.5,0,0,-1,"ok","-"
"local_interior_d10","local_interior",10,73,208674,"MST",0,0.830687830687831,0.415343915343915,0,32,-1,"ok","-"
"local_interior_d10","local_interior",10,73,208674,"ODIN",0,0.867724867724868,0.433862433862434,0,25,-1,"ok","-"
"local_interior_d10","local_interior",10,73,208674,"iForest",0,1,0.5,0,0,-1,"ok","-"
"local_interior_d10","local_interior",10,74,208675,"U-MCCD",0,0.994708994708995,0.497354497354497,0,1,-1,"ok","-"
"local_interior_d10","local_interior",10,74,208675,"SU-MCCD",0,0.973544973544973,0.486772486772487,0,5,-1,"ok","-"
"local_interior_d10","local_interior",10,74,208675,"UN-MCCD",0,0.80952380952381,0.404761904761905,0,36,-1,"ok","-"
"local_interior_d10","local_interior",10,74,208675,"SUN-MCCD",0,0.994708994708995,0.497354497354497,0,1,-1,"ok","-"
"local_interior_d10","local_interior",10,74,208675,"LOF",0,1,0.5,0,0,-1,"ok","-"
"local_interior_d10","local_interior",10,74,208675,"DBSCAN",0,1,0.5,0,0,-1,"ok","-"
"local_interior_d10","local_interior",10,74,208675,"MST",0,0.862433862433862,0.431216931216931,0,26,-1,"ok","-"
"local_interior_d10","local_interior",10,74,208675,"ODIN",0,0.873015873015873,0.436507936507937,0,24,-1,"ok","-"
"local_interior_d10","local_interior",10,74,208675,"iForest",0,1,0.5,0,0,-1,"ok","-"
"local_interior_d10","local_interior",10,75,208676,"U-MCCD",0,0.994708994708995,0.497354497354497,0,1,-1,"ok","-"
"local_interior_d10","local_interior",10,75,208676,"SU-MCCD",0,1,0.5,0,0,-1,"ok","-"
"local_interior_d10","local_interior",10,75,208676,"UN-MCCD",0,1,0.5,0,0,-1,"ok","-"
"local_interior_d10","local_interior",10,75,208676,"SUN-MCCD",0,1,0.5,0,0,-1,"ok","-"
"local_interior_d10","local_interior",10,75,208676,"LOF",0,1,0.5,0,0,-1,"ok","-"
"local_interior_d10","local_interior",10,75,208676,"DBSCAN",0,1,0.5,0,0,-1,"ok","-"
"local_interior_d10","local_interior",10,75,208676,"MST",0,0.851851851851852,0.425925925925926,0,28,-1,"ok","-"
"local_interior_d10","local_interior",10,75,208676,"ODIN",0,0.867724867724868,0.433862433862434,0,25,-1,"ok","-"
"local_interior_d10","local_interior",10,75,208676,"iForest",0,1,0.5,0,0,-1,"ok","-"
"local_interior_d10","local_interior",10,76,208677,"U-MCCD",0,0.962962962962963,0.481481481481481,0,7,-1,"ok","-"
"local_interior_d10","local_interior",10,76,208677,"SU-MCCD",0,0.931216931216931,0.465608465608466,0,13,-1,"ok","-"
"local_interior_d10","local_interior",10,76,208677,"UN-MCCD",0,0.941798941798942,0.470899470899471,0,11,-1,"ok","-"
"local_interior_d10","local_interior",10,76,208677,"SUN-MCCD",0,1,0.5,0,0,-1,"ok","-"
"local_interior_d10","local_interior",10,76,208677,"LOF",0,1,0.5,0,0,-1,"ok","-"
"local_interior_d10","local_interior",10,76,208677,"DBSCAN",0,1,0.5,0,0,-1,"ok","-"
"local_interior_d10","local_interior",10,76,208677,"MST",0,0.862433862433862,0.431216931216931,0,26,-1,"ok","-"
"local_interior_d10","local_interior",10,76,208677,"ODIN",0,0.931216931216931,0.465608465608466,0,13,-1,"ok","-"
"local_interior_d10","local_interior",10,76,208677,"iForest",0,1,0.5,0,0,-1,"ok","-"
"local_interior_d10","local_interior",10,77,208678,"U-MCCD",0,1,0.5,0,0,-1,"ok","-"
"local_interior_d10","local_interior",10,77,208678,"SU-MCCD",0,1,0.5,0,0,-1,"ok","-"
"local_interior_d10","local_interior",10,77,208678,"UN-MCCD",0,1,0.5,0,0,-1,"ok","-"
"local_interior_d10","local_interior",10,77,208678,"SUN-MCCD",0,1,0.5,0,0,-1,"ok","-"
"local_interior_d10","local_interior",10,77,208678,"LOF",0,1,0.5,0,0,-1,"ok","-"
"local_interior_d10","local_interior",10,77,208678,"DBSCAN",0,1,0.5,0,0,-1,"ok","-"
"local_interior_d10","local_interior",10,77,208678,"MST",0,0.772486772486772,0.386243386243386,0,43,-1,"ok","-"
"local_interior_d10","local_interior",10,77,208678,"ODIN",0,0.814814814814815,0.407407407407407,0,35,-1,"ok","-"
"local_interior_d10","local_interior",10,77,208678,"iForest",0,1,0.5,0,0,-1,"ok","-"
"local_interior_d10","local_interior",10,78,208679,"U-MCCD",0,0.936507936507937,0.468253968253968,0,12,-1,"ok","-"
"local_interior_d10","local_interior",10,78,208679,"SU-MCCD",0.5,0.455026455026455,0.477513227513228,0.168918918918919,108,-1,"ok","-"
"local_interior_d10","local_interior",10,78,208679,"UN-MCCD",0,0.989417989417989,0.494708994708995,0,2,-1,"ok","-"
"local_interior_d10","local_interior",10,78,208679,"SUN-MCCD",0,1,0.5,0,0,-1,"ok","-"
"local_interior_d10","local_interior",10,78,208679,"LOF",0,1,0.5,0,0,-1,"ok","-"
"local_interior_d10","local_interior",10,78,208679,"DBSCAN",0,1,0.5,0,0,-1,"ok","-"
"local_interior_d10","local_interior",10,78,208679,"MST",0,0.857142857142857,0.428571428571429,0,27,-1,"ok","-"
"local_interior_d10","local_interior",10,78,208679,"ODIN",0,0.841269841269841,0.420634920634921,0,30,-1,"ok","-"
"local_interior_d10","local_interior",10,78,208679,"iForest",0,1,0.5,0,0,-1,"ok","-"
"local_interior_d10","local_interior",10,79,208680,"U-MCCD",0,0.957671957671958,0.478835978835979,0,8,-1,"ok","-"
"local_interior_d10","local_interior",10,79,208680,"SU-MCCD",0,0.941798941798942,0.470899470899471,0,11,-1,"ok","-"
"local_interior_d10","local_interior",10,79,208680,"UN-MCCD",0,0.984126984126984,0.492063492063492,0,3,-1,"ok","-"
"local_interior_d10","local_interior",10,79,208680,"SUN-MCCD",0,0.984126984126984,0.492063492063492,0,3,-1,"ok","-"
"local_interior_d10","local_interior",10,79,208680,"LOF",0,1,0.5,0,0,-1,"ok","-"
"local_interior_d10","local_interior",10,79,208680,"DBSCAN",0,0.994708994708995,0.497354497354497,0,1,-1,"ok","-"
"local_interior_d10","local_interior",10,79,208680,"MST",0,0.862433862433862,0.431216931216931,0,26,-1,"ok","-"
"local_interior_d10","local_interior",10,79,208680,"ODIN",0,0.846560846560847,0.423280423280423,0,29,-1,"ok","-"
"local_interior_d10","local_interior",10,79,208680,"iForest",0,1,0.5,0,0,-1,"ok","-"
"local_interior_d10","local_interior",10,80,208681,"U-MCCD",0,0.957671957671958,0.478835978835979,0,8,-1,"ok","-"
"local_interior_d10","local_interior",10,80,208681,"SU-MCCD",0,0.994708994708995,0.497354497354497,0,1,-1,"ok","-"
"local_interior_d10","local_interior",10,80,208681,"UN-MCCD",0,1,0.5,0,0,-1,"ok","-"
"local_interior_d10","local_interior",10,80,208681,"SUN-MCCD",0,0.994708994708995,0.497354497354497,0,1,-1,"ok","-"
"local_interior_d10","local_interior",10,80,208681,"LOF",0,1,0.5,0,0,-1,"ok","-"
"local_interior_d10","local_interior",10,80,208681,"DBSCAN",0,1,0.5,0,0,-1,"ok","-"
"local_interior_d10","local_interior",10,80,208681,"MST",0,0.878306878306878,0.439153439153439,0,23,-1,"ok","-"
"local_interior_d10","local_interior",10,80,208681,"ODIN",0,0.867724867724868,0.433862433862434,0,25,-1,"ok","-"
"local_interior_d10","local_interior",10,80,208681,"iForest",0,1,0.5,0,0,-1,"ok","-"
"local_interior_d10","local_interior",10,81,208682,"U-MCCD",0,0.91005291005291,0.455026455026455,0,17,-1,"ok","-"
"local_interior_d10","local_interior",10,81,208682,"SU-MCCD",0,0.936507936507937,0.468253968253968,0,12,-1,"ok","-"
"local_interior_d10","local_interior",10,81,208682,"UN-MCCD",0,0.947089947089947,0.473544973544974,0,10,-1,"ok","-"
"local_interior_d10","local_interior",10,81,208682,"SUN-MCCD",0,0.984126984126984,0.492063492063492,0,3,-1,"ok","-"
"local_interior_d10","local_interior",10,81,208682,"LOF",0,1,0.5,0,0,-1,"ok","-"
"local_interior_d10","local_interior",10,81,208682,"DBSCAN",0,0.994708994708995,0.497354497354497,0,1,-1,"ok","-"
"local_interior_d10","local_interior",10,81,208682,"MST",0,0.80952380952381,0.404761904761905,0,36,-1,"ok","-"
"local_interior_d10","local_interior",10,81,208682,"ODIN",0,0.888888888888889,0.444444444444444,0,21,-1,"ok","-"
"local_interior_d10","local_interior",10,81,208682,"iForest",0,1,0.5,0,0,-1,"ok","-"
"local_interior_d10","local_interior",10,82,208683,"U-MCCD",0,0.973544973544973,0.486772486772487,0,5,-1,"ok","-"
"local_interior_d10","local_interior",10,82,208683,"SU-MCCD",0.1,0.576719576719577,0.338359788359788,0.0413223140495868,81,-1,"ok","-"
"local_interior_d10","local_interior",10,82,208683,"UN-MCCD",0,0.957671957671958,0.478835978835979,0,8,-1,"ok","-"
"local_interior_d10","local_interior",10,82,208683,"SUN-MCCD",0,0.978835978835979,0.489417989417989,0,4,-1,"ok","-"
"local_interior_d10","local_interior",10,82,208683,"LOF",0,1,0.5,0,0,-1,"ok","-"
"local_interior_d10","local_interior",10,82,208683,"DBSCAN",0,1,0.5,0,0,-1,"ok","-"
"local_interior_d10","local_interior",10,82,208683,"MST",0,0.867724867724868,0.433862433862434,0,25,-1,"ok","-"
"local_interior_d10","local_interior",10,82,208683,"ODIN",0,0.867724867724868,0.433862433862434,0,25,-1,"ok","-"
"local_interior_d10","local_interior",10,82,208683,"iForest",0,1,0.5,0,0,-1,"ok","-"
"local_interior_d10","local_interior",10,83,208684,"U-MCCD",0,0.994708994708995,0.497354497354497,0,1,-1,"ok","-"
"local_interior_d10","local_interior",10,83,208684,"SU-MCCD",0,1,0.5,0,0,-1,"ok","-"
"local_interior_d10","local_interior",10,83,208684,"UN-MCCD",0,0.994708994708995,0.497354497354497,0,1,-1,"ok","-"
"local_interior_d10","local_interior",10,83,208684,"SUN-MCCD",0,1,0.5,0,0,-1,"ok","-"
"local_interior_d10","local_interior",10,83,208684,"LOF",0,1,0.5,0,0,-1,"ok","-"
"local_interior_d10","local_interior",10,83,208684,"DBSCAN",0,1,0.5,0,0,-1,"ok","-"
"local_interior_d10","local_interior",10,83,208684,"MST",0,0.857142857142857,0.428571428571429,0,27,-1,"ok","-"
"local_interior_d10","local_interior",10,83,208684,"ODIN",0,0.867724867724868,0.433862433862434,0,25,-1,"ok","-"
"local_interior_d10","local_interior",10,83,208684,"iForest",0,1,0.5,0,0,-1,"ok","-"
"local_interior_d10","local_interior",10,84,208685,"U-MCCD",0,0.915343915343915,0.457671957671958,0,16,-1,"ok","-"
"local_interior_d10","local_interior",10,84,208685,"SU-MCCD",0,0.994708994708995,0.497354497354497,0,1,-1,"ok","-"
"local_interior_d10","local_interior",10,84,208685,"UN-MCCD",0,0.984126984126984,0.492063492063492,0,3,-1,"ok","-"
"local_interior_d10","local_interior",10,84,208685,"SUN-MCCD",0,1,0.5,0,0,-1,"ok","-"
"local_interior_d10","local_interior",10,84,208685,"LOF",0,1,0.5,0,0,-1,"ok","-"
"local_interior_d10","local_interior",10,84,208685,"DBSCAN",0,1,0.5,0,0,-1,"ok","-"
"local_interior_d10","local_interior",10,84,208685,"MST",0,0.941798941798942,0.470899470899471,0,11,-1,"ok","-"
"local_interior_d10","local_interior",10,84,208685,"ODIN",0,0.835978835978836,0.417989417989418,0,31,-1,"ok","-"
"local_interior_d10","local_interior",10,84,208685,"iForest",0,1,0.5,0,0,-1,"ok","-"
"local_interior_d10","local_interior",10,85,208686,"U-MCCD",0,0.788359788359788,0.394179894179894,0,40,-1,"ok","-"
"local_interior_d10","local_interior",10,85,208686,"SU-MCCD",0,0.941798941798942,0.470899470899471,0,11,-1,"ok","-"
"local_interior_d10","local_interior",10,85,208686,"UN-MCCD",0,0.952380952380952,0.476190476190476,0,9,-1,"ok","-"
"local_interior_d10","local_interior",10,85,208686,"SUN-MCCD",0,0.994708994708995,0.497354497354497,0,1,-1,"ok","-"
"local_interior_d10","local_interior",10,85,208686,"LOF",0,1,0.5,0,0,-1,"ok","-"
"local_interior_d10","local_interior",10,85,208686,"DBSCAN",0,1,0.5,0,0,-1,"ok","-"
"local_interior_d10","local_interior",10,85,208686,"MST",0,0.846560846560847,0.423280423280423,0,29,-1,"ok","-"
"local_interior_d10","local_interior",10,85,208686,"ODIN",0,0.857142857142857,0.428571428571429,0,27,-1,"ok","-"
"local_interior_d10","local_interior",10,85,208686,"iForest",0,1,0.5,0,0,-1,"ok","-"
"local_interior_d10","local_interior",10,86,208687,"U-MCCD",0,0.80952380952381,0.404761904761905,0,36,-1,"ok","-"
"local_interior_d10","local_interior",10,86,208687,"SU-MCCD",0,0.978835978835979,0.489417989417989,0,4,-1,"ok","-"
"local_interior_d10","local_interior",10,86,208687,"UN-MCCD",0,0.994708994708995,0.497354497354497,0,1,-1,"ok","-"
"local_interior_d10","local_interior",10,86,208687,"SUN-MCCD",0,0.994708994708995,0.497354497354497,0,1,-1,"ok","-"
"local_interior_d10","local_interior",10,86,208687,"LOF",0,1,0.5,0,0,-1,"ok","-"
"local_interior_d10","local_interior",10,86,208687,"DBSCAN",0,1,0.5,0,0,-1,"ok","-"
"local_interior_d10","local_interior",10,86,208687,"MST",0,0.873015873015873,0.436507936507937,0,24,-1,"ok","-"
"local_interior_d10","local_interior",10,86,208687,"ODIN",0,0.841269841269841,0.420634920634921,0,30,-1,"ok","-"
"local_interior_d10","local_interior",10,86,208687,"iForest",0,1,0.5,0,0,-1,"ok","-"
"local_interior_d10","local_interior",10,87,208688,"U-MCCD",0,0.947089947089947,0.473544973544974,0,10,-1,"ok","-"
"local_interior_d10","local_interior",10,87,208688,"SU-MCCD",0,0.952380952380952,0.476190476190476,0,9,-1,"ok","-"
"local_interior_d10","local_interior",10,87,208688,"UN-MCCD",0,0.994708994708995,0.497354497354497,0,1,-1,"ok","-"
"local_interior_d10","local_interior",10,87,208688,"SUN-MCCD",0,0.978835978835979,0.489417989417989,0,4,-1,"ok","-"
"local_interior_d10","local_interior",10,87,208688,"LOF",0,1,0.5,0,0,-1,"ok","-"
"local_interior_d10","local_interior",10,87,208688,"DBSCAN",0,1,0.5,0,0,-1,"ok","-"
"local_interior_d10","local_interior",10,87,208688,"MST",0,0.814814814814815,0.407407407407407,0,35,-1,"ok","-"
"local_interior_d10","local_interior",10,87,208688,"ODIN",0,0.851851851851852,0.425925925925926,0,28,-1,"ok","-"
"local_interior_d10","local_interior",10,87,208688,"iForest",0,1,0.5,0,0,-1,"ok","-"
"local_interior_d10","local_interior",10,88,208689,"U-MCCD",0,0.761904761904762,0.380952380952381,0,45,-1,"ok","-"
"local_interior_d10","local_interior",10,88,208689,"SU-MCCD",0,0.846560846560847,0.423280423280423,0,29,-1,"ok","-"
"local_interior_d10","local_interior",10,88,208689,"UN-MCCD",0,0.862433862433862,0.431216931216931,0,26,-1,"ok","-"
"local_interior_d10","local_interior",10,88,208689,"SUN-MCCD",0,0.994708994708995,0.497354497354497,0,1,-1,"ok","-"
"local_interior_d10","local_interior",10,88,208689,"LOF",0,1,0.5,0,0,-1,"ok","-"
"local_interior_d10","local_interior",10,88,208689,"DBSCAN",0,0.994708994708995,0.497354497354497,0,1,-1,"ok","-"
"local_interior_d10","local_interior",10,88,208689,"MST",0,0.867724867724868,0.433862433862434,0,25,-1,"ok","-"
"local_interior_d10","local_interior",10,88,208689,"ODIN",0,0.894179894179894,0.447089947089947,0,20,-1,"ok","-"
"local_interior_d10","local_interior",10,88,208689,"iForest",0,1,0.5,0,0,-1,"ok","-"
"local_interior_d10","local_interior",10,89,208690,"U-MCCD",0,0.867724867724868,0.433862433862434,0,25,-1,"ok","-"
"local_interior_d10","local_interior",10,89,208690,"SU-MCCD",0,0.968253968253968,0.484126984126984,0,6,-1,"ok","-"
"local_interior_d10","local_interior",10,89,208690,"UN-MCCD",0,1,0.5,0,0,-1,"ok","-"
"local_interior_d10","local_interior",10,89,208690,"SUN-MCCD",0,0.984126984126984,0.492063492063492,0,3,-1,"ok","-"
"local_interior_d10","local_interior",10,89,208690,"LOF",0,1,0.5,0,0,-1,"ok","-"
"local_interior_d10","local_interior",10,89,208690,"DBSCAN",0,0.994708994708995,0.497354497354497,0,1,-1,"ok","-"
"local_interior_d10","local_interior",10,89,208690,"MST",0,0.82010582010582,0.41005291005291,0,34,-1,"ok","-"
"local_interior_d10","local_interior",10,89,208690,"ODIN",0,0.867724867724868,0.433862433862434,0,25,-1,"ok","-"
"local_interior_d10","local_interior",10,89,208690,"iForest",0,1,0.5,0,0,-1,"ok","-"
"local_interior_d10","local_interior",10,90,208691,"U-MCCD",0,0.888888888888889,0.444444444444444,0,21,-1,"ok","-"
"local_interior_d10","local_interior",10,90,208691,"SU-MCCD",0,0.968253968253968,0.484126984126984,0,6,-1,"ok","-"
"local_interior_d10","local_interior",10,90,208691,"UN-MCCD",0,0.984126984126984,0.492063492063492,0,3,-1,"ok","-"
"local_interior_d10","local_interior",10,90,208691,"SUN-MCCD",0,1,0.5,0,0,-1,"ok","-"
"local_interior_d10","local_interior",10,90,208691,"LOF",0,1,0.5,0,0,-1,"ok","-"
"local_interior_d10","local_interior",10,90,208691,"DBSCAN",0,1,0.5,0,0,-1,"ok","-"
"local_interior_d10","local_interior",10,90,208691,"MST",0,0.873015873015873,0.436507936507937,0,24,-1,"ok","-"
"local_interior_d10","local_interior",10,90,208691,"ODIN",0,0.904761904761905,0.452380952380952,0,18,-1,"ok","-"
"local_interior_d10","local_interior",10,90,208691,"iForest",0,1,0.5,0,0,-1,"ok","-"
"local_interior_d10","local_interior",10,91,208692,"U-MCCD",0,0.973544973544973,0.486772486772487,0,5,-1,"ok","-"
"local_interior_d10","local_interior",10,91,208692,"SU-MCCD",0,1,0.5,0,0,-1,"ok","-"
"local_interior_d10","local_interior",10,91,208692,"UN-MCCD",0,0.994708994708995,0.497354497354497,0,1,-1,"ok","-"
"local_interior_d10","local_interior",10,91,208692,"SUN-MCCD",0,0.984126984126984,0.492063492063492,0,3,-1,"ok","-"
"local_interior_d10","local_interior",10,91,208692,"LOF",0,1,0.5,0,0,-1,"ok","-"
"local_interior_d10","local_interior",10,91,208692,"DBSCAN",0,1,0.5,0,0,-1,"ok","-"
"local_interior_d10","local_interior",10,91,208692,"MST",0,0.851851851851852,0.425925925925926,0,28,-1,"ok","-"
"local_interior_d10","local_interior",10,91,208692,"ODIN",0,0.878306878306878,0.439153439153439,0,23,-1,"ok","-"
"local_interior_d10","local_interior",10,91,208692,"iForest",0,1,0.5,0,0,-1,"ok","-"
"local_interior_d10","local_interior",10,92,208693,"U-MCCD",0,1,0.5,0,0,-1,"ok","-"
"local_interior_d10","local_interior",10,92,208693,"SU-MCCD",0.5,0.497354497354497,0.498677248677249,0.178571428571429,100,-1,"ok","-"
"local_interior_d10","local_interior",10,92,208693,"UN-MCCD",0,1,0.5,0,0,-1,"ok","-"
"local_interior_d10","local_interior",10,92,208693,"SUN-MCCD",0,1,0.5,0,0,-1,"ok","-"
"local_interior_d10","local_interior",10,92,208693,"LOF",0,1,0.5,0,0,-1,"ok","-"
"local_interior_d10","local_interior",10,92,208693,"DBSCAN",0,1,0.5,0,0,-1,"ok","-"
"local_interior_d10","local_interior",10,92,208693,"MST",0,0.835978835978836,0.417989417989418,0,31,-1,"ok","-"
"local_interior_d10","local_interior",10,92,208693,"ODIN",0,0.894179894179894,0.447089947089947,0,20,-1,"ok","-"
"local_interior_d10","local_interior",10,92,208693,"iForest",0,1,0.5,0,0,-1,"ok","-"
"local_interior_d10","local_interior",10,93,208694,"U-MCCD",0,0.989417989417989,0.494708994708995,0,2,-1,"ok","-"
"local_interior_d10","local_interior",10,93,208694,"SU-MCCD",0,0.984126984126984,0.492063492063492,0,3,-1,"ok","-"
"local_interior_d10","local_interior",10,93,208694,"UN-MCCD",0,1,0.5,0,0,-1,"ok","-"
"local_interior_d10","local_interior",10,93,208694,"SUN-MCCD",0,1,0.5,0,0,-1,"ok","-"
"local_interior_d10","local_interior",10,93,208694,"LOF",0,1,0.5,0,0,-1,"ok","-"
"local_interior_d10","local_interior",10,93,208694,"DBSCAN",0,1,0.5,0,0,-1,"ok","-"
"local_interior_d10","local_interior",10,93,208694,"MST",0,0.867724867724868,0.433862433862434,0,25,-1,"ok","-"
"local_interior_d10","local_interior",10,93,208694,"ODIN",0,0.920634920634921,0.46031746031746,0,15,-1,"ok","-"
"local_interior_d10","local_interior",10,93,208694,"iForest",0,1,0.5,0,0,-1,"ok","-"
"local_interior_d10","local_interior",10,94,208695,"U-MCCD",0,0.91005291005291,0.455026455026455,0,17,-1,"ok","-"
"local_interior_d10","local_interior",10,94,208695,"SU-MCCD",0,0.962962962962963,0.481481481481481,0,7,-1,"ok","-"
"local_interior_d10","local_interior",10,94,208695,"UN-MCCD",0,1,0.5,0,0,-1,"ok","-"
"local_interior_d10","local_interior",10,94,208695,"SUN-MCCD",0,1,0.5,0,0,-1,"ok","-"
"local_interior_d10","local_interior",10,94,208695,"LOF",0,1,0.5,0,0,-1,"ok","-"
"local_interior_d10","local_interior",10,94,208695,"DBSCAN",0,0.994708994708995,0.497354497354497,0,1,-1,"ok","-"
"local_interior_d10","local_interior",10,94,208695,"MST",0,0.857142857142857,0.428571428571429,0,27,-1,"ok","-"
"local_interior_d10","local_interior",10,94,208695,"ODIN",0,0.904761904761905,0.452380952380952,0,18,-1,"ok","-"
"local_interior_d10","local_interior",10,94,208695,"iForest",0,1,0.5,0,0,-1,"ok","-"
"local_interior_d10","local_interior",10,95,208696,"U-MCCD",0,0.952380952380952,0.476190476190476,0,9,-1,"ok","-"
"local_interior_d10","local_interior",10,95,208696,"SU-MCCD",0,0.968253968253968,0.484126984126984,0,6,-1,"ok","-"
"local_interior_d10","local_interior",10,95,208696,"UN-MCCD",0,0.962962962962963,0.481481481481481,0,7,-1,"ok","-"
"local_interior_d10","local_interior",10,95,208696,"SUN-MCCD",0,0.989417989417989,0.494708994708995,0,2,-1,"ok","-"
"local_interior_d10","local_interior",10,95,208696,"LOF",0,1,0.5,0,0,-1,"ok","-"
"local_interior_d10","local_interior",10,95,208696,"DBSCAN",0,0.994708994708995,0.497354497354497,0,1,-1,"ok","-"
"local_interior_d10","local_interior",10,95,208696,"MST",0,0.904761904761905,0.452380952380952,0,18,-1,"ok","-"
"local_interior_d10","local_interior",10,95,208696,"ODIN",0,0.920634920634921,0.46031746031746,0,15,-1,"ok","-"
"local_interior_d10","local_interior",10,95,208696,"iForest",0,1,0.5,0,0,-1,"ok","-"
"local_interior_d10","local_interior",10,96,208697,"U-MCCD",0,0.973544973544973,0.486772486772487,0,5,-1,"ok","-"
"local_interior_d10","local_interior",10,96,208697,"SU-MCCD",0.3,0.71957671957672,0.50978835978836,0.15625,56,-1,"ok","-"
"local_interior_d10","local_interior",10,96,208697,"UN-MCCD",0,0.994708994708995,0.497354497354497,0,1,-1,"ok","-"
"local_interior_d10","local_interior",10,96,208697,"SUN-MCCD",0,0.994708994708995,0.497354497354497,0,1,-1,"ok","-"
"local_interior_d10","local_interior",10,96,208697,"LOF",0,1,0.5,0,0,-1,"ok","-"
"local_interior_d10","local_interior",10,96,208697,"DBSCAN",0,1,0.5,0,0,-1,"ok","-"
"local_interior_d10","local_interior",10,96,208697,"MST",0,0.804232804232804,0.402116402116402,0,37,-1,"ok","-"
"local_interior_d10","local_interior",10,96,208697,"ODIN",0,0.825396825396825,0.412698412698413,0,33,-1,"ok","-"
"local_interior_d10","local_interior",10,96,208697,"iForest",0,1,0.5,0,0,-1,"ok","-"
"local_interior_d10","local_interior",10,97,208698,"U-MCCD",0,0.846560846560847,0.423280423280423,0,29,-1,"ok","-"
"local_interior_d10","local_interior",10,97,208698,"SU-MCCD",0,0.957671957671958,0.478835978835979,0,8,-1,"ok","-"
"local_interior_d10","local_interior",10,97,208698,"UN-MCCD",0,1,0.5,0,0,-1,"ok","-"
"local_interior_d10","local_interior",10,97,208698,"SUN-MCCD",0,1,0.5,0,0,-1,"ok","-"
"local_interior_d10","local_interior",10,97,208698,"LOF",0,1,0.5,0,0,-1,"ok","-"
"local_interior_d10","local_interior",10,97,208698,"DBSCAN",0,1,0.5,0,0,-1,"ok","-"
"local_interior_d10","local_interior",10,97,208698,"MST",0,0.899470899470899,0.44973544973545,0,19,-1,"ok","-"
"local_interior_d10","local_interior",10,97,208698,"ODIN",0,0.920634920634921,0.46031746031746,0,15,-1,"ok","-"
"local_interior_d10","local_interior",10,97,208698,"iForest",0,1,0.5,0,0,-1,"ok","-"
"local_interior_d10","local_interior",10,98,208699,"U-MCCD",0,0.899470899470899,0.44973544973545,0,19,-1,"ok","-"
"local_interior_d10","local_interior",10,98,208699,"SU-MCCD",0.5,0.465608465608466,0.482804232804233,0.171232876712329,106,-1,"ok","-"
"local_interior_d10","local_interior",10,98,208699,"UN-MCCD",0,0.978835978835979,0.489417989417989,0,4,-1,"ok","-"
"local_interior_d10","local_interior",10,98,208699,"SUN-MCCD",0,1,0.5,0,0,-1,"ok","-"
"local_interior_d10","local_interior",10,98,208699,"LOF",0,1,0.5,0,0,-1,"ok","-"
"local_interior_d10","local_interior",10,98,208699,"DBSCAN",0,1,0.5,0,0,-1,"ok","-"
"local_interior_d10","local_interior",10,98,208699,"MST",0,0.783068783068783,0.391534391534392,0,41,-1,"ok","-"
"local_interior_d10","local_interior",10,98,208699,"ODIN",0,0.835978835978836,0.417989417989418,0,31,-1,"ok","-"
"local_interior_d10","local_interior",10,98,208699,"iForest",0,1,0.5,0,0,-1,"ok","-"
"local_interior_d10","local_interior",10,99,208700,"U-MCCD",0,0.777777777777778,0.388888888888889,0,42,-1,"ok","-"
"local_interior_d10","local_interior",10,99,208700,"SU-MCCD",0,1,0.5,0,0,-1,"ok","-"
"local_interior_d10","local_interior",10,99,208700,"UN-MCCD",0,0.989417989417989,0.494708994708995,0,2,-1,"ok","-"
"local_interior_d10","local_interior",10,99,208700,"SUN-MCCD",0,0.984126984126984,0.492063492063492,0,3,-1,"ok","-"
"local_interior_d10","local_interior",10,99,208700,"LOF",0,1,0.5,0,0,-1,"ok","-"
"local_interior_d10","local_interior",10,99,208700,"DBSCAN",0,1,0.5,0,0,-1,"ok","-"
"local_interior_d10","local_interior",10,99,208700,"MST",0,0.835978835978836,0.417989417989418,0,31,-1,"ok","-"
"local_interior_d10","local_interior",10,99,208700,"ODIN",0,0.862433862433862,0.431216931216931,0,26,-1,"ok","-"
"local_interior_d10","local_interior",10,99,208700,"iForest",0,1,0.5,0,0,-1,"ok","-"
"local_interior_d10","local_interior",10,100,208701,"U-MCCD",0,0.973544973544973,0.486772486772487,0,5,-1,"ok","-"
"local_interior_d10","local_interior",10,100,208701,"SU-MCCD",0,1,0.5,0,0,-1,"ok","-"
"local_interior_d10","local_interior",10,100,208701,"UN-MCCD",0,1,0.5,0,0,-1,"ok","-"
"local_interior_d10","local_interior",10,100,208701,"SUN-MCCD",0,1,0.5,0,0,-1,"ok","-"
"local_interior_d10","local_interior",10,100,208701,"LOF",0,1,0.5,0,0,-1,"ok","-"
"local_interior_d10","local_interior",10,100,208701,"DBSCAN",0,1,0.5,0,0,-1,"ok","-"
"local_interior_d10","local_interior",10,100,208701,"MST",0,0.825396825396825,0.412698412698413,0,33,-1,"ok","-"
"local_interior_d10","local_interior",10,100,208701,"ODIN",0,0.867724867724868,0.433862433862434,0,25,-1,"ok","-"
"local_interior_d10","local_interior",10,100,208701,"iForest",0,1,0.5,0,0,-1,"ok","-"
"local_shell_d3","local_shell",3,1,308602,"U-MCCD",1,1,1,1,10,-1,"ok","-"
"local_shell_d3","local_shell",3,1,308602,"SU-MCCD",1,1,1,1,10,-1,"ok","-"
"local_shell_d3","local_shell",3,1,308602,"UN-MCCD",1,0.968253968253968,0.984126984126984,0.892857142857143,16,-1,"ok","-"
"local_shell_d3","local_shell",3,1,308602,"SUN-MCCD",1,1,1,1,10,-1,"ok","-"
"local_shell_d3","local_shell",3,1,308602,"LOF",1,1,1,1,10,-1,"ok","-"
"local_shell_d3","local_shell",3,1,308602,"DBSCAN",1,1,1,1,10,-1,"ok","-"
"local_shell_d3","local_shell",3,1,308602,"MST",1,0.597883597883598,0.798941798941799,0.396825396825397,86,-1,"ok","-"
"local_shell_d3","local_shell",3,1,308602,"ODIN",1,0.936507936507937,0.968253968253968,0.806451612903226,22,-1,"ok","-"
"local_shell_d3","local_shell",3,1,308602,"iForest",1,1,1,1,10,-1,"ok","-"
"local_shell_d3","local_shell",3,2,308603,"U-MCCD",1,0.989417989417989,0.994708994708995,0.961538461538461,12,-1,"ok","-"
"local_shell_d3","local_shell",3,2,308603,"SU-MCCD",1,1,1,1,10,-1,"ok","-"
"local_shell_d3","local_shell",3,2,308603,"UN-MCCD",1,1,1,1,10,-1,"ok","-"
"local_shell_d3","local_shell",3,2,308603,"SUN-MCCD",1,1,1,1,10,-1,"ok","-"
"local_shell_d3","local_shell",3,2,308603,"LOF",1,1,1,1,10,-1,"ok","-"
"local_shell_d3","local_shell",3,2,308603,"DBSCAN",1,1,1,1,10,-1,"ok","-"
"local_shell_d3","local_shell",3,2,308603,"MST",0.9,0.544973544973545,0.722486772486773,0.333333333333333,95,-1,"ok","-"
"local_shell_d3","local_shell",3,2,308603,"ODIN",1,0.994708994708995,0.997354497354497,0.980392156862745,11,-1,"ok","-"
"local_shell_d3","local_shell",3,2,308603,"iForest",1,1,1,1,10,-1,"ok","-"
"local_shell_d3","local_shell",3,3,308604,"U-MCCD",1,0.994708994708995,0.997354497354497,0.980392156862745,11,-1,"ok","-"
"local_shell_d3","local_shell",3,3,308604,"SU-MCCD",1,1,1,1,10,-1,"ok","-"
"local_shell_d3","local_shell",3,3,308604,"UN-MCCD",1,0.994708994708995,0.997354497354497,0.980392156862745,11,-1,"ok","-"
"local_shell_d3","local_shell",3,3,308604,"SUN-MCCD",1,1,1,1,10,-1,"ok","-"
"local_shell_d3","local_shell",3,3,308604,"LOF",1,1,1,1,10,-1,"ok","-"
"local_shell_d3","local_shell",3,3,308604,"DBSCAN",1,1,1,1,10,-1,"ok","-"
"local_shell_d3","local_shell",3,3,308604,"MST",0.8,0.656084656084656,0.728042328042328,0.353982300884956,73,-1,"ok","-"
"local_shell_d3","local_shell",3,3,308604,"ODIN",1,0.978835978835979,0.989417989417989,0.925925925925926,14,-1,"ok","-"
"local_shell_d3","local_shell",3,3,308604,"iForest",1,1,1,1,10,-1,"ok","-"
"local_shell_d3","local_shell",3,4,308605,"U-MCCD",1,1,1,1,10,-1,"ok","-"
"local_shell_d3","local_shell",3,4,308605,"SU-MCCD",1,1,1,1,10,-1,"ok","-"
"local_shell_d3","local_shell",3,4,308605,"UN-MCCD",1,0.973544973544973,0.986772486772487,0.909090909090909,15,-1,"ok","-"
"local_shell_d3","local_shell",3,4,308605,"SUN-MCCD",1,0.984126984126984,0.992063492063492,0.943396226415094,13,-1,"ok","-"
"local_shell_d3","local_shell",3,4,308605,"LOF",1,1,1,1,10,-1,"ok","-"
"local_shell_d3","local_shell",3,4,308605,"DBSCAN",1,1,1,1,10,-1,"ok","-"
"local_shell_d3","local_shell",3,4,308605,"MST",0.9,0.693121693121693,0.796560846560847,0.420560747663551,67,-1,"ok","-"
"local_shell_d3","local_shell",3,4,308605,"ODIN",1,0.978835978835979,0.989417989417989,0.925925925925926,14,-1,"ok","-"
"local_shell_d3","local_shell",3,4,308605,"iForest",0.9,1,0.95,0.918367346938775,9,-1,"ok","-"
"local_shell_d3","local_shell",3,5,308606,"U-MCCD",1,0.989417989417989,0.994708994708995,0.961538461538461,12,-1,"ok","-"
"local_shell_d3","local_shell",3,5,308606,"SU-MCCD",1,1,1,1,10,-1,"ok","-"
"local_shell_d3","local_shell",3,5,308606,"UN-MCCD",1,1,1,1,10,-1,"ok","-"
"local_shell_d3","local_shell",3,5,308606,"SUN-MCCD",1,1,1,1,10,-1,"ok","-"
"local_shell_d3","local_shell",3,5,308606,"LOF",1,1,1,1,10,-1,"ok","-"
"local_shell_d3","local_shell",3,5,308606,"DBSCAN",1,1,1,1,10,-1,"ok","-"
"local_shell_d3","local_shell",3,5,308606,"MST",0.9,0.671957671957672,0.785978835978836,0.405405405405405,71,-1,"ok","-"
"local_shell_d3","local_shell",3,5,308606,"ODIN",1,0.984126984126984,0.992063492063492,0.943396226415094,13,-1,"ok","-"
"local_shell_d3","local_shell",3,5,308606,"iForest",0.9,1,0.95,0.918367346938775,9,-1,"ok","-"
"local_shell_d3","local_shell",3,6,308607,"U-MCCD",1,1,1,1,10,-1,"ok","-"
"local_shell_d3","local_shell",3,6,308607,"SU-MCCD",1,1,1,1,10,-1,"ok","-"
"local_shell_d3","local_shell",3,6,308607,"UN-MCCD",1,1,1,1,10,-1,"ok","-"
"local_shell_d3","local_shell",3,6,308607,"SUN-MCCD",1,1,1,1,10,-1,"ok","-"
"local_shell_d3","local_shell",3,6,308607,"LOF",1,1,1,1,10,-1,"ok","-"
"local_shell_d3","local_shell",3,6,308607,"DBSCAN",1,1,1,1,10,-1,"ok","-"
"local_shell_d3","local_shell",3,6,308607,"MST",0.9,0.560846560846561,0.73042328042328,0.340909090909091,92,-1,"ok","-"
"local_shell_d3","local_shell",3,6,308607,"ODIN",1,1,1,1,10,-1,"ok","-"
"local_shell_d3","local_shell",3,6,308607,"iForest",1,1,1,1,10,-1,"ok","-"
"local_shell_d3","local_shell",3,7,308608,"U-MCCD",1,0.994708994708995,0.997354497354497,0.980392156862745,11,-1,"ok","-"
"local_shell_d3","local_shell",3,7,308608,"SU-MCCD",1,1,1,1,10,-1,"ok","-"
"local_shell_d3","local_shell",3,7,308608,"UN-MCCD",1,0.994708994708995,0.997354497354497,0.980392156862745,11,-1,"ok","-"
"local_shell_d3","local_shell",3,7,308608,"SUN-MCCD",1,1,1,1,10,-1,"ok","-"
"local_shell_d3","local_shell",3,7,308608,"LOF",1,1,1,1,10,-1,"ok","-"
"local_shell_d3","local_shell",3,7,308608,"DBSCAN",1,1,1,1,10,-1,"ok","-"
"local_shell_d3","local_shell",3,7,308608,"MST",0.7,0.661375661375661,0.680687830687831,0.315315315315315,71,-1,"ok","-"
"local_shell_d3","local_shell",3,7,308608,"ODIN",1,0.962962962962963,0.981481481481481,0.87719298245614,17,-1,"ok","-"
"local_shell_d3","local_shell",3,7,308608,"iForest",1,1,1,1,10,-1,"ok","-"
"local_shell_d3","local_shell",3,8,308609,"U-MCCD",1,0.994708994708995,0.997354497354497,0.980392156862745,11,-1,"ok","-"
"local_shell_d3","local_shell",3,8,308609,"SU-MCCD",1,0.994708994708995,0.997354497354497,0.980392156862745,11,-1,"ok","-"
"local_shell_d3","local_shell",3,8,308609,"UN-MCCD",1,1,1,1,10,-1,"ok","-"
"local_shell_d3","local_shell",3,8,308609,"SUN-MCCD",1,1,1,1,10,-1,"ok","-"
"local_shell_d3","local_shell",3,8,308609,"LOF",1,1,1,1,10,-1,"ok","-"
"local_shell_d3","local_shell",3,8,308609,"DBSCAN",1,1,1,1,10,-1,"ok","-"
"local_shell_d3","local_shell",3,8,308609,"MST",0.8,0.608465608465608,0.704232804232804,0.327868852459016,82,-1,"ok","-"
"local_shell_d3","local_shell",3,8,308609,"ODIN",1,0.994708994708995,0.997354497354497,0.980392156862745,11,-1,"ok","-"
"local_shell_d3","local_shell",3,8,308609,"iForest",1,1,1,1,10,-1,"ok","-"
"local_shell_d3","local_shell",3,9,308610,"U-MCCD",1,0.994708994708995,0.997354497354497,0.980392156862745,11,-1,"ok","-"
"local_shell_d3","local_shell",3,9,308610,"SU-MCCD",1,1,1,1,10,-1,"ok","-"
"local_shell_d3","local_shell",3,9,308610,"UN-MCCD",1,0.968253968253968,0.984126984126984,0.892857142857143,16,-1,"ok","-"
"local_shell_d3","local_shell",3,9,308610,"SUN-MCCD",1,1,1,1,10,-1,"ok","-"
"local_shell_d3","local_shell",3,9,308610,"LOF",1,1,1,1,10,-1,"ok","-"
"local_shell_d3","local_shell",3,9,308610,"DBSCAN",1,1,1,1,10,-1,"ok","-"
"local_shell_d3","local_shell",3,9,308610,"MST",1,0.671957671957672,0.835978835978836,0.446428571428571,72,-1,"ok","-"
"local_shell_d3","local_shell",3,9,308610,"ODIN",1,0.989417989417989,0.994708994708995,0.961538461538461,12,-1,"ok","-"
"local_shell_d3","local_shell",3,9,308610,"iForest",1,1,1,1,10,-1,"ok","-"
"local_shell_d3","local_shell",3,10,308611,"U-MCCD",1,1,1,1,10,-1,"ok","-"
"local_shell_d3","local_shell",3,10,308611,"SU-MCCD",1,1,1,1,10,-1,"ok","-"
"local_shell_d3","local_shell",3,10,308611,"UN-MCCD",1,1,1,1,10,-1,"ok","-"
"local_shell_d3","local_shell",3,10,308611,"SUN-MCCD",1,1,1,1,10,-1,"ok","-"
"local_shell_d3","local_shell",3,10,308611,"LOF",1,1,1,1,10,-1,"ok","-"
"local_shell_d3","local_shell",3,10,308611,"DBSCAN",1,1,1,1,10,-1,"ok","-"
"local_shell_d3","local_shell",3,10,308611,"MST",0.9,0.73015873015873,0.815079365079365,0.45,60,-1,"ok","-"
"local_shell_d3","local_shell",3,10,308611,"ODIN",1,0.984126984126984,0.992063492063492,0.943396226415094,13,-1,"ok","-"
"local_shell_d3","local_shell",3,10,308611,"iForest",1,1,1,1,10,-1,"ok","-"
"local_shell_d3","local_shell",3,11,308612,"U-MCCD",1,0.984126984126984,0.992063492063492,0.943396226415094,13,-1,"ok","-"
"local_shell_d3","local_shell",3,11,308612,"SU-MCCD",1,1,1,1,10,-1,"ok","-"
"local_shell_d3","local_shell",3,11,308612,"UN-MCCD",1,0.968253968253968,0.984126984126984,0.892857142857143,16,-1,"ok","-"
"local_shell_d3","local_shell",3,11,308612,"SUN-MCCD",1,0.989417989417989,0.994708994708995,0.961538461538461,12,-1,"ok","-"
"local_shell_d3","local_shell",3,11,308612,"LOF",1,1,1,1,10,-1,"ok","-"
"local_shell_d3","local_shell",3,11,308612,"DBSCAN",1,1,1,1,10,-1,"ok","-"
"local_shell_d3","local_shell",3,11,308612,"MST",0.7,0.677248677248677,0.688624338624339,0.324074074074074,68,-1,"ok","-"
"local_shell_d3","local_shell",3,11,308612,"ODIN",1,0.968253968253968,0.984126984126984,0.892857142857143,16,-1,"ok","-"
"local_shell_d3","local_shell",3,11,308612,"iForest",1,1,1,1,10,-1,"ok","-"
"local_shell_d3","local_shell",3,12,308613,"U-MCCD",1,0.994708994708995,0.997354497354497,0.980392156862745,11,-1,"ok","-"
"local_shell_d3","local_shell",3,12,308613,"SU-MCCD",1,1,1,1,10,-1,"ok","-"
"local_shell_d3","local_shell",3,12,308613,"UN-MCCD",1,0.994708994708995,0.997354497354497,0.980392156862745,11,-1,"ok","-"
"local_shell_d3","local_shell",3,12,308613,"SUN-MCCD",1,1,1,1,10,-1,"ok","-"
"local_shell_d3","local_shell",3,12,308613,"LOF",1,1,1,1,10,-1,"ok","-"
"local_shell_d3","local_shell",3,12,308613,"DBSCAN",1,1,1,1,10,-1,"ok","-"
"local_shell_d3","local_shell",3,12,308613,"MST",1,0.582010582010582,0.791005291005291,0.387596899224806,89,-1,"ok","-"
"local_shell_d3","local_shell",3,12,308613,"ODIN",1,0.968253968253968,0.984126984126984,0.892857142857143,16,-1,"ok","-"
"local_shell_d3","local_shell",3,12,308613,"iForest",1,1,1,1,10,-1,"ok","-"
"local_shell_d3","local_shell",3,13,308614,"U-MCCD",1,1,1,1,10,-1,"ok","-"
"local_shell_d3","local_shell",3,13,308614,"SU-MCCD",1,1,1,1,10,-1,"ok","-"
"local_shell_d3","local_shell",3,13,308614,"UN-MCCD",1,1,1,1,10,-1,"ok","-"
"local_shell_d3","local_shell",3,13,308614,"SUN-MCCD",1,1,1,1,10,-1,"ok","-"
"local_shell_d3","local_shell",3,13,308614,"LOF",1,1,1,1,10,-1,"ok","-"
"local_shell_d3","local_shell",3,13,308614,"DBSCAN",1,1,1,1,10,-1,"ok","-"
"local_shell_d3","local_shell",3,13,308614,"MST",0.9,0.71957671957672,0.80978835978836,0.441176470588235,62,-1,"ok","-"
"local_shell_d3","local_shell",3,13,308614,"ODIN",1,1,1,1,10,-1,"ok","-"
"local_shell_d3","local_shell",3,13,308614,"iForest",1,1,1,1,10,-1,"ok","-"
"local_shell_d3","local_shell",3,14,308615,"U-MCCD",1,1,1,1,10,-1,"ok","-"
"local_shell_d3","local_shell",3,14,308615,"SU-MCCD",1,1,1,1,10,-1,"ok","-"
"local_shell_d3","local_shell",3,14,308615,"UN-MCCD",1,0.984126984126984,0.992063492063492,0.943396226415094,13,-1,"ok","-"
"local_shell_d3","local_shell",3,14,308615,"SUN-MCCD",1,1,1,1,10,-1,"ok","-"
"local_shell_d3","local_shell",3,14,308615,"LOF",1,1,1,1,10,-1,"ok","-"
"local_shell_d3","local_shell",3,14,308615,"DBSCAN",1,1,1,1,10,-1,"ok","-"
"local_shell_d3","local_shell",3,14,308615,"MST",0.9,0.62962962962963,0.764814814814815,0.378151260504202,79,-1,"ok","-"
"local_shell_d3","local_shell",3,14,308615,"ODIN",1,0.994708994708995,0.997354497354497,0.980392156862745,11,-1,"ok","-"
"local_shell_d3","local_shell",3,14,308615,"iForest",1,1,1,1,10,-1,"ok","-"
"local_shell_d3","local_shell",3,15,308616,"U-MCCD",1,1,1,1,10,-1,"ok","-"
"local_shell_d3","local_shell",3,15,308616,"SU-MCCD",1,1,1,1,10,-1,"ok","-"
"local_shell_d3","local_shell",3,15,308616,"UN-MCCD",1,0.989417989417989,0.994708994708995,0.961538461538461,12,-1,"ok","-"
"local_shell_d3","local_shell",3,15,308616,"SUN-MCCD",1,0.994708994708995,0.997354497354497,0.980392156862745,11,-1,"ok","-"
"local_shell_d3","local_shell",3,15,308616,"LOF",1,1,1,1,10,-1,"ok","-"
"local_shell_d3","local_shell",3,15,308616,"DBSCAN",1,1,1,1,10,-1,"ok","-"
"local_shell_d3","local_shell",3,15,308616,"MST",1,0.656084656084656,0.828042328042328,0.434782608695652,75,-1,"ok","-"
"local_shell_d3","local_shell",3,15,308616,"ODIN",1,0.973544973544973,0.986772486772487,0.909090909090909,15,-1,"ok","-"
"local_shell_d3","local_shell",3,15,308616,"iForest",1,1,1,1,10,-1,"ok","-"
"local_shell_d3","local_shell",3,16,308617,"U-MCCD",1,0.989417989417989,0.994708994708995,0.961538461538461,12,-1,"ok","-"
"local_shell_d3","local_shell",3,16,308617,"SU-MCCD",1,1,1,1,10,-1,"ok","-"
"local_shell_d3","local_shell",3,16,308617,"UN-MCCD",1,0.994708994708995,0.997354497354497,0.980392156862745,11,-1,"ok","-"
"local_shell_d3","local_shell",3,16,308617,"SUN-MCCD",1,0.994708994708995,0.997354497354497,0.980392156862745,11,-1,"ok","-"
"local_shell_d3","local_shell",3,16,308617,"LOF",1,1,1,1,10,-1,"ok","-"
"local_shell_d3","local_shell",3,16,308617,"DBSCAN",1,1,1,1,10,-1,"ok","-"
"local_shell_d3","local_shell",3,16,308617,"MST",0.7,0.603174603174603,0.651587301587301,0.286885245901639,82,-1,"ok","-"
"local_shell_d3","local_shell",3,16,308617,"ODIN",1,0.973544973544973,0.986772486772487,0.909090909090909,15,-1,"ok","-"
"local_shell_d3","local_shell",3,16,308617,"iForest",1,1,1,1,10,-1,"ok","-"
"local_shell_d3","local_shell",3,17,308618,"U-MCCD",1,0.994708994708995,0.997354497354497,0.980392156862745,11,-1,"ok","-"
"local_shell_d3","local_shell",3,17,308618,"SU-MCCD",1,1,1,1,10,-1,"ok","-"
"local_shell_d3","local_shell",3,17,308618,"UN-MCCD",1,0.994708994708995,0.997354497354497,0.980392156862745,11,-1,"ok","-"
"local_shell_d3","local_shell",3,17,308618,"SUN-MCCD",1,0.989417989417989,0.994708994708995,0.961538461538461,12,-1,"ok","-"
"local_shell_d3","local_shell",3,17,308618,"LOF",1,1,1,1,10,-1,"ok","-"
"local_shell_d3","local_shell",3,17,308618,"DBSCAN",1,1,1,1,10,-1,"ok","-"
"local_shell_d3","local_shell",3,17,308618,"MST",0.9,0.650793650793651,0.775396825396825,0.391304347826087,75,-1,"ok","-"
"local_shell_d3","local_shell",3,17,308618,"ODIN",1,0.989417989417989,0.994708994708995,0.961538461538461,12,-1,"ok","-"
"local_shell_d3","local_shell",3,17,308618,"iForest",1,1,1,1,10,-1,"ok","-"
"local_shell_d3","local_shell",3,18,308619,"U-MCCD",1,0.994708994708995,0.997354497354497,0.980392156862745,11,-1,"ok","-"
"local_shell_d3","local_shell",3,18,308619,"SU-MCCD",1,1,1,1,10,-1,"ok","-"
"local_shell_d3","local_shell",3,18,308619,"UN-MCCD",1,1,1,1,10,-1,"ok","-"
"local_shell_d3","local_shell",3,18,308619,"SUN-MCCD",1,1,1,1,10,-1,"ok","-"
"local_shell_d3","local_shell",3,18,308619,"LOF",1,1,1,1,10,-1,"ok","-"
"local_shell_d3","local_shell",3,18,308619,"DBSCAN",1,1,1,1,10,-1,"ok","-"
"local_shell_d3","local_shell",3,18,308619,"MST",0.9,0.656084656084656,0.778042328042328,0.394736842105263,74,-1,"ok","-"
"local_shell_d3","local_shell",3,18,308619,"ODIN",1,1,1,1,10,-1,"ok","-"
"local_shell_d3","local_shell",3,18,308619,"iForest",1,1,1,1,10,-1,"ok","-"
"local_shell_d3","local_shell",3,19,308620,"U-MCCD",1,0.994708994708995,0.997354497354497,0.980392156862745,11,-1,"ok","-"
"local_shell_d3","local_shell",3,19,308620,"SU-MCCD",1,1,1,1,10,-1,"ok","-"
"local_shell_d3","local_shell",3,19,308620,"UN-MCCD",1,0.973544973544973,0.986772486772487,0.909090909090909,15,-1,"ok","-"
"local_shell_d3","local_shell",3,19,308620,"SUN-MCCD",1,1,1,1,10,-1,"ok","-"
"local_shell_d3","local_shell",3,19,308620,"LOF",1,1,1,1,10,-1,"ok","-"
"local_shell_d3","local_shell",3,19,308620,"DBSCAN",1,1,1,1,10,-1,"ok","-"
"local_shell_d3","local_shell",3,19,308620,"MST",1,0.645502645502645,0.822751322751323,0.427350427350427,77,-1,"ok","-"
"local_shell_d3","local_shell",3,19,308620,"ODIN",1,0.984126984126984,0.992063492063492,0.943396226415094,13,-1,"ok","-"
"local_shell_d3","local_shell",3,19,308620,"iForest",1,1,1,1,10,-1,"ok","-"
"local_shell_d3","local_shell",3,20,308621,"U-MCCD",1,1,1,1,10,-1,"ok","-"
"local_shell_d3","local_shell",3,20,308621,"SU-MCCD",1,1,1,1,10,-1,"ok","-"
"local_shell_d3","local_shell",3,20,308621,"UN-MCCD",1,1,1,1,10,-1,"ok","-"
"local_shell_d3","local_shell",3,20,308621,"SUN-MCCD",1,1,1,1,10,-1,"ok","-"
"local_shell_d3","local_shell",3,20,308621,"LOF",1,1,1,1,10,-1,"ok","-"
"local_shell_d3","local_shell",3,20,308621,"DBSCAN",1,1,1,1,10,-1,"ok","-"
"local_shell_d3","local_shell",3,20,308621,"MST",1,0.619047619047619,0.80952380952381,0.409836065573771,82,-1,"ok","-"
"local_shell_d3","local_shell",3,20,308621,"ODIN",1,0.989417989417989,0.994708994708995,0.961538461538461,12,-1,"ok","-"
"local_shell_d3","local_shell",3,20,308621,"iForest",0.9,1,0.95,0.918367346938775,9,-1,"ok","-"
"local_shell_d3","local_shell",3,21,308622,"U-MCCD",1,0.989417989417989,0.994708994708995,0.961538461538461,12,-1,"ok","-"
"local_shell_d3","local_shell",3,21,308622,"SU-MCCD",1,1,1,1,10,-1,"ok","-"
"local_shell_d3","local_shell",3,21,308622,"UN-MCCD",1,0.994708994708995,0.997354497354497,0.980392156862745,11,-1,"ok","-"
"local_shell_d3","local_shell",3,21,308622,"SUN-MCCD",1,1,1,1,10,-1,"ok","-"
"local_shell_d3","local_shell",3,21,308622,"LOF",1,1,1,1,10,-1,"ok","-"
"local_shell_d3","local_shell",3,21,308622,"DBSCAN",1,1,1,1,10,-1,"ok","-"
"local_shell_d3","local_shell",3,21,308622,"MST",1,0.656084656084656,0.828042328042328,0.434782608695652,75,-1,"ok","-"
"local_shell_d3","local_shell",3,21,308622,"ODIN",1,0.978835978835979,0.989417989417989,0.925925925925926,14,-1,"ok","-"
"local_shell_d3","local_shell",3,21,308622,"iForest",1,1,1,1,10,-1,"ok","-"
"local_shell_d3","local_shell",3,22,308623,"U-MCCD",1,1,1,1,10,-1,"ok","-"
"local_shell_d3","local_shell",3,22,308623,"SU-MCCD",1,1,1,1,10,-1,"ok","-"
"local_shell_d3","local_shell",3,22,308623,"UN-MCCD",1,1,1,1,10,-1,"ok","-"
"local_shell_d3","local_shell",3,22,308623,"SUN-MCCD",1,1,1,1,10,-1,"ok","-"
"local_shell_d3","local_shell",3,22,308623,"LOF",1,1,1,1,10,-1,"ok","-"
"local_shell_d3","local_shell",3,22,308623,"DBSCAN",1,1,1,1,10,-1,"ok","-"
"local_shell_d3","local_shell",3,22,308623,"MST",1,0.624338624338624,0.812169312169312,0.413223140495868,81,-1,"ok","-"
"local_shell_d3","local_shell",3,22,308623,"ODIN",1,0.989417989417989,0.994708994708995,0.961538461538461,12,-1,"ok","-"
"local_shell_d3","local_shell",3,22,308623,"iForest",1,1,1,1,10,-1,"ok","-"
"local_shell_d3","local_shell",3,23,308624,"U-MCCD",1,0.989417989417989,0.994708994708995,0.961538461538461,12,-1,"ok","-"
"local_shell_d3","local_shell",3,23,308624,"SU-MCCD",1,1,1,1,10,-1,"ok","-"
"local_shell_d3","local_shell",3,23,308624,"UN-MCCD",1,0.994708994708995,0.997354497354497,0.980392156862745,11,-1,"ok","-"
"local_shell_d3","local_shell",3,23,308624,"SUN-MCCD",1,1,1,1,10,-1,"ok","-"
"local_shell_d3","local_shell",3,23,308624,"LOF",1,1,1,1,10,-1,"ok","-"
"local_shell_d3","local_shell",3,23,308624,"DBSCAN",1,1,1,1,10,-1,"ok","-"
"local_shell_d3","local_shell",3,23,308624,"MST",0.9,0.71957671957672,0.80978835978836,0.441176470588235,62,-1,"ok","-"
"local_shell_d3","local_shell",3,23,308624,"ODIN",1,0.984126984126984,0.992063492063492,0.943396226415094,13,-1,"ok","-"
"local_shell_d3","local_shell",3,23,308624,"iForest",1,1,1,1,10,-1,"ok","-"
"local_shell_d3","local_shell",3,24,308625,"U-MCCD",1,0.994708994708995,0.997354497354497,0.980392156862745,11,-1,"ok","-"
"local_shell_d3","local_shell",3,24,308625,"SU-MCCD",1,1,1,1,10,-1,"ok","-"
"local_shell_d3","local_shell",3,24,308625,"UN-MCCD",1,1,1,1,10,-1,"ok","-"
"local_shell_d3","local_shell",3,24,308625,"SUN-MCCD",1,1,1,1,10,-1,"ok","-"
"local_shell_d3","local_shell",3,24,308625,"LOF",1,1,1,1,10,-1,"ok","-"
"local_shell_d3","local_shell",3,24,308625,"DBSCAN",1,1,1,1,10,-1,"ok","-"
"local_shell_d3","local_shell",3,24,308625,"MST",0.8,0.687830687830688,0.743915343915344,0.373831775700935,67,-1,"ok","-"
"local_shell_d3","local_shell",3,24,308625,"ODIN",1,0.978835978835979,0.989417989417989,0.925925925925926,14,-1,"ok","-"
"local_shell_d3","local_shell",3,24,308625,"iForest",1,1,1,1,10,-1,"ok","-"
"local_shell_d3","local_shell",3,25,308626,"U-MCCD",1,1,1,1,10,-1,"ok","-"
"local_shell_d3","local_shell",3,25,308626,"SU-MCCD",1,1,1,1,10,-1,"ok","-"
"local_shell_d3","local_shell",3,25,308626,"UN-MCCD",1,0.994708994708995,0.997354497354497,0.980392156862745,11,-1,"ok","-"
"local_shell_d3","local_shell",3,25,308626,"SUN-MCCD",1,1,1,1,10,-1,"ok","-"
"local_shell_d3","local_shell",3,25,308626,"LOF",1,1,1,1,10,-1,"ok","-"
"local_shell_d3","local_shell",3,25,308626,"DBSCAN",1,1,1,1,10,-1,"ok","-"
"local_shell_d3","local_shell",3,25,308626,"MST",0.9,0.71957671957672,0.80978835978836,0.441176470588235,62,-1,"ok","-"
"local_shell_d3","local_shell",3,25,308626,"ODIN",1,0.973544973544973,0.986772486772487,0.909090909090909,15,-1,"ok","-"
"local_shell_d3","local_shell",3,25,308626,"iForest",1,1,1,1,10,-1,"ok","-"
"local_shell_d3","local_shell",3,26,308627,"U-MCCD",1,0.994708994708995,0.997354497354497,0.980392156862745,11,-1,"ok","-"
"local_shell_d3","local_shell",3,26,308627,"SU-MCCD",1,1,1,1,10,-1,"ok","-"
"local_shell_d3","local_shell",3,26,308627,"UN-MCCD",1,0.989417989417989,0.994708994708995,0.961538461538461,12,-1,"ok","-"
"local_shell_d3","local_shell",3,26,308627,"SUN-MCCD",1,1,1,1,10,-1,"ok","-"
"local_shell_d3","local_shell",3,26,308627,"LOF",1,1,1,1,10,-1,"ok","-"
"local_shell_d3","local_shell",3,26,308627,"DBSCAN",1,1,1,1,10,-1,"ok","-"
"local_shell_d3","local_shell",3,26,308627,"MST",0.9,0.597883597883598,0.748941798941799,0.36,85,-1,"ok","-"
"local_shell_d3","local_shell",3,26,308627,"ODIN",1,0.984126984126984,0.992063492063492,0.943396226415094,13,-1,"ok","-"
"local_shell_d3","local_shell",3,26,308627,"iForest",1,1,1,1,10,-1,"ok","-"
"local_shell_d3","local_shell",3,27,308628,"U-MCCD",1,0.989417989417989,0.994708994708995,0.961538461538461,12,-1,"ok","-"
"local_shell_d3","local_shell",3,27,308628,"SU-MCCD",1,1,1,1,10,-1,"ok","-"
"local_shell_d3","local_shell",3,27,308628,"UN-MCCD",1,0.994708994708995,0.997354497354497,0.980392156862745,11,-1,"ok","-"
"local_shell_d3","local_shell",3,27,308628,"SUN-MCCD",1,1,1,1,10,-1,"ok","-"
"local_shell_d3","local_shell",3,27,308628,"LOF",1,1,1,1,10,-1,"ok","-"
"local_shell_d3","local_shell",3,27,308628,"DBSCAN",1,1,1,1,10,-1,"ok","-"
"local_shell_d3","local_shell",3,27,308628,"MST",0.9,0.751322751322751,0.825661375661376,0.46875,56,-1,"ok","-"
"local_shell_d3","local_shell",3,27,308628,"ODIN",1,0.973544973544973,0.986772486772487,0.909090909090909,15,-1,"ok","-"
"local_shell_d3","local_shell",3,27,308628,"iForest",1,1,1,1,10,-1,"ok","-"
"local_shell_d3","local_shell",3,28,308629,"U-MCCD",1,0.994708994708995,0.997354497354497,0.980392156862745,11,-1,"ok","-"
"local_shell_d3","local_shell",3,28,308629,"SU-MCCD",1,1,1,1,10,-1,"ok","-"
"local_shell_d3","local_shell",3,28,308629,"UN-MCCD",1,0.994708994708995,0.997354497354497,0.980392156862745,11,-1,"ok","-"
"local_shell_d3","local_shell",3,28,308629,"SUN-MCCD",1,1,1,1,10,-1,"ok","-"
"local_shell_d3","local_shell",3,28,308629,"LOF",1,1,1,1,10,-1,"ok","-"
"local_shell_d3","local_shell",3,28,308629,"DBSCAN",1,1,1,1,10,-1,"ok","-"
"local_shell_d3","local_shell",3,28,308629,"MST",0.7,0.634920634920635,0.667460317460317,0.301724137931034,76,-1,"ok","-"
"local_shell_d3","local_shell",3,28,308629,"ODIN",1,0.973544973544973,0.986772486772487,0.909090909090909,15,-1,"ok","-"
"local_shell_d3","local_shell",3,28,308629,"iForest",0.9,1,0.95,0.918367346938775,9,-1,"ok","-"
"local_shell_d3","local_shell",3,29,308630,"U-MCCD",1,0.994708994708995,0.997354497354497,0.980392156862745,11,-1,"ok","-"
"local_shell_d3","local_shell",3,29,308630,"SU-MCCD",1,0.994708994708995,0.997354497354497,0.980392156862745,11,-1,"ok","-"
"local_shell_d3","local_shell",3,29,308630,"UN-MCCD",1,0.989417989417989,0.994708994708995,0.961538461538461,12,-1,"ok","-"
"local_shell_d3","local_shell",3,29,308630,"SUN-MCCD",1,1,1,1,10,-1,"ok","-"
"local_shell_d3","local_shell",3,29,308630,"LOF",1,1,1,1,10,-1,"ok","-"
"local_shell_d3","local_shell",3,29,308630,"DBSCAN",1,1,1,1,10,-1,"ok","-"
"local_shell_d3","local_shell",3,29,308630,"MST",0.6,0.62962962962963,0.614814814814815,0.258620689655172,76,-1,"ok","-"
"local_shell_d3","local_shell",3,29,308630,"ODIN",1,0.989417989417989,0.994708994708995,0.961538461538461,12,-1,"ok","-"
"local_shell_d3","local_shell",3,29,308630,"iForest",0.9,1,0.95,0.918367346938775,9,-1,"ok","-"
"local_shell_d3","local_shell",3,30,308631,"U-MCCD",1,1,1,1,10,-1,"ok","-"
"local_shell_d3","local_shell",3,30,308631,"SU-MCCD",1,1,1,1,10,-1,"ok","-"
"local_shell_d3","local_shell",3,30,308631,"UN-MCCD",1,1,1,1,10,-1,"ok","-"
"local_shell_d3","local_shell",3,30,308631,"SUN-MCCD",1,1,1,1,10,-1,"ok","-"
"local_shell_d3","local_shell",3,30,308631,"LOF",1,1,1,1,10,-1,"ok","-"
"local_shell_d3","local_shell",3,30,308631,"DBSCAN",1,1,1,1,10,-1,"ok","-"
"local_shell_d3","local_shell",3,30,308631,"MST",0.9,0.671957671957672,0.785978835978836,0.405405405405405,71,-1,"ok","-"
"local_shell_d3","local_shell",3,30,308631,"ODIN",1,0.973544973544973,0.986772486772487,0.909090909090909,15,-1,"ok","-"
"local_shell_d3","local_shell",3,30,308631,"iForest",0.9,1,0.95,0.918367346938775,9,-1,"ok","-"
"local_shell_d3","local_shell",3,31,308632,"U-MCCD",1,0.989417989417989,0.994708994708995,0.961538461538461,12,-1,"ok","-"
"local_shell_d3","local_shell",3,31,308632,"SU-MCCD",1,1,1,1,10,-1,"ok","-"
"local_shell_d3","local_shell",3,31,308632,"UN-MCCD",1,0.989417989417989,0.994708994708995,0.961538461538461,12,-1,"ok","-"
"local_shell_d3","local_shell",3,31,308632,"SUN-MCCD",1,1,1,1,10,-1,"ok","-"
"local_shell_d3","local_shell",3,31,308632,"LOF",1,1,1,1,10,-1,"ok","-"
"local_shell_d3","local_shell",3,31,308632,"DBSCAN",1,1,1,1,10,-1,"ok","-"
"local_shell_d3","local_shell",3,31,308632,"MST",0.9,0.566137566137566,0.733068783068783,0.343511450381679,91,-1,"ok","-"
"local_shell_d3","local_shell",3,31,308632,"ODIN",1,0.973544973544973,0.986772486772487,0.909090909090909,15,-1,"ok","-"
"local_shell_d3","local_shell",3,31,308632,"iForest",1,1,1,1,10,-1,"ok","-"
"local_shell_d3","local_shell",3,32,308633,"U-MCCD",1,0.984126984126984,0.992063492063492,0.943396226415094,13,-1,"ok","-"
"local_shell_d3","local_shell",3,32,308633,"SU-MCCD",1,1,1,1,10,-1,"ok","-"
"local_shell_d3","local_shell",3,32,308633,"UN-MCCD",1,0.978835978835979,0.989417989417989,0.925925925925926,14,-1,"ok","-"
"local_shell_d3","local_shell",3,32,308633,"SUN-MCCD",1,1,1,1,10,-1,"ok","-"
"local_shell_d3","local_shell",3,32,308633,"LOF",1,1,1,1,10,-1,"ok","-"
"local_shell_d3","local_shell",3,32,308633,"DBSCAN",1,1,1,1,10,-1,"ok","-"
"local_shell_d3","local_shell",3,32,308633,"MST",0.9,0.677248677248677,0.788624338624339,0.409090909090909,70,-1,"ok","-"
"local_shell_d3","local_shell",3,32,308633,"ODIN",1,0.989417989417989,0.994708994708995,0.961538461538461,12,-1,"ok","-"
"local_shell_d3","local_shell",3,32,308633,"iForest",1,1,1,1,10,-1,"ok","-"
"local_shell_d3","local_shell",3,33,308634,"U-MCCD",1,0.962962962962963,0.981481481481481,0.87719298245614,17,-1,"ok","-"
"local_shell_d3","local_shell",3,33,308634,"SU-MCCD",1,1,1,1,10,-1,"ok","-"
"local_shell_d3","local_shell",3,33,308634,"UN-MCCD",1,0.984126984126984,0.992063492063492,0.943396226415094,13,-1,"ok","-"
"local_shell_d3","local_shell",3,33,308634,"SUN-MCCD",1,1,1,1,10,-1,"ok","-"
"local_shell_d3","local_shell",3,33,308634,"LOF",1,1,1,1,10,-1,"ok","-"
"local_shell_d3","local_shell",3,33,308634,"DBSCAN",1,1,1,1,10,-1,"ok","-"
"local_shell_d3","local_shell",3,33,308634,"MST",0.8,0.608465608465608,0.704232804232804,0.327868852459016,82,-1,"ok","-"
"local_shell_d3","local_shell",3,33,308634,"ODIN",1,0.968253968253968,0.984126984126984,0.892857142857143,16,-1,"ok","-"
"local_shell_d3","local_shell",3,33,308634,"iForest",1,1,1,1,10,-1,"ok","-"
"local_shell_d3","local_shell",3,34,308635,"U-MCCD",1,1,1,1,10,-1,"ok","-"
"local_shell_d3","local_shell",3,34,308635,"SU-MCCD",1,1,1,1,10,-1,"ok","-"
"local_shell_d3","local_shell",3,34,308635,"UN-MCCD",1,0.931216931216931,0.965608465608466,0.793650793650793,23,-1,"ok","-"
"local_shell_d3","local_shell",3,34,308635,"SUN-MCCD",1,1,1,1,10,-1,"ok","-"
"local_shell_d3","local_shell",3,34,308635,"LOF",1,1,1,1,10,-1,"ok","-"
"local_shell_d3","local_shell",3,34,308635,"DBSCAN",1,1,1,1,10,-1,"ok","-"
"local_shell_d3","local_shell",3,34,308635,"MST",1,0.571428571428571,0.785714285714286,0.381679389312977,91,-1,"ok","-"
"local_shell_d3","local_shell",3,34,308635,"ODIN",1,0.989417989417989,0.994708994708995,0.961538461538461,12,-1,"ok","-"
"local_shell_d3","local_shell",3,34,308635,"iForest",1,1,1,1,10,-1,"ok","-"
"local_shell_d3","local_shell",3,35,308636,"U-MCCD",1,1,1,1,10,-1,"ok","-"
"local_shell_d3","local_shell",3,35,308636,"SU-MCCD",1,1,1,1,10,-1,"ok","-"
"local_shell_d3","local_shell",3,35,308636,"UN-MCCD",1,0.984126984126984,0.992063492063492,0.943396226415094,13,-1,"ok","-"
"local_shell_d3","local_shell",3,35,308636,"SUN-MCCD",1,1,1,1,10,-1,"ok","-"
"local_shell_d3","local_shell",3,35,308636,"LOF",1,1,1,1,10,-1,"ok","-"
"local_shell_d3","local_shell",3,35,308636,"DBSCAN",1,1,1,1,10,-1,"ok","-"
"local_shell_d3","local_shell",3,35,308636,"MST",1,0.661375661375661,0.830687830687831,0.43859649122807,74,-1,"ok","-"
"local_shell_d3","local_shell",3,35,308636,"ODIN",1,0.994708994708995,0.997354497354497,0.980392156862745,11,-1,"ok","-"
"local_shell_d3","local_shell",3,35,308636,"iForest",0.8,1,0.9,0.833333333333333,8,-1,"ok","-"
"local_shell_d3","local_shell",3,36,308637,"U-MCCD",1,0.989417989417989,0.994708994708995,0.961538461538461,12,-1,"ok","-"
"local_shell_d3","local_shell",3,36,308637,"SU-MCCD",1,1,1,1,10,-1,"ok","-"
"local_shell_d3","local_shell",3,36,308637,"UN-MCCD",1,0.989417989417989,0.994708994708995,0.961538461538461,12,-1,"ok","-"
"local_shell_d3","local_shell",3,36,308637,"SUN-MCCD",1,1,1,1,10,-1,"ok","-"
"local_shell_d3","local_shell",3,36,308637,"LOF",1,1,1,1,10,-1,"ok","-"
"local_shell_d3","local_shell",3,36,308637,"DBSCAN",1,1,1,1,10,-1,"ok","-"
"local_shell_d3","local_shell",3,36,308637,"MST",0.9,0.687830687830688,0.793915343915344,0.416666666666667,68,-1,"ok","-"
"local_shell_d3","local_shell",3,36,308637,"ODIN",1,0.973544973544973,0.986772486772487,0.909090909090909,15,-1,"ok","-"
"local_shell_d3","local_shell",3,36,308637,"iForest",0.9,1,0.95,0.918367346938775,9,-1,"ok","-"
"local_shell_d3","local_shell",3,37,308638,"U-MCCD",1,1,1,1,10,-1,"ok","-"
"local_shell_d3","local_shell",3,37,308638,"SU-MCCD",1,1,1,1,10,-1,"ok","-"
"local_shell_d3","local_shell",3,37,308638,"UN-MCCD",1,0.989417989417989,0.994708994708995,0.961538461538461,12,-1,"ok","-"
"local_shell_d3","local_shell",3,37,308638,"SUN-MCCD",1,0.994708994708995,0.997354497354497,0.980392156862745,11,-1,"ok","-"
"local_shell_d3","local_shell",3,37,308638,"LOF",1,1,1,1,10,-1,"ok","-"
"local_shell_d3","local_shell",3,37,308638,"DBSCAN",1,1,1,1,10,-1,"ok","-"
"local_shell_d3","local_shell",3,37,308638,"MST",0.9,0.656084656084656,0.778042328042328,0.394736842105263,74,-1,"ok","-"
"local_shell_d3","local_shell",3,37,308638,"ODIN",1,0.984126984126984,0.992063492063492,0.943396226415094,13,-1,"ok","-"
"local_shell_d3","local_shell",3,37,308638,"iForest",1,1,1,1,10,-1,"ok","-"
"local_shell_d3","local_shell",3,38,308639,"U-MCCD",1,1,1,1,10,-1,"ok","-"
"local_shell_d3","local_shell",3,38,308639,"SU-MCCD",1,1,1,1,10,-1,"ok","-"
"local_shell_d3","local_shell",3,38,308639,"UN-MCCD",1,1,1,1,10,-1,"ok","-"
"local_shell_d3","local_shell",3,38,308639,"SUN-MCCD",1,1,1,1,10,-1,"ok","-"
"local_shell_d3","local_shell",3,38,308639,"LOF",1,1,1,1,10,-1,"ok","-"
"local_shell_d3","local_shell",3,38,308639,"DBSCAN",1,1,1,1,10,-1,"ok","-"
"local_shell_d3","local_shell",3,38,308639,"MST",0.7,0.73015873015873,0.715079365079365,0.357142857142857,58,-1,"ok","-"
"local_shell_d3","local_shell",3,38,308639,"ODIN",1,0.994708994708995,0.997354497354497,0.980392156862745,11,-1,"ok","-"
"local_shell_d3","local_shell",3,38,308639,"iForest",1,1,1,1,10,-1,"ok","-"
"local_shell_d3","local_shell",3,39,308640,"U-MCCD",1,0.989417989417989,0.994708994708995,0.961538461538461,12,-1,"ok","-"
"local_shell_d3","local_shell",3,39,308640,"SU-MCCD",1,1,1,1,10,-1,"ok","-"
"local_shell_d3","local_shell",3,39,308640,"UN-MCCD",1,1,1,1,10,-1,"ok","-"
"local_shell_d3","local_shell",3,39,308640,"SUN-MCCD",1,1,1,1,10,-1,"ok","-"
"local_shell_d3","local_shell",3,39,308640,"LOF",1,1,1,1,10,-1,"ok","-"
"local_shell_d3","local_shell",3,39,308640,"DBSCAN",1,1,1,1,10,-1,"ok","-"
"local_shell_d3","local_shell",3,39,308640,"MST",0.8,0.656084656084656,0.728042328042328,0.353982300884956,73,-1,"ok","-"
"local_shell_d3","local_shell",3,39,308640,"ODIN",1,0.984126984126984,0.992063492063492,0.943396226415094,13,-1,"ok","-"
"local_shell_d3","local_shell",3,39,308640,"iForest",0.9,1,0.95,0.918367346938775,9,-1,"ok","-"
"local_shell_d3","local_shell",3,40,308641,"U-MCCD",1,0.989417989417989,0.994708994708995,0.961538461538461,12,-1,"ok","-"
"local_shell_d3","local_shell",3,40,308641,"SU-MCCD",1,1,1,1,10,-1,"ok","-"
"local_shell_d3","local_shell",3,40,308641,"UN-MCCD",1,1,1,1,10,-1,"ok","-"
"local_shell_d3","local_shell",3,40,308641,"SUN-MCCD",1,1,1,1,10,-1,"ok","-"
"local_shell_d3","local_shell",3,40,308641,"LOF",1,1,1,1,10,-1,"ok","-"
"local_shell_d3","local_shell",3,40,308641,"DBSCAN",1,1,1,1,10,-1,"ok","-"
"local_shell_d3","local_shell",3,40,308641,"MST",0.8,0.746031746031746,0.773015873015873,0.416666666666667,56,-1,"ok","-"
"local_shell_d3","local_shell",3,40,308641,"ODIN",1,0.994708994708995,0.997354497354497,0.980392156862745,11,-1,"ok","-"
"local_shell_d3","local_shell",3,40,308641,"iForest",1,1,1,1,10,-1,"ok","-"
"local_shell_d3","local_shell",3,41,308642,"U-MCCD",1,0.947089947089947,0.973544973544973,0.833333333333333,20,-1,"ok","-"
"local_shell_d3","local_shell",3,41,308642,"SU-MCCD",1,1,1,1,10,-1,"ok","-"
"local_shell_d3","local_shell",3,41,308642,"UN-MCCD",1,0.978835978835979,0.989417989417989,0.925925925925926,14,-1,"ok","-"
"local_shell_d3","local_shell",3,41,308642,"SUN-MCCD",1,1,1,1,10,-1,"ok","-"
"local_shell_d3","local_shell",3,41,308642,"LOF",1,1,1,1,10,-1,"ok","-"
"local_shell_d3","local_shell",3,41,308642,"DBSCAN",1,1,1,1,10,-1,"ok","-"
"local_shell_d3","local_shell",3,41,308642,"MST",0.9,0.708994708994709,0.804497354497354,0.432692307692308,64,-1,"ok","-"
"local_shell_d3","local_shell",3,41,308642,"ODIN",1,0.989417989417989,0.994708994708995,0.961538461538461,12,-1,"ok","-"
"local_shell_d3","local_shell",3,41,308642,"iForest",1,1,1,1,10,-1,"ok","-"
"local_shell_d3","local_shell",3,42,308643,"U-MCCD",1,0.994708994708995,0.997354497354497,0.980392156862745,11,-1,"ok","-"
"local_shell_d3","local_shell",3,42,308643,"SU-MCCD",1,0.994708994708995,0.997354497354497,0.980392156862745,11,-1,"ok","-"
"local_shell_d3","local_shell",3,42,308643,"UN-MCCD",1,0.962962962962963,0.981481481481481,0.87719298245614,17,-1,"ok","-"
"local_shell_d3","local_shell",3,42,308643,"SUN-MCCD",1,0.994708994708995,0.997354497354497,0.980392156862745,11,-1,"ok","-"
"local_shell_d3","local_shell",3,42,308643,"LOF",1,1,1,1,10,-1,"ok","-"
"local_shell_d3","local_shell",3,42,308643,"DBSCAN",1,1,1,1,10,-1,"ok","-"
"local_shell_d3","local_shell",3,42,308643,"MST",1,0.64021164021164,0.82010582010582,0.423728813559322,78,-1,"ok","-"
"local_shell_d3","local_shell",3,42,308643,"ODIN",1,0.994708994708995,0.997354497354497,0.980392156862745,11,-1,"ok","-"
"local_shell_d3","local_shell",3,42,308643,"iForest",0.9,1,0.95,0.918367346938775,9,-1,"ok","-"
"local_shell_d3","local_shell",3,43,308644,"U-MCCD",1,0.994708994708995,0.997354497354497,0.980392156862745,11,-1,"ok","-"
"local_shell_d3","local_shell",3,43,308644,"SU-MCCD",1,1,1,1,10,-1,"ok","-"
"local_shell_d3","local_shell",3,43,308644,"UN-MCCD",1,0.994708994708995,0.997354497354497,0.980392156862745,11,-1,"ok","-"
"local_shell_d3","local_shell",3,43,308644,"SUN-MCCD",1,1,1,1,10,-1,"ok","-"
"local_shell_d3","local_shell",3,43,308644,"LOF",1,1,1,1,10,-1,"ok","-"
"local_shell_d3","local_shell",3,43,308644,"DBSCAN",1,1,1,1,10,-1,"ok","-"
"local_shell_d3","local_shell",3,43,308644,"MST",0.8,0.666666666666667,0.733333333333333,0.36036036036036,71,-1,"ok","-"
"local_shell_d3","local_shell",3,43,308644,"ODIN",1,0.994708994708995,0.997354497354497,0.980392156862745,11,-1,"ok","-"
"local_shell_d3","local_shell",3,43,308644,"iForest",0.9,1,0.95,0.918367346938775,9,-1,"ok","-"
"local_shell_d3","local_shell",3,44,308645,"U-MCCD",1,1,1,1,10,-1,"ok","-"
"local_shell_d3","local_shell",3,44,308645,"SU-MCCD",1,1,1,1,10,-1,"ok","-"
"local_shell_d3","local_shell",3,44,308645,"UN-MCCD",1,1,1,1,10,-1,"ok","-"
"local_shell_d3","local_shell",3,44,308645,"SUN-MCCD",1,1,1,1,10,-1,"ok","-"
"local_shell_d3","local_shell",3,44,308645,"LOF",1,1,1,1,10,-1,"ok","-"
"local_shell_d3","local_shell",3,44,308645,"DBSCAN",1,1,1,1,10,-1,"ok","-"
"local_shell_d3","local_shell",3,44,308645,"MST",0.8,0.619047619047619,0.70952380952381,0.333333333333333,80,-1,"ok","-"
"local_shell_d3","local_shell",3,44,308645,"ODIN",1,0.978835978835979,0.989417989417989,0.925925925925926,14,-1,"ok","-"
"local_shell_d3","local_shell",3,44,308645,"iForest",0.9,1,0.95,0.918367346938775,9,-1,"ok","-"
"local_shell_d3","local_shell",3,45,308646,"U-MCCD",1,1,1,1,10,-1,"ok","-"
"local_shell_d3","local_shell",3,45,308646,"SU-MCCD",1,1,1,1,10,-1,"ok","-"
"local_shell_d3","local_shell",3,45,308646,"UN-MCCD",1,1,1,1,10,-1,"ok","-"
"local_shell_d3","local_shell",3,45,308646,"SUN-MCCD",1,1,1,1,10,-1,"ok","-"
"local_shell_d3","local_shell",3,45,308646,"LOF",1,1,1,1,10,-1,"ok","-"
"local_shell_d3","local_shell",3,45,308646,"DBSCAN",1,1,1,1,10,-1,"ok","-"
"local_shell_d3","local_shell",3,45,308646,"MST",0.8,0.661375661375661,0.730687830687831,0.357142857142857,72,-1,"ok","-"
"local_shell_d3","local_shell",3,45,308646,"ODIN",1,0.989417989417989,0.994708994708995,0.961538461538461,12,-1,"ok","-"
"local_shell_d3","local_shell",3,45,308646,"iForest",1,1,1,1,10,-1,"ok","-"
"local_shell_d3","local_shell",3,46,308647,"U-MCCD",1,0.989417989417989,0.994708994708995,0.961538461538461,12,-1,"ok","-"
"local_shell_d3","local_shell",3,46,308647,"SU-MCCD",1,1,1,1,10,-1,"ok","-"
"local_shell_d3","local_shell",3,46,308647,"UN-MCCD",1,0.994708994708995,0.997354497354497,0.980392156862745,11,-1,"ok","-"
"local_shell_d3","local_shell",3,46,308647,"SUN-MCCD",1,0.994708994708995,0.997354497354497,0.980392156862745,11,-1,"ok","-"
"local_shell_d3","local_shell",3,46,308647,"LOF",1,1,1,1,10,-1,"ok","-"
"local_shell_d3","local_shell",3,46,308647,"DBSCAN",1,1,1,1,10,-1,"ok","-"
"local_shell_d3","local_shell",3,46,308647,"MST",1,0.677248677248677,0.838624338624339,0.45045045045045,71,-1,"ok","-"
"local_shell_d3","local_shell",3,46,308647,"ODIN",1,0.989417989417989,0.994708994708995,0.961538461538461,12,-1,"ok","-"
"local_shell_d3","local_shell",3,46,308647,"iForest",1,1,1,1,10,-1,"ok","-"
"local_shell_d3","local_shell",3,47,308648,"U-MCCD",1,0.994708994708995,0.997354497354497,0.980392156862745,11,-1,"ok","-"
"local_shell_d3","local_shell",3,47,308648,"SU-MCCD",1,1,1,1,10,-1,"ok","-"
"local_shell_d3","local_shell",3,47,308648,"UN-MCCD",1,0.968253968253968,0.984126984126984,0.892857142857143,16,-1,"ok","-"
"local_shell_d3","local_shell",3,47,308648,"SUN-MCCD",1,1,1,1,10,-1,"ok","-"
"local_shell_d3","local_shell",3,47,308648,"LOF",1,1,1,1,10,-1,"ok","-"
"local_shell_d3","local_shell",3,47,308648,"DBSCAN",1,1,1,1,10,-1,"ok","-"
"local_shell_d3","local_shell",3,47,308648,"MST",0.8,0.64021164021164,0.72010582010582,0.344827586206897,76,-1,"ok","-"
"local_shell_d3","local_shell",3,47,308648,"ODIN",1,0.984126984126984,0.992063492063492,0.943396226415094,13,-1,"ok","-"
"local_shell_d3","local_shell",3,47,308648,"iForest",1,1,1,1,10,-1,"ok","-"
"local_shell_d3","local_shell",3,48,308649,"U-MCCD",1,1,1,1,10,-1,"ok","-"
"local_shell_d3","local_shell",3,48,308649,"SU-MCCD",1,1,1,1,10,-1,"ok","-"
"local_shell_d3","local_shell",3,48,308649,"UN-MCCD",1,1,1,1,10,-1,"ok","-"
"local_shell_d3","local_shell",3,48,308649,"SUN-MCCD",1,1,1,1,10,-1,"ok","-"
"local_shell_d3","local_shell",3,48,308649,"LOF",1,1,1,1,10,-1,"ok","-"
"local_shell_d3","local_shell",3,48,308649,"DBSCAN",1,1,1,1,10,-1,"ok","-"
"local_shell_d3","local_shell",3,48,308649,"MST",0.9,0.661375661375661,0.780687830687831,0.398230088495575,73,-1,"ok","-"
"local_shell_d3","local_shell",3,48,308649,"ODIN",1,0.984126984126984,0.992063492063492,0.943396226415094,13,-1,"ok","-"
"local_shell_d3","local_shell",3,48,308649,"iForest",0.9,1,0.95,0.918367346938775,9,-1,"ok","-"
"local_shell_d3","local_shell",3,49,308650,"U-MCCD",1,1,1,1,10,-1,"ok","-"
"local_shell_d3","local_shell",3,49,308650,"SU-MCCD",1,1,1,1,10,-1,"ok","-"
"local_shell_d3","local_shell",3,49,308650,"UN-MCCD",1,1,1,1,10,-1,"ok","-"
"local_shell_d3","local_shell",3,49,308650,"SUN-MCCD",1,1,1,1,10,-1,"ok","-"
"local_shell_d3","local_shell",3,49,308650,"LOF",1,1,1,1,10,-1,"ok","-"
"local_shell_d3","local_shell",3,49,308650,"DBSCAN",1,1,1,1,10,-1,"ok","-"
"local_shell_d3","local_shell",3,49,308650,"MST",0.9,0.708994708994709,0.804497354497354,0.432692307692308,64,-1,"ok","-"
"local_shell_d3","local_shell",3,49,308650,"ODIN",1,0.984126984126984,0.992063492063492,0.943396226415094,13,-1,"ok","-"
"local_shell_d3","local_shell",3,49,308650,"iForest",1,1,1,1,10,-1,"ok","-"
"local_shell_d3","local_shell",3,50,308651,"U-MCCD",1,0.978835978835979,0.989417989417989,0.925925925925926,14,-1,"ok","-"
"local_shell_d3","local_shell",3,50,308651,"SU-MCCD",1,1,1,1,10,-1,"ok","-"
"local_shell_d3","local_shell",3,50,308651,"UN-MCCD",1,1,1,1,10,-1,"ok","-"
"local_shell_d3","local_shell",3,50,308651,"SUN-MCCD",1,1,1,1,10,-1,"ok","-"
"local_shell_d3","local_shell",3,50,308651,"LOF",1,1,1,1,10,-1,"ok","-"
"local_shell_d3","local_shell",3,50,308651,"DBSCAN",1,1,1,1,10,-1,"ok","-"
"local_shell_d3","local_shell",3,50,308651,"MST",0.8,0.798941798941799,0.799470899470899,0.465116279069767,46,-1,"ok","-"
"local_shell_d3","local_shell",3,50,308651,"ODIN",1,0.989417989417989,0.994708994708995,0.961538461538461,12,-1,"ok","-"
"local_shell_d3","local_shell",3,50,308651,"iForest",1,1,1,1,10,-1,"ok","-"
"local_shell_d3","local_shell",3,51,308652,"U-MCCD",1,1,1,1,10,-1,"ok","-"
"local_shell_d3","local_shell",3,51,308652,"SU-MCCD",1,1,1,1,10,-1,"ok","-"
"local_shell_d3","local_shell",3,51,308652,"UN-MCCD",1,0.941798941798942,0.970899470899471,0.819672131147541,21,-1,"ok","-"
"local_shell_d3","local_shell",3,51,308652,"SUN-MCCD",1,1,1,1,10,-1,"ok","-"
"local_shell_d3","local_shell",3,51,308652,"LOF",1,1,1,1,10,-1,"ok","-"
"local_shell_d3","local_shell",3,51,308652,"DBSCAN",1,1,1,1,10,-1,"ok","-"
"local_shell_d3","local_shell",3,51,308652,"MST",0.9,0.597883597883598,0.748941798941799,0.36,85,-1,"ok","-"
"local_shell_d3","local_shell",3,51,308652,"ODIN",1,0.984126984126984,0.992063492063492,0.943396226415094,13,-1,"ok","-"
"local_shell_d3","local_shell",3,51,308652,"iForest",1,1,1,1,10,-1,"ok","-"
"local_shell_d3","local_shell",3,52,308653,"U-MCCD",1,1,1,1,10,-1,"ok","-"
"local_shell_d3","local_shell",3,52,308653,"SU-MCCD",1,1,1,1,10,-1,"ok","-"
"local_shell_d3","local_shell",3,52,308653,"UN-MCCD",1,1,1,1,10,-1,"ok","-"
"local_shell_d3","local_shell",3,52,308653,"SUN-MCCD",1,1,1,1,10,-1,"ok","-"
"local_shell_d3","local_shell",3,52,308653,"LOF",1,1,1,1,10,-1,"ok","-"
"local_shell_d3","local_shell",3,52,308653,"DBSCAN",1,1,1,1,10,-1,"ok","-"
"local_shell_d3","local_shell",3,52,308653,"MST",0.9,0.693121693121693,0.796560846560847,0.420560747663551,67,-1,"ok","-"
"local_shell_d3","local_shell",3,52,308653,"ODIN",1,0.989417989417989,0.994708994708995,0.961538461538461,12,-1,"ok","-"
"local_shell_d3","local_shell",3,52,308653,"iForest",1,1,1,1,10,-1,"ok","-"
"local_shell_d3","local_shell",3,53,308654,"U-MCCD",1,0.978835978835979,0.989417989417989,0.925925925925926,14,-1,"ok","-"
"local_shell_d3","local_shell",3,53,308654,"SU-MCCD",1,1,1,1,10,-1,"ok","-"
"local_shell_d3","local_shell",3,53,308654,"UN-MCCD",1,0.968253968253968,0.984126984126984,0.892857142857143,16,-1,"ok","-"
"local_shell_d3","local_shell",3,53,308654,"SUN-MCCD",1,1,1,1,10,-1,"ok","-"
"local_shell_d3","local_shell",3,53,308654,"LOF",1,1,1,1,10,-1,"ok","-"
"local_shell_d3","local_shell",3,53,308654,"DBSCAN",1,1,1,1,10,-1,"ok","-"
"local_shell_d3","local_shell",3,53,308654,"MST",0.8,0.666666666666667,0.733333333333333,0.36036036036036,71,-1,"ok","-"
"local_shell_d3","local_shell",3,53,308654,"ODIN",1,0.984126984126984,0.992063492063492,0.943396226415094,13,-1,"ok","-"
"local_shell_d3","local_shell",3,53,308654,"iForest",1,1,1,1,10,-1,"ok","-"
"local_shell_d3","local_shell",3,54,308655,"U-MCCD",1,0.962962962962963,0.981481481481481,0.87719298245614,17,-1,"ok","-"
"local_shell_d3","local_shell",3,54,308655,"SU-MCCD",1,1,1,1,10,-1,"ok","-"
"local_shell_d3","local_shell",3,54,308655,"UN-MCCD",1,0.989417989417989,0.994708994708995,0.961538461538461,12,-1,"ok","-"
"local_shell_d3","local_shell",3,54,308655,"SUN-MCCD",1,1,1,1,10,-1,"ok","-"
"local_shell_d3","local_shell",3,54,308655,"LOF",1,1,1,1,10,-1,"ok","-"
"local_shell_d3","local_shell",3,54,308655,"DBSCAN",1,1,1,1,10,-1,"ok","-"
"local_shell_d3","local_shell",3,54,308655,"MST",0.9,0.587301587301587,0.743650793650794,0.354330708661417,87,-1,"ok","-"
"local_shell_d3","local_shell",3,54,308655,"ODIN",1,0.968253968253968,0.984126984126984,0.892857142857143,16,-1,"ok","-"
"local_shell_d3","local_shell",3,54,308655,"iForest",0.9,1,0.95,0.918367346938775,9,-1,"ok","-"
"local_shell_d3","local_shell",3,55,308656,"U-MCCD",1,0.989417989417989,0.994708994708995,0.961538461538461,12,-1,"ok","-"
"local_shell_d3","local_shell",3,55,308656,"SU-MCCD",1,1,1,1,10,-1,"ok","-"
"local_shell_d3","local_shell",3,55,308656,"UN-MCCD",1,0.989417989417989,0.994708994708995,0.961538461538461,12,-1,"ok","-"
"local_shell_d3","local_shell",3,55,308656,"SUN-MCCD",1,1,1,1,10,-1,"ok","-"
"local_shell_d3","local_shell",3,55,308656,"LOF",1,1,1,1,10,-1,"ok","-"
"local_shell_d3","local_shell",3,55,308656,"DBSCAN",1,1,1,1,10,-1,"ok","-"
"local_shell_d3","local_shell",3,55,308656,"MST",0.8,0.724867724867725,0.762433862433862,0.4,60,-1,"ok","-"
"local_shell_d3","local_shell",3,55,308656,"ODIN",1,0.994708994708995,0.997354497354497,0.980392156862745,11,-1,"ok","-"
"local_shell_d3","local_shell",3,55,308656,"iForest",0.8,1,0.9,0.833333333333333,8,-1,"ok","-"
"local_shell_d3","local_shell",3,56,308657,"U-MCCD",1,0.994708994708995,0.997354497354497,0.980392156862745,11,-1,"ok","-"
"local_shell_d3","local_shell",3,56,308657,"SU-MCCD",1,1,1,1,10,-1,"ok","-"
"local_shell_d3","local_shell",3,56,308657,"UN-MCCD",1,0.994708994708995,0.997354497354497,0.980392156862745,11,-1,"ok","-"
"local_shell_d3","local_shell",3,56,308657,"SUN-MCCD",1,1,1,1,10,-1,"ok","-"
"local_shell_d3","local_shell",3,56,308657,"LOF",1,1,1,1,10,-1,"ok","-"
"local_shell_d3","local_shell",3,56,308657,"DBSCAN",1,1,1,1,10,-1,"ok","-"
"local_shell_d3","local_shell",3,56,308657,"MST",0.9,0.661375661375661,0.780687830687831,0.398230088495575,73,-1,"ok","-"
"local_shell_d3","local_shell",3,56,308657,"ODIN",1,0.978835978835979,0.989417989417989,0.925925925925926,14,-1,"ok","-"
"local_shell_d3","local_shell",3,56,308657,"iForest",1,1,1,1,10,-1,"ok","-"
"local_shell_d3","local_shell",3,57,308658,"U-MCCD",1,1,1,1,10,-1,"ok","-"
"local_shell_d3","local_shell",3,57,308658,"SU-MCCD",1,0.994708994708995,0.997354497354497,0.980392156862745,11,-1,"ok","-"
"local_shell_d3","local_shell",3,57,308658,"UN-MCCD",1,1,1,1,10,-1,"ok","-"
"local_shell_d3","local_shell",3,57,308658,"SUN-MCCD",1,1,1,1,10,-1,"ok","-"
"local_shell_d3","local_shell",3,57,308658,"LOF",1,1,1,1,10,-1,"ok","-"
"local_shell_d3","local_shell",3,57,308658,"DBSCAN",1,1,1,1,10,-1,"ok","-"
"local_shell_d3","local_shell",3,57,308658,"MST",0.9,0.671957671957672,0.785978835978836,0.405405405405405,71,-1,"ok","-"
"local_shell_d3","local_shell",3,57,308658,"ODIN",1,0.962962962962963,0.981481481481481,0.87719298245614,17,-1,"ok","-"
"local_shell_d3","local_shell",3,57,308658,"iForest",0.9,1,0.95,0.918367346938775,9,-1,"ok","-"
"local_shell_d3","local_shell",3,58,308659,"U-MCCD",1,0.989417989417989,0.994708994708995,0.961538461538461,12,-1,"ok","-"
"local_shell_d3","local_shell",3,58,308659,"SU-MCCD",1,1,1,1,10,-1,"ok","-"
"local_shell_d3","local_shell",3,58,308659,"UN-MCCD",1,1,1,1,10,-1,"ok","-"
"local_shell_d3","local_shell",3,58,308659,"SUN-MCCD",1,1,1,1,10,-1,"ok","-"
"local_shell_d3","local_shell",3,58,308659,"LOF",1,1,1,1,10,-1,"ok","-"
"local_shell_d3","local_shell",3,58,308659,"DBSCAN",1,1,1,1,10,-1,"ok","-"
"local_shell_d3","local_shell",3,58,308659,"MST",0.9,0.634920634920635,0.767460317460317,0.38135593220339,78,-1,"ok","-"
"local_shell_d3","local_shell",3,58,308659,"ODIN",1,0.957671957671958,0.978835978835979,0.862068965517241,18,-1,"ok","-"
"local_shell_d3","local_shell",3,58,308659,"iForest",0.9,1,0.95,0.918367346938775,9,-1,"ok","-"
"local_shell_d3","local_shell",3,59,308660,"U-MCCD",1,1,1,1,10,-1,"ok","-"
"local_shell_d3","local_shell",3,59,308660,"SU-MCCD",1,1,1,1,10,-1,"ok","-"
"local_shell_d3","local_shell",3,59,308660,"UN-MCCD",1,0.984126984126984,0.992063492063492,0.943396226415094,13,-1,"ok","-"
"local_shell_d3","local_shell",3,59,308660,"SUN-MCCD",1,1,1,1,10,-1,"ok","-"
"local_shell_d3","local_shell",3,59,308660,"LOF",1,1,1,1,10,-1,"ok","-"
"local_shell_d3","local_shell",3,59,308660,"DBSCAN",1,1,1,1,10,-1,"ok","-"
"local_shell_d3","local_shell",3,59,308660,"MST",0.8,0.566137566137566,0.683068783068783,0.307692307692308,90,-1,"ok","-"
"local_shell_d3","local_shell",3,59,308660,"ODIN",1,0.984126984126984,0.992063492063492,0.943396226415094,13,-1,"ok","-"
"local_shell_d3","local_shell",3,59,308660,"iForest",0.9,1,0.95,0.918367346938775,9,-1,"ok","-"
"local_shell_d3","local_shell",3,60,308661,"U-MCCD",1,1,1,1,10,-1,"ok","-"
"local_shell_d3","local_shell",3,60,308661,"SU-MCCD",1,1,1,1,10,-1,"ok","-"
"local_shell_d3","local_shell",3,60,308661,"UN-MCCD",1,1,1,1,10,-1,"ok","-"
"local_shell_d3","local_shell",3,60,308661,"SUN-MCCD",1,1,1,1,10,-1,"ok","-"
"local_shell_d3","local_shell",3,60,308661,"LOF",1,1,1,1,10,-1,"ok","-"
"local_shell_d3","local_shell",3,60,308661,"DBSCAN",1,1,1,1,10,-1,"ok","-"
"local_shell_d3","local_shell",3,60,308661,"MST",0.9,0.64021164021164,0.77010582010582,0.384615384615385,77,-1,"ok","-"
"local_shell_d3","local_shell",3,60,308661,"ODIN",1,0.978835978835979,0.989417989417989,0.925925925925926,14,-1,"ok","-"
"local_shell_d3","local_shell",3,60,308661,"iForest",1,1,1,1,10,-1,"ok","-"
"local_shell_d3","local_shell",3,61,308662,"U-MCCD",1,0.989417989417989,0.994708994708995,0.961538461538461,12,-1,"ok","-"
"local_shell_d3","local_shell",3,61,308662,"SU-MCCD",1,1,1,1,10,-1,"ok","-"
"local_shell_d3","local_shell",3,61,308662,"UN-MCCD",1,0.994708994708995,0.997354497354497,0.980392156862745,11,-1,"ok","-"
"local_shell_d3","local_shell",3,61,308662,"SUN-MCCD",1,1,1,1,10,-1,"ok","-"
"local_shell_d3","local_shell",3,61,308662,"LOF",1,1,1,1,10,-1,"ok","-"
"local_shell_d3","local_shell",3,61,308662,"DBSCAN",1,1,1,1,10,-1,"ok","-"
"local_shell_d3","local_shell",3,61,308662,"MST",0.9,0.64021164021164,0.77010582010582,0.384615384615385,77,-1,"ok","-"
"local_shell_d3","local_shell",3,61,308662,"ODIN",1,0.984126984126984,0.992063492063492,0.943396226415094,13,-1,"ok","-"
"local_shell_d3","local_shell",3,61,308662,"iForest",0.9,1,0.95,0.918367346938775,9,-1,"ok","-"
"local_shell_d3","local_shell",3,62,308663,"U-MCCD",1,1,1,1,10,-1,"ok","-"
"local_shell_d3","local_shell",3,62,308663,"SU-MCCD",1,1,1,1,10,-1,"ok","-"
"local_shell_d3","local_shell",3,62,308663,"UN-MCCD",1,0.994708994708995,0.997354497354497,0.980392156862745,11,-1,"ok","-"
"local_shell_d3","local_shell",3,62,308663,"SUN-MCCD",1,1,1,1,10,-1,"ok","-"
"local_shell_d3","local_shell",3,62,308663,"LOF",1,1,1,1,10,-1,"ok","-"
"local_shell_d3","local_shell",3,62,308663,"DBSCAN",1,1,1,1,10,-1,"ok","-"
"local_shell_d3","local_shell",3,62,308663,"MST",0.8,0.613756613756614,0.706878306878307,0.330578512396694,81,-1,"ok","-"
"local_shell_d3","local_shell",3,62,308663,"ODIN",1,0.973544973544973,0.986772486772487,0.909090909090909,15,-1,"ok","-"
"local_shell_d3","local_shell",3,62,308663,"iForest",0.9,1,0.95,0.918367346938775,9,-1,"ok","-"
"local_shell_d3","local_shell",3,63,308664,"U-MCCD",1,0.962962962962963,0.981481481481481,0.87719298245614,17,-1,"ok","-"
"local_shell_d3","local_shell",3,63,308664,"SU-MCCD",1,1,1,1,10,-1,"ok","-"
"local_shell_d3","local_shell",3,63,308664,"UN-MCCD",1,0.957671957671958,0.978835978835979,0.862068965517241,18,-1,"ok","-"
"local_shell_d3","local_shell",3,63,308664,"SUN-MCCD",1,1,1,1,10,-1,"ok","-"
"local_shell_d3","local_shell",3,63,308664,"LOF",1,1,1,1,10,-1,"ok","-"
"local_shell_d3","local_shell",3,63,308664,"DBSCAN",1,1,1,1,10,-1,"ok","-"
"local_shell_d3","local_shell",3,63,308664,"MST",1,0.661375661375661,0.830687830687831,0.43859649122807,74,-1,"ok","-"
"local_shell_d3","local_shell",3,63,308664,"ODIN",1,0.989417989417989,0.994708994708995,0.961538461538461,12,-1,"ok","-"
"local_shell_d3","local_shell",3,63,308664,"iForest",1,1,1,1,10,-1,"ok","-"
"local_shell_d3","local_shell",3,64,308665,"U-MCCD",1,1,1,1,10,-1,"ok","-"
"local_shell_d3","local_shell",3,64,308665,"SU-MCCD",1,1,1,1,10,-1,"ok","-"
"local_shell_d3","local_shell",3,64,308665,"UN-MCCD",1,0.994708994708995,0.997354497354497,0.980392156862745,11,-1,"ok","-"
"local_shell_d3","local_shell",3,64,308665,"SUN-MCCD",1,1,1,1,10,-1,"ok","-"
"local_shell_d3","local_shell",3,64,308665,"LOF",1,1,1,1,10,-1,"ok","-"
"local_shell_d3","local_shell",3,64,308665,"DBSCAN",1,1,1,1,10,-1,"ok","-"
"local_shell_d3","local_shell",3,64,308665,"MST",0.7,0.582010582010582,0.641005291005291,0.277777777777778,86,-1,"ok","-"
"local_shell_d3","local_shell",3,64,308665,"ODIN",1,0.994708994708995,0.997354497354497,0.980392156862745,11,-1,"ok","-"
"local_shell_d3","local_shell",3,64,308665,"iForest",1,1,1,1,10,-1,"ok","-"
"local_shell_d3","local_shell",3,65,308666,"U-MCCD",1,1,1,1,10,-1,"ok","-"
"local_shell_d3","local_shell",3,65,308666,"SU-MCCD",1,1,1,1,10,-1,"ok","-"
"local_shell_d3","local_shell",3,65,308666,"UN-MCCD",1,0.989417989417989,0.994708994708995,0.961538461538461,12,-1,"ok","-"
"local_shell_d3","local_shell",3,65,308666,"SUN-MCCD",1,1,1,1,10,-1,"ok","-"
"local_shell_d3","local_shell",3,65,308666,"LOF",1,1,1,1,10,-1,"ok","-"
"local_shell_d3","local_shell",3,65,308666,"DBSCAN",1,1,1,1,10,-1,"ok","-"
"local_shell_d3","local_shell",3,65,308666,"MST",0.9,0.608465608465608,0.754232804232804,0.365853658536585,83,-1,"ok","-"
"local_shell_d3","local_shell",3,65,308666,"ODIN",1,1,1,1,10,-1,"ok","-"
"local_shell_d3","local_shell",3,65,308666,"iForest",0.9,1,0.95,0.918367346938775,9,-1,"ok","-"
"local_shell_d3","local_shell",3,66,308667,"U-MCCD",1,1,1,1,10,-1,"ok","-"
"local_shell_d3","local_shell",3,66,308667,"SU-MCCD",1,1,1,1,10,-1,"ok","-"
"local_shell_d3","local_shell",3,66,308667,"UN-MCCD",1,1,1,1,10,-1,"ok","-"
"local_shell_d3","local_shell",3,66,308667,"SUN-MCCD",1,1,1,1,10,-1,"ok","-"
"local_shell_d3","local_shell",3,66,308667,"LOF",1,1,1,1,10,-1,"ok","-"
"local_shell_d3","local_shell",3,66,308667,"DBSCAN",1,1,1,1,10,-1,"ok","-"
"local_shell_d3","local_shell",3,66,308667,"MST",0.9,0.62962962962963,0.764814814814815,0.378151260504202,79,-1,"ok","-"
"local_shell_d3","local_shell",3,66,308667,"ODIN",1,0.962962962962963,0.981481481481481,0.87719298245614,17,-1,"ok","-"
"local_shell_d3","local_shell",3,66,308667,"iForest",1,1,1,1,10,-1,"ok","-"
"local_shell_d3","local_shell",3,67,308668,"U-MCCD",1,0.989417989417989,0.994708994708995,0.961538461538461,12,-1,"ok","-"
"local_shell_d3","local_shell",3,67,308668,"SU-MCCD",1,1,1,1,10,-1,"ok","-"
"local_shell_d3","local_shell",3,67,308668,"UN-MCCD",1,0.989417989417989,0.994708994708995,0.961538461538461,12,-1,"ok","-"
"local_shell_d3","local_shell",3,67,308668,"SUN-MCCD",1,0.989417989417989,0.994708994708995,0.961538461538461,12,-1,"ok","-"
"local_shell_d3","local_shell",3,67,308668,"LOF",1,1,1,1,10,-1,"ok","-"
"local_shell_d3","local_shell",3,67,308668,"DBSCAN",1,1,1,1,10,-1,"ok","-"
"local_shell_d3","local_shell",3,67,308668,"MST",0.8,0.656084656084656,0.728042328042328,0.353982300884956,73,-1,"ok","-"
"local_shell_d3","local_shell",3,67,308668,"ODIN",1,0.978835978835979,0.989417989417989,0.925925925925926,14,-1,"ok","-"
"local_shell_d3","local_shell",3,67,308668,"iForest",0.8,1,0.9,0.833333333333333,8,-1,"ok","-"
"local_shell_d3","local_shell",3,68,308669,"U-MCCD",1,0.989417989417989,0.994708994708995,0.961538461538461,12,-1,"ok","-"
"local_shell_d3","local_shell",3,68,308669,"SU-MCCD",1,1,1,1,10,-1,"ok","-"
"local_shell_d3","local_shell",3,68,308669,"UN-MCCD",1,1,1,1,10,-1,"ok","-"
"local_shell_d3","local_shell",3,68,308669,"SUN-MCCD",1,1,1,1,10,-1,"ok","-"
"local_shell_d3","local_shell",3,68,308669,"LOF",1,1,1,1,10,-1,"ok","-"
"local_shell_d3","local_shell",3,68,308669,"DBSCAN",1,1,1,1,10,-1,"ok","-"
"local_shell_d3","local_shell",3,68,308669,"MST",0.8,0.682539682539683,0.741269841269841,0.37037037037037,68,-1,"ok","-"
"local_shell_d3","local_shell",3,68,308669,"ODIN",1,0.968253968253968,0.984126984126984,0.892857142857143,16,-1,"ok","-"
"local_shell_d3","local_shell",3,68,308669,"iForest",1,1,1,1,10,-1,"ok","-"
"local_shell_d3","local_shell",3,69,308670,"U-MCCD",1,0.978835978835979,0.989417989417989,0.925925925925926,14,-1,"ok","-"
"local_shell_d3","local_shell",3,69,308670,"SU-MCCD",1,1,1,1,10,-1,"ok","-"
"local_shell_d3","local_shell",3,69,308670,"UN-MCCD",1,0.978835978835979,0.989417989417989,0.925925925925926,14,-1,"ok","-"
"local_shell_d3","local_shell",3,69,308670,"SUN-MCCD",1,1,1,1,10,-1,"ok","-"
"local_shell_d3","local_shell",3,69,308670,"LOF",1,1,1,1,10,-1,"ok","-"
"local_shell_d3","local_shell",3,69,308670,"DBSCAN",1,1,1,1,10,-1,"ok","-"
"local_shell_d3","local_shell",3,69,308670,"MST",1,0.693121693121693,0.846560846560847,0.462962962962963,68,-1,"ok","-"
"local_shell_d3","local_shell",3,69,308670,"ODIN",1,1,1,1,10,-1,"ok","-"
"local_shell_d3","local_shell",3,69,308670,"iForest",1,1,1,1,10,-1,"ok","-"
"local_shell_d3","local_shell",3,70,308671,"U-MCCD",1,1,1,1,10,-1,"ok","-"
"local_shell_d3","local_shell",3,70,308671,"SU-MCCD",1,1,1,1,10,-1,"ok","-"
"local_shell_d3","local_shell",3,70,308671,"UN-MCCD",1,0.994708994708995,0.997354497354497,0.980392156862745,11,-1,"ok","-"
"local_shell_d3","local_shell",3,70,308671,"SUN-MCCD",1,1,1,1,10,-1,"ok","-"
"local_shell_d3","local_shell",3,70,308671,"LOF",1,1,1,1,10,-1,"ok","-"
"local_shell_d3","local_shell",3,70,308671,"DBSCAN",1,1,1,1,10,-1,"ok","-"
"local_shell_d3","local_shell",3,70,308671,"MST",1,0.656084656084656,0.828042328042328,0.434782608695652,75,-1,"ok","-"
"local_shell_d3","local_shell",3,70,308671,"ODIN",1,0.984126984126984,0.992063492063492,0.943396226415094,13,-1,"ok","-"
"local_shell_d3","local_shell",3,70,308671,"iForest",1,1,1,1,10,-1,"ok","-"
"local_shell_d3","local_shell",3,71,308672,"U-MCCD",1,1,1,1,10,-1,"ok","-"
"local_shell_d3","local_shell",3,71,308672,"SU-MCCD",1,1,1,1,10,-1,"ok","-"
"local_shell_d3","local_shell",3,71,308672,"UN-MCCD",1,1,1,1,10,-1,"ok","-"
"local_shell_d3","local_shell",3,71,308672,"SUN-MCCD",1,1,1,1,10,-1,"ok","-"
"local_shell_d3","local_shell",3,71,308672,"LOF",1,1,1,1,10,-1,"ok","-"
"local_shell_d3","local_shell",3,71,308672,"DBSCAN",1,1,1,1,10,-1,"ok","-"
"local_shell_d3","local_shell",3,71,308672,"MST",0.8,0.64021164021164,0.72010582010582,0.344827586206897,76,-1,"ok","-"
"local_shell_d3","local_shell",3,71,308672,"ODIN",1,0.994708994708995,0.997354497354497,0.980392156862745,11,-1,"ok","-"
"local_shell_d3","local_shell",3,71,308672,"iForest",1,1,1,1,10,-1,"ok","-"
"local_shell_d3","local_shell",3,72,308673,"U-MCCD",1,0.994708994708995,0.997354497354497,0.980392156862745,11,-1,"ok","-"
"local_shell_d3","local_shell",3,72,308673,"SU-MCCD",1,1,1,1,10,-1,"ok","-"
"local_shell_d3","local_shell",3,72,308673,"UN-MCCD",1,1,1,1,10,-1,"ok","-"
"local_shell_d3","local_shell",3,72,308673,"SUN-MCCD",1,1,1,1,10,-1,"ok","-"
"local_shell_d3","local_shell",3,72,308673,"LOF",1,1,1,1,10,-1,"ok","-"
"local_shell_d3","local_shell",3,72,308673,"DBSCAN",1,1,1,1,10,-1,"ok","-"
"local_shell_d3","local_shell",3,72,308673,"MST",1,0.708994708994709,0.854497354497354,0.476190476190476,65,-1,"ok","-"
"local_shell_d3","local_shell",3,72,308673,"ODIN",1,0.973544973544973,0.986772486772487,0.909090909090909,15,-1,"ok","-"
"local_shell_d3","local_shell",3,72,308673,"iForest",1,1,1,1,10,-1,"ok","-"
"local_shell_d3","local_shell",3,73,308674,"U-MCCD",1,0.994708994708995,0.997354497354497,0.980392156862745,11,-1,"ok","-"
"local_shell_d3","local_shell",3,73,308674,"SU-MCCD",1,1,1,1,10,-1,"ok","-"
"local_shell_d3","local_shell",3,73,308674,"UN-MCCD",1,0.994708994708995,0.997354497354497,0.980392156862745,11,-1,"ok","-"
"local_shell_d3","local_shell",3,73,308674,"SUN-MCCD",1,1,1,1,10,-1,"ok","-"
"local_shell_d3","local_shell",3,73,308674,"LOF",1,1,1,1,10,-1,"ok","-"
"local_shell_d3","local_shell",3,73,308674,"DBSCAN",1,1,1,1,10,-1,"ok","-"
"local_shell_d3","local_shell",3,73,308674,"MST",0.9,0.671957671957672,0.785978835978836,0.405405405405405,71,-1,"ok","-"
"local_shell_d3","local_shell",3,73,308674,"ODIN",1,0.994708994708995,0.997354497354497,0.980392156862745,11,-1,"ok","-"
"local_shell_d3","local_shell",3,73,308674,"iForest",1,1,1,1,10,-1,"ok","-"
"local_shell_d3","local_shell",3,74,308675,"U-MCCD",1,0.994708994708995,0.997354497354497,0.980392156862745,11,-1,"ok","-"
"local_shell_d3","local_shell",3,74,308675,"SU-MCCD",1,0.994708994708995,0.997354497354497,0.980392156862745,11,-1,"ok","-"
"local_shell_d3","local_shell",3,74,308675,"UN-MCCD",1,0.994708994708995,0.997354497354497,0.980392156862745,11,-1,"ok","-"
"local_shell_d3","local_shell",3,74,308675,"SUN-MCCD",1,1,1,1,10,-1,"ok","-"
"local_shell_d3","local_shell",3,74,308675,"LOF",1,1,1,1,10,-1,"ok","-"
"local_shell_d3","local_shell",3,74,308675,"DBSCAN",1,1,1,1,10,-1,"ok","-"
"local_shell_d3","local_shell",3,74,308675,"MST",0.8,0.534391534391534,0.667195767195767,0.294117647058824,96,-1,"ok","-"
"local_shell_d3","local_shell",3,74,308675,"ODIN",1,0.984126984126984,0.992063492063492,0.943396226415094,13,-1,"ok","-"
"local_shell_d3","local_shell",3,74,308675,"iForest",1,1,1,1,10,-1,"ok","-"
"local_shell_d3","local_shell",3,75,308676,"U-MCCD",1,0.994708994708995,0.997354497354497,0.980392156862745,11,-1,"ok","-"
"local_shell_d3","local_shell",3,75,308676,"SU-MCCD",1,1,1,1,10,-1,"ok","-"
"local_shell_d3","local_shell",3,75,308676,"UN-MCCD",1,1,1,1,10,-1,"ok","-"
"local_shell_d3","local_shell",3,75,308676,"SUN-MCCD",1,0.994708994708995,0.997354497354497,0.980392156862745,11,-1,"ok","-"
"local_shell_d3","local_shell",3,75,308676,"LOF",1,1,1,1,10,-1,"ok","-"
"local_shell_d3","local_shell",3,75,308676,"DBSCAN",1,1,1,1,10,-1,"ok","-"
"local_shell_d3","local_shell",3,75,308676,"MST",1,0.523809523809524,0.761904761904762,0.357142857142857,100,-1,"ok","-"
"local_shell_d3","local_shell",3,75,308676,"ODIN",1,0.968253968253968,0.984126984126984,0.892857142857143,16,-1,"ok","-"
"local_shell_d3","local_shell",3,75,308676,"iForest",1,1,1,1,10,-1,"ok","-"
"local_shell_d3","local_shell",3,76,308677,"U-MCCD",1,0.994708994708995,0.997354497354497,0.980392156862745,11,-1,"ok","-"
"local_shell_d3","local_shell",3,76,308677,"SU-MCCD",1,1,1,1,10,-1,"ok","-"
"local_shell_d3","local_shell",3,76,308677,"UN-MCCD",1,0.984126984126984,0.992063492063492,0.943396226415094,13,-1,"ok","-"
"local_shell_d3","local_shell",3,76,308677,"SUN-MCCD",1,1,1,1,10,-1,"ok","-"
"local_shell_d3","local_shell",3,76,308677,"LOF",1,1,1,1,10,-1,"ok","-"
"local_shell_d3","local_shell",3,76,308677,"DBSCAN",1,1,1,1,10,-1,"ok","-"
"local_shell_d3","local_shell",3,76,308677,"MST",0.9,0.698412698412698,0.799206349206349,0.424528301886793,66,-1,"ok","-"
"local_shell_d3","local_shell",3,76,308677,"ODIN",1,0.947089947089947,0.973544973544973,0.833333333333333,20,-1,"ok","-"
"local_shell_d3","local_shell",3,76,308677,"iForest",1,1,1,1,10,-1,"ok","-"
"local_shell_d3","local_shell",3,77,308678,"U-MCCD",1,1,1,1,10,-1,"ok","-"
"local_shell_d3","local_shell",3,77,308678,"SU-MCCD",1,0.994708994708995,0.997354497354497,0.980392156862745,11,-1,"ok","-"
"local_shell_d3","local_shell",3,77,308678,"UN-MCCD",1,0.994708994708995,0.997354497354497,0.980392156862745,11,-1,"ok","-"
"local_shell_d3","local_shell",3,77,308678,"SUN-MCCD",1,1,1,1,10,-1,"ok","-"
"local_shell_d3","local_shell",3,77,308678,"LOF",1,1,1,1,10,-1,"ok","-"
"local_shell_d3","local_shell",3,77,308678,"DBSCAN",1,1,1,1,10,-1,"ok","-"
"local_shell_d3","local_shell",3,77,308678,"MST",0.9,0.656084656084656,0.778042328042328,0.394736842105263,74,-1,"ok","-"
"local_shell_d3","local_shell",3,77,308678,"ODIN",1,0.989417989417989,0.994708994708995,0.961538461538461,12,-1,"ok","-"
"local_shell_d3","local_shell",3,77,308678,"iForest",0.9,1,0.95,0.918367346938775,9,-1,"ok","-"
"local_shell_d3","local_shell",3,78,308679,"U-MCCD",1,1,1,1,10,-1,"ok","-"
"local_shell_d3","local_shell",3,78,308679,"SU-MCCD",1,1,1,1,10,-1,"ok","-"
"local_shell_d3","local_shell",3,78,308679,"UN-MCCD",1,0.994708994708995,0.997354497354497,0.980392156862745,11,-1,"ok","-"
"local_shell_d3","local_shell",3,78,308679,"SUN-MCCD",1,1,1,1,10,-1,"ok","-"
"local_shell_d3","local_shell",3,78,308679,"LOF",1,1,1,1,10,-1,"ok","-"
"local_shell_d3","local_shell",3,78,308679,"DBSCAN",1,1,1,1,10,-1,"ok","-"
"local_shell_d3","local_shell",3,78,308679,"MST",1,0.661375661375661,0.830687830687831,0.43859649122807,74,-1,"ok","-"
"local_shell_d3","local_shell",3,78,308679,"ODIN",1,1,1,1,10,-1,"ok","-"
"local_shell_d3","local_shell",3,78,308679,"iForest",1,1,1,1,10,-1,"ok","-"
"local_shell_d3","local_shell",3,79,308680,"U-MCCD",1,0.994708994708995,0.997354497354497,0.980392156862745,11,-1,"ok","-"
"local_shell_d3","local_shell",3,79,308680,"SU-MCCD",1,1,1,1,10,-1,"ok","-"
"local_shell_d3","local_shell",3,79,308680,"UN-MCCD",1,0.994708994708995,0.997354497354497,0.980392156862745,11,-1,"ok","-"
"local_shell_d3","local_shell",3,79,308680,"SUN-MCCD",1,1,1,1,10,-1,"ok","-"
"local_shell_d3","local_shell",3,79,308680,"LOF",1,1,1,1,10,-1,"ok","-"
"local_shell_d3","local_shell",3,79,308680,"DBSCAN",1,1,1,1,10,-1,"ok","-"
"local_shell_d3","local_shell",3,79,308680,"MST",0.7,0.71957671957672,0.70978835978836,0.35,60,-1,"ok","-"
"local_shell_d3","local_shell",3,79,308680,"ODIN",1,0.989417989417989,0.994708994708995,0.961538461538461,12,-1,"ok","-"
"local_shell_d3","local_shell",3,79,308680,"iForest",1,1,1,1,10,-1,"ok","-"
"local_shell_d3","local_shell",3,80,308681,"U-MCCD",1,1,1,1,10,-1,"ok","-"
"local_shell_d3","local_shell",3,80,308681,"SU-MCCD",1,1,1,1,10,-1,"ok","-"
"local_shell_d3","local_shell",3,80,308681,"UN-MCCD",1,1,1,1,10,-1,"ok","-"
"local_shell_d3","local_shell",3,80,308681,"SUN-MCCD",1,1,1,1,10,-1,"ok","-"
"local_shell_d3","local_shell",3,80,308681,"LOF",1,1,1,1,10,-1,"ok","-"
"local_shell_d3","local_shell",3,80,308681,"DBSCAN",1,1,1,1,10,-1,"ok","-"
"local_shell_d3","local_shell",3,80,308681,"MST",0.9,0.619047619047619,0.759523809523809,0.371900826446281,81,-1,"ok","-"
"local_shell_d3","local_shell",3,80,308681,"ODIN",1,0.994708994708995,0.997354497354497,0.980392156862745,11,-1,"ok","-"
"local_shell_d3","local_shell",3,80,308681,"iForest",1,0.994708994708995,0.997354497354497,0.980392156862745,11,-1,"ok","-"
"local_shell_d3","local_shell",3,81,308682,"U-MCCD",1,1,1,1,10,-1,"ok","-"
"local_shell_d3","local_shell",3,81,308682,"SU-MCCD",1,1,1,1,10,-1,"ok","-"
"local_shell_d3","local_shell",3,81,308682,"UN-MCCD",1,1,1,1,10,-1,"ok","-"
"local_shell_d3","local_shell",3,81,308682,"SUN-MCCD",1,0.989417989417989,0.994708994708995,0.961538461538461,12,-1,"ok","-"
"local_shell_d3","local_shell",3,81,308682,"LOF",1,1,1,1,10,-1,"ok","-"
"local_shell_d3","local_shell",3,81,308682,"DBSCAN",1,1,1,1,10,-1,"ok","-"
"local_shell_d3","local_shell",3,81,308682,"MST",0.9,0.597883597883598,0.748941798941799,0.36,85,-1,"ok","-"
"local_shell_d3","local_shell",3,81,308682,"ODIN",1,0.994708994708995,0.997354497354497,0.980392156862745,11,-1,"ok","-"
"local_shell_d3","local_shell",3,81,308682,"iForest",0.7,1,0.85,0.74468085106383,7,-1,"ok","-"
"local_shell_d3","local_shell",3,82,308683,"U-MCCD",1,0.994708994708995,0.997354497354497,0.980392156862745,11,-1,"ok","-"
"local_shell_d3","local_shell",3,82,308683,"SU-MCCD",1,1,1,1,10,-1,"ok","-"
"local_shell_d3","local_shell",3,82,308683,"UN-MCCD",1,1,1,1,10,-1,"ok","-"
"local_shell_d3","local_shell",3,82,308683,"SUN-MCCD",1,1,1,1,10,-1,"ok","-"
"local_shell_d3","local_shell",3,82,308683,"LOF",1,1,1,1,10,-1,"ok","-"
"local_shell_d3","local_shell",3,82,308683,"DBSCAN",1,1,1,1,10,-1,"ok","-"
"local_shell_d3","local_shell",3,82,308683,"MST",0.9,0.714285714285714,0.807142857142857,0.436893203883495,63,-1,"ok","-"
"local_shell_d3","local_shell",3,82,308683,"ODIN",1,0.984126984126984,0.992063492063492,0.943396226415094,13,-1,"ok","-"
"local_shell_d3","local_shell",3,82,308683,"iForest",1,1,1,1,10,-1,"ok","-"
"local_shell_d3","local_shell",3,83,308684,"U-MCCD",1,1,1,1,10,-1,"ok","-"
"local_shell_d3","local_shell",3,83,308684,"SU-MCCD",1,1,1,1,10,-1,"ok","-"
"local_shell_d3","local_shell",3,83,308684,"UN-MCCD",1,0.994708994708995,0.997354497354497,0.980392156862745,11,-1,"ok","-"
"local_shell_d3","local_shell",3,83,308684,"SUN-MCCD",1,1,1,1,10,-1,"ok","-"
"local_shell_d3","local_shell",3,83,308684,"LOF",1,1,1,1,10,-1,"ok","-"
"local_shell_d3","local_shell",3,83,308684,"DBSCAN",1,1,1,1,10,-1,"ok","-"
"local_shell_d3","local_shell",3,83,308684,"MST",0.9,0.687830687830688,0.793915343915344,0.416666666666667,68,-1,"ok","-"
"local_shell_d3","local_shell",3,83,308684,"ODIN",1,0.989417989417989,0.994708994708995,0.961538461538461,12,-1,"ok","-"
"local_shell_d3","local_shell",3,83,308684,"iForest",1,1,1,1,10,-1,"ok","-"
"local_shell_d3","local_shell",3,84,308685,"U-MCCD",1,0.994708994708995,0.997354497354497,0.980392156862745,11,-1,"ok","-"
"local_shell_d3","local_shell",3,84,308685,"SU-MCCD",1,1,1,1,10,-1,"ok","-"
"local_shell_d3","local_shell",3,84,308685,"UN-MCCD",1,0.994708994708995,0.997354497354497,0.980392156862745,11,-1,"ok","-"
"local_shell_d3","local_shell",3,84,308685,"SUN-MCCD",1,1,1,1,10,-1,"ok","-"
"local_shell_d3","local_shell",3,84,308685,"LOF",1,1,1,1,10,-1,"ok","-"
"local_shell_d3","local_shell",3,84,308685,"DBSCAN",1,1,1,1,10,-1,"ok","-"
"local_shell_d3","local_shell",3,84,308685,"MST",0.8,0.746031746031746,0.773015873015873,0.416666666666667,56,-1,"ok","-"
"local_shell_d3","local_shell",3,84,308685,"ODIN",1,0.973544973544973,0.986772486772487,0.909090909090909,15,-1,"ok","-"
"local_shell_d3","local_shell",3,84,308685,"iForest",1,1,1,1,10,-1,"ok","-"
"local_shell_d3","local_shell",3,85,308686,"U-MCCD",1,1,1,1,10,-1,"ok","-"
"local_shell_d3","local_shell",3,85,308686,"SU-MCCD",1,1,1,1,10,-1,"ok","-"
"local_shell_d3","local_shell",3,85,308686,"UN-MCCD",1,1,1,1,10,-1,"ok","-"
"local_shell_d3","local_shell",3,85,308686,"SUN-MCCD",1,1,1,1,10,-1,"ok","-"
"local_shell_d3","local_shell",3,85,308686,"LOF",1,1,1,1,10,-1,"ok","-"
"local_shell_d3","local_shell",3,85,308686,"DBSCAN",1,1,1,1,10,-1,"ok","-"
"local_shell_d3","local_shell",3,85,308686,"MST",0.8,0.555555555555556,0.677777777777778,0.303030303030303,92,-1,"ok","-"
"local_shell_d3","local_shell",3,85,308686,"ODIN",1,0.989417989417989,0.994708994708995,0.961538461538461,12,-1,"ok","-"
"local_shell_d3","local_shell",3,85,308686,"iForest",1,1,1,1,10,-1,"ok","-"
"local_shell_d3","local_shell",3,86,308687,"U-MCCD",1,1,1,1,10,-1,"ok","-"
"local_shell_d3","local_shell",3,86,308687,"SU-MCCD",1,1,1,1,10,-1,"ok","-"
"local_shell_d3","local_shell",3,86,308687,"UN-MCCD",1,0.984126984126984,0.992063492063492,0.943396226415094,13,-1,"ok","-"
"local_shell_d3","local_shell",3,86,308687,"SUN-MCCD",1,1,1,1,10,-1,"ok","-"
"local_shell_d3","local_shell",3,86,308687,"LOF",1,1,1,1,10,-1,"ok","-"
"local_shell_d3","local_shell",3,86,308687,"DBSCAN",1,1,1,1,10,-1,"ok","-"
"local_shell_d3","local_shell",3,86,308687,"MST",1,0.645502645502645,0.822751322751323,0.427350427350427,77,-1,"ok","-"
"local_shell_d3","local_shell",3,86,308687,"ODIN",1,0.994708994708995,0.997354497354497,0.980392156862745,11,-1,"ok","-"
"local_shell_d3","local_shell",3,86,308687,"iForest",1,1,1,1,10,-1,"ok","-"
"local_shell_d3","local_shell",3,87,308688,"U-MCCD",1,0.994708994708995,0.997354497354497,0.980392156862745,11,-1,"ok","-"
"local_shell_d3","local_shell",3,87,308688,"SU-MCCD",1,1,1,1,10,-1,"ok","-"
"local_shell_d3","local_shell",3,87,308688,"UN-MCCD",1,1,1,1,10,-1,"ok","-"
"local_shell_d3","local_shell",3,87,308688,"SUN-MCCD",1,1,1,1,10,-1,"ok","-"
"local_shell_d3","local_shell",3,87,308688,"LOF",1,1,1,1,10,-1,"ok","-"
"local_shell_d3","local_shell",3,87,308688,"DBSCAN",1,1,1,1,10,-1,"ok","-"
"local_shell_d3","local_shell",3,87,308688,"MST",1,0.62962962962963,0.814814814814815,0.416666666666667,80,-1,"ok","-"
"local_shell_d3","local_shell",3,87,308688,"ODIN",1,0.984126984126984,0.992063492063492,0.943396226415094,13,-1,"ok","-"
"local_shell_d3","local_shell",3,87,308688,"iForest",0.8,1,0.9,0.833333333333333,8,-1,"ok","-"
"local_shell_d3","local_shell",3,88,308689,"U-MCCD",1,0.994708994708995,0.997354497354497,0.980392156862745,11,-1,"ok","-"
"local_shell_d3","local_shell",3,88,308689,"SU-MCCD",1,1,1,1,10,-1,"ok","-"
"local_shell_d3","local_shell",3,88,308689,"UN-MCCD",1,1,1,1,10,-1,"ok","-"
"local_shell_d3","local_shell",3,88,308689,"SUN-MCCD",1,1,1,1,10,-1,"ok","-"
"local_shell_d3","local_shell",3,88,308689,"LOF",1,1,1,1,10,-1,"ok","-"
"local_shell_d3","local_shell",3,88,308689,"DBSCAN",1,1,1,1,10,-1,"ok","-"
"local_shell_d3","local_shell",3,88,308689,"MST",0.8,0.698412698412698,0.749206349206349,0.380952380952381,65,-1,"ok","-"
"local_shell_d3","local_shell",3,88,308689,"ODIN",1,0.973544973544973,0.986772486772487,0.909090909090909,15,-1,"ok","-"
"local_shell_d3","local_shell",3,88,308689,"iForest",1,1,1,1,10,-1,"ok","-"
"local_shell_d3","local_shell",3,89,308690,"U-MCCD",1,0.989417989417989,0.994708994708995,0.961538461538461,12,-1,"ok","-"
"local_shell_d3","local_shell",3,89,308690,"SU-MCCD",1,0.994708994708995,0.997354497354497,0.980392156862745,11,-1,"ok","-"
"local_shell_d3","local_shell",3,89,308690,"UN-MCCD",1,0.984126984126984,0.992063492063492,0.943396226415094,13,-1,"ok","-"
"local_shell_d3","local_shell",3,89,308690,"SUN-MCCD",1,1,1,1,10,-1,"ok","-"
"local_shell_d3","local_shell",3,89,308690,"LOF",1,1,1,1,10,-1,"ok","-"
"local_shell_d3","local_shell",3,89,308690,"DBSCAN",1,1,1,1,10,-1,"ok","-"
"local_shell_d3","local_shell",3,89,308690,"MST",0.9,0.71957671957672,0.80978835978836,0.441176470588235,62,-1,"ok","-"
"local_shell_d3","local_shell",3,89,308690,"ODIN",1,0.994708994708995,0.997354497354497,0.980392156862745,11,-1,"ok","-"
"local_shell_d3","local_shell",3,89,308690,"iForest",1,1,1,1,10,-1,"ok","-"
"local_shell_d3","local_shell",3,90,308691,"U-MCCD",1,1,1,1,10,-1,"ok","-"
"local_shell_d3","local_shell",3,90,308691,"SU-MCCD",1,1,1,1,10,-1,"ok","-"
"local_shell_d3","local_shell",3,90,308691,"UN-MCCD",1,1,1,1,10,-1,"ok","-"
"local_shell_d3","local_shell",3,90,308691,"SUN-MCCD",1,1,1,1,10,-1,"ok","-"
"local_shell_d3","local_shell",3,90,308691,"LOF",1,1,1,1,10,-1,"ok","-"
"local_shell_d3","local_shell",3,90,308691,"DBSCAN",1,1,1,1,10,-1,"ok","-"
"local_shell_d3","local_shell",3,90,308691,"MST",0.8,0.687830687830688,0.743915343915344,0.373831775700935,67,-1,"ok","-"
"local_shell_d3","local_shell",3,90,308691,"ODIN",1,0.984126984126984,0.992063492063492,0.943396226415094,13,-1,"ok","-"
"local_shell_d3","local_shell",3,90,308691,"iForest",1,1,1,1,10,-1,"ok","-"
"local_shell_d3","local_shell",3,91,308692,"U-MCCD",1,0.989417989417989,0.994708994708995,0.961538461538461,12,-1,"ok","-"
"local_shell_d3","local_shell",3,91,308692,"SU-MCCD",1,1,1,1,10,-1,"ok","-"
"local_shell_d3","local_shell",3,91,308692,"UN-MCCD",1,0.973544973544973,0.986772486772487,0.909090909090909,15,-1,"ok","-"
"local_shell_d3","local_shell",3,91,308692,"SUN-MCCD",1,1,1,1,10,-1,"ok","-"
"local_shell_d3","local_shell",3,91,308692,"LOF",1,1,1,1,10,-1,"ok","-"
"local_shell_d3","local_shell",3,91,308692,"DBSCAN",1,1,1,1,10,-1,"ok","-"
"local_shell_d3","local_shell",3,91,308692,"MST",0.8,0.656084656084656,0.728042328042328,0.353982300884956,73,-1,"ok","-"
"local_shell_d3","local_shell",3,91,308692,"ODIN",1,0.962962962962963,0.981481481481481,0.87719298245614,17,-1,"ok","-"
"local_shell_d3","local_shell",3,91,308692,"iForest",0.9,1,0.95,0.918367346938775,9,-1,"ok","-"
"local_shell_d3","local_shell",3,92,308693,"U-MCCD",1,1,1,1,10,-1,"ok","-"
"local_shell_d3","local_shell",3,92,308693,"SU-MCCD",1,1,1,1,10,-1,"ok","-"
"local_shell_d3","local_shell",3,92,308693,"UN-MCCD",1,1,1,1,10,-1,"ok","-"
"local_shell_d3","local_shell",3,92,308693,"SUN-MCCD",1,1,1,1,10,-1,"ok","-"
"local_shell_d3","local_shell",3,92,308693,"LOF",1,1,1,1,10,-1,"ok","-"
"local_shell_d3","local_shell",3,92,308693,"DBSCAN",1,1,1,1,10,-1,"ok","-"
"local_shell_d3","local_shell",3,92,308693,"MST",0.9,0.624338624338624,0.762169312169312,0.375,80,-1,"ok","-"
"local_shell_d3","local_shell",3,92,308693,"ODIN",1,0.978835978835979,0.989417989417989,0.925925925925926,14,-1,"ok","-"
"local_shell_d3","local_shell",3,92,308693,"iForest",0.9,1,0.95,0.918367346938775,9,-1,"ok","-"
"local_shell_d3","local_shell",3,93,308694,"U-MCCD",1,0.962962962962963,0.981481481481481,0.87719298245614,17,-1,"ok","-"
"local_shell_d3","local_shell",3,93,308694,"SU-MCCD",1,1,1,1,10,-1,"ok","-"
"local_shell_d3","local_shell",3,93,308694,"UN-MCCD",1,0.989417989417989,0.994708994708995,0.961538461538461,12,-1,"ok","-"
"local_shell_d3","local_shell",3,93,308694,"SUN-MCCD",1,1,1,1,10,-1,"ok","-"
"local_shell_d3","local_shell",3,93,308694,"LOF",1,1,1,1,10,-1,"ok","-"
"local_shell_d3","local_shell",3,93,308694,"DBSCAN",1,1,1,1,10,-1,"ok","-"
"local_shell_d3","local_shell",3,93,308694,"MST",0.9,0.656084656084656,0.778042328042328,0.394736842105263,74,-1,"ok","-"
"local_shell_d3","local_shell",3,93,308694,"ODIN",1,0.973544973544973,0.986772486772487,0.909090909090909,15,-1,"ok","-"
"local_shell_d3","local_shell",3,93,308694,"iForest",1,1,1,1,10,-1,"ok","-"
"local_shell_d3","local_shell",3,94,308695,"U-MCCD",1,0.978835978835979,0.989417989417989,0.925925925925926,14,-1,"ok","-"
"local_shell_d3","local_shell",3,94,308695,"SU-MCCD",1,1,1,1,10,-1,"ok","-"
"local_shell_d3","local_shell",3,94,308695,"UN-MCCD",1,1,1,1,10,-1,"ok","-"
"local_shell_d3","local_shell",3,94,308695,"SUN-MCCD",1,1,1,1,10,-1,"ok","-"
"local_shell_d3","local_shell",3,94,308695,"LOF",1,1,1,1,10,-1,"ok","-"
"local_shell_d3","local_shell",3,94,308695,"DBSCAN",1,1,1,1,10,-1,"ok","-"
"local_shell_d3","local_shell",3,94,308695,"MST",1,0.645502645502645,0.822751322751323,0.427350427350427,77,-1,"ok","-"
"local_shell_d3","local_shell",3,94,308695,"ODIN",1,0.989417989417989,0.994708994708995,0.961538461538461,12,-1,"ok","-"
"local_shell_d3","local_shell",3,94,308695,"iForest",1,1,1,1,10,-1,"ok","-"
"local_shell_d3","local_shell",3,95,308696,"U-MCCD",1,0.994708994708995,0.997354497354497,0.980392156862745,11,-1,"ok","-"
"local_shell_d3","local_shell",3,95,308696,"SU-MCCD",1,1,1,1,10,-1,"ok","-"
"local_shell_d3","local_shell",3,95,308696,"UN-MCCD",1,1,1,1,10,-1,"ok","-"
"local_shell_d3","local_shell",3,95,308696,"SUN-MCCD",1,1,1,1,10,-1,"ok","-"
"local_shell_d3","local_shell",3,95,308696,"LOF",1,1,1,1,10,-1,"ok","-"
"local_shell_d3","local_shell",3,95,308696,"DBSCAN",1,1,1,1,10,-1,"ok","-"
"local_shell_d3","local_shell",3,95,308696,"MST",0.9,0.624338624338624,0.762169312169312,0.375,80,-1,"ok","-"
"local_shell_d3","local_shell",3,95,308696,"ODIN",1,0.989417989417989,0.994708994708995,0.961538461538461,12,-1,"ok","-"
"local_shell_d3","local_shell",3,95,308696,"iForest",0.9,1,0.95,0.918367346938775,9,-1,"ok","-"
"local_shell_d3","local_shell",3,96,308697,"U-MCCD",1,0.994708994708995,0.997354497354497,0.980392156862745,11,-1,"ok","-"
"local_shell_d3","local_shell",3,96,308697,"SU-MCCD",1,1,1,1,10,-1,"ok","-"
"local_shell_d3","local_shell",3,96,308697,"UN-MCCD",1,1,1,1,10,-1,"ok","-"
"local_shell_d3","local_shell",3,96,308697,"SUN-MCCD",1,1,1,1,10,-1,"ok","-"
"local_shell_d3","local_shell",3,96,308697,"LOF",1,1,1,1,10,-1,"ok","-"
"local_shell_d3","local_shell",3,96,308697,"DBSCAN",1,1,1,1,10,-1,"ok","-"
"local_shell_d3","local_shell",3,96,308697,"MST",0.9,0.693121693121693,0.796560846560847,0.420560747663551,67,-1,"ok","-"
"local_shell_d3","local_shell",3,96,308697,"ODIN",1,0.978835978835979,0.989417989417989,0.925925925925926,14,-1,"ok","-"
"local_shell_d3","local_shell",3,96,308697,"iForest",1,1,1,1,10,-1,"ok","-"
"local_shell_d3","local_shell",3,97,308698,"U-MCCD",1,0.994708994708995,0.997354497354497,0.980392156862745,11,-1,"ok","-"
"local_shell_d3","local_shell",3,97,308698,"SU-MCCD",1,1,1,1,10,-1,"ok","-"
"local_shell_d3","local_shell",3,97,308698,"UN-MCCD",1,1,1,1,10,-1,"ok","-"
"local_shell_d3","local_shell",3,97,308698,"SUN-MCCD",1,1,1,1,10,-1,"ok","-"
"local_shell_d3","local_shell",3,97,308698,"LOF",1,1,1,1,10,-1,"ok","-"
"local_shell_d3","local_shell",3,97,308698,"DBSCAN",1,1,1,1,10,-1,"ok","-"
"local_shell_d3","local_shell",3,97,308698,"MST",0.9,0.650793650793651,0.775396825396825,0.391304347826087,75,-1,"ok","-"
"local_shell_d3","local_shell",3,97,308698,"ODIN",1,0.984126984126984,0.992063492063492,0.943396226415094,13,-1,"ok","-"
"local_shell_d3","local_shell",3,97,308698,"iForest",1,1,1,1,10,-1,"ok","-"
"local_shell_d3","local_shell",3,98,308699,"U-MCCD",1,0.994708994708995,0.997354497354497,0.980392156862745,11,-1,"ok","-"
"local_shell_d3","local_shell",3,98,308699,"SU-MCCD",1,1,1,1,10,-1,"ok","-"
"local_shell_d3","local_shell",3,98,308699,"UN-MCCD",1,0.994708994708995,0.997354497354497,0.980392156862745,11,-1,"ok","-"
"local_shell_d3","local_shell",3,98,308699,"SUN-MCCD",1,0.994708994708995,0.997354497354497,0.980392156862745,11,-1,"ok","-"
"local_shell_d3","local_shell",3,98,308699,"LOF",1,1,1,1,10,-1,"ok","-"
"local_shell_d3","local_shell",3,98,308699,"DBSCAN",1,1,1,1,10,-1,"ok","-"
"local_shell_d3","local_shell",3,98,308699,"MST",1,0.566137566137566,0.783068783068783,0.378787878787879,92,-1,"ok","-"
"local_shell_d3","local_shell",3,98,308699,"ODIN",1,0.968253968253968,0.984126984126984,0.892857142857143,16,-1,"ok","-"
"local_shell_d3","local_shell",3,98,308699,"iForest",1,1,1,1,10,-1,"ok","-"
"local_shell_d3","local_shell",3,99,308700,"U-MCCD",1,0.989417989417989,0.994708994708995,0.961538461538461,12,-1,"ok","-"
"local_shell_d3","local_shell",3,99,308700,"SU-MCCD",1,0.989417989417989,0.994708994708995,0.961538461538461,12,-1,"ok","-"
"local_shell_d3","local_shell",3,99,308700,"UN-MCCD",1,0.984126984126984,0.992063492063492,0.943396226415094,13,-1,"ok","-"
"local_shell_d3","local_shell",3,99,308700,"SUN-MCCD",1,0.989417989417989,0.994708994708995,0.961538461538461,12,-1,"ok","-"
"local_shell_d3","local_shell",3,99,308700,"LOF",1,1,1,1,10,-1,"ok","-"
"local_shell_d3","local_shell",3,99,308700,"DBSCAN",1,1,1,1,10,-1,"ok","-"
"local_shell_d3","local_shell",3,99,308700,"MST",0.9,0.634920634920635,0.767460317460317,0.38135593220339,78,-1,"ok","-"
"local_shell_d3","local_shell",3,99,308700,"ODIN",1,0.994708994708995,0.997354497354497,0.980392156862745,11,-1,"ok","-"
"local_shell_d3","local_shell",3,99,308700,"iForest",1,1,1,1,10,-1,"ok","-"
"local_shell_d3","local_shell",3,100,308701,"U-MCCD",1,0.989417989417989,0.994708994708995,0.961538461538461,12,-1,"ok","-"
"local_shell_d3","local_shell",3,100,308701,"SU-MCCD",1,0.978835978835979,0.989417989417989,0.925925925925926,14,-1,"ok","-"
"local_shell_d3","local_shell",3,100,308701,"UN-MCCD",1,0.978835978835979,0.989417989417989,0.925925925925926,14,-1,"ok","-"
"local_shell_d3","local_shell",3,100,308701,"SUN-MCCD",1,0.994708994708995,0.997354497354497,0.980392156862745,11,-1,"ok","-"
"local_shell_d3","local_shell",3,100,308701,"LOF",1,1,1,1,10,-1,"ok","-"
"local_shell_d3","local_shell",3,100,308701,"DBSCAN",1,1,1,1,10,-1,"ok","-"
"local_shell_d3","local_shell",3,100,308701,"MST",0.8,0.661375661375661,0.730687830687831,0.357142857142857,72,-1,"ok","-"
"local_shell_d3","local_shell",3,100,308701,"ODIN",1,0.968253968253968,0.984126984126984,0.892857142857143,16,-1,"ok","-"
"local_shell_d3","local_shell",3,100,308701,"iForest",1,1,1,1,10,-1,"ok","-"
"local_shell_d10","local_shell",10,1,408602,"U-MCCD",1,1,1,1,10,-1,"ok","-"
"local_shell_d10","local_shell",10,1,408602,"SU-MCCD",1,1,1,1,10,-1,"ok","-"
"local_shell_d10","local_shell",10,1,408602,"UN-MCCD",1,0.994708994708995,0.997354497354497,0.980392156862745,11,-1,"ok","-"
"local_shell_d10","local_shell",10,1,408602,"SUN-MCCD",1,1,1,1,10,-1,"ok","-"
"local_shell_d10","local_shell",10,1,408602,"LOF",1,1,1,1,10,-1,"ok","-"
"local_shell_d10","local_shell",10,1,408602,"DBSCAN",1,1,1,1,10,-1,"ok","-"
"local_shell_d10","local_shell",10,1,408602,"MST",0.9,0.936507936507937,0.918253968253968,0.737704918032787,21,-1,"ok","-"
"local_shell_d10","local_shell",10,1,408602,"ODIN",1,0.984126984126984,0.992063492063492,0.943396226415094,13,-1,"ok","-"
"local_shell_d10","local_shell",10,1,408602,"iForest",1,1,1,1,10,-1,"ok","-"
"local_shell_d10","local_shell",10,2,408603,"U-MCCD",1,0.978835978835979,0.989417989417989,0.925925925925926,14,-1,"ok","-"
"local_shell_d10","local_shell",10,2,408603,"SU-MCCD",1,0.989417989417989,0.994708994708995,0.961538461538461,12,-1,"ok","-"
"local_shell_d10","local_shell",10,2,408603,"UN-MCCD",1,1,1,1,10,-1,"ok","-"
"local_shell_d10","local_shell",10,2,408603,"SUN-MCCD",1,1,1,1,10,-1,"ok","-"
"local_shell_d10","local_shell",10,2,408603,"LOF",1,1,1,1,10,-1,"ok","-"
"local_shell_d10","local_shell",10,2,408603,"DBSCAN",0.6,1,0.8,0.652173913043478,6,-1,"ok","-"
"local_shell_d10","local_shell",10,2,408603,"MST",0.8,0.894179894179894,0.847089947089947,0.588235294117647,28,-1,"ok","-"
"local_shell_d10","local_shell",10,2,408603,"ODIN",1,0.968253968253968,0.984126984126984,0.892857142857143,16,-1,"ok","-"
"local_shell_d10","local_shell",10,2,408603,"iForest",0.5,1,0.75,0.555555555555556,5,-1,"ok","-"
"local_shell_d10","local_shell",10,3,408604,"U-MCCD",1,0.968253968253968,0.984126984126984,0.892857142857143,16,-1,"ok","-"
"local_shell_d10","local_shell",10,3,408604,"SU-MCCD",1,0.994708994708995,0.997354497354497,0.980392156862745,11,-1,"ok","-"
"local_shell_d10","local_shell",10,3,408604,"UN-MCCD",1,0.984126984126984,0.992063492063492,0.943396226415094,13,-1,"ok","-"
"local_shell_d10","local_shell",10,3,408604,"SUN-MCCD",1,0.994708994708995,0.997354497354497,0.980392156862745,11,-1,"ok","-"
"local_shell_d10","local_shell",10,3,408604,"LOF",1,1,1,1,10,-1,"ok","-"
"local_shell_d10","local_shell",10,3,408604,"DBSCAN",1,1,1,1,10,-1,"ok","-"
"local_shell_d10","local_shell",10,3,408604,"MST",0.8,0.931216931216931,0.865608465608466,0.655737704918033,21,-1,"ok","-"
"local_shell_d10","local_shell",10,3,408604,"ODIN",1,0.978835978835979,0.989417989417989,0.925925925925926,14,-1,"ok","-"
"local_shell_d10","local_shell",10,3,408604,"iForest",0.9,1,0.95,0.918367346938775,9,-1,"ok","-"
"local_shell_d10","local_shell",10,4,408605,"U-MCCD",1,1,1,1,10,-1,"ok","-"
"local_shell_d10","local_shell",10,4,408605,"SU-MCCD",1,0.994708994708995,0.997354497354497,0.980392156862745,11,-1,"ok","-"
"local_shell_d10","local_shell",10,4,408605,"UN-MCCD",1,0.994708994708995,0.997354497354497,0.980392156862745,11,-1,"ok","-"
"local_shell_d10","local_shell",10,4,408605,"SUN-MCCD",1,1,1,1,10,-1,"ok","-"
"local_shell_d10","local_shell",10,4,408605,"LOF",1,1,1,1,10,-1,"ok","-"
"local_shell_d10","local_shell",10,4,408605,"DBSCAN",1,1,1,1,10,-1,"ok","-"
"local_shell_d10","local_shell",10,4,408605,"MST",1,0.915343915343915,0.957671957671958,0.757575757575758,26,-1,"ok","-"
"local_shell_d10","local_shell",10,4,408605,"ODIN",1,0.968253968253968,0.984126984126984,0.892857142857143,16,-1,"ok","-"
"local_shell_d10","local_shell",10,4,408605,"iForest",1,1,1,1,10,-1,"ok","-"
"local_shell_d10","local_shell",10,5,408606,"U-MCCD",1,0.978835978835979,0.989417989417989,0.925925925925926,14,-1,"ok","-"
"local_shell_d10","local_shell",10,5,408606,"SU-MCCD",1,1,1,1,10,-1,"ok","-"
"local_shell_d10","local_shell",10,5,408606,"UN-MCCD",1,0.994708994708995,0.997354497354497,0.980392156862745,11,-1,"ok","-"
"local_shell_d10","local_shell",10,5,408606,"SUN-MCCD",1,0.994708994708995,0.997354497354497,0.980392156862745,11,-1,"ok","-"
"local_shell_d10","local_shell",10,5,408606,"LOF",1,1,1,1,10,-1,"ok","-"
"local_shell_d10","local_shell",10,5,408606,"DBSCAN",1,1,1,1,10,-1,"ok","-"
"local_shell_d10","local_shell",10,5,408606,"MST",0.9,0.925925925925926,0.912962962962963,0.714285714285714,23,-1,"ok","-"
"local_shell_d10","local_shell",10,5,408606,"ODIN",1,0.989417989417989,0.994708994708995,0.961538461538461,12,-1,"ok","-"
"local_shell_d10","local_shell",10,5,408606,"iForest",0.7,1,0.85,0.74468085106383,7,-1,"ok","-"
"local_shell_d10","local_shell",10,6,408607,"U-MCCD",1,0.994708994708995,0.997354497354497,0.980392156862745,11,-1,"ok","-"
"local_shell_d10","local_shell",10,6,408607,"SU-MCCD",1,0.962962962962963,0.981481481481481,0.87719298245614,17,-1,"ok","-"
"local_shell_d10","local_shell",10,6,408607,"UN-MCCD",1,1,1,1,10,-1,"ok","-"
"local_shell_d10","local_shell",10,6,408607,"SUN-MCCD",1,1,1,1,10,-1,"ok","-"
"local_shell_d10","local_shell",10,6,408607,"LOF",1,1,1,1,10,-1,"ok","-"
"local_shell_d10","local_shell",10,6,408607,"DBSCAN",1,1,1,1,10,-1,"ok","-"
"local_shell_d10","local_shell",10,6,408607,"MST",1,0.931216931216931,0.965608465608466,0.793650793650793,23,-1,"ok","-"
"local_shell_d10","local_shell",10,6,408607,"ODIN",1,1,1,1,10,-1,"ok","-"
"local_shell_d10","local_shell",10,6,408607,"iForest",1,1,1,1,10,-1,"ok","-"
"local_shell_d10","local_shell",10,7,408608,"U-MCCD",1,0.994708994708995,0.997354497354497,0.980392156862745,11,-1,"ok","-"
"local_shell_d10","local_shell",10,7,408608,"SU-MCCD",1,0.989417989417989,0.994708994708995,0.961538461538461,12,-1,"ok","-"
"local_shell_d10","local_shell",10,7,408608,"UN-MCCD",1,1,1,1,10,-1,"ok","-"
"local_shell_d10","local_shell",10,7,408608,"SUN-MCCD",1,0.994708994708995,0.997354497354497,0.980392156862745,11,-1,"ok","-"
"local_shell_d10","local_shell",10,7,408608,"LOF",1,1,1,1,10,-1,"ok","-"
"local_shell_d10","local_shell",10,7,408608,"DBSCAN",1,1,1,1,10,-1,"ok","-"
"local_shell_d10","local_shell",10,7,408608,"MST",0.9,0.968253968253968,0.934126984126984,0.818181818181818,15,-1,"ok","-"
"local_shell_d10","local_shell",10,7,408608,"ODIN",1,0.968253968253968,0.984126984126984,0.892857142857143,16,-1,"ok","-"
"local_shell_d10","local_shell",10,7,408608,"iForest",1,1,1,1,10,-1,"ok","-"
"local_shell_d10","local_shell",10,8,408609,"U-MCCD",1,1,1,1,10,-1,"ok","-"
"local_shell_d10","local_shell",10,8,408609,"SU-MCCD",1,0.984126984126984,0.992063492063492,0.943396226415094,13,-1,"ok","-"
"local_shell_d10","local_shell",10,8,408609,"UN-MCCD",1,0.989417989417989,0.994708994708995,0.961538461538461,12,-1,"ok","-"
"local_shell_d10","local_shell",10,8,408609,"SUN-MCCD",1,1,1,1,10,-1,"ok","-"
"local_shell_d10","local_shell",10,8,408609,"LOF",1,1,1,1,10,-1,"ok","-"
"local_shell_d10","local_shell",10,8,408609,"DBSCAN",1,1,1,1,10,-1,"ok","-"
"local_shell_d10","local_shell",10,8,408609,"MST",0.9,0.936507936507937,0.918253968253968,0.737704918032787,21,-1,"ok","-"
"local_shell_d10","local_shell",10,8,408609,"ODIN",1,0.973544973544973,0.986772486772487,0.909090909090909,15,-1,"ok","-"
"local_shell_d10","local_shell",10,8,408609,"iForest",0.9,1,0.95,0.918367346938775,9,-1,"ok","-"
"local_shell_d10","local_shell",10,9,408610,"U-MCCD",1,0.994708994708995,0.997354497354497,0.980392156862745,11,-1,"ok","-"
"local_shell_d10","local_shell",10,9,408610,"SU-MCCD",1,0.973544973544973,0.986772486772487,0.909090909090909,15,-1,"ok","-"
"local_shell_d10","local_shell",10,9,408610,"UN-MCCD",1,1,1,1,10,-1,"ok","-"
"local_shell_d10","local_shell",10,9,408610,"SUN-MCCD",1,1,1,1,10,-1,"ok","-"
"local_shell_d10","local_shell",10,9,408610,"LOF",1,1,1,1,10,-1,"ok","-"
"local_shell_d10","local_shell",10,9,408610,"DBSCAN",1,1,1,1,10,-1,"ok","-"
"local_shell_d10","local_shell",10,9,408610,"MST",0.9,0.952380952380952,0.926190476190476,0.775862068965517,18,-1,"ok","-"
"local_shell_d10","local_shell",10,9,408610,"ODIN",1,0.978835978835979,0.989417989417989,0.925925925925926,14,-1,"ok","-"
"local_shell_d10","local_shell",10,9,408610,"iForest",1,1,1,1,10,-1,"ok","-"
"local_shell_d10","local_shell",10,10,408611,"U-MCCD",1,1,1,1,10,-1,"ok","-"
"local_shell_d10","local_shell",10,10,408611,"SU-MCCD",1,0.994708994708995,0.997354497354497,0.980392156862745,11,-1,"ok","-"
"local_shell_d10","local_shell",10,10,408611,"UN-MCCD",1,1,1,1,10,-1,"ok","-"
"local_shell_d10","local_shell",10,10,408611,"SUN-MCCD",1,1,1,1,10,-1,"ok","-"
"local_shell_d10","local_shell",10,10,408611,"LOF",1,1,1,1,10,-1,"ok","-"
"local_shell_d10","local_shell",10,10,408611,"DBSCAN",1,1,1,1,10,-1,"ok","-"
"local_shell_d10","local_shell",10,10,408611,"MST",0.9,0.925925925925926,0.912962962962963,0.714285714285714,23,-1,"ok","-"
"local_shell_d10","local_shell",10,10,408611,"ODIN",1,0.984126984126984,0.992063492063492,0.943396226415094,13,-1,"ok","-"
"local_shell_d10","local_shell",10,10,408611,"iForest",0.9,1,0.95,0.918367346938775,9,-1,"ok","-"
"local_shell_d10","local_shell",10,11,408612,"U-MCCD",1,0.989417989417989,0.994708994708995,0.961538461538461,12,-1,"ok","-"
"local_shell_d10","local_shell",10,11,408612,"SU-MCCD",1,1,1,1,10,-1,"ok","-"
"local_shell_d10","local_shell",10,11,408612,"UN-MCCD",1,0.989417989417989,0.994708994708995,0.961538461538461,12,-1,"ok","-"
"local_shell_d10","local_shell",10,11,408612,"SUN-MCCD",1,1,1,1,10,-1,"ok","-"
"local_shell_d10","local_shell",10,11,408612,"LOF",1,1,1,1,10,-1,"ok","-"
"local_shell_d10","local_shell",10,11,408612,"DBSCAN",1,1,1,1,10,-1,"ok","-"
"local_shell_d10","local_shell",10,11,408612,"MST",0.9,0.888888888888889,0.894444444444444,0.642857142857143,30,-1,"ok","-"
"local_shell_d10","local_shell",10,11,408612,"ODIN",1,0.973544973544973,0.986772486772487,0.909090909090909,15,-1,"ok","-"
"local_shell_d10","local_shell",10,11,408612,"iForest",0.9,1,0.95,0.918367346938775,9,-1,"ok","-"
"local_shell_d10","local_shell",10,12,408613,"U-MCCD",1,1,1,1,10,-1,"ok","-"
"local_shell_d10","local_shell",10,12,408613,"SU-MCCD",1,1,1,1,10,-1,"ok","-"
"local_shell_d10","local_shell",10,12,408613,"UN-MCCD",1,0.989417989417989,0.994708994708995,0.961538461538461,12,-1,"ok","-"
"local_shell_d10","local_shell",10,12,408613,"SUN-MCCD",1,1,1,1,10,-1,"ok","-"
"local_shell_d10","local_shell",10,12,408613,"LOF",1,1,1,1,10,-1,"ok","-"
"local_shell_d10","local_shell",10,12,408613,"DBSCAN",0.9,1,0.95,0.918367346938775,9,-1,"ok","-"
"local_shell_d10","local_shell",10,12,408613,"MST",0.8,0.936507936507937,0.868253968253968,0.666666666666667,20,-1,"ok","-"
"local_shell_d10","local_shell",10,12,408613,"ODIN",1,0.989417989417989,0.994708994708995,0.961538461538461,12,-1,"ok","-"
"local_shell_d10","local_shell",10,12,408613,"iForest",0.7,1,0.85,0.74468085106383,7,-1,"ok","-"
"local_shell_d10","local_shell",10,13,408614,"U-MCCD",1,1,1,1,10,-1,"ok","-"
"local_shell_d10","local_shell",10,13,408614,"SU-MCCD",1,1,1,1,10,-1,"ok","-"
"local_shell_d10","local_shell",10,13,408614,"UN-MCCD",1,0.994708994708995,0.997354497354497,0.980392156862745,11,-1,"ok","-"
"local_shell_d10","local_shell",10,13,408614,"SUN-MCCD",1,1,1,1,10,-1,"ok","-"
"local_shell_d10","local_shell",10,13,408614,"LOF",1,1,1,1,10,-1,"ok","-"
"local_shell_d10","local_shell",10,13,408614,"DBSCAN",1,1,1,1,10,-1,"ok","-"
"local_shell_d10","local_shell",10,13,408614,"MST",1,0.91005291005291,0.955026455026455,0.746268656716418,27,-1,"ok","-"
"local_shell_d10","local_shell",10,13,408614,"ODIN",1,0.973544973544973,0.986772486772487,0.909090909090909,15,-1,"ok","-"
"local_shell_d10","local_shell",10,13,408614,"iForest",1,1,1,1,10,-1,"ok","-"
"local_shell_d10","local_shell",10,14,408615,"U-MCCD",1,0.941798941798942,0.970899470899471,0.819672131147541,21,-1,"ok","-"
"local_shell_d10","local_shell",10,14,408615,"SU-MCCD",1,1,1,1,10,-1,"ok","-"
"local_shell_d10","local_shell",10,14,408615,"UN-MCCD",1,1,1,1,10,-1,"ok","-"
"local_shell_d10","local_shell",10,14,408615,"SUN-MCCD",1,1,1,1,10,-1,"ok","-"
"local_shell_d10","local_shell",10,14,408615,"LOF",1,1,1,1,10,-1,"ok","-"
"local_shell_d10","local_shell",10,14,408615,"DBSCAN",1,1,1,1,10,-1,"ok","-"
"local_shell_d10","local_shell",10,14,408615,"MST",1,0.915343915343915,0.957671957671958,0.757575757575758,26,-1,"ok","-"
"local_shell_d10","local_shell",10,14,408615,"ODIN",1,0.984126984126984,0.992063492063492,0.943396226415094,13,-1,"ok","-"
"local_shell_d10","local_shell",10,14,408615,"iForest",0.9,1,0.95,0.918367346938775,9,-1,"ok","-"
"local_shell_d10","local_shell",10,15,408616,"U-MCCD",1,0.920634920634921,0.96031746031746,0.769230769230769,25,-1,"ok","-"
"local_shell_d10","local_shell",10,15,408616,"SU-MCCD",1,0.989417989417989,0.994708994708995,0.961538461538461,12,-1,"ok","-"
"local_shell_d10","local_shell",10,15,408616,"UN-MCCD",1,0.994708994708995,0.997354497354497,0.980392156862745,11,-1,"ok","-"
"local_shell_d10","local_shell",10,15,408616,"SUN-MCCD",1,0.994708994708995,0.997354497354497,0.980392156862745,11,-1,"ok","-"
"local_shell_d10","local_shell",10,15,408616,"LOF",1,1,1,1,10,-1,"ok","-"
"local_shell_d10","local_shell",10,15,408616,"DBSCAN",1,1,1,1,10,-1,"ok","-"
"local_shell_d10","local_shell",10,15,408616,"MST",1,0.941798941798942,0.970899470899471,0.819672131147541,21,-1,"ok","-"
"local_shell_d10","local_shell",10,15,408616,"ODIN",1,0.984126984126984,0.992063492063492,0.943396226415094,13,-1,"ok","-"
"local_shell_d10","local_shell",10,15,408616,"iForest",0.9,1,0.95,0.918367346938775,9,-1,"ok","-"
"local_shell_d10","local_shell",10,16,408617,"U-MCCD",1,0.978835978835979,0.989417989417989,0.925925925925926,14,-1,"ok","-"
"local_shell_d10","local_shell",10,16,408617,"SU-MCCD",1,1,1,1,10,-1,"ok","-"
"local_shell_d10","local_shell",10,16,408617,"UN-MCCD",1,1,1,1,10,-1,"ok","-"
"local_shell_d10","local_shell",10,16,408617,"SUN-MCCD",1,1,1,1,10,-1,"ok","-"
"local_shell_d10","local_shell",10,16,408617,"LOF",1,1,1,1,10,-1,"ok","-"
"local_shell_d10","local_shell",10,16,408617,"DBSCAN",1,1,1,1,10,-1,"ok","-"
"local_shell_d10","local_shell",10,16,408617,"MST",1,0.915343915343915,0.957671957671958,0.757575757575758,26,-1,"ok","-"
"local_shell_d10","local_shell",10,16,408617,"ODIN",1,0.978835978835979,0.989417989417989,0.925925925925926,14,-1,"ok","-"
"local_shell_d10","local_shell",10,16,408617,"iForest",1,1,1,1,10,-1,"ok","-"
"local_shell_d10","local_shell",10,17,408618,"U-MCCD",1,0.984126984126984,0.992063492063492,0.943396226415094,13,-1,"ok","-"
"local_shell_d10","local_shell",10,17,408618,"SU-MCCD",1,0.994708994708995,0.997354497354497,0.980392156862745,11,-1,"ok","-"
"local_shell_d10","local_shell",10,17,408618,"UN-MCCD",1,1,1,1,10,-1,"ok","-"
"local_shell_d10","local_shell",10,17,408618,"SUN-MCCD",1,1,1,1,10,-1,"ok","-"
"local_shell_d10","local_shell",10,17,408618,"LOF",1,1,1,1,10,-1,"ok","-"
"local_shell_d10","local_shell",10,17,408618,"DBSCAN",1,1,1,1,10,-1,"ok","-"
"local_shell_d10","local_shell",10,17,408618,"MST",0.9,0.894179894179894,0.897089947089947,0.652173913043478,29,-1,"ok","-"
"local_shell_d10","local_shell",10,17,408618,"ODIN",1,0.968253968253968,0.984126984126984,0.892857142857143,16,-1,"ok","-"
"local_shell_d10","local_shell",10,17,408618,"iForest",1,1,1,1,10,-1,"ok","-"
"local_shell_d10","local_shell",10,18,408619,"U-MCCD",1,1,1,1,10,-1,"ok","-"
"local_shell_d10","local_shell",10,18,408619,"SU-MCCD",1,1,1,1,10,-1,"ok","-"
"local_shell_d10","local_shell",10,18,408619,"UN-MCCD",1,1,1,1,10,-1,"ok","-"
"local_shell_d10","local_shell",10,18,408619,"SUN-MCCD",1,1,1,1,10,-1,"ok","-"
"local_shell_d10","local_shell",10,18,408619,"LOF",1,1,1,1,10,-1,"ok","-"
"local_shell_d10","local_shell",10,18,408619,"DBSCAN",1,1,1,1,10,-1,"ok","-"
"local_shell_d10","local_shell",10,18,408619,"MST",0.9,0.894179894179894,0.897089947089947,0.652173913043478,29,-1,"ok","-"
"local_shell_d10","local_shell",10,18,408619,"ODIN",1,0.989417989417989,0.994708994708995,0.961538461538461,12,-1,"ok","-"
"local_shell_d10","local_shell",10,18,408619,"iForest",1,1,1,1,10,-1,"ok","-"
"local_shell_d10","local_shell",10,19,408620,"U-MCCD",1,0.994708994708995,0.997354497354497,0.980392156862745,11,-1,"ok","-"
"local_shell_d10","local_shell",10,19,408620,"SU-MCCD",1,1,1,1,10,-1,"ok","-"
"local_shell_d10","local_shell",10,19,408620,"UN-MCCD",1,1,1,1,10,-1,"ok","-"
"local_shell_d10","local_shell",10,19,408620,"SUN-MCCD",1,1,1,1,10,-1,"ok","-"
"local_shell_d10","local_shell",10,19,408620,"LOF",1,1,1,1,10,-1,"ok","-"
"local_shell_d10","local_shell",10,19,408620,"DBSCAN",1,1,1,1,10,-1,"ok","-"
"local_shell_d10","local_shell",10,19,408620,"MST",0.9,0.899470899470899,0.89973544973545,0.661764705882353,28,-1,"ok","-"
"local_shell_d10","local_shell",10,19,408620,"ODIN",1,0.962962962962963,0.981481481481481,0.87719298245614,17,-1,"ok","-"
"local_shell_d10","local_shell",10,19,408620,"iForest",1,1,1,1,10,-1,"ok","-"
"local_shell_d10","local_shell",10,20,408621,"U-MCCD",1,1,1,1,10,-1,"ok","-"
"local_shell_d10","local_shell",10,20,408621,"SU-MCCD",1,0.973544973544973,0.986772486772487,0.909090909090909,15,-1,"ok","-"
"local_shell_d10","local_shell",10,20,408621,"UN-MCCD",1,1,1,1,10,-1,"ok","-"
"local_shell_d10","local_shell",10,20,408621,"SUN-MCCD",1,1,1,1,10,-1,"ok","-"
"local_shell_d10","local_shell",10,20,408621,"LOF",1,1,1,1,10,-1,"ok","-"
"local_shell_d10","local_shell",10,20,408621,"DBSCAN",1,1,1,1,10,-1,"ok","-"
"local_shell_d10","local_shell",10,20,408621,"MST",1,0.915343915343915,0.957671957671958,0.757575757575758,26,-1,"ok","-"
"local_shell_d10","local_shell",10,20,408621,"ODIN",1,0.989417989417989,0.994708994708995,0.961538461538461,12,-1,"ok","-"
"local_shell_d10","local_shell",10,20,408621,"iForest",1,1,1,1,10,-1,"ok","-"
"local_shell_d10","local_shell",10,21,408622,"U-MCCD",1,0.851851851851852,0.925925925925926,0.641025641025641,38,-1,"ok","-"
"local_shell_d10","local_shell",10,21,408622,"SU-MCCD",1,0.888888888888889,0.944444444444444,0.704225352112676,31,-1,"ok","-"
"local_shell_d10","local_shell",10,21,408622,"UN-MCCD",1,0.994708994708995,0.997354497354497,0.980392156862745,11,-1,"ok","-"
"local_shell_d10","local_shell",10,21,408622,"SUN-MCCD",1,0.994708994708995,0.997354497354497,0.980392156862745,11,-1,"ok","-"
"local_shell_d10","local_shell",10,21,408622,"LOF",1,1,1,1,10,-1,"ok","-"
"local_shell_d10","local_shell",10,21,408622,"DBSCAN",1,1,1,1,10,-1,"ok","-"
"local_shell_d10","local_shell",10,21,408622,"MST",0.9,0.878306878306878,0.889153439153439,0.625,32,-1,"ok","-"
"local_shell_d10","local_shell",10,21,408622,"ODIN",1,0.973544973544973,0.986772486772487,0.909090909090909,15,-1,"ok","-"
"local_shell_d10","local_shell",10,21,408622,"iForest",1,1,1,1,10,-1,"ok","-"
"local_shell_d10","local_shell",10,22,408623,"U-MCCD",1,0.962962962962963,0.981481481481481,0.87719298245614,17,-1,"ok","-"
"local_shell_d10","local_shell",10,22,408623,"SU-MCCD",1,1,1,1,10,-1,"ok","-"
"local_shell_d10","local_shell",10,22,408623,"UN-MCCD",1,0.984126984126984,0.992063492063492,0.943396226415094,13,-1,"ok","-"
"local_shell_d10","local_shell",10,22,408623,"SUN-MCCD",1,1,1,1,10,-1,"ok","-"
"local_shell_d10","local_shell",10,22,408623,"LOF",1,1,1,1,10,-1,"ok","-"
"local_shell_d10","local_shell",10,22,408623,"DBSCAN",1,1,1,1,10,-1,"ok","-"
"local_shell_d10","local_shell",10,22,408623,"MST",1,0.947089947089947,0.973544973544973,0.833333333333333,20,-1,"ok","-"
"local_shell_d10","local_shell",10,22,408623,"ODIN",1,0.957671957671958,0.978835978835979,0.862068965517241,18,-1,"ok","-"
"local_shell_d10","local_shell",10,22,408623,"iForest",0.9,1,0.95,0.918367346938775,9,-1,"ok","-"
"local_shell_d10","local_shell",10,23,408624,"U-MCCD",1,0.978835978835979,0.989417989417989,0.925925925925926,14,-1,"ok","-"
"local_shell_d10","local_shell",10,23,408624,"SU-MCCD",1,0.968253968253968,0.984126984126984,0.892857142857143,16,-1,"ok","-"
"local_shell_d10","local_shell",10,23,408624,"UN-MCCD",1,1,1,1,10,-1,"ok","-"
"local_shell_d10","local_shell",10,23,408624,"SUN-MCCD",1,1,1,1,10,-1,"ok","-"
"local_shell_d10","local_shell",10,23,408624,"LOF",1,1,1,1,10,-1,"ok","-"
"local_shell_d10","local_shell",10,23,408624,"DBSCAN",1,1,1,1,10,-1,"ok","-"
"local_shell_d10","local_shell",10,23,408624,"MST",0.9,0.931216931216931,0.915608465608466,0.725806451612903,22,-1,"ok","-"
"local_shell_d10","local_shell",10,23,408624,"ODIN",1,0.994708994708995,0.997354497354497,0.980392156862745,11,-1,"ok","-"
"local_shell_d10","local_shell",10,23,408624,"iForest",1,1,1,1,10,-1,"ok","-"
"local_shell_d10","local_shell",10,24,408625,"U-MCCD",1,0.962962962962963,0.981481481481481,0.87719298245614,17,-1,"ok","-"
"local_shell_d10","local_shell",10,24,408625,"SU-MCCD",1,0.973544973544973,0.986772486772487,0.909090909090909,15,-1,"ok","-"
"local_shell_d10","local_shell",10,24,408625,"UN-MCCD",1,0.984126984126984,0.992063492063492,0.943396226415094,13,-1,"ok","-"
"local_shell_d10","local_shell",10,24,408625,"SUN-MCCD",1,1,1,1,10,-1,"ok","-"
"local_shell_d10","local_shell",10,24,408625,"LOF",1,1,1,1,10,-1,"ok","-"
"local_shell_d10","local_shell",10,24,408625,"DBSCAN",1,1,1,1,10,-1,"ok","-"
"local_shell_d10","local_shell",10,24,408625,"MST",0.9,0.82010582010582,0.86005291005291,0.542168674698795,43,-1,"ok","-"
"local_shell_d10","local_shell",10,24,408625,"ODIN",1,0.952380952380952,0.976190476190476,0.847457627118644,19,-1,"ok","-"
"local_shell_d10","local_shell",10,24,408625,"iForest",0.9,1,0.95,0.918367346938775,9,-1,"ok","-"
"local_shell_d10","local_shell",10,25,408626,"U-MCCD",1,0.989417989417989,0.994708994708995,0.961538461538461,12,-1,"ok","-"
"local_shell_d10","local_shell",10,25,408626,"SU-MCCD",1,0.989417989417989,0.994708994708995,0.961538461538461,12,-1,"ok","-"
"local_shell_d10","local_shell",10,25,408626,"UN-MCCD",1,1,1,1,10,-1,"ok","-"
"local_shell_d10","local_shell",10,25,408626,"SUN-MCCD",1,0.994708994708995,0.997354497354497,0.980392156862745,11,-1,"ok","-"
"local_shell_d10","local_shell",10,25,408626,"LOF",1,1,1,1,10,-1,"ok","-"
"local_shell_d10","local_shell",10,25,408626,"DBSCAN",1,1,1,1,10,-1,"ok","-"
"local_shell_d10","local_shell",10,25,408626,"MST",0.9,0.947089947089947,0.923544973544974,0.76271186440678,19,-1,"ok","-"
"local_shell_d10","local_shell",10,25,408626,"ODIN",1,0.973544973544973,0.986772486772487,0.909090909090909,15,-1,"ok","-"
"local_shell_d10","local_shell",10,25,408626,"iForest",1,1,1,1,10,-1,"ok","-"
"local_shell_d10","local_shell",10,26,408627,"U-MCCD",1,0.984126984126984,0.992063492063492,0.943396226415094,13,-1,"ok","-"
"local_shell_d10","local_shell",10,26,408627,"SU-MCCD",1,0.994708994708995,0.997354497354497,0.980392156862745,11,-1,"ok","-"
"local_shell_d10","local_shell",10,26,408627,"UN-MCCD",1,0.994708994708995,0.997354497354497,0.980392156862745,11,-1,"ok","-"
"local_shell_d10","local_shell",10,26,408627,"SUN-MCCD",1,1,1,1,10,-1,"ok","-"
"local_shell_d10","local_shell",10,26,408627,"LOF",1,1,1,1,10,-1,"ok","-"
"local_shell_d10","local_shell",10,26,408627,"DBSCAN",1,1,1,1,10,-1,"ok","-"
"local_shell_d10","local_shell",10,26,408627,"MST",0.9,0.91005291005291,0.905026455026455,0.681818181818182,26,-1,"ok","-"
"local_shell_d10","local_shell",10,26,408627,"ODIN",1,0.978835978835979,0.989417989417989,0.925925925925926,14,-1,"ok","-"
"local_shell_d10","local_shell",10,26,408627,"iForest",0.9,1,0.95,0.918367346938775,9,-1,"ok","-"
"local_shell_d10","local_shell",10,27,408628,"U-MCCD",1,1,1,1,10,-1,"ok","-"
"local_shell_d10","local_shell",10,27,408628,"SU-MCCD",1,0.989417989417989,0.994708994708995,0.961538461538461,12,-1,"ok","-"
"local_shell_d10","local_shell",10,27,408628,"UN-MCCD",1,1,1,1,10,-1,"ok","-"
"local_shell_d10","local_shell",10,27,408628,"SUN-MCCD",1,1,1,1,10,-1,"ok","-"
"local_shell_d10","local_shell",10,27,408628,"LOF",1,1,1,1,10,-1,"ok","-"
"local_shell_d10","local_shell",10,27,408628,"DBSCAN",1,1,1,1,10,-1,"ok","-"
"local_shell_d10","local_shell",10,27,408628,"MST",0.9,0.931216931216931,0.915608465608466,0.725806451612903,22,-1,"ok","-"
"local_shell_d10","local_shell",10,27,408628,"ODIN",1,0.984126984126984,0.992063492063492,0.943396226415094,13,-1,"ok","-"
"local_shell_d10","local_shell",10,27,408628,"iForest",0.7,1,0.85,0.74468085106383,7,-1,"ok","-"
"local_shell_d10","local_shell",10,28,408629,"U-MCCD",1,0.994708994708995,0.997354497354497,0.980392156862745,11,-1,"ok","-"
"local_shell_d10","local_shell",10,28,408629,"SU-MCCD",1,0.994708994708995,0.997354497354497,0.980392156862745,11,-1,"ok","-"
"local_shell_d10","local_shell",10,28,408629,"UN-MCCD",1,0.994708994708995,0.997354497354497,0.980392156862745,11,-1,"ok","-"
"local_shell_d10","local_shell",10,28,408629,"SUN-MCCD",1,1,1,1,10,-1,"ok","-"
"local_shell_d10","local_shell",10,28,408629,"LOF",1,1,1,1,10,-1,"ok","-"
"local_shell_d10","local_shell",10,28,408629,"DBSCAN",1,1,1,1,10,-1,"ok","-"
"local_shell_d10","local_shell",10,28,408629,"MST",0.9,0.899470899470899,0.89973544973545,0.661764705882353,28,-1,"ok","-"
"local_shell_d10","local_shell",10,28,408629,"ODIN",1,0.968253968253968,0.984126984126984,0.892857142857143,16,-1,"ok","-"
"local_shell_d10","local_shell",10,28,408629,"iForest",1,1,1,1,10,-1,"ok","-"
"local_shell_d10","local_shell",10,29,408630,"U-MCCD",1,0.973544973544973,0.986772486772487,0.909090909090909,15,-1,"ok","-"
"local_shell_d10","local_shell",10,29,408630,"SU-MCCD",1,0.994708994708995,0.997354497354497,0.980392156862745,11,-1,"ok","-"
"local_shell_d10","local_shell",10,29,408630,"UN-MCCD",1,1,1,1,10,-1,"ok","-"
"local_shell_d10","local_shell",10,29,408630,"SUN-MCCD",1,1,1,1,10,-1,"ok","-"
"local_shell_d10","local_shell",10,29,408630,"LOF",1,1,1,1,10,-1,"ok","-"
"local_shell_d10","local_shell",10,29,408630,"DBSCAN",0.8,1,0.9,0.833333333333333,8,-1,"ok","-"
"local_shell_d10","local_shell",10,29,408630,"MST",0.9,0.915343915343915,0.907671957671958,0.692307692307692,25,-1,"ok","-"
"local_shell_d10","local_shell",10,29,408630,"ODIN",1,0.984126984126984,0.992063492063492,0.943396226415094,13,-1,"ok","-"
"local_shell_d10","local_shell",10,29,408630,"iForest",0.8,1,0.9,0.833333333333333,8,-1,"ok","-"
"local_shell_d10","local_shell",10,30,408631,"U-MCCD",1,1,1,1,10,-1,"ok","-"
"local_shell_d10","local_shell",10,30,408631,"SU-MCCD",1,1,1,1,10,-1,"ok","-"
"local_shell_d10","local_shell",10,30,408631,"UN-MCCD",1,1,1,1,10,-1,"ok","-"
"local_shell_d10","local_shell",10,30,408631,"SUN-MCCD",1,1,1,1,10,-1,"ok","-"
"local_shell_d10","local_shell",10,30,408631,"LOF",1,1,1,1,10,-1,"ok","-"
"local_shell_d10","local_shell",10,30,408631,"DBSCAN",1,1,1,1,10,-1,"ok","-"
"local_shell_d10","local_shell",10,30,408631,"MST",0.9,0.894179894179894,0.897089947089947,0.652173913043478,29,-1,"ok","-"
"local_shell_d10","local_shell",10,30,408631,"ODIN",1,0.978835978835979,0.989417989417989,0.925925925925926,14,-1,"ok","-"
"local_shell_d10","local_shell",10,30,408631,"iForest",0.9,1,0.95,0.918367346938775,9,-1,"ok","-"
"local_shell_d10","local_shell",10,31,408632,"U-MCCD",1,0.994708994708995,0.997354497354497,0.980392156862745,11,-1,"ok","-"
"local_shell_d10","local_shell",10,31,408632,"SU-MCCD",1,0.989417989417989,0.994708994708995,0.961538461538461,12,-1,"ok","-"
"local_shell_d10","local_shell",10,31,408632,"UN-MCCD",1,1,1,1,10,-1,"ok","-"
"local_shell_d10","local_shell",10,31,408632,"SUN-MCCD",1,1,1,1,10,-1,"ok","-"
"local_shell_d10","local_shell",10,31,408632,"LOF",1,1,1,1,10,-1,"ok","-"
"local_shell_d10","local_shell",10,31,408632,"DBSCAN",1,1,1,1,10,-1,"ok","-"
"local_shell_d10","local_shell",10,31,408632,"MST",0.8,0.947089947089947,0.873544973544974,0.689655172413793,18,-1,"ok","-"
"local_shell_d10","local_shell",10,31,408632,"ODIN",1,0.989417989417989,0.994708994708995,0.961538461538461,12,-1,"ok","-"
"local_shell_d10","local_shell",10,31,408632,"iForest",0.9,1,0.95,0.918367346938775,9,-1,"ok","-"
"local_shell_d10","local_shell",10,32,408633,"U-MCCD",1,0.947089947089947,0.973544973544973,0.833333333333333,20,-1,"ok","-"
"local_shell_d10","local_shell",10,32,408633,"SU-MCCD",1,0.994708994708995,0.997354497354497,0.980392156862745,11,-1,"ok","-"
"local_shell_d10","local_shell",10,32,408633,"UN-MCCD",1,0.994708994708995,0.997354497354497,0.980392156862745,11,-1,"ok","-"
"local_shell_d10","local_shell",10,32,408633,"SUN-MCCD",1,0.994708994708995,0.997354497354497,0.980392156862745,11,-1,"ok","-"
"local_shell_d10","local_shell",10,32,408633,"LOF",1,1,1,1,10,-1,"ok","-"
"local_shell_d10","local_shell",10,32,408633,"DBSCAN",1,1,1,1,10,-1,"ok","-"
"local_shell_d10","local_shell",10,32,408633,"MST",0.9,0.947089947089947,0.923544973544974,0.76271186440678,19,-1,"ok","-"
"local_shell_d10","local_shell",10,32,408633,"ODIN",1,0.994708994708995,0.997354497354497,0.980392156862745,11,-1,"ok","-"
"local_shell_d10","local_shell",10,32,408633,"iForest",0.8,1,0.9,0.833333333333333,8,-1,"ok","-"
"local_shell_d10","local_shell",10,33,408634,"U-MCCD",1,0.989417989417989,0.994708994708995,0.961538461538461,12,-1,"ok","-"
"local_shell_d10","local_shell",10,33,408634,"SU-MCCD",1,1,1,1,10,-1,"ok","-"
"local_shell_d10","local_shell",10,33,408634,"UN-MCCD",1,1,1,1,10,-1,"ok","-"
"local_shell_d10","local_shell",10,33,408634,"SUN-MCCD",1,0.994708994708995,0.997354497354497,0.980392156862745,11,-1,"ok","-"
"local_shell_d10","local_shell",10,33,408634,"LOF",1,1,1,1,10,-1,"ok","-"
"local_shell_d10","local_shell",10,33,408634,"DBSCAN",1,1,1,1,10,-1,"ok","-"
"local_shell_d10","local_shell",10,33,408634,"MST",1,0.904761904761905,0.952380952380952,0.735294117647059,28,-1,"ok","-"
"local_shell_d10","local_shell",10,33,408634,"ODIN",1,0.968253968253968,0.984126984126984,0.892857142857143,16,-1,"ok","-"
"local_shell_d10","local_shell",10,33,408634,"iForest",0.9,1,0.95,0.918367346938775,9,-1,"ok","-"
"local_shell_d10","local_shell",10,34,408635,"U-MCCD",1,0.989417989417989,0.994708994708995,0.961538461538461,12,-1,"ok","-"
"local_shell_d10","local_shell",10,34,408635,"SU-MCCD",1,0.978835978835979,0.989417989417989,0.925925925925926,14,-1,"ok","-"
"local_shell_d10","local_shell",10,34,408635,"UN-MCCD",1,1,1,1,10,-1,"ok","-"
"local_shell_d10","local_shell",10,34,408635,"SUN-MCCD",1,0.989417989417989,0.994708994708995,0.961538461538461,12,-1,"ok","-"
"local_shell_d10","local_shell",10,34,408635,"LOF",1,1,1,1,10,-1,"ok","-"
"local_shell_d10","local_shell",10,34,408635,"DBSCAN",1,1,1,1,10,-1,"ok","-"
"local_shell_d10","local_shell",10,34,408635,"MST",0.9,0.920634920634921,0.91031746031746,0.703125,24,-1,"ok","-"
"local_shell_d10","local_shell",10,34,408635,"ODIN",1,0.984126984126984,0.992063492063492,0.943396226415094,13,-1,"ok","-"
"local_shell_d10","local_shell",10,34,408635,"iForest",0.9,1,0.95,0.918367346938775,9,-1,"ok","-"
"local_shell_d10","local_shell",10,35,408636,"U-MCCD",1,0.994708994708995,0.997354497354497,0.980392156862745,11,-1,"ok","-"
"local_shell_d10","local_shell",10,35,408636,"SU-MCCD",1,0.989417989417989,0.994708994708995,0.961538461538461,12,-1,"ok","-"
"local_shell_d10","local_shell",10,35,408636,"UN-MCCD",1,0.994708994708995,0.997354497354497,0.980392156862745,11,-1,"ok","-"
"local_shell_d10","local_shell",10,35,408636,"SUN-MCCD",1,0.994708994708995,0.997354497354497,0.980392156862745,11,-1,"ok","-"
"local_shell_d10","local_shell",10,35,408636,"LOF",1,1,1,1,10,-1,"ok","-"
"local_shell_d10","local_shell",10,35,408636,"DBSCAN",1,1,1,1,10,-1,"ok","-"
"local_shell_d10","local_shell",10,35,408636,"MST",1,0.915343915343915,0.957671957671958,0.757575757575758,26,-1,"ok","-"
"local_shell_d10","local_shell",10,35,408636,"ODIN",1,0.962962962962963,0.981481481481481,0.87719298245614,17,-1,"ok","-"
"local_shell_d10","local_shell",10,35,408636,"iForest",1,1,1,1,10,-1,"ok","-"
"local_shell_d10","local_shell",10,36,408637,"U-MCCD",1,0.994708994708995,0.997354497354497,0.980392156862745,11,-1,"ok","-"
"local_shell_d10","local_shell",10,36,408637,"SU-MCCD",1,1,1,1,10,-1,"ok","-"
"local_shell_d10","local_shell",10,36,408637,"UN-MCCD",1,1,1,1,10,-1,"ok","-"
"local_shell_d10","local_shell",10,36,408637,"SUN-MCCD",1,1,1,1,10,-1,"ok","-"
"local_shell_d10","local_shell",10,36,408637,"LOF",1,1,1,1,10,-1,"ok","-"
"local_shell_d10","local_shell",10,36,408637,"DBSCAN",1,1,1,1,10,-1,"ok","-"
"local_shell_d10","local_shell",10,36,408637,"MST",1,0.915343915343915,0.957671957671958,0.757575757575758,26,-1,"ok","-"
"local_shell_d10","local_shell",10,36,408637,"ODIN",1,0.978835978835979,0.989417989417989,0.925925925925926,14,-1,"ok","-"
"local_shell_d10","local_shell",10,36,408637,"iForest",0.9,1,0.95,0.918367346938775,9,-1,"ok","-"
"local_shell_d10","local_shell",10,37,408638,"U-MCCD",1,0.989417989417989,0.994708994708995,0.961538461538461,12,-1,"ok","-"
"local_shell_d10","local_shell",10,37,408638,"SU-MCCD",1,1,1,1,10,-1,"ok","-"
"local_shell_d10","local_shell",10,37,408638,"UN-MCCD",1,1,1,1,10,-1,"ok","-"
"local_shell_d10","local_shell",10,37,408638,"SUN-MCCD",1,0.989417989417989,0.994708994708995,0.961538461538461,12,-1,"ok","-"
"local_shell_d10","local_shell",10,37,408638,"LOF",1,1,1,1,10,-1,"ok","-"
"local_shell_d10","local_shell",10,37,408638,"DBSCAN",1,1,1,1,10,-1,"ok","-"
"local_shell_d10","local_shell",10,37,408638,"MST",1,0.894179894179894,0.947089947089947,0.714285714285714,30,-1,"ok","-"
"local_shell_d10","local_shell",10,37,408638,"ODIN",1,1,1,1,10,-1,"ok","-"
"local_shell_d10","local_shell",10,37,408638,"iForest",1,1,1,1,10,-1,"ok","-"
"local_shell_d10","local_shell",10,38,408639,"U-MCCD",1,0.989417989417989,0.994708994708995,0.961538461538461,12,-1,"ok","-"
"local_shell_d10","local_shell",10,38,408639,"SU-MCCD",1,1,1,1,10,-1,"ok","-"
"local_shell_d10","local_shell",10,38,408639,"UN-MCCD",1,1,1,1,10,-1,"ok","-"
"local_shell_d10","local_shell",10,38,408639,"SUN-MCCD",1,1,1,1,10,-1,"ok","-"
"local_shell_d10","local_shell",10,38,408639,"LOF",1,1,1,1,10,-1,"ok","-"
"local_shell_d10","local_shell",10,38,408639,"DBSCAN",1,1,1,1,10,-1,"ok","-"
"local_shell_d10","local_shell",10,38,408639,"MST",1,0.915343915343915,0.957671957671958,0.757575757575758,26,-1,"ok","-"
"local_shell_d10","local_shell",10,38,408639,"ODIN",1,0.978835978835979,0.989417989417989,0.925925925925926,14,-1,"ok","-"
"local_shell_d10","local_shell",10,38,408639,"iForest",1,1,1,1,10,-1,"ok","-"
"local_shell_d10","local_shell",10,39,408640,"U-MCCD",1,0.894179894179894,0.947089947089947,0.714285714285714,30,-1,"ok","-"
"local_shell_d10","local_shell",10,39,408640,"SU-MCCD",1,1,1,1,10,-1,"ok","-"
"local_shell_d10","local_shell",10,39,408640,"UN-MCCD",1,0.894179894179894,0.947089947089947,0.714285714285714,30,-1,"ok","-"
"local_shell_d10","local_shell",10,39,408640,"SUN-MCCD",1,1,1,1,10,-1,"ok","-"
"local_shell_d10","local_shell",10,39,408640,"LOF",1,1,1,1,10,-1,"ok","-"
"local_shell_d10","local_shell",10,39,408640,"DBSCAN",1,1,1,1,10,-1,"ok","-"
"local_shell_d10","local_shell",10,39,408640,"MST",0.9,0.91005291005291,0.905026455026455,0.681818181818182,26,-1,"ok","-"
"local_shell_d10","local_shell",10,39,408640,"ODIN",1,0.984126984126984,0.992063492063492,0.943396226415094,13,-1,"ok","-"
"local_shell_d10","local_shell",10,39,408640,"iForest",1,1,1,1,10,-1,"ok","-"
"local_shell_d10","local_shell",10,40,408641,"U-MCCD",1,0.957671957671958,0.978835978835979,0.862068965517241,18,-1,"ok","-"
"local_shell_d10","local_shell",10,40,408641,"SU-MCCD",1,0.994708994708995,0.997354497354497,0.980392156862745,11,-1,"ok","-"
"local_shell_d10","local_shell",10,40,408641,"UN-MCCD",1,0.973544973544973,0.986772486772487,0.909090909090909,15,-1,"ok","-"
"local_shell_d10","local_shell",10,40,408641,"SUN-MCCD",1,1,1,1,10,-1,"ok","-"
"local_shell_d10","local_shell",10,40,408641,"LOF",1,1,1,1,10,-1,"ok","-"
"local_shell_d10","local_shell",10,40,408641,"DBSCAN",1,1,1,1,10,-1,"ok","-"
"local_shell_d10","local_shell",10,40,408641,"MST",0.9,0.952380952380952,0.926190476190476,0.775862068965517,18,-1,"ok","-"
"local_shell_d10","local_shell",10,40,408641,"ODIN",1,0.978835978835979,0.989417989417989,0.925925925925926,14,-1,"ok","-"
"local_shell_d10","local_shell",10,40,408641,"iForest",1,1,1,1,10,-1,"ok","-"
"local_shell_d10","local_shell",10,41,408642,"U-MCCD",1,1,1,1,10,-1,"ok","-"
"local_shell_d10","local_shell",10,41,408642,"SU-MCCD",1,0.984126984126984,0.992063492063492,0.943396226415094,13,-1,"ok","-"
"local_shell_d10","local_shell",10,41,408642,"UN-MCCD",1,1,1,1,10,-1,"ok","-"
"local_shell_d10","local_shell",10,41,408642,"SUN-MCCD",1,1,1,1,10,-1,"ok","-"
"local_shell_d10","local_shell",10,41,408642,"LOF",1,1,1,1,10,-1,"ok","-"
"local_shell_d10","local_shell",10,41,408642,"DBSCAN",1,1,1,1,10,-1,"ok","-"
"local_shell_d10","local_shell",10,41,408642,"MST",0.8,0.941798941798942,0.870899470899471,0.677966101694915,19,-1,"ok","-"
"local_shell_d10","local_shell",10,41,408642,"ODIN",1,0.989417989417989,0.994708994708995,0.961538461538461,12,-1,"ok","-"
"local_shell_d10","local_shell",10,41,408642,"iForest",1,1,1,1,10,-1,"ok","-"
"local_shell_d10","local_shell",10,42,408643,"U-MCCD",1,1,1,1,10,-1,"ok","-"
"local_shell_d10","local_shell",10,42,408643,"SU-MCCD",1,0.994708994708995,0.997354497354497,0.980392156862745,11,-1,"ok","-"
"local_shell_d10","local_shell",10,42,408643,"UN-MCCD",1,0.989417989417989,0.994708994708995,0.961538461538461,12,-1,"ok","-"
"local_shell_d10","local_shell",10,42,408643,"SUN-MCCD",1,1,1,1,10,-1,"ok","-"
"local_shell_d10","local_shell",10,42,408643,"LOF",1,1,1,1,10,-1,"ok","-"
"local_shell_d10","local_shell",10,42,408643,"DBSCAN",1,1,1,1,10,-1,"ok","-"
"local_shell_d10","local_shell",10,42,408643,"MST",1,0.862433862433862,0.931216931216931,0.657894736842105,36,-1,"ok","-"
"local_shell_d10","local_shell",10,42,408643,"ODIN",1,0.962962962962963,0.981481481481481,0.87719298245614,17,-1,"ok","-"
"local_shell_d10","local_shell",10,42,408643,"iForest",0.9,1,0.95,0.918367346938775,9,-1,"ok","-"
"local_shell_d10","local_shell",10,43,408644,"U-MCCD",1,0.968253968253968,0.984126984126984,0.892857142857143,16,-1,"ok","-"
"local_shell_d10","local_shell",10,43,408644,"SU-MCCD",1,0.989417989417989,0.994708994708995,0.961538461538461,12,-1,"ok","-"
"local_shell_d10","local_shell",10,43,408644,"UN-MCCD",1,0.994708994708995,0.997354497354497,0.980392156862745,11,-1,"ok","-"
"local_shell_d10","local_shell",10,43,408644,"SUN-MCCD",1,0.994708994708995,0.997354497354497,0.980392156862745,11,-1,"ok","-"
"local_shell_d10","local_shell",10,43,408644,"LOF",1,1,1,1,10,-1,"ok","-"
"local_shell_d10","local_shell",10,43,408644,"DBSCAN",1,1,1,1,10,-1,"ok","-"
"local_shell_d10","local_shell",10,43,408644,"MST",1,0.851851851851852,0.925925925925926,0.641025641025641,38,-1,"ok","-"
"local_shell_d10","local_shell",10,43,408644,"ODIN",1,0.973544973544973,0.986772486772487,0.909090909090909,15,-1,"ok","-"
"local_shell_d10","local_shell",10,43,408644,"iForest",1,1,1,1,10,-1,"ok","-"
"local_shell_d10","local_shell",10,44,408645,"U-MCCD",1,0.989417989417989,0.994708994708995,0.961538461538461,12,-1,"ok","-"
"local_shell_d10","local_shell",10,44,408645,"SU-MCCD",1,1,1,1,10,-1,"ok","-"
"local_shell_d10","local_shell",10,44,408645,"UN-MCCD",1,0.973544973544973,0.986772486772487,0.909090909090909,15,-1,"ok","-"
"local_shell_d10","local_shell",10,44,408645,"SUN-MCCD",1,1,1,1,10,-1,"ok","-"
"local_shell_d10","local_shell",10,44,408645,"LOF",1,1,1,1,10,-1,"ok","-"
"local_shell_d10","local_shell",10,44,408645,"DBSCAN",1,1,1,1,10,-1,"ok","-"
"local_shell_d10","local_shell",10,44,408645,"MST",0.8,0.936507936507937,0.868253968253968,0.666666666666667,20,-1,"ok","-"
"local_shell_d10","local_shell",10,44,408645,"ODIN",1,0.994708994708995,0.997354497354497,0.980392156862745,11,-1,"ok","-"
"local_shell_d10","local_shell",10,44,408645,"iForest",0.8,1,0.9,0.833333333333333,8,-1,"ok","-"
"local_shell_d10","local_shell",10,45,408646,"U-MCCD",1,0.894179894179894,0.947089947089947,0.714285714285714,30,-1,"ok","-"
"local_shell_d10","local_shell",10,45,408646,"SU-MCCD",1,1,1,1,10,-1,"ok","-"
"local_shell_d10","local_shell",10,45,408646,"UN-MCCD",1,0.973544973544973,0.986772486772487,0.909090909090909,15,-1,"ok","-"
"local_shell_d10","local_shell",10,45,408646,"SUN-MCCD",1,0.989417989417989,0.994708994708995,0.961538461538461,12,-1,"ok","-"
"local_shell_d10","local_shell",10,45,408646,"LOF",1,1,1,1,10,-1,"ok","-"
"local_shell_d10","local_shell",10,45,408646,"DBSCAN",1,1,1,1,10,-1,"ok","-"
"local_shell_d10","local_shell",10,45,408646,"MST",0.8,0.899470899470899,0.84973544973545,0.597014925373134,27,-1,"ok","-"
"local_shell_d10","local_shell",10,45,408646,"ODIN",1,0.957671957671958,0.978835978835979,0.862068965517241,18,-1,"ok","-"
"local_shell_d10","local_shell",10,45,408646,"iForest",0.9,1,0.95,0.918367346938775,9,-1,"ok","-"
"local_shell_d10","local_shell",10,46,408647,"U-MCCD",1,0.984126984126984,0.992063492063492,0.943396226415094,13,-1,"ok","-"
"local_shell_d10","local_shell",10,46,408647,"SU-MCCD",1,0.984126984126984,0.992063492063492,0.943396226415094,13,-1,"ok","-"
"local_shell_d10","local_shell",10,46,408647,"UN-MCCD",1,1,1,1,10,-1,"ok","-"
"local_shell_d10","local_shell",10,46,408647,"SUN-MCCD",1,1,1,1,10,-1,"ok","-"
"local_shell_d10","local_shell",10,46,408647,"LOF",1,1,1,1,10,-1,"ok","-"
"local_shell_d10","local_shell",10,46,408647,"DBSCAN",1,1,1,1,10,-1,"ok","-"
"local_shell_d10","local_shell",10,46,408647,"MST",0.9,0.91005291005291,0.905026455026455,0.681818181818182,26,-1,"ok","-"
"local_shell_d10","local_shell",10,46,408647,"ODIN",1,0.968253968253968,0.984126984126984,0.892857142857143,16,-1,"ok","-"
"local_shell_d10","local_shell",10,46,408647,"iForest",1,1,1,1,10,-1,"ok","-"
"local_shell_d10","local_shell",10,47,408648,"U-MCCD",1,1,1,1,10,-1,"ok","-"
"local_shell_d10","local_shell",10,47,408648,"SU-MCCD",1,0.994708994708995,0.997354497354497,0.980392156862745,11,-1,"ok","-"
"local_shell_d10","local_shell",10,47,408648,"UN-MCCD",1,0.994708994708995,0.997354497354497,0.980392156862745,11,-1,"ok","-"
"local_shell_d10","local_shell",10,47,408648,"SUN-MCCD",1,0.994708994708995,0.997354497354497,0.980392156862745,11,-1,"ok","-"
"local_shell_d10","local_shell",10,47,408648,"LOF",1,1,1,1,10,-1,"ok","-"
"local_shell_d10","local_shell",10,47,408648,"DBSCAN",1,1,1,1,10,-1,"ok","-"
"local_shell_d10","local_shell",10,47,408648,"MST",1,0.931216931216931,0.965608465608466,0.793650793650793,23,-1,"ok","-"
"local_shell_d10","local_shell",10,47,408648,"ODIN",1,0.978835978835979,0.989417989417989,0.925925925925926,14,-1,"ok","-"
"local_shell_d10","local_shell",10,47,408648,"iForest",1,1,1,1,10,-1,"ok","-"
"local_shell_d10","local_shell",10,48,408649,"U-MCCD",1,0.973544973544973,0.986772486772487,0.909090909090909,15,-1,"ok","-"
"local_shell_d10","local_shell",10,48,408649,"SU-MCCD",1,0.994708994708995,0.997354497354497,0.980392156862745,11,-1,"ok","-"
"local_shell_d10","local_shell",10,48,408649,"UN-MCCD",1,0.973544973544973,0.986772486772487,0.909090909090909,15,-1,"ok","-"
"local_shell_d10","local_shell",10,48,408649,"SUN-MCCD",1,1,1,1,10,-1,"ok","-"
"local_shell_d10","local_shell",10,48,408649,"LOF",1,1,1,1,10,-1,"ok","-"
"local_shell_d10","local_shell",10,48,408649,"DBSCAN",1,1,1,1,10,-1,"ok","-"
"local_shell_d10","local_shell",10,48,408649,"MST",1,0.904761904761905,0.952380952380952,0.735294117647059,28,-1,"ok","-"
"local_shell_d10","local_shell",10,48,408649,"ODIN",1,0.984126984126984,0.992063492063492,0.943396226415094,13,-1,"ok","-"
"local_shell_d10","local_shell",10,48,408649,"iForest",1,1,1,1,10,-1,"ok","-"
"local_shell_d10","local_shell",10,49,408650,"U-MCCD",1,0.989417989417989,0.994708994708995,0.961538461538461,12,-1,"ok","-"
"local_shell_d10","local_shell",10,49,408650,"SU-MCCD",1,1,1,1,10,-1,"ok","-"
"local_shell_d10","local_shell",10,49,408650,"UN-MCCD",1,1,1,1,10,-1,"ok","-"
"local_shell_d10","local_shell",10,49,408650,"SUN-MCCD",1,1,1,1,10,-1,"ok","-"
"local_shell_d10","local_shell",10,49,408650,"LOF",1,1,1,1,10,-1,"ok","-"
"local_shell_d10","local_shell",10,49,408650,"DBSCAN",0.9,1,0.95,0.918367346938775,9,-1,"ok","-"
"local_shell_d10","local_shell",10,49,408650,"MST",1,0.936507936507937,0.968253968253968,0.806451612903226,22,-1,"ok","-"
"local_shell_d10","local_shell",10,49,408650,"ODIN",1,0.994708994708995,0.997354497354497,0.980392156862745,11,-1,"ok","-"
"local_shell_d10","local_shell",10,49,408650,"iForest",0.8,1,0.9,0.833333333333333,8,-1,"ok","-"
"local_shell_d10","local_shell",10,50,408651,"U-MCCD",1,1,1,1,10,-1,"ok","-"
"local_shell_d10","local_shell",10,50,408651,"SU-MCCD",1,1,1,1,10,-1,"ok","-"
"local_shell_d10","local_shell",10,50,408651,"UN-MCCD",1,0.994708994708995,0.997354497354497,0.980392156862745,11,-1,"ok","-"
"local_shell_d10","local_shell",10,50,408651,"SUN-MCCD",1,1,1,1,10,-1,"ok","-"
"local_shell_d10","local_shell",10,50,408651,"LOF",1,1,1,1,10,-1,"ok","-"
"local_shell_d10","local_shell",10,50,408651,"DBSCAN",1,1,1,1,10,-1,"ok","-"
"local_shell_d10","local_shell",10,50,408651,"MST",0.7,0.904761904761905,0.802380952380952,0.538461538461538,25,-1,"ok","-"
"local_shell_d10","local_shell",10,50,408651,"ODIN",1,0.989417989417989,0.994708994708995,0.961538461538461,12,-1,"ok","-"
"local_shell_d10","local_shell",10,50,408651,"iForest",0.9,1,0.95,0.918367346938775,9,-1,"ok","-"
"local_shell_d10","local_shell",10,51,408652,"U-MCCD",1,0.994708994708995,0.997354497354497,0.980392156862745,11,-1,"ok","-"
"local_shell_d10","local_shell",10,51,408652,"SU-MCCD",1,1,1,1,10,-1,"ok","-"
"local_shell_d10","local_shell",10,51,408652,"UN-MCCD",1,0.994708994708995,0.997354497354497,0.980392156862745,11,-1,"ok","-"
"local_shell_d10","local_shell",10,51,408652,"SUN-MCCD",1,1,1,1,10,-1,"ok","-"
"local_shell_d10","local_shell",10,51,408652,"LOF",1,1,1,1,10,-1,"ok","-"
"local_shell_d10","local_shell",10,51,408652,"DBSCAN",1,1,1,1,10,-1,"ok","-"
"local_shell_d10","local_shell",10,51,408652,"MST",0.9,0.936507936507937,0.918253968253968,0.737704918032787,21,-1,"ok","-"
"local_shell_d10","local_shell",10,51,408652,"ODIN",1,0.984126984126984,0.992063492063492,0.943396226415094,13,-1,"ok","-"
"local_shell_d10","local_shell",10,51,408652,"iForest",0.9,1,0.95,0.918367346938775,9,-1,"ok","-"
"local_shell_d10","local_shell",10,52,408653,"U-MCCD",1,0.957671957671958,0.978835978835979,0.862068965517241,18,-1,"ok","-"
"local_shell_d10","local_shell",10,52,408653,"SU-MCCD",1,0.978835978835979,0.989417989417989,0.925925925925926,14,-1,"ok","-"
"local_shell_d10","local_shell",10,52,408653,"UN-MCCD",1,0.978835978835979,0.989417989417989,0.925925925925926,14,-1,"ok","-"
"local_shell_d10","local_shell",10,52,408653,"SUN-MCCD",1,1,1,1,10,-1,"ok","-"
"local_shell_d10","local_shell",10,52,408653,"LOF",1,1,1,1,10,-1,"ok","-"
"local_shell_d10","local_shell",10,52,408653,"DBSCAN",1,1,1,1,10,-1,"ok","-"
"local_shell_d10","local_shell",10,52,408653,"MST",0.9,0.925925925925926,0.912962962962963,0.714285714285714,23,-1,"ok","-"
"local_shell_d10","local_shell",10,52,408653,"ODIN",1,0.978835978835979,0.989417989417989,0.925925925925926,14,-1,"ok","-"
"local_shell_d10","local_shell",10,52,408653,"iForest",1,1,1,1,10,-1,"ok","-"
"local_shell_d10","local_shell",10,53,408654,"U-MCCD",1,1,1,1,10,-1,"ok","-"
"local_shell_d10","local_shell",10,53,408654,"SU-MCCD",1,1,1,1,10,-1,"ok","-"
"local_shell_d10","local_shell",10,53,408654,"UN-MCCD",1,1,1,1,10,-1,"ok","-"
"local_shell_d10","local_shell",10,53,408654,"SUN-MCCD",1,1,1,1,10,-1,"ok","-"
"local_shell_d10","local_shell",10,53,408654,"LOF",1,1,1,1,10,-1,"ok","-"
"local_shell_d10","local_shell",10,53,408654,"DBSCAN",1,1,1,1,10,-1,"ok","-"
"local_shell_d10","local_shell",10,53,408654,"MST",1,0.899470899470899,0.94973544973545,0.72463768115942,29,-1,"ok","-"
"local_shell_d10","local_shell",10,53,408654,"ODIN",1,0.978835978835979,0.989417989417989,0.925925925925926,14,-1,"ok","-"
"local_shell_d10","local_shell",10,53,408654,"iForest",1,1,1,1,10,-1,"ok","-"
"local_shell_d10","local_shell",10,54,408655,"U-MCCD",1,0.994708994708995,0.997354497354497,0.980392156862745,11,-1,"ok","-"
"local_shell_d10","local_shell",10,54,408655,"SU-MCCD",1,0.978835978835979,0.989417989417989,0.925925925925926,14,-1,"ok","-"
"local_shell_d10","local_shell",10,54,408655,"UN-MCCD",1,0.994708994708995,0.997354497354497,0.980392156862745,11,-1,"ok","-"
"local_shell_d10","local_shell",10,54,408655,"SUN-MCCD",1,0.989417989417989,0.994708994708995,0.961538461538461,12,-1,"ok","-"
"local_shell_d10","local_shell",10,54,408655,"LOF",1,1,1,1,10,-1,"ok","-"
"local_shell_d10","local_shell",10,54,408655,"DBSCAN",1,1,1,1,10,-1,"ok","-"
"local_shell_d10","local_shell",10,54,408655,"MST",1,0.883597883597884,0.941798941798942,0.694444444444444,32,-1,"ok","-"
"local_shell_d10","local_shell",10,54,408655,"ODIN",1,0.973544973544973,0.986772486772487,0.909090909090909,15,-1,"ok","-"
"local_shell_d10","local_shell",10,54,408655,"iForest",0.9,1,0.95,0.918367346938775,9,-1,"ok","-"
"local_shell_d10","local_shell",10,55,408656,"U-MCCD",1,0.994708994708995,0.997354497354497,0.980392156862745,11,-1,"ok","-"
"local_shell_d10","local_shell",10,55,408656,"SU-MCCD",1,1,1,1,10,-1,"ok","-"
"local_shell_d10","local_shell",10,55,408656,"UN-MCCD",1,0.994708994708995,0.997354497354497,0.980392156862745,11,-1,"ok","-"
"local_shell_d10","local_shell",10,55,408656,"SUN-MCCD",1,1,1,1,10,-1,"ok","-"
"local_shell_d10","local_shell",10,55,408656,"LOF",1,1,1,1,10,-1,"ok","-"
"local_shell_d10","local_shell",10,55,408656,"DBSCAN",1,1,1,1,10,-1,"ok","-"
"local_shell_d10","local_shell",10,55,408656,"MST",0.9,0.888888888888889,0.894444444444444,0.642857142857143,30,-1,"ok","-"
"local_shell_d10","local_shell",10,55,408656,"ODIN",1,0.978835978835979,0.989417989417989,0.925925925925926,14,-1,"ok","-"
"local_shell_d10","local_shell",10,55,408656,"iForest",0.9,1,0.95,0.918367346938775,9,-1,"ok","-"
"local_shell_d10","local_shell",10,56,408657,"U-MCCD",1,0.957671957671958,0.978835978835979,0.862068965517241,18,-1,"ok","-"
"local_shell_d10","local_shell",10,56,408657,"SU-MCCD",1,0.941798941798942,0.970899470899471,0.819672131147541,21,-1,"ok","-"
"local_shell_d10","local_shell",10,56,408657,"UN-MCCD",1,0.989417989417989,0.994708994708995,0.961538461538461,12,-1,"ok","-"
"local_shell_d10","local_shell",10,56,408657,"SUN-MCCD",1,1,1,1,10,-1,"ok","-"
"local_shell_d10","local_shell",10,56,408657,"LOF",1,1,1,1,10,-1,"ok","-"
"local_shell_d10","local_shell",10,56,408657,"DBSCAN",1,1,1,1,10,-1,"ok","-"
"local_shell_d10","local_shell",10,56,408657,"MST",0.8,0.878306878306878,0.839153439153439,0.563380281690141,31,-1,"ok","-"
"local_shell_d10","local_shell",10,56,408657,"ODIN",1,0.978835978835979,0.989417989417989,0.925925925925926,14,-1,"ok","-"
"local_shell_d10","local_shell",10,56,408657,"iForest",1,1,1,1,10,-1,"ok","-"
"local_shell_d10","local_shell",10,57,408658,"U-MCCD",1,0.994708994708995,0.997354497354497,0.980392156862745,11,-1,"ok","-"
"local_shell_d10","local_shell",10,57,408658,"SU-MCCD",1,1,1,1,10,-1,"ok","-"
"local_shell_d10","local_shell",10,57,408658,"UN-MCCD",1,0.994708994708995,0.997354497354497,0.980392156862745,11,-1,"ok","-"
"local_shell_d10","local_shell",10,57,408658,"SUN-MCCD",1,1,1,1,10,-1,"ok","-"
"local_shell_d10","local_shell",10,57,408658,"LOF",1,1,1,1,10,-1,"ok","-"
"local_shell_d10","local_shell",10,57,408658,"DBSCAN",1,1,1,1,10,-1,"ok","-"
"local_shell_d10","local_shell",10,57,408658,"MST",1,0.878306878306878,0.939153439153439,0.684931506849315,33,-1,"ok","-"
"local_shell_d10","local_shell",10,57,408658,"ODIN",1,0.962962962962963,0.981481481481481,0.87719298245614,17,-1,"ok","-"
"local_shell_d10","local_shell",10,57,408658,"iForest",1,1,1,1,10,-1,"ok","-"
"local_shell_d10","local_shell",10,58,408659,"U-MCCD",1,1,1,1,10,-1,"ok","-"
"local_shell_d10","local_shell",10,58,408659,"SU-MCCD",1,1,1,1,10,-1,"ok","-"
"local_shell_d10","local_shell",10,58,408659,"UN-MCCD",1,1,1,1,10,-1,"ok","-"
"local_shell_d10","local_shell",10,58,408659,"SUN-MCCD",1,1,1,1,10,-1,"ok","-"
"local_shell_d10","local_shell",10,58,408659,"LOF",1,1,1,1,10,-1,"ok","-"
"local_shell_d10","local_shell",10,58,408659,"DBSCAN",1,1,1,1,10,-1,"ok","-"
"local_shell_d10","local_shell",10,58,408659,"MST",0.9,0.931216931216931,0.915608465608466,0.725806451612903,22,-1,"ok","-"
"local_shell_d10","local_shell",10,58,408659,"ODIN",1,0.962962962962963,0.981481481481481,0.87719298245614,17,-1,"ok","-"
"local_shell_d10","local_shell",10,58,408659,"iForest",1,1,1,1,10,-1,"ok","-"
"local_shell_d10","local_shell",10,59,408660,"U-MCCD",1,0.989417989417989,0.994708994708995,0.961538461538461,12,-1,"ok","-"
"local_shell_d10","local_shell",10,59,408660,"SU-MCCD",1,0.994708994708995,0.997354497354497,0.980392156862745,11,-1,"ok","-"
"local_shell_d10","local_shell",10,59,408660,"UN-MCCD",1,0.994708994708995,0.997354497354497,0.980392156862745,11,-1,"ok","-"
"local_shell_d10","local_shell",10,59,408660,"SUN-MCCD",1,0.994708994708995,0.997354497354497,0.980392156862745,11,-1,"ok","-"
"local_shell_d10","local_shell",10,59,408660,"LOF",1,1,1,1,10,-1,"ok","-"
"local_shell_d10","local_shell",10,59,408660,"DBSCAN",0.7,1,0.85,0.74468085106383,7,-1,"ok","-"
"local_shell_d10","local_shell",10,59,408660,"MST",0.9,0.904761904761905,0.902380952380952,0.671641791044776,27,-1,"ok","-"
"local_shell_d10","local_shell",10,59,408660,"ODIN",1,0.984126984126984,0.992063492063492,0.943396226415094,13,-1,"ok","-"
"local_shell_d10","local_shell",10,59,408660,"iForest",0.7,1,0.85,0.74468085106383,7,-1,"ok","-"
"local_shell_d10","local_shell",10,60,408661,"U-MCCD",1,0.984126984126984,0.992063492063492,0.943396226415094,13,-1,"ok","-"
"local_shell_d10","local_shell",10,60,408661,"SU-MCCD",1,1,1,1,10,-1,"ok","-"
"local_shell_d10","local_shell",10,60,408661,"UN-MCCD",1,1,1,1,10,-1,"ok","-"
"local_shell_d10","local_shell",10,60,408661,"SUN-MCCD",1,0.994708994708995,0.997354497354497,0.980392156862745,11,-1,"ok","-"
"local_shell_d10","local_shell",10,60,408661,"LOF",1,1,1,1,10,-1,"ok","-"
"local_shell_d10","local_shell",10,60,408661,"DBSCAN",1,1,1,1,10,-1,"ok","-"
"local_shell_d10","local_shell",10,60,408661,"MST",1,0.862433862433862,0.931216931216931,0.657894736842105,36,-1,"ok","-"
"local_shell_d10","local_shell",10,60,408661,"ODIN",1,0.989417989417989,0.994708994708995,0.961538461538461,12,-1,"ok","-"
"local_shell_d10","local_shell",10,60,408661,"iForest",1,1,1,1,10,-1,"ok","-"
"local_shell_d10","local_shell",10,61,408662,"U-MCCD",1,1,1,1,10,-1,"ok","-"
"local_shell_d10","local_shell",10,61,408662,"SU-MCCD",1,1,1,1,10,-1,"ok","-"
"local_shell_d10","local_shell",10,61,408662,"UN-MCCD",1,0.994708994708995,0.997354497354497,0.980392156862745,11,-1,"ok","-"
"local_shell_d10","local_shell",10,61,408662,"SUN-MCCD",1,1,1,1,10,-1,"ok","-"
"local_shell_d10","local_shell",10,61,408662,"LOF",1,1,1,1,10,-1,"ok","-"
"local_shell_d10","local_shell",10,61,408662,"DBSCAN",1,1,1,1,10,-1,"ok","-"
"local_shell_d10","local_shell",10,61,408662,"MST",0.8,0.915343915343915,0.857671957671958,0.625,24,-1,"ok","-"
"local_shell_d10","local_shell",10,61,408662,"ODIN",1,0.952380952380952,0.976190476190476,0.847457627118644,19,-1,"ok","-"
"local_shell_d10","local_shell",10,61,408662,"iForest",0.9,1,0.95,0.918367346938775,9,-1,"ok","-"
"local_shell_d10","local_shell",10,62,408663,"U-MCCD",1,0.994708994708995,0.997354497354497,0.980392156862745,11,-1,"ok","-"
"local_shell_d10","local_shell",10,62,408663,"SU-MCCD",1,1,1,1,10,-1,"ok","-"
"local_shell_d10","local_shell",10,62,408663,"UN-MCCD",1,1,1,1,10,-1,"ok","-"
"local_shell_d10","local_shell",10,62,408663,"SUN-MCCD",1,1,1,1,10,-1,"ok","-"
"local_shell_d10","local_shell",10,62,408663,"LOF",1,1,1,1,10,-1,"ok","-"
"local_shell_d10","local_shell",10,62,408663,"DBSCAN",1,1,1,1,10,-1,"ok","-"
"local_shell_d10","local_shell",10,62,408663,"MST",0.9,0.91005291005291,0.905026455026455,0.681818181818182,26,-1,"ok","-"
"local_shell_d10","local_shell",10,62,408663,"ODIN",1,0.978835978835979,0.989417989417989,0.925925925925926,14,-1,"ok","-"
"local_shell_d10","local_shell",10,62,408663,"iForest",1,1,1,1,10,-1,"ok","-"
"local_shell_d10","local_shell",10,63,408664,"U-MCCD",1,1,1,1,10,-1,"ok","-"
"local_shell_d10","local_shell",10,63,408664,"SU-MCCD",1,1,1,1,10,-1,"ok","-"
"local_shell_d10","local_shell",10,63,408664,"UN-MCCD",1,1,1,1,10,-1,"ok","-"
"local_shell_d10","local_shell",10,63,408664,"SUN-MCCD",1,1,1,1,10,-1,"ok","-"
"local_shell_d10","local_shell",10,63,408664,"LOF",1,1,1,1,10,-1,"ok","-"
"local_shell_d10","local_shell",10,63,408664,"DBSCAN",0.9,1,0.95,0.918367346938775,9,-1,"ok","-"
"local_shell_d10","local_shell",10,63,408664,"MST",1,0.915343915343915,0.957671957671958,0.757575757575758,26,-1,"ok","-"
"local_shell_d10","local_shell",10,63,408664,"ODIN",1,0.989417989417989,0.994708994708995,0.961538461538461,12,-1,"ok","-"
"local_shell_d10","local_shell",10,63,408664,"iForest",0.9,1,0.95,0.918367346938775,9,-1,"ok","-"
"local_shell_d10","local_shell",10,64,408665,"U-MCCD",1,0.994708994708995,0.997354497354497,0.980392156862745,11,-1,"ok","-"
"local_shell_d10","local_shell",10,64,408665,"SU-MCCD",1,1,1,1,10,-1,"ok","-"
"local_shell_d10","local_shell",10,64,408665,"UN-MCCD",1,1,1,1,10,-1,"ok","-"
"local_shell_d10","local_shell",10,64,408665,"SUN-MCCD",1,1,1,1,10,-1,"ok","-"
"local_shell_d10","local_shell",10,64,408665,"LOF",1,1,1,1,10,-1,"ok","-"
"local_shell_d10","local_shell",10,64,408665,"DBSCAN",1,1,1,1,10,-1,"ok","-"
"local_shell_d10","local_shell",10,64,408665,"MST",0.9,0.936507936507937,0.918253968253968,0.737704918032787,21,-1,"ok","-"
"local_shell_d10","local_shell",10,64,408665,"ODIN",1,0.973544973544973,0.986772486772487,0.909090909090909,15,-1,"ok","-"
"local_shell_d10","local_shell",10,64,408665,"iForest",1,1,1,1,10,-1,"ok","-"
"local_shell_d10","local_shell",10,65,408666,"U-MCCD",1,1,1,1,10,-1,"ok","-"
"local_shell_d10","local_shell",10,65,408666,"SU-MCCD",1,1,1,1,10,-1,"ok","-"
"local_shell_d10","local_shell",10,65,408666,"UN-MCCD",1,1,1,1,10,-1,"ok","-"
"local_shell_d10","local_shell",10,65,408666,"SUN-MCCD",1,0.994708994708995,0.997354497354497,0.980392156862745,11,-1,"ok","-"
"local_shell_d10","local_shell",10,65,408666,"LOF",1,1,1,1,10,-1,"ok","-"
"local_shell_d10","local_shell",10,65,408666,"DBSCAN",1,1,1,1,10,-1,"ok","-"
"local_shell_d10","local_shell",10,65,408666,"MST",1,0.920634920634921,0.96031746031746,0.769230769230769,25,-1,"ok","-"
"local_shell_d10","local_shell",10,65,408666,"ODIN",1,0.994708994708995,0.997354497354497,0.980392156862745,11,-1,"ok","-"
"local_shell_d10","local_shell",10,65,408666,"iForest",1,1,1,1,10,-1,"ok","-"
"local_shell_d10","local_shell",10,66,408667,"U-MCCD",1,0.994708994708995,0.997354497354497,0.980392156862745,11,-1,"ok","-"
"local_shell_d10","local_shell",10,66,408667,"SU-MCCD",1,0.994708994708995,0.997354497354497,0.980392156862745,11,-1,"ok","-"
"local_shell_d10","local_shell",10,66,408667,"UN-MCCD",1,0.994708994708995,0.997354497354497,0.980392156862745,11,-1,"ok","-"
"local_shell_d10","local_shell",10,66,408667,"SUN-MCCD",1,0.989417989417989,0.994708994708995,0.961538461538461,12,-1,"ok","-"
"local_shell_d10","local_shell",10,66,408667,"LOF",1,1,1,1,10,-1,"ok","-"
"local_shell_d10","local_shell",10,66,408667,"DBSCAN",1,1,1,1,10,-1,"ok","-"
"local_shell_d10","local_shell",10,66,408667,"MST",1,0.920634920634921,0.96031746031746,0.769230769230769,25,-1,"ok","-"
"local_shell_d10","local_shell",10,66,408667,"ODIN",1,0.994708994708995,0.997354497354497,0.980392156862745,11,-1,"ok","-"
"local_shell_d10","local_shell",10,66,408667,"iForest",1,1,1,1,10,-1,"ok","-"
"local_shell_d10","local_shell",10,67,408668,"U-MCCD",1,0.899470899470899,0.94973544973545,0.72463768115942,29,-1,"ok","-"
"local_shell_d10","local_shell",10,67,408668,"SU-MCCD",1,0.978835978835979,0.989417989417989,0.925925925925926,14,-1,"ok","-"
"local_shell_d10","local_shell",10,67,408668,"UN-MCCD",1,1,1,1,10,-1,"ok","-"
"local_shell_d10","local_shell",10,67,408668,"SUN-MCCD",1,0.994708994708995,0.997354497354497,0.980392156862745,11,-1,"ok","-"
"local_shell_d10","local_shell",10,67,408668,"LOF",1,1,1,1,10,-1,"ok","-"
"local_shell_d10","local_shell",10,67,408668,"DBSCAN",1,1,1,1,10,-1,"ok","-"
"local_shell_d10","local_shell",10,67,408668,"MST",0.9,0.920634920634921,0.91031746031746,0.703125,24,-1,"ok","-"
"local_shell_d10","local_shell",10,67,408668,"ODIN",1,0.978835978835979,0.989417989417989,0.925925925925926,14,-1,"ok","-"
"local_shell_d10","local_shell",10,67,408668,"iForest",0.9,1,0.95,0.918367346938775,9,-1,"ok","-"
"local_shell_d10","local_shell",10,68,408669,"U-MCCD",1,1,1,1,10,-1,"ok","-"
"local_shell_d10","local_shell",10,68,408669,"SU-MCCD",1,1,1,1,10,-1,"ok","-"
"local_shell_d10","local_shell",10,68,408669,"UN-MCCD",1,1,1,1,10,-1,"ok","-"
"local_shell_d10","local_shell",10,68,408669,"SUN-MCCD",1,1,1,1,10,-1,"ok","-"
"local_shell_d10","local_shell",10,68,408669,"LOF",1,1,1,1,10,-1,"ok","-"
"local_shell_d10","local_shell",10,68,408669,"DBSCAN",1,1,1,1,10,-1,"ok","-"
"local_shell_d10","local_shell",10,68,408669,"MST",0.9,0.941798941798942,0.920899470899471,0.75,20,-1,"ok","-"
"local_shell_d10","local_shell",10,68,408669,"ODIN",1,0.994708994708995,0.997354497354497,0.980392156862745,11,-1,"ok","-"
"local_shell_d10","local_shell",10,68,408669,"iForest",1,1,1,1,10,-1,"ok","-"
"local_shell_d10","local_shell",10,69,408670,"U-MCCD",1,1,1,1,10,-1,"ok","-"
"local_shell_d10","local_shell",10,69,408670,"SU-MCCD",1,1,1,1,10,-1,"ok","-"
"local_shell_d10","local_shell",10,69,408670,"UN-MCCD",1,0.989417989417989,0.994708994708995,0.961538461538461,12,-1,"ok","-"
"local_shell_d10","local_shell",10,69,408670,"SUN-MCCD",1,0.994708994708995,0.997354497354497,0.980392156862745,11,-1,"ok","-"
"local_shell_d10","local_shell",10,69,408670,"LOF",1,1,1,1,10,-1,"ok","-"
"local_shell_d10","local_shell",10,69,408670,"DBSCAN",1,1,1,1,10,-1,"ok","-"
"local_shell_d10","local_shell",10,69,408670,"MST",0.9,0.920634920634921,0.91031746031746,0.703125,24,-1,"ok","-"
"local_shell_d10","local_shell",10,69,408670,"ODIN",1,0.947089947089947,0.973544973544973,0.833333333333333,20,-1,"ok","-"
"local_shell_d10","local_shell",10,69,408670,"iForest",0.9,1,0.95,0.918367346938775,9,-1,"ok","-"
"local_shell_d10","local_shell",10,70,408671,"U-MCCD",1,0.989417989417989,0.994708994708995,0.961538461538461,12,-1,"ok","-"
"local_shell_d10","local_shell",10,70,408671,"SU-MCCD",1,0.994708994708995,0.997354497354497,0.980392156862745,11,-1,"ok","-"
"local_shell_d10","local_shell",10,70,408671,"UN-MCCD",1,0.989417989417989,0.994708994708995,0.961538461538461,12,-1,"ok","-"
"local_shell_d10","local_shell",10,70,408671,"SUN-MCCD",1,1,1,1,10,-1,"ok","-"
"local_shell_d10","local_shell",10,70,408671,"LOF",1,1,1,1,10,-1,"ok","-"
"local_shell_d10","local_shell",10,70,408671,"DBSCAN",1,1,1,1,10,-1,"ok","-"
"local_shell_d10","local_shell",10,70,408671,"MST",0.9,0.920634920634921,0.91031746031746,0.703125,24,-1,"ok","-"
"local_shell_d10","local_shell",10,70,408671,"ODIN",1,0.952380952380952,0.976190476190476,0.847457627118644,19,-1,"ok","-"
"local_shell_d10","local_shell",10,70,408671,"iForest",1,1,1,1,10,-1,"ok","-"
"local_shell_d10","local_shell",10,71,408672,"U-MCCD",1,0.957671957671958,0.978835978835979,0.862068965517241,18,-1,"ok","-"
"local_shell_d10","local_shell",10,71,408672,"SU-MCCD",1,0.994708994708995,0.997354497354497,0.980392156862745,11,-1,"ok","-"
"local_shell_d10","local_shell",10,71,408672,"UN-MCCD",1,0.994708994708995,0.997354497354497,0.980392156862745,11,-1,"ok","-"
"local_shell_d10","local_shell",10,71,408672,"SUN-MCCD",1,1,1,1,10,-1,"ok","-"
"local_shell_d10","local_shell",10,71,408672,"LOF",1,1,1,1,10,-1,"ok","-"
"local_shell_d10","local_shell",10,71,408672,"DBSCAN",1,1,1,1,10,-1,"ok","-"
"local_shell_d10","local_shell",10,71,408672,"MST",0.9,0.91005291005291,0.905026455026455,0.681818181818182,26,-1,"ok","-"
"local_shell_d10","local_shell",10,71,408672,"ODIN",1,0.978835978835979,0.989417989417989,0.925925925925926,14,-1,"ok","-"
"local_shell_d10","local_shell",10,71,408672,"iForest",1,1,1,1,10,-1,"ok","-"
"local_shell_d10","local_shell",10,72,408673,"U-MCCD",1,0.957671957671958,0.978835978835979,0.862068965517241,18,-1,"ok","-"
"local_shell_d10","local_shell",10,72,408673,"SU-MCCD",1,0.994708994708995,0.997354497354497,0.980392156862745,11,-1,"ok","-"
"local_shell_d10","local_shell",10,72,408673,"UN-MCCD",1,0.989417989417989,0.994708994708995,0.961538461538461,12,-1,"ok","-"
"local_shell_d10","local_shell",10,72,408673,"SUN-MCCD",1,1,1,1,10,-1,"ok","-"
"local_shell_d10","local_shell",10,72,408673,"LOF",1,1,1,1,10,-1,"ok","-"
"local_shell_d10","local_shell",10,72,408673,"DBSCAN",1,1,1,1,10,-1,"ok","-"
"local_shell_d10","local_shell",10,72,408673,"MST",0.9,0.925925925925926,0.912962962962963,0.714285714285714,23,-1,"ok","-"
"local_shell_d10","local_shell",10,72,408673,"ODIN",1,0.968253968253968,0.984126984126984,0.892857142857143,16,-1,"ok","-"
"local_shell_d10","local_shell",10,72,408673,"iForest",0.9,1,0.95,0.918367346938775,9,-1,"ok","-"
"local_shell_d10","local_shell",10,73,408674,"U-MCCD",1,1,1,1,10,-1,"ok","-"
"local_shell_d10","local_shell",10,73,408674,"SU-MCCD",1,0.994708994708995,0.997354497354497,0.980392156862745,11,-1,"ok","-"
"local_shell_d10","local_shell",10,73,408674,"UN-MCCD",1,1,1,1,10,-1,"ok","-"
"local_shell_d10","local_shell",10,73,408674,"SUN-MCCD",1,1,1,1,10,-1,"ok","-"
"local_shell_d10","local_shell",10,73,408674,"LOF",1,1,1,1,10,-1,"ok","-"
"local_shell_d10","local_shell",10,73,408674,"DBSCAN",1,1,1,1,10,-1,"ok","-"
"local_shell_d10","local_shell",10,73,408674,"MST",0.8,0.883597883597884,0.841798941798942,0.571428571428571,30,-1,"ok","-"
"local_shell_d10","local_shell",10,73,408674,"ODIN",1,0.978835978835979,0.989417989417989,0.925925925925926,14,-1,"ok","-"
"local_shell_d10","local_shell",10,73,408674,"iForest",0.9,1,0.95,0.918367346938775,9,-1,"ok","-"
"local_shell_d10","local_shell",10,74,408675,"U-MCCD",1,0.814814814814815,0.907407407407407,0.588235294117647,45,-1,"ok","-"
"local_shell_d10","local_shell",10,74,408675,"SU-MCCD",1,0.984126984126984,0.992063492063492,0.943396226415094,13,-1,"ok","-"
"local_shell_d10","local_shell",10,74,408675,"UN-MCCD",1,0.989417989417989,0.994708994708995,0.961538461538461,12,-1,"ok","-"
"local_shell_d10","local_shell",10,74,408675,"SUN-MCCD",1,1,1,1,10,-1,"ok","-"
"local_shell_d10","local_shell",10,74,408675,"LOF",1,1,1,1,10,-1,"ok","-"
"local_shell_d10","local_shell",10,74,408675,"DBSCAN",1,1,1,1,10,-1,"ok","-"
"local_shell_d10","local_shell",10,74,408675,"MST",0.9,0.888888888888889,0.894444444444444,0.642857142857143,30,-1,"ok","-"
"local_shell_d10","local_shell",10,74,408675,"ODIN",1,0.973544973544973,0.986772486772487,0.909090909090909,15,-1,"ok","-"
"local_shell_d10","local_shell",10,74,408675,"iForest",1,1,1,1,10,-1,"ok","-"
"local_shell_d10","local_shell",10,75,408676,"U-MCCD",1,0.978835978835979,0.989417989417989,0.925925925925926,14,-1,"ok","-"
"local_shell_d10","local_shell",10,75,408676,"SU-MCCD",1,0.994708994708995,0.997354497354497,0.980392156862745,11,-1,"ok","-"
"local_shell_d10","local_shell",10,75,408676,"UN-MCCD",1,0.994708994708995,0.997354497354497,0.980392156862745,11,-1,"ok","-"
"local_shell_d10","local_shell",10,75,408676,"SUN-MCCD",1,1,1,1,10,-1,"ok","-"
"local_shell_d10","local_shell",10,75,408676,"LOF",1,1,1,1,10,-1,"ok","-"
"local_shell_d10","local_shell",10,75,408676,"DBSCAN",1,1,1,1,10,-1,"ok","-"
"local_shell_d10","local_shell",10,75,408676,"MST",1,0.883597883597884,0.941798941798942,0.694444444444444,32,-1,"ok","-"
"local_shell_d10","local_shell",10,75,408676,"ODIN",1,0.947089947089947,0.973544973544973,0.833333333333333,20,-1,"ok","-"
"local_shell_d10","local_shell",10,75,408676,"iForest",1,1,1,1,10,-1,"ok","-"
"local_shell_d10","local_shell",10,76,408677,"U-MCCD",1,0.994708994708995,0.997354497354497,0.980392156862745,11,-1,"ok","-"
"local_shell_d10","local_shell",10,76,408677,"SU-MCCD",1,0.994708994708995,0.997354497354497,0.980392156862745,11,-1,"ok","-"
"local_shell_d10","local_shell",10,76,408677,"UN-MCCD",1,0.994708994708995,0.997354497354497,0.980392156862745,11,-1,"ok","-"
"local_shell_d10","local_shell",10,76,408677,"SUN-MCCD",1,1,1,1,10,-1,"ok","-"
"local_shell_d10","local_shell",10,76,408677,"LOF",1,1,1,1,10,-1,"ok","-"
"local_shell_d10","local_shell",10,76,408677,"DBSCAN",1,1,1,1,10,-1,"ok","-"
"local_shell_d10","local_shell",10,76,408677,"MST",1,0.952380952380952,0.976190476190476,0.847457627118644,19,-1,"ok","-"
"local_shell_d10","local_shell",10,76,408677,"ODIN",1,0.973544973544973,0.986772486772487,0.909090909090909,15,-1,"ok","-"
"local_shell_d10","local_shell",10,76,408677,"iForest",1,1,1,1,10,-1,"ok","-"
"local_shell_d10","local_shell",10,77,408678,"U-MCCD",1,0.989417989417989,0.994708994708995,0.961538461538461,12,-1,"ok","-"
"local_shell_d10","local_shell",10,77,408678,"SU-MCCD",1,0.989417989417989,0.994708994708995,0.961538461538461,12,-1,"ok","-"
"local_shell_d10","local_shell",10,77,408678,"UN-MCCD",1,0.989417989417989,0.994708994708995,0.961538461538461,12,-1,"ok","-"
"local_shell_d10","local_shell",10,77,408678,"SUN-MCCD",1,1,1,1,10,-1,"ok","-"
"local_shell_d10","local_shell",10,77,408678,"LOF",1,1,1,1,10,-1,"ok","-"
"local_shell_d10","local_shell",10,77,408678,"DBSCAN",1,1,1,1,10,-1,"ok","-"
"local_shell_d10","local_shell",10,77,408678,"MST",0.9,0.920634920634921,0.91031746031746,0.703125,24,-1,"ok","-"
"local_shell_d10","local_shell",10,77,408678,"ODIN",1,0.968253968253968,0.984126984126984,0.892857142857143,16,-1,"ok","-"
"local_shell_d10","local_shell",10,77,408678,"iForest",1,1,1,1,10,-1,"ok","-"
"local_shell_d10","local_shell",10,78,408679,"U-MCCD",1,0.994708994708995,0.997354497354497,0.980392156862745,11,-1,"ok","-"
"local_shell_d10","local_shell",10,78,408679,"SU-MCCD",1,1,1,1,10,-1,"ok","-"
"local_shell_d10","local_shell",10,78,408679,"UN-MCCD",1,0.989417989417989,0.994708994708995,0.961538461538461,12,-1,"ok","-"
"local_shell_d10","local_shell",10,78,408679,"SUN-MCCD",1,0.994708994708995,0.997354497354497,0.980392156862745,11,-1,"ok","-"
"local_shell_d10","local_shell",10,78,408679,"LOF",1,1,1,1,10,-1,"ok","-"
"local_shell_d10","local_shell",10,78,408679,"DBSCAN",0.9,1,0.95,0.918367346938775,9,-1,"ok","-"
"local_shell_d10","local_shell",10,78,408679,"MST",0.9,0.894179894179894,0.897089947089947,0.652173913043478,29,-1,"ok","-"
"local_shell_d10","local_shell",10,78,408679,"ODIN",1,0.978835978835979,0.989417989417989,0.925925925925926,14,-1,"ok","-"
"local_shell_d10","local_shell",10,78,408679,"iForest",0.7,1,0.85,0.74468085106383,7,-1,"ok","-"
"local_shell_d10","local_shell",10,79,408680,"U-MCCD",1,0.994708994708995,0.997354497354497,0.980392156862745,11,-1,"ok","-"
"local_shell_d10","local_shell",10,79,408680,"SU-MCCD",1,0.989417989417989,0.994708994708995,0.961538461538461,12,-1,"ok","-"
"local_shell_d10","local_shell",10,79,408680,"UN-MCCD",1,1,1,1,10,-1,"ok","-"
"local_shell_d10","local_shell",10,79,408680,"SUN-MCCD",1,1,1,1,10,-1,"ok","-"
"local_shell_d10","local_shell",10,79,408680,"LOF",1,1,1,1,10,-1,"ok","-"
"local_shell_d10","local_shell",10,79,408680,"DBSCAN",1,1,1,1,10,-1,"ok","-"
"local_shell_d10","local_shell",10,79,408680,"MST",0.9,0.915343915343915,0.907671957671958,0.692307692307692,25,-1,"ok","-"
"local_shell_d10","local_shell",10,79,408680,"ODIN",1,0.978835978835979,0.989417989417989,0.925925925925926,14,-1,"ok","-"
"local_shell_d10","local_shell",10,79,408680,"iForest",0.9,1,0.95,0.918367346938775,9,-1,"ok","-"
"local_shell_d10","local_shell",10,80,408681,"U-MCCD",1,0.957671957671958,0.978835978835979,0.862068965517241,18,-1,"ok","-"
"local_shell_d10","local_shell",10,80,408681,"SU-MCCD",1,0.936507936507937,0.968253968253968,0.806451612903226,22,-1,"ok","-"
"local_shell_d10","local_shell",10,80,408681,"UN-MCCD",1,0.984126984126984,0.992063492063492,0.943396226415094,13,-1,"ok","-"
"local_shell_d10","local_shell",10,80,408681,"SUN-MCCD",1,1,1,1,10,-1,"ok","-"
"local_shell_d10","local_shell",10,80,408681,"LOF",1,1,1,1,10,-1,"ok","-"
"local_shell_d10","local_shell",10,80,408681,"DBSCAN",1,1,1,1,10,-1,"ok","-"
"local_shell_d10","local_shell",10,80,408681,"MST",0.8,0.894179894179894,0.847089947089947,0.588235294117647,28,-1,"ok","-"
"local_shell_d10","local_shell",10,80,408681,"ODIN",1,0.989417989417989,0.994708994708995,0.961538461538461,12,-1,"ok","-"
"local_shell_d10","local_shell",10,80,408681,"iForest",1,1,1,1,10,-1,"ok","-"
"local_shell_d10","local_shell",10,81,408682,"U-MCCD",1,0.989417989417989,0.994708994708995,0.961538461538461,12,-1,"ok","-"
"local_shell_d10","local_shell",10,81,408682,"SU-MCCD",1,0.994708994708995,0.997354497354497,0.980392156862745,11,-1,"ok","-"
"local_shell_d10","local_shell",10,81,408682,"UN-MCCD",1,0.989417989417989,0.994708994708995,0.961538461538461,12,-1,"ok","-"
"local_shell_d10","local_shell",10,81,408682,"SUN-MCCD",1,1,1,1,10,-1,"ok","-"
"local_shell_d10","local_shell",10,81,408682,"LOF",1,1,1,1,10,-1,"ok","-"
"local_shell_d10","local_shell",10,81,408682,"DBSCAN",1,1,1,1,10,-1,"ok","-"
"local_shell_d10","local_shell",10,81,408682,"MST",0.9,0.947089947089947,0.923544973544974,0.76271186440678,19,-1,"ok","-"
"local_shell_d10","local_shell",10,81,408682,"ODIN",1,0.957671957671958,0.978835978835979,0.862068965517241,18,-1,"ok","-"
"local_shell_d10","local_shell",10,81,408682,"iForest",1,1,1,1,10,-1,"ok","-"
"local_shell_d10","local_shell",10,82,408683,"U-MCCD",1,0.91005291005291,0.955026455026455,0.746268656716418,27,-1,"ok","-"
"local_shell_d10","local_shell",10,82,408683,"SU-MCCD",1,0.989417989417989,0.994708994708995,0.961538461538461,12,-1,"ok","-"
"local_shell_d10","local_shell",10,82,408683,"UN-MCCD",1,0.989417989417989,0.994708994708995,0.961538461538461,12,-1,"ok","-"
"local_shell_d10","local_shell",10,82,408683,"SUN-MCCD",1,0.994708994708995,0.997354497354497,0.980392156862745,11,-1,"ok","-"
"local_shell_d10","local_shell",10,82,408683,"LOF",1,1,1,1,10,-1,"ok","-"
"local_shell_d10","local_shell",10,82,408683,"DBSCAN",1,1,1,1,10,-1,"ok","-"
"local_shell_d10","local_shell",10,82,408683,"MST",0.9,0.904761904761905,0.902380952380952,0.671641791044776,27,-1,"ok","-"
"local_shell_d10","local_shell",10,82,408683,"ODIN",1,0.989417989417989,0.994708994708995,0.961538461538461,12,-1,"ok","-"
"local_shell_d10","local_shell",10,82,408683,"iForest",1,1,1,1,10,-1,"ok","-"
"local_shell_d10","local_shell",10,83,408684,"U-MCCD",1,0.973544973544973,0.986772486772487,0.909090909090909,15,-1,"ok","-"
"local_shell_d10","local_shell",10,83,408684,"SU-MCCD",1,1,1,1,10,-1,"ok","-"
"local_shell_d10","local_shell",10,83,408684,"UN-MCCD",1,0.994708994708995,0.997354497354497,0.980392156862745,11,-1,"ok","-"
"local_shell_d10","local_shell",10,83,408684,"SUN-MCCD",1,1,1,1,10,-1,"ok","-"
"local_shell_d10","local_shell",10,83,408684,"LOF",1,1,1,1,10,-1,"ok","-"
"local_shell_d10","local_shell",10,83,408684,"DBSCAN",1,1,1,1,10,-1,"ok","-"
"local_shell_d10","local_shell",10,83,408684,"MST",0.8,0.915343915343915,0.857671957671958,0.625,24,-1,"ok","-"
"local_shell_d10","local_shell",10,83,408684,"ODIN",1,0.984126984126984,0.992063492063492,0.943396226415094,13,-1,"ok","-"
"local_shell_d10","local_shell",10,83,408684,"iForest",1,1,1,1,10,-1,"ok","-"
"local_shell_d10","local_shell",10,84,408685,"U-MCCD",1,0.793650793650794,0.896825396825397,0.561797752808989,49,-1,"ok","-"
"local_shell_d10","local_shell",10,84,408685,"SU-MCCD",1,0.957671957671958,0.978835978835979,0.862068965517241,18,-1,"ok","-"
"local_shell_d10","local_shell",10,84,408685,"UN-MCCD",1,1,1,1,10,-1,"ok","-"
"local_shell_d10","local_shell",10,84,408685,"SUN-MCCD",1,0.989417989417989,0.994708994708995,0.961538461538461,12,-1,"ok","-"
"local_shell_d10","local_shell",10,84,408685,"LOF",1,1,1,1,10,-1,"ok","-"
"local_shell_d10","local_shell",10,84,408685,"DBSCAN",1,1,1,1,10,-1,"ok","-"
"local_shell_d10","local_shell",10,84,408685,"MST",0.9,0.962962962962963,0.931481481481481,0.803571428571428,16,-1,"ok","-"
"local_shell_d10","local_shell",10,84,408685,"ODIN",1,0.973544973544973,0.986772486772487,0.909090909090909,15,-1,"ok","-"
"local_shell_d10","local_shell",10,84,408685,"iForest",0.8,1,0.9,0.833333333333333,8,-1,"ok","-"
"local_shell_d10","local_shell",10,85,408686,"U-MCCD",1,0.925925925925926,0.962962962962963,0.78125,24,-1,"ok","-"
"local_shell_d10","local_shell",10,85,408686,"SU-MCCD",1,1,1,1,10,-1,"ok","-"
"local_shell_d10","local_shell",10,85,408686,"UN-MCCD",1,1,1,1,10,-1,"ok","-"
"local_shell_d10","local_shell",10,85,408686,"SUN-MCCD",1,1,1,1,10,-1,"ok","-"
"local_shell_d10","local_shell",10,85,408686,"LOF",1,1,1,1,10,-1,"ok","-"
"local_shell_d10","local_shell",10,85,408686,"DBSCAN",0.9,1,0.95,0.918367346938775,9,-1,"ok","-"
"local_shell_d10","local_shell",10,85,408686,"MST",0.9,0.888888888888889,0.894444444444444,0.642857142857143,30,-1,"ok","-"
"local_shell_d10","local_shell",10,85,408686,"ODIN",1,0.962962962962963,0.981481481481481,0.87719298245614,17,-1,"ok","-"
"local_shell_d10","local_shell",10,85,408686,"iForest",0.9,1,0.95,0.918367346938775,9,-1,"ok","-"
"local_shell_d10","local_shell",10,86,408687,"U-MCCD",1,0.994708994708995,0.997354497354497,0.980392156862745,11,-1,"ok","-"
"local_shell_d10","local_shell",10,86,408687,"SU-MCCD",1,0.994708994708995,0.997354497354497,0.980392156862745,11,-1,"ok","-"
"local_shell_d10","local_shell",10,86,408687,"UN-MCCD",1,1,1,1,10,-1,"ok","-"
"local_shell_d10","local_shell",10,86,408687,"SUN-MCCD",1,1,1,1,10,-1,"ok","-"
"local_shell_d10","local_shell",10,86,408687,"LOF",1,1,1,1,10,-1,"ok","-"
"local_shell_d10","local_shell",10,86,408687,"DBSCAN",1,1,1,1,10,-1,"ok","-"
"local_shell_d10","local_shell",10,86,408687,"MST",0.9,0.936507936507937,0.918253968253968,0.737704918032787,21,-1,"ok","-"
"local_shell_d10","local_shell",10,86,408687,"ODIN",1,0.968253968253968,0.984126984126984,0.892857142857143,16,-1,"ok","-"
"local_shell_d10","local_shell",10,86,408687,"iForest",1,1,1,1,10,-1,"ok","-"
"local_shell_d10","local_shell",10,87,408688,"U-MCCD",1,1,1,1,10,-1,"ok","-"
"local_shell_d10","local_shell",10,87,408688,"SU-MCCD",1,0.994708994708995,0.997354497354497,0.980392156862745,11,-1,"ok","-"
"local_shell_d10","local_shell",10,87,408688,"UN-MCCD",1,1,1,1,10,-1,"ok","-"
"local_shell_d10","local_shell",10,87,408688,"SUN-MCCD",1,0.994708994708995,0.997354497354497,0.980392156862745,11,-1,"ok","-"
"local_shell_d10","local_shell",10,87,408688,"LOF",1,1,1,1,10,-1,"ok","-"
"local_shell_d10","local_shell",10,87,408688,"DBSCAN",0.9,1,0.95,0.918367346938775,9,-1,"ok","-"
"local_shell_d10","local_shell",10,87,408688,"MST",0.9,0.846560846560847,0.873280423280423,0.576923076923077,38,-1,"ok","-"
"local_shell_d10","local_shell",10,87,408688,"ODIN",1,0.978835978835979,0.989417989417989,0.925925925925926,14,-1,"ok","-"
"local_shell_d10","local_shell",10,87,408688,"iForest",1,1,1,1,10,-1,"ok","-"
"local_shell_d10","local_shell",10,88,408689,"U-MCCD",1,1,1,1,10,-1,"ok","-"
"local_shell_d10","local_shell",10,88,408689,"SU-MCCD",1,0.994708994708995,0.997354497354497,0.980392156862745,11,-1,"ok","-"
"local_shell_d10","local_shell",10,88,408689,"UN-MCCD",1,0.994708994708995,0.997354497354497,0.980392156862745,11,-1,"ok","-"
"local_shell_d10","local_shell",10,88,408689,"SUN-MCCD",1,0.994708994708995,0.997354497354497,0.980392156862745,11,-1,"ok","-"
"local_shell_d10","local_shell",10,88,408689,"LOF",1,1,1,1,10,-1,"ok","-"
"local_shell_d10","local_shell",10,88,408689,"DBSCAN",0.9,1,0.95,0.918367346938775,9,-1,"ok","-"
"local_shell_d10","local_shell",10,88,408689,"MST",1,0.894179894179894,0.947089947089947,0.714285714285714,30,-1,"ok","-"
"local_shell_d10","local_shell",10,88,408689,"ODIN",1,1,1,1,10,-1,"ok","-"
"local_shell_d10","local_shell",10,88,408689,"iForest",0.8,1,0.9,0.833333333333333,8,-1,"ok","-"
"local_shell_d10","local_shell",10,89,408690,"U-MCCD",1,0.989417989417989,0.994708994708995,0.961538461538461,12,-1,"ok","-"
"local_shell_d10","local_shell",10,89,408690,"SU-MCCD",1,0.989417989417989,0.994708994708995,0.961538461538461,12,-1,"ok","-"
"local_shell_d10","local_shell",10,89,408690,"UN-MCCD",1,0.994708994708995,0.997354497354497,0.980392156862745,11,-1,"ok","-"
"local_shell_d10","local_shell",10,89,408690,"SUN-MCCD",1,1,1,1,10,-1,"ok","-"
"local_shell_d10","local_shell",10,89,408690,"LOF",1,1,1,1,10,-1,"ok","-"
"local_shell_d10","local_shell",10,89,408690,"DBSCAN",1,1,1,1,10,-1,"ok","-"
"local_shell_d10","local_shell",10,89,408690,"MST",0.9,0.857142857142857,0.878571428571429,0.592105263157895,36,-1,"ok","-"
"local_shell_d10","local_shell",10,89,408690,"ODIN",1,0.968253968253968,0.984126984126984,0.892857142857143,16,-1,"ok","-"
"local_shell_d10","local_shell",10,89,408690,"iForest",1,1,1,1,10,-1,"ok","-"
"local_shell_d10","local_shell",10,90,408691,"U-MCCD",1,1,1,1,10,-1,"ok","-"
"local_shell_d10","local_shell",10,90,408691,"SU-MCCD",1,1,1,1,10,-1,"ok","-"
"local_shell_d10","local_shell",10,90,408691,"UN-MCCD",1,1,1,1,10,-1,"ok","-"
"local_shell_d10","local_shell",10,90,408691,"SUN-MCCD",1,1,1,1,10,-1,"ok","-"
"local_shell_d10","local_shell",10,90,408691,"LOF",1,1,1,1,10,-1,"ok","-"
"local_shell_d10","local_shell",10,90,408691,"DBSCAN",1,1,1,1,10,-1,"ok","-"
"local_shell_d10","local_shell",10,90,408691,"MST",1,0.947089947089947,0.973544973544973,0.833333333333333,20,-1,"ok","-"
"local_shell_d10","local_shell",10,90,408691,"ODIN",1,0.978835978835979,0.989417989417989,0.925925925925926,14,-1,"ok","-"
"local_shell_d10","local_shell",10,90,408691,"iForest",1,1,1,1,10,-1,"ok","-"
"local_shell_d10","local_shell",10,91,408692,"U-MCCD",1,1,1,1,10,-1,"ok","-"
"local_shell_d10","local_shell",10,91,408692,"SU-MCCD",1,1,1,1,10,-1,"ok","-"
"local_shell_d10","local_shell",10,91,408692,"UN-MCCD",1,1,1,1,10,-1,"ok","-"
"local_shell_d10","local_shell",10,91,408692,"SUN-MCCD",1,1,1,1,10,-1,"ok","-"
"local_shell_d10","local_shell",10,91,408692,"LOF",1,1,1,1,10,-1,"ok","-"
"local_shell_d10","local_shell",10,91,408692,"DBSCAN",1,1,1,1,10,-1,"ok","-"
"local_shell_d10","local_shell",10,91,408692,"MST",0.9,0.915343915343915,0.907671957671958,0.692307692307692,25,-1,"ok","-"
"local_shell_d10","local_shell",10,91,408692,"ODIN",1,0.994708994708995,0.997354497354497,0.980392156862745,11,-1,"ok","-"
"local_shell_d10","local_shell",10,91,408692,"iForest",1,1,1,1,10,-1,"ok","-"
"local_shell_d10","local_shell",10,92,408693,"U-MCCD",1,0.904761904761905,0.952380952380952,0.735294117647059,28,-1,"ok","-"
"local_shell_d10","local_shell",10,92,408693,"SU-MCCD",1,0.984126984126984,0.992063492063492,0.943396226415094,13,-1,"ok","-"
"local_shell_d10","local_shell",10,92,408693,"UN-MCCD",1,0.989417989417989,0.994708994708995,0.961538461538461,12,-1,"ok","-"
"local_shell_d10","local_shell",10,92,408693,"SUN-MCCD",1,1,1,1,10,-1,"ok","-"
"local_shell_d10","local_shell",10,92,408693,"LOF",1,1,1,1,10,-1,"ok","-"
"local_shell_d10","local_shell",10,92,408693,"DBSCAN",1,1,1,1,10,-1,"ok","-"
"local_shell_d10","local_shell",10,92,408693,"MST",0.9,0.915343915343915,0.907671957671958,0.692307692307692,25,-1,"ok","-"
"local_shell_d10","local_shell",10,92,408693,"ODIN",1,0.989417989417989,0.994708994708995,0.961538461538461,12,-1,"ok","-"
"local_shell_d10","local_shell",10,92,408693,"iForest",1,1,1,1,10,-1,"ok","-"
"local_shell_d10","local_shell",10,93,408694,"U-MCCD",1,1,1,1,10,-1,"ok","-"
"local_shell_d10","local_shell",10,93,408694,"SU-MCCD",1,1,1,1,10,-1,"ok","-"
"local_shell_d10","local_shell",10,93,408694,"UN-MCCD",1,1,1,1,10,-1,"ok","-"
"local_shell_d10","local_shell",10,93,408694,"SUN-MCCD",1,1,1,1,10,-1,"ok","-"
"local_shell_d10","local_shell",10,93,408694,"LOF",1,1,1,1,10,-1,"ok","-"
"local_shell_d10","local_shell",10,93,408694,"DBSCAN",1,1,1,1,10,-1,"ok","-"
"local_shell_d10","local_shell",10,93,408694,"MST",1,0.904761904761905,0.952380952380952,0.735294117647059,28,-1,"ok","-"
"local_shell_d10","local_shell",10,93,408694,"ODIN",1,0.978835978835979,0.989417989417989,0.925925925925926,14,-1,"ok","-"
"local_shell_d10","local_shell",10,93,408694,"iForest",0.9,1,0.95,0.918367346938775,9,-1,"ok","-"
"local_shell_d10","local_shell",10,94,408695,"U-MCCD",1,0.994708994708995,0.997354497354497,0.980392156862745,11,-1,"ok","-"
"local_shell_d10","local_shell",10,94,408695,"SU-MCCD",1,0.989417989417989,0.994708994708995,0.961538461538461,12,-1,"ok","-"
"local_shell_d10","local_shell",10,94,408695,"UN-MCCD",1,0.989417989417989,0.994708994708995,0.961538461538461,12,-1,"ok","-"
"local_shell_d10","local_shell",10,94,408695,"SUN-MCCD",1,0.989417989417989,0.994708994708995,0.961538461538461,12,-1,"ok","-"
"local_shell_d10","local_shell",10,94,408695,"LOF",1,1,1,1,10,-1,"ok","-"
"local_shell_d10","local_shell",10,94,408695,"DBSCAN",0.9,1,0.95,0.918367346938775,9,-1,"ok","-"
"local_shell_d10","local_shell",10,94,408695,"MST",0.8,0.846560846560847,0.823280423280423,0.519480519480519,37,-1,"ok","-"
"local_shell_d10","local_shell",10,94,408695,"ODIN",1,0.989417989417989,0.994708994708995,0.961538461538461,12,-1,"ok","-"
"local_shell_d10","local_shell",10,94,408695,"iForest",0.8,1,0.9,0.833333333333333,8,-1,"ok","-"
"local_shell_d10","local_shell",10,95,408696,"U-MCCD",1,0.994708994708995,0.997354497354497,0.980392156862745,11,-1,"ok","-"
"local_shell_d10","local_shell",10,95,408696,"SU-MCCD",1,1,1,1,10,-1,"ok","-"
"local_shell_d10","local_shell",10,95,408696,"UN-MCCD",1,0.952380952380952,0.976190476190476,0.847457627118644,19,-1,"ok","-"
"local_shell_d10","local_shell",10,95,408696,"SUN-MCCD",1,1,1,1,10,-1,"ok","-"
"local_shell_d10","local_shell",10,95,408696,"LOF",1,1,1,1,10,-1,"ok","-"
"local_shell_d10","local_shell",10,95,408696,"DBSCAN",1,1,1,1,10,-1,"ok","-"
"local_shell_d10","local_shell",10,95,408696,"MST",1,0.962962962962963,0.981481481481481,0.87719298245614,17,-1,"ok","-"
"local_shell_d10","local_shell",10,95,408696,"ODIN",1,0.984126984126984,0.992063492063492,0.943396226415094,13,-1,"ok","-"
"local_shell_d10","local_shell",10,95,408696,"iForest",1,1,1,1,10,-1,"ok","-"
"local_shell_d10","local_shell",10,96,408697,"U-MCCD",1,0.984126984126984,0.992063492063492,0.943396226415094,13,-1,"ok","-"
"local_shell_d10","local_shell",10,96,408697,"SU-MCCD",1,1,1,1,10,-1,"ok","-"
"local_shell_d10","local_shell",10,96,408697,"UN-MCCD",1,0.973544973544973,0.986772486772487,0.909090909090909,15,-1,"ok","-"
"local_shell_d10","local_shell",10,96,408697,"SUN-MCCD",1,1,1,1,10,-1,"ok","-"
"local_shell_d10","local_shell",10,96,408697,"LOF",1,1,1,1,10,-1,"ok","-"
"local_shell_d10","local_shell",10,96,408697,"DBSCAN",1,1,1,1,10,-1,"ok","-"
"local_shell_d10","local_shell",10,96,408697,"MST",0.9,0.925925925925926,0.912962962962963,0.714285714285714,23,-1,"ok","-"
"local_shell_d10","local_shell",10,96,408697,"ODIN",1,0.989417989417989,0.994708994708995,0.961538461538461,12,-1,"ok","-"
"local_shell_d10","local_shell",10,96,408697,"iForest",1,1,1,1,10,-1,"ok","-"
"local_shell_d10","local_shell",10,97,408698,"U-MCCD",1,0.994708994708995,0.997354497354497,0.980392156862745,11,-1,"ok","-"
"local_shell_d10","local_shell",10,97,408698,"SU-MCCD",1,0.994708994708995,0.997354497354497,0.980392156862745,11,-1,"ok","-"
"local_shell_d10","local_shell",10,97,408698,"UN-MCCD",1,1,1,1,10,-1,"ok","-"
"local_shell_d10","local_shell",10,97,408698,"SUN-MCCD",1,1,1,1,10,-1,"ok","-"
"local_shell_d10","local_shell",10,97,408698,"LOF",1,1,1,1,10,-1,"ok","-"
"local_shell_d10","local_shell",10,97,408698,"DBSCAN",1,1,1,1,10,-1,"ok","-"
"local_shell_d10","local_shell",10,97,408698,"MST",0.9,0.91005291005291,0.905026455026455,0.681818181818182,26,-1,"ok","-"
"local_shell_d10","local_shell",10,97,408698,"ODIN",1,0.978835978835979,0.989417989417989,0.925925925925926,14,-1,"ok","-"
"local_shell_d10","local_shell",10,97,408698,"iForest",1,1,1,1,10,-1,"ok","-"
"local_shell_d10","local_shell",10,98,408699,"U-MCCD",1,1,1,1,10,-1,"ok","-"
"local_shell_d10","local_shell",10,98,408699,"SU-MCCD",1,0.994708994708995,0.997354497354497,0.980392156862745,11,-1,"ok","-"
"local_shell_d10","local_shell",10,98,408699,"UN-MCCD",1,0.994708994708995,0.997354497354497,0.980392156862745,11,-1,"ok","-"
"local_shell_d10","local_shell",10,98,408699,"SUN-MCCD",1,1,1,1,10,-1,"ok","-"
"local_shell_d10","local_shell",10,98,408699,"LOF",1,1,1,1,10,-1,"ok","-"
"local_shell_d10","local_shell",10,98,408699,"DBSCAN",1,1,1,1,10,-1,"ok","-"
"local_shell_d10","local_shell",10,98,408699,"MST",0.9,0.936507936507937,0.918253968253968,0.737704918032787,21,-1,"ok","-"
"local_shell_d10","local_shell",10,98,408699,"ODIN",1,0.968253968253968,0.984126984126984,0.892857142857143,16,-1,"ok","-"
"local_shell_d10","local_shell",10,98,408699,"iForest",1,1,1,1,10,-1,"ok","-"
"local_shell_d10","local_shell",10,99,408700,"U-MCCD",1,0.984126984126984,0.992063492063492,0.943396226415094,13,-1,"ok","-"
"local_shell_d10","local_shell",10,99,408700,"SU-MCCD",1,0.994708994708995,0.997354497354497,0.980392156862745,11,-1,"ok","-"
"local_shell_d10","local_shell",10,99,408700,"UN-MCCD",1,1,1,1,10,-1,"ok","-"
"local_shell_d10","local_shell",10,99,408700,"SUN-MCCD",1,0.994708994708995,0.997354497354497,0.980392156862745,11,-1,"ok","-"
"local_shell_d10","local_shell",10,99,408700,"LOF",1,1,1,1,10,-1,"ok","-"
"local_shell_d10","local_shell",10,99,408700,"DBSCAN",1,1,1,1,10,-1,"ok","-"
"local_shell_d10","local_shell",10,99,408700,"MST",0.9,0.888888888888889,0.894444444444444,0.642857142857143,30,-1,"ok","-"
"local_shell_d10","local_shell",10,99,408700,"ODIN",1,0.973544973544973,0.986772486772487,0.909090909090909,15,-1,"ok","-"
"local_shell_d10","local_shell",10,99,408700,"iForest",0.9,1,0.95,0.918367346938775,9,-1,"ok","-"
"local_shell_d10","local_shell",10,100,408701,"U-MCCD",1,1,1,1,10,-1,"ok","-"
"local_shell_d10","local_shell",10,100,408701,"SU-MCCD",1,1,1,1,10,-1,"ok","-"
"local_shell_d10","local_shell",10,100,408701,"UN-MCCD",1,1,1,1,10,-1,"ok","-"
"local_shell_d10","local_shell",10,100,408701,"SUN-MCCD",1,1,1,1,10,-1,"ok","-"
"local_shell_d10","local_shell",10,100,408701,"LOF",1,1,1,1,10,-1,"ok","-"
"local_shell_d10","local_shell",10,100,408701,"DBSCAN",0.6,1,0.8,0.652173913043478,6,-1,"ok","-"
"local_shell_d10","local_shell",10,100,408701,"MST",0.9,0.888888888888889,0.894444444444444,0.642857142857143,30,-1,"ok","-"
"local_shell_d10","local_shell",10,100,408701,"ODIN",1,0.973544973544973,0.986772486772487,0.909090909090909,15,-1,"ok","-"
"local_shell_d10","local_shell",10,100,408701,"iForest",0.6,1,0.8,0.652173913043478,6,-1,"ok","-"
"bridge_d3","bridge",3,1,508602,"U-MCCD",0,0.973544973544973,0.486772486772487,0,5,0,"ok","-"
"bridge_d3","bridge",3,1,508602,"SU-MCCD",0,1,0.5,0,0,0,"ok","-"
"bridge_d3","bridge",3,1,508602,"UN-MCCD",0,0.968253968253968,0.484126984126984,0,6,0,"ok","-"
"bridge_d3","bridge",3,1,508602,"SUN-MCCD",0,1,0.5,0,0,0,"ok","-"
"bridge_d3","bridge",3,1,508602,"LOF",0,1,0.5,0,0,0,"ok","-"
"bridge_d3","bridge",3,1,508602,"DBSCAN",0,1,0.5,0,0,0,"ok","-"
"bridge_d3","bridge",3,1,508602,"MST",0,0.608465608465608,0.304232804232804,0,74,0,"ok","-"
"bridge_d3","bridge",3,1,508602,"ODIN",0,0.957671957671958,0.478835978835979,0,8,0,"ok","-"
"bridge_d3","bridge",3,1,508602,"iForest",0,0.947089947089947,0.473544973544974,0,10,0,"ok","-"
"bridge_d3","bridge",3,2,508603,"U-MCCD",0,0.994708994708995,0.497354497354497,0,1,0,"ok","-"
"bridge_d3","bridge",3,2,508603,"SU-MCCD",0,1,0.5,0,0,0,"ok","-"
"bridge_d3","bridge",3,2,508603,"UN-MCCD",0,0.994708994708995,0.497354497354497,0,1,0,"ok","-"
"bridge_d3","bridge",3,2,508603,"SUN-MCCD",0,1,0.5,0,0,0,"ok","-"
"bridge_d3","bridge",3,2,508603,"LOF",0,1,0.5,0,0,0,"ok","-"
"bridge_d3","bridge",3,2,508603,"DBSCAN",0,1,0.5,0,0,0,"ok","-"
"bridge_d3","bridge",3,2,508603,"MST",0,0.544973544973545,0.272486772486772,0,86,0,"ok","-"
"bridge_d3","bridge",3,2,508603,"ODIN",0,0.984126984126984,0.492063492063492,0,3,0,"ok","-"
"bridge_d3","bridge",3,2,508603,"iForest",0,0.947089947089947,0.473544973544974,0,10,0,"ok","-"
"bridge_d3","bridge",3,3,508604,"U-MCCD",0,1,0.5,0,0,0,"ok","-"
"bridge_d3","bridge",3,3,508604,"SU-MCCD",0,1,0.5,0,0,0,"ok","-"
"bridge_d3","bridge",3,3,508604,"UN-MCCD",0,0.978835978835979,0.489417989417989,0,4,0,"ok","-"
"bridge_d3","bridge",3,3,508604,"SUN-MCCD",0,1,0.5,0,0,0,"ok","-"
"bridge_d3","bridge",3,3,508604,"LOF",0,1,0.5,0,0,0,"ok","-"
"bridge_d3","bridge",3,3,508604,"DBSCAN",0,1,0.5,0,0,0,"ok","-"
"bridge_d3","bridge",3,3,508604,"MST",0.2,0.708994708994709,0.454497354497355,0.103092783505155,57,0,"ok","-"
"bridge_d3","bridge",3,3,508604,"ODIN",0,0.957671957671958,0.478835978835979,0,8,0,"ok","-"
"bridge_d3","bridge",3,3,508604,"iForest",0,0.936507936507937,0.468253968253968,0,12,0,"ok","-"
"bridge_d3","bridge",3,4,508605,"U-MCCD",0,0.957671957671958,0.478835978835979,0,8,0,"ok","-"
"bridge_d3","bridge",3,4,508605,"SU-MCCD",0,1,0.5,0,0,0,"ok","-"
"bridge_d3","bridge",3,4,508605,"UN-MCCD",0,0.941798941798942,0.470899470899471,0,11,0,"ok","-"
"bridge_d3","bridge",3,4,508605,"SUN-MCCD",0,0.994708994708995,0.497354497354497,0,1,0,"ok","-"
"bridge_d3","bridge",3,4,508605,"LOF",0,1,0.5,0,0,0,"ok","-"
"bridge_d3","bridge",3,4,508605,"DBSCAN",0,1,0.5,0,0,0,"ok","-"
"bridge_d3","bridge",3,4,508605,"MST",0.4,0.73015873015873,0.565079365079365,0.210526315789474,55,0,"ok","-"
"bridge_d3","bridge",3,4,508605,"ODIN",0,0.957671957671958,0.478835978835979,0,8,0,"ok","-"
"bridge_d3","bridge",3,4,508605,"iForest",0,0.931216931216931,0.465608465608466,0,13,0,"ok","-"
"bridge_d3","bridge",3,5,508606,"U-MCCD",0.3,0.984126984126984,0.642063492063492,0.326086956521739,6,0,"ok","-"
"bridge_d3","bridge",3,5,508606,"SU-MCCD",0,1,0.5,0,0,0,"ok","-"
"bridge_d3","bridge",3,5,508606,"UN-MCCD",0,1,0.5,0,0,0,"ok","-"
"bridge_d3","bridge",3,5,508606,"SUN-MCCD",0,1,0.5,0,0,0,"ok","-"
"bridge_d3","bridge",3,5,508606,"LOF",0,1,0.5,0,0,0,"ok","-"
"bridge_d3","bridge",3,5,508606,"DBSCAN",0,1,0.5,0,0,0,"ok","-"
"bridge_d3","bridge",3,5,508606,"MST",0,0.555555555555556,0.277777777777778,0,84,0,"ok","-"
"bridge_d3","bridge",3,5,508606,"ODIN",0,0.973544973544973,0.486772486772487,0,5,0,"ok","-"
"bridge_d3","bridge",3,5,508606,"iForest",0,0.962962962962963,0.481481481481481,0,7,0,"ok","-"
"bridge_d3","bridge",3,6,508607,"U-MCCD",0,0.978835978835979,0.489417989417989,0,4,0,"ok","-"
"bridge_d3","bridge",3,6,508607,"SU-MCCD",0,1,0.5,0,0,0,"ok","-"
"bridge_d3","bridge",3,6,508607,"UN-MCCD",0,0.978835978835979,0.489417989417989,0,4,0,"ok","-"
"bridge_d3","bridge",3,6,508607,"SUN-MCCD",0,0.994708994708995,0.497354497354497,0,1,0,"ok","-"
"bridge_d3","bridge",3,6,508607,"LOF",0.2,1,0.6,0.238095238095238,2,0,"ok","-"
"bridge_d3","bridge",3,6,508607,"DBSCAN",0,0.994708994708995,0.497354497354497,0,1,0,"ok","-"
"bridge_d3","bridge",3,6,508607,"MST",0,0.544973544973545,0.272486772486772,0,86,0,"ok","-"
"bridge_d3","bridge",3,6,508607,"ODIN",0.1,0.920634920634921,0.51031746031746,0.0892857142857143,16,0,"ok","-"
"bridge_d3","bridge",3,6,508607,"iForest",0,0.931216931216931,0.465608465608466,0,13,0,"ok","-"
"bridge_d3","bridge",3,7,508608,"U-MCCD",0,1,0.5,0,0,0,"ok","-"
"bridge_d3","bridge",3,7,508608,"SU-MCCD",0,1,0.5,0,0,0,"ok","-"
"bridge_d3","bridge",3,7,508608,"UN-MCCD",0,0.984126984126984,0.492063492063492,0,3,0,"ok","-"
"bridge_d3","bridge",3,7,508608,"SUN-MCCD",0,1,0.5,0,0,0,"ok","-"
"bridge_d3","bridge",3,7,508608,"LOF",0,1,0.5,0,0,0,"ok","-"
"bridge_d3","bridge",3,7,508608,"DBSCAN",0,1,0.5,0,0,0,"ok","-"
"bridge_d3","bridge",3,7,508608,"MST",0,0.62962962962963,0.314814814814815,0,70,0,"ok","-"
"bridge_d3","bridge",3,7,508608,"ODIN",0,0.984126984126984,0.492063492063492,0,3,0,"ok","-"
"bridge_d3","bridge",3,7,508608,"iForest",0,0.941798941798942,0.470899470899471,0,11,0,"ok","-"
"bridge_d3","bridge",3,8,508609,"U-MCCD",0,0.989417989417989,0.494708994708995,0,2,0,"ok","-"
"bridge_d3","bridge",3,8,508609,"SU-MCCD",0,1,0.5,0,0,0,"ok","-"
"bridge_d3","bridge",3,8,508609,"UN-MCCD",0,0.989417989417989,0.494708994708995,0,2,0,"ok","-"
"bridge_d3","bridge",3,8,508609,"SUN-MCCD",0,0.994708994708995,0.497354497354497,0,1,0,"ok","-"
"bridge_d3","bridge",3,8,508609,"LOF",0,1,0.5,0,0,0,"ok","-"
"bridge_d3","bridge",3,8,508609,"DBSCAN",0,0.994708994708995,0.497354497354497,0,1,0,"ok","-"
"bridge_d3","bridge",3,8,508609,"MST",0.5,0.603174603174603,0.551587301587302,0.208333333333333,80,0,"ok","-"
"bridge_d3","bridge",3,8,508609,"ODIN",0,0.941798941798942,0.470899470899471,0,11,0,"ok","-"
"bridge_d3","bridge",3,8,508609,"iForest",0,0.947089947089947,0.473544973544974,0,10,0,"ok","-"
"bridge_d3","bridge",3,9,508610,"U-MCCD",0,0.994708994708995,0.497354497354497,0,1,0,"ok","-"
"bridge_d3","bridge",3,9,508610,"SU-MCCD",0,1,0.5,0,0,0,"ok","-"
"bridge_d3","bridge",3,9,508610,"UN-MCCD",0,0.989417989417989,0.494708994708995,0,2,0,"ok","-"
"bridge_d3","bridge",3,9,508610,"SUN-MCCD",0,0.973544973544973,0.486772486772487,0,5,0,"ok","-"
"bridge_d3","bridge",3,9,508610,"LOF",0,1,0.5,0,0,0,"ok","-"
"bridge_d3","bridge",3,9,508610,"DBSCAN",0,0.989417989417989,0.494708994708995,0,2,0,"ok","-"
"bridge_d3","bridge",3,9,508610,"MST",0.5,0.534391534391534,0.517195767195767,0.18796992481203,93,0,"ok","-"
"bridge_d3","bridge",3,9,508610,"ODIN",0,0.978835978835979,0.489417989417989,0,4,0,"ok","-"
"bridge_d3","bridge",3,9,508610,"iForest",0,0.952380952380952,0.476190476190476,0,9,0,"ok","-"
"bridge_d3","bridge",3,10,508611,"U-MCCD",0,0.984126984126984,0.492063492063492,0,3,0,"ok","-"
"bridge_d3","bridge",3,10,508611,"SU-MCCD",0,1,0.5,0,0,0,"ok","-"
"bridge_d3","bridge",3,10,508611,"UN-MCCD",0,0.989417989417989,0.494708994708995,0,2,0,"ok","-"
"bridge_d3","bridge",3,10,508611,"SUN-MCCD",0,1,0.5,0,0,0,"ok","-"
"bridge_d3","bridge",3,10,508611,"LOF",0,1,0.5,0,0,0,"ok","-"
"bridge_d3","bridge",3,10,508611,"DBSCAN",0,0.994708994708995,0.497354497354497,0,1,0,"ok","-"
"bridge_d3","bridge",3,10,508611,"MST",0,0.597883597883598,0.298941798941799,0,76,0,"ok","-"
"bridge_d3","bridge",3,10,508611,"ODIN",0,0.973544973544973,0.486772486772487,0,5,0,"ok","-"
"bridge_d3","bridge",3,10,508611,"iForest",0,0.920634920634921,0.46031746031746,0,15,0,"ok","-"
"bridge_d3","bridge",3,11,508612,"U-MCCD",0,1,0.5,0,0,0,"ok","-"
"bridge_d3","bridge",3,11,508612,"SU-MCCD",0,1,0.5,0,0,0,"ok","-"
"bridge_d3","bridge",3,11,508612,"UN-MCCD",0,1,0.5,0,0,0,"ok","-"
"bridge_d3","bridge",3,11,508612,"SUN-MCCD",0,1,0.5,0,0,0,"ok","-"
"bridge_d3","bridge",3,11,508612,"LOF",0,1,0.5,0,0,0,"ok","-"
"bridge_d3","bridge",3,11,508612,"DBSCAN",0,1,0.5,0,0,0,"ok","-"
"bridge_d3","bridge",3,11,508612,"MST",0.4,0.703703703703704,0.551851851851852,0.2,60,0,"ok","-"
"bridge_d3","bridge",3,11,508612,"ODIN",0,0.973544973544973,0.486772486772487,0,5,0,"ok","-"
"bridge_d3","bridge",3,11,508612,"iForest",0,0.947089947089947,0.473544973544974,0,10,0,"ok","-"
"bridge_d3","bridge",3,12,508613,"U-MCCD",0,1,0.5,0,0,0,"ok","-"
"bridge_d3","bridge",3,12,508613,"SU-MCCD",0,1,0.5,0,0,0,"ok","-"
"bridge_d3","bridge",3,12,508613,"UN-MCCD",0,1,0.5,0,0,0,"ok","-"
"bridge_d3","bridge",3,12,508613,"SUN-MCCD",0,1,0.5,0,0,0,"ok","-"
"bridge_d3","bridge",3,12,508613,"LOF",0,1,0.5,0,0,0,"ok","-"
"bridge_d3","bridge",3,12,508613,"DBSCAN",0,1,0.5,0,0,0,"ok","-"
"bridge_d3","bridge",3,12,508613,"MST",0.2,0.698412698412698,0.449206349206349,0.101010101010101,59,0,"ok","-"
"bridge_d3","bridge",3,12,508613,"ODIN",0,0.989417989417989,0.494708994708995,0,2,0,"ok","-"
"bridge_d3","bridge",3,12,508613,"iForest",0,0.962962962962963,0.481481481481481,0,7,0,"ok","-"
"bridge_d3","bridge",3,13,508614,"U-MCCD",0,0.989417989417989,0.494708994708995,0,2,0,"ok","-"
"bridge_d3","bridge",3,13,508614,"SU-MCCD",0,1,0.5,0,0,0,"ok","-"
"bridge_d3","bridge",3,13,508614,"UN-MCCD",0,0.994708994708995,0.497354497354497,0,1,0,"ok","-"
"bridge_d3","bridge",3,13,508614,"SUN-MCCD",0,1,0.5,0,0,0,"ok","-"
"bridge_d3","bridge",3,13,508614,"LOF",0,1,0.5,0,0,0,"ok","-"
"bridge_d3","bridge",3,13,508614,"DBSCAN",0,1,0.5,0,0,0,"ok","-"
"bridge_d3","bridge",3,13,508614,"MST",0,0.518518518518518,0.259259259259259,0,91,0,"ok","-"
"bridge_d3","bridge",3,13,508614,"ODIN",0,0.978835978835979,0.489417989417989,0,4,0,"ok","-"
"bridge_d3","bridge",3,13,508614,"iForest",0,0.936507936507937,0.468253968253968,0,12,0,"ok","-"
"bridge_d3","bridge",3,14,508615,"U-MCCD",0,1,0.5,0,0,0,"ok","-"
"bridge_d3","bridge",3,14,508615,"SU-MCCD",0,1,0.5,0,0,0,"ok","-"
"bridge_d3","bridge",3,14,508615,"UN-MCCD",0,0.994708994708995,0.497354497354497,0,1,0,"ok","-"
"bridge_d3","bridge",3,14,508615,"SUN-MCCD",0,1,0.5,0,0,0,"ok","-"
"bridge_d3","bridge",3,14,508615,"LOF",0,1,0.5,0,0,0,"ok","-"
"bridge_d3","bridge",3,14,508615,"DBSCAN",0,0.994708994708995,0.497354497354497,0,1,0,"ok","-"
"bridge_d3","bridge",3,14,508615,"MST",0,0.576719576719577,0.288359788359788,0,80,0,"ok","-"
"bridge_d3","bridge",3,14,508615,"ODIN",0,0.973544973544973,0.486772486772487,0,5,0,"ok","-"
"bridge_d3","bridge",3,14,508615,"iForest",0,0.947089947089947,0.473544973544974,0,10,0,"ok","-"
"bridge_d3","bridge",3,15,508616,"U-MCCD",0,1,0.5,0,0,0,"ok","-"
"bridge_d3","bridge",3,15,508616,"SU-MCCD",0,1,0.5,0,0,0,"ok","-"
"bridge_d3","bridge",3,15,508616,"UN-MCCD",0,1,0.5,0,0,0,"ok","-"
"bridge_d3","bridge",3,15,508616,"SUN-MCCD",0,1,0.5,0,0,0,"ok","-"
"bridge_d3","bridge",3,15,508616,"LOF",0,1,0.5,0,0,0,"ok","-"
"bridge_d3","bridge",3,15,508616,"DBSCAN",0,1,0.5,0,0,0,"ok","-"
"bridge_d3","bridge",3,15,508616,"MST",0.2,0.661375661375661,0.430687830687831,0.0943396226415094,66,0,"ok","-"
"bridge_d3","bridge",3,15,508616,"ODIN",0,0.952380952380952,0.476190476190476,0,9,0,"ok","-"
"bridge_d3","bridge",3,15,508616,"iForest",0,0.925925925925926,0.462962962962963,0,14,0,"ok","-"
"bridge_d3","bridge",3,16,508617,"U-MCCD",0,1,0.5,0,0,0,"ok","-"
"bridge_d3","bridge",3,16,508617,"SU-MCCD",0,1,0.5,0,0,0,"ok","-"
"bridge_d3","bridge",3,16,508617,"UN-MCCD",0,1,0.5,0,0,0,"ok","-"
"bridge_d3","bridge",3,16,508617,"SUN-MCCD",0,1,0.5,0,0,0,"ok","-"
"bridge_d3","bridge",3,16,508617,"LOF",0,0.994708994708995,0.497354497354497,0,1,0,"ok","-"
"bridge_d3","bridge",3,16,508617,"DBSCAN",0,1,0.5,0,0,0,"ok","-"
"bridge_d3","bridge",3,16,508617,"MST",0.5,0.592592592592593,0.546296296296296,0.204918032786885,82,0,"ok","-"
"bridge_d3","bridge",3,16,508617,"ODIN",0,0.952380952380952,0.476190476190476,0,9,0,"ok","-"
"bridge_d3","bridge",3,16,508617,"iForest",0,0.973544973544973,0.486772486772487,0,5,0,"ok","-"
"bridge_d3","bridge",3,17,508618,"U-MCCD",0,0.994708994708995,0.497354497354497,0,1,0,"ok","-"
"bridge_d3","bridge",3,17,508618,"SU-MCCD",0,1,0.5,0,0,0,"ok","-"
"bridge_d3","bridge",3,17,508618,"UN-MCCD",0,0.994708994708995,0.497354497354497,0,1,0,"ok","-"
"bridge_d3","bridge",3,17,508618,"SUN-MCCD",0,0.989417989417989,0.494708994708995,0,2,0,"ok","-"
"bridge_d3","bridge",3,17,508618,"LOF",0,1,0.5,0,0,0,"ok","-"
"bridge_d3","bridge",3,17,508618,"DBSCAN",0,1,0.5,0,0,0,"ok","-"
"bridge_d3","bridge",3,17,508618,"MST",0,0.518518518518518,0.259259259259259,0,91,0,"ok","-"
"bridge_d3","bridge",3,17,508618,"ODIN",0,0.952380952380952,0.476190476190476,0,9,0,"ok","-"
"bridge_d3","bridge",3,17,508618,"iForest",0,0.931216931216931,0.465608465608466,0,13,0,"ok","-"
"bridge_d3","bridge",3,18,508619,"U-MCCD",0,0.994708994708995,0.497354497354497,0,1,0,"ok","-"
"bridge_d3","bridge",3,18,508619,"SU-MCCD",0,1,0.5,0,0,0,"ok","-"
"bridge_d3","bridge",3,18,508619,"UN-MCCD",0,0.994708994708995,0.497354497354497,0,1,0,"ok","-"
"bridge_d3","bridge",3,18,508619,"SUN-MCCD",0,1,0.5,0,0,0,"ok","-"
"bridge_d3","bridge",3,18,508619,"LOF",0,1,0.5,0,0,0,"ok","-"
"bridge_d3","bridge",3,18,508619,"DBSCAN",0,0.994708994708995,0.497354497354497,0,1,0,"ok","-"
"bridge_d3","bridge",3,18,508619,"MST",0.2,0.714285714285714,0.457142857142857,0.104166666666667,56,0,"ok","-"
"bridge_d3","bridge",3,18,508619,"ODIN",0,0.952380952380952,0.476190476190476,0,9,0,"ok","-"
"bridge_d3","bridge",3,18,508619,"iForest",0,0.947089947089947,0.473544973544974,0,10,0,"ok","-"
"bridge_d3","bridge",3,19,508620,"U-MCCD",0.2,0.994708994708995,0.597354497354497,0.232558139534884,3,0,"ok","-"
"bridge_d3","bridge",3,19,508620,"SU-MCCD",0.2,1,0.6,0.238095238095238,2,0,"ok","-"
"bridge_d3","bridge",3,19,508620,"UN-MCCD",0.4,0.984126984126984,0.692063492063492,0.425531914893617,7,0,"ok","-"
"bridge_d3","bridge",3,19,508620,"SUN-MCCD",0,1,0.5,0,0,0,"ok","-"
"bridge_d3","bridge",3,19,508620,"LOF",0,1,0.5,0,0,0,"ok","-"
"bridge_d3","bridge",3,19,508620,"DBSCAN",0,1,0.5,0,0,0,"ok","-"
"bridge_d3","bridge",3,19,508620,"MST",0.6,0.661375661375661,0.630687830687831,0.272727272727273,70,0,"ok","-"
"bridge_d3","bridge",3,19,508620,"ODIN",0,0.968253968253968,0.484126984126984,0,6,0,"ok","-"
"bridge_d3","bridge",3,19,508620,"iForest",0,0.952380952380952,0.476190476190476,0,9,0,"ok","-"
"bridge_d3","bridge",3,20,508621,"U-MCCD",0,0.994708994708995,0.497354497354497,0,1,0,"ok","-"
"bridge_d3","bridge",3,20,508621,"SU-MCCD",0,0.994708994708995,0.497354497354497,0,1,0,"ok","-"
"bridge_d3","bridge",3,20,508621,"UN-MCCD",0,1,0.5,0,0,0,"ok","-"
"bridge_d3","bridge",3,20,508621,"SUN-MCCD",0,1,0.5,0,0,0,"ok","-"
"bridge_d3","bridge",3,20,508621,"LOF",0,1,0.5,0,0,0,"ok","-"
"bridge_d3","bridge",3,20,508621,"DBSCAN",0,1,0.5,0,0,0,"ok","-"
"bridge_d3","bridge",3,20,508621,"MST",0,0.634920634920635,0.317460317460317,0,69,0,"ok","-"
"bridge_d3","bridge",3,20,508621,"ODIN",0,0.952380952380952,0.476190476190476,0,9,0,"ok","-"
"bridge_d3","bridge",3,20,508621,"iForest",0,0.947089947089947,0.473544973544974,0,10,0,"ok","-"
"bridge_d3","bridge",3,21,508622,"U-MCCD",0,1,0.5,0,0,0,"ok","-"
"bridge_d3","bridge",3,21,508622,"SU-MCCD",0,1,0.5,0,0,0,"ok","-"
"bridge_d3","bridge",3,21,508622,"UN-MCCD",0,0.978835978835979,0.489417989417989,0,4,0,"ok","-"
"bridge_d3","bridge",3,21,508622,"SUN-MCCD",0,0.978835978835979,0.489417989417989,0,4,0,"ok","-"
"bridge_d3","bridge",3,21,508622,"LOF",0,1,0.5,0,0,0,"ok","-"
"bridge_d3","bridge",3,21,508622,"DBSCAN",0,1,0.5,0,0,0,"ok","-"
"bridge_d3","bridge",3,21,508622,"MST",0,0.634920634920635,0.317460317460317,0,69,0,"ok","-"
"bridge_d3","bridge",3,21,508622,"ODIN",0,0.973544973544973,0.486772486772487,0,5,0,"ok","-"
"bridge_d3","bridge",3,21,508622,"iForest",0,0.936507936507937,0.468253968253968,0,12,0,"ok","-"
"bridge_d3","bridge",3,22,508623,"U-MCCD",0,1,0.5,0,0,0,"ok","-"
"bridge_d3","bridge",3,22,508623,"SU-MCCD",0,1,0.5,0,0,0,"ok","-"
"bridge_d3","bridge",3,22,508623,"UN-MCCD",0,1,0.5,0,0,0,"ok","-"
"bridge_d3","bridge",3,22,508623,"SUN-MCCD",0,1,0.5,0,0,0,"ok","-"
"bridge_d3","bridge",3,22,508623,"LOF",0,1,0.5,0,0,0,"ok","-"
"bridge_d3","bridge",3,22,508623,"DBSCAN",0,0.994708994708995,0.497354497354497,0,1,0,"ok","-"
"bridge_d3","bridge",3,22,508623,"MST",0,0.64021164021164,0.32010582010582,0,68,0,"ok","-"
"bridge_d3","bridge",3,22,508623,"ODIN",0,0.989417989417989,0.494708994708995,0,2,0,"ok","-"
"bridge_d3","bridge",3,22,508623,"iForest",0,0.947089947089947,0.473544973544974,0,10,0,"ok","-"
"bridge_d3","bridge",3,23,508624,"U-MCCD",0.3,1,0.65,0.348837209302326,3,0,"ok","-"
"bridge_d3","bridge",3,23,508624,"SU-MCCD",0.3,1,0.65,0.348837209302326,3,0,"ok","-"
"bridge_d3","bridge",3,23,508624,"UN-MCCD",0,1,0.5,0,0,0,"ok","-"
"bridge_d3","bridge",3,23,508624,"SUN-MCCD",0,1,0.5,0,0,0,"ok","-"
"bridge_d3","bridge",3,23,508624,"LOF",0,1,0.5,0,0,0,"ok","-"
"bridge_d3","bridge",3,23,508624,"DBSCAN",0,1,0.5,0,0,0,"ok","-"
"bridge_d3","bridge",3,23,508624,"MST",0,0.656084656084656,0.328042328042328,0,65,0,"ok","-"
"bridge_d3","bridge",3,23,508624,"ODIN",0,0.968253968253968,0.484126984126984,0,6,0,"ok","-"
"bridge_d3","bridge",3,23,508624,"iForest",0,0.957671957671958,0.478835978835979,0,8,0,"ok","-"
"bridge_d3","bridge",3,24,508625,"U-MCCD",0,0.989417989417989,0.494708994708995,0,2,0,"ok","-"
"bridge_d3","bridge",3,24,508625,"SU-MCCD",0,1,0.5,0,0,0,"ok","-"
"bridge_d3","bridge",3,24,508625,"UN-MCCD",0,1,0.5,0,0,0,"ok","-"
"bridge_d3","bridge",3,24,508625,"SUN-MCCD",0,1,0.5,0,0,0,"ok","-"
"bridge_d3","bridge",3,24,508625,"LOF",0,1,0.5,0,0,0,"ok","-"
"bridge_d3","bridge",3,24,508625,"DBSCAN",0,1,0.5,0,0,0,"ok","-"
"bridge_d3","bridge",3,24,508625,"MST",0.3,0.677248677248677,0.488624338624339,0.144230769230769,64,0,"ok","-"
"bridge_d3","bridge",3,24,508625,"ODIN",0,0.989417989417989,0.494708994708995,0,2,0,"ok","-"
"bridge_d3","bridge",3,24,508625,"iForest",0,0.952380952380952,0.476190476190476,0,9,0,"ok","-"
"bridge_d3","bridge",3,25,508626,"U-MCCD",0,0.952380952380952,0.476190476190476,0,9,0,"ok","-"
"bridge_d3","bridge",3,25,508626,"SU-MCCD",0,1,0.5,0,0,0,"ok","-"
"bridge_d3","bridge",3,25,508626,"UN-MCCD",0,0.984126984126984,0.492063492063492,0,3,0,"ok","-"
"bridge_d3","bridge",3,25,508626,"SUN-MCCD",0,0.989417989417989,0.494708994708995,0,2,0,"ok","-"
"bridge_d3","bridge",3,25,508626,"LOF",0,1,0.5,0,0,0,"ok","-"
"bridge_d3","bridge",3,25,508626,"DBSCAN",0,1,0.5,0,0,0,"ok","-"
"bridge_d3","bridge",3,25,508626,"MST",0,0.587301587301587,0.293650793650794,0,78,0,"ok","-"
"bridge_d3","bridge",3,25,508626,"ODIN",0,0.968253968253968,0.484126984126984,0,6,0,"ok","-"
"bridge_d3","bridge",3,25,508626,"iForest",0,0.925925925925926,0.462962962962963,0,14,0,"ok","-"
"bridge_d3","bridge",3,26,508627,"U-MCCD",0,0.989417989417989,0.494708994708995,0,2,0,"ok","-"
"bridge_d3","bridge",3,26,508627,"SU-MCCD",0,1,0.5,0,0,0,"ok","-"
"bridge_d3","bridge",3,26,508627,"UN-MCCD",0,0.989417989417989,0.494708994708995,0,2,0,"ok","-"
"bridge_d3","bridge",3,26,508627,"SUN-MCCD",0,1,0.5,0,0,0,"ok","-"
"bridge_d3","bridge",3,26,508627,"LOF",0,1,0.5,0,0,0,"ok","-"
"bridge_d3","bridge",3,26,508627,"DBSCAN",0,1,0.5,0,0,0,"ok","-"
"bridge_d3","bridge",3,26,508627,"MST",0.3,0.507936507936508,0.403968253968254,0.110294117647059,96,0,"ok","-"
"bridge_d3","bridge",3,26,508627,"ODIN",0,0.931216931216931,0.465608465608466,0,13,0,"ok","-"
"bridge_d3","bridge",3,26,508627,"iForest",0,0.957671957671958,0.478835978835979,0,8,0,"ok","-"
"bridge_d3","bridge",3,27,508628,"U-MCCD",0,0.994708994708995,0.497354497354497,0,1,0,"ok","-"
"bridge_d3","bridge",3,27,508628,"SU-MCCD",0,0.994708994708995,0.497354497354497,0,1,0,"ok","-"
"bridge_d3","bridge",3,27,508628,"UN-MCCD",0,0.984126984126984,0.492063492063492,0,3,0,"ok","-"
"bridge_d3","bridge",3,27,508628,"SUN-MCCD",0,0.994708994708995,0.497354497354497,0,1,0,"ok","-"
"bridge_d3","bridge",3,27,508628,"LOF",0,1,0.5,0,0,0,"ok","-"
"bridge_d3","bridge",3,27,508628,"DBSCAN",0,1,0.5,0,0,0,"ok","-"
"bridge_d3","bridge",3,27,508628,"MST",0.4,0.634920634920635,0.517460317460317,0.176991150442478,73,0,"ok","-"
"bridge_d3","bridge",3,27,508628,"ODIN",0,0.962962962962963,0.481481481481481,0,7,0,"ok","-"
"bridge_d3","bridge",3,27,508628,"iForest",0,0.925925925925926,0.462962962962963,0,14,0,"ok","-"
"bridge_d3","bridge",3,28,508629,"U-MCCD",0,0.994708994708995,0.497354497354497,0,1,0,"ok","-"
"bridge_d3","bridge",3,28,508629,"SU-MCCD",0,0.994708994708995,0.497354497354497,0,1,0,"ok","-"
"bridge_d3","bridge",3,28,508629,"UN-MCCD",0,1,0.5,0,0,0,"ok","-"
"bridge_d3","bridge",3,28,508629,"SUN-MCCD",0,1,0.5,0,0,0,"ok","-"
"bridge_d3","bridge",3,28,508629,"LOF",0,1,0.5,0,0,0,"ok","-"
"bridge_d3","bridge",3,28,508629,"DBSCAN",0,0.994708994708995,0.497354497354497,0,1,0,"ok","-"
"bridge_d3","bridge",3,28,508629,"MST",0.2,0.582010582010582,0.391005291005291,0.0826446280991735,81,0,"ok","-"
"bridge_d3","bridge",3,28,508629,"ODIN",0,0.952380952380952,0.476190476190476,0,9,0,"ok","-"
"bridge_d3","bridge",3,28,508629,"iForest",0,0.941798941798942,0.470899470899471,0,11,0,"ok","-"
"bridge_d3","bridge",3,29,508630,"U-MCCD",0,0.984126984126984,0.492063492063492,0,3,0,"ok","-"
"bridge_d3","bridge",3,29,508630,"SU-MCCD",0,0.994708994708995,0.497354497354497,0,1,0,"ok","-"
"bridge_d3","bridge",3,29,508630,"UN-MCCD",0,0.989417989417989,0.494708994708995,0,2,0,"ok","-"
"bridge_d3","bridge",3,29,508630,"SUN-MCCD",0,1,0.5,0,0,0,"ok","-"
"bridge_d3","bridge",3,29,508630,"LOF",0,1,0.5,0,0,0,"ok","-"
"bridge_d3","bridge",3,29,508630,"DBSCAN",0,1,0.5,0,0,0,"ok","-"
"bridge_d3","bridge",3,29,508630,"MST",0,0.650793650793651,0.325396825396825,0,66,0,"ok","-"
"bridge_d3","bridge",3,29,508630,"ODIN",0,0.952380952380952,0.476190476190476,0,9,0,"ok","-"
"bridge_d3","bridge",3,29,508630,"iForest",0,0.936507936507937,0.468253968253968,0,12,0,"ok","-"
"bridge_d3","bridge",3,30,508631,"U-MCCD",0,0.994708994708995,0.497354497354497,0,1,0,"ok","-"
"bridge_d3","bridge",3,30,508631,"SU-MCCD",0,1,0.5,0,0,0,"ok","-"
"bridge_d3","bridge",3,30,508631,"UN-MCCD",0,1,0.5,0,0,0,"ok","-"
"bridge_d3","bridge",3,30,508631,"SUN-MCCD",0,1,0.5,0,0,0,"ok","-"
"bridge_d3","bridge",3,30,508631,"LOF",0,1,0.5,0,0,0,"ok","-"
"bridge_d3","bridge",3,30,508631,"DBSCAN",0,1,0.5,0,0,0,"ok","-"
"bridge_d3","bridge",3,30,508631,"MST",0,0.645502645502645,0.322751322751323,0,67,0,"ok","-"
"bridge_d3","bridge",3,30,508631,"ODIN",0,0.947089947089947,0.473544973544974,0,10,0,"ok","-"
"bridge_d3","bridge",3,30,508631,"iForest",0,0.952380952380952,0.476190476190476,0,9,0,"ok","-"
"bridge_d3","bridge",3,31,508632,"U-MCCD",0.4,1,0.7,0.454545454545455,4,0,"ok","-"
"bridge_d3","bridge",3,31,508632,"SU-MCCD",0,1,0.5,0,0,0,"ok","-"
"bridge_d3","bridge",3,31,508632,"UN-MCCD",0,1,0.5,0,0,0,"ok","-"
"bridge_d3","bridge",3,31,508632,"SUN-MCCD",0,1,0.5,0,0,0,"ok","-"
"bridge_d3","bridge",3,31,508632,"LOF",0,1,0.5,0,0,0,"ok","-"
"bridge_d3","bridge",3,31,508632,"DBSCAN",0,1,0.5,0,0,0,"ok","-"
"bridge_d3","bridge",3,31,508632,"MST",0.2,0.518518518518518,0.359259259259259,0.0751879699248121,93,0,"ok","-"
"bridge_d3","bridge",3,31,508632,"ODIN",0,0.989417989417989,0.494708994708995,0,2,0,"ok","-"
"bridge_d3","bridge",3,31,508632,"iForest",0,0.947089947089947,0.473544973544974,0,10,0,"ok","-"
"bridge_d3","bridge",3,32,508633,"U-MCCD",0,1,0.5,0,0,0,"ok","-"
"bridge_d3","bridge",3,32,508633,"SU-MCCD",0,1,0.5,0,0,0,"ok","-"
"bridge_d3","bridge",3,32,508633,"UN-MCCD",0,1,0.5,0,0,0,"ok","-"
"bridge_d3","bridge",3,32,508633,"SUN-MCCD",0,1,0.5,0,0,0,"ok","-"
"bridge_d3","bridge",3,32,508633,"LOF",0,1,0.5,0,0,0,"ok","-"
"bridge_d3","bridge",3,32,508633,"DBSCAN",0,0.994708994708995,0.497354497354497,0,1,0,"ok","-"
"bridge_d3","bridge",3,32,508633,"MST",0.4,0.55026455026455,0.475132275132275,0.155038759689922,89,0,"ok","-"
"bridge_d3","bridge",3,32,508633,"ODIN",0,0.968253968253968,0.484126984126984,0,6,0,"ok","-"
"bridge_d3","bridge",3,32,508633,"iForest",0,0.925925925925926,0.462962962962963,0,14,0,"ok","-"
"bridge_d3","bridge",3,33,508634,"U-MCCD",0.3,0.989417989417989,0.644708994708995,0.333333333333333,5,0,"ok","-"
"bridge_d3","bridge",3,33,508634,"SU-MCCD",0,1,0.5,0,0,0,"ok","-"
"bridge_d3","bridge",3,33,508634,"UN-MCCD",0.4,1,0.7,0.454545454545455,4,0,"ok","-"
"bridge_d3","bridge",3,33,508634,"SUN-MCCD",0,1,0.5,0,0,0,"ok","-"
"bridge_d3","bridge",3,33,508634,"LOF",0,1,0.5,0,0,0,"ok","-"
"bridge_d3","bridge",3,33,508634,"DBSCAN",0,1,0.5,0,0,0,"ok","-"
"bridge_d3","bridge",3,33,508634,"MST",0.3,0.64021164021164,0.47010582010582,0.135135135135135,71,0,"ok","-"
"bridge_d3","bridge",3,33,508634,"ODIN",0,0.952380952380952,0.476190476190476,0,9,0,"ok","-"
"bridge_d3","bridge",3,33,508634,"iForest",0,0.941798941798942,0.470899470899471,0,11,0,"ok","-"
"bridge_d3","bridge",3,34,508635,"U-MCCD",0,0.994708994708995,0.497354497354497,0,1,0,"ok","-"
"bridge_d3","bridge",3,34,508635,"SU-MCCD",0,1,0.5,0,0,0,"ok","-"
"bridge_d3","bridge",3,34,508635,"UN-MCCD",0,1,0.5,0,0,0,"ok","-"
"bridge_d3","bridge",3,34,508635,"SUN-MCCD",0,1,0.5,0,0,0,"ok","-"
"bridge_d3","bridge",3,34,508635,"LOF",0,1,0.5,0,0,0,"ok","-"
"bridge_d3","bridge",3,34,508635,"DBSCAN",0,1,0.5,0,0,0,"ok","-"
"bridge_d3","bridge",3,34,508635,"MST",0.2,0.582010582010582,0.391005291005291,0.0826446280991735,81,0,"ok","-"
"bridge_d3","bridge",3,34,508635,"ODIN",0,0.968253968253968,0.484126984126984,0,6,0,"ok","-"
"bridge_d3","bridge",3,34,508635,"iForest",0,0.947089947089947,0.473544973544974,0,10,0,"ok","-"
"bridge_d3","bridge",3,35,508636,"U-MCCD",0.5,1,0.75,0.555555555555556,5,0,"ok","-"
"bridge_d3","bridge",3,35,508636,"SU-MCCD",0,1,0.5,0,0,0,"ok","-"
"bridge_d3","bridge",3,35,508636,"UN-MCCD",0.2,1,0.6,0.238095238095238,2,0,"ok","-"
"bridge_d3","bridge",3,35,508636,"SUN-MCCD",0.2,1,0.6,0.238095238095238,2,0,"ok","-"
"bridge_d3","bridge",3,35,508636,"LOF",0,1,0.5,0,0,0,"ok","-"
"bridge_d3","bridge",3,35,508636,"DBSCAN",0,1,0.5,0,0,0,"ok","-"
"bridge_d3","bridge",3,35,508636,"MST",0,0.682539682539683,0.341269841269841,0,60,0,"ok","-"
"bridge_d3","bridge",3,35,508636,"ODIN",0,0.952380952380952,0.476190476190476,0,9,0,"ok","-"
"bridge_d3","bridge",3,35,508636,"iForest",0,0.952380952380952,0.476190476190476,0,9,0,"ok","-"
"bridge_d3","bridge",3,36,508637,"U-MCCD",0,0.989417989417989,0.494708994708995,0,2,0,"ok","-"
"bridge_d3","bridge",3,36,508637,"SU-MCCD",0,1,0.5,0,0,0,"ok","-"
"bridge_d3","bridge",3,36,508637,"UN-MCCD",0,0.994708994708995,0.497354497354497,0,1,0,"ok","-"
"bridge_d3","bridge",3,36,508637,"SUN-MCCD",0,1,0.5,0,0,0,"ok","-"
"bridge_d3","bridge",3,36,508637,"LOF",0,1,0.5,0,0,0,"ok","-"
"bridge_d3","bridge",3,36,508637,"DBSCAN",0,0.994708994708995,0.497354497354497,0,1,0,"ok","-"
"bridge_d3","bridge",3,36,508637,"MST",0.5,0.756613756613757,0.628306878306878,0.274725274725275,51,0,"ok","-"
"bridge_d3","bridge",3,36,508637,"ODIN",0,0.957671957671958,0.478835978835979,0,8,0,"ok","-"
"bridge_d3","bridge",3,36,508637,"iForest",0,0.936507936507937,0.468253968253968,0,12,0,"ok","-"
"bridge_d3","bridge",3,37,508638,"U-MCCD",0,0.994708994708995,0.497354497354497,0,1,0,"ok","-"
"bridge_d3","bridge",3,37,508638,"SU-MCCD",0,1,0.5,0,0,0,"ok","-"
"bridge_d3","bridge",3,37,508638,"UN-MCCD",0,0.989417989417989,0.494708994708995,0,2,0,"ok","-"
"bridge_d3","bridge",3,37,508638,"SUN-MCCD",0,1,0.5,0,0,0,"ok","-"
"bridge_d3","bridge",3,37,508638,"LOF",0,1,0.5,0,0,0,"ok","-"
"bridge_d3","bridge",3,37,508638,"DBSCAN",0,1,0.5,0,0,0,"ok","-"
"bridge_d3","bridge",3,37,508638,"MST",0,0.62962962962963,0.314814814814815,0,70,0,"ok","-"
"bridge_d3","bridge",3,37,508638,"ODIN",0,0.968253968253968,0.484126984126984,0,6,0,"ok","-"
"bridge_d3","bridge",3,37,508638,"iForest",0,0.941798941798942,0.470899470899471,0,11,0,"ok","-"
"bridge_d3","bridge",3,38,508639,"U-MCCD",0,1,0.5,0,0,0,"ok","-"
"bridge_d3","bridge",3,38,508639,"SU-MCCD",0,1,0.5,0,0,0,"ok","-"
"bridge_d3","bridge",3,38,508639,"UN-MCCD",0,1,0.5,0,0,0,"ok","-"
"bridge_d3","bridge",3,38,508639,"SUN-MCCD",0,1,0.5,0,0,0,"ok","-"
"bridge_d3","bridge",3,38,508639,"LOF",0,1,0.5,0,0,0,"ok","-"
"bridge_d3","bridge",3,38,508639,"DBSCAN",0,0.994708994708995,0.497354497354497,0,1,0,"ok","-"
"bridge_d3","bridge",3,38,508639,"MST",0,0.64021164021164,0.32010582010582,0,68,0,"ok","-"
"bridge_d3","bridge",3,38,508639,"ODIN",0,0.957671957671958,0.478835978835979,0,8,0,"ok","-"
"bridge_d3","bridge",3,38,508639,"iForest",0,0.941798941798942,0.470899470899471,0,11,0,"ok","-"
"bridge_d3","bridge",3,39,508640,"U-MCCD",0,1,0.5,0,0,0,"ok","-"
"bridge_d3","bridge",3,39,508640,"SU-MCCD",0,1,0.5,0,0,0,"ok","-"
"bridge_d3","bridge",3,39,508640,"UN-MCCD",0,0.984126984126984,0.492063492063492,0,3,0,"ok","-"
"bridge_d3","bridge",3,39,508640,"SUN-MCCD",0,1,0.5,0,0,0,"ok","-"
"bridge_d3","bridge",3,39,508640,"LOF",0,1,0.5,0,0,0,"ok","-"
"bridge_d3","bridge",3,39,508640,"DBSCAN",0,1,0.5,0,0,0,"ok","-"
"bridge_d3","bridge",3,39,508640,"MST",0.2,0.560846560846561,0.38042328042328,0.08,85,0,"ok","-"
"bridge_d3","bridge",3,39,508640,"ODIN",0,0.962962962962963,0.481481481481481,0,7,0,"ok","-"
"bridge_d3","bridge",3,39,508640,"iForest",0,0.936507936507937,0.468253968253968,0,12,0,"ok","-"
"bridge_d3","bridge",3,40,508641,"U-MCCD",0,1,0.5,0,0,0,"ok","-"
"bridge_d3","bridge",3,40,508641,"SU-MCCD",0,1,0.5,0,0,0,"ok","-"
"bridge_d3","bridge",3,40,508641,"UN-MCCD",0,1,0.5,0,0,0,"ok","-"
"bridge_d3","bridge",3,40,508641,"SUN-MCCD",0,1,0.5,0,0,0,"ok","-"
"bridge_d3","bridge",3,40,508641,"LOF",0,1,0.5,0,0,0,"ok","-"
"bridge_d3","bridge",3,40,508641,"DBSCAN",0,1,0.5,0,0,0,"ok","-"
"bridge_d3","bridge",3,40,508641,"MST",0.7,0.571428571428571,0.635714285714286,0.2734375,88,0,"ok","-"
"bridge_d3","bridge",3,40,508641,"ODIN",0,0.978835978835979,0.489417989417989,0,4,0,"ok","-"
"bridge_d3","bridge",3,40,508641,"iForest",0,0.962962962962963,0.481481481481481,0,7,0,"ok","-"
"bridge_d3","bridge",3,41,508642,"U-MCCD",0,1,0.5,0,0,0,"ok","-"
"bridge_d3","bridge",3,41,508642,"SU-MCCD",0,1,0.5,0,0,0,"ok","-"
"bridge_d3","bridge",3,41,508642,"UN-MCCD",0,0.989417989417989,0.494708994708995,0,2,0,"ok","-"
"bridge_d3","bridge",3,41,508642,"SUN-MCCD",0,0.989417989417989,0.494708994708995,0,2,0,"ok","-"
"bridge_d3","bridge",3,41,508642,"LOF",0,1,0.5,0,0,0,"ok","-"
"bridge_d3","bridge",3,41,508642,"DBSCAN",0,0.994708994708995,0.497354497354497,0,1,0,"ok","-"
"bridge_d3","bridge",3,41,508642,"MST",0,0.645502645502645,0.322751322751323,0,67,0,"ok","-"
"bridge_d3","bridge",3,41,508642,"ODIN",0,0.973544973544973,0.486772486772487,0,5,0,"ok","-"
"bridge_d3","bridge",3,41,508642,"iForest",0,0.957671957671958,0.478835978835979,0,8,0,"ok","-"
"bridge_d3","bridge",3,42,508643,"U-MCCD",0.5,0.994708994708995,0.747354497354497,0.543478260869565,6,0,"ok","-"
"bridge_d3","bridge",3,42,508643,"SU-MCCD",0,1,0.5,0,0,0,"ok","-"
"bridge_d3","bridge",3,42,508643,"UN-MCCD",0.4,0.994708994708995,0.697354497354497,0.444444444444444,5,0,"ok","-"
"bridge_d3","bridge",3,42,508643,"SUN-MCCD",0,1,0.5,0,0,0,"ok","-"
"bridge_d3","bridge",3,42,508643,"LOF",0,1,0.5,0,0,0,"ok","-"
"bridge_d3","bridge",3,42,508643,"DBSCAN",0,1,0.5,0,0,0,"ok","-"
"bridge_d3","bridge",3,42,508643,"MST",0,0.661375661375661,0.330687830687831,0,64,0,"ok","-"
"bridge_d3","bridge",3,42,508643,"ODIN",0,0.968253968253968,0.484126984126984,0,6,0,"ok","-"
"bridge_d3","bridge",3,42,508643,"iForest",0,0.962962962962963,0.481481481481481,0,7,0,"ok","-"
"bridge_d3","bridge",3,43,508644,"U-MCCD",0,1,0.5,0,0,0,"ok","-"
"bridge_d3","bridge",3,43,508644,"SU-MCCD",0,1,0.5,0,0,0,"ok","-"
"bridge_d3","bridge",3,43,508644,"UN-MCCD",0,0.994708994708995,0.497354497354497,0,1,0,"ok","-"
"bridge_d3","bridge",3,43,508644,"SUN-MCCD",0,1,0.5,0,0,0,"ok","-"
"bridge_d3","bridge",3,43,508644,"LOF",0,1,0.5,0,0,0,"ok","-"
"bridge_d3","bridge",3,43,508644,"DBSCAN",0,1,0.5,0,0,0,"ok","-"
"bridge_d3","bridge",3,43,508644,"MST",0,0.566137566137566,0.283068783068783,0,82,0,"ok","-"
"bridge_d3","bridge",3,43,508644,"ODIN",0,0.973544973544973,0.486772486772487,0,5,0,"ok","-"
"bridge_d3","bridge",3,43,508644,"iForest",0,0.947089947089947,0.473544973544974,0,10,0,"ok","-"
"bridge_d3","bridge",3,44,508645,"U-MCCD",0,1,0.5,0,0,0,"ok","-"
"bridge_d3","bridge",3,44,508645,"SU-MCCD",0,1,0.5,0,0,0,"ok","-"
"bridge_d3","bridge",3,44,508645,"UN-MCCD",0,1,0.5,0,0,0,"ok","-"
"bridge_d3","bridge",3,44,508645,"SUN-MCCD",0,1,0.5,0,0,0,"ok","-"
"bridge_d3","bridge",3,44,508645,"LOF",0,1,0.5,0,0,0,"ok","-"
"bridge_d3","bridge",3,44,508645,"DBSCAN",0,1,0.5,0,0,0,"ok","-"
"bridge_d3","bridge",3,44,508645,"MST",0.4,0.613756613756614,0.506878306878307,0.170940170940171,77,0,"ok","-"
"bridge_d3","bridge",3,44,508645,"ODIN",0,0.952380952380952,0.476190476190476,0,9,0,"ok","-"
"bridge_d3","bridge",3,44,508645,"iForest",0,0.941798941798942,0.470899470899471,0,11,0,"ok","-"
"bridge_d3","bridge",3,45,508646,"U-MCCD",0,0.994708994708995,0.497354497354497,0,1,0,"ok","-"
"bridge_d3","bridge",3,45,508646,"SU-MCCD",0,1,0.5,0,0,0,"ok","-"
"bridge_d3","bridge",3,45,508646,"UN-MCCD",0,1,0.5,0,0,0,"ok","-"
"bridge_d3","bridge",3,45,508646,"SUN-MCCD",0,1,0.5,0,0,0,"ok","-"
"bridge_d3","bridge",3,45,508646,"LOF",0,1,0.5,0,0,0,"ok","-"
"bridge_d3","bridge",3,45,508646,"DBSCAN",0,1,0.5,0,0,0,"ok","-"
"bridge_d3","bridge",3,45,508646,"MST",0,0.597883597883598,0.298941798941799,0,76,0,"ok","-"
"bridge_d3","bridge",3,45,508646,"ODIN",0,0.989417989417989,0.494708994708995,0,2,0,"ok","-"
"bridge_d3","bridge",3,45,508646,"iForest",0,0.941798941798942,0.470899470899471,0,11,0,"ok","-"
"bridge_d3","bridge",3,46,508647,"U-MCCD",0.5,0.989417989417989,0.744708994708995,0.531914893617021,7,0,"ok","-"
"bridge_d3","bridge",3,46,508647,"SU-MCCD",0,1,0.5,0,0,0,"ok","-"
"bridge_d3","bridge",3,46,508647,"UN-MCCD",0,0.994708994708995,0.497354497354497,0,1,0,"ok","-"
"bridge_d3","bridge",3,46,508647,"SUN-MCCD",0,1,0.5,0,0,0,"ok","-"
"bridge_d3","bridge",3,46,508647,"LOF",0,1,0.5,0,0,0,"ok","-"
"bridge_d3","bridge",3,46,508647,"DBSCAN",0,1,0.5,0,0,0,"ok","-"
"bridge_d3","bridge",3,46,508647,"MST",0,0.555555555555556,0.277777777777778,0,84,0,"ok","-"
"bridge_d3","bridge",3,46,508647,"ODIN",0,0.978835978835979,0.489417989417989,0,4,0,"ok","-"
"bridge_d3","bridge",3,46,508647,"iForest",0,0.941798941798942,0.470899470899471,0,11,0,"ok","-"
"bridge_d3","bridge",3,47,508648,"U-MCCD",0.5,0.994708994708995,0.747354497354497,0.543478260869565,6,0,"ok","-"
"bridge_d3","bridge",3,47,508648,"SU-MCCD",0,1,0.5,0,0,0,"ok","-"
"bridge_d3","bridge",3,47,508648,"UN-MCCD",0,1,0.5,0,0,0,"ok","-"
"bridge_d3","bridge",3,47,508648,"SUN-MCCD",0,1,0.5,0,0,0,"ok","-"
"bridge_d3","bridge",3,47,508648,"LOF",0,1,0.5,0,0,0,"ok","-"
"bridge_d3","bridge",3,47,508648,"DBSCAN",0,1,0.5,0,0,0,"ok","-"
"bridge_d3","bridge",3,47,508648,"MST",0.6,0.656084656084656,0.628042328042328,0.27027027027027,71,0,"ok","-"
"bridge_d3","bridge",3,47,508648,"ODIN",0,0.957671957671958,0.478835978835979,0,8,0,"ok","-"
"bridge_d3","bridge",3,47,508648,"iForest",0,0.947089947089947,0.473544973544974,0,10,0,"ok","-"
"bridge_d3","bridge",3,48,508649,"U-MCCD",0,1,0.5,0,0,0,"ok","-"
"bridge_d3","bridge",3,48,508649,"SU-MCCD",0,1,0.5,0,0,0,"ok","-"
"bridge_d3","bridge",3,48,508649,"UN-MCCD",0,1,0.5,0,0,0,"ok","-"
"bridge_d3","bridge",3,48,508649,"SUN-MCCD",0,1,0.5,0,0,0,"ok","-"
"bridge_d3","bridge",3,48,508649,"LOF",0,1,0.5,0,0,0,"ok","-"
"bridge_d3","bridge",3,48,508649,"DBSCAN",0,0.989417989417989,0.494708994708995,0,2,0,"ok","-"
"bridge_d3","bridge",3,48,508649,"MST",0.4,0.656084656084656,0.528042328042328,0.18348623853211,69,0,"ok","-"
"bridge_d3","bridge",3,48,508649,"ODIN",0,0.952380952380952,0.476190476190476,0,9,0,"ok","-"
"bridge_d3","bridge",3,48,508649,"iForest",0,0.962962962962963,0.481481481481481,0,7,0,"ok","-"
"bridge_d3","bridge",3,49,508650,"U-MCCD",0,0.994708994708995,0.497354497354497,0,1,0,"ok","-"
"bridge_d3","bridge",3,49,508650,"SU-MCCD",0,1,0.5,0,0,0,"ok","-"
"bridge_d3","bridge",3,49,508650,"UN-MCCD",0,1,0.5,0,0,0,"ok","-"
"bridge_d3","bridge",3,49,508650,"SUN-MCCD",0,1,0.5,0,0,0,"ok","-"
"bridge_d3","bridge",3,49,508650,"LOF",0,1,0.5,0,0,0,"ok","-"
"bridge_d3","bridge",3,49,508650,"DBSCAN",0,1,0.5,0,0,0,"ok","-"
"bridge_d3","bridge",3,49,508650,"MST",0.3,0.566137566137566,0.433068783068783,0.12,85,0,"ok","-"
"bridge_d3","bridge",3,49,508650,"ODIN",0,0.947089947089947,0.473544973544974,0,10,0,"ok","-"
"bridge_d3","bridge",3,49,508650,"iForest",0,0.936507936507937,0.468253968253968,0,12,0,"ok","-"
"bridge_d3","bridge",3,50,508651,"U-MCCD",0,0.994708994708995,0.497354497354497,0,1,0,"ok","-"
"bridge_d3","bridge",3,50,508651,"SU-MCCD",0,1,0.5,0,0,0,"ok","-"
"bridge_d3","bridge",3,50,508651,"UN-MCCD",0,1,0.5,0,0,0,"ok","-"
"bridge_d3","bridge",3,50,508651,"SUN-MCCD",0,1,0.5,0,0,0,"ok","-"
"bridge_d3","bridge",3,50,508651,"LOF",0,1,0.5,0,0,0,"ok","-"
"bridge_d3","bridge",3,50,508651,"DBSCAN",0,0.989417989417989,0.494708994708995,0,2,0,"ok","-"
"bridge_d3","bridge",3,50,508651,"MST",0.2,0.666666666666667,0.433333333333333,0.0952380952380952,65,0,"ok","-"
"bridge_d3","bridge",3,50,508651,"ODIN",0,0.968253968253968,0.484126984126984,0,6,0,"ok","-"
"bridge_d3","bridge",3,50,508651,"iForest",0,0.936507936507937,0.468253968253968,0,12,0,"ok","-"
"bridge_d3","bridge",3,51,508652,"U-MCCD",0,0.994708994708995,0.497354497354497,0,1,0,"ok","-"
"bridge_d3","bridge",3,51,508652,"SU-MCCD",0,1,0.5,0,0,0,"ok","-"
"bridge_d3","bridge",3,51,508652,"UN-MCCD",0,0.947089947089947,0.473544973544974,0,10,0,"ok","-"
"bridge_d3","bridge",3,51,508652,"SUN-MCCD",0,0.994708994708995,0.497354497354497,0,1,0,"ok","-"
"bridge_d3","bridge",3,51,508652,"LOF",0,1,0.5,0,0,0,"ok","-"
"bridge_d3","bridge",3,51,508652,"DBSCAN",0,1,0.5,0,0,0,"ok","-"
"bridge_d3","bridge",3,51,508652,"MST",0,0.656084656084656,0.328042328042328,0,65,0,"ok","-"
"bridge_d3","bridge",3,51,508652,"ODIN",0,0.947089947089947,0.473544973544974,0,10,0,"ok","-"
"bridge_d3","bridge",3,51,508652,"iForest",0,0.941798941798942,0.470899470899471,0,11,0,"ok","-"
"bridge_d3","bridge",3,52,508653,"U-MCCD",0.3,1,0.65,0.348837209302326,3,0,"ok","-"
"bridge_d3","bridge",3,52,508653,"SU-MCCD",0.3,1,0.65,0.348837209302326,3,0,"ok","-"
"bridge_d3","bridge",3,52,508653,"UN-MCCD",0,1,0.5,0,0,0,"ok","-"
"bridge_d3","bridge",3,52,508653,"SUN-MCCD",0,1,0.5,0,0,0,"ok","-"
"bridge_d3","bridge",3,52,508653,"LOF",0,1,0.5,0,0,0,"ok","-"
"bridge_d3","bridge",3,52,508653,"DBSCAN",0,0.989417989417989,0.494708994708995,0,2,0,"ok","-"
"bridge_d3","bridge",3,52,508653,"MST",0.5,0.671957671957672,0.585978835978836,0.233644859813084,67,0,"ok","-"
"bridge_d3","bridge",3,52,508653,"ODIN",0,0.968253968253968,0.484126984126984,0,6,0,"ok","-"
"bridge_d3","bridge",3,52,508653,"iForest",0,0.936507936507937,0.468253968253968,0,12,0,"ok","-"
"bridge_d3","bridge",3,53,508654,"U-MCCD",0,1,0.5,0,0,0,"ok","-"
"bridge_d3","bridge",3,53,508654,"SU-MCCD",0,1,0.5,0,0,0,"ok","-"
"bridge_d3","bridge",3,53,508654,"UN-MCCD",0.5,0.984126984126984,0.742063492063492,0.520833333333333,8,0,"ok","-"
"bridge_d3","bridge",3,53,508654,"SUN-MCCD",0,1,0.5,0,0,0,"ok","-"
"bridge_d3","bridge",3,53,508654,"LOF",0,1,0.5,0,0,0,"ok","-"
"bridge_d3","bridge",3,53,508654,"DBSCAN",0,1,0.5,0,0,0,"ok","-"
"bridge_d3","bridge",3,53,508654,"MST",0.3,0.624338624338624,0.462169312169312,0.131578947368421,74,0,"ok","-"
"bridge_d3","bridge",3,53,508654,"ODIN",0,0.978835978835979,0.489417989417989,0,4,0,"ok","-"
"bridge_d3","bridge",3,53,508654,"iForest",0,0.936507936507937,0.468253968253968,0,12,0,"ok","-"
"bridge_d3","bridge",3,54,508655,"U-MCCD",0,0.994708994708995,0.497354497354497,0,1,0,"ok","-"
"bridge_d3","bridge",3,54,508655,"SU-MCCD",0,1,0.5,0,0,0,"ok","-"
"bridge_d3","bridge",3,54,508655,"UN-MCCD",0,1,0.5,0,0,0,"ok","-"
"bridge_d3","bridge",3,54,508655,"SUN-MCCD",0,1,0.5,0,0,0,"ok","-"
"bridge_d3","bridge",3,54,508655,"LOF",0,1,0.5,0,0,0,"ok","-"
"bridge_d3","bridge",3,54,508655,"DBSCAN",0,1,0.5,0,0,0,"ok","-"
"bridge_d3","bridge",3,54,508655,"MST",0,0.613756613756614,0.306878306878307,0,73,0,"ok","-"
"bridge_d3","bridge",3,54,508655,"ODIN",0,0.957671957671958,0.478835978835979,0,8,0,"ok","-"
"bridge_d3","bridge",3,54,508655,"iForest",0,0.952380952380952,0.476190476190476,0,9,0,"ok","-"
"bridge_d3","bridge",3,55,508656,"U-MCCD",0,1,0.5,0,0,0,"ok","-"
"bridge_d3","bridge",3,55,508656,"SU-MCCD",0,1,0.5,0,0,0,"ok","-"
"bridge_d3","bridge",3,55,508656,"UN-MCCD",0,1,0.5,0,0,0,"ok","-"
"bridge_d3","bridge",3,55,508656,"SUN-MCCD",0,0.994708994708995,0.497354497354497,0,1,0,"ok","-"
"bridge_d3","bridge",3,55,508656,"LOF",0,1,0.5,0,0,0,"ok","-"
"bridge_d3","bridge",3,55,508656,"DBSCAN",0,0.994708994708995,0.497354497354497,0,1,0,"ok","-"
"bridge_d3","bridge",3,55,508656,"MST",0.3,0.613756613756614,0.456878306878307,0.129310344827586,76,0,"ok","-"
"bridge_d3","bridge",3,55,508656,"ODIN",0,0.968253968253968,0.484126984126984,0,6,0,"ok","-"
"bridge_d3","bridge",3,55,508656,"iForest",0,0.957671957671958,0.478835978835979,0,8,0,"ok","-"
"bridge_d3","bridge",3,56,508657,"U-MCCD",0.2,0.989417989417989,0.594708994708995,0.227272727272727,4,0,"ok","-"
"bridge_d3","bridge",3,56,508657,"SU-MCCD",0.2,1,0.6,0.238095238095238,2,0,"ok","-"
"bridge_d3","bridge",3,56,508657,"UN-MCCD",0.1,0.978835978835979,0.539417989417989,0.111111111111111,5,0,"ok","-"
"bridge_d3","bridge",3,56,508657,"SUN-MCCD",0.1,0.989417989417989,0.544708994708995,0.116279069767442,3,0,"ok","-"
"bridge_d3","bridge",3,56,508657,"LOF",0,1,0.5,0,0,0,"ok","-"
"bridge_d3","bridge",3,56,508657,"DBSCAN",0,1,0.5,0,0,0,"ok","-"
"bridge_d3","bridge",3,56,508657,"MST",0,0.613756613756614,0.306878306878307,0,73,0,"ok","-"
"bridge_d3","bridge",3,56,508657,"ODIN",0,0.973544973544973,0.486772486772487,0,5,0,"ok","-"
"bridge_d3","bridge",3,56,508657,"iForest",0,0.936507936507937,0.468253968253968,0,12,0,"ok","-"
"bridge_d3","bridge",3,57,508658,"U-MCCD",0.4,0.994708994708995,0.697354497354497,0.444444444444444,5,0,"ok","-"
"bridge_d3","bridge",3,57,508658,"SU-MCCD",0,1,0.5,0,0,0,"ok","-"
"bridge_d3","bridge",3,57,508658,"UN-MCCD",0.4,1,0.7,0.454545454545455,4,0,"ok","-"
"bridge_d3","bridge",3,57,508658,"SUN-MCCD",0,1,0.5,0,0,0,"ok","-"
"bridge_d3","bridge",3,57,508658,"LOF",0,1,0.5,0,0,0,"ok","-"
"bridge_d3","bridge",3,57,508658,"DBSCAN",0,1,0.5,0,0,0,"ok","-"
"bridge_d3","bridge",3,57,508658,"MST",0.6,0.497354497354497,0.548677248677249,0.212765957446809,101,0,"ok","-"
"bridge_d3","bridge",3,57,508658,"ODIN",0,1,0.5,0,0,0,"ok","-"
"bridge_d3","bridge",3,57,508658,"iForest",0,0.952380952380952,0.476190476190476,0,9,0,"ok","-"
"bridge_d3","bridge",3,58,508659,"U-MCCD",0,0.978835978835979,0.489417989417989,0,4,0,"ok","-"
"bridge_d3","bridge",3,58,508659,"SU-MCCD",0,1,0.5,0,0,0,"ok","-"
"bridge_d3","bridge",3,58,508659,"UN-MCCD",0,0.968253968253968,0.484126984126984,0,6,0,"ok","-"
"bridge_d3","bridge",3,58,508659,"SUN-MCCD",0,1,0.5,0,0,0,"ok","-"
"bridge_d3","bridge",3,58,508659,"LOF",0,1,0.5,0,0,0,"ok","-"
"bridge_d3","bridge",3,58,508659,"DBSCAN",0,1,0.5,0,0,0,"ok","-"
"bridge_d3","bridge",3,58,508659,"MST",0,0.560846560846561,0.28042328042328,0,83,0,"ok","-"
"bridge_d3","bridge",3,58,508659,"ODIN",0,0.984126984126984,0.492063492063492,0,3,0,"ok","-"
"bridge_d3","bridge",3,58,508659,"iForest",0,0.952380952380952,0.476190476190476,0,9,0,"ok","-"
"bridge_d3","bridge",3,59,508660,"U-MCCD",0,1,0.5,0,0,0,"ok","-"
"bridge_d3","bridge",3,59,508660,"SU-MCCD",0,1,0.5,0,0,0,"ok","-"
"bridge_d3","bridge",3,59,508660,"UN-MCCD",0,0.984126984126984,0.492063492063492,0,3,0,"ok","-"
"bridge_d3","bridge",3,59,508660,"SUN-MCCD",0,1,0.5,0,0,0,"ok","-"
"bridge_d3","bridge",3,59,508660,"LOF",0,1,0.5,0,0,0,"ok","-"
"bridge_d3","bridge",3,59,508660,"DBSCAN",0,1,0.5,0,0,0,"ok","-"
"bridge_d3","bridge",3,59,508660,"MST",0,0.529100529100529,0.264550264550265,0,89,0,"ok","-"
"bridge_d3","bridge",3,59,508660,"ODIN",0,0.968253968253968,0.484126984126984,0,6,0,"ok","-"
"bridge_d3","bridge",3,59,508660,"iForest",0,0.952380952380952,0.476190476190476,0,9,0,"ok","-"
"bridge_d3","bridge",3,60,508661,"U-MCCD",0,1,0.5,0,0,0,"ok","-"
"bridge_d3","bridge",3,60,508661,"SU-MCCD",0,1,0.5,0,0,0,"ok","-"
"bridge_d3","bridge",3,60,508661,"UN-MCCD",0,0.968253968253968,0.484126984126984,0,6,0,"ok","-"
"bridge_d3","bridge",3,60,508661,"SUN-MCCD",0,1,0.5,0,0,0,"ok","-"
"bridge_d3","bridge",3,60,508661,"LOF",0,1,0.5,0,0,0,"ok","-"
"bridge_d3","bridge",3,60,508661,"DBSCAN",0,0.994708994708995,0.497354497354497,0,1,0,"ok","-"
"bridge_d3","bridge",3,60,508661,"MST",0,0.518518518518518,0.259259259259259,0,91,0,"ok","-"
"bridge_d3","bridge",3,60,508661,"ODIN",0,0.962962962962963,0.481481481481481,0,7,0,"ok","-"
"bridge_d3","bridge",3,60,508661,"iForest",0,0.941798941798942,0.470899470899471,0,11,0,"ok","-"
"bridge_d3","bridge",3,61,508662,"U-MCCD",0,0.978835978835979,0.489417989417989,0,4,0,"ok","-"
"bridge_d3","bridge",3,61,508662,"SU-MCCD",0,1,0.5,0,0,0,"ok","-"
"bridge_d3","bridge",3,61,508662,"UN-MCCD",0,1,0.5,0,0,0,"ok","-"
"bridge_d3","bridge",3,61,508662,"SUN-MCCD",0,1,0.5,0,0,0,"ok","-"
"bridge_d3","bridge",3,61,508662,"LOF",0,1,0.5,0,0,0,"ok","-"
"bridge_d3","bridge",3,61,508662,"DBSCAN",0,1,0.5,0,0,0,"ok","-"
"bridge_d3","bridge",3,61,508662,"MST",0,0.613756613756614,0.306878306878307,0,73,0,"ok","-"
"bridge_d3","bridge",3,61,508662,"ODIN",0,0.989417989417989,0.494708994708995,0,2,0,"ok","-"
"bridge_d3","bridge",3,61,508662,"iForest",0,0.962962962962963,0.481481481481481,0,7,0,"ok","-"
"bridge_d3","bridge",3,62,508663,"U-MCCD",0,1,0.5,0,0,0,"ok","-"
"bridge_d3","bridge",3,62,508663,"SU-MCCD",0,0.994708994708995,0.497354497354497,0,1,0,"ok","-"
"bridge_d3","bridge",3,62,508663,"UN-MCCD",0,0.994708994708995,0.497354497354497,0,1,0,"ok","-"
"bridge_d3","bridge",3,62,508663,"SUN-MCCD",0,0.994708994708995,0.497354497354497,0,1,0,"ok","-"
"bridge_d3","bridge",3,62,508663,"LOF",0,1,0.5,0,0,0,"ok","-"
"bridge_d3","bridge",3,62,508663,"DBSCAN",0,1,0.5,0,0,0,"ok","-"
"bridge_d3","bridge",3,62,508663,"MST",0,0.53968253968254,0.26984126984127,0,87,0,"ok","-"
"bridge_d3","bridge",3,62,508663,"ODIN",0,0.962962962962963,0.481481481481481,0,7,0,"ok","-"
"bridge_d3","bridge",3,62,508663,"iForest",0,0.947089947089947,0.473544973544974,0,10,0,"ok","-"
"bridge_d3","bridge",3,63,508664,"U-MCCD",0,0.994708994708995,0.497354497354497,0,1,0,"ok","-"
"bridge_d3","bridge",3,63,508664,"SU-MCCD",0,1,0.5,0,0,0,"ok","-"
"bridge_d3","bridge",3,63,508664,"UN-MCCD",0,0.989417989417989,0.494708994708995,0,2,0,"ok","-"
"bridge_d3","bridge",3,63,508664,"SUN-MCCD",0,1,0.5,0,0,0,"ok","-"
"bridge_d3","bridge",3,63,508664,"LOF",0,1,0.5,0,0,0,"ok","-"
"bridge_d3","bridge",3,63,508664,"DBSCAN",0,1,0.5,0,0,0,"ok","-"
"bridge_d3","bridge",3,63,508664,"MST",0,0.576719576719577,0.288359788359788,0,80,0,"ok","-"
"bridge_d3","bridge",3,63,508664,"ODIN",0,0.968253968253968,0.484126984126984,0,6,0,"ok","-"
"bridge_d3","bridge",3,63,508664,"iForest",0,0.936507936507937,0.468253968253968,0,12,0,"ok","-"
"bridge_d3","bridge",3,64,508665,"U-MCCD",0,0.984126984126984,0.492063492063492,0,3,0,"ok","-"
"bridge_d3","bridge",3,64,508665,"SU-MCCD",0,1,0.5,0,0,0,"ok","-"
"bridge_d3","bridge",3,64,508665,"UN-MCCD",0,0.994708994708995,0.497354497354497,0,1,0,"ok","-"
"bridge_d3","bridge",3,64,508665,"SUN-MCCD",0,0.994708994708995,0.497354497354497,0,1,0,"ok","-"
"bridge_d3","bridge",3,64,508665,"LOF",0,1,0.5,0,0,0,"ok","-"
"bridge_d3","bridge",3,64,508665,"DBSCAN",0,0.994708994708995,0.497354497354497,0,1,0,"ok","-"
"bridge_d3","bridge",3,64,508665,"MST",0,0.608465608465608,0.304232804232804,0,74,0,"ok","-"
"bridge_d3","bridge",3,64,508665,"ODIN",0,0.978835978835979,0.489417989417989,0,4,0,"ok","-"
"bridge_d3","bridge",3,64,508665,"iForest",0,0.925925925925926,0.462962962962963,0,14,0,"ok","-"
"bridge_d3","bridge",3,65,508666,"U-MCCD",0.2,0.994708994708995,0.597354497354497,0.232558139534884,3,0,"ok","-"
"bridge_d3","bridge",3,65,508666,"SU-MCCD",0.2,1,0.6,0.238095238095238,2,0,"ok","-"
"bridge_d3","bridge",3,65,508666,"UN-MCCD",0.3,1,0.65,0.348837209302326,3,0,"ok","-"
"bridge_d3","bridge",3,65,508666,"SUN-MCCD",0,1,0.5,0,0,0,"ok","-"
"bridge_d3","bridge",3,65,508666,"LOF",0,1,0.5,0,0,0,"ok","-"
"bridge_d3","bridge",3,65,508666,"DBSCAN",0,1,0.5,0,0,0,"ok","-"
"bridge_d3","bridge",3,65,508666,"MST",0.2,0.571428571428571,0.385714285714286,0.0813008130081301,83,0,"ok","-"
"bridge_d3","bridge",3,65,508666,"ODIN",0,0.968253968253968,0.484126984126984,0,6,0,"ok","-"
"bridge_d3","bridge",3,65,508666,"iForest",0,0.925925925925926,0.462962962962963,0,14,0,"ok","-"
"bridge_d3","bridge",3,66,508667,"U-MCCD",0,0.989417989417989,0.494708994708995,0,2,0,"ok","-"
"bridge_d3","bridge",3,66,508667,"SU-MCCD",0,1,0.5,0,0,0,"ok","-"
"bridge_d3","bridge",3,66,508667,"UN-MCCD",0,1,0.5,0,0,0,"ok","-"
"bridge_d3","bridge",3,66,508667,"SUN-MCCD",0,1,0.5,0,0,0,"ok","-"
"bridge_d3","bridge",3,66,508667,"LOF",0,1,0.5,0,0,0,"ok","-"
"bridge_d3","bridge",3,66,508667,"DBSCAN",0,1,0.5,0,0,0,"ok","-"
"bridge_d3","bridge",3,66,508667,"MST",0,0.555555555555556,0.277777777777778,0,84,0,"ok","-"
"bridge_d3","bridge",3,66,508667,"ODIN",0,0.994708994708995,0.497354497354497,0,1,0,"ok","-"
"bridge_d3","bridge",3,66,508667,"iForest",0,0.936507936507937,0.468253968253968,0,12,0,"ok","-"
"bridge_d3","bridge",3,67,508668,"U-MCCD",0,0.994708994708995,0.497354497354497,0,1,0,"ok","-"
"bridge_d3","bridge",3,67,508668,"SU-MCCD",0,1,0.5,0,0,0,"ok","-"
"bridge_d3","bridge",3,67,508668,"UN-MCCD",0,1,0.5,0,0,0,"ok","-"
"bridge_d3","bridge",3,67,508668,"SUN-MCCD",0,1,0.5,0,0,0,"ok","-"
"bridge_d3","bridge",3,67,508668,"LOF",0,1,0.5,0,0,0,"ok","-"
"bridge_d3","bridge",3,67,508668,"DBSCAN",0,0.989417989417989,0.494708994708995,0,2,0,"ok","-"
"bridge_d3","bridge",3,67,508668,"MST",0,0.62962962962963,0.314814814814815,0,70,0,"ok","-"
"bridge_d3","bridge",3,67,508668,"ODIN",0,0.973544973544973,0.486772486772487,0,5,0,"ok","-"
"bridge_d3","bridge",3,67,508668,"iForest",0,0.952380952380952,0.476190476190476,0,9,0,"ok","-"
"bridge_d3","bridge",3,68,508669,"U-MCCD",0.2,0.989417989417989,0.594708994708995,0.227272727272727,4,0,"ok","-"
"bridge_d3","bridge",3,68,508669,"SU-MCCD",0.2,1,0.6,0.238095238095238,2,0,"ok","-"
"bridge_d3","bridge",3,68,508669,"UN-MCCD",0,1,0.5,0,0,0,"ok","-"
"bridge_d3","bridge",3,68,508669,"SUN-MCCD",0,1,0.5,0,0,0,"ok","-"
"bridge_d3","bridge",3,68,508669,"LOF",0,1,0.5,0,0,0,"ok","-"
"bridge_d3","bridge",3,68,508669,"DBSCAN",0,0.989417989417989,0.494708994708995,0,2,0,"ok","-"
"bridge_d3","bridge",3,68,508669,"MST",0,0.645502645502645,0.322751322751323,0,67,0,"ok","-"
"bridge_d3","bridge",3,68,508669,"ODIN",0,0.968253968253968,0.484126984126984,0,6,0,"ok","-"
"bridge_d3","bridge",3,68,508669,"iForest",0,0.962962962962963,0.481481481481481,0,7,0,"ok","-"
"bridge_d3","bridge",3,69,508670,"U-MCCD",0,1,0.5,0,0,0,"ok","-"
"bridge_d3","bridge",3,69,508670,"SU-MCCD",0,1,0.5,0,0,0,"ok","-"
"bridge_d3","bridge",3,69,508670,"UN-MCCD",0,0.989417989417989,0.494708994708995,0,2,0,"ok","-"
"bridge_d3","bridge",3,69,508670,"SUN-MCCD",0,0.994708994708995,0.497354497354497,0,1,0,"ok","-"
"bridge_d3","bridge",3,69,508670,"LOF",0,1,0.5,0,0,0,"ok","-"
"bridge_d3","bridge",3,69,508670,"DBSCAN",0,1,0.5,0,0,0,"ok","-"
"bridge_d3","bridge",3,69,508670,"MST",0,0.582010582010582,0.291005291005291,0,79,0,"ok","-"
"bridge_d3","bridge",3,69,508670,"ODIN",0,0.957671957671958,0.478835978835979,0,8,0,"ok","-"
"bridge_d3","bridge",3,69,508670,"iForest",0,0.952380952380952,0.476190476190476,0,9,0,"ok","-"
"bridge_d3","bridge",3,70,508671,"U-MCCD",0,0.962962962962963,0.481481481481481,0,7,0,"ok","-"
"bridge_d3","bridge",3,70,508671,"SU-MCCD",0,1,0.5,0,0,0,"ok","-"
"bridge_d3","bridge",3,70,508671,"UN-MCCD",0,0.978835978835979,0.489417989417989,0,4,0,"ok","-"
"bridge_d3","bridge",3,70,508671,"SUN-MCCD",0,1,0.5,0,0,0,"ok","-"
"bridge_d3","bridge",3,70,508671,"LOF",0,1,0.5,0,0,0,"ok","-"
"bridge_d3","bridge",3,70,508671,"DBSCAN",0,0.989417989417989,0.494708994708995,0,2,0,"ok","-"
"bridge_d3","bridge",3,70,508671,"MST",0.3,0.634920634920635,0.467460317460317,0.133928571428571,72,0,"ok","-"
"bridge_d3","bridge",3,70,508671,"ODIN",0,0.968253968253968,0.484126984126984,0,6,0,"ok","-"
"bridge_d3","bridge",3,70,508671,"iForest",0,0.941798941798942,0.470899470899471,0,11,0,"ok","-"
"bridge_d3","bridge",3,71,508672,"U-MCCD",0,0.994708994708995,0.497354497354497,0,1,0,"ok","-"
"bridge_d3","bridge",3,71,508672,"SU-MCCD",0,1,0.5,0,0,0,"ok","-"
"bridge_d3","bridge",3,71,508672,"UN-MCCD",0,1,0.5,0,0,0,"ok","-"
"bridge_d3","bridge",3,71,508672,"SUN-MCCD",0,1,0.5,0,0,0,"ok","-"
"bridge_d3","bridge",3,71,508672,"LOF",0,1,0.5,0,0,0,"ok","-"
"bridge_d3","bridge",3,71,508672,"DBSCAN",0,1,0.5,0,0,0,"ok","-"
"bridge_d3","bridge",3,71,508672,"MST",0,0.645502645502645,0.322751322751323,0,67,0,"ok","-"
"bridge_d3","bridge",3,71,508672,"ODIN",0,0.978835978835979,0.489417989417989,0,4,0,"ok","-"
"bridge_d3","bridge",3,71,508672,"iForest",0,0.947089947089947,0.473544973544974,0,10,0,"ok","-"
"bridge_d3","bridge",3,72,508673,"U-MCCD",0,1,0.5,0,0,0,"ok","-"
"bridge_d3","bridge",3,72,508673,"SU-MCCD",0,1,0.5,0,0,0,"ok","-"
"bridge_d3","bridge",3,72,508673,"UN-MCCD",0,1,0.5,0,0,0,"ok","-"
"bridge_d3","bridge",3,72,508673,"SUN-MCCD",0,1,0.5,0,0,0,"ok","-"
"bridge_d3","bridge",3,72,508673,"LOF",0,1,0.5,0,0,0,"ok","-"
"bridge_d3","bridge",3,72,508673,"DBSCAN",0,1,0.5,0,0,0,"ok","-"
"bridge_d3","bridge",3,72,508673,"MST",0,0.624338624338624,0.312169312169312,0,71,0,"ok","-"
"bridge_d3","bridge",3,72,508673,"ODIN",0,0.984126984126984,0.492063492063492,0,3,0,"ok","-"
"bridge_d3","bridge",3,72,508673,"iForest",0,0.931216931216931,0.465608465608466,0,13,0,"ok","-"
"bridge_d3","bridge",3,73,508674,"U-MCCD",0,0.994708994708995,0.497354497354497,0,1,0,"ok","-"
"bridge_d3","bridge",3,73,508674,"SU-MCCD",0,0.994708994708995,0.497354497354497,0,1,0,"ok","-"
"bridge_d3","bridge",3,73,508674,"UN-MCCD",0,0.994708994708995,0.497354497354497,0,1,0,"ok","-"
"bridge_d3","bridge",3,73,508674,"SUN-MCCD",0,0.994708994708995,0.497354497354497,0,1,0,"ok","-"
"bridge_d3","bridge",3,73,508674,"LOF",0,1,0.5,0,0,0,"ok","-"
"bridge_d3","bridge",3,73,508674,"DBSCAN",0,1,0.5,0,0,0,"ok","-"
"bridge_d3","bridge",3,73,508674,"MST",0,0.656084656084656,0.328042328042328,0,65,0,"ok","-"
"bridge_d3","bridge",3,73,508674,"ODIN",0,0.973544973544973,0.486772486772487,0,5,0,"ok","-"
"bridge_d3","bridge",3,73,508674,"iForest",0,0.936507936507937,0.468253968253968,0,12,0,"ok","-"
"bridge_d3","bridge",3,74,508675,"U-MCCD",0.3,0.973544973544973,0.636772486772487,0.3125,8,0,"ok","-"
"bridge_d3","bridge",3,74,508675,"SU-MCCD",0,0.994708994708995,0.497354497354497,0,1,0,"ok","-"
"bridge_d3","bridge",3,74,508675,"UN-MCCD",0,0.973544973544973,0.486772486772487,0,5,0,"ok","-"
"bridge_d3","bridge",3,74,508675,"SUN-MCCD",0,0.994708994708995,0.497354497354497,0,1,0,"ok","-"
"bridge_d3","bridge",3,74,508675,"LOF",0,0.994708994708995,0.497354497354497,0,1,0,"ok","-"
"bridge_d3","bridge",3,74,508675,"DBSCAN",0,0.994708994708995,0.497354497354497,0,1,0,"ok","-"
"bridge_d3","bridge",3,74,508675,"MST",0,0.582010582010582,0.291005291005291,0,79,0,"ok","-"
"bridge_d3","bridge",3,74,508675,"ODIN",0,0.936507936507937,0.468253968253968,0,12,0,"ok","-"
"bridge_d3","bridge",3,74,508675,"iForest",0,0.936507936507937,0.468253968253968,0,12,0,"ok","-"
"bridge_d3","bridge",3,75,508676,"U-MCCD",0,1,0.5,0,0,0,"ok","-"
"bridge_d3","bridge",3,75,508676,"SU-MCCD",0,1,0.5,0,0,0,"ok","-"
"bridge_d3","bridge",3,75,508676,"UN-MCCD",0,0.968253968253968,0.484126984126984,0,6,0,"ok","-"
"bridge_d3","bridge",3,75,508676,"SUN-MCCD",0,0.989417989417989,0.494708994708995,0,2,0,"ok","-"
"bridge_d3","bridge",3,75,508676,"LOF",0,1,0.5,0,0,0,"ok","-"
"bridge_d3","bridge",3,75,508676,"DBSCAN",0,1,0.5,0,0,0,"ok","-"
"bridge_d3","bridge",3,75,508676,"MST",0,0.645502645502645,0.322751322751323,0,67,0,"ok","-"
"bridge_d3","bridge",3,75,508676,"ODIN",0,0.973544973544973,0.486772486772487,0,5,0,"ok","-"
"bridge_d3","bridge",3,75,508676,"iForest",0,0.925925925925926,0.462962962962963,0,14,0,"ok","-"
"bridge_d3","bridge",3,76,508677,"U-MCCD",0,1,0.5,0,0,0,"ok","-"
"bridge_d3","bridge",3,76,508677,"SU-MCCD",0,1,0.5,0,0,0,"ok","-"
"bridge_d3","bridge",3,76,508677,"UN-MCCD",0,0.994708994708995,0.497354497354497,0,1,0,"ok","-"
"bridge_d3","bridge",3,76,508677,"SUN-MCCD",0,1,0.5,0,0,0,"ok","-"
"bridge_d3","bridge",3,76,508677,"LOF",0,1,0.5,0,0,0,"ok","-"
"bridge_d3","bridge",3,76,508677,"DBSCAN",0,1,0.5,0,0,0,"ok","-"
"bridge_d3","bridge",3,76,508677,"MST",0,0.529100529100529,0.264550264550265,0,89,0,"ok","-"
"bridge_d3","bridge",3,76,508677,"ODIN",0,0.989417989417989,0.494708994708995,0,2,0,"ok","-"
"bridge_d3","bridge",3,76,508677,"iForest",0,0.962962962962963,0.481481481481481,0,7,0,"ok","-"
"bridge_d3","bridge",3,77,508678,"U-MCCD",0,1,0.5,0,0,0,"ok","-"
"bridge_d3","bridge",3,77,508678,"SU-MCCD",0,1,0.5,0,0,0,"ok","-"
"bridge_d3","bridge",3,77,508678,"UN-MCCD",0,1,0.5,0,0,0,"ok","-"
"bridge_d3","bridge",3,77,508678,"SUN-MCCD",0,1,0.5,0,0,0,"ok","-"
"bridge_d3","bridge",3,77,508678,"LOF",0,1,0.5,0,0,0,"ok","-"
"bridge_d3","bridge",3,77,508678,"DBSCAN",0,1,0.5,0,0,0,"ok","-"
"bridge_d3","bridge",3,77,508678,"MST",0.2,0.619047619047619,0.40952380952381,0.087719298245614,74,0,"ok","-"
"bridge_d3","bridge",3,77,508678,"ODIN",0,0.989417989417989,0.494708994708995,0,2,0,"ok","-"
"bridge_d3","bridge",3,77,508678,"iForest",0,0.941798941798942,0.470899470899471,0,11,0,"ok","-"
"bridge_d3","bridge",3,78,508679,"U-MCCD",0,1,0.5,0,0,0,"ok","-"
"bridge_d3","bridge",3,78,508679,"SU-MCCD",0,1,0.5,0,0,0,"ok","-"
"bridge_d3","bridge",3,78,508679,"UN-MCCD",0,1,0.5,0,0,0,"ok","-"
"bridge_d3","bridge",3,78,508679,"SUN-MCCD",0,1,0.5,0,0,0,"ok","-"
"bridge_d3","bridge",3,78,508679,"LOF",0,1,0.5,0,0,0,"ok","-"
"bridge_d3","bridge",3,78,508679,"DBSCAN",0,1,0.5,0,0,0,"ok","-"
"bridge_d3","bridge",3,78,508679,"MST",0.4,0.560846560846561,0.48042328042328,0.15748031496063,87,0,"ok","-"
"bridge_d3","bridge",3,78,508679,"ODIN",0,0.952380952380952,0.476190476190476,0,9,0,"ok","-"
"bridge_d3","bridge",3,78,508679,"iForest",0,0.931216931216931,0.465608465608466,0,13,0,"ok","-"
"bridge_d3","bridge",3,79,508680,"U-MCCD",0,0.989417989417989,0.494708994708995,0,2,0,"ok","-"
"bridge_d3","bridge",3,79,508680,"SU-MCCD",0,1,0.5,0,0,0,"ok","-"
"bridge_d3","bridge",3,79,508680,"UN-MCCD",0,1,0.5,0,0,0,"ok","-"
"bridge_d3","bridge",3,79,508680,"SUN-MCCD",0,1,0.5,0,0,0,"ok","-"
"bridge_d3","bridge",3,79,508680,"LOF",0,1,0.5,0,0,0,"ok","-"
"bridge_d3","bridge",3,79,508680,"DBSCAN",0,1,0.5,0,0,0,"ok","-"
"bridge_d3","bridge",3,79,508680,"MST",0.2,0.64021164021164,0.42010582010582,0.0909090909090909,70,0,"ok","-"
"bridge_d3","bridge",3,79,508680,"ODIN",0,0.941798941798942,0.470899470899471,0,11,0,"ok","-"
"bridge_d3","bridge",3,79,508680,"iForest",0,0.936507936507937,0.468253968253968,0,12,0,"ok","-"
"bridge_d3","bridge",3,80,508681,"U-MCCD",0,1,0.5,0,0,0,"ok","-"
"bridge_d3","bridge",3,80,508681,"SU-MCCD",0,1,0.5,0,0,0,"ok","-"
"bridge_d3","bridge",3,80,508681,"UN-MCCD",0,1,0.5,0,0,0,"ok","-"
"bridge_d3","bridge",3,80,508681,"SUN-MCCD",0,1,0.5,0,0,0,"ok","-"
"bridge_d3","bridge",3,80,508681,"LOF",0,1,0.5,0,0,0,"ok","-"
"bridge_d3","bridge",3,80,508681,"DBSCAN",0,1,0.5,0,0,0,"ok","-"
"bridge_d3","bridge",3,80,508681,"MST",0,0.687830687830688,0.343915343915344,0,59,0,"ok","-"
"bridge_d3","bridge",3,80,508681,"ODIN",0,0.978835978835979,0.489417989417989,0,4,0,"ok","-"
"bridge_d3","bridge",3,80,508681,"iForest",0,0.941798941798942,0.470899470899471,0,11,0,"ok","-"
"bridge_d3","bridge",3,81,508682,"U-MCCD",0,1,0.5,0,0,0,"ok","-"
"bridge_d3","bridge",3,81,508682,"SU-MCCD",0,1,0.5,0,0,0,"ok","-"
"bridge_d3","bridge",3,81,508682,"UN-MCCD",0,0.962962962962963,0.481481481481481,0,7,0,"ok","-"
"bridge_d3","bridge",3,81,508682,"SUN-MCCD",0,1,0.5,0,0,0,"ok","-"
"bridge_d3","bridge",3,81,508682,"LOF",0,1,0.5,0,0,0,"ok","-"
"bridge_d3","bridge",3,81,508682,"DBSCAN",0,1,0.5,0,0,0,"ok","-"
"bridge_d3","bridge",3,81,508682,"MST",0,0.534391534391534,0.267195767195767,0,88,0,"ok","-"
"bridge_d3","bridge",3,81,508682,"ODIN",0,0.962962962962963,0.481481481481481,0,7,0,"ok","-"
"bridge_d3","bridge",3,81,508682,"iForest",0,0.936507936507937,0.468253968253968,0,12,0,"ok","-"
"bridge_d3","bridge",3,82,508683,"U-MCCD",0,0.968253968253968,0.484126984126984,0,6,0,"ok","-"
"bridge_d3","bridge",3,82,508683,"SU-MCCD",0,1,0.5,0,0,0,"ok","-"
"bridge_d3","bridge",3,82,508683,"UN-MCCD",0,0.968253968253968,0.484126984126984,0,6,0,"ok","-"
"bridge_d3","bridge",3,82,508683,"SUN-MCCD",0,0.968253968253968,0.484126984126984,0,6,0,"ok","-"
"bridge_d3","bridge",3,82,508683,"LOF",0,1,0.5,0,0,0,"ok","-"
"bridge_d3","bridge",3,82,508683,"DBSCAN",0,1,0.5,0,0,0,"ok","-"
"bridge_d3","bridge",3,82,508683,"MST",0,0.523809523809524,0.261904761904762,0,90,0,"ok","-"
"bridge_d3","bridge",3,82,508683,"ODIN",0,0.968253968253968,0.484126984126984,0,6,0,"ok","-"
"bridge_d3","bridge",3,82,508683,"iForest",0,0.931216931216931,0.465608465608466,0,13,0,"ok","-"
"bridge_d3","bridge",3,83,508684,"U-MCCD",0,0.984126984126984,0.492063492063492,0,3,0,"ok","-"
"bridge_d3","bridge",3,83,508684,"SU-MCCD",0,0.994708994708995,0.497354497354497,0,1,0,"ok","-"
"bridge_d3","bridge",3,83,508684,"UN-MCCD",0,0.984126984126984,0.492063492063492,0,3,0,"ok","-"
"bridge_d3","bridge",3,83,508684,"SUN-MCCD",0,0.994708994708995,0.497354497354497,0,1,0,"ok","-"
"bridge_d3","bridge",3,83,508684,"LOF",0,1,0.5,0,0,0,"ok","-"
"bridge_d3","bridge",3,83,508684,"DBSCAN",0,0.989417989417989,0.494708994708995,0,2,0,"ok","-"
"bridge_d3","bridge",3,83,508684,"MST",0.6,0.560846560846561,0.58042328042328,0.232558139534884,89,0,"ok","-"
"bridge_d3","bridge",3,83,508684,"ODIN",0,0.973544973544973,0.486772486772487,0,5,0,"ok","-"
"bridge_d3","bridge",3,83,508684,"iForest",0,0.957671957671958,0.478835978835979,0,8,0,"ok","-"
"bridge_d3","bridge",3,84,508685,"U-MCCD",0,1,0.5,0,0,0,"ok","-"
"bridge_d3","bridge",3,84,508685,"SU-MCCD",0,1,0.5,0,0,0,"ok","-"
"bridge_d3","bridge",3,84,508685,"UN-MCCD",0,1,0.5,0,0,0,"ok","-"
"bridge_d3","bridge",3,84,508685,"SUN-MCCD",0,1,0.5,0,0,0,"ok","-"
"bridge_d3","bridge",3,84,508685,"LOF",0,1,0.5,0,0,0,"ok","-"
"bridge_d3","bridge",3,84,508685,"DBSCAN",0,1,0.5,0,0,0,"ok","-"
"bridge_d3","bridge",3,84,508685,"MST",0,0.603174603174603,0.301587301587302,0,75,0,"ok","-"
"bridge_d3","bridge",3,84,508685,"ODIN",0,0.936507936507937,0.468253968253968,0,12,0,"ok","-"
"bridge_d3","bridge",3,84,508685,"iForest",0,0.957671957671958,0.478835978835979,0,8,0,"ok","-"
"bridge_d3","bridge",3,85,508686,"U-MCCD",0.2,0.952380952380952,0.576190476190476,0.196078431372549,11,0,"ok","-"
"bridge_d3","bridge",3,85,508686,"SU-MCCD",0.2,1,0.6,0.238095238095238,2,0,"ok","-"
"bridge_d3","bridge",3,85,508686,"UN-MCCD",0.2,0.957671957671958,0.578835978835979,0.2,10,0,"ok","-"
"bridge_d3","bridge",3,85,508686,"SUN-MCCD",0.2,0.984126984126984,0.592063492063492,0.222222222222222,5,0,"ok","-"
"bridge_d3","bridge",3,85,508686,"LOF",0,1,0.5,0,0,0,"ok","-"
"bridge_d3","bridge",3,85,508686,"DBSCAN",0,0.989417989417989,0.494708994708995,0,2,0,"ok","-"
"bridge_d3","bridge",3,85,508686,"MST",0,0.624338624338624,0.312169312169312,0,71,0,"ok","-"
"bridge_d3","bridge",3,85,508686,"ODIN",0,0.957671957671958,0.478835978835979,0,8,0,"ok","-"
"bridge_d3","bridge",3,85,508686,"iForest",0,0.936507936507937,0.468253968253968,0,12,0,"ok","-"
"bridge_d3","bridge",3,86,508687,"U-MCCD",0,1,0.5,0,0,0,"ok","-"
"bridge_d3","bridge",3,86,508687,"SU-MCCD",0,1,0.5,0,0,0,"ok","-"
"bridge_d3","bridge",3,86,508687,"UN-MCCD",0,0.984126984126984,0.492063492063492,0,3,0,"ok","-"
"bridge_d3","bridge",3,86,508687,"SUN-MCCD",0,0.989417989417989,0.494708994708995,0,2,0,"ok","-"
"bridge_d3","bridge",3,86,508687,"LOF",0,1,0.5,0,0,0,"ok","-"
"bridge_d3","bridge",3,86,508687,"DBSCAN",0,1,0.5,0,0,0,"ok","-"
"bridge_d3","bridge",3,86,508687,"MST",0,0.560846560846561,0.28042328042328,0,83,0,"ok","-"
"bridge_d3","bridge",3,86,508687,"ODIN",0,0.947089947089947,0.473544973544974,0,10,0,"ok","-"
"bridge_d3","bridge",3,86,508687,"iForest",0,0.952380952380952,0.476190476190476,0,9,0,"ok","-"
"bridge_d3","bridge",3,87,508688,"U-MCCD",0,0.994708994708995,0.497354497354497,0,1,0,"ok","-"
"bridge_d3","bridge",3,87,508688,"SU-MCCD",0,1,0.5,0,0,0,"ok","-"
"bridge_d3","bridge",3,87,508688,"UN-MCCD",0,0.994708994708995,0.497354497354497,0,1,0,"ok","-"
"bridge_d3","bridge",3,87,508688,"SUN-MCCD",0,1,0.5,0,0,0,"ok","-"
"bridge_d3","bridge",3,87,508688,"LOF",0,1,0.5,0,0,0,"ok","-"
"bridge_d3","bridge",3,87,508688,"DBSCAN",0,0.994708994708995,0.497354497354497,0,1,0,"ok","-"
"bridge_d3","bridge",3,87,508688,"MST",0,0.603174603174603,0.301587301587302,0,75,0,"ok","-"
"bridge_d3","bridge",3,87,508688,"ODIN",0.1,0.989417989417989,0.544708994708995,0.116279069767442,3,0,"ok","-"
"bridge_d3","bridge",3,87,508688,"iForest",0,0.962962962962963,0.481481481481481,0,7,0,"ok","-"
"bridge_d3","bridge",3,88,508689,"U-MCCD",0,0.973544973544973,0.486772486772487,0,5,0,"ok","-"
"bridge_d3","bridge",3,88,508689,"SU-MCCD",0,0.994708994708995,0.497354497354497,0,1,0,"ok","-"
"bridge_d3","bridge",3,88,508689,"UN-MCCD",0,0.984126984126984,0.492063492063492,0,3,0,"ok","-"
"bridge_d3","bridge",3,88,508689,"SUN-MCCD",0,0.994708994708995,0.497354497354497,0,1,0,"ok","-"
"bridge_d3","bridge",3,88,508689,"LOF",0,1,0.5,0,0,0,"ok","-"
"bridge_d3","bridge",3,88,508689,"DBSCAN",0,1,0.5,0,0,0,"ok","-"
"bridge_d3","bridge",3,88,508689,"MST",0,0.608465608465608,0.304232804232804,0,74,0,"ok","-"
"bridge_d3","bridge",3,88,508689,"ODIN",0,0.941798941798942,0.470899470899471,0,11,0,"ok","-"
"bridge_d3","bridge",3,88,508689,"iForest",0,0.920634920634921,0.46031746031746,0,15,0,"ok","-"
"bridge_d3","bridge",3,89,508690,"U-MCCD",0,1,0.5,0,0,0,"ok","-"
"bridge_d3","bridge",3,89,508690,"SU-MCCD",0.4,1,0.7,0.454545454545455,4,0,"ok","-"
"bridge_d3","bridge",3,89,508690,"UN-MCCD",0,1,0.5,0,0,0,"ok","-"
"bridge_d3","bridge",3,89,508690,"SUN-MCCD",0.4,1,0.7,0.454545454545455,4,0,"ok","-"
"bridge_d3","bridge",3,89,508690,"LOF",0,1,0.5,0,0,0,"ok","-"
"bridge_d3","bridge",3,89,508690,"DBSCAN",0,1,0.5,0,0,0,"ok","-"
"bridge_d3","bridge",3,89,508690,"MST",0.2,0.687830687830688,0.443915343915344,0.099009900990099,61,0,"ok","-"
"bridge_d3","bridge",3,89,508690,"ODIN",0,0.968253968253968,0.484126984126984,0,6,0,"ok","-"
"bridge_d3","bridge",3,89,508690,"iForest",0,0.952380952380952,0.476190476190476,0,9,0,"ok","-"
"bridge_d3","bridge",3,90,508691,"U-MCCD",0,1,0.5,0,0,0,"ok","-"
"bridge_d3","bridge",3,90,508691,"SU-MCCD",0,1,0.5,0,0,0,"ok","-"
"bridge_d3","bridge",3,90,508691,"UN-MCCD",0.3,1,0.65,0.348837209302326,3,0,"ok","-"
"bridge_d3","bridge",3,90,508691,"SUN-MCCD",0,1,0.5,0,0,0,"ok","-"
"bridge_d3","bridge",3,90,508691,"LOF",0,1,0.5,0,0,0,"ok","-"
"bridge_d3","bridge",3,90,508691,"DBSCAN",0,1,0.5,0,0,0,"ok","-"
"bridge_d3","bridge",3,90,508691,"MST",0,0.481481481481481,0.240740740740741,0,98,0,"ok","-"
"bridge_d3","bridge",3,90,508691,"ODIN",0,0.973544973544973,0.486772486772487,0,5,0,"ok","-"
"bridge_d3","bridge",3,90,508691,"iForest",0,0.957671957671958,0.478835978835979,0,8,0,"ok","-"
"bridge_d3","bridge",3,91,508692,"U-MCCD",0,1,0.5,0,0,0,"ok","-"
"bridge_d3","bridge",3,91,508692,"SU-MCCD",0,1,0.5,0,0,0,"ok","-"
"bridge_d3","bridge",3,91,508692,"UN-MCCD",0,1,0.5,0,0,0,"ok","-"
"bridge_d3","bridge",3,91,508692,"SUN-MCCD",0,1,0.5,0,0,0,"ok","-"
"bridge_d3","bridge",3,91,508692,"LOF",0,1,0.5,0,0,0,"ok","-"
"bridge_d3","bridge",3,91,508692,"DBSCAN",0,1,0.5,0,0,0,"ok","-"
"bridge_d3","bridge",3,91,508692,"MST",0,0.470899470899471,0.235449735449735,0,100,0,"ok","-"
"bridge_d3","bridge",3,91,508692,"ODIN",0,0.962962962962963,0.481481481481481,0,7,0,"ok","-"
"bridge_d3","bridge",3,91,508692,"iForest",0,0.931216931216931,0.465608465608466,0,13,0,"ok","-"
"bridge_d3","bridge",3,92,508693,"U-MCCD",0.5,0.989417989417989,0.744708994708995,0.531914893617021,7,0,"ok","-"
"bridge_d3","bridge",3,92,508693,"SU-MCCD",0,1,0.5,0,0,0,"ok","-"
"bridge_d3","bridge",3,92,508693,"UN-MCCD",0.4,0.989417989417989,0.694708994708995,0.434782608695652,6,0,"ok","-"
"bridge_d3","bridge",3,92,508693,"SUN-MCCD",0,1,0.5,0,0,0,"ok","-"
"bridge_d3","bridge",3,92,508693,"LOF",0,1,0.5,0,0,0,"ok","-"
"bridge_d3","bridge",3,92,508693,"DBSCAN",0,0.994708994708995,0.497354497354497,0,1,0,"ok","-"
"bridge_d3","bridge",3,92,508693,"MST",0,0.608465608465608,0.304232804232804,0,74,0,"ok","-"
"bridge_d3","bridge",3,92,508693,"ODIN",0,0.957671957671958,0.478835978835979,0,8,0,"ok","-"
"bridge_d3","bridge",3,92,508693,"iForest",0,0.947089947089947,0.473544973544974,0,10,0,"ok","-"
"bridge_d3","bridge",3,93,508694,"U-MCCD",0,0.989417989417989,0.494708994708995,0,2,0,"ok","-"
"bridge_d3","bridge",3,93,508694,"SU-MCCD",0,1,0.5,0,0,0,"ok","-"
"bridge_d3","bridge",3,93,508694,"UN-MCCD",0,1,0.5,0,0,0,"ok","-"
"bridge_d3","bridge",3,93,508694,"SUN-MCCD",0,1,0.5,0,0,0,"ok","-"
"bridge_d3","bridge",3,93,508694,"LOF",0,1,0.5,0,0,0,"ok","-"
"bridge_d3","bridge",3,93,508694,"DBSCAN",0,1,0.5,0,0,0,"ok","-"
"bridge_d3","bridge",3,93,508694,"MST",0,0.656084656084656,0.328042328042328,0,65,0,"ok","-"
"bridge_d3","bridge",3,93,508694,"ODIN",0,0.941798941798942,0.470899470899471,0,11,0,"ok","-"
"bridge_d3","bridge",3,93,508694,"iForest",0,0.962962962962963,0.481481481481481,0,7,0,"ok","-"
"bridge_d3","bridge",3,94,508695,"U-MCCD",0,1,0.5,0,0,0,"ok","-"
"bridge_d3","bridge",3,94,508695,"SU-MCCD",0,1,0.5,0,0,0,"ok","-"
"bridge_d3","bridge",3,94,508695,"UN-MCCD",0,0.994708994708995,0.497354497354497,0,1,0,"ok","-"
"bridge_d3","bridge",3,94,508695,"SUN-MCCD",0,1,0.5,0,0,0,"ok","-"
"bridge_d3","bridge",3,94,508695,"LOF",0,1,0.5,0,0,0,"ok","-"
"bridge_d3","bridge",3,94,508695,"DBSCAN",0,1,0.5,0,0,0,"ok","-"
"bridge_d3","bridge",3,94,508695,"MST",0,0.576719576719577,0.288359788359788,0,80,0,"ok","-"
"bridge_d3","bridge",3,94,508695,"ODIN",0,0.962962962962963,0.481481481481481,0,7,0,"ok","-"
"bridge_d3","bridge",3,94,508695,"iForest",0,0.941798941798942,0.470899470899471,0,11,0,"ok","-"
"bridge_d3","bridge",3,95,508696,"U-MCCD",0,1,0.5,0,0,0,"ok","-"
"bridge_d3","bridge",3,95,508696,"SU-MCCD",0.3,1,0.65,0.348837209302326,3,0,"ok","-"
"bridge_d3","bridge",3,95,508696,"UN-MCCD",0.3,0.989417989417989,0.644708994708995,0.333333333333333,5,0,"ok","-"
"bridge_d3","bridge",3,95,508696,"SUN-MCCD",0,1,0.5,0,0,0,"ok","-"
"bridge_d3","bridge",3,95,508696,"LOF",0,1,0.5,0,0,0,"ok","-"
"bridge_d3","bridge",3,95,508696,"DBSCAN",0,1,0.5,0,0,0,"ok","-"
"bridge_d3","bridge",3,95,508696,"MST",0,0.497354497354497,0.248677248677249,0,95,0,"ok","-"
"bridge_d3","bridge",3,95,508696,"ODIN",0,0.978835978835979,0.489417989417989,0,4,0,"ok","-"
"bridge_d3","bridge",3,95,508696,"iForest",0,0.936507936507937,0.468253968253968,0,12,0,"ok","-"
"bridge_d3","bridge",3,96,508697,"U-MCCD",0,0.994708994708995,0.497354497354497,0,1,0,"ok","-"
"bridge_d3","bridge",3,96,508697,"SU-MCCD",0,1,0.5,0,0,0,"ok","-"
"bridge_d3","bridge",3,96,508697,"UN-MCCD",0,0.994708994708995,0.497354497354497,0,1,0,"ok","-"
"bridge_d3","bridge",3,96,508697,"SUN-MCCD",0,1,0.5,0,0,0,"ok","-"
"bridge_d3","bridge",3,96,508697,"LOF",0,1,0.5,0,0,0,"ok","-"
"bridge_d3","bridge",3,96,508697,"DBSCAN",0,1,0.5,0,0,0,"ok","-"
"bridge_d3","bridge",3,96,508697,"MST",0.2,0.650793650793651,0.425396825396825,0.0925925925925926,68,0,"ok","-"
"bridge_d3","bridge",3,96,508697,"ODIN",0,0.968253968253968,0.484126984126984,0,6,0,"ok","-"
"bridge_d3","bridge",3,96,508697,"iForest",0,0.925925925925926,0.462962962962963,0,14,0,"ok","-"
"bridge_d3","bridge",3,97,508698,"U-MCCD",0,1,0.5,0,0,0,"ok","-"
"bridge_d3","bridge",3,97,508698,"SU-MCCD",0,1,0.5,0,0,0,"ok","-"
"bridge_d3","bridge",3,97,508698,"UN-MCCD",0,1,0.5,0,0,0,"ok","-"
"bridge_d3","bridge",3,97,508698,"SUN-MCCD",0,1,0.5,0,0,0,"ok","-"
"bridge_d3","bridge",3,97,508698,"LOF",0,1,0.5,0,0,0,"ok","-"
"bridge_d3","bridge",3,97,508698,"DBSCAN",0,1,0.5,0,0,0,"ok","-"
"bridge_d3","bridge",3,97,508698,"MST",0.7,0.566137566137566,0.633068783068783,0.271317829457364,89,0,"ok","-"
"bridge_d3","bridge",3,97,508698,"ODIN",0,0.994708994708995,0.497354497354497,0,1,0,"ok","-"
"bridge_d3","bridge",3,97,508698,"iForest",0,0.952380952380952,0.476190476190476,0,9,0,"ok","-"
"bridge_d3","bridge",3,98,508699,"U-MCCD",0,0.994708994708995,0.497354497354497,0,1,0,"ok","-"
"bridge_d3","bridge",3,98,508699,"SU-MCCD",0,1,0.5,0,0,0,"ok","-"
"bridge_d3","bridge",3,98,508699,"UN-MCCD",0,1,0.5,0,0,0,"ok","-"
"bridge_d3","bridge",3,98,508699,"SUN-MCCD",0,1,0.5,0,0,0,"ok","-"
"bridge_d3","bridge",3,98,508699,"LOF",0,1,0.5,0,0,0,"ok","-"
"bridge_d3","bridge",3,98,508699,"DBSCAN",0,0.994708994708995,0.497354497354497,0,1,0,"ok","-"
"bridge_d3","bridge",3,98,508699,"MST",0,0.634920634920635,0.317460317460317,0,69,0,"ok","-"
"bridge_d3","bridge",3,98,508699,"ODIN",0,0.968253968253968,0.484126984126984,0,6,0,"ok","-"
"bridge_d3","bridge",3,98,508699,"iForest",0,0.947089947089947,0.473544973544974,0,10,0,"ok","-"
"bridge_d3","bridge",3,99,508700,"U-MCCD",1,1,1,1,10,0,"ok","-"
"bridge_d3","bridge",3,99,508700,"SU-MCCD",0,1,0.5,0,0,0,"ok","-"
"bridge_d3","bridge",3,99,508700,"UN-MCCD",0,1,0.5,0,0,0,"ok","-"
"bridge_d3","bridge",3,99,508700,"SUN-MCCD",0.1,0.994708994708995,0.547354497354497,0.119047619047619,2,0,"ok","-"
"bridge_d3","bridge",3,99,508700,"LOF",0,1,0.5,0,0,0,"ok","-"
"bridge_d3","bridge",3,99,508700,"DBSCAN",0,1,0.5,0,0,0,"ok","-"
"bridge_d3","bridge",3,99,508700,"MST",0,0.73015873015873,0.365079365079365,0,51,0,"ok","-"
"bridge_d3","bridge",3,99,508700,"ODIN",0,0.978835978835979,0.489417989417989,0,4,0,"ok","-"
"bridge_d3","bridge",3,99,508700,"iForest",0,0.968253968253968,0.484126984126984,0,6,0,"ok","-"
"bridge_d3","bridge",3,100,508701,"U-MCCD",0,0.994708994708995,0.497354497354497,0,1,0,"ok","-"
"bridge_d3","bridge",3,100,508701,"SU-MCCD",0,1,0.5,0,0,0,"ok","-"
"bridge_d3","bridge",3,100,508701,"UN-MCCD",0,0.994708994708995,0.497354497354497,0,1,0,"ok","-"
"bridge_d3","bridge",3,100,508701,"SUN-MCCD",0,0.994708994708995,0.497354497354497,0,1,0,"ok","-"
"bridge_d3","bridge",3,100,508701,"LOF",0,1,0.5,0,0,0,"ok","-"
"bridge_d3","bridge",3,100,508701,"DBSCAN",0,0.994708994708995,0.497354497354497,0,1,0,"ok","-"
"bridge_d3","bridge",3,100,508701,"MST",0,0.613756613756614,0.306878306878307,0,73,0,"ok","-"
"bridge_d3","bridge",3,100,508701,"ODIN",0,0.978835978835979,0.489417989417989,0,4,0,"ok","-"
"bridge_d3","bridge",3,100,508701,"iForest",0,0.947089947089947,0.473544973544974,0,10,0,"ok","-"
"bridge_d10","bridge",10,1,608602,"U-MCCD",0.4,0.962962962962963,0.681481481481481,0.392156862745098,11,0,"ok","-"
"bridge_d10","bridge",10,1,608602,"SU-MCCD",0,1,0.5,0,0,0,"ok","-"
"bridge_d10","bridge",10,1,608602,"UN-MCCD",0,1,0.5,0,0,0,"ok","-"
"bridge_d10","bridge",10,1,608602,"SUN-MCCD",0,1,0.5,0,0,0,"ok","-"
"bridge_d10","bridge",10,1,608602,"LOF",0,1,0.5,0,0,0,"ok","-"
"bridge_d10","bridge",10,1,608602,"DBSCAN",0,1,0.5,0,0,0,"ok","-"
"bridge_d10","bridge",10,1,608602,"MST",0,0.904761904761905,0.452380952380952,0,18,0,"ok","-"
"bridge_d10","bridge",10,1,608602,"ODIN",0,0.978835978835979,0.489417989417989,0,4,0,"ok","-"
"bridge_d10","bridge",10,1,608602,"iForest",0,1,0.5,0,0,0,"ok","-"
"bridge_d10","bridge",10,2,608603,"U-MCCD",0,0.994708994708995,0.497354497354497,0,1,0,"ok","-"
"bridge_d10","bridge",10,2,608603,"SU-MCCD",0,0.994708994708995,0.497354497354497,0,1,0,"ok","-"
"bridge_d10","bridge",10,2,608603,"UN-MCCD",0,1,0.5,0,0,0,"ok","-"
"bridge_d10","bridge",10,2,608603,"SUN-MCCD",0,0.989417989417989,0.494708994708995,0,2,0,"ok","-"
"bridge_d10","bridge",10,2,608603,"LOF",0,1,0.5,0,0,0,"ok","-"
"bridge_d10","bridge",10,2,608603,"DBSCAN",0,1,0.5,0,0,0,"ok","-"
"bridge_d10","bridge",10,2,608603,"MST",0.2,0.915343915343915,0.557671957671958,0.172413793103448,18,0,"ok","-"
"bridge_d10","bridge",10,2,608603,"ODIN",0,0.984126984126984,0.492063492063492,0,3,0,"ok","-"
"bridge_d10","bridge",10,2,608603,"iForest",0,1,0.5,0,0,0,"ok","-"
"bridge_d10","bridge",10,3,608604,"U-MCCD",0,0.978835978835979,0.489417989417989,0,4,0,"ok","-"
"bridge_d10","bridge",10,3,608604,"SU-MCCD",0,0.978835978835979,0.489417989417989,0,4,0,"ok","-"
"bridge_d10","bridge",10,3,608604,"UN-MCCD",0,0.978835978835979,0.489417989417989,0,4,0,"ok","-"
"bridge_d10","bridge",10,3,608604,"SUN-MCCD",0,1,0.5,0,0,0,"ok","-"
"bridge_d10","bridge",10,3,608604,"LOF",0,1,0.5,0,0,0,"ok","-"
"bridge_d10","bridge",10,3,608604,"DBSCAN",0,1,0.5,0,0,0,"ok","-"
"bridge_d10","bridge",10,3,608604,"MST",0,0.888888888888889,0.444444444444444,0,21,0,"ok","-"
"bridge_d10","bridge",10,3,608604,"ODIN",0,0.941798941798942,0.470899470899471,0,11,0,"ok","-"
"bridge_d10","bridge",10,3,608604,"iForest",0,1,0.5,0,0,0,"ok","-"
"bridge_d10","bridge",10,4,608605,"U-MCCD",0.1,0.968253968253968,0.534126984126984,0.106382978723404,7,0,"ok","-"
"bridge_d10","bridge",10,4,608605,"SU-MCCD",0.1,0.973544973544973,0.536772486772487,0.108695652173913,6,0,"ok","-"
"bridge_d10","bridge",10,4,608605,"UN-MCCD",0,0.994708994708995,0.497354497354497,0,1,0,"ok","-"
"bridge_d10","bridge",10,4,608605,"SUN-MCCD",0,1,0.5,0,0,0,"ok","-"
"bridge_d10","bridge",10,4,608605,"LOF",0,1,0.5,0,0,0,"ok","-"
"bridge_d10","bridge",10,4,608605,"DBSCAN",0,1,0.5,0,0,0,"ok","-"
"bridge_d10","bridge",10,4,608605,"MST",0,0.920634920634921,0.46031746031746,0,15,0,"ok","-"
"bridge_d10","bridge",10,4,608605,"ODIN",0,0.973544973544973,0.486772486772487,0,5,0,"ok","-"
"bridge_d10","bridge",10,4,608605,"iForest",0,1,0.5,0,0,0,"ok","-"
"bridge_d10","bridge",10,5,608606,"U-MCCD",0,0.994708994708995,0.497354497354497,0,1,0,"ok","-"
"bridge_d10","bridge",10,5,608606,"SU-MCCD",0,0.994708994708995,0.497354497354497,0,1,0,"ok","-"
"bridge_d10","bridge",10,5,608606,"UN-MCCD",0,0.994708994708995,0.497354497354497,0,1,0,"ok","-"
"bridge_d10","bridge",10,5,608606,"SUN-MCCD",0,1,0.5,0,0,0,"ok","-"
"bridge_d10","bridge",10,5,608606,"LOF",0,1,0.5,0,0,0,"ok","-"
"bridge_d10","bridge",10,5,608606,"DBSCAN",0,0.994708994708995,0.497354497354497,0,1,0,"ok","-"
"bridge_d10","bridge",10,5,608606,"MST",0,0.888888888888889,0.444444444444444,0,21,0,"ok","-"
"bridge_d10","bridge",10,5,608606,"ODIN",0,0.968253968253968,0.484126984126984,0,6,0,"ok","-"
"bridge_d10","bridge",10,5,608606,"iForest",0,1,0.5,0,0,0,"ok","-"
"bridge_d10","bridge",10,6,608607,"U-MCCD",0,1,0.5,0,0,0,"ok","-"
"bridge_d10","bridge",10,6,608607,"SU-MCCD",0,1,0.5,0,0,0,"ok","-"
"bridge_d10","bridge",10,6,608607,"UN-MCCD",0,1,0.5,0,0,0,"ok","-"
"bridge_d10","bridge",10,6,608607,"SUN-MCCD",0,1,0.5,0,0,0,"ok","-"
"bridge_d10","bridge",10,6,608607,"LOF",0,1,0.5,0,0,0,"ok","-"
"bridge_d10","bridge",10,6,608607,"DBSCAN",0,0.994708994708995,0.497354497354497,0,1,0,"ok","-"
"bridge_d10","bridge",10,6,608607,"MST",0,0.878306878306878,0.439153439153439,0,23,0,"ok","-"
"bridge_d10","bridge",10,6,608607,"ODIN",0,0.941798941798942,0.470899470899471,0,11,0,"ok","-"
"bridge_d10","bridge",10,6,608607,"iForest",0,1,0.5,0,0,0,"ok","-"
"bridge_d10","bridge",10,7,608608,"U-MCCD",0,0.994708994708995,0.497354497354497,0,1,0,"ok","-"
"bridge_d10","bridge",10,7,608608,"SU-MCCD",0.3,0.984126984126984,0.642063492063492,0.326086956521739,6,0,"ok","-"
"bridge_d10","bridge",10,7,608608,"UN-MCCD",0,1,0.5,0,0,0,"ok","-"
"bridge_d10","bridge",10,7,608608,"SUN-MCCD",0,1,0.5,0,0,0,"ok","-"
"bridge_d10","bridge",10,7,608608,"LOF",0,1,0.5,0,0,0,"ok","-"
"bridge_d10","bridge",10,7,608608,"DBSCAN",0,0.994708994708995,0.497354497354497,0,1,0,"ok","-"
"bridge_d10","bridge",10,7,608608,"MST",0.2,0.947089947089947,0.573544973544974,0.192307692307692,12,0,"ok","-"
"bridge_d10","bridge",10,7,608608,"ODIN",0,0.947089947089947,0.473544973544974,0,10,0,"ok","-"
"bridge_d10","bridge",10,7,608608,"iForest",0,1,0.5,0,0,0,"ok","-"
"bridge_d10","bridge",10,8,608609,"U-MCCD",0,0.941798941798942,0.470899470899471,0,11,0,"ok","-"
"bridge_d10","bridge",10,8,608609,"SU-MCCD",0,1,0.5,0,0,0,"ok","-"
"bridge_d10","bridge",10,8,608609,"UN-MCCD",0,0.989417989417989,0.494708994708995,0,2,0,"ok","-"
"bridge_d10","bridge",10,8,608609,"SUN-MCCD",0,0.994708994708995,0.497354497354497,0,1,0,"ok","-"
"bridge_d10","bridge",10,8,608609,"LOF",0,1,0.5,0,0,0,"ok","-"
"bridge_d10","bridge",10,8,608609,"DBSCAN",0,1,0.5,0,0,0,"ok","-"
"bridge_d10","bridge",10,8,608609,"MST",0,0.883597883597884,0.441798941798942,0,22,0,"ok","-"
"bridge_d10","bridge",10,8,608609,"ODIN",0,0.978835978835979,0.489417989417989,0,4,0,"ok","-"
"bridge_d10","bridge",10,8,608609,"iForest",0,1,0.5,0,0,0,"ok","-"
"bridge_d10","bridge",10,9,608610,"U-MCCD",0,1,0.5,0,0,0,"ok","-"
"bridge_d10","bridge",10,9,608610,"SU-MCCD",0,1,0.5,0,0,0,"ok","-"
"bridge_d10","bridge",10,9,608610,"UN-MCCD",0,1,0.5,0,0,0,"ok","-"
"bridge_d10","bridge",10,9,608610,"SUN-MCCD",0,0.994708994708995,0.497354497354497,0,1,0,"ok","-"
"bridge_d10","bridge",10,9,608610,"LOF",0,1,0.5,0,0,0,"ok","-"
"bridge_d10","bridge",10,9,608610,"DBSCAN",0,1,0.5,0,0,0,"ok","-"
"bridge_d10","bridge",10,9,608610,"MST",0.2,0.931216931216931,0.565608465608466,0.181818181818182,15,0,"ok","-"
"bridge_d10","bridge",10,9,608610,"ODIN",0,0.962962962962963,0.481481481481481,0,7,0,"ok","-"
"bridge_d10","bridge",10,9,608610,"iForest",0,1,0.5,0,0,0,"ok","-"
"bridge_d10","bridge",10,10,608611,"U-MCCD",0,0.962962962962963,0.481481481481481,0,7,0,"ok","-"
"bridge_d10","bridge",10,10,608611,"SU-MCCD",0,0.978835978835979,0.489417989417989,0,4,0,"ok","-"
"bridge_d10","bridge",10,10,608611,"UN-MCCD",0,0.994708994708995,0.497354497354497,0,1,0,"ok","-"
"bridge_d10","bridge",10,10,608611,"SUN-MCCD",0,1,0.5,0,0,0,"ok","-"
"bridge_d10","bridge",10,10,608611,"LOF",0,1,0.5,0,0,0,"ok","-"
"bridge_d10","bridge",10,10,608611,"DBSCAN",0,1,0.5,0,0,0,"ok","-"
"bridge_d10","bridge",10,10,608611,"MST",0,0.841269841269841,0.420634920634921,0,30,0,"ok","-"
"bridge_d10","bridge",10,10,608611,"ODIN",0,0.973544973544973,0.486772486772487,0,5,0,"ok","-"
"bridge_d10","bridge",10,10,608611,"iForest",0,1,0.5,0,0,0,"ok","-"
"bridge_d10","bridge",10,11,608612,"U-MCCD",0,1,0.5,0,0,0,"ok","-"
"bridge_d10","bridge",10,11,608612,"SU-MCCD",0,1,0.5,0,0,0,"ok","-"
"bridge_d10","bridge",10,11,608612,"UN-MCCD",0,0.968253968253968,0.484126984126984,0,6,0,"ok","-"
"bridge_d10","bridge",10,11,608612,"SUN-MCCD",0,1,0.5,0,0,0,"ok","-"
"bridge_d10","bridge",10,11,608612,"LOF",0,1,0.5,0,0,0,"ok","-"
"bridge_d10","bridge",10,11,608612,"DBSCAN",0,1,0.5,0,0,0,"ok","-"
"bridge_d10","bridge",10,11,608612,"MST",0,0.899470899470899,0.44973544973545,0,19,0,"ok","-"
"bridge_d10","bridge",10,11,608612,"ODIN",0,0.978835978835979,0.489417989417989,0,4,0,"ok","-"
"bridge_d10","bridge",10,11,608612,"iForest",0,1,0.5,0,0,0,"ok","-"
"bridge_d10","bridge",10,12,608613,"U-MCCD",0.5,1,0.75,0.555555555555556,5,0,"ok","-"
"bridge_d10","bridge",10,12,608613,"SU-MCCD",0.5,1,0.75,0.555555555555556,5,0,"ok","-"
"bridge_d10","bridge",10,12,608613,"UN-MCCD",0,1,0.5,0,0,0,"ok","-"
"bridge_d10","bridge",10,12,608613,"SUN-MCCD",0,1,0.5,0,0,0,"ok","-"
"bridge_d10","bridge",10,12,608613,"LOF",0,1,0.5,0,0,0,"ok","-"
"bridge_d10","bridge",10,12,608613,"DBSCAN",0,1,0.5,0,0,0,"ok","-"
"bridge_d10","bridge",10,12,608613,"MST",0,0.883597883597884,0.441798941798942,0,22,0,"ok","-"
"bridge_d10","bridge",10,12,608613,"ODIN",0,0.957671957671958,0.478835978835979,0,8,0,"ok","-"
"bridge_d10","bridge",10,12,608613,"iForest",0,1,0.5,0,0,0,"ok","-"
"bridge_d10","bridge",10,13,608614,"U-MCCD",0.6,0.978835978835979,0.789417989417989,0.6,10,0,"ok","-"
"bridge_d10","bridge",10,13,608614,"SU-MCCD",0.6,0.989417989417989,0.794708994708995,0.625,8,0,"ok","-"
"bridge_d10","bridge",10,13,608614,"UN-MCCD",0.5,1,0.75,0.555555555555556,5,0,"ok","-"
"bridge_d10","bridge",10,13,608614,"SUN-MCCD",0,1,0.5,0,0,0,"ok","-"
"bridge_d10","bridge",10,13,608614,"LOF",0,1,0.5,0,0,0,"ok","-"
"bridge_d10","bridge",10,13,608614,"DBSCAN",0,1,0.5,0,0,0,"ok","-"
"bridge_d10","bridge",10,13,608614,"MST",0.4,0.878306878306878,0.639153439153439,0.298507462686567,27,0,"ok","-"
"bridge_d10","bridge",10,13,608614,"ODIN",0,0.962962962962963,0.481481481481481,0,7,0,"ok","-"
"bridge_d10","bridge",10,13,608614,"iForest",0,1,0.5,0,0,0,"ok","-"
"bridge_d10","bridge",10,14,608615,"U-MCCD",0,1,0.5,0,0,0,"ok","-"
"bridge_d10","bridge",10,14,608615,"SU-MCCD",0,1,0.5,0,0,0,"ok","-"
"bridge_d10","bridge",10,14,608615,"UN-MCCD",0,0.994708994708995,0.497354497354497,0,1,0,"ok","-"
"bridge_d10","bridge",10,14,608615,"SUN-MCCD",0,0.994708994708995,0.497354497354497,0,1,0,"ok","-"
"bridge_d10","bridge",10,14,608615,"LOF",0,1,0.5,0,0,0,"ok","-"
"bridge_d10","bridge",10,14,608615,"DBSCAN",0,1,0.5,0,0,0,"ok","-"
"bridge_d10","bridge",10,14,608615,"MST",0,0.851851851851852,0.425925925925926,0,28,0,"ok","-"
"bridge_d10","bridge",10,14,608615,"ODIN",0,0.989417989417989,0.494708994708995,0,2,0,"ok","-"
"bridge_d10","bridge",10,14,608615,"iForest",0,1,0.5,0,0,0,"ok","-"
"bridge_d10","bridge",10,15,608616,"U-MCCD",0,1,0.5,0,0,0,"ok","-"
"bridge_d10","bridge",10,15,608616,"SU-MCCD",0,1,0.5,0,0,0,"ok","-"
"bridge_d10","bridge",10,15,608616,"UN-MCCD",0,1,0.5,0,0,0,"ok","-"
"bridge_d10","bridge",10,15,608616,"SUN-MCCD",0,1,0.5,0,0,0,"ok","-"
"bridge_d10","bridge",10,15,608616,"LOF",0,1,0.5,0,0,0,"ok","-"
"bridge_d10","bridge",10,15,608616,"DBSCAN",0,1,0.5,0,0,0,"ok","-"
"bridge_d10","bridge",10,15,608616,"MST",0.3,0.925925925925926,0.612962962962963,0.263157894736842,17,0,"ok","-"
"bridge_d10","bridge",10,15,608616,"ODIN",0,0.952380952380952,0.476190476190476,0,9,0,"ok","-"
"bridge_d10","bridge",10,15,608616,"iForest",0,1,0.5,0,0,0,"ok","-"
"bridge_d10","bridge",10,16,608617,"U-MCCD",0,1,0.5,0,0,0,"ok","-"
"bridge_d10","bridge",10,16,608617,"SU-MCCD",0,1,0.5,0,0,0,"ok","-"
"bridge_d10","bridge",10,16,608617,"UN-MCCD",0,1,0.5,0,0,0,"ok","-"
"bridge_d10","bridge",10,16,608617,"SUN-MCCD",0,1,0.5,0,0,0,"ok","-"
"bridge_d10","bridge",10,16,608617,"LOF",0,1,0.5,0,0,0,"ok","-"
"bridge_d10","bridge",10,16,608617,"DBSCAN",0,1,0.5,0,0,0,"ok","-"
"bridge_d10","bridge",10,16,608617,"MST",0,0.915343915343915,0.457671957671958,0,16,0,"ok","-"
"bridge_d10","bridge",10,16,608617,"ODIN",0,0.973544973544973,0.486772486772487,0,5,0,"ok","-"
"bridge_d10","bridge",10,16,608617,"iForest",0,1,0.5,0,0,0,"ok","-"
"bridge_d10","bridge",10,17,608618,"U-MCCD",0,0.962962962962963,0.481481481481481,0,7,0,"ok","-"
"bridge_d10","bridge",10,17,608618,"SU-MCCD",0,0.994708994708995,0.497354497354497,0,1,0,"ok","-"
"bridge_d10","bridge",10,17,608618,"UN-MCCD",0,1,0.5,0,0,0,"ok","-"
"bridge_d10","bridge",10,17,608618,"SUN-MCCD",0,0.994708994708995,0.497354497354497,0,1,0,"ok","-"
"bridge_d10","bridge",10,17,608618,"LOF",0,1,0.5,0,0,0,"ok","-"
"bridge_d10","bridge",10,17,608618,"DBSCAN",0,1,0.5,0,0,0,"ok","-"
"bridge_d10","bridge",10,17,608618,"MST",0,0.915343915343915,0.457671957671958,0,16,0,"ok","-"
"bridge_d10","bridge",10,17,608618,"ODIN",0,0.973544973544973,0.486772486772487,0,5,0,"ok","-"
"bridge_d10","bridge",10,17,608618,"iForest",0,1,0.5,0,0,0,"ok","-"
"bridge_d10","bridge",10,18,608619,"U-MCCD",0.2,0.989417989417989,0.594708994708995,0.227272727272727,4,0,"ok","-"
"bridge_d10","bridge",10,18,608619,"SU-MCCD",0,0.994708994708995,0.497354497354497,0,1,0,"ok","-"
"bridge_d10","bridge",10,18,608619,"UN-MCCD",0,1,0.5,0,0,0,"ok","-"
"bridge_d10","bridge",10,18,608619,"SUN-MCCD",0,1,0.5,0,0,0,"ok","-"
"bridge_d10","bridge",10,18,608619,"LOF",0,1,0.5,0,0,0,"ok","-"
"bridge_d10","bridge",10,18,608619,"DBSCAN",0,1,0.5,0,0,0,"ok","-"
"bridge_d10","bridge",10,18,608619,"MST",0,0.925925925925926,0.462962962962963,0,14,0,"ok","-"
"bridge_d10","bridge",10,18,608619,"ODIN",0,0.984126984126984,0.492063492063492,0,3,0,"ok","-"
"bridge_d10","bridge",10,18,608619,"iForest",0,1,0.5,0,0,0,"ok","-"
"bridge_d10","bridge",10,19,608620,"U-MCCD",0,1,0.5,0,0,0,"ok","-"
"bridge_d10","bridge",10,19,608620,"SU-MCCD",0,1,0.5,0,0,0,"ok","-"
"bridge_d10","bridge",10,19,608620,"UN-MCCD",0,0.989417989417989,0.494708994708995,0,2,0,"ok","-"
"bridge_d10","bridge",10,19,608620,"SUN-MCCD",0,1,0.5,0,0,0,"ok","-"
"bridge_d10","bridge",10,19,608620,"LOF",0,1,0.5,0,0,0,"ok","-"
"bridge_d10","bridge",10,19,608620,"DBSCAN",0,0.994708994708995,0.497354497354497,0,1,0,"ok","-"
"bridge_d10","bridge",10,19,608620,"MST",0,0.878306878306878,0.439153439153439,0,23,0,"ok","-"
"bridge_d10","bridge",10,19,608620,"ODIN",0,0.989417989417989,0.494708994708995,0,2,0,"ok","-"
"bridge_d10","bridge",10,19,608620,"iForest",0,1,0.5,0,0,0,"ok","-"
"bridge_d10","bridge",10,20,608621,"U-MCCD",0,1,0.5,0,0,0,"ok","-"
"bridge_d10","bridge",10,20,608621,"SU-MCCD",0,1,0.5,0,0,0,"ok","-"
"bridge_d10","bridge",10,20,608621,"UN-MCCD",0,1,0.5,0,0,0,"ok","-"
"bridge_d10","bridge",10,20,608621,"SUN-MCCD",0,1,0.5,0,0,0,"ok","-"
"bridge_d10","bridge",10,20,608621,"LOF",0,1,0.5,0,0,0,"ok","-"
"bridge_d10","bridge",10,20,608621,"DBSCAN",0,1,0.5,0,0,0,"ok","-"
"bridge_d10","bridge",10,20,608621,"MST",0.3,0.936507936507937,0.618253968253968,0.272727272727273,15,0,"ok","-"
"bridge_d10","bridge",10,20,608621,"ODIN",0,0.962962962962963,0.481481481481481,0,7,0,"ok","-"
"bridge_d10","bridge",10,20,608621,"iForest",0,1,0.5,0,0,0,"ok","-"
"bridge_d10","bridge",10,21,608622,"U-MCCD",0,1,0.5,0,0,0,"ok","-"
"bridge_d10","bridge",10,21,608622,"SU-MCCD",0,1,0.5,0,0,0,"ok","-"
"bridge_d10","bridge",10,21,608622,"UN-MCCD",0,1,0.5,0,0,0,"ok","-"
"bridge_d10","bridge",10,21,608622,"SUN-MCCD",0,1,0.5,0,0,0,"ok","-"
"bridge_d10","bridge",10,21,608622,"LOF",0,1,0.5,0,0,0,"ok","-"
"bridge_d10","bridge",10,21,608622,"DBSCAN",0,1,0.5,0,0,0,"ok","-"
"bridge_d10","bridge",10,21,608622,"MST",0.4,0.835978835978836,0.617989417989418,0.266666666666667,35,0,"ok","-"
"bridge_d10","bridge",10,21,608622,"ODIN",0,0.968253968253968,0.484126984126984,0,6,0,"ok","-"
"bridge_d10","bridge",10,21,608622,"iForest",0,1,0.5,0,0,0,"ok","-"
"bridge_d10","bridge",10,22,608623,"U-MCCD",0.2,0.989417989417989,0.594708994708995,0.227272727272727,4,0,"ok","-"
"bridge_d10","bridge",10,22,608623,"SU-MCCD",0.2,0.989417989417989,0.594708994708995,0.227272727272727,4,0,"ok","-"
"bridge_d10","bridge",10,22,608623,"UN-MCCD",0,1,0.5,0,0,0,"ok","-"
"bridge_d10","bridge",10,22,608623,"SUN-MCCD",0,1,0.5,0,0,0,"ok","-"
"bridge_d10","bridge",10,22,608623,"LOF",0,1,0.5,0,0,0,"ok","-"
"bridge_d10","bridge",10,22,608623,"DBSCAN",0,1,0.5,0,0,0,"ok","-"
"bridge_d10","bridge",10,22,608623,"MST",0.3,0.91005291005291,0.605026455026455,0.25,20,0,"ok","-"
"bridge_d10","bridge",10,22,608623,"ODIN",0,0.973544973544973,0.486772486772487,0,5,0,"ok","-"
"bridge_d10","bridge",10,22,608623,"iForest",0,1,0.5,0,0,0,"ok","-"
"bridge_d10","bridge",10,23,608624,"U-MCCD",0,0.962962962962963,0.481481481481481,0,7,0,"ok","-"
"bridge_d10","bridge",10,23,608624,"SU-MCCD",0,0.962962962962963,0.481481481481481,0,7,0,"ok","-"
"bridge_d10","bridge",10,23,608624,"UN-MCCD",0,0.968253968253968,0.484126984126984,0,6,0,"ok","-"
"bridge_d10","bridge",10,23,608624,"SUN-MCCD",0,1,0.5,0,0,0,"ok","-"
"bridge_d10","bridge",10,23,608624,"LOF",0,1,0.5,0,0,0,"ok","-"
"bridge_d10","bridge",10,23,608624,"DBSCAN",0,1,0.5,0,0,0,"ok","-"
"bridge_d10","bridge",10,23,608624,"MST",0,0.91005291005291,0.455026455026455,0,17,0,"ok","-"
"bridge_d10","bridge",10,23,608624,"ODIN",0,0.973544973544973,0.486772486772487,0,5,0,"ok","-"
"bridge_d10","bridge",10,23,608624,"iForest",0,1,0.5,0,0,0,"ok","-"
"bridge_d10","bridge",10,24,608625,"U-MCCD",0.2,0.936507936507937,0.568253968253968,0.185185185185185,14,0,"ok","-"
"bridge_d10","bridge",10,24,608625,"SU-MCCD",0,1,0.5,0,0,0,"ok","-"
"bridge_d10","bridge",10,24,608625,"UN-MCCD",0,1,0.5,0,0,0,"ok","-"
"bridge_d10","bridge",10,24,608625,"SUN-MCCD",0,1,0.5,0,0,0,"ok","-"
"bridge_d10","bridge",10,24,608625,"LOF",0,1,0.5,0,0,0,"ok","-"
"bridge_d10","bridge",10,24,608625,"DBSCAN",0,1,0.5,0,0,0,"ok","-"
"bridge_d10","bridge",10,24,608625,"MST",0.5,0.899470899470899,0.69973544973545,0.390625,24,0,"ok","-"
"bridge_d10","bridge",10,24,608625,"ODIN",0,0.968253968253968,0.484126984126984,0,6,0,"ok","-"
"bridge_d10","bridge",10,24,608625,"iForest",0,1,0.5,0,0,0,"ok","-"
"bridge_d10","bridge",10,25,608626,"U-MCCD",0,0.978835978835979,0.489417989417989,0,4,0,"ok","-"
"bridge_d10","bridge",10,25,608626,"SU-MCCD",0,1,0.5,0,0,0,"ok","-"
"bridge_d10","bridge",10,25,608626,"UN-MCCD",0,1,0.5,0,0,0,"ok","-"
"bridge_d10","bridge",10,25,608626,"SUN-MCCD",0,1,0.5,0,0,0,"ok","-"
"bridge_d10","bridge",10,25,608626,"LOF",0,1,0.5,0,0,0,"ok","-"
"bridge_d10","bridge",10,25,608626,"DBSCAN",0,1,0.5,0,0,0,"ok","-"
"bridge_d10","bridge",10,25,608626,"MST",0.6,0.915343915343915,0.757671957671958,0.483870967741935,22,0,"ok","-"
"bridge_d10","bridge",10,25,608626,"ODIN",0,0.952380952380952,0.476190476190476,0,9,0,"ok","-"
"bridge_d10","bridge",10,25,608626,"iForest",0,1,0.5,0,0,0,"ok","-"
"bridge_d10","bridge",10,26,608627,"U-MCCD",0.5,0.989417989417989,0.744708994708995,0.531914893617021,7,0,"ok","-"
"bridge_d10","bridge",10,26,608627,"SU-MCCD",0.5,1,0.75,0.555555555555556,5,0,"ok","-"
"bridge_d10","bridge",10,26,608627,"UN-MCCD",0.2,0.994708994708995,0.597354497354497,0.232558139534884,3,0,"ok","-"
"bridge_d10","bridge",10,26,608627,"SUN-MCCD",0.2,1,0.6,0.238095238095238,2,0,"ok","-"
"bridge_d10","bridge",10,26,608627,"LOF",0,1,0.5,0,0,0,"ok","-"
"bridge_d10","bridge",10,26,608627,"DBSCAN",0,0.989417989417989,0.494708994708995,0,2,0,"ok","-"
"bridge_d10","bridge",10,26,608627,"MST",0,0.904761904761905,0.452380952380952,0,18,0,"ok","-"
"bridge_d10","bridge",10,26,608627,"ODIN",0,0.973544973544973,0.486772486772487,0,5,0,"ok","-"
"bridge_d10","bridge",10,26,608627,"iForest",0,1,0.5,0,0,0,"ok","-"
"bridge_d10","bridge",10,27,608628,"U-MCCD",0.6,0.978835978835979,0.789417989417989,0.6,10,0,"ok","-"
"bridge_d10","bridge",10,27,608628,"SU-MCCD",0,1,0.5,0,0,0,"ok","-"
"bridge_d10","bridge",10,27,608628,"UN-MCCD",0.3,0.994708994708995,0.647354497354497,0.340909090909091,4,0,"ok","-"
"bridge_d10","bridge",10,27,608628,"SUN-MCCD",0,1,0.5,0,0,0,"ok","-"
"bridge_d10","bridge",10,27,608628,"LOF",0,1,0.5,0,0,0,"ok","-"
"bridge_d10","bridge",10,27,608628,"DBSCAN",0,1,0.5,0,0,0,"ok","-"
"bridge_d10","bridge",10,27,608628,"MST",0.2,0.878306878306878,0.539153439153439,0.153846153846154,25,0,"ok","-"
"bridge_d10","bridge",10,27,608628,"ODIN",0,0.947089947089947,0.473544973544974,0,10,0,"ok","-"
"bridge_d10","bridge",10,27,608628,"iForest",0,1,0.5,0,0,0,"ok","-"
"bridge_d10","bridge",10,28,608629,"U-MCCD",0,0.973544973544973,0.486772486772487,0,5,0,"ok","-"
"bridge_d10","bridge",10,28,608629,"SU-MCCD",0,1,0.5,0,0,0,"ok","-"
"bridge_d10","bridge",10,28,608629,"UN-MCCD",0,1,0.5,0,0,0,"ok","-"
"bridge_d10","bridge",10,28,608629,"SUN-MCCD",0,1,0.5,0,0,0,"ok","-"
"bridge_d10","bridge",10,28,608629,"LOF",0,1,0.5,0,0,0,"ok","-"
"bridge_d10","bridge",10,28,608629,"DBSCAN",0,1,0.5,0,0,0,"ok","-"
"bridge_d10","bridge",10,28,608629,"MST",0.2,0.915343915343915,0.557671957671958,0.172413793103448,18,0,"ok","-"
"bridge_d10","bridge",10,28,608629,"ODIN",0,0.957671957671958,0.478835978835979,0,8,0,"ok","-"
"bridge_d10","bridge",10,28,608629,"iForest",0,1,0.5,0,0,0,"ok","-"
"bridge_d10","bridge",10,29,608630,"U-MCCD",0.6,0.989417989417989,0.794708994708995,0.625,8,0,"ok","-"
"bridge_d10","bridge",10,29,608630,"SU-MCCD",0.6,0.994708994708995,0.797354497354497,0.638297872340425,7,0,"ok","-"
"bridge_d10","bridge",10,29,608630,"UN-MCCD",0.4,0.989417989417989,0.694708994708995,0.434782608695652,6,0,"ok","-"
"bridge_d10","bridge",10,29,608630,"SUN-MCCD",0.5,1,0.75,0.555555555555556,5,0,"ok","-"
"bridge_d10","bridge",10,29,608630,"LOF",0,1,0.5,0,0,0,"ok","-"
"bridge_d10","bridge",10,29,608630,"DBSCAN",0,1,0.5,0,0,0,"ok","-"
"bridge_d10","bridge",10,29,608630,"MST",0,0.899470899470899,0.44973544973545,0,19,0,"ok","-"
"bridge_d10","bridge",10,29,608630,"ODIN",0,0.957671957671958,0.478835978835979,0,8,0,"ok","-"
"bridge_d10","bridge",10,29,608630,"iForest",0,1,0.5,0,0,0,"ok","-"
"bridge_d10","bridge",10,30,608631,"U-MCCD",0.4,1,0.7,0.454545454545455,4,0,"ok","-"
"bridge_d10","bridge",10,30,608631,"SU-MCCD",0.4,1,0.7,0.454545454545455,4,0,"ok","-"
"bridge_d10","bridge",10,30,608631,"UN-MCCD",0.6,1,0.8,0.652173913043478,6,0,"ok","-"
"bridge_d10","bridge",10,30,608631,"SUN-MCCD",0,1,0.5,0,0,0,"ok","-"
"bridge_d10","bridge",10,30,608631,"LOF",0,1,0.5,0,0,0,"ok","-"
"bridge_d10","bridge",10,30,608631,"DBSCAN",0,1,0.5,0,0,0,"ok","-"
"bridge_d10","bridge",10,30,608631,"MST",0,0.91005291005291,0.455026455026455,0,17,0,"ok","-"
"bridge_d10","bridge",10,30,608631,"ODIN",0,0.968253968253968,0.484126984126984,0,6,0,"ok","-"
"bridge_d10","bridge",10,30,608631,"iForest",0,1,0.5,0,0,0,"ok","-"
"bridge_d10","bridge",10,31,608632,"U-MCCD",0,1,0.5,0,0,0,"ok","-"
"bridge_d10","bridge",10,31,608632,"SU-MCCD",0,0.994708994708995,0.497354497354497,0,1,0,"ok","-"
"bridge_d10","bridge",10,31,608632,"UN-MCCD",0,1,0.5,0,0,0,"ok","-"
"bridge_d10","bridge",10,31,608632,"SUN-MCCD",0,1,0.5,0,0,0,"ok","-"
"bridge_d10","bridge",10,31,608632,"LOF",0,1,0.5,0,0,0,"ok","-"
"bridge_d10","bridge",10,31,608632,"DBSCAN",0,1,0.5,0,0,0,"ok","-"
"bridge_d10","bridge",10,31,608632,"MST",0.2,0.883597883597884,0.541798941798942,0.15625,24,0,"ok","-"
"bridge_d10","bridge",10,31,608632,"ODIN",0,0.952380952380952,0.476190476190476,0,9,0,"ok","-"
"bridge_d10","bridge",10,31,608632,"iForest",0,1,0.5,0,0,0,"ok","-"
"bridge_d10","bridge",10,32,608633,"U-MCCD",1,0.968253968253968,0.984126984126984,0.892857142857143,16,0,"ok","-"
"bridge_d10","bridge",10,32,608633,"SU-MCCD",1,1,1,1,10,0,"ok","-"
"bridge_d10","bridge",10,32,608633,"UN-MCCD",0.3,1,0.65,0.348837209302326,3,0,"ok","-"
"bridge_d10","bridge",10,32,608633,"SUN-MCCD",0,1,0.5,0,0,0,"ok","-"
"bridge_d10","bridge",10,32,608633,"LOF",0,1,0.5,0,0,0,"ok","-"
"bridge_d10","bridge",10,32,608633,"DBSCAN",0,1,0.5,0,0,0,"ok","-"
"bridge_d10","bridge",10,32,608633,"MST",0,0.936507936507937,0.468253968253968,0,12,0,"ok","-"
"bridge_d10","bridge",10,32,608633,"ODIN",0,0.947089947089947,0.473544973544974,0,10,0,"ok","-"
"bridge_d10","bridge",10,32,608633,"iForest",0,1,0.5,0,0,0,"ok","-"
"bridge_d10","bridge",10,33,608634,"U-MCCD",0,1,0.5,0,0,0,"ok","-"
"bridge_d10","bridge",10,33,608634,"SU-MCCD",0,1,0.5,0,0,0,"ok","-"
"bridge_d10","bridge",10,33,608634,"UN-MCCD",0,1,0.5,0,0,0,"ok","-"
"bridge_d10","bridge",10,33,608634,"SUN-MCCD",0,1,0.5,0,0,0,"ok","-"
"bridge_d10","bridge",10,33,608634,"LOF",0,1,0.5,0,0,0,"ok","-"
"bridge_d10","bridge",10,33,608634,"DBSCAN",0,1,0.5,0,0,0,"ok","-"
"bridge_d10","bridge",10,33,608634,"MST",0,0.925925925925926,0.462962962962963,0,14,0,"ok","-"
"bridge_d10","bridge",10,33,608634,"ODIN",0,0.989417989417989,0.494708994708995,0,2,0,"ok","-"
"bridge_d10","bridge",10,33,608634,"iForest",0,1,0.5,0,0,0,"ok","-"
"bridge_d10","bridge",10,34,608635,"U-MCCD",0,1,0.5,0,0,0,"ok","-"
"bridge_d10","bridge",10,34,608635,"SU-MCCD",0,1,0.5,0,0,0,"ok","-"
"bridge_d10","bridge",10,34,608635,"UN-MCCD",0,1,0.5,0,0,0,"ok","-"
"bridge_d10","bridge",10,34,608635,"SUN-MCCD",0.6,1,0.8,0.652173913043478,6,0,"ok","-"
"bridge_d10","bridge",10,34,608635,"LOF",0,1,0.5,0,0,0,"ok","-"
"bridge_d10","bridge",10,34,608635,"DBSCAN",0,1,0.5,0,0,0,"ok","-"
"bridge_d10","bridge",10,34,608635,"MST",0.2,0.925925925925926,0.562962962962963,0.178571428571429,16,0,"ok","-"
"bridge_d10","bridge",10,34,608635,"ODIN",0,0.968253968253968,0.484126984126984,0,6,0,"ok","-"
"bridge_d10","bridge",10,34,608635,"iForest",0,1,0.5,0,0,0,"ok","-"
"bridge_d10","bridge",10,35,608636,"U-MCCD",0.3,0.925925925925926,0.612962962962963,0.263157894736842,17,0,"ok","-"
"bridge_d10","bridge",10,35,608636,"SU-MCCD",0,0.994708994708995,0.497354497354497,0,1,0,"ok","-"
"bridge_d10","bridge",10,35,608636,"UN-MCCD",0,0.994708994708995,0.497354497354497,0,1,0,"ok","-"
"bridge_d10","bridge",10,35,608636,"SUN-MCCD",0,0.978835978835979,0.489417989417989,0,4,0,"ok","-"
"bridge_d10","bridge",10,35,608636,"LOF",0,1,0.5,0,0,0,"ok","-"
"bridge_d10","bridge",10,35,608636,"DBSCAN",0,1,0.5,0,0,0,"ok","-"
"bridge_d10","bridge",10,35,608636,"MST",0,0.883597883597884,0.441798941798942,0,22,0,"ok","-"
"bridge_d10","bridge",10,35,608636,"ODIN",0,0.984126984126984,0.492063492063492,0,3,0,"ok","-"
"bridge_d10","bridge",10,35,608636,"iForest",0,1,0.5,0,0,0,"ok","-"
"bridge_d10","bridge",10,36,608637,"U-MCCD",0,0.994708994708995,0.497354497354497,0,1,0,"ok","-"
"bridge_d10","bridge",10,36,608637,"SU-MCCD",0,0.994708994708995,0.497354497354497,0,1,0,"ok","-"
"bridge_d10","bridge",10,36,608637,"UN-MCCD",0,0.994708994708995,0.497354497354497,0,1,0,"ok","-"
"bridge_d10","bridge",10,36,608637,"SUN-MCCD",0,1,0.5,0,0,0,"ok","-"
"bridge_d10","bridge",10,36,608637,"LOF",0,1,0.5,0,0,0,"ok","-"
"bridge_d10","bridge",10,36,608637,"DBSCAN",0,1,0.5,0,0,0,"ok","-"
"bridge_d10","bridge",10,36,608637,"MST",0.2,0.941798941798942,0.570899470899471,0.188679245283019,13,0,"ok","-"
"bridge_d10","bridge",10,36,608637,"ODIN",0,0.973544973544973,0.486772486772487,0,5,0,"ok","-"
"bridge_d10","bridge",10,36,608637,"iForest",0,1,0.5,0,0,0,"ok","-"
"bridge_d10","bridge",10,37,608638,"U-MCCD",0,0.899470899470899,0.44973544973545,0,19,0,"ok","-"
"bridge_d10","bridge",10,37,608638,"SU-MCCD",0,1,0.5,0,0,0,"ok","-"
"bridge_d10","bridge",10,37,608638,"UN-MCCD",0,0.994708994708995,0.497354497354497,0,1,0,"ok","-"
"bridge_d10","bridge",10,37,608638,"SUN-MCCD",0,1,0.5,0,0,0,"ok","-"
"bridge_d10","bridge",10,37,608638,"LOF",0,1,0.5,0,0,0,"ok","-"
"bridge_d10","bridge",10,37,608638,"DBSCAN",0,1,0.5,0,0,0,"ok","-"
"bridge_d10","bridge",10,37,608638,"MST",0,0.862433862433862,0.431216931216931,0,26,0,"ok","-"
"bridge_d10","bridge",10,37,608638,"ODIN",0,0.952380952380952,0.476190476190476,0,9,0,"ok","-"
"bridge_d10","bridge",10,37,608638,"iForest",0,1,0.5,0,0,0,"ok","-"
"bridge_d10","bridge",10,38,608639,"U-MCCD",0.1,1,0.55,0.121951219512195,1,0,"ok","-"
"bridge_d10","bridge",10,38,608639,"SU-MCCD",0,1,0.5,0,0,0,"ok","-"
"bridge_d10","bridge",10,38,608639,"UN-MCCD",0.3,1,0.65,0.348837209302326,3,0,"ok","-"
"bridge_d10","bridge",10,38,608639,"SUN-MCCD",0,0.984126984126984,0.492063492063492,0,3,0,"ok","-"
"bridge_d10","bridge",10,38,608639,"LOF",0,1,0.5,0,0,0,"ok","-"
"bridge_d10","bridge",10,38,608639,"DBSCAN",0,0.994708994708995,0.497354497354497,0,1,0,"ok","-"
"bridge_d10","bridge",10,38,608639,"MST",0.2,0.962962962962963,0.581481481481481,0.204081632653061,9,0,"ok","-"
"bridge_d10","bridge",10,38,608639,"ODIN",0,0.968253968253968,0.484126984126984,0,6,0,"ok","-"
"bridge_d10","bridge",10,38,608639,"iForest",0,1,0.5,0,0,0,"ok","-"
"bridge_d10","bridge",10,39,608640,"U-MCCD",0,0.920634920634921,0.46031746031746,0,15,0,"ok","-"
"bridge_d10","bridge",10,39,608640,"SU-MCCD",0,0.973544973544973,0.486772486772487,0,5,0,"ok","-"
"bridge_d10","bridge",10,39,608640,"UN-MCCD",0,1,0.5,0,0,0,"ok","-"
"bridge_d10","bridge",10,39,608640,"SUN-MCCD",0,1,0.5,0,0,0,"ok","-"
"bridge_d10","bridge",10,39,608640,"LOF",0,1,0.5,0,0,0,"ok","-"
"bridge_d10","bridge",10,39,608640,"DBSCAN",0,1,0.5,0,0,0,"ok","-"
"bridge_d10","bridge",10,39,608640,"MST",0.2,0.899470899470899,0.54973544973545,0.163934426229508,21,0,"ok","-"
"bridge_d10","bridge",10,39,608640,"ODIN",0,0.952380952380952,0.476190476190476,0,9,0,"ok","-"
"bridge_d10","bridge",10,39,608640,"iForest",0,1,0.5,0,0,0,"ok","-"
"bridge_d10","bridge",10,40,608641,"U-MCCD",0,1,0.5,0,0,0,"ok","-"
"bridge_d10","bridge",10,40,608641,"SU-MCCD",0,0.994708994708995,0.497354497354497,0,1,0,"ok","-"
"bridge_d10","bridge",10,40,608641,"UN-MCCD",0,1,0.5,0,0,0,"ok","-"
"bridge_d10","bridge",10,40,608641,"SUN-MCCD",0,1,0.5,0,0,0,"ok","-"
"bridge_d10","bridge",10,40,608641,"LOF",0,1,0.5,0,0,0,"ok","-"
"bridge_d10","bridge",10,40,608641,"DBSCAN",0,1,0.5,0,0,0,"ok","-"
"bridge_d10","bridge",10,40,608641,"MST",0.3,0.894179894179894,0.597089947089947,0.238095238095238,23,0,"ok","-"
"bridge_d10","bridge",10,40,608641,"ODIN",0,0.978835978835979,0.489417989417989,0,4,0,"ok","-"
"bridge_d10","bridge",10,40,608641,"iForest",0,1,0.5,0,0,0,"ok","-"
"bridge_d10","bridge",10,41,608642,"U-MCCD",0,0.920634920634921,0.46031746031746,0,15,0,"ok","-"
"bridge_d10","bridge",10,41,608642,"SU-MCCD",0,1,0.5,0,0,0,"ok","-"
"bridge_d10","bridge",10,41,608642,"UN-MCCD",0,1,0.5,0,0,0,"ok","-"
"bridge_d10","bridge",10,41,608642,"SUN-MCCD",0,1,0.5,0,0,0,"ok","-"
"bridge_d10","bridge",10,41,608642,"LOF",0,1,0.5,0,0,0,"ok","-"
"bridge_d10","bridge",10,41,608642,"DBSCAN",0,1,0.5,0,0,0,"ok","-"
"bridge_d10","bridge",10,41,608642,"MST",0.4,0.931216931216931,0.665608465608466,0.350877192982456,17,0,"ok","-"
"bridge_d10","bridge",10,41,608642,"ODIN",0,0.973544973544973,0.486772486772487,0,5,0,"ok","-"
"bridge_d10","bridge",10,41,608642,"iForest",0,1,0.5,0,0,0,"ok","-"
"bridge_d10","bridge",10,42,608643,"U-MCCD",0,0.957671957671958,0.478835978835979,0,8,0,"ok","-"
"bridge_d10","bridge",10,42,608643,"SU-MCCD",0,1,0.5,0,0,0,"ok","-"
"bridge_d10","bridge",10,42,608643,"UN-MCCD",0,1,0.5,0,0,0,"ok","-"
"bridge_d10","bridge",10,42,608643,"SUN-MCCD",0,1,0.5,0,0,0,"ok","-"
"bridge_d10","bridge",10,42,608643,"LOF",0,1,0.5,0,0,0,"ok","-"
"bridge_d10","bridge",10,42,608643,"DBSCAN",0,0.994708994708995,0.497354497354497,0,1,0,"ok","-"
"bridge_d10","bridge",10,42,608643,"MST",0,0.936507936507937,0.468253968253968,0,12,0,"ok","-"
"bridge_d10","bridge",10,42,608643,"ODIN",0,0.984126984126984,0.492063492063492,0,3,0,"ok","-"
"bridge_d10","bridge",10,42,608643,"iForest",0,1,0.5,0,0,0,"ok","-"
"bridge_d10","bridge",10,43,608644,"U-MCCD",0,0.994708994708995,0.497354497354497,0,1,0,"ok","-"
"bridge_d10","bridge",10,43,608644,"SU-MCCD",0,0.994708994708995,0.497354497354497,0,1,0,"ok","-"
"bridge_d10","bridge",10,43,608644,"UN-MCCD",0,1,0.5,0,0,0,"ok","-"
"bridge_d10","bridge",10,43,608644,"SUN-MCCD",0,0.994708994708995,0.497354497354497,0,1,0,"ok","-"
"bridge_d10","bridge",10,43,608644,"LOF",0,1,0.5,0,0,0,"ok","-"
"bridge_d10","bridge",10,43,608644,"DBSCAN",0,0.984126984126984,0.492063492063492,0,3,0,"ok","-"
"bridge_d10","bridge",10,43,608644,"MST",0.2,0.841269841269841,0.520634920634921,0.138888888888889,32,0,"ok","-"
"bridge_d10","bridge",10,43,608644,"ODIN",0,0.957671957671958,0.478835978835979,0,8,0,"ok","-"
"bridge_d10","bridge",10,43,608644,"iForest",0,1,0.5,0,0,0,"ok","-"
"bridge_d10","bridge",10,44,608645,"U-MCCD",0,1,0.5,0,0,0,"ok","-"
"bridge_d10","bridge",10,44,608645,"SU-MCCD",0,0.978835978835979,0.489417989417989,0,4,0,"ok","-"
"bridge_d10","bridge",10,44,608645,"UN-MCCD",0,0.978835978835979,0.489417989417989,0,4,0,"ok","-"
"bridge_d10","bridge",10,44,608645,"SUN-MCCD",0,1,0.5,0,0,0,"ok","-"
"bridge_d10","bridge",10,44,608645,"LOF",0,1,0.5,0,0,0,"ok","-"
"bridge_d10","bridge",10,44,608645,"DBSCAN",0,0.994708994708995,0.497354497354497,0,1,0,"ok","-"
"bridge_d10","bridge",10,44,608645,"MST",0.1,0.899470899470899,0.49973544973545,0.0833333333333333,20,0,"ok","-"
"bridge_d10","bridge",10,44,608645,"ODIN",0,0.968253968253968,0.484126984126984,0,6,0,"ok","-"
"bridge_d10","bridge",10,44,608645,"iForest",0,1,0.5,0,0,0,"ok","-"
"bridge_d10","bridge",10,45,608646,"U-MCCD",0,1,0.5,0,0,0,"ok","-"
"bridge_d10","bridge",10,45,608646,"SU-MCCD",0,1,0.5,0,0,0,"ok","-"
"bridge_d10","bridge",10,45,608646,"UN-MCCD",0,1,0.5,0,0,0,"ok","-"
"bridge_d10","bridge",10,45,608646,"SUN-MCCD",0,1,0.5,0,0,0,"ok","-"
"bridge_d10","bridge",10,45,608646,"LOF",0,1,0.5,0,0,0,"ok","-"
"bridge_d10","bridge",10,45,608646,"DBSCAN",0,1,0.5,0,0,0,"ok","-"
"bridge_d10","bridge",10,45,608646,"MST",0,0.962962962962963,0.481481481481481,0,7,0,"ok","-"
"bridge_d10","bridge",10,45,608646,"ODIN",0,0.973544973544973,0.486772486772487,0,5,0,"ok","-"
"bridge_d10","bridge",10,45,608646,"iForest",0,1,0.5,0,0,0,"ok","-"
"bridge_d10","bridge",10,46,608647,"U-MCCD",0,0.962962962962963,0.481481481481481,0,7,0,"ok","-"
"bridge_d10","bridge",10,46,608647,"SU-MCCD",0,0.968253968253968,0.484126984126984,0,6,0,"ok","-"
"bridge_d10","bridge",10,46,608647,"UN-MCCD",0,0.984126984126984,0.492063492063492,0,3,0,"ok","-"
"bridge_d10","bridge",10,46,608647,"SUN-MCCD",0,1,0.5,0,0,0,"ok","-"
"bridge_d10","bridge",10,46,608647,"LOF",0,1,0.5,0,0,0,"ok","-"
"bridge_d10","bridge",10,46,608647,"DBSCAN",0,0.994708994708995,0.497354497354497,0,1,0,"ok","-"
"bridge_d10","bridge",10,46,608647,"MST",0.4,0.931216931216931,0.665608465608466,0.350877192982456,17,0,"ok","-"
"bridge_d10","bridge",10,46,608647,"ODIN",0,0.941798941798942,0.470899470899471,0,11,0,"ok","-"
"bridge_d10","bridge",10,46,608647,"iForest",0,1,0.5,0,0,0,"ok","-"
"bridge_d10","bridge",10,47,608648,"U-MCCD",0,0.994708994708995,0.497354497354497,0,1,0,"ok","-"
"bridge_d10","bridge",10,47,608648,"SU-MCCD",0,1,0.5,0,0,0,"ok","-"
"bridge_d10","bridge",10,47,608648,"UN-MCCD",0,1,0.5,0,0,0,"ok","-"
"bridge_d10","bridge",10,47,608648,"SUN-MCCD",0,0.994708994708995,0.497354497354497,0,1,0,"ok","-"
"bridge_d10","bridge",10,47,608648,"LOF",0,1,0.5,0,0,0,"ok","-"
"bridge_d10","bridge",10,47,608648,"DBSCAN",0,0.994708994708995,0.497354497354497,0,1,0,"ok","-"
"bridge_d10","bridge",10,47,608648,"MST",0,0.888888888888889,0.444444444444444,0,21,0,"ok","-"
"bridge_d10","bridge",10,47,608648,"ODIN",0,0.978835978835979,0.489417989417989,0,4,0,"ok","-"
"bridge_d10","bridge",10,47,608648,"iForest",0,1,0.5,0,0,0,"ok","-"
"bridge_d10","bridge",10,48,608649,"U-MCCD",0,1,0.5,0,0,0,"ok","-"
"bridge_d10","bridge",10,48,608649,"SU-MCCD",0,1,0.5,0,0,0,"ok","-"
"bridge_d10","bridge",10,48,608649,"UN-MCCD",0,1,0.5,0,0,0,"ok","-"
"bridge_d10","bridge",10,48,608649,"SUN-MCCD",0,1,0.5,0,0,0,"ok","-"
"bridge_d10","bridge",10,48,608649,"LOF",0,1,0.5,0,0,0,"ok","-"
"bridge_d10","bridge",10,48,608649,"DBSCAN",0,1,0.5,0,0,0,"ok","-"
"bridge_d10","bridge",10,48,608649,"MST",0,0.925925925925926,0.462962962962963,0,14,0,"ok","-"
"bridge_d10","bridge",10,48,608649,"ODIN",0,0.989417989417989,0.494708994708995,0,2,0,"ok","-"
"bridge_d10","bridge",10,48,608649,"iForest",0,1,0.5,0,0,0,"ok","-"
"bridge_d10","bridge",10,49,608650,"U-MCCD",0,0.952380952380952,0.476190476190476,0,9,0,"ok","-"
"bridge_d10","bridge",10,49,608650,"SU-MCCD",0,0.978835978835979,0.489417989417989,0,4,0,"ok","-"
"bridge_d10","bridge",10,49,608650,"UN-MCCD",0,1,0.5,0,0,0,"ok","-"
"bridge_d10","bridge",10,49,608650,"SUN-MCCD",0,0.989417989417989,0.494708994708995,0,2,0,"ok","-"
"bridge_d10","bridge",10,49,608650,"LOF",0,1,0.5,0,0,0,"ok","-"
"bridge_d10","bridge",10,49,608650,"DBSCAN",0,0.994708994708995,0.497354497354497,0,1,0,"ok","-"
"bridge_d10","bridge",10,49,608650,"MST",0,0.904761904761905,0.452380952380952,0,18,0,"ok","-"
"bridge_d10","bridge",10,49,608650,"ODIN",0,0.968253968253968,0.484126984126984,0,6,0,"ok","-"
"bridge_d10","bridge",10,49,608650,"iForest",0,1,0.5,0,0,0,"ok","-"
"bridge_d10","bridge",10,50,608651,"U-MCCD",0,1,0.5,0,0,0,"ok","-"
"bridge_d10","bridge",10,50,608651,"SU-MCCD",0,1,0.5,0,0,0,"ok","-"
"bridge_d10","bridge",10,50,608651,"UN-MCCD",0,1,0.5,0,0,0,"ok","-"
"bridge_d10","bridge",10,50,608651,"SUN-MCCD",0,1,0.5,0,0,0,"ok","-"
"bridge_d10","bridge",10,50,608651,"LOF",0,1,0.5,0,0,0,"ok","-"
"bridge_d10","bridge",10,50,608651,"DBSCAN",0,1,0.5,0,0,0,"ok","-"
"bridge_d10","bridge",10,50,608651,"MST",0,0.915343915343915,0.457671957671958,0,16,0,"ok","-"
"bridge_d10","bridge",10,50,608651,"ODIN",0,0.984126984126984,0.492063492063492,0,3,0,"ok","-"
"bridge_d10","bridge",10,50,608651,"iForest",0,1,0.5,0,0,0,"ok","-"
"bridge_d10","bridge",10,51,608652,"U-MCCD",0,0.978835978835979,0.489417989417989,0,4,0,"ok","-"
"bridge_d10","bridge",10,51,608652,"SU-MCCD",0,1,0.5,0,0,0,"ok","-"
"bridge_d10","bridge",10,51,608652,"UN-MCCD",0,1,0.5,0,0,0,"ok","-"
"bridge_d10","bridge",10,51,608652,"SUN-MCCD",0,1,0.5,0,0,0,"ok","-"
"bridge_d10","bridge",10,51,608652,"LOF",0,1,0.5,0,0,0,"ok","-"
"bridge_d10","bridge",10,51,608652,"DBSCAN",0,1,0.5,0,0,0,"ok","-"
"bridge_d10","bridge",10,51,608652,"MST",0.3,0.867724867724868,0.583862433862434,0.220588235294118,28,0,"ok","-"
"bridge_d10","bridge",10,51,608652,"ODIN",0,0.973544973544973,0.486772486772487,0,5,0,"ok","-"
"bridge_d10","bridge",10,51,608652,"iForest",0,1,0.5,0,0,0,"ok","-"
"bridge_d10","bridge",10,52,608653,"U-MCCD",0.2,0.968253968253968,0.584126984126984,0.208333333333333,8,0,"ok","-"
"bridge_d10","bridge",10,52,608653,"SU-MCCD",0.8,0.968253968253968,0.884126984126984,0.740740740740741,14,0,"ok","-"
"bridge_d10","bridge",10,52,608653,"UN-MCCD",0.7,0.973544973544973,0.836772486772487,0.673076923076923,12,0,"ok","-"
"bridge_d10","bridge",10,52,608653,"SUN-MCCD",0.7,1,0.85,0.74468085106383,7,0,"ok","-"
"bridge_d10","bridge",10,52,608653,"LOF",0,1,0.5,0,0,0,"ok","-"
"bridge_d10","bridge",10,52,608653,"DBSCAN",0,1,0.5,0,0,0,"ok","-"
"bridge_d10","bridge",10,52,608653,"MST",0,0.867724867724868,0.433862433862434,0,25,0,"ok","-"
"bridge_d10","bridge",10,52,608653,"ODIN",0,0.962962962962963,0.481481481481481,0,7,0,"ok","-"
"bridge_d10","bridge",10,52,608653,"iForest",0,1,0.5,0,0,0,"ok","-"
"bridge_d10","bridge",10,53,608654,"U-MCCD",0.4,1,0.7,0.454545454545455,4,0,"ok","-"
"bridge_d10","bridge",10,53,608654,"SU-MCCD",0.4,1,0.7,0.454545454545455,4,0,"ok","-"
"bridge_d10","bridge",10,53,608654,"UN-MCCD",0.8,1,0.9,0.833333333333333,8,0,"ok","-"
"bridge_d10","bridge",10,53,608654,"SUN-MCCD",0,1,0.5,0,0,0,"ok","-"
"bridge_d10","bridge",10,53,608654,"LOF",0,1,0.5,0,0,0,"ok","-"
"bridge_d10","bridge",10,53,608654,"DBSCAN",0,1,0.5,0,0,0,"ok","-"
"bridge_d10","bridge",10,53,608654,"MST",0,0.862433862433862,0.431216931216931,0,26,0,"ok","-"
"bridge_d10","bridge",10,53,608654,"ODIN",0,0.978835978835979,0.489417989417989,0,4,0,"ok","-"
"bridge_d10","bridge",10,53,608654,"iForest",0,1,0.5,0,0,0,"ok","-"
"bridge_d10","bridge",10,54,608655,"U-MCCD",0,1,0.5,0,0,0,"ok","-"
"bridge_d10","bridge",10,54,608655,"SU-MCCD",0,0.994708994708995,0.497354497354497,0,1,0,"ok","-"
"bridge_d10","bridge",10,54,608655,"UN-MCCD",0.3,1,0.65,0.348837209302326,3,0,"ok","-"
"bridge_d10","bridge",10,54,608655,"SUN-MCCD",0,1,0.5,0,0,0,"ok","-"
"bridge_d10","bridge",10,54,608655,"LOF",0,1,0.5,0,0,0,"ok","-"
"bridge_d10","bridge",10,54,608655,"DBSCAN",0,1,0.5,0,0,0,"ok","-"
"bridge_d10","bridge",10,54,608655,"MST",0.3,0.873015873015873,0.586507936507937,0.223880597014925,27,0,"ok","-"
"bridge_d10","bridge",10,54,608655,"ODIN",0,0.962962962962963,0.481481481481481,0,7,0,"ok","-"
"bridge_d10","bridge",10,54,608655,"iForest",0,1,0.5,0,0,0,"ok","-"
"bridge_d10","bridge",10,55,608656,"U-MCCD",0.4,0.973544973544973,0.686772486772487,0.408163265306122,9,0,"ok","-"
"bridge_d10","bridge",10,55,608656,"SU-MCCD",0,0.994708994708995,0.497354497354497,0,1,0,"ok","-"
"bridge_d10","bridge",10,55,608656,"UN-MCCD",0.6,0.989417989417989,0.794708994708995,0.625,8,0,"ok","-"
"bridge_d10","bridge",10,55,608656,"SUN-MCCD",0,1,0.5,0,0,0,"ok","-"
"bridge_d10","bridge",10,55,608656,"LOF",0,1,0.5,0,0,0,"ok","-"
"bridge_d10","bridge",10,55,608656,"DBSCAN",0,1,0.5,0,0,0,"ok","-"
"bridge_d10","bridge",10,55,608656,"MST",0,0.888888888888889,0.444444444444444,0,21,0,"ok","-"
"bridge_d10","bridge",10,55,608656,"ODIN",0,0.968253968253968,0.484126984126984,0,6,0,"ok","-"
"bridge_d10","bridge",10,55,608656,"iForest",0,1,0.5,0,0,0,"ok","-"
"bridge_d10","bridge",10,56,608657,"U-MCCD",0.4,0.994708994708995,0.697354497354497,0.444444444444444,5,0,"ok","-"
"bridge_d10","bridge",10,56,608657,"SU-MCCD",0.4,1,0.7,0.454545454545455,4,0,"ok","-"
"bridge_d10","bridge",10,56,608657,"UN-MCCD",0,1,0.5,0,0,0,"ok","-"
"bridge_d10","bridge",10,56,608657,"SUN-MCCD",0.3,1,0.65,0.348837209302326,3,0,"ok","-"
"bridge_d10","bridge",10,56,608657,"LOF",0,1,0.5,0,0,0,"ok","-"
"bridge_d10","bridge",10,56,608657,"DBSCAN",0,0.994708994708995,0.497354497354497,0,1,0,"ok","-"
"bridge_d10","bridge",10,56,608657,"MST",0.2,0.936507936507937,0.568253968253968,0.185185185185185,14,0,"ok","-"
"bridge_d10","bridge",10,56,608657,"ODIN",0,0.973544973544973,0.486772486772487,0,5,0,"ok","-"
"bridge_d10","bridge",10,56,608657,"iForest",0,1,0.5,0,0,0,"ok","-"
"bridge_d10","bridge",10,57,608658,"U-MCCD",0,1,0.5,0,0,0,"ok","-"
"bridge_d10","bridge",10,57,608658,"SU-MCCD",0,1,0.5,0,0,0,"ok","-"
"bridge_d10","bridge",10,57,608658,"UN-MCCD",0,1,0.5,0,0,0,"ok","-"
"bridge_d10","bridge",10,57,608658,"SUN-MCCD",0,1,0.5,0,0,0,"ok","-"
"bridge_d10","bridge",10,57,608658,"LOF",0,1,0.5,0,0,0,"ok","-"
"bridge_d10","bridge",10,57,608658,"DBSCAN",0,1,0.5,0,0,0,"ok","-"
"bridge_d10","bridge",10,57,608658,"MST",0,0.899470899470899,0.44973544973545,0,19,0,"ok","-"
"bridge_d10","bridge",10,57,608658,"ODIN",0,0.973544973544973,0.486772486772487,0,5,0,"ok","-"
"bridge_d10","bridge",10,57,608658,"iForest",0,1,0.5,0,0,0,"ok","-"
"bridge_d10","bridge",10,58,608659,"U-MCCD",0,1,0.5,0,0,0,"ok","-"
"bridge_d10","bridge",10,58,608659,"SU-MCCD",0.6,1,0.8,0.652173913043478,6,0,"ok","-"
"bridge_d10","bridge",10,58,608659,"UN-MCCD",0.2,1,0.6,0.238095238095238,2,0,"ok","-"
"bridge_d10","bridge",10,58,608659,"SUN-MCCD",0.2,0.994708994708995,0.597354497354497,0.232558139534884,3,0,"ok","-"
"bridge_d10","bridge",10,58,608659,"LOF",0,1,0.5,0,0,0,"ok","-"
"bridge_d10","bridge",10,58,608659,"DBSCAN",0,1,0.5,0,0,0,"ok","-"
"bridge_d10","bridge",10,58,608659,"MST",0.1,0.883597883597884,0.491798941798942,0.0793650793650794,23,0,"ok","-"
"bridge_d10","bridge",10,58,608659,"ODIN",0,0.978835978835979,0.489417989417989,0,4,0,"ok","-"
"bridge_d10","bridge",10,58,608659,"iForest",0,1,0.5,0,0,0,"ok","-"
"bridge_d10","bridge",10,59,608660,"U-MCCD",0,0.984126984126984,0.492063492063492,0,3,0,"ok","-"
"bridge_d10","bridge",10,59,608660,"SU-MCCD",0,0.989417989417989,0.494708994708995,0,2,0,"ok","-"
"bridge_d10","bridge",10,59,608660,"UN-MCCD",0,1,0.5,0,0,0,"ok","-"
"bridge_d10","bridge",10,59,608660,"SUN-MCCD",0,1,0.5,0,0,0,"ok","-"
"bridge_d10","bridge",10,59,608660,"LOF",0,1,0.5,0,0,0,"ok","-"
"bridge_d10","bridge",10,59,608660,"DBSCAN",0,1,0.5,0,0,0,"ok","-"
"bridge_d10","bridge",10,59,608660,"MST",0,0.841269841269841,0.420634920634921,0,30,0,"ok","-"
"bridge_d10","bridge",10,59,608660,"ODIN",0,0.962962962962963,0.481481481481481,0,7,0,"ok","-"
"bridge_d10","bridge",10,59,608660,"iForest",0,1,0.5,0,0,0,"ok","-"
"bridge_d10","bridge",10,60,608661,"U-MCCD",0.1,0.984126984126984,0.542063492063492,0.113636363636364,4,0,"ok","-"
"bridge_d10","bridge",10,60,608661,"SU-MCCD",0.1,0.984126984126984,0.542063492063492,0.113636363636364,4,0,"ok","-"
"bridge_d10","bridge",10,60,608661,"UN-MCCD",0,0.973544973544973,0.486772486772487,0,5,0,"ok","-"
"bridge_d10","bridge",10,60,608661,"SUN-MCCD",0,1,0.5,0,0,0,"ok","-"
"bridge_d10","bridge",10,60,608661,"LOF",0,1,0.5,0,0,0,"ok","-"
"bridge_d10","bridge",10,60,608661,"DBSCAN",0,0.994708994708995,0.497354497354497,0,1,0,"ok","-"
"bridge_d10","bridge",10,60,608661,"MST",0.5,0.931216931216931,0.715608465608466,0.431034482758621,18,0,"ok","-"
"bridge_d10","bridge",10,60,608661,"ODIN",0,0.952380952380952,0.476190476190476,0,9,0,"ok","-"
"bridge_d10","bridge",10,60,608661,"iForest",0,1,0.5,0,0,0,"ok","-"
"bridge_d10","bridge",10,61,608662,"U-MCCD",0,0.984126984126984,0.492063492063492,0,3,0,"ok","-"
"bridge_d10","bridge",10,61,608662,"SU-MCCD",0,0.984126984126984,0.492063492063492,0,3,0,"ok","-"
"bridge_d10","bridge",10,61,608662,"UN-MCCD",0,0.941798941798942,0.470899470899471,0,11,0,"ok","-"
"bridge_d10","bridge",10,61,608662,"SUN-MCCD",0,0.989417989417989,0.494708994708995,0,2,0,"ok","-"
"bridge_d10","bridge",10,61,608662,"LOF",0,1,0.5,0,0,0,"ok","-"
"bridge_d10","bridge",10,61,608662,"DBSCAN",0,0.989417989417989,0.494708994708995,0,2,0,"ok","-"
"bridge_d10","bridge",10,61,608662,"MST",0.2,0.894179894179894,0.547089947089947,0.161290322580645,22,0,"ok","-"
"bridge_d10","bridge",10,61,608662,"ODIN",0,0.962962962962963,0.481481481481481,0,7,0,"ok","-"
"bridge_d10","bridge",10,61,608662,"iForest",0,1,0.5,0,0,0,"ok","-"
"bridge_d10","bridge",10,62,608663,"U-MCCD",0.7,1,0.85,0.74468085106383,7,0,"ok","-"
"bridge_d10","bridge",10,62,608663,"SU-MCCD",0.3,0.994708994708995,0.647354497354497,0.340909090909091,4,0,"ok","-"
"bridge_d10","bridge",10,62,608663,"UN-MCCD",1,0.984126984126984,0.992063492063492,0.943396226415094,13,0,"ok","-"
"bridge_d10","bridge",10,62,608663,"SUN-MCCD",0,0.994708994708995,0.497354497354497,0,1,0,"ok","-"
"bridge_d10","bridge",10,62,608663,"LOF",0,1,0.5,0,0,0,"ok","-"
"bridge_d10","bridge",10,62,608663,"DBSCAN",0,1,0.5,0,0,0,"ok","-"
"bridge_d10","bridge",10,62,608663,"MST",0,0.878306878306878,0.439153439153439,0,23,0,"ok","-"
"bridge_d10","bridge",10,62,608663,"ODIN",0,0.931216931216931,0.465608465608466,0,13,0,"ok","-"
"bridge_d10","bridge",10,62,608663,"iForest",0,1,0.5,0,0,0,"ok","-"
"bridge_d10","bridge",10,63,608664,"U-MCCD",0.4,0.756613756613757,0.578306878306878,0.222222222222222,50,0,"ok","-"
"bridge_d10","bridge",10,63,608664,"SU-MCCD",0,0.931216931216931,0.465608465608466,0,13,0,"ok","-"
"bridge_d10","bridge",10,63,608664,"UN-MCCD",0,0.984126984126984,0.492063492063492,0,3,0,"ok","-"
"bridge_d10","bridge",10,63,608664,"SUN-MCCD",0,1,0.5,0,0,0,"ok","-"
"bridge_d10","bridge",10,63,608664,"LOF",0,1,0.5,0,0,0,"ok","-"
"bridge_d10","bridge",10,63,608664,"DBSCAN",0,0.994708994708995,0.497354497354497,0,1,0,"ok","-"
"bridge_d10","bridge",10,63,608664,"MST",0,0.91005291005291,0.455026455026455,0,17,0,"ok","-"
"bridge_d10","bridge",10,63,608664,"ODIN",0,0.962962962962963,0.481481481481481,0,7,0,"ok","-"
"bridge_d10","bridge",10,63,608664,"iForest",0,1,0.5,0,0,0,"ok","-"
"bridge_d10","bridge",10,64,608665,"U-MCCD",0.3,0.989417989417989,0.644708994708995,0.333333333333333,5,0,"ok","-"
"bridge_d10","bridge",10,64,608665,"SU-MCCD",0.3,0.994708994708995,0.647354497354497,0.340909090909091,4,0,"ok","-"
"bridge_d10","bridge",10,64,608665,"UN-MCCD",0.4,1,0.7,0.454545454545455,4,0,"ok","-"
"bridge_d10","bridge",10,64,608665,"SUN-MCCD",0,1,0.5,0,0,0,"ok","-"
"bridge_d10","bridge",10,64,608665,"LOF",0,1,0.5,0,0,0,"ok","-"
"bridge_d10","bridge",10,64,608665,"DBSCAN",0,1,0.5,0,0,0,"ok","-"
"bridge_d10","bridge",10,64,608665,"MST",0.2,0.920634920634921,0.56031746031746,0.175438596491228,17,0,"ok","-"
"bridge_d10","bridge",10,64,608665,"ODIN",0,0.973544973544973,0.486772486772487,0,5,0,"ok","-"
"bridge_d10","bridge",10,64,608665,"iForest",0,1,0.5,0,0,0,"ok","-"
"bridge_d10","bridge",10,65,608666,"U-MCCD",0,0.957671957671958,0.478835978835979,0,8,0,"ok","-"
"bridge_d10","bridge",10,65,608666,"SU-MCCD",0,0.989417989417989,0.494708994708995,0,2,0,"ok","-"
"bridge_d10","bridge",10,65,608666,"UN-MCCD",0,0.994708994708995,0.497354497354497,0,1,0,"ok","-"
"bridge_d10","bridge",10,65,608666,"SUN-MCCD",0,0.994708994708995,0.497354497354497,0,1,0,"ok","-"
"bridge_d10","bridge",10,65,608666,"LOF",0,1,0.5,0,0,0,"ok","-"
"bridge_d10","bridge",10,65,608666,"DBSCAN",0,1,0.5,0,0,0,"ok","-"
"bridge_d10","bridge",10,65,608666,"MST",0,0.883597883597884,0.441798941798942,0,22,0,"ok","-"
"bridge_d10","bridge",10,65,608666,"ODIN",0,0.968253968253968,0.484126984126984,0,6,0,"ok","-"
"bridge_d10","bridge",10,65,608666,"iForest",0,1,0.5,0,0,0,"ok","-"
"bridge_d10","bridge",10,66,608667,"U-MCCD",0,1,0.5,0,0,0,"ok","-"
"bridge_d10","bridge",10,66,608667,"SU-MCCD",1,0.994708994708995,0.997354497354497,0.980392156862745,11,0,"ok","-"
"bridge_d10","bridge",10,66,608667,"UN-MCCD",0.5,1,0.75,0.555555555555556,5,0,"ok","-"
"bridge_d10","bridge",10,66,608667,"SUN-MCCD",0,1,0.5,0,0,0,"ok","-"
"bridge_d10","bridge",10,66,608667,"LOF",0,1,0.5,0,0,0,"ok","-"
"bridge_d10","bridge",10,66,608667,"DBSCAN",0,1,0.5,0,0,0,"ok","-"
"bridge_d10","bridge",10,66,608667,"MST",0,0.878306878306878,0.439153439153439,0,23,0,"ok","-"
"bridge_d10","bridge",10,66,608667,"ODIN",0,0.941798941798942,0.470899470899471,0,11,0,"ok","-"
"bridge_d10","bridge",10,66,608667,"iForest",0,1,0.5,0,0,0,"ok","-"
"bridge_d10","bridge",10,67,608668,"U-MCCD",0,0.973544973544973,0.486772486772487,0,5,0,"ok","-"
"bridge_d10","bridge",10,67,608668,"SU-MCCD",0,0.994708994708995,0.497354497354497,0,1,0,"ok","-"
"bridge_d10","bridge",10,67,608668,"UN-MCCD",0,0.994708994708995,0.497354497354497,0,1,0,"ok","-"
"bridge_d10","bridge",10,67,608668,"SUN-MCCD",0,1,0.5,0,0,0,"ok","-"
"bridge_d10","bridge",10,67,608668,"LOF",0,1,0.5,0,0,0,"ok","-"
"bridge_d10","bridge",10,67,608668,"DBSCAN",0,1,0.5,0,0,0,"ok","-"
"bridge_d10","bridge",10,67,608668,"MST",0,0.888888888888889,0.444444444444444,0,21,0,"ok","-"
"bridge_d10","bridge",10,67,608668,"ODIN",0,0.984126984126984,0.492063492063492,0,3,0,"ok","-"
"bridge_d10","bridge",10,67,608668,"iForest",0,1,0.5,0,0,0,"ok","-"
"bridge_d10","bridge",10,68,608669,"U-MCCD",0,1,0.5,0,0,0,"ok","-"
"bridge_d10","bridge",10,68,608669,"SU-MCCD",0,1,0.5,0,0,0,"ok","-"
"bridge_d10","bridge",10,68,608669,"UN-MCCD",0,1,0.5,0,0,0,"ok","-"
"bridge_d10","bridge",10,68,608669,"SUN-MCCD",0,1,0.5,0,0,0,"ok","-"
"bridge_d10","bridge",10,68,608669,"LOF",0,1,0.5,0,0,0,"ok","-"
"bridge_d10","bridge",10,68,608669,"DBSCAN",0,1,0.5,0,0,0,"ok","-"
"bridge_d10","bridge",10,68,608669,"MST",0,0.91005291005291,0.455026455026455,0,17,0,"ok","-"
"bridge_d10","bridge",10,68,608669,"ODIN",0,0.957671957671958,0.478835978835979,0,8,0,"ok","-"
"bridge_d10","bridge",10,68,608669,"iForest",0,1,0.5,0,0,0,"ok","-"
"bridge_d10","bridge",10,69,608670,"U-MCCD",0,0.989417989417989,0.494708994708995,0,2,0,"ok","-"
"bridge_d10","bridge",10,69,608670,"SU-MCCD",0,1,0.5,0,0,0,"ok","-"
"bridge_d10","bridge",10,69,608670,"UN-MCCD",0,1,0.5,0,0,0,"ok","-"
"bridge_d10","bridge",10,69,608670,"SUN-MCCD",0,0.994708994708995,0.497354497354497,0,1,0,"ok","-"
"bridge_d10","bridge",10,69,608670,"LOF",0,1,0.5,0,0,0,"ok","-"
"bridge_d10","bridge",10,69,608670,"DBSCAN",0,1,0.5,0,0,0,"ok","-"
"bridge_d10","bridge",10,69,608670,"MST",0.5,0.878306878306878,0.689153439153439,0.367647058823529,28,0,"ok","-"
"bridge_d10","bridge",10,69,608670,"ODIN",0,0.962962962962963,0.481481481481481,0,7,0,"ok","-"
"bridge_d10","bridge",10,69,608670,"iForest",0,1,0.5,0,0,0,"ok","-"
"bridge_d10","bridge",10,70,608671,"U-MCCD",0.4,1,0.7,0.454545454545455,4,0,"ok","-"
"bridge_d10","bridge",10,70,608671,"SU-MCCD",0.4,0.984126984126984,0.692063492063492,0.425531914893617,7,0,"ok","-"
"bridge_d10","bridge",10,70,608671,"UN-MCCD",0,0.994708994708995,0.497354497354497,0,1,0,"ok","-"
"bridge_d10","bridge",10,70,608671,"SUN-MCCD",0,1,0.5,0,0,0,"ok","-"
"bridge_d10","bridge",10,70,608671,"LOF",0,1,0.5,0,0,0,"ok","-"
"bridge_d10","bridge",10,70,608671,"DBSCAN",0,0.994708994708995,0.497354497354497,0,1,0,"ok","-"
"bridge_d10","bridge",10,70,608671,"MST",0,0.920634920634921,0.46031746031746,0,15,0,"ok","-"
"bridge_d10","bridge",10,70,608671,"ODIN",0,0.962962962962963,0.481481481481481,0,7,0,"ok","-"
"bridge_d10","bridge",10,70,608671,"iForest",0,1,0.5,0,0,0,"ok","-"
"bridge_d10","bridge",10,71,608672,"U-MCCD",0,1,0.5,0,0,0,"ok","-"
"bridge_d10","bridge",10,71,608672,"SU-MCCD",0,1,0.5,0,0,0,"ok","-"
"bridge_d10","bridge",10,71,608672,"UN-MCCD",0,1,0.5,0,0,0,"ok","-"
"bridge_d10","bridge",10,71,608672,"SUN-MCCD",0,1,0.5,0,0,0,"ok","-"
"bridge_d10","bridge",10,71,608672,"LOF",0,1,0.5,0,0,0,"ok","-"
"bridge_d10","bridge",10,71,608672,"DBSCAN",0,1,0.5,0,0,0,"ok","-"
"bridge_d10","bridge",10,71,608672,"MST",0.2,0.931216931216931,0.565608465608466,0.181818181818182,15,0,"ok","-"
"bridge_d10","bridge",10,71,608672,"ODIN",0,0.984126984126984,0.492063492063492,0,3,0,"ok","-"
"bridge_d10","bridge",10,71,608672,"iForest",0,1,0.5,0,0,0,"ok","-"
"bridge_d10","bridge",10,72,608673,"U-MCCD",0,0.994708994708995,0.497354497354497,0,1,0,"ok","-"
"bridge_d10","bridge",10,72,608673,"SU-MCCD",0,0.994708994708995,0.497354497354497,0,1,0,"ok","-"
"bridge_d10","bridge",10,72,608673,"UN-MCCD",0,0.994708994708995,0.497354497354497,0,1,0,"ok","-"
"bridge_d10","bridge",10,72,608673,"SUN-MCCD",0,1,0.5,0,0,0,"ok","-"
"bridge_d10","bridge",10,72,608673,"LOF",0,1,0.5,0,0,0,"ok","-"
"bridge_d10","bridge",10,72,608673,"DBSCAN",0,1,0.5,0,0,0,"ok","-"
"bridge_d10","bridge",10,72,608673,"MST",0.1,0.925925925925926,0.512962962962963,0.0909090909090909,15,0,"ok","-"
"bridge_d10","bridge",10,72,608673,"ODIN",0,0.957671957671958,0.478835978835979,0,8,0,"ok","-"
"bridge_d10","bridge",10,72,608673,"iForest",0,1,0.5,0,0,0,"ok","-"
"bridge_d10","bridge",10,73,608674,"U-MCCD",0,0.984126984126984,0.492063492063492,0,3,0,"ok","-"
"bridge_d10","bridge",10,73,608674,"SU-MCCD",0,1,0.5,0,0,0,"ok","-"
"bridge_d10","bridge",10,73,608674,"UN-MCCD",0,0.984126984126984,0.492063492063492,0,3,0,"ok","-"
"bridge_d10","bridge",10,73,608674,"SUN-MCCD",0,0.994708994708995,0.497354497354497,0,1,0,"ok","-"
"bridge_d10","bridge",10,73,608674,"LOF",0,1,0.5,0,0,0,"ok","-"
"bridge_d10","bridge",10,73,608674,"DBSCAN",0,1,0.5,0,0,0,"ok","-"
"bridge_d10","bridge",10,73,608674,"MST",0,0.894179894179894,0.447089947089947,0,20,0,"ok","-"
"bridge_d10","bridge",10,73,608674,"ODIN",0,0.989417989417989,0.494708994708995,0,2,0,"ok","-"
"bridge_d10","bridge",10,73,608674,"iForest",0,1,0.5,0,0,0,"ok","-"
"bridge_d10","bridge",10,74,608675,"U-MCCD",0.4,0.878306878306878,0.639153439153439,0.298507462686567,27,0,"ok","-"
"bridge_d10","bridge",10,74,608675,"SU-MCCD",0,0.989417989417989,0.494708994708995,0,2,0,"ok","-"
"bridge_d10","bridge",10,74,608675,"UN-MCCD",0,0.984126984126984,0.492063492063492,0,3,0,"ok","-"
"bridge_d10","bridge",10,74,608675,"SUN-MCCD",0,1,0.5,0,0,0,"ok","-"
"bridge_d10","bridge",10,74,608675,"LOF",0,1,0.5,0,0,0,"ok","-"
"bridge_d10","bridge",10,74,608675,"DBSCAN",0,0.994708994708995,0.497354497354497,0,1,0,"ok","-"
"bridge_d10","bridge",10,74,608675,"MST",0,0.920634920634921,0.46031746031746,0,15,0,"ok","-"
"bridge_d10","bridge",10,74,608675,"ODIN",0,0.984126984126984,0.492063492063492,0,3,0,"ok","-"
"bridge_d10","bridge",10,74,608675,"iForest",0,1,0.5,0,0,0,"ok","-"
"bridge_d10","bridge",10,75,608676,"U-MCCD",0.8,0.973544973544973,0.886772486772487,0.754716981132075,13,0,"ok","-"
"bridge_d10","bridge",10,75,608676,"SU-MCCD",0.8,0.994708994708995,0.897354497354497,0.816326530612245,9,0,"ok","-"
"bridge_d10","bridge",10,75,608676,"UN-MCCD",0,0.994708994708995,0.497354497354497,0,1,0,"ok","-"
"bridge_d10","bridge",10,75,608676,"SUN-MCCD",0,0.989417989417989,0.494708994708995,0,2,0,"ok","-"
"bridge_d10","bridge",10,75,608676,"LOF",0,1,0.5,0,0,0,"ok","-"
"bridge_d10","bridge",10,75,608676,"DBSCAN",0,1,0.5,0,0,0,"ok","-"
"bridge_d10","bridge",10,75,608676,"MST",0,0.873015873015873,0.436507936507937,0,24,0,"ok","-"
"bridge_d10","bridge",10,75,608676,"ODIN",0,0.957671957671958,0.478835978835979,0,8,0,"ok","-"
"bridge_d10","bridge",10,75,608676,"iForest",0,1,0.5,0,0,0,"ok","-"
"bridge_d10","bridge",10,76,608677,"U-MCCD",0,0.978835978835979,0.489417989417989,0,4,0,"ok","-"
"bridge_d10","bridge",10,76,608677,"SU-MCCD",0,1,0.5,0,0,0,"ok","-"
"bridge_d10","bridge",10,76,608677,"UN-MCCD",0,0.994708994708995,0.497354497354497,0,1,0,"ok","-"
"bridge_d10","bridge",10,76,608677,"SUN-MCCD",0,1,0.5,0,0,0,"ok","-"
"bridge_d10","bridge",10,76,608677,"LOF",0,1,0.5,0,0,0,"ok","-"
"bridge_d10","bridge",10,76,608677,"DBSCAN",0,1,0.5,0,0,0,"ok","-"
"bridge_d10","bridge",10,76,608677,"MST",0,0.952380952380952,0.476190476190476,0,9,0,"ok","-"
"bridge_d10","bridge",10,76,608677,"ODIN",0,0.978835978835979,0.489417989417989,0,4,0,"ok","-"
"bridge_d10","bridge",10,76,608677,"iForest",0,1,0.5,0,0,0,"ok","-"
"bridge_d10","bridge",10,77,608678,"U-MCCD",1,0.952380952380952,0.976190476190476,0.847457627118644,19,0,"ok","-"
"bridge_d10","bridge",10,77,608678,"SU-MCCD",0.4,0.994708994708995,0.697354497354497,0.444444444444444,5,0,"ok","-"
"bridge_d10","bridge",10,77,608678,"UN-MCCD",0.4,0.994708994708995,0.697354497354497,0.444444444444444,5,0,"ok","-"
"bridge_d10","bridge",10,77,608678,"SUN-MCCD",0,1,0.5,0,0,0,"ok","-"
"bridge_d10","bridge",10,77,608678,"LOF",0,1,0.5,0,0,0,"ok","-"
"bridge_d10","bridge",10,77,608678,"DBSCAN",0,1,0.5,0,0,0,"ok","-"
"bridge_d10","bridge",10,77,608678,"MST",0,0.904761904761905,0.452380952380952,0,18,0,"ok","-"
"bridge_d10","bridge",10,77,608678,"ODIN",0,0.978835978835979,0.489417989417989,0,4,0,"ok","-"
"bridge_d10","bridge",10,77,608678,"iForest",0,1,0.5,0,0,0,"ok","-"
"bridge_d10","bridge",10,78,608679,"U-MCCD",0,0.978835978835979,0.489417989417989,0,4,0,"ok","-"
"bridge_d10","bridge",10,78,608679,"SU-MCCD",0,1,0.5,0,0,0,"ok","-"
"bridge_d10","bridge",10,78,608679,"UN-MCCD",0,0.984126984126984,0.492063492063492,0,3,0,"ok","-"
"bridge_d10","bridge",10,78,608679,"SUN-MCCD",0,1,0.5,0,0,0,"ok","-"
"bridge_d10","bridge",10,78,608679,"LOF",0,1,0.5,0,0,0,"ok","-"
"bridge_d10","bridge",10,78,608679,"DBSCAN",0,1,0.5,0,0,0,"ok","-"
"bridge_d10","bridge",10,78,608679,"MST",0.2,0.899470899470899,0.54973544973545,0.163934426229508,21,0,"ok","-"
"bridge_d10","bridge",10,78,608679,"ODIN",0,0.941798941798942,0.470899470899471,0,11,0,"ok","-"
"bridge_d10","bridge",10,78,608679,"iForest",0,1,0.5,0,0,0,"ok","-"
"bridge_d10","bridge",10,79,608680,"U-MCCD",0,1,0.5,0,0,0,"ok","-"
"bridge_d10","bridge",10,79,608680,"SU-MCCD",0,1,0.5,0,0,0,"ok","-"
"bridge_d10","bridge",10,79,608680,"UN-MCCD",0,1,0.5,0,0,0,"ok","-"
"bridge_d10","bridge",10,79,608680,"SUN-MCCD",0,1,0.5,0,0,0,"ok","-"
"bridge_d10","bridge",10,79,608680,"LOF",0,1,0.5,0,0,0,"ok","-"
"bridge_d10","bridge",10,79,608680,"DBSCAN",0,1,0.5,0,0,0,"ok","-"
"bridge_d10","bridge",10,79,608680,"MST",0.2,0.962962962962963,0.581481481481481,0.204081632653061,9,0,"ok","-"
"bridge_d10","bridge",10,79,608680,"ODIN",0,0.984126984126984,0.492063492063492,0,3,0,"ok","-"
"bridge_d10","bridge",10,79,608680,"iForest",0,1,0.5,0,0,0,"ok","-"
"bridge_d10","bridge",10,80,608681,"U-MCCD",0,0.994708994708995,0.497354497354497,0,1,0,"ok","-"
"bridge_d10","bridge",10,80,608681,"SU-MCCD",0,0.989417989417989,0.494708994708995,0,2,0,"ok","-"
"bridge_d10","bridge",10,80,608681,"UN-MCCD",0,0.989417989417989,0.494708994708995,0,2,0,"ok","-"
"bridge_d10","bridge",10,80,608681,"SUN-MCCD",0,0.989417989417989,0.494708994708995,0,2,0,"ok","-"
"bridge_d10","bridge",10,80,608681,"LOF",0,1,0.5,0,0,0,"ok","-"
"bridge_d10","bridge",10,80,608681,"DBSCAN",0,1,0.5,0,0,0,"ok","-"
"bridge_d10","bridge",10,80,608681,"MST",0,0.915343915343915,0.457671957671958,0,16,0,"ok","-"
"bridge_d10","bridge",10,80,608681,"ODIN",0,0.957671957671958,0.478835978835979,0,8,0,"ok","-"
"bridge_d10","bridge",10,80,608681,"iForest",0,1,0.5,0,0,0,"ok","-"
"bridge_d10","bridge",10,81,608682,"U-MCCD",0.6,0.91005291005291,0.755026455026455,0.476190476190476,23,0,"ok","-"
"bridge_d10","bridge",10,81,608682,"SU-MCCD",0.6,0.968253968253968,0.784126984126984,0.576923076923077,12,0,"ok","-"
"bridge_d10","bridge",10,81,608682,"UN-MCCD",0,1,0.5,0,0,0,"ok","-"
"bridge_d10","bridge",10,81,608682,"SUN-MCCD",0,1,0.5,0,0,0,"ok","-"
"bridge_d10","bridge",10,81,608682,"LOF",0,1,0.5,0,0,0,"ok","-"
"bridge_d10","bridge",10,81,608682,"DBSCAN",0,0.994708994708995,0.497354497354497,0,1,0,"ok","-"
"bridge_d10","bridge",10,81,608682,"MST",0.5,0.878306878306878,0.689153439153439,0.367647058823529,28,0,"ok","-"
"bridge_d10","bridge",10,81,608682,"ODIN",0,0.962962962962963,0.481481481481481,0,7,0,"ok","-"
"bridge_d10","bridge",10,81,608682,"iForest",0,1,0.5,0,0,0,"ok","-"
"bridge_d10","bridge",10,82,608683,"U-MCCD",0,0.957671957671958,0.478835978835979,0,8,0,"ok","-"
"bridge_d10","bridge",10,82,608683,"SU-MCCD",0,0.947089947089947,0.473544973544974,0,10,0,"ok","-"
"bridge_d10","bridge",10,82,608683,"UN-MCCD",0,1,0.5,0,0,0,"ok","-"
"bridge_d10","bridge",10,82,608683,"SUN-MCCD",0,1,0.5,0,0,0,"ok","-"
"bridge_d10","bridge",10,82,608683,"LOF",0,1,0.5,0,0,0,"ok","-"
"bridge_d10","bridge",10,82,608683,"DBSCAN",0,1,0.5,0,0,0,"ok","-"
"bridge_d10","bridge",10,82,608683,"MST",0,0.878306878306878,0.439153439153439,0,23,0,"ok","-"
"bridge_d10","bridge",10,82,608683,"ODIN",0,0.984126984126984,0.492063492063492,0,3,0,"ok","-"
"bridge_d10","bridge",10,82,608683,"iForest",0,1,0.5,0,0,0,"ok","-"
"bridge_d10","bridge",10,83,608684,"U-MCCD",0,0.978835978835979,0.489417989417989,0,4,0,"ok","-"
"bridge_d10","bridge",10,83,608684,"SU-MCCD",0,0.994708994708995,0.497354497354497,0,1,0,"ok","-"
"bridge_d10","bridge",10,83,608684,"UN-MCCD",0,0.978835978835979,0.489417989417989,0,4,0,"ok","-"
"bridge_d10","bridge",10,83,608684,"SUN-MCCD",0,0.994708994708995,0.497354497354497,0,1,0,"ok","-"
"bridge_d10","bridge",10,83,608684,"LOF",0,1,0.5,0,0,0,"ok","-"
"bridge_d10","bridge",10,83,608684,"DBSCAN",0,0.994708994708995,0.497354497354497,0,1,0,"ok","-"
"bridge_d10","bridge",10,83,608684,"MST",0,0.867724867724868,0.433862433862434,0,25,0,"ok","-"
"bridge_d10","bridge",10,83,608684,"ODIN",0,0.989417989417989,0.494708994708995,0,2,0,"ok","-"
"bridge_d10","bridge",10,83,608684,"iForest",0,1,0.5,0,0,0,"ok","-"
"bridge_d10","bridge",10,84,608685,"U-MCCD",0.4,0.973544973544973,0.686772486772487,0.408163265306122,9,0,"ok","-"
"bridge_d10","bridge",10,84,608685,"SU-MCCD",0.4,1,0.7,0.454545454545455,4,0,"ok","-"
"bridge_d10","bridge",10,84,608685,"UN-MCCD",1,0.978835978835979,0.989417989417989,0.925925925925926,14,0,"ok","-"
"bridge_d10","bridge",10,84,608685,"SUN-MCCD",0.6,1,0.8,0.652173913043478,6,0,"ok","-"
"bridge_d10","bridge",10,84,608685,"LOF",0,1,0.5,0,0,0,"ok","-"
"bridge_d10","bridge",10,84,608685,"DBSCAN",0,0.994708994708995,0.497354497354497,0,1,0,"ok","-"
"bridge_d10","bridge",10,84,608685,"MST",0.3,0.894179894179894,0.597089947089947,0.238095238095238,23,0,"ok","-"
"bridge_d10","bridge",10,84,608685,"ODIN",0,0.962962962962963,0.481481481481481,0,7,0,"ok","-"
"bridge_d10","bridge",10,84,608685,"iForest",0,1,0.5,0,0,0,"ok","-"
"bridge_d10","bridge",10,85,608686,"U-MCCD",0,1,0.5,0,0,0,"ok","-"
"bridge_d10","bridge",10,85,608686,"SU-MCCD",0,0.989417989417989,0.494708994708995,0,2,0,"ok","-"
"bridge_d10","bridge",10,85,608686,"UN-MCCD",0,0.994708994708995,0.497354497354497,0,1,0,"ok","-"
"bridge_d10","bridge",10,85,608686,"SUN-MCCD",0,1,0.5,0,0,0,"ok","-"
"bridge_d10","bridge",10,85,608686,"LOF",0,1,0.5,0,0,0,"ok","-"
"bridge_d10","bridge",10,85,608686,"DBSCAN",0,1,0.5,0,0,0,"ok","-"
"bridge_d10","bridge",10,85,608686,"MST",0.5,0.857142857142857,0.678571428571429,0.347222222222222,32,0,"ok","-"
"bridge_d10","bridge",10,85,608686,"ODIN",0,0.978835978835979,0.489417989417989,0,4,0,"ok","-"
"bridge_d10","bridge",10,85,608686,"iForest",0,1,0.5,0,0,0,"ok","-"
"bridge_d10","bridge",10,86,608687,"U-MCCD",0,1,0.5,0,0,0,"ok","-"
"bridge_d10","bridge",10,86,608687,"SU-MCCD",0,1,0.5,0,0,0,"ok","-"
"bridge_d10","bridge",10,86,608687,"UN-MCCD",0,1,0.5,0,0,0,"ok","-"
"bridge_d10","bridge",10,86,608687,"SUN-MCCD",0,1,0.5,0,0,0,"ok","-"
"bridge_d10","bridge",10,86,608687,"LOF",0,1,0.5,0,0,0,"ok","-"
"bridge_d10","bridge",10,86,608687,"DBSCAN",0,1,0.5,0,0,0,"ok","-"
"bridge_d10","bridge",10,86,608687,"MST",0,0.904761904761905,0.452380952380952,0,18,0,"ok","-"
"bridge_d10","bridge",10,86,608687,"ODIN",0,0.984126984126984,0.492063492063492,0,3,0,"ok","-"
"bridge_d10","bridge",10,86,608687,"iForest",0,1,0.5,0,0,0,"ok","-"
"bridge_d10","bridge",10,87,608688,"U-MCCD",0.6,1,0.8,0.652173913043478,6,0,"ok","-"
"bridge_d10","bridge",10,87,608688,"SU-MCCD",0.6,1,0.8,0.652173913043478,6,0,"ok","-"
"bridge_d10","bridge",10,87,608688,"UN-MCCD",0,1,0.5,0,0,0,"ok","-"
"bridge_d10","bridge",10,87,608688,"SUN-MCCD",0,1,0.5,0,0,0,"ok","-"
"bridge_d10","bridge",10,87,608688,"LOF",0,1,0.5,0,0,0,"ok","-"
"bridge_d10","bridge",10,87,608688,"DBSCAN",0,1,0.5,0,0,0,"ok","-"
"bridge_d10","bridge",10,87,608688,"MST",0,0.936507936507937,0.468253968253968,0,12,0,"ok","-"
"bridge_d10","bridge",10,87,608688,"ODIN",0,0.989417989417989,0.494708994708995,0,2,0,"ok","-"
"bridge_d10","bridge",10,87,608688,"iForest",0,1,0.5,0,0,0,"ok","-"
"bridge_d10","bridge",10,88,608689,"U-MCCD",0,1,0.5,0,0,0,"ok","-"
"bridge_d10","bridge",10,88,608689,"SU-MCCD",0,0.973544973544973,0.486772486772487,0,5,0,"ok","-"
"bridge_d10","bridge",10,88,608689,"UN-MCCD",0,0.973544973544973,0.486772486772487,0,5,0,"ok","-"
"bridge_d10","bridge",10,88,608689,"SUN-MCCD",0,1,0.5,0,0,0,"ok","-"
"bridge_d10","bridge",10,88,608689,"LOF",0,1,0.5,0,0,0,"ok","-"
"bridge_d10","bridge",10,88,608689,"DBSCAN",0,1,0.5,0,0,0,"ok","-"
"bridge_d10","bridge",10,88,608689,"MST",0,0.851851851851852,0.425925925925926,0,28,0,"ok","-"
"bridge_d10","bridge",10,88,608689,"ODIN",0,0.957671957671958,0.478835978835979,0,8,0,"ok","-"
"bridge_d10","bridge",10,88,608689,"iForest",0,1,0.5,0,0,0,"ok","-"
"bridge_d10","bridge",10,89,608690,"U-MCCD",0.3,0.973544973544973,0.636772486772487,0.3125,8,0,"ok","-"
"bridge_d10","bridge",10,89,608690,"SU-MCCD",0.3,0.973544973544973,0.636772486772487,0.3125,8,0,"ok","-"
"bridge_d10","bridge",10,89,608690,"UN-MCCD",0.6,0.931216931216931,0.765608465608466,0.508474576271186,19,0,"ok","-"
"bridge_d10","bridge",10,89,608690,"SUN-MCCD",0.6,0.994708994708995,0.797354497354497,0.638297872340425,7,0,"ok","-"
"bridge_d10","bridge",10,89,608690,"LOF",0,1,0.5,0,0,0,"ok","-"
"bridge_d10","bridge",10,89,608690,"DBSCAN",0,0.994708994708995,0.497354497354497,0,1,0,"ok","-"
"bridge_d10","bridge",10,89,608690,"MST",0,0.841269841269841,0.420634920634921,0,30,0,"ok","-"
"bridge_d10","bridge",10,89,608690,"ODIN",0,0.968253968253968,0.484126984126984,0,6,0,"ok","-"
"bridge_d10","bridge",10,89,608690,"iForest",0,1,0.5,0,0,0,"ok","-"
"bridge_d10","bridge",10,90,608691,"U-MCCD",0.6,0.973544973544973,0.786772486772487,0.588235294117647,11,0,"ok","-"
"bridge_d10","bridge",10,90,608691,"SU-MCCD",0,1,0.5,0,0,0,"ok","-"
"bridge_d10","bridge",10,90,608691,"UN-MCCD",0,1,0.5,0,0,0,"ok","-"
"bridge_d10","bridge",10,90,608691,"SUN-MCCD",0,1,0.5,0,0,0,"ok","-"
"bridge_d10","bridge",10,90,608691,"LOF",0,1,0.5,0,0,0,"ok","-"
"bridge_d10","bridge",10,90,608691,"DBSCAN",0,1,0.5,0,0,0,"ok","-"
"bridge_d10","bridge",10,90,608691,"MST",0,0.862433862433862,0.431216931216931,0,26,0,"ok","-"
"bridge_d10","bridge",10,90,608691,"ODIN",0,0.968253968253968,0.484126984126984,0,6,0,"ok","-"
"bridge_d10","bridge",10,90,608691,"iForest",0,1,0.5,0,0,0,"ok","-"
"bridge_d10","bridge",10,91,608692,"U-MCCD",0,1,0.5,0,0,0,"ok","-"
"bridge_d10","bridge",10,91,608692,"SU-MCCD",0,1,0.5,0,0,0,"ok","-"
"bridge_d10","bridge",10,91,608692,"UN-MCCD",0,1,0.5,0,0,0,"ok","-"
"bridge_d10","bridge",10,91,608692,"SUN-MCCD",0,1,0.5,0,0,0,"ok","-"
"bridge_d10","bridge",10,91,608692,"LOF",0,1,0.5,0,0,0,"ok","-"
"bridge_d10","bridge",10,91,608692,"DBSCAN",0,1,0.5,0,0,0,"ok","-"
"bridge_d10","bridge",10,91,608692,"MST",0,0.883597883597884,0.441798941798942,0,22,0,"ok","-"
"bridge_d10","bridge",10,91,608692,"ODIN",0,0.978835978835979,0.489417989417989,0,4,0,"ok","-"
"bridge_d10","bridge",10,91,608692,"iForest",0,1,0.5,0,0,0,"ok","-"
"bridge_d10","bridge",10,92,608693,"U-MCCD",0,0.994708994708995,0.497354497354497,0,1,0,"ok","-"
"bridge_d10","bridge",10,92,608693,"SU-MCCD",0,1,0.5,0,0,0,"ok","-"
"bridge_d10","bridge",10,92,608693,"UN-MCCD",0,0.989417989417989,0.494708994708995,0,2,0,"ok","-"
"bridge_d10","bridge",10,92,608693,"SUN-MCCD",0,1,0.5,0,0,0,"ok","-"
"bridge_d10","bridge",10,92,608693,"LOF",0,1,0.5,0,0,0,"ok","-"
"bridge_d10","bridge",10,92,608693,"DBSCAN",0,0.994708994708995,0.497354497354497,0,1,0,"ok","-"
"bridge_d10","bridge",10,92,608693,"MST",0,0.894179894179894,0.447089947089947,0,20,0,"ok","-"
"bridge_d10","bridge",10,92,608693,"ODIN",0,0.984126984126984,0.492063492063492,0,3,0,"ok","-"
"bridge_d10","bridge",10,92,608693,"iForest",0,1,0.5,0,0,0,"ok","-"
"bridge_d10","bridge",10,93,608694,"U-MCCD",0.7,0.957671957671958,0.828835978835979,0.636363636363636,15,0,"ok","-"
"bridge_d10","bridge",10,93,608694,"SU-MCCD",0.7,0.994708994708995,0.847354497354497,0.729166666666666,8,0,"ok","-"
"bridge_d10","bridge",10,93,608694,"UN-MCCD",0,1,0.5,0,0,0,"ok","-"
"bridge_d10","bridge",10,93,608694,"SUN-MCCD",0.5,1,0.75,0.555555555555556,5,0,"ok","-"
"bridge_d10","bridge",10,93,608694,"LOF",0,1,0.5,0,0,0,"ok","-"
"bridge_d10","bridge",10,93,608694,"DBSCAN",0,1,0.5,0,0,0,"ok","-"
"bridge_d10","bridge",10,93,608694,"MST",0,0.931216931216931,0.465608465608466,0,13,0,"ok","-"
"bridge_d10","bridge",10,93,608694,"ODIN",0,0.978835978835979,0.489417989417989,0,4,0,"ok","-"
"bridge_d10","bridge",10,93,608694,"iForest",0,1,0.5,0,0,0,"ok","-"
"bridge_d10","bridge",10,94,608695,"U-MCCD",1,0.941798941798942,0.970899470899471,0.819672131147541,21,0,"ok","-"
"bridge_d10","bridge",10,94,608695,"SU-MCCD",0.6,0.984126984126984,0.792063492063492,0.612244897959183,9,0,"ok","-"
"bridge_d10","bridge",10,94,608695,"UN-MCCD",0,1,0.5,0,0,0,"ok","-"
"bridge_d10","bridge",10,94,608695,"SUN-MCCD",0.3,1,0.65,0.348837209302326,3,0,"ok","-"
"bridge_d10","bridge",10,94,608695,"LOF",0,1,0.5,0,0,0,"ok","-"
"bridge_d10","bridge",10,94,608695,"DBSCAN",0,1,0.5,0,0,0,"ok","-"
"bridge_d10","bridge",10,94,608695,"MST",0,0.888888888888889,0.444444444444444,0,21,0,"ok","-"
"bridge_d10","bridge",10,94,608695,"ODIN",0,0.989417989417989,0.494708994708995,0,2,0,"ok","-"
"bridge_d10","bridge",10,94,608695,"iForest",0,1,0.5,0,0,0,"ok","-"
"bridge_d10","bridge",10,95,608696,"U-MCCD",0,0.978835978835979,0.489417989417989,0,4,0,"ok","-"
"bridge_d10","bridge",10,95,608696,"SU-MCCD",0.5,0.989417989417989,0.744708994708995,0.531914893617021,7,0,"ok","-"
"bridge_d10","bridge",10,95,608696,"UN-MCCD",0,1,0.5,0,0,0,"ok","-"
"bridge_d10","bridge",10,95,608696,"SUN-MCCD",0,1,0.5,0,0,0,"ok","-"
"bridge_d10","bridge",10,95,608696,"LOF",0,1,0.5,0,0,0,"ok","-"
"bridge_d10","bridge",10,95,608696,"DBSCAN",0,1,0.5,0,0,0,"ok","-"
"bridge_d10","bridge",10,95,608696,"MST",0,0.899470899470899,0.44973544973545,0,19,0,"ok","-"
"bridge_d10","bridge",10,95,608696,"ODIN",0,0.968253968253968,0.484126984126984,0,6,0,"ok","-"
"bridge_d10","bridge",10,95,608696,"iForest",0,1,0.5,0,0,0,"ok","-"
"bridge_d10","bridge",10,96,608697,"U-MCCD",0,0.989417989417989,0.494708994708995,0,2,0,"ok","-"
"bridge_d10","bridge",10,96,608697,"SU-MCCD",0,0.994708994708995,0.497354497354497,0,1,0,"ok","-"
"bridge_d10","bridge",10,96,608697,"UN-MCCD",0,1,0.5,0,0,0,"ok","-"
"bridge_d10","bridge",10,96,608697,"SUN-MCCD",0,1,0.5,0,0,0,"ok","-"
"bridge_d10","bridge",10,96,608697,"LOF",0,1,0.5,0,0,0,"ok","-"
"bridge_d10","bridge",10,96,608697,"DBSCAN",0,1,0.5,0,0,0,"ok","-"
"bridge_d10","bridge",10,96,608697,"MST",0,0.920634920634921,0.46031746031746,0,15,0,"ok","-"
"bridge_d10","bridge",10,96,608697,"ODIN",0,0.957671957671958,0.478835978835979,0,8,0,"ok","-"
"bridge_d10","bridge",10,96,608697,"iForest",0,1,0.5,0,0,0,"ok","-"
"bridge_d10","bridge",10,97,608698,"U-MCCD",0,0.994708994708995,0.497354497354497,0,1,0,"ok","-"
"bridge_d10","bridge",10,97,608698,"SU-MCCD",0,1,0.5,0,0,0,"ok","-"
"bridge_d10","bridge",10,97,608698,"UN-MCCD",0,0.994708994708995,0.497354497354497,0,1,0,"ok","-"
"bridge_d10","bridge",10,97,608698,"SUN-MCCD",0,1,0.5,0,0,0,"ok","-"
"bridge_d10","bridge",10,97,608698,"LOF",0,1,0.5,0,0,0,"ok","-"
"bridge_d10","bridge",10,97,608698,"DBSCAN",0,1,0.5,0,0,0,"ok","-"
"bridge_d10","bridge",10,97,608698,"MST",0.3,0.904761904761905,0.602380952380952,0.245901639344262,21,0,"ok","-"
"bridge_d10","bridge",10,97,608698,"ODIN",0,0.957671957671958,0.478835978835979,0,8,0,"ok","-"
"bridge_d10","bridge",10,97,608698,"iForest",0,1,0.5,0,0,0,"ok","-"
"bridge_d10","bridge",10,98,608699,"U-MCCD",0.4,0.994708994708995,0.697354497354497,0.444444444444444,5,0,"ok","-"
"bridge_d10","bridge",10,98,608699,"SU-MCCD",0.4,0.994708994708995,0.697354497354497,0.444444444444444,5,0,"ok","-"
"bridge_d10","bridge",10,98,608699,"UN-MCCD",0.3,0.994708994708995,0.647354497354497,0.340909090909091,4,0,"ok","-"
"bridge_d10","bridge",10,98,608699,"SUN-MCCD",0,1,0.5,0,0,0,"ok","-"
"bridge_d10","bridge",10,98,608699,"LOF",0,1,0.5,0,0,0,"ok","-"
"bridge_d10","bridge",10,98,608699,"DBSCAN",0,0.994708994708995,0.497354497354497,0,1,0,"ok","-"
"bridge_d10","bridge",10,98,608699,"MST",0,0.91005291005291,0.455026455026455,0,17,0,"ok","-"
"bridge_d10","bridge",10,98,608699,"ODIN",0,0.941798941798942,0.470899470899471,0,11,0,"ok","-"
"bridge_d10","bridge",10,98,608699,"iForest",0,1,0.5,0,0,0,"ok","-"
"bridge_d10","bridge",10,99,608700,"U-MCCD",0.4,0.952380952380952,0.676190476190476,0.377358490566038,13,0,"ok","-"
"bridge_d10","bridge",10,99,608700,"SU-MCCD",0,0.994708994708995,0.497354497354497,0,1,0,"ok","-"
"bridge_d10","bridge",10,99,608700,"UN-MCCD",0,1,0.5,0,0,0,"ok","-"
"bridge_d10","bridge",10,99,608700,"SUN-MCCD",0,1,0.5,0,0,0,"ok","-"
"bridge_d10","bridge",10,99,608700,"LOF",0,1,0.5,0,0,0,"ok","-"
"bridge_d10","bridge",10,99,608700,"DBSCAN",0,0.994708994708995,0.497354497354497,0,1,0,"ok","-"
"bridge_d10","bridge",10,99,608700,"MST",0.5,0.915343915343915,0.707671957671958,0.409836065573771,21,0,"ok","-"
"bridge_d10","bridge",10,99,608700,"ODIN",0,0.962962962962963,0.481481481481481,0,7,0,"ok","-"
"bridge_d10","bridge",10,99,608700,"iForest",0,1,0.5,0,0,0,"ok","-"
"bridge_d10","bridge",10,100,608701,"U-MCCD",0.2,0.973544973544973,0.586772486772487,0.212765957446808,7,0,"ok","-"
"bridge_d10","bridge",10,100,608701,"SU-MCCD",0,0.989417989417989,0.494708994708995,0,2,0,"ok","-"
"bridge_d10","bridge",10,100,608701,"UN-MCCD",0,1,0.5,0,0,0,"ok","-"
"bridge_d10","bridge",10,100,608701,"SUN-MCCD",0,1,0.5,0,0,0,"ok","-"
"bridge_d10","bridge",10,100,608701,"LOF",0,1,0.5,0,0,0,"ok","-"
"bridge_d10","bridge",10,100,608701,"DBSCAN",0,1,0.5,0,0,0,"ok","-"
"bridge_d10","bridge",10,100,608701,"MST",0,0.883597883597884,0.441798941798942,0,22,0,"ok","-"
"bridge_d10","bridge",10,100,608701,"ODIN",0,0.978835978835979,0.489417989417989,0,4,0,"ok","-"
"bridge_d10","bridge",10,100,608701,"iForest",0,1,0.5,0,0,0,"ok","-"
"collective_d3","collective",3,1,708602,"U-MCCD",0,1,0.5,0,0,-1,"ok","-"
"collective_d3","collective",3,1,708602,"SU-MCCD",0,1,0.5,0,0,-1,"ok","-"
"collective_d3","collective",3,1,708602,"UN-MCCD",0,1,0.5,0,0,-1,"ok","-"
"collective_d3","collective",3,1,708602,"SUN-MCCD",0,1,0.5,0,0,-1,"ok","-"
"collective_d3","collective",3,1,708602,"LOF",0,1,0.5,0,0,-1,"ok","-"
"collective_d3","collective",3,1,708602,"DBSCAN",0,0.994708994708995,0.497354497354497,0,1,-1,"ok","-"
"collective_d3","collective",3,1,708602,"MST",0.6,0.613756613756614,0.606878306878307,0.252100840336134,79,-1,"ok","-"
"collective_d3","collective",3,1,708602,"ODIN",0,0.947089947089947,0.473544973544974,0,10,-1,"ok","-"
"collective_d3","collective",3,1,708602,"iForest",0.2,0.947089947089947,0.573544973544974,0.192307692307692,12,-1,"ok","-"
"collective_d3","collective",3,2,708603,"U-MCCD",0.4,0.994708994708995,0.697354497354497,0.444444444444444,5,-1,"ok","-"
"collective_d3","collective",3,2,708603,"SU-MCCD",0.4,1,0.7,0.454545454545455,4,-1,"ok","-"
"collective_d3","collective",3,2,708603,"UN-MCCD",0,0.978835978835979,0.489417989417989,0,4,-1,"ok","-"
"collective_d3","collective",3,2,708603,"SUN-MCCD",0,1,0.5,0,0,-1,"ok","-"
"collective_d3","collective",3,2,708603,"LOF",0,1,0.5,0,0,-1,"ok","-"
"collective_d3","collective",3,2,708603,"DBSCAN",0,1,0.5,0,0,-1,"ok","-"
"collective_d3","collective",3,2,708603,"MST",0.4,0.645502645502645,0.522751322751323,0.18018018018018,71,-1,"ok","-"
"collective_d3","collective",3,2,708603,"ODIN",0,0.978835978835979,0.489417989417989,0,4,-1,"ok","-"
"collective_d3","collective",3,2,708603,"iForest",0.3,0.957671957671958,0.628835978835979,0.294117647058824,11,-1,"ok","-"
"collective_d3","collective",3,3,708604,"U-MCCD",1,0.962962962962963,0.981481481481481,0.87719298245614,17,-1,"ok","-"
"collective_d3","collective",3,3,708604,"SU-MCCD",0,0.994708994708995,0.497354497354497,0,1,-1,"ok","-"
"collective_d3","collective",3,3,708604,"UN-MCCD",0,0.968253968253968,0.484126984126984,0,6,-1,"ok","-"
"collective_d3","collective",3,3,708604,"SUN-MCCD",0,1,0.5,0,0,-1,"ok","-"
"collective_d3","collective",3,3,708604,"LOF",0,1,0.5,0,0,-1,"ok","-"
"collective_d3","collective",3,3,708604,"DBSCAN",0,1,0.5,0,0,-1,"ok","-"
"collective_d3","collective",3,3,708604,"MST",0.3,0.603174603174603,0.451587301587302,0.127118644067797,78,-1,"ok","-"
"collective_d3","collective",3,3,708604,"ODIN",0,0.973544973544973,0.486772486772487,0,5,-1,"ok","-"
"collective_d3","collective",3,3,708604,"iForest",0.3,0.973544973544973,0.636772486772487,0.3125,8,-1,"ok","-"
"collective_d3","collective",3,4,708605,"U-MCCD",0,0.994708994708995,0.497354497354497,0,1,-1,"ok","-"
"collective_d3","collective",3,4,708605,"SU-MCCD",0,1,0.5,0,0,-1,"ok","-"
"collective_d3","collective",3,4,708605,"UN-MCCD",0,1,0.5,0,0,-1,"ok","-"
"collective_d3","collective",3,4,708605,"SUN-MCCD",0,1,0.5,0,0,-1,"ok","-"
"collective_d3","collective",3,4,708605,"LOF",0,1,0.5,0,0,-1,"ok","-"
"collective_d3","collective",3,4,708605,"DBSCAN",0,1,0.5,0,0,-1,"ok","-"
"collective_d3","collective",3,4,708605,"MST",0.3,0.624338624338624,0.462169312169312,0.131578947368421,74,-1,"ok","-"
"collective_d3","collective",3,4,708605,"ODIN",0,0.968253968253968,0.484126984126984,0,6,-1,"ok","-"
"collective_d3","collective",3,4,708605,"iForest",0.7,0.973544973544973,0.836772486772487,0.673076923076923,12,-1,"ok","-"
"collective_d3","collective",3,5,708606,"U-MCCD",0,0.989417989417989,0.494708994708995,0,2,-1,"ok","-"
"collective_d3","collective",3,5,708606,"SU-MCCD",0,1,0.5,0,0,-1,"ok","-"
"collective_d3","collective",3,5,708606,"UN-MCCD",0,1,0.5,0,0,-1,"ok","-"
"collective_d3","collective",3,5,708606,"SUN-MCCD",0,1,0.5,0,0,-1,"ok","-"
"collective_d3","collective",3,5,708606,"LOF",0,1,0.5,0,0,-1,"ok","-"
"collective_d3","collective",3,5,708606,"DBSCAN",0,1,0.5,0,0,-1,"ok","-"
"collective_d3","collective",3,5,708606,"MST",0.3,0.666666666666667,0.483333333333333,0.141509433962264,66,-1,"ok","-"
"collective_d3","collective",3,5,708606,"ODIN",0,0.962962962962963,0.481481481481481,0,7,-1,"ok","-"
"collective_d3","collective",3,5,708606,"iForest",0.2,0.984126984126984,0.592063492063492,0.222222222222222,5,-1,"ok","-"
"collective_d3","collective",3,6,708607,"U-MCCD",1,0.994708994708995,0.997354497354497,0.980392156862745,11,-1,"ok","-"
"collective_d3","collective",3,6,708607,"SU-MCCD",0,1,0.5,0,0,-1,"ok","-"
"collective_d3","collective",3,6,708607,"UN-MCCD",1,0.994708994708995,0.997354497354497,0.980392156862745,11,-1,"ok","-"
"collective_d3","collective",3,6,708607,"SUN-MCCD",0,1,0.5,0,0,-1,"ok","-"
"collective_d3","collective",3,6,708607,"LOF",0,1,0.5,0,0,-1,"ok","-"
"collective_d3","collective",3,6,708607,"DBSCAN",0,1,0.5,0,0,-1,"ok","-"
"collective_d3","collective",3,6,708607,"MST",0.2,0.560846560846561,0.38042328042328,0.08,85,-1,"ok","-"
"collective_d3","collective",3,6,708607,"ODIN",0,0.984126984126984,0.492063492063492,0,3,-1,"ok","-"
"collective_d3","collective",3,6,708607,"iForest",0.1,0.962962962962963,0.531481481481481,0.104166666666667,8,-1,"ok","-"
"collective_d3","collective",3,7,708608,"U-MCCD",1,1,1,1,10,-1,"ok","-"
"collective_d3","collective",3,7,708608,"SU-MCCD",1,1,1,1,10,-1,"ok","-"
"collective_d3","collective",3,7,708608,"UN-MCCD",1,0.989417989417989,0.994708994708995,0.961538461538461,12,-1,"ok","-"
"collective_d3","collective",3,7,708608,"SUN-MCCD",1,1,1,1,10,-1,"ok","-"
"collective_d3","collective",3,7,708608,"LOF",0,1,0.5,0,0,-1,"ok","-"
"collective_d3","collective",3,7,708608,"DBSCAN",0,1,0.5,0,0,-1,"ok","-"
"collective_d3","collective",3,7,708608,"MST",0.2,0.529100529100529,0.364550264550265,0.0763358778625954,91,-1,"ok","-"
"collective_d3","collective",3,7,708608,"ODIN",0,0.968253968253968,0.484126984126984,0,6,-1,"ok","-"
"collective_d3","collective",3,7,708608,"iForest",0,0.941798941798942,0.470899470899471,0,11,-1,"ok","-"
"collective_d3","collective",3,8,708609,"U-MCCD",0,1,0.5,0,0,-1,"ok","-"
"collective_d3","collective",3,8,708609,"SU-MCCD",0,1,0.5,0,0,-1,"ok","-"
"collective_d3","collective",3,8,708609,"UN-MCCD",0,1,0.5,0,0,-1,"ok","-"
"collective_d3","collective",3,8,708609,"SUN-MCCD",0,1,0.5,0,0,-1,"ok","-"
"collective_d3","collective",3,8,708609,"LOF",0,1,0.5,0,0,-1,"ok","-"
"collective_d3","collective",3,8,708609,"DBSCAN",0,1,0.5,0,0,-1,"ok","-"
"collective_d3","collective",3,8,708609,"MST",0.6,0.582010582010582,0.591005291005291,0.24,85,-1,"ok","-"
"collective_d3","collective",3,8,708609,"ODIN",0,0.984126984126984,0.492063492063492,0,3,-1,"ok","-"
"collective_d3","collective",3,8,708609,"iForest",0.8,0.984126984126984,0.892063492063492,0.784313725490196,11,-1,"ok","-"
"collective_d3","collective",3,9,708610,"U-MCCD",0,0.989417989417989,0.494708994708995,0,2,-1,"ok","-"
"collective_d3","collective",3,9,708610,"SU-MCCD",0,1,0.5,0,0,-1,"ok","-"
"collective_d3","collective",3,9,708610,"UN-MCCD",0,1,0.5,0,0,-1,"ok","-"
"collective_d3","collective",3,9,708610,"SUN-MCCD",0,1,0.5,0,0,-1,"ok","-"
"collective_d3","collective",3,9,708610,"LOF",0,1,0.5,0,0,-1,"ok","-"
"collective_d3","collective",3,9,708610,"DBSCAN",0,1,0.5,0,0,-1,"ok","-"
"collective_d3","collective",3,9,708610,"MST",0.3,0.55026455026455,0.425132275132275,0.1171875,88,-1,"ok","-"
"collective_d3","collective",3,9,708610,"ODIN",0,0.968253968253968,0.484126984126984,0,6,-1,"ok","-"
"collective_d3","collective",3,9,708610,"iForest",0.3,0.952380952380952,0.626190476190476,0.288461538461538,12,-1,"ok","-"
"collective_d3","collective",3,10,708611,"U-MCCD",0,1,0.5,0,0,-1,"ok","-"
"collective_d3","collective",3,10,708611,"SU-MCCD",0,1,0.5,0,0,-1,"ok","-"
"collective_d3","collective",3,10,708611,"UN-MCCD",0,0.962962962962963,0.481481481481481,0,7,-1,"ok","-"
"collective_d3","collective",3,10,708611,"SUN-MCCD",0,1,0.5,0,0,-1,"ok","-"
"collective_d3","collective",3,10,708611,"LOF",0,1,0.5,0,0,-1,"ok","-"
"collective_d3","collective",3,10,708611,"DBSCAN",0,1,0.5,0,0,-1,"ok","-"
"collective_d3","collective",3,10,708611,"MST",0.5,0.603174603174603,0.551587301587302,0.208333333333333,80,-1,"ok","-"
"collective_d3","collective",3,10,708611,"ODIN",0,0.973544973544973,0.486772486772487,0,5,-1,"ok","-"
"collective_d3","collective",3,10,708611,"iForest",0.5,0.957671957671958,0.728835978835979,0.471698113207547,13,-1,"ok","-"
"collective_d3","collective",3,11,708612,"U-MCCD",1,0.994708994708995,0.997354497354497,0.980392156862745,11,-1,"ok","-"
"collective_d3","collective",3,11,708612,"SU-MCCD",1,1,1,1,10,-1,"ok","-"
"collective_d3","collective",3,11,708612,"UN-MCCD",1,0.994708994708995,0.997354497354497,0.980392156862745,11,-1,"ok","-"
"collective_d3","collective",3,11,708612,"SUN-MCCD",1,0.994708994708995,0.997354497354497,0.980392156862745,11,-1,"ok","-"
"collective_d3","collective",3,11,708612,"LOF",0.1,1,0.55,0.121951219512195,1,-1,"ok","-"
"collective_d3","collective",3,11,708612,"DBSCAN",0,1,0.5,0,0,-1,"ok","-"
"collective_d3","collective",3,11,708612,"MST",0.3,0.650793650793651,0.475396825396825,0.137614678899083,69,-1,"ok","-"
"collective_d3","collective",3,11,708612,"ODIN",0,0.994708994708995,0.497354497354497,0,1,-1,"ok","-"
"collective_d3","collective",3,11,708612,"iForest",0.2,0.957671957671958,0.578835978835979,0.2,10,-1,"ok","-"
"collective_d3","collective",3,12,708613,"U-MCCD",0,0.994708994708995,0.497354497354497,0,1,-1,"ok","-"
"collective_d3","collective",3,12,708613,"SU-MCCD",0,1,0.5,0,0,-1,"ok","-"
"collective_d3","collective",3,12,708613,"UN-MCCD",0,1,0.5,0,0,-1,"ok","-"
"collective_d3","collective",3,12,708613,"SUN-MCCD",0,1,0.5,0,0,-1,"ok","-"
"collective_d3","collective",3,12,708613,"LOF",0,1,0.5,0,0,-1,"ok","-"
"collective_d3","collective",3,12,708613,"DBSCAN",0,0.994708994708995,0.497354497354497,0,1,-1,"ok","-"
"collective_d3","collective",3,12,708613,"MST",0.5,0.650793650793651,0.575396825396825,0.225225225225225,71,-1,"ok","-"
"collective_d3","collective",3,12,708613,"ODIN",0,0.962962962962963,0.481481481481481,0,7,-1,"ok","-"
"collective_d3","collective",3,12,708613,"iForest",0.2,0.968253968253968,0.584126984126984,0.208333333333333,8,-1,"ok","-"
"collective_d3","collective",3,13,708614,"U-MCCD",0,0.994708994708995,0.497354497354497,0,1,-1,"ok","-"
"collective_d3","collective",3,13,708614,"SU-MCCD",0,1,0.5,0,0,-1,"ok","-"
"collective_d3","collective",3,13,708614,"UN-MCCD",0,0.989417989417989,0.494708994708995,0,2,-1,"ok","-"
"collective_d3","collective",3,13,708614,"SUN-MCCD",0,0.994708994708995,0.497354497354497,0,1,-1,"ok","-"
"collective_d3","collective",3,13,708614,"LOF",0,1,0.5,0,0,-1,"ok","-"
"collective_d3","collective",3,13,708614,"DBSCAN",0,1,0.5,0,0,-1,"ok","-"
"collective_d3","collective",3,13,708614,"MST",0.1,0.62962962962963,0.364814814814815,0.045045045045045,71,-1,"ok","-"
"collective_d3","collective",3,13,708614,"ODIN",0,0.978835978835979,0.489417989417989,0,4,-1,"ok","-"
"collective_d3","collective",3,13,708614,"iForest",0.1,0.957671957671958,0.528835978835979,0.102040816326531,9,-1,"ok","-"
"collective_d3","collective",3,14,708615,"U-MCCD",1,1,1,1,10,-1,"ok","-"
"collective_d3","collective",3,14,708615,"SU-MCCD",1,1,1,1,10,-1,"ok","-"
"collective_d3","collective",3,14,708615,"UN-MCCD",1,1,1,1,10,-1,"ok","-"
"collective_d3","collective",3,14,708615,"SUN-MCCD",0,1,0.5,0,0,-1,"ok","-"
"collective_d3","collective",3,14,708615,"LOF",0,1,0.5,0,0,-1,"ok","-"
"collective_d3","collective",3,14,708615,"DBSCAN",0,1,0.5,0,0,-1,"ok","-"
"collective_d3","collective",3,14,708615,"MST",0.3,0.703703703703704,0.501851851851852,0.151515151515152,59,-1,"ok","-"
"collective_d3","collective",3,14,708615,"ODIN",0,0.984126984126984,0.492063492063492,0,3,-1,"ok","-"
"collective_d3","collective",3,14,708615,"iForest",0.3,0.962962962962963,0.631481481481481,0.3,10,-1,"ok","-"
"collective_d3","collective",3,15,708616,"U-MCCD",1,0.984126984126984,0.992063492063492,0.943396226415094,13,-1,"ok","-"
"collective_d3","collective",3,15,708616,"SU-MCCD",0,1,0.5,0,0,-1,"ok","-"
"collective_d3","collective",3,15,708616,"UN-MCCD",1,1,1,1,10,-1,"ok","-"
"collective_d3","collective",3,15,708616,"SUN-MCCD",1,1,1,1,10,-1,"ok","-"
"collective_d3","collective",3,15,708616,"LOF",0,1,0.5,0,0,-1,"ok","-"
"collective_d3","collective",3,15,708616,"DBSCAN",0,1,0.5,0,0,-1,"ok","-"
"collective_d3","collective",3,15,708616,"MST",0.5,0.64021164021164,0.57010582010582,0.221238938053097,73,-1,"ok","-"
"collective_d3","collective",3,15,708616,"ODIN",0,0.973544973544973,0.486772486772487,0,5,-1,"ok","-"
"collective_d3","collective",3,15,708616,"iForest",0.3,0.936507936507937,0.618253968253968,0.272727272727273,15,-1,"ok","-"
"collective_d3","collective",3,16,708617,"U-MCCD",0,0.968253968253968,0.484126984126984,0,6,-1,"ok","-"
"collective_d3","collective",3,16,708617,"SU-MCCD",0,0.994708994708995,0.497354497354497,0,1,-1,"ok","-"
"collective_d3","collective",3,16,708617,"UN-MCCD",0,0.989417989417989,0.494708994708995,0,2,-1,"ok","-"
"collective_d3","collective",3,16,708617,"SUN-MCCD",0,1,0.5,0,0,-1,"ok","-"
"collective_d3","collective",3,16,708617,"LOF",0,1,0.5,0,0,-1,"ok","-"
"collective_d3","collective",3,16,708617,"DBSCAN",0,1,0.5,0,0,-1,"ok","-"
"collective_d3","collective",3,16,708617,"MST",0.3,0.597883597883598,0.448941798941799,0.126050420168067,79,-1,"ok","-"
"collective_d3","collective",3,16,708617,"ODIN",0,0.936507936507937,0.468253968253968,0,12,-1,"ok","-"
"collective_d3","collective",3,16,708617,"iForest",0.3,0.952380952380952,0.626190476190476,0.288461538461538,12,-1,"ok","-"
"collective_d3","collective",3,17,708618,"U-MCCD",0,0.994708994708995,0.497354497354497,0,1,-1,"ok","-"
"collective_d3","collective",3,17,708618,"SU-MCCD",0,1,0.5,0,0,-1,"ok","-"
"collective_d3","collective",3,17,708618,"UN-MCCD",0,0.994708994708995,0.497354497354497,0,1,-1,"ok","-"
"collective_d3","collective",3,17,708618,"SUN-MCCD",0,1,0.5,0,0,-1,"ok","-"
"collective_d3","collective",3,17,708618,"LOF",0,1,0.5,0,0,-1,"ok","-"
"collective_d3","collective",3,17,708618,"DBSCAN",0,1,0.5,0,0,-1,"ok","-"
"collective_d3","collective",3,17,708618,"MST",0.5,0.650793650793651,0.575396825396825,0.225225225225225,71,-1,"ok","-"
"collective_d3","collective",3,17,708618,"ODIN",0,0.962962962962963,0.481481481481481,0,7,-1,"ok","-"
"collective_d3","collective",3,17,708618,"iForest",0.3,0.947089947089947,0.623544973544974,0.283018867924528,13,-1,"ok","-"
"collective_d3","collective",3,18,708619,"U-MCCD",0,0.989417989417989,0.494708994708995,0,2,-1,"ok","-"
"collective_d3","collective",3,18,708619,"SU-MCCD",0,1,0.5,0,0,-1,"ok","-"
"collective_d3","collective",3,18,708619,"UN-MCCD",0,1,0.5,0,0,-1,"ok","-"
"collective_d3","collective",3,18,708619,"SUN-MCCD",0,1,0.5,0,0,-1,"ok","-"
"collective_d3","collective",3,18,708619,"LOF",0,1,0.5,0,0,-1,"ok","-"
"collective_d3","collective",3,18,708619,"DBSCAN",0,1,0.5,0,0,-1,"ok","-"
"collective_d3","collective",3,18,708619,"MST",0.4,0.603174603174603,0.501587301587302,0.168067226890756,79,-1,"ok","-"
"collective_d3","collective",3,18,708619,"ODIN",0,0.962962962962963,0.481481481481481,0,7,-1,"ok","-"
"collective_d3","collective",3,18,708619,"iForest",0.2,0.962962962962963,0.581481481481481,0.204081632653061,9,-1,"ok","-"
"collective_d3","collective",3,19,708620,"U-MCCD",0.1,1,0.55,0.121951219512195,1,-1,"ok","-"
"collective_d3","collective",3,19,708620,"SU-MCCD",0.1,1,0.55,0.121951219512195,1,-1,"ok","-"
"collective_d3","collective",3,19,708620,"UN-MCCD",0.1,1,0.55,0.121951219512195,1,-1,"ok","-"
"collective_d3","collective",3,19,708620,"SUN-MCCD",0.1,1,0.55,0.121951219512195,1,-1,"ok","-"
"collective_d3","collective",3,19,708620,"LOF",0,1,0.5,0,0,-1,"ok","-"
"collective_d3","collective",3,19,708620,"DBSCAN",0.1,1,0.55,0.121951219512195,1,-1,"ok","-"
"collective_d3","collective",3,19,708620,"MST",0.3,0.613756613756614,0.456878306878307,0.129310344827586,76,-1,"ok","-"
"collective_d3","collective",3,19,708620,"ODIN",0,0.978835978835979,0.489417989417989,0,4,-1,"ok","-"
"collective_d3","collective",3,19,708620,"iForest",0.5,0.978835978835979,0.739417989417989,0.510204081632653,9,-1,"ok","-"
"collective_d3","collective",3,20,708621,"U-MCCD",0,1,0.5,0,0,-1,"ok","-"
"collective_d3","collective",3,20,708621,"SU-MCCD",0,1,0.5,0,0,-1,"ok","-"
"collective_d3","collective",3,20,708621,"UN-MCCD",0,0.989417989417989,0.494708994708995,0,2,-1,"ok","-"
"collective_d3","collective",3,20,708621,"SUN-MCCD",0,1,0.5,0,0,-1,"ok","-"
"collective_d3","collective",3,20,708621,"LOF",0,1,0.5,0,0,-1,"ok","-"
"collective_d3","collective",3,20,708621,"DBSCAN",0,1,0.5,0,0,-1,"ok","-"
"collective_d3","collective",3,20,708621,"MST",0.3,0.645502645502645,0.472751322751323,0.136363636363636,70,-1,"ok","-"
"collective_d3","collective",3,20,708621,"ODIN",0,0.973544973544973,0.486772486772487,0,5,-1,"ok","-"
"collective_d3","collective",3,20,708621,"iForest",0.4,0.952380952380952,0.676190476190476,0.377358490566038,13,-1,"ok","-"
"collective_d3","collective",3,21,708622,"U-MCCD",1,0.968253968253968,0.984126984126984,0.892857142857143,16,-1,"ok","-"
"collective_d3","collective",3,21,708622,"SU-MCCD",0,0.984126984126984,0.492063492063492,0,3,-1,"ok","-"
"collective_d3","collective",3,21,708622,"UN-MCCD",0,1,0.5,0,0,-1,"ok","-"
"collective_d3","collective",3,21,708622,"SUN-MCCD",0,1,0.5,0,0,-1,"ok","-"
"collective_d3","collective",3,21,708622,"LOF",0,1,0.5,0,0,-1,"ok","-"
"collective_d3","collective",3,21,708622,"DBSCAN",0,1,0.5,0,0,-1,"ok","-"
"collective_d3","collective",3,21,708622,"MST",0.2,0.497354497354497,0.348677248677249,0.072992700729927,97,-1,"ok","-"
"collective_d3","collective",3,21,708622,"ODIN",0,0.973544973544973,0.486772486772487,0,5,-1,"ok","-"
"collective_d3","collective",3,21,708622,"iForest",0.2,0.984126984126984,0.592063492063492,0.222222222222222,5,-1,"ok","-"
"collective_d3","collective",3,22,708623,"U-MCCD",0,1,0.5,0,0,-1,"ok","-"
"collective_d3","collective",3,22,708623,"SU-MCCD",0,1,0.5,0,0,-1,"ok","-"
"collective_d3","collective",3,22,708623,"UN-MCCD",0,1,0.5,0,0,-1,"ok","-"
"collective_d3","collective",3,22,708623,"SUN-MCCD",0,1,0.5,0,0,-1,"ok","-"
"collective_d3","collective",3,22,708623,"LOF",0,1,0.5,0,0,-1,"ok","-"
"collective_d3","collective",3,22,708623,"DBSCAN",0,0.994708994708995,0.497354497354497,0,1,-1,"ok","-"
"collective_d3","collective",3,22,708623,"MST",0.2,0.597883597883598,0.398941798941799,0.0847457627118644,78,-1,"ok","-"
"collective_d3","collective",3,22,708623,"ODIN",0,0.973544973544973,0.486772486772487,0,5,-1,"ok","-"
"collective_d3","collective",3,22,708623,"iForest",0.3,0.957671957671958,0.628835978835979,0.294117647058824,11,-1,"ok","-"
"collective_d3","collective",3,23,708624,"U-MCCD",0.1,0.989417989417989,0.544708994708995,0.116279069767442,3,-1,"ok","-"
"collective_d3","collective",3,23,708624,"SU-MCCD",0.3,1,0.65,0.348837209302326,3,-1,"ok","-"
"collective_d3","collective",3,23,708624,"UN-MCCD",0.4,0.984126984126984,0.692063492063492,0.425531914893617,7,-1,"ok","-"
"collective_d3","collective",3,23,708624,"SUN-MCCD",0.3,1,0.65,0.348837209302326,3,-1,"ok","-"
"collective_d3","collective",3,23,708624,"LOF",0.1,1,0.55,0.121951219512195,1,-1,"ok","-"
"collective_d3","collective",3,23,708624,"DBSCAN",0,1,0.5,0,0,-1,"ok","-"
"collective_d3","collective",3,23,708624,"MST",1,0.587301587301587,0.793650793650794,0.390625,88,-1,"ok","-"
"collective_d3","collective",3,23,708624,"ODIN",0,0.978835978835979,0.489417989417989,0,4,-1,"ok","-"
"collective_d3","collective",3,23,708624,"iForest",0.4,0.952380952380952,0.676190476190476,0.377358490566038,13,-1,"ok","-"
"collective_d3","collective",3,24,708625,"U-MCCD",0,0.989417989417989,0.494708994708995,0,2,-1,"ok","-"
"collective_d3","collective",3,24,708625,"SU-MCCD",0,1,0.5,0,0,-1,"ok","-"
"collective_d3","collective",3,24,708625,"UN-MCCD",0,1,0.5,0,0,-1,"ok","-"
"collective_d3","collective",3,24,708625,"SUN-MCCD",0,1,0.5,0,0,-1,"ok","-"
"collective_d3","collective",3,24,708625,"LOF",0,1,0.5,0,0,-1,"ok","-"
"collective_d3","collective",3,24,708625,"DBSCAN",0,1,0.5,0,0,-1,"ok","-"
"collective_d3","collective",3,24,708625,"MST",0.6,0.666666666666667,0.633333333333333,0.275229357798165,69,-1,"ok","-"
"collective_d3","collective",3,24,708625,"ODIN",0,0.968253968253968,0.484126984126984,0,6,-1,"ok","-"
"collective_d3","collective",3,24,708625,"iForest",0.4,0.973544973544973,0.686772486772487,0.408163265306122,9,-1,"ok","-"
"collective_d3","collective",3,25,708626,"U-MCCD",1,0.962962962962963,0.981481481481481,0.87719298245614,17,-1,"ok","-"
"collective_d3","collective",3,25,708626,"SU-MCCD",1,1,1,1,10,-1,"ok","-"
"collective_d3","collective",3,25,708626,"UN-MCCD",1,1,1,1,10,-1,"ok","-"
"collective_d3","collective",3,25,708626,"SUN-MCCD",1,1,1,1,10,-1,"ok","-"
"collective_d3","collective",3,25,708626,"LOF",0,1,0.5,0,0,-1,"ok","-"
"collective_d3","collective",3,25,708626,"DBSCAN",0,1,0.5,0,0,-1,"ok","-"
"collective_d3","collective",3,25,708626,"MST",0.4,0.619047619047619,0.509523809523809,0.172413793103448,76,-1,"ok","-"
"collective_d3","collective",3,25,708626,"ODIN",0,0.968253968253968,0.484126984126984,0,6,-1,"ok","-"
"collective_d3","collective",3,25,708626,"iForest",0.4,0.941798941798942,0.670899470899471,0.363636363636364,15,-1,"ok","-"
"collective_d3","collective",3,26,708627,"U-MCCD",1,1,1,1,10,-1,"ok","-"
"collective_d3","collective",3,26,708627,"SU-MCCD",1,1,1,1,10,-1,"ok","-"
"collective_d3","collective",3,26,708627,"UN-MCCD",1,1,1,1,10,-1,"ok","-"
"collective_d3","collective",3,26,708627,"SUN-MCCD",1,1,1,1,10,-1,"ok","-"
"collective_d3","collective",3,26,708627,"LOF",0,1,0.5,0,0,-1,"ok","-"
"collective_d3","collective",3,26,708627,"DBSCAN",0,0.994708994708995,0.497354497354497,0,1,-1,"ok","-"
"collective_d3","collective",3,26,708627,"MST",0.3,0.624338624338624,0.462169312169312,0.131578947368421,74,-1,"ok","-"
"collective_d3","collective",3,26,708627,"ODIN",0,0.989417989417989,0.494708994708995,0,2,-1,"ok","-"
"collective_d3","collective",3,26,708627,"iForest",0.3,0.973544973544973,0.636772486772487,0.3125,8,-1,"ok","-"
"collective_d3","collective",3,27,708628,"U-MCCD",0,1,0.5,0,0,-1,"ok","-"
"collective_d3","collective",3,27,708628,"SU-MCCD",0,1,0.5,0,0,-1,"ok","-"
"collective_d3","collective",3,27,708628,"UN-MCCD",0,1,0.5,0,0,-1,"ok","-"
"collective_d3","collective",3,27,708628,"SUN-MCCD",0,1,0.5,0,0,-1,"ok","-"
"collective_d3","collective",3,27,708628,"LOF",0,1,0.5,0,0,-1,"ok","-"
"collective_d3","collective",3,27,708628,"DBSCAN",0,1,0.5,0,0,-1,"ok","-"
"collective_d3","collective",3,27,708628,"MST",0.5,0.597883597883598,0.548941798941799,0.206611570247934,81,-1,"ok","-"
"collective_d3","collective",3,27,708628,"ODIN",0,0.962962962962963,0.481481481481481,0,7,-1,"ok","-"
"collective_d3","collective",3,27,708628,"iForest",0.4,0.962962962962963,0.681481481481481,0.392156862745098,11,-1,"ok","-"
"collective_d3","collective",3,28,708629,"U-MCCD",0,1,0.5,0,0,-1,"ok","-"
"collective_d3","collective",3,28,708629,"SU-MCCD",0,1,0.5,0,0,-1,"ok","-"
"collective_d3","collective",3,28,708629,"UN-MCCD",0,1,0.5,0,0,-1,"ok","-"
"collective_d3","collective",3,28,708629,"SUN-MCCD",0,1,0.5,0,0,-1,"ok","-"
"collective_d3","collective",3,28,708629,"LOF",0,1,0.5,0,0,-1,"ok","-"
"collective_d3","collective",3,28,708629,"DBSCAN",0,1,0.5,0,0,-1,"ok","-"
"collective_d3","collective",3,28,708629,"MST",0.6,0.55026455026455,0.575132275132275,0.229007633587786,91,-1,"ok","-"
"collective_d3","collective",3,28,708629,"ODIN",0,0.973544973544973,0.486772486772487,0,5,-1,"ok","-"
"collective_d3","collective",3,28,708629,"iForest",0.2,0.962962962962963,0.581481481481481,0.204081632653061,9,-1,"ok","-"
"collective_d3","collective",3,29,708630,"U-MCCD",0,0.994708994708995,0.497354497354497,0,1,-1,"ok","-"
"collective_d3","collective",3,29,708630,"SU-MCCD",0,1,0.5,0,0,-1,"ok","-"
"collective_d3","collective",3,29,708630,"UN-MCCD",0,1,0.5,0,0,-1,"ok","-"
"collective_d3","collective",3,29,708630,"SUN-MCCD",0,1,0.5,0,0,-1,"ok","-"
"collective_d3","collective",3,29,708630,"LOF",0,1,0.5,0,0,-1,"ok","-"
"collective_d3","collective",3,29,708630,"DBSCAN",0,1,0.5,0,0,-1,"ok","-"
"collective_d3","collective",3,29,708630,"MST",0.1,0.529100529100529,0.314550264550265,0.0384615384615385,90,-1,"ok","-"
"collective_d3","collective",3,29,708630,"ODIN",0,0.978835978835979,0.489417989417989,0,4,-1,"ok","-"
"collective_d3","collective",3,29,708630,"iForest",0.3,0.968253968253968,0.634126984126984,0.306122448979592,9,-1,"ok","-"
"collective_d3","collective",3,30,708631,"U-MCCD",0,0.994708994708995,0.497354497354497,0,1,-1,"ok","-"
"collective_d3","collective",3,30,708631,"SU-MCCD",0,1,0.5,0,0,-1,"ok","-"
"collective_d3","collective",3,30,708631,"UN-MCCD",0,0.994708994708995,0.497354497354497,0,1,-1,"ok","-"
"collective_d3","collective",3,30,708631,"SUN-MCCD",0,0.994708994708995,0.497354497354497,0,1,-1,"ok","-"
"collective_d3","collective",3,30,708631,"LOF",0,1,0.5,0,0,-1,"ok","-"
"collective_d3","collective",3,30,708631,"DBSCAN",0,1,0.5,0,0,-1,"ok","-"
"collective_d3","collective",3,30,708631,"MST",0.6,0.687830687830688,0.643915343915344,0.285714285714286,65,-1,"ok","-"
"collective_d3","collective",3,30,708631,"ODIN",0,0.952380952380952,0.476190476190476,0,9,-1,"ok","-"
"collective_d3","collective",3,30,708631,"iForest",0.6,0.973544973544973,0.786772486772487,0.588235294117647,11,-1,"ok","-"
"collective_d3","collective",3,31,708632,"U-MCCD",0,1,0.5,0,0,-1,"ok","-"
"collective_d3","collective",3,31,708632,"SU-MCCD",0,1,0.5,0,0,-1,"ok","-"
"collective_d3","collective",3,31,708632,"UN-MCCD",0.2,1,0.6,0.238095238095238,2,-1,"ok","-"
"collective_d3","collective",3,31,708632,"SUN-MCCD",0.2,1,0.6,0.238095238095238,2,-1,"ok","-"
"collective_d3","collective",3,31,708632,"LOF",0,1,0.5,0,0,-1,"ok","-"
"collective_d3","collective",3,31,708632,"DBSCAN",0,1,0.5,0,0,-1,"ok","-"
"collective_d3","collective",3,31,708632,"MST",0.4,0.698412698412698,0.549206349206349,0.198019801980198,61,-1,"ok","-"
"collective_d3","collective",3,31,708632,"ODIN",0,0.978835978835979,0.489417989417989,0,4,-1,"ok","-"
"collective_d3","collective",3,31,708632,"iForest",0,0.920634920634921,0.46031746031746,0,15,-1,"ok","-"
"collective_d3","collective",3,32,708633,"U-MCCD",0,1,0.5,0,0,-1,"ok","-"
"collective_d3","collective",3,32,708633,"SU-MCCD",0,1,0.5,0,0,-1,"ok","-"
"collective_d3","collective",3,32,708633,"UN-MCCD",0,0.994708994708995,0.497354497354497,0,1,-1,"ok","-"
"collective_d3","collective",3,32,708633,"SUN-MCCD",0,1,0.5,0,0,-1,"ok","-"
"collective_d3","collective",3,32,708633,"LOF",0,1,0.5,0,0,-1,"ok","-"
"collective_d3","collective",3,32,708633,"DBSCAN",0,0.994708994708995,0.497354497354497,0,1,-1,"ok","-"
"collective_d3","collective",3,32,708633,"MST",0.3,0.64021164021164,0.47010582010582,0.135135135135135,71,-1,"ok","-"
"collective_d3","collective",3,32,708633,"ODIN",0,0.952380952380952,0.476190476190476,0,9,-1,"ok","-"
"collective_d3","collective",3,32,708633,"iForest",0,0.968253968253968,0.484126984126984,0,6,-1,"ok","-"
"collective_d3","collective",3,33,708634,"U-MCCD",0,1,0.5,0,0,-1,"ok","-"
"collective_d3","collective",3,33,708634,"SU-MCCD",0,1,0.5,0,0,-1,"ok","-"
"collective_d3","collective",3,33,708634,"UN-MCCD",0,1,0.5,0,0,-1,"ok","-"
"collective_d3","collective",3,33,708634,"SUN-MCCD",0,1,0.5,0,0,-1,"ok","-"
"collective_d3","collective",3,33,708634,"LOF",0,1,0.5,0,0,-1,"ok","-"
"collective_d3","collective",3,33,708634,"DBSCAN",0,1,0.5,0,0,-1,"ok","-"
"collective_d3","collective",3,33,708634,"MST",0.2,0.645502645502645,0.422751322751323,0.0917431192660551,69,-1,"ok","-"
"collective_d3","collective",3,33,708634,"ODIN",0,0.968253968253968,0.484126984126984,0,6,-1,"ok","-"
"collective_d3","collective",3,33,708634,"iForest",0.3,0.978835978835979,0.639417989417989,0.319148936170213,7,-1,"ok","-"
"collective_d3","collective",3,34,708635,"U-MCCD",0,0.984126984126984,0.492063492063492,0,3,-1,"ok","-"
"collective_d3","collective",3,34,708635,"SU-MCCD",0,1,0.5,0,0,-1,"ok","-"
"collective_d3","collective",3,34,708635,"UN-MCCD",0,0.984126984126984,0.492063492063492,0,3,-1,"ok","-"
"collective_d3","collective",3,34,708635,"SUN-MCCD",0,1,0.5,0,0,-1,"ok","-"
"collective_d3","collective",3,34,708635,"LOF",0,1,0.5,0,0,-1,"ok","-"
"collective_d3","collective",3,34,708635,"DBSCAN",0,0.984126984126984,0.492063492063492,0,3,-1,"ok","-"
"collective_d3","collective",3,34,708635,"MST",0.1,0.64021164021164,0.37010582010582,0.0458715596330275,69,-1,"ok","-"
"collective_d3","collective",3,34,708635,"ODIN",0,0.962962962962963,0.481481481481481,0,7,-1,"ok","-"
"collective_d3","collective",3,34,708635,"iForest",0.1,0.957671957671958,0.528835978835979,0.102040816326531,9,-1,"ok","-"
"collective_d3","collective",3,35,708636,"U-MCCD",1,0.994708994708995,0.997354497354497,0.980392156862745,11,-1,"ok","-"
"collective_d3","collective",3,35,708636,"SU-MCCD",1,1,1,1,10,-1,"ok","-"
"collective_d3","collective",3,35,708636,"UN-MCCD",1,0.989417989417989,0.994708994708995,0.961538461538461,12,-1,"ok","-"
"collective_d3","collective",3,35,708636,"SUN-MCCD",0,1,0.5,0,0,-1,"ok","-"
"collective_d3","collective",3,35,708636,"LOF",0,1,0.5,0,0,-1,"ok","-"
"collective_d3","collective",3,35,708636,"DBSCAN",0,1,0.5,0,0,-1,"ok","-"
"collective_d3","collective",3,35,708636,"MST",0.2,0.634920634920635,0.417460317460317,0.0900900900900901,71,-1,"ok","-"
"collective_d3","collective",3,35,708636,"ODIN",0,0.984126984126984,0.492063492063492,0,3,-1,"ok","-"
"collective_d3","collective",3,35,708636,"iForest",0.2,0.952380952380952,0.576190476190476,0.196078431372549,11,-1,"ok","-"
"collective_d3","collective",3,36,708637,"U-MCCD",0,0.994708994708995,0.497354497354497,0,1,-1,"ok","-"
"collective_d3","collective",3,36,708637,"SU-MCCD",0,1,0.5,0,0,-1,"ok","-"
"collective_d3","collective",3,36,708637,"UN-MCCD",0,0.994708994708995,0.497354497354497,0,1,-1,"ok","-"
"collective_d3","collective",3,36,708637,"SUN-MCCD",0,1,0.5,0,0,-1,"ok","-"
"collective_d3","collective",3,36,708637,"LOF",0,1,0.5,0,0,-1,"ok","-"
"collective_d3","collective",3,36,708637,"DBSCAN",0,1,0.5,0,0,-1,"ok","-"
"collective_d3","collective",3,36,708637,"MST",0.1,0.687830687830688,0.393915343915344,0.05,60,-1,"ok","-"
"collective_d3","collective",3,36,708637,"ODIN",0,0.989417989417989,0.494708994708995,0,2,-1,"ok","-"
"collective_d3","collective",3,36,708637,"iForest",0.5,0.994708994708995,0.747354497354497,0.543478260869565,6,-1,"ok","-"
"collective_d3","collective",3,37,708638,"U-MCCD",0,1,0.5,0,0,-1,"ok","-"
"collective_d3","collective",3,37,708638,"SU-MCCD",0,1,0.5,0,0,-1,"ok","-"
"collective_d3","collective",3,37,708638,"UN-MCCD",0,0.994708994708995,0.497354497354497,0,1,-1,"ok","-"
"collective_d3","collective",3,37,708638,"SUN-MCCD",0,1,0.5,0,0,-1,"ok","-"
"collective_d3","collective",3,37,708638,"LOF",0,1,0.5,0,0,-1,"ok","-"
"collective_d3","collective",3,37,708638,"DBSCAN",0,1,0.5,0,0,-1,"ok","-"
"collective_d3","collective",3,37,708638,"MST",0.5,0.656084656084656,0.578042328042328,0.227272727272727,70,-1,"ok","-"
"collective_d3","collective",3,37,708638,"ODIN",0,0.952380952380952,0.476190476190476,0,9,-1,"ok","-"
"collective_d3","collective",3,37,708638,"iForest",0.4,0.952380952380952,0.676190476190476,0.377358490566038,13,-1,"ok","-"
"collective_d3","collective",3,38,708639,"U-MCCD",1,0.994708994708995,0.997354497354497,0.980392156862745,11,-1,"ok","-"
"collective_d3","collective",3,38,708639,"SU-MCCD",0.1,1,0.55,0.121951219512195,1,-1,"ok","-"
"collective_d3","collective",3,38,708639,"UN-MCCD",1,1,1,1,10,-1,"ok","-"
"collective_d3","collective",3,38,708639,"SUN-MCCD",0.5,1,0.75,0.555555555555556,5,-1,"ok","-"
"collective_d3","collective",3,38,708639,"LOF",0,1,0.5,0,0,-1,"ok","-"
"collective_d3","collective",3,38,708639,"DBSCAN",0,1,0.5,0,0,-1,"ok","-"
"collective_d3","collective",3,38,708639,"MST",0.2,0.634920634920635,0.417460317460317,0.0900900900900901,71,-1,"ok","-"
"collective_d3","collective",3,38,708639,"ODIN",0,0.962962962962963,0.481481481481481,0,7,-1,"ok","-"
"collective_d3","collective",3,38,708639,"iForest",0.1,0.936507936507937,0.518253968253968,0.0943396226415094,13,-1,"ok","-"
"collective_d3","collective",3,39,708640,"U-MCCD",0,0.994708994708995,0.497354497354497,0,1,-1,"ok","-"
"collective_d3","collective",3,39,708640,"SU-MCCD",0,1,0.5,0,0,-1,"ok","-"
"collective_d3","collective",3,39,708640,"UN-MCCD",0,1,0.5,0,0,-1,"ok","-"
"collective_d3","collective",3,39,708640,"SUN-MCCD",0,1,0.5,0,0,-1,"ok","-"
"collective_d3","collective",3,39,708640,"LOF",0,1,0.5,0,0,-1,"ok","-"
"collective_d3","collective",3,39,708640,"DBSCAN",0,1,0.5,0,0,-1,"ok","-"
"collective_d3","collective",3,39,708640,"MST",0.1,0.708994708994709,0.404497354497354,0.0520833333333333,56,-1,"ok","-"
"collective_d3","collective",3,39,708640,"ODIN",0,0.962962962962963,0.481481481481481,0,7,-1,"ok","-"
"collective_d3","collective",3,39,708640,"iForest",0,0.941798941798942,0.470899470899471,0,11,-1,"ok","-"
"collective_d3","collective",3,40,708641,"U-MCCD",0,1,0.5,0,0,-1,"ok","-"
"collective_d3","collective",3,40,708641,"SU-MCCD",0,1,0.5,0,0,-1,"ok","-"
"collective_d3","collective",3,40,708641,"UN-MCCD",0,1,0.5,0,0,-1,"ok","-"
"collective_d3","collective",3,40,708641,"SUN-MCCD",0,1,0.5,0,0,-1,"ok","-"
"collective_d3","collective",3,40,708641,"LOF",0,1,0.5,0,0,-1,"ok","-"
"collective_d3","collective",3,40,708641,"DBSCAN",0,1,0.5,0,0,-1,"ok","-"
"collective_d3","collective",3,40,708641,"MST",0.5,0.767195767195767,0.633597883597884,0.280898876404494,49,-1,"ok","-"
"collective_d3","collective",3,40,708641,"ODIN",0,0.978835978835979,0.489417989417989,0,4,-1,"ok","-"
"collective_d3","collective",3,40,708641,"iForest",0.6,0.968253968253968,0.784126984126984,0.576923076923077,12,-1,"ok","-"
"collective_d3","collective",3,41,708642,"U-MCCD",1,1,1,1,10,-1,"ok","-"
"collective_d3","collective",3,41,708642,"SU-MCCD",0,1,0.5,0,0,-1,"ok","-"
"collective_d3","collective",3,41,708642,"UN-MCCD",0.1,1,0.55,0.121951219512195,1,-1,"ok","-"
"collective_d3","collective",3,41,708642,"SUN-MCCD",1,1,1,1,10,-1,"ok","-"
"collective_d3","collective",3,41,708642,"LOF",0.1,1,0.55,0.121951219512195,1,-1,"ok","-"
"collective_d3","collective",3,41,708642,"DBSCAN",0,0.994708994708995,0.497354497354497,0,1,-1,"ok","-"
"collective_d3","collective",3,41,708642,"MST",0.6,0.624338624338624,0.612169312169312,0.256410256410256,77,-1,"ok","-"
"collective_d3","collective",3,41,708642,"ODIN",0,1,0.5,0,0,-1,"ok","-"
"collective_d3","collective",3,41,708642,"iForest",0.3,0.957671957671958,0.628835978835979,0.294117647058824,11,-1,"ok","-"
"collective_d3","collective",3,42,708643,"U-MCCD",0.3,0.994708994708995,0.647354497354497,0.340909090909091,4,-1,"ok","-"
"collective_d3","collective",3,42,708643,"SU-MCCD",0.3,1,0.65,0.348837209302326,3,-1,"ok","-"
"collective_d3","collective",3,42,708643,"UN-MCCD",0.1,0.994708994708995,0.547354497354497,0.119047619047619,2,-1,"ok","-"
"collective_d3","collective",3,42,708643,"SUN-MCCD",0.1,1,0.55,0.121951219512195,1,-1,"ok","-"
"collective_d3","collective",3,42,708643,"LOF",0,1,0.5,0,0,-1,"ok","-"
"collective_d3","collective",3,42,708643,"DBSCAN",0,0.994708994708995,0.497354497354497,0,1,-1,"ok","-"
"collective_d3","collective",3,42,708643,"MST",0.6,0.560846560846561,0.58042328042328,0.232558139534884,89,-1,"ok","-"
"collective_d3","collective",3,42,708643,"ODIN",0,0.978835978835979,0.489417989417989,0,4,-1,"ok","-"
"collective_d3","collective",3,42,708643,"iForest",0.1,0.925925925925926,0.512962962962963,0.0909090909090909,15,-1,"ok","-"
"collective_d3","collective",3,43,708644,"U-MCCD",0,0.962962962962963,0.481481481481481,0,7,-1,"ok","-"
"collective_d3","collective",3,43,708644,"SU-MCCD",0,1,0.5,0,0,-1,"ok","-"
"collective_d3","collective",3,43,708644,"UN-MCCD",0,0.962962962962963,0.481481481481481,0,7,-1,"ok","-"
"collective_d3","collective",3,43,708644,"SUN-MCCD",0,0.994708994708995,0.497354497354497,0,1,-1,"ok","-"
"collective_d3","collective",3,43,708644,"LOF",0,1,0.5,0,0,-1,"ok","-"
"collective_d3","collective",3,43,708644,"DBSCAN",0,1,0.5,0,0,-1,"ok","-"
"collective_d3","collective",3,43,708644,"MST",0.5,0.619047619047619,0.55952380952381,0.213675213675214,77,-1,"ok","-"
"collective_d3","collective",3,43,708644,"ODIN",0,0.962962962962963,0.481481481481481,0,7,-1,"ok","-"
"collective_d3","collective",3,43,708644,"iForest",0.4,0.968253968253968,0.684126984126984,0.4,10,-1,"ok","-"
"collective_d3","collective",3,44,708645,"U-MCCD",0,1,0.5,0,0,-1,"ok","-"
"collective_d3","collective",3,44,708645,"SU-MCCD",1,1,1,1,10,-1,"ok","-"
"collective_d3","collective",3,44,708645,"UN-MCCD",1,1,1,1,10,-1,"ok","-"
"collective_d3","collective",3,44,708645,"SUN-MCCD",0,1,0.5,0,0,-1,"ok","-"
"collective_d3","collective",3,44,708645,"LOF",0,1,0.5,0,0,-1,"ok","-"
"collective_d3","collective",3,44,708645,"DBSCAN",0,1,0.5,0,0,-1,"ok","-"
"collective_d3","collective",3,44,708645,"MST",0.5,0.582010582010582,0.541005291005291,0.201612903225806,84,-1,"ok","-"
"collective_d3","collective",3,44,708645,"ODIN",0,0.973544973544973,0.486772486772487,0,5,-1,"ok","-"
"collective_d3","collective",3,44,708645,"iForest",0.4,0.973544973544973,0.686772486772487,0.408163265306122,9,-1,"ok","-"
"collective_d3","collective",3,45,708646,"U-MCCD",1,0.994708994708995,0.997354497354497,0.980392156862745,11,-1,"ok","-"
"collective_d3","collective",3,45,708646,"SU-MCCD",1,1,1,1,10,-1,"ok","-"
"collective_d3","collective",3,45,708646,"UN-MCCD",1,1,1,1,10,-1,"ok","-"
"collective_d3","collective",3,45,708646,"SUN-MCCD",0,1,0.5,0,0,-1,"ok","-"
"collective_d3","collective",3,45,708646,"LOF",0.3,1,0.65,0.348837209302326,3,-1,"ok","-"
"collective_d3","collective",3,45,708646,"DBSCAN",0,0.994708994708995,0.497354497354497,0,1,-1,"ok","-"
"collective_d3","collective",3,45,708646,"MST",0.4,0.634920634920635,0.517460317460317,0.176991150442478,73,-1,"ok","-"
"collective_d3","collective",3,45,708646,"ODIN",0,0.968253968253968,0.484126984126984,0,6,-1,"ok","-"
"collective_d3","collective",3,45,708646,"iForest",0.4,0.957671957671958,0.678835978835979,0.384615384615385,12,-1,"ok","-"
"collective_d3","collective",3,46,708647,"U-MCCD",1,0.994708994708995,0.997354497354497,0.980392156862745,11,-1,"ok","-"
"collective_d3","collective",3,46,708647,"SU-MCCD",0,1,0.5,0,0,-1,"ok","-"
"collective_d3","collective",3,46,708647,"UN-MCCD",1,0.994708994708995,0.997354497354497,0.980392156862745,11,-1,"ok","-"
"collective_d3","collective",3,46,708647,"SUN-MCCD",1,0.989417989417989,0.994708994708995,0.961538461538461,12,-1,"ok","-"
"collective_d3","collective",3,46,708647,"LOF",0.4,1,0.7,0.454545454545455,4,-1,"ok","-"
"collective_d3","collective",3,46,708647,"DBSCAN",0,1,0.5,0,0,-1,"ok","-"
"collective_d3","collective",3,46,708647,"MST",0.6,0.634920634920635,0.617460317460317,0.260869565217391,75,-1,"ok","-"
"collective_d3","collective",3,46,708647,"ODIN",0,0.984126984126984,0.492063492063492,0,3,-1,"ok","-"
"collective_d3","collective",3,46,708647,"iForest",0.5,0.941798941798942,0.720899470899471,0.446428571428571,16,-1,"ok","-"
"collective_d3","collective",3,47,708648,"U-MCCD",0,0.989417989417989,0.494708994708995,0,2,-1,"ok","-"
"collective_d3","collective",3,47,708648,"SU-MCCD",0,1,0.5,0,0,-1,"ok","-"
"collective_d3","collective",3,47,708648,"UN-MCCD",0,0.962962962962963,0.481481481481481,0,7,-1,"ok","-"
"collective_d3","collective",3,47,708648,"SUN-MCCD",0,1,0.5,0,0,-1,"ok","-"
"collective_d3","collective",3,47,708648,"LOF",0,1,0.5,0,0,-1,"ok","-"
"collective_d3","collective",3,47,708648,"DBSCAN",0,0.989417989417989,0.494708994708995,0,2,-1,"ok","-"
"collective_d3","collective",3,47,708648,"MST",0.2,0.53968253968254,0.36984126984127,0.0775193798449612,89,-1,"ok","-"
"collective_d3","collective",3,47,708648,"ODIN",0,0.968253968253968,0.484126984126984,0,6,-1,"ok","-"
"collective_d3","collective",3,47,708648,"iForest",0.4,0.936507936507937,0.668253968253968,0.357142857142857,16,-1,"ok","-"
"collective_d3","collective",3,48,708649,"U-MCCD",1,0.984126984126984,0.992063492063492,0.943396226415094,13,-1,"ok","-"
"collective_d3","collective",3,48,708649,"SU-MCCD",0,1,0.5,0,0,-1,"ok","-"
"collective_d3","collective",3,48,708649,"UN-MCCD",1,1,1,1,10,-1,"ok","-"
"collective_d3","collective",3,48,708649,"SUN-MCCD",0,1,0.5,0,0,-1,"ok","-"
"collective_d3","collective",3,48,708649,"LOF",0,1,0.5,0,0,-1,"ok","-"
"collective_d3","collective",3,48,708649,"DBSCAN",0,1,0.5,0,0,-1,"ok","-"
"collective_d3","collective",3,48,708649,"MST",0.5,0.62962962962963,0.564814814814815,0.217391304347826,75,-1,"ok","-"
"collective_d3","collective",3,48,708649,"ODIN",0,0.962962962962963,0.481481481481481,0,7,-1,"ok","-"
"collective_d3","collective",3,48,708649,"iForest",1,0.984126984126984,0.992063492063492,0.943396226415094,13,-1,"ok","-"
"collective_d3","collective",3,49,708650,"U-MCCD",0,1,0.5,0,0,-1,"ok","-"
"collective_d3","collective",3,49,708650,"SU-MCCD",0,1,0.5,0,0,-1,"ok","-"
"collective_d3","collective",3,49,708650,"UN-MCCD",0,1,0.5,0,0,-1,"ok","-"
"collective_d3","collective",3,49,708650,"SUN-MCCD",0,1,0.5,0,0,-1,"ok","-"
"collective_d3","collective",3,49,708650,"LOF",0,0.994708994708995,0.497354497354497,0,1,-1,"ok","-"
"collective_d3","collective",3,49,708650,"DBSCAN",0,1,0.5,0,0,-1,"ok","-"
"collective_d3","collective",3,49,708650,"MST",0.5,0.55026455026455,0.525132275132275,0.192307692307692,90,-1,"ok","-"
"collective_d3","collective",3,49,708650,"ODIN",0,0.978835978835979,0.489417989417989,0,4,-1,"ok","-"
"collective_d3","collective",3,49,708650,"iForest",0.2,0.968253968253968,0.584126984126984,0.208333333333333,8,-1,"ok","-"
"collective_d3","collective",3,50,708651,"U-MCCD",0,0.994708994708995,0.497354497354497,0,1,-1,"ok","-"
"collective_d3","collective",3,50,708651,"SU-MCCD",0,1,0.5,0,0,-1,"ok","-"
"collective_d3","collective",3,50,708651,"UN-MCCD",0,0.973544973544973,0.486772486772487,0,5,-1,"ok","-"
"collective_d3","collective",3,50,708651,"SUN-MCCD",0,0.994708994708995,0.497354497354497,0,1,-1,"ok","-"
"collective_d3","collective",3,50,708651,"LOF",0,1,0.5,0,0,-1,"ok","-"
"collective_d3","collective",3,50,708651,"DBSCAN",0,0.989417989417989,0.494708994708995,0,2,-1,"ok","-"
"collective_d3","collective",3,50,708651,"MST",0.5,0.497354497354497,0.498677248677249,0.178571428571429,100,-1,"ok","-"
"collective_d3","collective",3,50,708651,"ODIN",0,0.957671957671958,0.478835978835979,0,8,-1,"ok","-"
"collective_d3","collective",3,50,708651,"iForest",0.3,0.957671957671958,0.628835978835979,0.294117647058824,11,-1,"ok","-"
"collective_d3","collective",3,51,708652,"U-MCCD",0.2,0.978835978835979,0.589417989417989,0.217391304347826,6,-1,"ok","-"
"collective_d3","collective",3,51,708652,"SU-MCCD",0.2,1,0.6,0.238095238095238,2,-1,"ok","-"
"collective_d3","collective",3,51,708652,"UN-MCCD",0,0.957671957671958,0.478835978835979,0,8,-1,"ok","-"
"collective_d3","collective",3,51,708652,"SUN-MCCD",0,0.989417989417989,0.494708994708995,0,2,-1,"ok","-"
"collective_d3","collective",3,51,708652,"LOF",0,1,0.5,0,0,-1,"ok","-"
"collective_d3","collective",3,51,708652,"DBSCAN",0,1,0.5,0,0,-1,"ok","-"
"collective_d3","collective",3,51,708652,"MST",0.6,0.608465608465608,0.604232804232804,0.25,80,-1,"ok","-"
"collective_d3","collective",3,51,708652,"ODIN",0,0.941798941798942,0.470899470899471,0,11,-1,"ok","-"
"collective_d3","collective",3,51,708652,"iForest",0,0.936507936507937,0.468253968253968,0,12,-1,"ok","-"
"collective_d3","collective",3,52,708653,"U-MCCD",1,0.989417989417989,0.994708994708995,0.961538461538461,12,-1,"ok","-"
"collective_d3","collective",3,52,708653,"SU-MCCD",0,1,0.5,0,0,-1,"ok","-"
"collective_d3","collective",3,52,708653,"UN-MCCD",0,0.994708994708995,0.497354497354497,0,1,-1,"ok","-"
"collective_d3","collective",3,52,708653,"SUN-MCCD",0,1,0.5,0,0,-1,"ok","-"
"collective_d3","collective",3,52,708653,"LOF",0,1,0.5,0,0,-1,"ok","-"
"collective_d3","collective",3,52,708653,"DBSCAN",0,1,0.5,0,0,-1,"ok","-"
"collective_d3","collective",3,52,708653,"MST",0.4,0.62962962962963,0.514814814814815,0.175438596491228,74,-1,"ok","-"
"collective_d3","collective",3,52,708653,"ODIN",0,0.936507936507937,0.468253968253968,0,12,-1,"ok","-"
"collective_d3","collective",3,52,708653,"iForest",0.2,0.962962962962963,0.581481481481481,0.204081632653061,9,-1,"ok","-"
"collective_d3","collective",3,53,708654,"U-MCCD",1,0.994708994708995,0.997354497354497,0.980392156862745,11,-1,"ok","-"
"collective_d3","collective",3,53,708654,"SU-MCCD",0,1,0.5,0,0,-1,"ok","-"
"collective_d3","collective",3,53,708654,"UN-MCCD",1,1,1,1,10,-1,"ok","-"
"collective_d3","collective",3,53,708654,"SUN-MCCD",0,1,0.5,0,0,-1,"ok","-"
"collective_d3","collective",3,53,708654,"LOF",0,1,0.5,0,0,-1,"ok","-"
"collective_d3","collective",3,53,708654,"DBSCAN",0,1,0.5,0,0,-1,"ok","-"
"collective_d3","collective",3,53,708654,"MST",1,0.661375661375661,0.830687830687831,0.43859649122807,74,-1,"ok","-"
"collective_d3","collective",3,53,708654,"ODIN",0,0.957671957671958,0.478835978835979,0,8,-1,"ok","-"
"collective_d3","collective",3,53,708654,"iForest",0,0.957671957671958,0.478835978835979,0,8,-1,"ok","-"
"collective_d3","collective",3,54,708655,"U-MCCD",0.5,0.994708994708995,0.747354497354497,0.543478260869565,6,-1,"ok","-"
"collective_d3","collective",3,54,708655,"SU-MCCD",0.1,1,0.55,0.121951219512195,1,-1,"ok","-"
"collective_d3","collective",3,54,708655,"UN-MCCD",0.5,0.989417989417989,0.744708994708995,0.531914893617021,7,-1,"ok","-"
"collective_d3","collective",3,54,708655,"SUN-MCCD",0.5,1,0.75,0.555555555555556,5,-1,"ok","-"
"collective_d3","collective",3,54,708655,"LOF",0.1,1,0.55,0.121951219512195,1,-1,"ok","-"
"collective_d3","collective",3,54,708655,"DBSCAN",0,0.994708994708995,0.497354497354497,0,1,-1,"ok","-"
"collective_d3","collective",3,54,708655,"MST",0.2,0.587301587301587,0.393650793650794,0.0833333333333333,80,-1,"ok","-"
"collective_d3","collective",3,54,708655,"ODIN",0,0.973544973544973,0.486772486772487,0,5,-1,"ok","-"
"collective_d3","collective",3,54,708655,"iForest",0.6,0.973544973544973,0.786772486772487,0.588235294117647,11,-1,"ok","-"
"collective_d3","collective",3,55,708656,"U-MCCD",1,1,1,1,10,-1,"ok","-"
"collective_d3","collective",3,55,708656,"SU-MCCD",0,1,0.5,0,0,-1,"ok","-"
"collective_d3","collective",3,55,708656,"UN-MCCD",1,1,1,1,10,-1,"ok","-"
"collective_d3","collective",3,55,708656,"SUN-MCCD",0,1,0.5,0,0,-1,"ok","-"
"collective_d3","collective",3,55,708656,"LOF",0,1,0.5,0,0,-1,"ok","-"
"collective_d3","collective",3,55,708656,"DBSCAN",0,1,0.5,0,0,-1,"ok","-"
"collective_d3","collective",3,55,708656,"MST",0.6,0.634920634920635,0.617460317460317,0.260869565217391,75,-1,"ok","-"
"collective_d3","collective",3,55,708656,"ODIN",0,0.968253968253968,0.484126984126984,0,6,-1,"ok","-"
"collective_d3","collective",3,55,708656,"iForest",0.5,0.962962962962963,0.731481481481481,0.480769230769231,12,-1,"ok","-"
"collective_d3","collective",3,56,708657,"U-MCCD",1,0.989417989417989,0.994708994708995,0.961538461538461,12,-1,"ok","-"
"collective_d3","collective",3,56,708657,"SU-MCCD",0,1,0.5,0,0,-1,"ok","-"
"collective_d3","collective",3,56,708657,"UN-MCCD",1,1,1,1,10,-1,"ok","-"
"collective_d3","collective",3,56,708657,"SUN-MCCD",0.1,1,0.55,0.121951219512195,1,-1,"ok","-"
"collective_d3","collective",3,56,708657,"LOF",0.3,1,0.65,0.348837209302326,3,-1,"ok","-"
"collective_d3","collective",3,56,708657,"DBSCAN",0,0.994708994708995,0.497354497354497,0,1,-1,"ok","-"
"collective_d3","collective",3,56,708657,"MST",0.4,0.693121693121693,0.546560846560847,0.196078431372549,62,-1,"ok","-"
"collective_d3","collective",3,56,708657,"ODIN",0,0.978835978835979,0.489417989417989,0,4,-1,"ok","-"
"collective_d3","collective",3,56,708657,"iForest",0.2,0.962962962962963,0.581481481481481,0.204081632653061,9,-1,"ok","-"
"collective_d3","collective",3,57,708658,"U-MCCD",1,0.984126984126984,0.992063492063492,0.943396226415094,13,-1,"ok","-"
"collective_d3","collective",3,57,708658,"SU-MCCD",1,0.994708994708995,0.997354497354497,0.980392156862745,11,-1,"ok","-"
"collective_d3","collective",3,57,708658,"UN-MCCD",1,1,1,1,10,-1,"ok","-"
"collective_d3","collective",3,57,708658,"SUN-MCCD",1,1,1,1,10,-1,"ok","-"
"collective_d3","collective",3,57,708658,"LOF",0,1,0.5,0,0,-1,"ok","-"
"collective_d3","collective",3,57,708658,"DBSCAN",0,1,0.5,0,0,-1,"ok","-"
"collective_d3","collective",3,57,708658,"MST",0.5,0.624338624338624,0.562169312169312,0.21551724137931,76,-1,"ok","-"
"collective_d3","collective",3,57,708658,"ODIN",0,0.984126984126984,0.492063492063492,0,3,-1,"ok","-"
"collective_d3","collective",3,57,708658,"iForest",1,0.989417989417989,0.994708994708995,0.961538461538461,12,-1,"ok","-"
"collective_d3","collective",3,58,708659,"U-MCCD",0,0.994708994708995,0.497354497354497,0,1,-1,"ok","-"
"collective_d3","collective",3,58,708659,"SU-MCCD",0,1,0.5,0,0,-1,"ok","-"
"collective_d3","collective",3,58,708659,"UN-MCCD",0,1,0.5,0,0,-1,"ok","-"
"collective_d3","collective",3,58,708659,"SUN-MCCD",0,1,0.5,0,0,-1,"ok","-"
"collective_d3","collective",3,58,708659,"LOF",0,1,0.5,0,0,-1,"ok","-"
"collective_d3","collective",3,58,708659,"DBSCAN",0,1,0.5,0,0,-1,"ok","-"
"collective_d3","collective",3,58,708659,"MST",0,0.62962962962963,0.314814814814815,0,70,-1,"ok","-"
"collective_d3","collective",3,58,708659,"ODIN",0,0.973544973544973,0.486772486772487,0,5,-1,"ok","-"
"collective_d3","collective",3,58,708659,"iForest",0.4,0.962962962962963,0.681481481481481,0.392156862745098,11,-1,"ok","-"
"collective_d3","collective",3,59,708660,"U-MCCD",0,0.952380952380952,0.476190476190476,0,9,-1,"ok","-"
"collective_d3","collective",3,59,708660,"SU-MCCD",0,1,0.5,0,0,-1,"ok","-"
"collective_d3","collective",3,59,708660,"UN-MCCD",0,1,0.5,0,0,-1,"ok","-"
"collective_d3","collective",3,59,708660,"SUN-MCCD",0,1,0.5,0,0,-1,"ok","-"
"collective_d3","collective",3,59,708660,"LOF",0,1,0.5,0,0,-1,"ok","-"
"collective_d3","collective",3,59,708660,"DBSCAN",0,1,0.5,0,0,-1,"ok","-"
"collective_d3","collective",3,59,708660,"MST",0.4,0.64021164021164,0.52010582010582,0.178571428571429,72,-1,"ok","-"
"collective_d3","collective",3,59,708660,"ODIN",0,0.952380952380952,0.476190476190476,0,9,-1,"ok","-"
"collective_d3","collective",3,59,708660,"iForest",0.3,0.968253968253968,0.634126984126984,0.306122448979592,9,-1,"ok","-"
"collective_d3","collective",3,60,708661,"U-MCCD",0,1,0.5,0,0,-1,"ok","-"
"collective_d3","collective",3,60,708661,"SU-MCCD",0,1,0.5,0,0,-1,"ok","-"
"collective_d3","collective",3,60,708661,"UN-MCCD",0,1,0.5,0,0,-1,"ok","-"
"collective_d3","collective",3,60,708661,"SUN-MCCD",0,1,0.5,0,0,-1,"ok","-"
"collective_d3","collective",3,60,708661,"LOF",0,1,0.5,0,0,-1,"ok","-"
"collective_d3","collective",3,60,708661,"DBSCAN",0,1,0.5,0,0,-1,"ok","-"
"collective_d3","collective",3,60,708661,"MST",0.6,0.576719576719577,0.588359788359788,0.238095238095238,86,-1,"ok","-"
"collective_d3","collective",3,60,708661,"ODIN",0,0.952380952380952,0.476190476190476,0,9,-1,"ok","-"
"collective_d3","collective",3,60,708661,"iForest",0.4,0.989417989417989,0.694708994708995,0.434782608695652,6,-1,"ok","-"
"collective_d3","collective",3,61,708662,"U-MCCD",0,0.978835978835979,0.489417989417989,0,4,-1,"ok","-"
"collective_d3","collective",3,61,708662,"SU-MCCD",0,1,0.5,0,0,-1,"ok","-"
"collective_d3","collective",3,61,708662,"UN-MCCD",0,0.968253968253968,0.484126984126984,0,6,-1,"ok","-"
"collective_d3","collective",3,61,708662,"SUN-MCCD",0,1,0.5,0,0,-1,"ok","-"
"collective_d3","collective",3,61,708662,"LOF",0,1,0.5,0,0,-1,"ok","-"
"collective_d3","collective",3,61,708662,"DBSCAN",0,0.994708994708995,0.497354497354497,0,1,-1,"ok","-"
"collective_d3","collective",3,61,708662,"MST",0,0.62962962962963,0.314814814814815,0,70,-1,"ok","-"
"collective_d3","collective",3,61,708662,"ODIN",0,0.962962962962963,0.481481481481481,0,7,-1,"ok","-"
"collective_d3","collective",3,61,708662,"iForest",0.3,0.941798941798942,0.620899470899471,0.277777777777778,14,-1,"ok","-"
"collective_d3","collective",3,62,708663,"U-MCCD",1,1,1,1,10,-1,"ok","-"
"collective_d3","collective",3,62,708663,"SU-MCCD",0,1,0.5,0,0,-1,"ok","-"
"collective_d3","collective",3,62,708663,"UN-MCCD",1,1,1,1,10,-1,"ok","-"
"collective_d3","collective",3,62,708663,"SUN-MCCD",0,1,0.5,0,0,-1,"ok","-"
"collective_d3","collective",3,62,708663,"LOF",0.1,1,0.55,0.121951219512195,1,-1,"ok","-"
"collective_d3","collective",3,62,708663,"DBSCAN",0,1,0.5,0,0,-1,"ok","-"
"collective_d3","collective",3,62,708663,"MST",0.2,0.656084656084656,0.428042328042328,0.0934579439252336,67,-1,"ok","-"
"collective_d3","collective",3,62,708663,"ODIN",0,0.973544973544973,0.486772486772487,0,5,-1,"ok","-"
"collective_d3","collective",3,62,708663,"iForest",0.5,0.978835978835979,0.739417989417989,0.510204081632653,9,-1,"ok","-"
"collective_d3","collective",3,63,708664,"U-MCCD",0,1,0.5,0,0,-1,"ok","-"
"collective_d3","collective",3,63,708664,"SU-MCCD",0,1,0.5,0,0,-1,"ok","-"
"collective_d3","collective",3,63,708664,"UN-MCCD",0,0.989417989417989,0.494708994708995,0,2,-1,"ok","-"
"collective_d3","collective",3,63,708664,"SUN-MCCD",0,1,0.5,0,0,-1,"ok","-"
"collective_d3","collective",3,63,708664,"LOF",0,1,0.5,0,0,-1,"ok","-"
"collective_d3","collective",3,63,708664,"DBSCAN",0,1,0.5,0,0,-1,"ok","-"
"collective_d3","collective",3,63,708664,"MST",0.2,0.608465608465608,0.404232804232804,0.0862068965517241,76,-1,"ok","-"
"collective_d3","collective",3,63,708664,"ODIN",0,0.989417989417989,0.494708994708995,0,2,-1,"ok","-"
"collective_d3","collective",3,63,708664,"iForest",0.3,0.968253968253968,0.634126984126984,0.306122448979592,9,-1,"ok","-"
"collective_d3","collective",3,64,708665,"U-MCCD",1,0.936507936507937,0.968253968253968,0.806451612903226,22,-1,"ok","-"
"collective_d3","collective",3,64,708665,"SU-MCCD",1,1,1,1,10,-1,"ok","-"
"collective_d3","collective",3,64,708665,"UN-MCCD",1,0.994708994708995,0.997354497354497,0.980392156862745,11,-1,"ok","-"
"collective_d3","collective",3,64,708665,"SUN-MCCD",1,1,1,1,10,-1,"ok","-"
"collective_d3","collective",3,64,708665,"LOF",0,1,0.5,0,0,-1,"ok","-"
"collective_d3","collective",3,64,708665,"DBSCAN",0,1,0.5,0,0,-1,"ok","-"
"collective_d3","collective",3,64,708665,"MST",0,0.597883597883598,0.298941798941799,0,76,-1,"ok","-"
"collective_d3","collective",3,64,708665,"ODIN",0,0.973544973544973,0.486772486772487,0,5,-1,"ok","-"
"collective_d3","collective",3,64,708665,"iForest",0,0.925925925925926,0.462962962962963,0,14,-1,"ok","-"
"collective_d3","collective",3,65,708666,"U-MCCD",0.5,0.984126984126984,0.742063492063492,0.520833333333333,8,-1,"ok","-"
"collective_d3","collective",3,65,708666,"SU-MCCD",0.3,1,0.65,0.348837209302326,3,-1,"ok","-"
"collective_d3","collective",3,65,708666,"UN-MCCD",0.5,0.978835978835979,0.739417989417989,0.510204081632653,9,-1,"ok","-"
"collective_d3","collective",3,65,708666,"SUN-MCCD",0.5,0.994708994708995,0.747354497354497,0.543478260869565,6,-1,"ok","-"
"collective_d3","collective",3,65,708666,"LOF",0.6,1,0.8,0.652173913043478,6,-1,"ok","-"
"collective_d3","collective",3,65,708666,"DBSCAN",0,1,0.5,0,0,-1,"ok","-"
"collective_d3","collective",3,65,708666,"MST",0.5,0.529100529100529,0.514550264550265,0.186567164179104,94,-1,"ok","-"
"collective_d3","collective",3,65,708666,"ODIN",0,0.925925925925926,0.462962962962963,0,14,-1,"ok","-"
"collective_d3","collective",3,65,708666,"iForest",0.4,0.952380952380952,0.676190476190476,0.377358490566038,13,-1,"ok","-"
"collective_d3","collective",3,66,708667,"U-MCCD",0,1,0.5,0,0,-1,"ok","-"
"collective_d3","collective",3,66,708667,"SU-MCCD",0,1,0.5,0,0,-1,"ok","-"
"collective_d3","collective",3,66,708667,"UN-MCCD",0,1,0.5,0,0,-1,"ok","-"
"collective_d3","collective",3,66,708667,"SUN-MCCD",0,1,0.5,0,0,-1,"ok","-"
"collective_d3","collective",3,66,708667,"LOF",0,1,0.5,0,0,-1,"ok","-"
"collective_d3","collective",3,66,708667,"DBSCAN",0,1,0.5,0,0,-1,"ok","-"
"collective_d3","collective",3,66,708667,"MST",0.2,0.534391534391534,0.367195767195767,0.0769230769230769,90,-1,"ok","-"
"collective_d3","collective",3,66,708667,"ODIN",0,0.978835978835979,0.489417989417989,0,4,-1,"ok","-"
"collective_d3","collective",3,66,708667,"iForest",0.1,0.978835978835979,0.539417989417989,0.111111111111111,5,-1,"ok","-"
"collective_d3","collective",3,67,708668,"U-MCCD",0,1,0.5,0,0,-1,"ok","-"
"collective_d3","collective",3,67,708668,"SU-MCCD",0,1,0.5,0,0,-1,"ok","-"
"collective_d3","collective",3,67,708668,"UN-MCCD",0.2,0.994708994708995,0.597354497354497,0.232558139534884,3,-1,"ok","-"
"collective_d3","collective",3,67,708668,"SUN-MCCD",0.2,1,0.6,0.238095238095238,2,-1,"ok","-"
"collective_d3","collective",3,67,708668,"LOF",0,1,0.5,0,0,-1,"ok","-"
"collective_d3","collective",3,67,708668,"DBSCAN",0,1,0.5,0,0,-1,"ok","-"
"collective_d3","collective",3,67,708668,"MST",0.1,0.671957671957672,0.385978835978836,0.0485436893203883,63,-1,"ok","-"
"collective_d3","collective",3,67,708668,"ODIN",0,0.989417989417989,0.494708994708995,0,2,-1,"ok","-"
"collective_d3","collective",3,67,708668,"iForest",0,0.962962962962963,0.481481481481481,0,7,-1,"ok","-"
"collective_d3","collective",3,68,708669,"U-MCCD",1,1,1,1,10,-1,"ok","-"
"collective_d3","collective",3,68,708669,"SU-MCCD",1,1,1,1,10,-1,"ok","-"
"collective_d3","collective",3,68,708669,"UN-MCCD",1,1,1,1,10,-1,"ok","-"
"collective_d3","collective",3,68,708669,"SUN-MCCD",1,1,1,1,10,-1,"ok","-"
"collective_d3","collective",3,68,708669,"LOF",0.7,1,0.85,0.74468085106383,7,-1,"ok","-"
"collective_d3","collective",3,68,708669,"DBSCAN",0,0.989417989417989,0.494708994708995,0,2,-1,"ok","-"
"collective_d3","collective",3,68,708669,"MST",0.4,0.650793650793651,0.525396825396825,0.181818181818182,70,-1,"ok","-"
"collective_d3","collective",3,68,708669,"ODIN",0,0.978835978835979,0.489417989417989,0,4,-1,"ok","-"
"collective_d3","collective",3,68,708669,"iForest",0.3,0.952380952380952,0.626190476190476,0.288461538461538,12,-1,"ok","-"
"collective_d3","collective",3,69,708670,"U-MCCD",0.9,0.994708994708995,0.947354497354497,0.9,10,-1,"ok","-"
"collective_d3","collective",3,69,708670,"SU-MCCD",0,1,0.5,0,0,-1,"ok","-"
"collective_d3","collective",3,69,708670,"UN-MCCD",0.9,0.994708994708995,0.947354497354497,0.9,10,-1,"ok","-"
"collective_d3","collective",3,69,708670,"SUN-MCCD",0,1,0.5,0,0,-1,"ok","-"
"collective_d3","collective",3,69,708670,"LOF",0,1,0.5,0,0,-1,"ok","-"
"collective_d3","collective",3,69,708670,"DBSCAN",0,1,0.5,0,0,-1,"ok","-"
"collective_d3","collective",3,69,708670,"MST",0.6,0.566137566137566,0.583068783068783,0.234375,88,-1,"ok","-"
"collective_d3","collective",3,69,708670,"ODIN",0,0.978835978835979,0.489417989417989,0,4,-1,"ok","-"
"collective_d3","collective",3,69,708670,"iForest",0.8,0.984126984126984,0.892063492063492,0.784313725490196,11,-1,"ok","-"
"collective_d3","collective",3,70,708671,"U-MCCD",1,0.994708994708995,0.997354497354497,0.980392156862745,11,-1,"ok","-"
"collective_d3","collective",3,70,708671,"SU-MCCD",1,1,1,1,10,-1,"ok","-"
"collective_d3","collective",3,70,708671,"UN-MCCD",1,0.994708994708995,0.997354497354497,0.980392156862745,11,-1,"ok","-"
"collective_d3","collective",3,70,708671,"SUN-MCCD",1,0.994708994708995,0.997354497354497,0.980392156862745,11,-1,"ok","-"
"collective_d3","collective",3,70,708671,"LOF",0.3,1,0.65,0.348837209302326,3,-1,"ok","-"
"collective_d3","collective",3,70,708671,"DBSCAN",0,1,0.5,0,0,-1,"ok","-"
"collective_d3","collective",3,70,708671,"MST",0.5,0.624338624338624,0.562169312169312,0.21551724137931,76,-1,"ok","-"
"collective_d3","collective",3,70,708671,"ODIN",0,0.978835978835979,0.489417989417989,0,4,-1,"ok","-"
"collective_d3","collective",3,70,708671,"iForest",0.6,0.978835978835979,0.789417989417989,0.6,10,-1,"ok","-"
"collective_d3","collective",3,71,708672,"U-MCCD",0,0.994708994708995,0.497354497354497,0,1,-1,"ok","-"
"collective_d3","collective",3,71,708672,"SU-MCCD",0,1,0.5,0,0,-1,"ok","-"
"collective_d3","collective",3,71,708672,"UN-MCCD",0,1,0.5,0,0,-1,"ok","-"
"collective_d3","collective",3,71,708672,"SUN-MCCD",0,1,0.5,0,0,-1,"ok","-"
"collective_d3","collective",3,71,708672,"LOF",0,1,0.5,0,0,-1,"ok","-"
"collective_d3","collective",3,71,708672,"DBSCAN",0,1,0.5,0,0,-1,"ok","-"
"collective_d3","collective",3,71,708672,"MST",0.3,0.64021164021164,0.47010582010582,0.135135135135135,71,-1,"ok","-"
"collective_d3","collective",3,71,708672,"ODIN",0,0.978835978835979,0.489417989417989,0,4,-1,"ok","-"
"collective_d3","collective",3,71,708672,"iForest",0.3,0.957671957671958,0.628835978835979,0.294117647058824,11,-1,"ok","-"
"collective_d3","collective",3,72,708673,"U-MCCD",0.1,0.989417989417989,0.544708994708995,0.116279069767442,3,-1,"ok","-"
"collective_d3","collective",3,72,708673,"SU-MCCD",0.1,1,0.55,0.121951219512195,1,-1,"ok","-"
"collective_d3","collective",3,72,708673,"UN-MCCD",0.1,0.989417989417989,0.544708994708995,0.116279069767442,3,-1,"ok","-"
"collective_d3","collective",3,72,708673,"SUN-MCCD",0.1,0.989417989417989,0.544708994708995,0.116279069767442,3,-1,"ok","-"
"collective_d3","collective",3,72,708673,"LOF",0,1,0.5,0,0,-1,"ok","-"
"collective_d3","collective",3,72,708673,"DBSCAN",0,1,0.5,0,0,-1,"ok","-"
"collective_d3","collective",3,72,708673,"MST",0.3,0.619047619047619,0.45952380952381,0.130434782608696,75,-1,"ok","-"
"collective_d3","collective",3,72,708673,"ODIN",0,0.957671957671958,0.478835978835979,0,8,-1,"ok","-"
"collective_d3","collective",3,72,708673,"iForest",0.4,0.973544973544973,0.686772486772487,0.408163265306122,9,-1,"ok","-"
"collective_d3","collective",3,73,708674,"U-MCCD",1,1,1,1,10,-1,"ok","-"
"collective_d3","collective",3,73,708674,"SU-MCCD",1,1,1,1,10,-1,"ok","-"
"collective_d3","collective",3,73,708674,"UN-MCCD",1,1,1,1,10,-1,"ok","-"
"collective_d3","collective",3,73,708674,"SUN-MCCD",0,1,0.5,0,0,-1,"ok","-"
"collective_d3","collective",3,73,708674,"LOF",0,1,0.5,0,0,-1,"ok","-"
"collective_d3","collective",3,73,708674,"DBSCAN",0,1,0.5,0,0,-1,"ok","-"
"collective_d3","collective",3,73,708674,"MST",0.3,0.619047619047619,0.45952380952381,0.130434782608696,75,-1,"ok","-"
"collective_d3","collective",3,73,708674,"ODIN",0,0.973544973544973,0.486772486772487,0,5,-1,"ok","-"
"collective_d3","collective",3,73,708674,"iForest",0.1,0.968253968253968,0.534126984126984,0.106382978723404,7,-1,"ok","-"
"collective_d3","collective",3,74,708675,"U-MCCD",0,0.994708994708995,0.497354497354497,0,1,-1,"ok","-"
"collective_d3","collective",3,74,708675,"SU-MCCD",0,1,0.5,0,0,-1,"ok","-"
"collective_d3","collective",3,74,708675,"UN-MCCD",0,0.989417989417989,0.494708994708995,0,2,-1,"ok","-"
"collective_d3","collective",3,74,708675,"SUN-MCCD",0,1,0.5,0,0,-1,"ok","-"
"collective_d3","collective",3,74,708675,"LOF",0,1,0.5,0,0,-1,"ok","-"
"collective_d3","collective",3,74,708675,"DBSCAN",0,1,0.5,0,0,-1,"ok","-"
"collective_d3","collective",3,74,708675,"MST",0.2,0.603174603174603,0.401587301587302,0.0854700854700855,77,-1,"ok","-"
"collective_d3","collective",3,74,708675,"ODIN",0,0.941798941798942,0.470899470899471,0,11,-1,"ok","-"
"collective_d3","collective",3,74,708675,"iForest",0.3,0.984126984126984,0.642063492063492,0.326086956521739,6,-1,"ok","-"
"collective_d3","collective",3,75,708676,"U-MCCD",0,1,0.5,0,0,-1,"ok","-"
"collective_d3","collective",3,75,708676,"SU-MCCD",0,1,0.5,0,0,-1,"ok","-"
"collective_d3","collective",3,75,708676,"UN-MCCD",0,1,0.5,0,0,-1,"ok","-"
"collective_d3","collective",3,75,708676,"SUN-MCCD",0.1,0.994708994708995,0.547354497354497,0.119047619047619,2,-1,"ok","-"
"collective_d3","collective",3,75,708676,"LOF",0,1,0.5,0,0,-1,"ok","-"
"collective_d3","collective",3,75,708676,"DBSCAN",0,0.994708994708995,0.497354497354497,0,1,-1,"ok","-"
"collective_d3","collective",3,75,708676,"MST",0.4,0.587301587301587,0.493650793650794,0.163934426229508,82,-1,"ok","-"
"collective_d3","collective",3,75,708676,"ODIN",0,0.989417989417989,0.494708994708995,0,2,-1,"ok","-"
"collective_d3","collective",3,75,708676,"iForest",0.3,0.968253968253968,0.634126984126984,0.306122448979592,9,-1,"ok","-"
"collective_d3","collective",3,76,708677,"U-MCCD",1,1,1,1,10,-1,"ok","-"
"collective_d3","collective",3,76,708677,"SU-MCCD",0,1,0.5,0,0,-1,"ok","-"
"collective_d3","collective",3,76,708677,"UN-MCCD",1,0.989417989417989,0.994708994708995,0.961538461538461,12,-1,"ok","-"
"collective_d3","collective",3,76,708677,"SUN-MCCD",0,1,0.5,0,0,-1,"ok","-"
"collective_d3","collective",3,76,708677,"LOF",0,1,0.5,0,0,-1,"ok","-"
"collective_d3","collective",3,76,708677,"DBSCAN",0,1,0.5,0,0,-1,"ok","-"
"collective_d3","collective",3,76,708677,"MST",0.4,0.714285714285714,0.557142857142857,0.204081632653061,58,-1,"ok","-"
"collective_d3","collective",3,76,708677,"ODIN",0,0.973544973544973,0.486772486772487,0,5,-1,"ok","-"
"collective_d3","collective",3,76,708677,"iForest",0.2,0.952380952380952,0.576190476190476,0.196078431372549,11,-1,"ok","-"
"collective_d3","collective",3,77,708678,"U-MCCD",0,1,0.5,0,0,-1,"ok","-"
"collective_d3","collective",3,77,708678,"SU-MCCD",0,1,0.5,0,0,-1,"ok","-"
"collective_d3","collective",3,77,708678,"UN-MCCD",0,1,0.5,0,0,-1,"ok","-"
"collective_d3","collective",3,77,708678,"SUN-MCCD",0,1,0.5,0,0,-1,"ok","-"
"collective_d3","collective",3,77,708678,"LOF",0,1,0.5,0,0,-1,"ok","-"
"collective_d3","collective",3,77,708678,"DBSCAN",0,0.994708994708995,0.497354497354497,0,1,-1,"ok","-"
"collective_d3","collective",3,77,708678,"MST",0.4,0.560846560846561,0.48042328042328,0.15748031496063,87,-1,"ok","-"
"collective_d3","collective",3,77,708678,"ODIN",0,0.968253968253968,0.484126984126984,0,6,-1,"ok","-"
"collective_d3","collective",3,77,708678,"iForest",0.1,0.952380952380952,0.526190476190476,0.1,10,-1,"ok","-"
"collective_d3","collective",3,78,708679,"U-MCCD",0,0.989417989417989,0.494708994708995,0,2,-1,"ok","-"
"collective_d3","collective",3,78,708679,"SU-MCCD",0,1,0.5,0,0,-1,"ok","-"
"collective_d3","collective",3,78,708679,"UN-MCCD",0.1,0.984126984126984,0.542063492063492,0.113636363636364,4,-1,"ok","-"
"collective_d3","collective",3,78,708679,"SUN-MCCD",0.1,1,0.55,0.121951219512195,1,-1,"ok","-"
"collective_d3","collective",3,78,708679,"LOF",0,1,0.5,0,0,-1,"ok","-"
"collective_d3","collective",3,78,708679,"DBSCAN",0,1,0.5,0,0,-1,"ok","-"
"collective_d3","collective",3,78,708679,"MST",0.1,0.608465608465608,0.354232804232804,0.0434782608695652,75,-1,"ok","-"
"collective_d3","collective",3,78,708679,"ODIN",0,0.957671957671958,0.478835978835979,0,8,-1,"ok","-"
"collective_d3","collective",3,78,708679,"iForest",0,0.941798941798942,0.470899470899471,0,11,-1,"ok","-"
"collective_d3","collective",3,79,708680,"U-MCCD",0.2,1,0.6,0.238095238095238,2,-1,"ok","-"
"collective_d3","collective",3,79,708680,"SU-MCCD",0.3,1,0.65,0.348837209302326,3,-1,"ok","-"
"collective_d3","collective",3,79,708680,"UN-MCCD",0.3,1,0.65,0.348837209302326,3,-1,"ok","-"
"collective_d3","collective",3,79,708680,"SUN-MCCD",0.3,1,0.65,0.348837209302326,3,-1,"ok","-"
"collective_d3","collective",3,79,708680,"LOF",0.1,1,0.55,0.121951219512195,1,-1,"ok","-"
"collective_d3","collective",3,79,708680,"DBSCAN",0,1,0.5,0,0,-1,"ok","-"
"collective_d3","collective",3,79,708680,"MST",0.2,0.671957671957672,0.435978835978836,0.0961538461538461,64,-1,"ok","-"
"collective_d3","collective",3,79,708680,"ODIN",0,0.984126984126984,0.492063492063492,0,3,-1,"ok","-"
"collective_d3","collective",3,79,708680,"iForest",0.5,0.984126984126984,0.742063492063492,0.520833333333333,8,-1,"ok","-"
"collective_d3","collective",3,80,708681,"U-MCCD",1,0.957671957671958,0.978835978835979,0.862068965517241,18,-1,"ok","-"
"collective_d3","collective",3,80,708681,"SU-MCCD",0,0.984126984126984,0.492063492063492,0,3,-1,"ok","-"
"collective_d3","collective",3,80,708681,"UN-MCCD",1,1,1,1,10,-1,"ok","-"
"collective_d3","collective",3,80,708681,"SUN-MCCD",1,1,1,1,10,-1,"ok","-"
"collective_d3","collective",3,80,708681,"LOF",0.1,1,0.55,0.121951219512195,1,-1,"ok","-"
"collective_d3","collective",3,80,708681,"DBSCAN",0,0.994708994708995,0.497354497354497,0,1,-1,"ok","-"
"collective_d3","collective",3,80,708681,"MST",0.2,0.634920634920635,0.417460317460317,0.0900900900900901,71,-1,"ok","-"
"collective_d3","collective",3,80,708681,"ODIN",0,0.957671957671958,0.478835978835979,0,8,-1,"ok","-"
"collective_d3","collective",3,80,708681,"iForest",0.8,0.978835978835979,0.889417989417989,0.769230769230769,12,-1,"ok","-"
"collective_d3","collective",3,81,708682,"U-MCCD",1,0.994708994708995,0.997354497354497,0.980392156862745,11,-1,"ok","-"
"collective_d3","collective",3,81,708682,"SU-MCCD",0,1,0.5,0,0,-1,"ok","-"
"collective_d3","collective",3,81,708682,"UN-MCCD",1,0.994708994708995,0.997354497354497,0.980392156862745,11,-1,"ok","-"
"collective_d3","collective",3,81,708682,"SUN-MCCD",0,1,0.5,0,0,-1,"ok","-"
"collective_d3","collective",3,81,708682,"LOF",0,1,0.5,0,0,-1,"ok","-"
"collective_d3","collective",3,81,708682,"DBSCAN",0,1,0.5,0,0,-1,"ok","-"
"collective_d3","collective",3,81,708682,"MST",0.2,0.634920634920635,0.417460317460317,0.0900900900900901,71,-1,"ok","-"
"collective_d3","collective",3,81,708682,"ODIN",0,0.978835978835979,0.489417989417989,0,4,-1,"ok","-"
"collective_d3","collective",3,81,708682,"iForest",0.2,0.947089947089947,0.573544973544974,0.192307692307692,12,-1,"ok","-"
"collective_d3","collective",3,82,708683,"U-MCCD",0,1,0.5,0,0,-1,"ok","-"
"collective_d3","collective",3,82,708683,"SU-MCCD",0,1,0.5,0,0,-1,"ok","-"
"collective_d3","collective",3,82,708683,"UN-MCCD",0,1,0.5,0,0,-1,"ok","-"
"collective_d3","collective",3,82,708683,"SUN-MCCD",0,1,0.5,0,0,-1,"ok","-"
"collective_d3","collective",3,82,708683,"LOF",0,1,0.5,0,0,-1,"ok","-"
"collective_d3","collective",3,82,708683,"DBSCAN",0,1,0.5,0,0,-1,"ok","-"
"collective_d3","collective",3,82,708683,"MST",0.3,0.634920634920635,0.467460317460317,0.133928571428571,72,-1,"ok","-"
"collective_d3","collective",3,82,708683,"ODIN",0,0.968253968253968,0.484126984126984,0,6,-1,"ok","-"
"collective_d3","collective",3,82,708683,"iForest",0.5,0.984126984126984,0.742063492063492,0.520833333333333,8,-1,"ok","-"
"collective_d3","collective",3,83,708684,"U-MCCD",0,0.984126984126984,0.492063492063492,0,3,-1,"ok","-"
"collective_d3","collective",3,83,708684,"SU-MCCD",0,1,0.5,0,0,-1,"ok","-"
"collective_d3","collective",3,83,708684,"UN-MCCD",0.6,0.994708994708995,0.797354497354497,0.638297872340425,7,-1,"ok","-"
"collective_d3","collective",3,83,708684,"SUN-MCCD",0.6,1,0.8,0.652173913043478,6,-1,"ok","-"
"collective_d3","collective",3,83,708684,"LOF",0,1,0.5,0,0,-1,"ok","-"
"collective_d3","collective",3,83,708684,"DBSCAN",0,1,0.5,0,0,-1,"ok","-"
"collective_d3","collective",3,83,708684,"MST",0.5,0.566137566137566,0.533068783068783,0.196850393700787,87,-1,"ok","-"
"collective_d3","collective",3,83,708684,"ODIN",0,0.978835978835979,0.489417989417989,0,4,-1,"ok","-"
"collective_d3","collective",3,83,708684,"iForest",0,0.957671957671958,0.478835978835979,0,8,-1,"ok","-"
"collective_d3","collective",3,84,708685,"U-MCCD",0,0.973544973544973,0.486772486772487,0,5,-1,"ok","-"
"collective_d3","collective",3,84,708685,"SU-MCCD",0,1,0.5,0,0,-1,"ok","-"
"collective_d3","collective",3,84,708685,"UN-MCCD",0,1,0.5,0,0,-1,"ok","-"
"collective_d3","collective",3,84,708685,"SUN-MCCD",0,1,0.5,0,0,-1,"ok","-"
"collective_d3","collective",3,84,708685,"LOF",0.1,1,0.55,0.121951219512195,1,-1,"ok","-"
"collective_d3","collective",3,84,708685,"DBSCAN",0,0.994708994708995,0.497354497354497,0,1,-1,"ok","-"
"collective_d3","collective",3,84,708685,"MST",0.1,0.53968253968254,0.31984126984127,0.0390625,88,-1,"ok","-"
"collective_d3","collective",3,84,708685,"ODIN",0,0.957671957671958,0.478835978835979,0,8,-1,"ok","-"
"collective_d3","collective",3,84,708685,"iForest",0.2,0.915343915343915,0.557671957671958,0.172413793103448,18,-1,"ok","-"
"collective_d3","collective",3,85,708686,"U-MCCD",1,1,1,1,10,-1,"ok","-"
"collective_d3","collective",3,85,708686,"SU-MCCD",0,1,0.5,0,0,-1,"ok","-"
"collective_d3","collective",3,85,708686,"UN-MCCD",1,0.984126984126984,0.992063492063492,0.943396226415094,13,-1,"ok","-"
"collective_d3","collective",3,85,708686,"SUN-MCCD",0,1,0.5,0,0,-1,"ok","-"
"collective_d3","collective",3,85,708686,"LOF",0,1,0.5,0,0,-1,"ok","-"
"collective_d3","collective",3,85,708686,"DBSCAN",0,0.994708994708995,0.497354497354497,0,1,-1,"ok","-"
"collective_d3","collective",3,85,708686,"MST",0.2,0.634920634920635,0.417460317460317,0.0900900900900901,71,-1,"ok","-"
"collective_d3","collective",3,85,708686,"ODIN",0,0.962962962962963,0.481481481481481,0,7,-1,"ok","-"
"collective_d3","collective",3,85,708686,"iForest",0.3,0.947089947089947,0.623544973544974,0.283018867924528,13,-1,"ok","-"
"collective_d3","collective",3,86,708687,"U-MCCD",0,1,0.5,0,0,-1,"ok","-"
"collective_d3","collective",3,86,708687,"SU-MCCD",0,1,0.5,0,0,-1,"ok","-"
"collective_d3","collective",3,86,708687,"UN-MCCD",0,0.989417989417989,0.494708994708995,0,2,-1,"ok","-"
"collective_d3","collective",3,86,708687,"SUN-MCCD",0,1,0.5,0,0,-1,"ok","-"
"collective_d3","collective",3,86,708687,"LOF",0.2,1,0.6,0.238095238095238,2,-1,"ok","-"
"collective_d3","collective",3,86,708687,"DBSCAN",0,1,0.5,0,0,-1,"ok","-"
"collective_d3","collective",3,86,708687,"MST",0.1,0.619047619047619,0.35952380952381,0.0442477876106195,73,-1,"ok","-"
"collective_d3","collective",3,86,708687,"ODIN",0,0.973544973544973,0.486772486772487,0,5,-1,"ok","-"
"collective_d3","collective",3,86,708687,"iForest",0.3,0.941798941798942,0.620899470899471,0.277777777777778,14,-1,"ok","-"
"collective_d3","collective",3,87,708688,"U-MCCD",1,0.984126984126984,0.992063492063492,0.943396226415094,13,-1,"ok","-"
"collective_d3","collective",3,87,708688,"SU-MCCD",0,1,0.5,0,0,-1,"ok","-"
"collective_d3","collective",3,87,708688,"UN-MCCD",1,1,1,1,10,-1,"ok","-"
"collective_d3","collective",3,87,708688,"SUN-MCCD",1,1,1,1,10,-1,"ok","-"
"collective_d3","collective",3,87,708688,"LOF",0.2,1,0.6,0.238095238095238,2,-1,"ok","-"
"collective_d3","collective",3,87,708688,"DBSCAN",0,0.994708994708995,0.497354497354497,0,1,-1,"ok","-"
"collective_d3","collective",3,87,708688,"MST",0.4,0.560846560846561,0.48042328042328,0.15748031496063,87,-1,"ok","-"
"collective_d3","collective",3,87,708688,"ODIN",0,0.952380952380952,0.476190476190476,0,9,-1,"ok","-"
"collective_d3","collective",3,87,708688,"iForest",0.6,0.947089947089947,0.773544973544974,0.535714285714286,16,-1,"ok","-"
"collective_d3","collective",3,88,708689,"U-MCCD",0,0.994708994708995,0.497354497354497,0,1,-1,"ok","-"
"collective_d3","collective",3,88,708689,"SU-MCCD",0,0.989417989417989,0.494708994708995,0,2,-1,"ok","-"
"collective_d3","collective",3,88,708689,"UN-MCCD",0,1,0.5,0,0,-1,"ok","-"
"collective_d3","collective",3,88,708689,"SUN-MCCD",0,1,0.5,0,0,-1,"ok","-"
"collective_d3","collective",3,88,708689,"LOF",0,1,0.5,0,0,-1,"ok","-"
"collective_d3","collective",3,88,708689,"DBSCAN",0,1,0.5,0,0,-1,"ok","-"
"collective_d3","collective",3,88,708689,"MST",0.6,0.714285714285714,0.657142857142857,0.3,60,-1,"ok","-"
"collective_d3","collective",3,88,708689,"ODIN",0,0.947089947089947,0.473544973544974,0,10,-1,"ok","-"
"collective_d3","collective",3,88,708689,"iForest",0.2,0.962962962962963,0.581481481481481,0.204081632653061,9,-1,"ok","-"
"collective_d3","collective",3,89,708690,"U-MCCD",1,1,1,1,10,-1,"ok","-"
"collective_d3","collective",3,89,708690,"SU-MCCD",1,1,1,1,10,-1,"ok","-"
"collective_d3","collective",3,89,708690,"UN-MCCD",1,0.994708994708995,0.997354497354497,0.980392156862745,11,-1,"ok","-"
"collective_d3","collective",3,89,708690,"SUN-MCCD",1,1,1,1,10,-1,"ok","-"
"collective_d3","collective",3,89,708690,"LOF",0,1,0.5,0,0,-1,"ok","-"
"collective_d3","collective",3,89,708690,"DBSCAN",0,1,0.5,0,0,-1,"ok","-"
"collective_d3","collective",3,89,708690,"MST",0.6,0.608465608465608,0.604232804232804,0.25,80,-1,"ok","-"
"collective_d3","collective",3,89,708690,"ODIN",0,0.984126984126984,0.492063492063492,0,3,-1,"ok","-"
"collective_d3","collective",3,89,708690,"iForest",0.1,0.984126984126984,0.542063492063492,0.113636363636364,4,-1,"ok","-"
"collective_d3","collective",3,90,708691,"U-MCCD",1,0.989417989417989,0.994708994708995,0.961538461538461,12,-1,"ok","-"
"collective_d3","collective",3,90,708691,"SU-MCCD",0,1,0.5,0,0,-1,"ok","-"
"collective_d3","collective",3,90,708691,"UN-MCCD",1,1,1,1,10,-1,"ok","-"
"collective_d3","collective",3,90,708691,"SUN-MCCD",0,1,0.5,0,0,-1,"ok","-"
"collective_d3","collective",3,90,708691,"LOF",0,1,0.5,0,0,-1,"ok","-"
"collective_d3","collective",3,90,708691,"DBSCAN",0,1,0.5,0,0,-1,"ok","-"
"collective_d3","collective",3,90,708691,"MST",0.3,0.698412698412698,0.499206349206349,0.15,60,-1,"ok","-"
"collective_d3","collective",3,90,708691,"ODIN",0,0.984126984126984,0.492063492063492,0,3,-1,"ok","-"
"collective_d3","collective",3,90,708691,"iForest",0.7,0.968253968253968,0.834126984126984,0.660377358490566,13,-1,"ok","-"
"collective_d3","collective",3,91,708692,"U-MCCD",0,0.994708994708995,0.497354497354497,0,1,-1,"ok","-"
"collective_d3","collective",3,91,708692,"SU-MCCD",0,1,0.5,0,0,-1,"ok","-"
"collective_d3","collective",3,91,708692,"UN-MCCD",0,0.994708994708995,0.497354497354497,0,1,-1,"ok","-"
"collective_d3","collective",3,91,708692,"SUN-MCCD",0,1,0.5,0,0,-1,"ok","-"
"collective_d3","collective",3,91,708692,"LOF",0,1,0.5,0,0,-1,"ok","-"
"collective_d3","collective",3,91,708692,"DBSCAN",0,1,0.5,0,0,-1,"ok","-"
"collective_d3","collective",3,91,708692,"MST",0.4,0.603174603174603,0.501587301587302,0.168067226890756,79,-1,"ok","-"
"collective_d3","collective",3,91,708692,"ODIN",0,0.973544973544973,0.486772486772487,0,5,-1,"ok","-"
"collective_d3","collective",3,91,708692,"iForest",0.5,0.989417989417989,0.744708994708995,0.531914893617021,7,-1,"ok","-"
"collective_d3","collective",3,92,708693,"U-MCCD",0,0.925925925925926,0.462962962962963,0,14,-1,"ok","-"
"collective_d3","collective",3,92,708693,"SU-MCCD",0,1,0.5,0,0,-1,"ok","-"
"collective_d3","collective",3,92,708693,"UN-MCCD",0,0.941798941798942,0.470899470899471,0,11,-1,"ok","-"
"collective_d3","collective",3,92,708693,"SUN-MCCD",0,0.973544973544973,0.486772486772487,0,5,-1,"ok","-"
"collective_d3","collective",3,92,708693,"LOF",0,1,0.5,0,0,-1,"ok","-"
"collective_d3","collective",3,92,708693,"DBSCAN",0,0.994708994708995,0.497354497354497,0,1,-1,"ok","-"
"collective_d3","collective",3,92,708693,"MST",0.2,0.53968253968254,0.36984126984127,0.0775193798449612,89,-1,"ok","-"
"collective_d3","collective",3,92,708693,"ODIN",0,0.962962962962963,0.481481481481481,0,7,-1,"ok","-"
"collective_d3","collective",3,92,708693,"iForest",0.4,0.936507936507937,0.668253968253968,0.357142857142857,16,-1,"ok","-"
"collective_d3","collective",3,93,708694,"U-MCCD",1,0.989417989417989,0.994708994708995,0.961538461538461,12,-1,"ok","-"
"collective_d3","collective",3,93,708694,"SU-MCCD",1,1,1,1,10,-1,"ok","-"
"collective_d3","collective",3,93,708694,"UN-MCCD",1,1,1,1,10,-1,"ok","-"
"collective_d3","collective",3,93,708694,"SUN-MCCD",1,0.989417989417989,0.994708994708995,0.961538461538461,12,-1,"ok","-"
"collective_d3","collective",3,93,708694,"LOF",0.3,1,0.65,0.348837209302326,3,-1,"ok","-"
"collective_d3","collective",3,93,708694,"DBSCAN",0,1,0.5,0,0,-1,"ok","-"
"collective_d3","collective",3,93,708694,"MST",0.2,0.608465608465608,0.404232804232804,0.0862068965517241,76,-1,"ok","-"
"collective_d3","collective",3,93,708694,"ODIN",0,0.947089947089947,0.473544973544974,0,10,-1,"ok","-"
"collective_d3","collective",3,93,708694,"iForest",0.5,0.962962962962963,0.731481481481481,0.480769230769231,12,-1,"ok","-"
"collective_d3","collective",3,94,708695,"U-MCCD",0.2,0.989417989417989,0.594708994708995,0.227272727272727,4,-1,"ok","-"
"collective_d3","collective",3,94,708695,"SU-MCCD",0.1,1,0.55,0.121951219512195,1,-1,"ok","-"
"collective_d3","collective",3,94,708695,"UN-MCCD",0.1,0.994708994708995,0.547354497354497,0.119047619047619,2,-1,"ok","-"
"collective_d3","collective",3,94,708695,"SUN-MCCD",0.1,1,0.55,0.121951219512195,1,-1,"ok","-"
"collective_d3","collective",3,94,708695,"LOF",0.1,1,0.55,0.121951219512195,1,-1,"ok","-"
"collective_d3","collective",3,94,708695,"DBSCAN",0,1,0.5,0,0,-1,"ok","-"
"collective_d3","collective",3,94,708695,"MST",0.6,0.687830687830688,0.643915343915344,0.285714285714286,65,-1,"ok","-"
"collective_d3","collective",3,94,708695,"ODIN",0.1,0.968253968253968,0.534126984126984,0.106382978723404,7,-1,"ok","-"
"collective_d3","collective",3,94,708695,"iForest",0.4,0.941798941798942,0.670899470899471,0.363636363636364,15,-1,"ok","-"
"collective_d3","collective",3,95,708696,"U-MCCD",1,1,1,1,10,-1,"ok","-"
"collective_d3","collective",3,95,708696,"SU-MCCD",0.5,1,0.75,0.555555555555556,5,-1,"ok","-"
"collective_d3","collective",3,95,708696,"UN-MCCD",0.1,1,0.55,0.121951219512195,1,-1,"ok","-"
"collective_d3","collective",3,95,708696,"SUN-MCCD",0.1,1,0.55,0.121951219512195,1,-1,"ok","-"
"collective_d3","collective",3,95,708696,"LOF",0,1,0.5,0,0,-1,"ok","-"
"collective_d3","collective",3,95,708696,"DBSCAN",0,1,0.5,0,0,-1,"ok","-"
"collective_d3","collective",3,95,708696,"MST",0.2,0.661375661375661,0.430687830687831,0.0943396226415094,66,-1,"ok","-"
"collective_d3","collective",3,95,708696,"ODIN",0,0.984126984126984,0.492063492063492,0,3,-1,"ok","-"
"collective_d3","collective",3,95,708696,"iForest",0,0.952380952380952,0.476190476190476,0,9,-1,"ok","-"
"collective_d3","collective",3,96,708697,"U-MCCD",0,1,0.5,0,0,-1,"ok","-"
"collective_d3","collective",3,96,708697,"SU-MCCD",0,1,0.5,0,0,-1,"ok","-"
"collective_d3","collective",3,96,708697,"UN-MCCD",0,1,0.5,0,0,-1,"ok","-"
"collective_d3","collective",3,96,708697,"SUN-MCCD",0,1,0.5,0,0,-1,"ok","-"
"collective_d3","collective",3,96,708697,"LOF",0,1,0.5,0,0,-1,"ok","-"
"collective_d3","collective",3,96,708697,"DBSCAN",0,1,0.5,0,0,-1,"ok","-"
"collective_d3","collective",3,96,708697,"MST",0.6,0.582010582010582,0.591005291005291,0.24,85,-1,"ok","-"
"collective_d3","collective",3,96,708697,"ODIN",0,0.978835978835979,0.489417989417989,0,4,-1,"ok","-"
"collective_d3","collective",3,96,708697,"iForest",0.4,0.973544973544973,0.686772486772487,0.408163265306122,9,-1,"ok","-"
"collective_d3","collective",3,97,708698,"U-MCCD",1,0.978835978835979,0.989417989417989,0.925925925925926,14,-1,"ok","-"
"collective_d3","collective",3,97,708698,"SU-MCCD",0,1,0.5,0,0,-1,"ok","-"
"collective_d3","collective",3,97,708698,"UN-MCCD",0,0.989417989417989,0.494708994708995,0,2,-1,"ok","-"
"collective_d3","collective",3,97,708698,"SUN-MCCD",0,0.994708994708995,0.497354497354497,0,1,-1,"ok","-"
"collective_d3","collective",3,97,708698,"LOF",0,1,0.5,0,0,-1,"ok","-"
"collective_d3","collective",3,97,708698,"DBSCAN",0,1,0.5,0,0,-1,"ok","-"
"collective_d3","collective",3,97,708698,"MST",0.6,0.62962962962963,0.614814814814815,0.258620689655172,76,-1,"ok","-"
"collective_d3","collective",3,97,708698,"ODIN",0,0.984126984126984,0.492063492063492,0,3,-1,"ok","-"
"collective_d3","collective",3,97,708698,"iForest",0.5,0.989417989417989,0.744708994708995,0.531914893617021,7,-1,"ok","-"
"collective_d3","collective",3,98,708699,"U-MCCD",0,0.978835978835979,0.489417989417989,0,4,-1,"ok","-"
"collective_d3","collective",3,98,708699,"SU-MCCD",0,1,0.5,0,0,-1,"ok","-"
"collective_d3","collective",3,98,708699,"UN-MCCD",0,1,0.5,0,0,-1,"ok","-"
"collective_d3","collective",3,98,708699,"SUN-MCCD",0,1,0.5,0,0,-1,"ok","-"
"collective_d3","collective",3,98,708699,"LOF",0,1,0.5,0,0,-1,"ok","-"
"collective_d3","collective",3,98,708699,"DBSCAN",0,1,0.5,0,0,-1,"ok","-"
"collective_d3","collective",3,98,708699,"MST",0.3,0.650793650793651,0.475396825396825,0.137614678899083,69,-1,"ok","-"
"collective_d3","collective",3,98,708699,"ODIN",0,0.968253968253968,0.484126984126984,0,6,-1,"ok","-"
"collective_d3","collective",3,98,708699,"iForest",0.3,0.973544973544973,0.636772486772487,0.3125,8,-1,"ok","-"
"collective_d3","collective",3,99,708700,"U-MCCD",0,0.989417989417989,0.494708994708995,0,2,-1,"ok","-"
"collective_d3","collective",3,99,708700,"SU-MCCD",0,1,0.5,0,0,-1,"ok","-"
"collective_d3","collective",3,99,708700,"UN-MCCD",0,1,0.5,0,0,-1,"ok","-"
"collective_d3","collective",3,99,708700,"SUN-MCCD",0,1,0.5,0,0,-1,"ok","-"
"collective_d3","collective",3,99,708700,"LOF",0,1,0.5,0,0,-1,"ok","-"
"collective_d3","collective",3,99,708700,"DBSCAN",0,1,0.5,0,0,-1,"ok","-"
"collective_d3","collective",3,99,708700,"MST",0,0.608465608465608,0.304232804232804,0,74,-1,"ok","-"
"collective_d3","collective",3,99,708700,"ODIN",0,0.984126984126984,0.492063492063492,0,3,-1,"ok","-"
"collective_d3","collective",3,99,708700,"iForest",0,0.962962962962963,0.481481481481481,0,7,-1,"ok","-"
"collective_d3","collective",3,100,708701,"U-MCCD",0,0.989417989417989,0.494708994708995,0,2,-1,"ok","-"
"collective_d3","collective",3,100,708701,"SU-MCCD",0,1,0.5,0,0,-1,"ok","-"
"collective_d3","collective",3,100,708701,"UN-MCCD",0,1,0.5,0,0,-1,"ok","-"
"collective_d3","collective",3,100,708701,"SUN-MCCD",0,1,0.5,0,0,-1,"ok","-"
"collective_d3","collective",3,100,708701,"LOF",0,1,0.5,0,0,-1,"ok","-"
"collective_d3","collective",3,100,708701,"DBSCAN",0,0.994708994708995,0.497354497354497,0,1,-1,"ok","-"
"collective_d3","collective",3,100,708701,"MST",0.1,0.608465608465608,0.354232804232804,0.0434782608695652,75,-1,"ok","-"
"collective_d3","collective",3,100,708701,"ODIN",0,0.973544973544973,0.486772486772487,0,5,-1,"ok","-"
"collective_d3","collective",3,100,708701,"iForest",0.3,0.968253968253968,0.634126984126984,0.306122448979592,9,-1,"ok","-"
"collective_d10","collective",10,1,808602,"U-MCCD",1,0.957671957671958,0.978835978835979,0.862068965517241,18,-1,"ok","-"
"collective_d10","collective",10,1,808602,"SU-MCCD",1,1,1,1,10,-1,"ok","-"
"collective_d10","collective",10,1,808602,"UN-MCCD",1,0.984126984126984,0.992063492063492,0.943396226415094,13,-1,"ok","-"
"collective_d10","collective",10,1,808602,"SUN-MCCD",1,0.994708994708995,0.997354497354497,0.980392156862745,11,-1,"ok","-"
"collective_d10","collective",10,1,808602,"LOF",0,1,0.5,0,0,-1,"ok","-"
"collective_d10","collective",10,1,808602,"DBSCAN",0,1,0.5,0,0,-1,"ok","-"
"collective_d10","collective",10,1,808602,"MST",0.5,0.883597883597884,0.691798941798942,0.373134328358209,27,-1,"ok","-"
"collective_d10","collective",10,1,808602,"ODIN",0,0.984126984126984,0.492063492063492,0,3,-1,"ok","-"
"collective_d10","collective",10,1,808602,"iForest",0.5,1,0.75,0.555555555555556,5,-1,"ok","-"
"collective_d10","collective",10,2,808603,"U-MCCD",1,1,1,1,10,-1,"ok","-"
"collective_d10","collective",10,2,808603,"SU-MCCD",1,1,1,1,10,-1,"ok","-"
"collective_d10","collective",10,2,808603,"UN-MCCD",1,1,1,1,10,-1,"ok","-"
"collective_d10","collective",10,2,808603,"SUN-MCCD",0,1,0.5,0,0,-1,"ok","-"
"collective_d10","collective",10,2,808603,"LOF",0,1,0.5,0,0,-1,"ok","-"
"collective_d10","collective",10,2,808603,"DBSCAN",0,1,0.5,0,0,-1,"ok","-"
"collective_d10","collective",10,2,808603,"MST",0.3,0.873015873015873,0.586507936507937,0.223880597014925,27,-1,"ok","-"
"collective_d10","collective",10,2,808603,"ODIN",0,0.984126984126984,0.492063492063492,0,3,-1,"ok","-"
"collective_d10","collective",10,2,808603,"iForest",0.4,1,0.7,0.454545454545455,4,-1,"ok","-"
"collective_d10","collective",10,3,808604,"U-MCCD",0,0.973544973544973,0.486772486772487,0,5,-1,"ok","-"
"collective_d10","collective",10,3,808604,"SU-MCCD",0,1,0.5,0,0,-1,"ok","-"
"collective_d10","collective",10,3,808604,"UN-MCCD",0,0.994708994708995,0.497354497354497,0,1,-1,"ok","-"
"collective_d10","collective",10,3,808604,"SUN-MCCD",1,1,1,1,10,-1,"ok","-"
"collective_d10","collective",10,3,808604,"LOF",0,1,0.5,0,0,-1,"ok","-"
"collective_d10","collective",10,3,808604,"DBSCAN",0,1,0.5,0,0,-1,"ok","-"
"collective_d10","collective",10,3,808604,"MST",0.2,0.888888888888889,0.544444444444444,0.158730158730159,23,-1,"ok","-"
"collective_d10","collective",10,3,808604,"ODIN",0,0.973544973544973,0.486772486772487,0,5,-1,"ok","-"
"collective_d10","collective",10,3,808604,"iForest",0.1,1,0.55,0.121951219512195,1,-1,"ok","-"
"collective_d10","collective",10,4,808605,"U-MCCD",0,1,0.5,0,0,-1,"ok","-"
"collective_d10","collective",10,4,808605,"SU-MCCD",1,1,1,1,10,-1,"ok","-"
"collective_d10","collective",10,4,808605,"UN-MCCD",1,0.968253968253968,0.984126984126984,0.892857142857143,16,-1,"ok","-"
"collective_d10","collective",10,4,808605,"SUN-MCCD",0,1,0.5,0,0,-1,"ok","-"
"collective_d10","collective",10,4,808605,"LOF",0,1,0.5,0,0,-1,"ok","-"
"collective_d10","collective",10,4,808605,"DBSCAN",0,0.994708994708995,0.497354497354497,0,1,-1,"ok","-"
"collective_d10","collective",10,4,808605,"MST",0.3,0.915343915343915,0.607671957671958,0.254237288135593,19,-1,"ok","-"
"collective_d10","collective",10,4,808605,"ODIN",0,0.957671957671958,0.478835978835979,0,8,-1,"ok","-"
"collective_d10","collective",10,4,808605,"iForest",0.1,1,0.55,0.121951219512195,1,-1,"ok","-"
"collective_d10","collective",10,5,808606,"U-MCCD",1,0.973544973544973,0.986772486772487,0.909090909090909,15,-1,"ok","-"
"collective_d10","collective",10,5,808606,"SU-MCCD",1,0.994708994708995,0.997354497354497,0.980392156862745,11,-1,"ok","-"
"collective_d10","collective",10,5,808606,"UN-MCCD",0,0.973544973544973,0.486772486772487,0,5,-1,"ok","-"
"collective_d10","collective",10,5,808606,"SUN-MCCD",1,1,1,1,10,-1,"ok","-"
"collective_d10","collective",10,5,808606,"LOF",0,1,0.5,0,0,-1,"ok","-"
"collective_d10","collective",10,5,808606,"DBSCAN",0,0.994708994708995,0.497354497354497,0,1,-1,"ok","-"
"collective_d10","collective",10,5,808606,"MST",0,0.878306878306878,0.439153439153439,0,23,-1,"ok","-"
"collective_d10","collective",10,5,808606,"ODIN",0,0.952380952380952,0.476190476190476,0,9,-1,"ok","-"
"collective_d10","collective",10,5,808606,"iForest",0.1,1,0.55,0.121951219512195,1,-1,"ok","-"
"collective_d10","collective",10,6,808607,"U-MCCD",0,0.989417989417989,0.494708994708995,0,2,-1,"ok","-"
"collective_d10","collective",10,6,808607,"SU-MCCD",0,1,0.5,0,0,-1,"ok","-"
"collective_d10","collective",10,6,808607,"UN-MCCD",0,0.989417989417989,0.494708994708995,0,2,-1,"ok","-"
"collective_d10","collective",10,6,808607,"SUN-MCCD",0,1,0.5,0,0,-1,"ok","-"
"collective_d10","collective",10,6,808607,"LOF",0,1,0.5,0,0,-1,"ok","-"
"collective_d10","collective",10,6,808607,"DBSCAN",0,1,0.5,0,0,-1,"ok","-"
"collective_d10","collective",10,6,808607,"MST",0.3,0.915343915343915,0.607671957671958,0.254237288135593,19,-1,"ok","-"
"collective_d10","collective",10,6,808607,"ODIN",0,0.984126984126984,0.492063492063492,0,3,-1,"ok","-"
"collective_d10","collective",10,6,808607,"iForest",0.1,1,0.55,0.121951219512195,1,-1,"ok","-"
"collective_d10","collective",10,7,808608,"U-MCCD",1,0.962962962962963,0.981481481481481,0.87719298245614,17,-1,"ok","-"
"collective_d10","collective",10,7,808608,"SU-MCCD",0,0.978835978835979,0.489417989417989,0,4,-1,"ok","-"
"collective_d10","collective",10,7,808608,"UN-MCCD",0,1,0.5,0,0,-1,"ok","-"
"collective_d10","collective",10,7,808608,"SUN-MCCD",0,1,0.5,0,0,-1,"ok","-"
"collective_d10","collective",10,7,808608,"LOF",0,1,0.5,0,0,-1,"ok","-"
"collective_d10","collective",10,7,808608,"DBSCAN",0,1,0.5,0,0,-1,"ok","-"
"collective_d10","collective",10,7,808608,"MST",0,0.941798941798942,0.470899470899471,0,11,-1,"ok","-"
"collective_d10","collective",10,7,808608,"ODIN",0,0.968253968253968,0.484126984126984,0,6,-1,"ok","-"
"collective_d10","collective",10,7,808608,"iForest",0,1,0.5,0,0,-1,"ok","-"
"collective_d10","collective",10,8,808609,"U-MCCD",0,0.984126984126984,0.492063492063492,0,3,-1,"ok","-"
"collective_d10","collective",10,8,808609,"SU-MCCD",0,1,0.5,0,0,-1,"ok","-"
"collective_d10","collective",10,8,808609,"UN-MCCD",0,1,0.5,0,0,-1,"ok","-"
"collective_d10","collective",10,8,808609,"SUN-MCCD",0,1,0.5,0,0,-1,"ok","-"
"collective_d10","collective",10,8,808609,"LOF",0,1,0.5,0,0,-1,"ok","-"
"collective_d10","collective",10,8,808609,"DBSCAN",0,1,0.5,0,0,-1,"ok","-"
"collective_d10","collective",10,8,808609,"MST",0.2,0.941798941798942,0.570899470899471,0.188679245283019,13,-1,"ok","-"
"collective_d10","collective",10,8,808609,"ODIN",0,0.973544973544973,0.486772486772487,0,5,-1,"ok","-"
"collective_d10","collective",10,8,808609,"iForest",0.2,1,0.6,0.238095238095238,2,-1,"ok","-"
"collective_d10","collective",10,9,808610,"U-MCCD",1,0.883597883597884,0.941798941798942,0.694444444444444,32,-1,"ok","-"
"collective_d10","collective",10,9,808610,"SU-MCCD",1,0.973544973544973,0.986772486772487,0.909090909090909,15,-1,"ok","-"
"collective_d10","collective",10,9,808610,"UN-MCCD",1,1,1,1,10,-1,"ok","-"
"collective_d10","collective",10,9,808610,"SUN-MCCD",1,1,1,1,10,-1,"ok","-"
"collective_d10","collective",10,9,808610,"LOF",0,1,0.5,0,0,-1,"ok","-"
"collective_d10","collective",10,9,808610,"DBSCAN",0,1,0.5,0,0,-1,"ok","-"
"collective_d10","collective",10,9,808610,"MST",0.3,0.925925925925926,0.612962962962963,0.263157894736842,17,-1,"ok","-"
"collective_d10","collective",10,9,808610,"ODIN",0,0.989417989417989,0.494708994708995,0,2,-1,"ok","-"
"collective_d10","collective",10,9,808610,"iForest",0.1,1,0.55,0.121951219512195,1,-1,"ok","-"
"collective_d10","collective",10,10,808611,"U-MCCD",1,1,1,1,10,-1,"ok","-"
"collective_d10","collective",10,10,808611,"SU-MCCD",1,0.994708994708995,0.997354497354497,0.980392156862745,11,-1,"ok","-"
"collective_d10","collective",10,10,808611,"UN-MCCD",0,1,0.5,0,0,-1,"ok","-"
"collective_d10","collective",10,10,808611,"SUN-MCCD",0,1,0.5,0,0,-1,"ok","-"
"collective_d10","collective",10,10,808611,"LOF",0,1,0.5,0,0,-1,"ok","-"
"collective_d10","collective",10,10,808611,"DBSCAN",0,1,0.5,0,0,-1,"ok","-"
"collective_d10","collective",10,10,808611,"MST",0.2,0.925925925925926,0.562962962962963,0.178571428571429,16,-1,"ok","-"
"collective_d10","collective",10,10,808611,"ODIN",0,0.973544973544973,0.486772486772487,0,5,-1,"ok","-"
"collective_d10","collective",10,10,808611,"iForest",0.1,1,0.55,0.121951219512195,1,-1,"ok","-"
"collective_d10","collective",10,11,808612,"U-MCCD",1,0.973544973544973,0.986772486772487,0.909090909090909,15,-1,"ok","-"
"collective_d10","collective",10,11,808612,"SU-MCCD",1,1,1,1,10,-1,"ok","-"
"collective_d10","collective",10,11,808612,"UN-MCCD",1,1,1,1,10,-1,"ok","-"
"collective_d10","collective",10,11,808612,"SUN-MCCD",1,1,1,1,10,-1,"ok","-"
"collective_d10","collective",10,11,808612,"LOF",0,1,0.5,0,0,-1,"ok","-"
"collective_d10","collective",10,11,808612,"DBSCAN",0,1,0.5,0,0,-1,"ok","-"
"collective_d10","collective",10,11,808612,"MST",0.3,0.899470899470899,0.59973544973545,0.241935483870968,22,-1,"ok","-"
"collective_d10","collective",10,11,808612,"ODIN",0,0.978835978835979,0.489417989417989,0,4,-1,"ok","-"
"collective_d10","collective",10,11,808612,"iForest",0,1,0.5,0,0,-1,"ok","-"
"collective_d10","collective",10,12,808613,"U-MCCD",1,0.989417989417989,0.994708994708995,0.961538461538461,12,-1,"ok","-"
"collective_d10","collective",10,12,808613,"SU-MCCD",1,1,1,1,10,-1,"ok","-"
"collective_d10","collective",10,12,808613,"UN-MCCD",0,1,0.5,0,0,-1,"ok","-"
"collective_d10","collective",10,12,808613,"SUN-MCCD",0,1,0.5,0,0,-1,"ok","-"
"collective_d10","collective",10,12,808613,"LOF",0,1,0.5,0,0,-1,"ok","-"
"collective_d10","collective",10,12,808613,"DBSCAN",0,1,0.5,0,0,-1,"ok","-"
"collective_d10","collective",10,12,808613,"MST",0,0.925925925925926,0.462962962962963,0,14,-1,"ok","-"
"collective_d10","collective",10,12,808613,"ODIN",0,0.989417989417989,0.494708994708995,0,2,-1,"ok","-"
"collective_d10","collective",10,12,808613,"iForest",0,1,0.5,0,0,-1,"ok","-"
"collective_d10","collective",10,13,808614,"U-MCCD",0,0.962962962962963,0.481481481481481,0,7,-1,"ok","-"
"collective_d10","collective",10,13,808614,"SU-MCCD",0,1,0.5,0,0,-1,"ok","-"
"collective_d10","collective",10,13,808614,"UN-MCCD",0,1,0.5,0,0,-1,"ok","-"
"collective_d10","collective",10,13,808614,"SUN-MCCD",0,1,0.5,0,0,-1,"ok","-"
"collective_d10","collective",10,13,808614,"LOF",0,1,0.5,0,0,-1,"ok","-"
"collective_d10","collective",10,13,808614,"DBSCAN",0,1,0.5,0,0,-1,"ok","-"
"collective_d10","collective",10,13,808614,"MST",0,0.878306878306878,0.439153439153439,0,23,-1,"ok","-"
"collective_d10","collective",10,13,808614,"ODIN",0,0.947089947089947,0.473544973544974,0,10,-1,"ok","-"
"collective_d10","collective",10,13,808614,"iForest",0,1,0.5,0,0,-1,"ok","-"
"collective_d10","collective",10,14,808615,"U-MCCD",1,0.994708994708995,0.997354497354497,0.980392156862745,11,-1,"ok","-"
"collective_d10","collective",10,14,808615,"SU-MCCD",1,1,1,1,10,-1,"ok","-"
"collective_d10","collective",10,14,808615,"UN-MCCD",1,1,1,1,10,-1,"ok","-"
"collective_d10","collective",10,14,808615,"SUN-MCCD",1,1,1,1,10,-1,"ok","-"
"collective_d10","collective",10,14,808615,"LOF",0,1,0.5,0,0,-1,"ok","-"
"collective_d10","collective",10,14,808615,"DBSCAN",0,1,0.5,0,0,-1,"ok","-"
"collective_d10","collective",10,14,808615,"MST",0.2,0.936507936507937,0.568253968253968,0.185185185185185,14,-1,"ok","-"
"collective_d10","collective",10,14,808615,"ODIN",0,0.984126984126984,0.492063492063492,0,3,-1,"ok","-"
"collective_d10","collective",10,14,808615,"iForest",0,1,0.5,0,0,-1,"ok","-"
"collective_d10","collective",10,15,808616,"U-MCCD",1,0.984126984126984,0.992063492063492,0.943396226415094,13,-1,"ok","-"
"collective_d10","collective",10,15,808616,"SU-MCCD",1,1,1,1,10,-1,"ok","-"
"collective_d10","collective",10,15,808616,"UN-MCCD",1,1,1,1,10,-1,"ok","-"
"collective_d10","collective",10,15,808616,"SUN-MCCD",1,1,1,1,10,-1,"ok","-"
"collective_d10","collective",10,15,808616,"LOF",0,1,0.5,0,0,-1,"ok","-"
"collective_d10","collective",10,15,808616,"DBSCAN",0,1,0.5,0,0,-1,"ok","-"
"collective_d10","collective",10,15,808616,"MST",0.2,0.883597883597884,0.541798941798942,0.15625,24,-1,"ok","-"
"collective_d10","collective",10,15,808616,"ODIN",0,0.962962962962963,0.481481481481481,0,7,-1,"ok","-"
"collective_d10","collective",10,15,808616,"iForest",0,1,0.5,0,0,-1,"ok","-"
"collective_d10","collective",10,16,808617,"U-MCCD",1,0.941798941798942,0.970899470899471,0.819672131147541,21,-1,"ok","-"
"collective_d10","collective",10,16,808617,"SU-MCCD",1,0.994708994708995,0.997354497354497,0.980392156862745,11,-1,"ok","-"
"collective_d10","collective",10,16,808617,"UN-MCCD",1,0.984126984126984,0.992063492063492,0.943396226415094,13,-1,"ok","-"
"collective_d10","collective",10,16,808617,"SUN-MCCD",0,1,0.5,0,0,-1,"ok","-"
"collective_d10","collective",10,16,808617,"LOF",0,1,0.5,0,0,-1,"ok","-"
"collective_d10","collective",10,16,808617,"DBSCAN",0,0.994708994708995,0.497354497354497,0,1,-1,"ok","-"
"collective_d10","collective",10,16,808617,"MST",0.1,0.941798941798942,0.520899470899471,0.0961538461538461,12,-1,"ok","-"
"collective_d10","collective",10,16,808617,"ODIN",0,0.962962962962963,0.481481481481481,0,7,-1,"ok","-"
"collective_d10","collective",10,16,808617,"iForest",0.1,1,0.55,0.121951219512195,1,-1,"ok","-"
"collective_d10","collective",10,17,808618,"U-MCCD",0,0.994708994708995,0.497354497354497,0,1,-1,"ok","-"
"collective_d10","collective",10,17,808618,"SU-MCCD",0,0.984126984126984,0.492063492063492,0,3,-1,"ok","-"
"collective_d10","collective",10,17,808618,"UN-MCCD",0,1,0.5,0,0,-1,"ok","-"
"collective_d10","collective",10,17,808618,"SUN-MCCD",0,1,0.5,0,0,-1,"ok","-"
"collective_d10","collective",10,17,808618,"LOF",0,1,0.5,0,0,-1,"ok","-"
"collective_d10","collective",10,17,808618,"DBSCAN",0,0.994708994708995,0.497354497354497,0,1,-1,"ok","-"
"collective_d10","collective",10,17,808618,"MST",0.1,0.915343915343915,0.507671957671958,0.087719298245614,17,-1,"ok","-"
"collective_d10","collective",10,17,808618,"ODIN",0,0.973544973544973,0.486772486772487,0,5,-1,"ok","-"
"collective_d10","collective",10,17,808618,"iForest",0,1,0.5,0,0,-1,"ok","-"
"collective_d10","collective",10,18,808619,"U-MCCD",1,1,1,1,10,-1,"ok","-"
"collective_d10","collective",10,18,808619,"SU-MCCD",1,0.994708994708995,0.997354497354497,0.980392156862745,11,-1,"ok","-"
"collective_d10","collective",10,18,808619,"UN-MCCD",1,1,1,1,10,-1,"ok","-"
"collective_d10","collective",10,18,808619,"SUN-MCCD",1,1,1,1,10,-1,"ok","-"
"collective_d10","collective",10,18,808619,"LOF",0,1,0.5,0,0,-1,"ok","-"
"collective_d10","collective",10,18,808619,"DBSCAN",0,1,0.5,0,0,-1,"ok","-"
"collective_d10","collective",10,18,808619,"MST",0,0.915343915343915,0.457671957671958,0,16,-1,"ok","-"
"collective_d10","collective",10,18,808619,"ODIN",0,0.968253968253968,0.484126984126984,0,6,-1,"ok","-"
"collective_d10","collective",10,18,808619,"iForest",0,1,0.5,0,0,-1,"ok","-"
"collective_d10","collective",10,19,808620,"U-MCCD",1,1,1,1,10,-1,"ok","-"
"collective_d10","collective",10,19,808620,"SU-MCCD",1,1,1,1,10,-1,"ok","-"
"collective_d10","collective",10,19,808620,"UN-MCCD",1,1,1,1,10,-1,"ok","-"
"collective_d10","collective",10,19,808620,"SUN-MCCD",0,1,0.5,0,0,-1,"ok","-"
"collective_d10","collective",10,19,808620,"LOF",0,1,0.5,0,0,-1,"ok","-"
"collective_d10","collective",10,19,808620,"DBSCAN",0,1,0.5,0,0,-1,"ok","-"
"collective_d10","collective",10,19,808620,"MST",0.1,0.936507936507937,0.518253968253968,0.0943396226415094,13,-1,"ok","-"
"collective_d10","collective",10,19,808620,"ODIN",0,0.978835978835979,0.489417989417989,0,4,-1,"ok","-"
"collective_d10","collective",10,19,808620,"iForest",0,1,0.5,0,0,-1,"ok","-"
"collective_d10","collective",10,20,808621,"U-MCCD",0,1,0.5,0,0,-1,"ok","-"
"collective_d10","collective",10,20,808621,"SU-MCCD",0,0.994708994708995,0.497354497354497,0,1,-1,"ok","-"
"collective_d10","collective",10,20,808621,"UN-MCCD",0,0.994708994708995,0.497354497354497,0,1,-1,"ok","-"
"collective_d10","collective",10,20,808621,"SUN-MCCD",0,0.994708994708995,0.497354497354497,0,1,-1,"ok","-"
"collective_d10","collective",10,20,808621,"LOF",0,1,0.5,0,0,-1,"ok","-"
"collective_d10","collective",10,20,808621,"DBSCAN",0,1,0.5,0,0,-1,"ok","-"
"collective_d10","collective",10,20,808621,"MST",0.2,0.878306878306878,0.539153439153439,0.153846153846154,25,-1,"ok","-"
"collective_d10","collective",10,20,808621,"ODIN",0,0.962962962962963,0.481481481481481,0,7,-1,"ok","-"
"collective_d10","collective",10,20,808621,"iForest",0.3,1,0.65,0.348837209302326,3,-1,"ok","-"
"collective_d10","collective",10,21,808622,"U-MCCD",1,0.978835978835979,0.989417989417989,0.925925925925926,14,-1,"ok","-"
"collective_d10","collective",10,21,808622,"SU-MCCD",1,0.984126984126984,0.992063492063492,0.943396226415094,13,-1,"ok","-"
"collective_d10","collective",10,21,808622,"UN-MCCD",1,1,1,1,10,-1,"ok","-"
"collective_d10","collective",10,21,808622,"SUN-MCCD",1,1,1,1,10,-1,"ok","-"
"collective_d10","collective",10,21,808622,"LOF",0,1,0.5,0,0,-1,"ok","-"
"collective_d10","collective",10,21,808622,"DBSCAN",0,1,0.5,0,0,-1,"ok","-"
"collective_d10","collective",10,21,808622,"MST",0.3,0.91005291005291,0.605026455026455,0.25,20,-1,"ok","-"
"collective_d10","collective",10,21,808622,"ODIN",0,0.962962962962963,0.481481481481481,0,7,-1,"ok","-"
"collective_d10","collective",10,21,808622,"iForest",0,1,0.5,0,0,-1,"ok","-"
"collective_d10","collective",10,22,808623,"U-MCCD",0,1,0.5,0,0,-1,"ok","-"
"collective_d10","collective",10,22,808623,"SU-MCCD",0,1,0.5,0,0,-1,"ok","-"
"collective_d10","collective",10,22,808623,"UN-MCCD",0,1,0.5,0,0,-1,"ok","-"
"collective_d10","collective",10,22,808623,"SUN-MCCD",1,1,1,1,10,-1,"ok","-"
"collective_d10","collective",10,22,808623,"LOF",0,1,0.5,0,0,-1,"ok","-"
"collective_d10","collective",10,22,808623,"DBSCAN",0,1,0.5,0,0,-1,"ok","-"
"collective_d10","collective",10,22,808623,"MST",0.5,0.947089947089947,0.723544973544973,0.454545454545455,15,-1,"ok","-"
"collective_d10","collective",10,22,808623,"ODIN",0,0.989417989417989,0.494708994708995,0,2,-1,"ok","-"
"collective_d10","collective",10,22,808623,"iForest",0,1,0.5,0,0,-1,"ok","-"
"collective_d10","collective",10,23,808624,"U-MCCD",0,1,0.5,0,0,-1,"ok","-"
"collective_d10","collective",10,23,808624,"SU-MCCD",1,0.994708994708995,0.997354497354497,0.980392156862745,11,-1,"ok","-"
"collective_d10","collective",10,23,808624,"UN-MCCD",1,1,1,1,10,-1,"ok","-"
"collective_d10","collective",10,23,808624,"SUN-MCCD",1,1,1,1,10,-1,"ok","-"
"collective_d10","collective",10,23,808624,"LOF",0,1,0.5,0,0,-1,"ok","-"
"collective_d10","collective",10,23,808624,"DBSCAN",0,1,0.5,0,0,-1,"ok","-"
"collective_d10","collective",10,23,808624,"MST",0.2,0.925925925925926,0.562962962962963,0.178571428571429,16,-1,"ok","-"
"collective_d10","collective",10,23,808624,"ODIN",0,0.968253968253968,0.484126984126984,0,6,-1,"ok","-"
"collective_d10","collective",10,23,808624,"iForest",0,1,0.5,0,0,-1,"ok","-"
"collective_d10","collective",10,24,808625,"U-MCCD",0,1,0.5,0,0,-1,"ok","-"
"collective_d10","collective",10,24,808625,"SU-MCCD",0,0.994708994708995,0.497354497354497,0,1,-1,"ok","-"
"collective_d10","collective",10,24,808625,"UN-MCCD",0,1,0.5,0,0,-1,"ok","-"
"collective_d10","collective",10,24,808625,"SUN-MCCD",0,1,0.5,0,0,-1,"ok","-"
"collective_d10","collective",10,24,808625,"LOF",0,1,0.5,0,0,-1,"ok","-"
"collective_d10","collective",10,24,808625,"DBSCAN",0,1,0.5,0,0,-1,"ok","-"
"collective_d10","collective",10,24,808625,"MST",0,0.904761904761905,0.452380952380952,0,18,-1,"ok","-"
"collective_d10","collective",10,24,808625,"ODIN",0,0.957671957671958,0.478835978835979,0,8,-1,"ok","-"
"collective_d10","collective",10,24,808625,"iForest",0,1,0.5,0,0,-1,"ok","-"
"collective_d10","collective",10,25,808626,"U-MCCD",0,0.984126984126984,0.492063492063492,0,3,-1,"ok","-"
"collective_d10","collective",10,25,808626,"SU-MCCD",0,0.989417989417989,0.494708994708995,0,2,-1,"ok","-"
"collective_d10","collective",10,25,808626,"UN-MCCD",0,1,0.5,0,0,-1,"ok","-"
"collective_d10","collective",10,25,808626,"SUN-MCCD",0,1,0.5,0,0,-1,"ok","-"
"collective_d10","collective",10,25,808626,"LOF",0,1,0.5,0,0,-1,"ok","-"
"collective_d10","collective",10,25,808626,"DBSCAN",0,1,0.5,0,0,-1,"ok","-"
"collective_d10","collective",10,25,808626,"MST",0.2,0.920634920634921,0.56031746031746,0.175438596491228,17,-1,"ok","-"
"collective_d10","collective",10,25,808626,"ODIN",0,0.978835978835979,0.489417989417989,0,4,-1,"ok","-"
"collective_d10","collective",10,25,808626,"iForest",0,1,0.5,0,0,-1,"ok","-"
"collective_d10","collective",10,26,808627,"U-MCCD",1,0.994708994708995,0.997354497354497,0.980392156862745,11,-1,"ok","-"
"collective_d10","collective",10,26,808627,"SU-MCCD",0,1,0.5,0,0,-1,"ok","-"
"collective_d10","collective",10,26,808627,"UN-MCCD",1,1,1,1,10,-1,"ok","-"
"collective_d10","collective",10,26,808627,"SUN-MCCD",0,1,0.5,0,0,-1,"ok","-"
"collective_d10","collective",10,26,808627,"LOF",0,1,0.5,0,0,-1,"ok","-"
"collective_d10","collective",10,26,808627,"DBSCAN",0,1,0.5,0,0,-1,"ok","-"
"collective_d10","collective",10,26,808627,"MST",0.3,0.925925925925926,0.612962962962963,0.263157894736842,17,-1,"ok","-"
"collective_d10","collective",10,26,808627,"ODIN",0,0.994708994708995,0.497354497354497,0,1,-1,"ok","-"
"collective_d10","collective",10,26,808627,"iForest",0.1,1,0.55,0.121951219512195,1,-1,"ok","-"
"collective_d10","collective",10,27,808628,"U-MCCD",1,0.994708994708995,0.997354497354497,0.980392156862745,11,-1,"ok","-"
"collective_d10","collective",10,27,808628,"SU-MCCD",0,0.994708994708995,0.497354497354497,0,1,-1,"ok","-"
"collective_d10","collective",10,27,808628,"UN-MCCD",1,0.978835978835979,0.989417989417989,0.925925925925926,14,-1,"ok","-"
"collective_d10","collective",10,27,808628,"SUN-MCCD",0,1,0.5,0,0,-1,"ok","-"
"collective_d10","collective",10,27,808628,"LOF",0,1,0.5,0,0,-1,"ok","-"
"collective_d10","collective",10,27,808628,"DBSCAN",0,1,0.5,0,0,-1,"ok","-"
"collective_d10","collective",10,27,808628,"MST",0,0.904761904761905,0.452380952380952,0,18,-1,"ok","-"
"collective_d10","collective",10,27,808628,"ODIN",0,0.973544973544973,0.486772486772487,0,5,-1,"ok","-"
"collective_d10","collective",10,27,808628,"iForest",0,1,0.5,0,0,-1,"ok","-"
"collective_d10","collective",10,28,808629,"U-MCCD",1,0.53968253968254,0.76984126984127,0.364963503649635,97,-1,"ok","-"
"collective_d10","collective",10,28,808629,"SU-MCCD",1,0.925925925925926,0.962962962962963,0.78125,24,-1,"ok","-"
"collective_d10","collective",10,28,808629,"UN-MCCD",1,0.994708994708995,0.997354497354497,0.980392156862745,11,-1,"ok","-"
"collective_d10","collective",10,28,808629,"SUN-MCCD",0,0.994708994708995,0.497354497354497,0,1,-1,"ok","-"
"collective_d10","collective",10,28,808629,"LOF",0,1,0.5,0,0,-1,"ok","-"
"collective_d10","collective",10,28,808629,"DBSCAN",0,1,0.5,0,0,-1,"ok","-"
"collective_d10","collective",10,28,808629,"MST",0.1,0.952380952380952,0.526190476190476,0.1,10,-1,"ok","-"
"collective_d10","collective",10,28,808629,"ODIN",0,0.952380952380952,0.476190476190476,0,9,-1,"ok","-"
"collective_d10","collective",10,28,808629,"iForest",0.2,1,0.6,0.238095238095238,2,-1,"ok","-"
"collective_d10","collective",10,29,808630,"U-MCCD",1,1,1,1,10,-1,"ok","-"
"collective_d10","collective",10,29,808630,"SU-MCCD",0,1,0.5,0,0,-1,"ok","-"
"collective_d10","collective",10,29,808630,"UN-MCCD",1,1,1,1,10,-1,"ok","-"
"collective_d10","collective",10,29,808630,"SUN-MCCD",0,1,0.5,0,0,-1,"ok","-"
"collective_d10","collective",10,29,808630,"LOF",0,1,0.5,0,0,-1,"ok","-"
"collective_d10","collective",10,29,808630,"DBSCAN",0,1,0.5,0,0,-1,"ok","-"
"collective_d10","collective",10,29,808630,"MST",0,0.947089947089947,0.473544973544974,0,10,-1,"ok","-"
"collective_d10","collective",10,29,808630,"ODIN",0,0.973544973544973,0.486772486772487,0,5,-1,"ok","-"
"collective_d10","collective",10,29,808630,"iForest",0,1,0.5,0,0,-1,"ok","-"
"collective_d10","collective",10,30,808631,"U-MCCD",1,0.915343915343915,0.957671957671958,0.757575757575758,26,-1,"ok","-"
"collective_d10","collective",10,30,808631,"SU-MCCD",1,1,1,1,10,-1,"ok","-"
"collective_d10","collective",10,30,808631,"UN-MCCD",1,1,1,1,10,-1,"ok","-"
"collective_d10","collective",10,30,808631,"SUN-MCCD",1,1,1,1,10,-1,"ok","-"
"collective_d10","collective",10,30,808631,"LOF",0,1,0.5,0,0,-1,"ok","-"
"collective_d10","collective",10,30,808631,"DBSCAN",0,1,0.5,0,0,-1,"ok","-"
"collective_d10","collective",10,30,808631,"MST",0.2,0.920634920634921,0.56031746031746,0.175438596491228,17,-1,"ok","-"
"collective_d10","collective",10,30,808631,"ODIN",0,0.984126984126984,0.492063492063492,0,3,-1,"ok","-"
"collective_d10","collective",10,30,808631,"iForest",0,1,0.5,0,0,-1,"ok","-"
"collective_d10","collective",10,31,808632,"U-MCCD",0,0.994708994708995,0.497354497354497,0,1,-1,"ok","-"
"collective_d10","collective",10,31,808632,"SU-MCCD",0,1,0.5,0,0,-1,"ok","-"
"collective_d10","collective",10,31,808632,"UN-MCCD",0,0.994708994708995,0.497354497354497,0,1,-1,"ok","-"
"collective_d10","collective",10,31,808632,"SUN-MCCD",0,1,0.5,0,0,-1,"ok","-"
"collective_d10","collective",10,31,808632,"LOF",0,1,0.5,0,0,-1,"ok","-"
"collective_d10","collective",10,31,808632,"DBSCAN",0,1,0.5,0,0,-1,"ok","-"
"collective_d10","collective",10,31,808632,"MST",0.2,0.936507936507937,0.568253968253968,0.185185185185185,14,-1,"ok","-"
"collective_d10","collective",10,31,808632,"ODIN",0,0.962962962962963,0.481481481481481,0,7,-1,"ok","-"
"collective_d10","collective",10,31,808632,"iForest",0,1,0.5,0,0,-1,"ok","-"
"collective_d10","collective",10,32,808633,"U-MCCD",1,0.994708994708995,0.997354497354497,0.980392156862745,11,-1,"ok","-"
"collective_d10","collective",10,32,808633,"SU-MCCD",1,1,1,1,10,-1,"ok","-"
"collective_d10","collective",10,32,808633,"UN-MCCD",1,1,1,1,10,-1,"ok","-"
"collective_d10","collective",10,32,808633,"SUN-MCCD",0,1,0.5,0,0,-1,"ok","-"
"collective_d10","collective",10,32,808633,"LOF",0,1,0.5,0,0,-1,"ok","-"
"collective_d10","collective",10,32,808633,"DBSCAN",0,1,0.5,0,0,-1,"ok","-"
"collective_d10","collective",10,32,808633,"MST",0.2,0.936507936507937,0.568253968253968,0.185185185185185,14,-1,"ok","-"
"collective_d10","collective",10,32,808633,"ODIN",0,0.968253968253968,0.484126984126984,0,6,-1,"ok","-"
"collective_d10","collective",10,32,808633,"iForest",0,1,0.5,0,0,-1,"ok","-"
"collective_d10","collective",10,33,808634,"U-MCCD",0,0.957671957671958,0.478835978835979,0,8,-1,"ok","-"
"collective_d10","collective",10,33,808634,"SU-MCCD",0,0.989417989417989,0.494708994708995,0,2,-1,"ok","-"
"collective_d10","collective",10,33,808634,"UN-MCCD",0,0.989417989417989,0.494708994708995,0,2,-1,"ok","-"
"collective_d10","collective",10,33,808634,"SUN-MCCD",0,0.994708994708995,0.497354497354497,0,1,-1,"ok","-"
"collective_d10","collective",10,33,808634,"LOF",0,1,0.5,0,0,-1,"ok","-"
"collective_d10","collective",10,33,808634,"DBSCAN",0,1,0.5,0,0,-1,"ok","-"
"collective_d10","collective",10,33,808634,"MST",0.1,0.904761904761905,0.502380952380952,0.0847457627118644,19,-1,"ok","-"
"collective_d10","collective",10,33,808634,"ODIN",0,0.978835978835979,0.489417989417989,0,4,-1,"ok","-"
"collective_d10","collective",10,33,808634,"iForest",0.1,1,0.55,0.121951219512195,1,-1,"ok","-"
"collective_d10","collective",10,34,808635,"U-MCCD",0,0.989417989417989,0.494708994708995,0,2,-1,"ok","-"
"collective_d10","collective",10,34,808635,"SU-MCCD",0,0.984126984126984,0.492063492063492,0,3,-1,"ok","-"
"collective_d10","collective",10,34,808635,"UN-MCCD",0,0.973544973544973,0.486772486772487,0,5,-1,"ok","-"
"collective_d10","collective",10,34,808635,"SUN-MCCD",0,1,0.5,0,0,-1,"ok","-"
"collective_d10","collective",10,34,808635,"LOF",0,1,0.5,0,0,-1,"ok","-"
"collective_d10","collective",10,34,808635,"DBSCAN",0,1,0.5,0,0,-1,"ok","-"
"collective_d10","collective",10,34,808635,"MST",0.1,0.894179894179894,0.497089947089947,0.0819672131147541,21,-1,"ok","-"
"collective_d10","collective",10,34,808635,"ODIN",0,0.962962962962963,0.481481481481481,0,7,-1,"ok","-"
"collective_d10","collective",10,34,808635,"iForest",0.1,1,0.55,0.121951219512195,1,-1,"ok","-"
"collective_d10","collective",10,35,808636,"U-MCCD",1,0.984126984126984,0.992063492063492,0.943396226415094,13,-1,"ok","-"
"collective_d10","collective",10,35,808636,"SU-MCCD",0,0.994708994708995,0.497354497354497,0,1,-1,"ok","-"
"collective_d10","collective",10,35,808636,"UN-MCCD",0,1,0.5,0,0,-1,"ok","-"
"collective_d10","collective",10,35,808636,"SUN-MCCD",1,0.994708994708995,0.997354497354497,0.980392156862745,11,-1,"ok","-"
"collective_d10","collective",10,35,808636,"LOF",0,1,0.5,0,0,-1,"ok","-"
"collective_d10","collective",10,35,808636,"DBSCAN",0,1,0.5,0,0,-1,"ok","-"
"collective_d10","collective",10,35,808636,"MST",0.1,0.915343915343915,0.507671957671958,0.087719298245614,17,-1,"ok","-"
"collective_d10","collective",10,35,808636,"ODIN",0,0.968253968253968,0.484126984126984,0,6,-1,"ok","-"
"collective_d10","collective",10,35,808636,"iForest",0,1,0.5,0,0,-1,"ok","-"
"collective_d10","collective",10,36,808637,"U-MCCD",1,0.994708994708995,0.997354497354497,0.980392156862745,11,-1,"ok","-"
"collective_d10","collective",10,36,808637,"SU-MCCD",1,1,1,1,10,-1,"ok","-"
"collective_d10","collective",10,36,808637,"UN-MCCD",1,0.994708994708995,0.997354497354497,0.980392156862745,11,-1,"ok","-"
"collective_d10","collective",10,36,808637,"SUN-MCCD",1,1,1,1,10,-1,"ok","-"
"collective_d10","collective",10,36,808637,"LOF",0,1,0.5,0,0,-1,"ok","-"
"collective_d10","collective",10,36,808637,"DBSCAN",0,1,0.5,0,0,-1,"ok","-"
"collective_d10","collective",10,36,808637,"MST",0.3,0.91005291005291,0.605026455026455,0.25,20,-1,"ok","-"
"collective_d10","collective",10,36,808637,"ODIN",0,0.968253968253968,0.484126984126984,0,6,-1,"ok","-"
"collective_d10","collective",10,36,808637,"iForest",0,1,0.5,0,0,-1,"ok","-"
"collective_d10","collective",10,37,808638,"U-MCCD",0.8,0.502645502645503,0.651322751322751,0.28169014084507,102,-1,"ok","-"
"collective_d10","collective",10,37,808638,"SU-MCCD",0.4,0.492063492063492,0.446031746031746,0.142857142857143,100,-1,"ok","-"
"collective_d10","collective",10,37,808638,"UN-MCCD",0.4,1,0.7,0.454545454545455,4,-1,"ok","-"
"collective_d10","collective",10,37,808638,"SUN-MCCD",0.4,1,0.7,0.454545454545455,4,-1,"ok","-"
"collective_d10","collective",10,37,808638,"LOF",0.2,1,0.6,0.238095238095238,2,-1,"ok","-"
"collective_d10","collective",10,37,808638,"DBSCAN",0,1,0.5,0,0,-1,"ok","-"
"collective_d10","collective",10,37,808638,"MST",0,0.904761904761905,0.452380952380952,0,18,-1,"ok","-"
"collective_d10","collective",10,37,808638,"ODIN",0,0.968253968253968,0.484126984126984,0,6,-1,"ok","-"
"collective_d10","collective",10,37,808638,"iForest",0,1,0.5,0,0,-1,"ok","-"
"collective_d10","collective",10,38,808639,"U-MCCD",1,0.989417989417989,0.994708994708995,0.961538461538461,12,-1,"ok","-"
"collective_d10","collective",10,38,808639,"SU-MCCD",1,0.994708994708995,0.997354497354497,0.980392156862745,11,-1,"ok","-"
"collective_d10","collective",10,38,808639,"UN-MCCD",1,0.989417989417989,0.994708994708995,0.961538461538461,12,-1,"ok","-"
"collective_d10","collective",10,38,808639,"SUN-MCCD",1,1,1,1,10,-1,"ok","-"
"collective_d10","collective",10,38,808639,"LOF",0,1,0.5,0,0,-1,"ok","-"
"collective_d10","collective",10,38,808639,"DBSCAN",0,1,0.5,0,0,-1,"ok","-"
"collective_d10","collective",10,38,808639,"MST",0.2,0.894179894179894,0.547089947089947,0.161290322580645,22,-1,"ok","-"
"collective_d10","collective",10,38,808639,"ODIN",0,0.973544973544973,0.486772486772487,0,5,-1,"ok","-"
"collective_d10","collective",10,38,808639,"iForest",0,1,0.5,0,0,-1,"ok","-"
"collective_d10","collective",10,39,808640,"U-MCCD",0,1,0.5,0,0,-1,"ok","-"
"collective_d10","collective",10,39,808640,"SU-MCCD",0,1,0.5,0,0,-1,"ok","-"
"collective_d10","collective",10,39,808640,"UN-MCCD",0,0.978835978835979,0.489417989417989,0,4,-1,"ok","-"
"collective_d10","collective",10,39,808640,"SUN-MCCD",0,1,0.5,0,0,-1,"ok","-"
"collective_d10","collective",10,39,808640,"LOF",0,1,0.5,0,0,-1,"ok","-"
"collective_d10","collective",10,39,808640,"DBSCAN",0,1,0.5,0,0,-1,"ok","-"
"collective_d10","collective",10,39,808640,"MST",0.2,0.841269841269841,0.520634920634921,0.138888888888889,32,-1,"ok","-"
"collective_d10","collective",10,39,808640,"ODIN",0,0.962962962962963,0.481481481481481,0,7,-1,"ok","-"
"collective_d10","collective",10,39,808640,"iForest",0,1,0.5,0,0,-1,"ok","-"
"collective_d10","collective",10,40,808641,"U-MCCD",1,0.973544973544973,0.986772486772487,0.909090909090909,15,-1,"ok","-"
"collective_d10","collective",10,40,808641,"SU-MCCD",1,0.994708994708995,0.997354497354497,0.980392156862745,11,-1,"ok","-"
"collective_d10","collective",10,40,808641,"UN-MCCD",1,0.994708994708995,0.997354497354497,0.980392156862745,11,-1,"ok","-"
"collective_d10","collective",10,40,808641,"SUN-MCCD",1,0.989417989417989,0.994708994708995,0.961538461538461,12,-1,"ok","-"
"collective_d10","collective",10,40,808641,"LOF",0,1,0.5,0,0,-1,"ok","-"
"collective_d10","collective",10,40,808641,"DBSCAN",0,1,0.5,0,0,-1,"ok","-"
"collective_d10","collective",10,40,808641,"MST",0.2,0.899470899470899,0.54973544973545,0.163934426229508,21,-1,"ok","-"
"collective_d10","collective",10,40,808641,"ODIN",0,0.968253968253968,0.484126984126984,0,6,-1,"ok","-"
"collective_d10","collective",10,40,808641,"iForest",0.1,1,0.55,0.121951219512195,1,-1,"ok","-"
"collective_d10","collective",10,41,808642,"U-MCCD",0,0.968253968253968,0.484126984126984,0,6,-1,"ok","-"
"collective_d10","collective",10,41,808642,"SU-MCCD",0,1,0.5,0,0,-1,"ok","-"
"collective_d10","collective",10,41,808642,"UN-MCCD",0,0.989417989417989,0.494708994708995,0,2,-1,"ok","-"
"collective_d10","collective",10,41,808642,"SUN-MCCD",0,1,0.5,0,0,-1,"ok","-"
"collective_d10","collective",10,41,808642,"LOF",0,1,0.5,0,0,-1,"ok","-"
"collective_d10","collective",10,41,808642,"DBSCAN",0,0.994708994708995,0.497354497354497,0,1,-1,"ok","-"
"collective_d10","collective",10,41,808642,"MST",0.1,0.904761904761905,0.502380952380952,0.0847457627118644,19,-1,"ok","-"
"collective_d10","collective",10,41,808642,"ODIN",0,0.984126984126984,0.492063492063492,0,3,-1,"ok","-"
"collective_d10","collective",10,41,808642,"iForest",0,1,0.5,0,0,-1,"ok","-"
"collective_d10","collective",10,42,808643,"U-MCCD",0,1,0.5,0,0,-1,"ok","-"
"collective_d10","collective",10,42,808643,"SU-MCCD",0,1,0.5,0,0,-1,"ok","-"
"collective_d10","collective",10,42,808643,"UN-MCCD",0,1,0.5,0,0,-1,"ok","-"
"collective_d10","collective",10,42,808643,"SUN-MCCD",0,1,0.5,0,0,-1,"ok","-"
"collective_d10","collective",10,42,808643,"LOF",0,1,0.5,0,0,-1,"ok","-"
"collective_d10","collective",10,42,808643,"DBSCAN",0,1,0.5,0,0,-1,"ok","-"
"collective_d10","collective",10,42,808643,"MST",0,0.936507936507937,0.468253968253968,0,12,-1,"ok","-"
"collective_d10","collective",10,42,808643,"ODIN",0,0.962962962962963,0.481481481481481,0,7,-1,"ok","-"
"collective_d10","collective",10,42,808643,"iForest",0,1,0.5,0,0,-1,"ok","-"
"collective_d10","collective",10,43,808644,"U-MCCD",1,0.973544973544973,0.986772486772487,0.909090909090909,15,-1,"ok","-"
"collective_d10","collective",10,43,808644,"SU-MCCD",1,1,1,1,10,-1,"ok","-"
"collective_d10","collective",10,43,808644,"UN-MCCD",1,1,1,1,10,-1,"ok","-"
"collective_d10","collective",10,43,808644,"SUN-MCCD",0,1,0.5,0,0,-1,"ok","-"
"collective_d10","collective",10,43,808644,"LOF",0,1,0.5,0,0,-1,"ok","-"
"collective_d10","collective",10,43,808644,"DBSCAN",0,1,0.5,0,0,-1,"ok","-"
"collective_d10","collective",10,43,808644,"MST",0.4,0.888888888888889,0.644444444444444,0.307692307692308,25,-1,"ok","-"
"collective_d10","collective",10,43,808644,"ODIN",0,0.968253968253968,0.484126984126984,0,6,-1,"ok","-"
"collective_d10","collective",10,43,808644,"iForest",0.4,1,0.7,0.454545454545455,4,-1,"ok","-"
"collective_d10","collective",10,44,808645,"U-MCCD",1,1,1,1,10,-1,"ok","-"
"collective_d10","collective",10,44,808645,"SU-MCCD",1,1,1,1,10,-1,"ok","-"
"collective_d10","collective",10,44,808645,"UN-MCCD",1,0.994708994708995,0.997354497354497,0.980392156862745,11,-1,"ok","-"
"collective_d10","collective",10,44,808645,"SUN-MCCD",1,1,1,1,10,-1,"ok","-"
"collective_d10","collective",10,44,808645,"LOF",0,1,0.5,0,0,-1,"ok","-"
"collective_d10","collective",10,44,808645,"DBSCAN",0,1,0.5,0,0,-1,"ok","-"
"collective_d10","collective",10,44,808645,"MST",0.1,0.957671957671958,0.528835978835979,0.102040816326531,9,-1,"ok","-"
"collective_d10","collective",10,44,808645,"ODIN",0,0.973544973544973,0.486772486772487,0,5,-1,"ok","-"
"collective_d10","collective",10,44,808645,"iForest",0.3,1,0.65,0.348837209302326,3,-1,"ok","-"
"collective_d10","collective",10,45,808646,"U-MCCD",0,1,0.5,0,0,-1,"ok","-"
"collective_d10","collective",10,45,808646,"SU-MCCD",0,1,0.5,0,0,-1,"ok","-"
"collective_d10","collective",10,45,808646,"UN-MCCD",0,1,0.5,0,0,-1,"ok","-"
"collective_d10","collective",10,45,808646,"SUN-MCCD",0,1,0.5,0,0,-1,"ok","-"
"collective_d10","collective",10,45,808646,"LOF",0,1,0.5,0,0,-1,"ok","-"
"collective_d10","collective",10,45,808646,"DBSCAN",0,0.994708994708995,0.497354497354497,0,1,-1,"ok","-"
"collective_d10","collective",10,45,808646,"MST",0.1,0.888888888888889,0.494444444444444,0.0806451612903226,22,-1,"ok","-"
"collective_d10","collective",10,45,808646,"ODIN",0,1,0.5,0,0,-1,"ok","-"
"collective_d10","collective",10,45,808646,"iForest",0.1,1,0.55,0.121951219512195,1,-1,"ok","-"
"collective_d10","collective",10,46,808647,"U-MCCD",0,1,0.5,0,0,-1,"ok","-"
"collective_d10","collective",10,46,808647,"SU-MCCD",0,1,0.5,0,0,-1,"ok","-"
"collective_d10","collective",10,46,808647,"UN-MCCD",0,1,0.5,0,0,-1,"ok","-"
"collective_d10","collective",10,46,808647,"SUN-MCCD",0,1,0.5,0,0,-1,"ok","-"
"collective_d10","collective",10,46,808647,"LOF",0,1,0.5,0,0,-1,"ok","-"
"collective_d10","collective",10,46,808647,"DBSCAN",0,1,0.5,0,0,-1,"ok","-"
"collective_d10","collective",10,46,808647,"MST",0,0.878306878306878,0.439153439153439,0,23,-1,"ok","-"
"collective_d10","collective",10,46,808647,"ODIN",0,0.973544973544973,0.486772486772487,0,5,-1,"ok","-"
"collective_d10","collective",10,46,808647,"iForest",0.3,1,0.65,0.348837209302326,3,-1,"ok","-"
"collective_d10","collective",10,47,808648,"U-MCCD",0,0.994708994708995,0.497354497354497,0,1,-1,"ok","-"
"collective_d10","collective",10,47,808648,"SU-MCCD",0,1,0.5,0,0,-1,"ok","-"
"collective_d10","collective",10,47,808648,"UN-MCCD",0,0.994708994708995,0.497354497354497,0,1,-1,"ok","-"
"collective_d10","collective",10,47,808648,"SUN-MCCD",0,0.994708994708995,0.497354497354497,0,1,-1,"ok","-"
"collective_d10","collective",10,47,808648,"LOF",0,1,0.5,0,0,-1,"ok","-"
"collective_d10","collective",10,47,808648,"DBSCAN",0,1,0.5,0,0,-1,"ok","-"
"collective_d10","collective",10,47,808648,"MST",0.1,0.878306878306878,0.489153439153439,0.078125,24,-1,"ok","-"
"collective_d10","collective",10,47,808648,"ODIN",0,0.968253968253968,0.484126984126984,0,6,-1,"ok","-"
"collective_d10","collective",10,47,808648,"iForest",0,1,0.5,0,0,-1,"ok","-"
"collective_d10","collective",10,48,808649,"U-MCCD",0,0.989417989417989,0.494708994708995,0,2,-1,"ok","-"
"collective_d10","collective",10,48,808649,"SU-MCCD",0,1,0.5,0,0,-1,"ok","-"
"collective_d10","collective",10,48,808649,"UN-MCCD",0,0.994708994708995,0.497354497354497,0,1,-1,"ok","-"
"collective_d10","collective",10,48,808649,"SUN-MCCD",0,1,0.5,0,0,-1,"ok","-"
"collective_d10","collective",10,48,808649,"LOF",0,1,0.5,0,0,-1,"ok","-"
"collective_d10","collective",10,48,808649,"DBSCAN",0,0.994708994708995,0.497354497354497,0,1,-1,"ok","-"
"collective_d10","collective",10,48,808649,"MST",0.3,0.984126984126984,0.642063492063492,0.326086956521739,6,-1,"ok","-"
"collective_d10","collective",10,48,808649,"ODIN",0,0.978835978835979,0.489417989417989,0,4,-1,"ok","-"
"collective_d10","collective",10,48,808649,"iForest",0,1,0.5,0,0,-1,"ok","-"
"collective_d10","collective",10,49,808650,"U-MCCD",1,0.968253968253968,0.984126984126984,0.892857142857143,16,-1,"ok","-"
"collective_d10","collective",10,49,808650,"SU-MCCD",0,1,0.5,0,0,-1,"ok","-"
"collective_d10","collective",10,49,808650,"UN-MCCD",0,1,0.5,0,0,-1,"ok","-"
"collective_d10","collective",10,49,808650,"SUN-MCCD",0,1,0.5,0,0,-1,"ok","-"
"collective_d10","collective",10,49,808650,"LOF",0,1,0.5,0,0,-1,"ok","-"
"collective_d10","collective",10,49,808650,"DBSCAN",0,1,0.5,0,0,-1,"ok","-"
"collective_d10","collective",10,49,808650,"MST",0.1,0.947089947089947,0.523544973544974,0.0980392156862745,11,-1,"ok","-"
"collective_d10","collective",10,49,808650,"ODIN",0,0.947089947089947,0.473544973544974,0,10,-1,"ok","-"
"collective_d10","collective",10,49,808650,"iForest",0.1,1,0.55,0.121951219512195,1,-1,"ok","-"
"collective_d10","collective",10,50,808651,"U-MCCD",1,1,1,1,10,-1,"ok","-"
"collective_d10","collective",10,50,808651,"SU-MCCD",1,0.994708994708995,0.997354497354497,0.980392156862745,11,-1,"ok","-"
"collective_d10","collective",10,50,808651,"UN-MCCD",0,1,0.5,0,0,-1,"ok","-"
"collective_d10","collective",10,50,808651,"SUN-MCCD",1,1,1,1,10,-1,"ok","-"
"collective_d10","collective",10,50,808651,"LOF",0,1,0.5,0,0,-1,"ok","-"
"collective_d10","collective",10,50,808651,"DBSCAN",0,0.994708994708995,0.497354497354497,0,1,-1,"ok","-"
"collective_d10","collective",10,50,808651,"MST",0.1,0.899470899470899,0.49973544973545,0.0833333333333333,20,-1,"ok","-"
"collective_d10","collective",10,50,808651,"ODIN",0,0.984126984126984,0.492063492063492,0,3,-1,"ok","-"
"collective_d10","collective",10,50,808651,"iForest",0,1,0.5,0,0,-1,"ok","-"
"collective_d10","collective",10,51,808652,"U-MCCD",0,1,0.5,0,0,-1,"ok","-"
"collective_d10","collective",10,51,808652,"SU-MCCD",1,1,1,1,10,-1,"ok","-"
"collective_d10","collective",10,51,808652,"UN-MCCD",1,1,1,1,10,-1,"ok","-"
"collective_d10","collective",10,51,808652,"SUN-MCCD",1,1,1,1,10,-1,"ok","-"
"collective_d10","collective",10,51,808652,"LOF",0,1,0.5,0,0,-1,"ok","-"
"collective_d10","collective",10,51,808652,"DBSCAN",0,1,0.5,0,0,-1,"ok","-"
"collective_d10","collective",10,51,808652,"MST",0.2,0.91005291005291,0.555026455026455,0.169491525423729,19,-1,"ok","-"
"collective_d10","collective",10,51,808652,"ODIN",0,0.973544973544973,0.486772486772487,0,5,-1,"ok","-"
"collective_d10","collective",10,51,808652,"iForest",0.3,1,0.65,0.348837209302326,3,-1,"ok","-"
"collective_d10","collective",10,52,808653,"U-MCCD",1,0.994708994708995,0.997354497354497,0.980392156862745,11,-1,"ok","-"
"collective_d10","collective",10,52,808653,"SU-MCCD",1,0.994708994708995,0.997354497354497,0.980392156862745,11,-1,"ok","-"
"collective_d10","collective",10,52,808653,"UN-MCCD",1,1,1,1,10,-1,"ok","-"
"collective_d10","collective",10,52,808653,"SUN-MCCD",1,1,1,1,10,-1,"ok","-"
"collective_d10","collective",10,52,808653,"LOF",0,1,0.5,0,0,-1,"ok","-"
"collective_d10","collective",10,52,808653,"DBSCAN",0,1,0.5,0,0,-1,"ok","-"
"collective_d10","collective",10,52,808653,"MST",0.3,0.925925925925926,0.612962962962963,0.263157894736842,17,-1,"ok","-"
"collective_d10","collective",10,52,808653,"ODIN",0,0.968253968253968,0.484126984126984,0,6,-1,"ok","-"
"collective_d10","collective",10,52,808653,"iForest",0,1,0.5,0,0,-1,"ok","-"
"collective_d10","collective",10,53,808654,"U-MCCD",1,0.873015873015873,0.936507936507937,0.675675675675676,34,-1,"ok","-"
"collective_d10","collective",10,53,808654,"SU-MCCD",0,1,0.5,0,0,-1,"ok","-"
"collective_d10","collective",10,53,808654,"UN-MCCD",0,0.994708994708995,0.497354497354497,0,1,-1,"ok","-"
"collective_d10","collective",10,53,808654,"SUN-MCCD",0,1,0.5,0,0,-1,"ok","-"
"collective_d10","collective",10,53,808654,"LOF",0,1,0.5,0,0,-1,"ok","-"
"collective_d10","collective",10,53,808654,"DBSCAN",0,1,0.5,0,0,-1,"ok","-"
"collective_d10","collective",10,53,808654,"MST",0,0.883597883597884,0.441798941798942,0,22,-1,"ok","-"
"collective_d10","collective",10,53,808654,"ODIN",0,0.962962962962963,0.481481481481481,0,7,-1,"ok","-"
"collective_d10","collective",10,53,808654,"iForest",0,1,0.5,0,0,-1,"ok","-"
"collective_d10","collective",10,54,808655,"U-MCCD",0,1,0.5,0,0,-1,"ok","-"
"collective_d10","collective",10,54,808655,"SU-MCCD",0,1,0.5,0,0,-1,"ok","-"
"collective_d10","collective",10,54,808655,"UN-MCCD",0,0.994708994708995,0.497354497354497,0,1,-1,"ok","-"
"collective_d10","collective",10,54,808655,"SUN-MCCD",0,1,0.5,0,0,-1,"ok","-"
"collective_d10","collective",10,54,808655,"LOF",0,1,0.5,0,0,-1,"ok","-"
"collective_d10","collective",10,54,808655,"DBSCAN",0,1,0.5,0,0,-1,"ok","-"
"collective_d10","collective",10,54,808655,"MST",0.3,0.899470899470899,0.59973544973545,0.241935483870968,22,-1,"ok","-"
"collective_d10","collective",10,54,808655,"ODIN",0,0.957671957671958,0.478835978835979,0,8,-1,"ok","-"
"collective_d10","collective",10,54,808655,"iForest",0.2,1,0.6,0.238095238095238,2,-1,"ok","-"
"collective_d10","collective",10,55,808656,"U-MCCD",1,0.962962962962963,0.981481481481481,0.87719298245614,17,-1,"ok","-"
"collective_d10","collective",10,55,808656,"SU-MCCD",1,0.984126984126984,0.992063492063492,0.943396226415094,13,-1,"ok","-"
"collective_d10","collective",10,55,808656,"UN-MCCD",1,1,1,1,10,-1,"ok","-"
"collective_d10","collective",10,55,808656,"SUN-MCCD",1,1,1,1,10,-1,"ok","-"
"collective_d10","collective",10,55,808656,"LOF",0,1,0.5,0,0,-1,"ok","-"
"collective_d10","collective",10,55,808656,"DBSCAN",0,1,0.5,0,0,-1,"ok","-"
"collective_d10","collective",10,55,808656,"MST",0.1,0.91005291005291,0.505026455026455,0.0862068965517241,18,-1,"ok","-"
"collective_d10","collective",10,55,808656,"ODIN",0,0.978835978835979,0.489417989417989,0,4,-1,"ok","-"
"collective_d10","collective",10,55,808656,"iForest",0,1,0.5,0,0,-1,"ok","-"
"collective_d10","collective",10,56,808657,"U-MCCD",0,1,0.5,0,0,-1,"ok","-"
"collective_d10","collective",10,56,808657,"SU-MCCD",0,1,0.5,0,0,-1,"ok","-"
"collective_d10","collective",10,56,808657,"UN-MCCD",0,1,0.5,0,0,-1,"ok","-"
"collective_d10","collective",10,56,808657,"SUN-MCCD",1,0.994708994708995,0.997354497354497,0.980392156862745,11,-1,"ok","-"
"collective_d10","collective",10,56,808657,"LOF",0,1,0.5,0,0,-1,"ok","-"
"collective_d10","collective",10,56,808657,"DBSCAN",0,1,0.5,0,0,-1,"ok","-"
"collective_d10","collective",10,56,808657,"MST",0.1,0.931216931216931,0.515608465608466,0.0925925925925926,14,-1,"ok","-"
"collective_d10","collective",10,56,808657,"ODIN",0,0.994708994708995,0.497354497354497,0,1,-1,"ok","-"
"collective_d10","collective",10,56,808657,"iForest",0.3,1,0.65,0.348837209302326,3,-1,"ok","-"
"collective_d10","collective",10,57,808658,"U-MCCD",1,0.989417989417989,0.994708994708995,0.961538461538461,12,-1,"ok","-"
"collective_d10","collective",10,57,808658,"SU-MCCD",1,0.994708994708995,0.997354497354497,0.980392156862745,11,-1,"ok","-"
"collective_d10","collective",10,57,808658,"UN-MCCD",1,0.989417989417989,0.994708994708995,0.961538461538461,12,-1,"ok","-"
"collective_d10","collective",10,57,808658,"SUN-MCCD",0,1,0.5,0,0,-1,"ok","-"
"collective_d10","collective",10,57,808658,"LOF",0,1,0.5,0,0,-1,"ok","-"
"collective_d10","collective",10,57,808658,"DBSCAN",0,1,0.5,0,0,-1,"ok","-"
"collective_d10","collective",10,57,808658,"MST",0.1,0.925925925925926,0.512962962962963,0.0909090909090909,15,-1,"ok","-"
"collective_d10","collective",10,57,808658,"ODIN",0,0.973544973544973,0.486772486772487,0,5,-1,"ok","-"
"collective_d10","collective",10,57,808658,"iForest",0,1,0.5,0,0,-1,"ok","-"
"collective_d10","collective",10,58,808659,"U-MCCD",1,0.984126984126984,0.992063492063492,0.943396226415094,13,-1,"ok","-"
"collective_d10","collective",10,58,808659,"SU-MCCD",1,0.978835978835979,0.989417989417989,0.925925925925926,14,-1,"ok","-"
"collective_d10","collective",10,58,808659,"UN-MCCD",1,0.994708994708995,0.997354497354497,0.980392156862745,11,-1,"ok","-"
"collective_d10","collective",10,58,808659,"SUN-MCCD",1,1,1,1,10,-1,"ok","-"
"collective_d10","collective",10,58,808659,"LOF",0,1,0.5,0,0,-1,"ok","-"
"collective_d10","collective",10,58,808659,"DBSCAN",0,0.994708994708995,0.497354497354497,0,1,-1,"ok","-"
"collective_d10","collective",10,58,808659,"MST",0.4,0.888888888888889,0.644444444444444,0.307692307692308,25,-1,"ok","-"
"collective_d10","collective",10,58,808659,"ODIN",0,0.957671957671958,0.478835978835979,0,8,-1,"ok","-"
"collective_d10","collective",10,58,808659,"iForest",0,1,0.5,0,0,-1,"ok","-"
"collective_d10","collective",10,59,808660,"U-MCCD",1,0.962962962962963,0.981481481481481,0.87719298245614,17,-1,"ok","-"
"collective_d10","collective",10,59,808660,"SU-MCCD",1,0.973544973544973,0.986772486772487,0.909090909090909,15,-1,"ok","-"
"collective_d10","collective",10,59,808660,"UN-MCCD",1,0.978835978835979,0.989417989417989,0.925925925925926,14,-1,"ok","-"
"collective_d10","collective",10,59,808660,"SUN-MCCD",1,1,1,1,10,-1,"ok","-"
"collective_d10","collective",10,59,808660,"LOF",0,1,0.5,0,0,-1,"ok","-"
"collective_d10","collective",10,59,808660,"DBSCAN",0,0.994708994708995,0.497354497354497,0,1,-1,"ok","-"
"collective_d10","collective",10,59,808660,"MST",0.1,0.91005291005291,0.505026455026455,0.0862068965517241,18,-1,"ok","-"
"collective_d10","collective",10,59,808660,"ODIN",0,0.952380952380952,0.476190476190476,0,9,-1,"ok","-"
"collective_d10","collective",10,59,808660,"iForest",0,1,0.5,0,0,-1,"ok","-"
"collective_d10","collective",10,60,808661,"U-MCCD",1,0.989417989417989,0.994708994708995,0.961538461538461,12,-1,"ok","-"
"collective_d10","collective",10,60,808661,"SU-MCCD",1,1,1,1,10,-1,"ok","-"
"collective_d10","collective",10,60,808661,"UN-MCCD",1,0.989417989417989,0.994708994708995,0.961538461538461,12,-1,"ok","-"
"collective_d10","collective",10,60,808661,"SUN-MCCD",1,1,1,1,10,-1,"ok","-"
"collective_d10","collective",10,60,808661,"LOF",0,1,0.5,0,0,-1,"ok","-"
"collective_d10","collective",10,60,808661,"DBSCAN",0,1,0.5,0,0,-1,"ok","-"
"collective_d10","collective",10,60,808661,"MST",0,0.941798941798942,0.470899470899471,0,11,-1,"ok","-"
"collective_d10","collective",10,60,808661,"ODIN",0,0.968253968253968,0.484126984126984,0,6,-1,"ok","-"
"collective_d10","collective",10,60,808661,"iForest",0,1,0.5,0,0,-1,"ok","-"
"collective_d10","collective",10,61,808662,"U-MCCD",0,0.994708994708995,0.497354497354497,0,1,-1,"ok","-"
"collective_d10","collective",10,61,808662,"SU-MCCD",0,1,0.5,0,0,-1,"ok","-"
"collective_d10","collective",10,61,808662,"UN-MCCD",0,0.994708994708995,0.497354497354497,0,1,-1,"ok","-"
"collective_d10","collective",10,61,808662,"SUN-MCCD",0,1,0.5,0,0,-1,"ok","-"
"collective_d10","collective",10,61,808662,"LOF",0,1,0.5,0,0,-1,"ok","-"
"collective_d10","collective",10,61,808662,"DBSCAN",0,0.994708994708995,0.497354497354497,0,1,-1,"ok","-"
"collective_d10","collective",10,61,808662,"MST",0.3,0.920634920634921,0.61031746031746,0.258620689655172,18,-1,"ok","-"
"collective_d10","collective",10,61,808662,"ODIN",0,0.989417989417989,0.494708994708995,0,2,-1,"ok","-"
"collective_d10","collective",10,61,808662,"iForest",0,1,0.5,0,0,-1,"ok","-"
"collective_d10","collective",10,62,808663,"U-MCCD",0,1,0.5,0,0,-1,"ok","-"
"collective_d10","collective",10,62,808663,"SU-MCCD",1,0.994708994708995,0.997354497354497,0.980392156862745,11,-1,"ok","-"
"collective_d10","collective",10,62,808663,"UN-MCCD",0,1,0.5,0,0,-1,"ok","-"
"collective_d10","collective",10,62,808663,"SUN-MCCD",0,1,0.5,0,0,-1,"ok","-"
"collective_d10","collective",10,62,808663,"LOF",0,1,0.5,0,0,-1,"ok","-"
"collective_d10","collective",10,62,808663,"DBSCAN",0,0.994708994708995,0.497354497354497,0,1,-1,"ok","-"
"collective_d10","collective",10,62,808663,"MST",0.2,0.947089947089947,0.573544973544974,0.192307692307692,12,-1,"ok","-"
"collective_d10","collective",10,62,808663,"ODIN",0,0.968253968253968,0.484126984126984,0,6,-1,"ok","-"
"collective_d10","collective",10,62,808663,"iForest",0,1,0.5,0,0,-1,"ok","-"
"collective_d10","collective",10,63,808664,"U-MCCD",1,0.830687830687831,0.915343915343915,0.609756097560976,42,-1,"ok","-"
"collective_d10","collective",10,63,808664,"SU-MCCD",1,0.899470899470899,0.94973544973545,0.72463768115942,29,-1,"ok","-"
"collective_d10","collective",10,63,808664,"UN-MCCD",1,0.989417989417989,0.994708994708995,0.961538461538461,12,-1,"ok","-"
"collective_d10","collective",10,63,808664,"SUN-MCCD",1,1,1,1,10,-1,"ok","-"
"collective_d10","collective",10,63,808664,"LOF",0.1,1,0.55,0.121951219512195,1,-1,"ok","-"
"collective_d10","collective",10,63,808664,"DBSCAN",0.1,1,0.55,0.121951219512195,1,-1,"ok","-"
"collective_d10","collective",10,63,808664,"MST",0.1,0.804232804232804,0.452116402116402,0.0641025641025641,38,-1,"ok","-"
"collective_d10","collective",10,63,808664,"ODIN",0,0.915343915343915,0.457671957671958,0,16,-1,"ok","-"
"collective_d10","collective",10,63,808664,"iForest",0.7,1,0.85,0.74468085106383,7,-1,"ok","-"
"collective_d10","collective",10,64,808665,"U-MCCD",0,1,0.5,0,0,-1,"ok","-"
"collective_d10","collective",10,64,808665,"SU-MCCD",0,0.984126984126984,0.492063492063492,0,3,-1,"ok","-"
"collective_d10","collective",10,64,808665,"UN-MCCD",0,1,0.5,0,0,-1,"ok","-"
"collective_d10","collective",10,64,808665,"SUN-MCCD",0,1,0.5,0,0,-1,"ok","-"
"collective_d10","collective",10,64,808665,"LOF",0,1,0.5,0,0,-1,"ok","-"
"collective_d10","collective",10,64,808665,"DBSCAN",0,1,0.5,0,0,-1,"ok","-"
"collective_d10","collective",10,64,808665,"MST",0.1,0.883597883597884,0.491798941798942,0.0793650793650794,23,-1,"ok","-"
"collective_d10","collective",10,64,808665,"ODIN",0,0.957671957671958,0.478835978835979,0,8,-1,"ok","-"
"collective_d10","collective",10,64,808665,"iForest",0,1,0.5,0,0,-1,"ok","-"
"collective_d10","collective",10,65,808666,"U-MCCD",0,0.989417989417989,0.494708994708995,0,2,-1,"ok","-"
"collective_d10","collective",10,65,808666,"SU-MCCD",0,0.984126984126984,0.492063492063492,0,3,-1,"ok","-"
"collective_d10","collective",10,65,808666,"UN-MCCD",0,0.994708994708995,0.497354497354497,0,1,-1,"ok","-"
"collective_d10","collective",10,65,808666,"SUN-MCCD",0,1,0.5,0,0,-1,"ok","-"
"collective_d10","collective",10,65,808666,"LOF",0,1,0.5,0,0,-1,"ok","-"
"collective_d10","collective",10,65,808666,"DBSCAN",0,1,0.5,0,0,-1,"ok","-"
"collective_d10","collective",10,65,808666,"MST",0.2,0.883597883597884,0.541798941798942,0.15625,24,-1,"ok","-"
"collective_d10","collective",10,65,808666,"ODIN",0,0.957671957671958,0.478835978835979,0,8,-1,"ok","-"
"collective_d10","collective",10,65,808666,"iForest",0.1,1,0.55,0.121951219512195,1,-1,"ok","-"
"collective_d10","collective",10,66,808667,"U-MCCD",0.2,1,0.6,0.238095238095238,2,-1,"ok","-"
"collective_d10","collective",10,66,808667,"SU-MCCD",0.2,1,0.6,0.238095238095238,2,-1,"ok","-"
"collective_d10","collective",10,66,808667,"UN-MCCD",0.2,0.994708994708995,0.597354497354497,0.232558139534884,3,-1,"ok","-"
"collective_d10","collective",10,66,808667,"SUN-MCCD",0.2,0.994708994708995,0.597354497354497,0.232558139534884,3,-1,"ok","-"
"collective_d10","collective",10,66,808667,"LOF",0.1,1,0.55,0.121951219512195,1,-1,"ok","-"
"collective_d10","collective",10,66,808667,"DBSCAN",0.1,1,0.55,0.121951219512195,1,-1,"ok","-"
"collective_d10","collective",10,66,808667,"MST",0.1,0.873015873015873,0.486507936507937,0.0769230769230769,25,-1,"ok","-"
"collective_d10","collective",10,66,808667,"ODIN",0,0.973544973544973,0.486772486772487,0,5,-1,"ok","-"
"collective_d10","collective",10,66,808667,"iForest",0.2,1,0.6,0.238095238095238,2,-1,"ok","-"
"collective_d10","collective",10,67,808668,"U-MCCD",0,1,0.5,0,0,-1,"ok","-"
"collective_d10","collective",10,67,808668,"SU-MCCD",0,1,0.5,0,0,-1,"ok","-"
"collective_d10","collective",10,67,808668,"UN-MCCD",0,1,0.5,0,0,-1,"ok","-"
"collective_d10","collective",10,67,808668,"SUN-MCCD",0,0.994708994708995,0.497354497354497,0,1,-1,"ok","-"
"collective_d10","collective",10,67,808668,"LOF",0,1,0.5,0,0,-1,"ok","-"
"collective_d10","collective",10,67,808668,"DBSCAN",0,0.994708994708995,0.497354497354497,0,1,-1,"ok","-"
"collective_d10","collective",10,67,808668,"MST",0.1,0.925925925925926,0.512962962962963,0.0909090909090909,15,-1,"ok","-"
"collective_d10","collective",10,67,808668,"ODIN",0,0.962962962962963,0.481481481481481,0,7,-1,"ok","-"
"collective_d10","collective",10,67,808668,"iForest",0.1,1,0.55,0.121951219512195,1,-1,"ok","-"
"collective_d10","collective",10,68,808669,"U-MCCD",0,0.989417989417989,0.494708994708995,0,2,-1,"ok","-"
"collective_d10","collective",10,68,808669,"SU-MCCD",0,1,0.5,0,0,-1,"ok","-"
"collective_d10","collective",10,68,808669,"UN-MCCD",0,1,0.5,0,0,-1,"ok","-"
"collective_d10","collective",10,68,808669,"SUN-MCCD",0,1,0.5,0,0,-1,"ok","-"
"collective_d10","collective",10,68,808669,"LOF",0,1,0.5,0,0,-1,"ok","-"
"collective_d10","collective",10,68,808669,"DBSCAN",0,1,0.5,0,0,-1,"ok","-"
"collective_d10","collective",10,68,808669,"MST",0.1,0.857142857142857,0.478571428571429,0.0735294117647059,28,-1,"ok","-"
"collective_d10","collective",10,68,808669,"ODIN",0,0.984126984126984,0.492063492063492,0,3,-1,"ok","-"
"collective_d10","collective",10,68,808669,"iForest",0.1,1,0.55,0.121951219512195,1,-1,"ok","-"
"collective_d10","collective",10,69,808670,"U-MCCD",1,0.994708994708995,0.997354497354497,0.980392156862745,11,-1,"ok","-"
"collective_d10","collective",10,69,808670,"SU-MCCD",1,1,1,1,10,-1,"ok","-"
"collective_d10","collective",10,69,808670,"UN-MCCD",1,1,1,1,10,-1,"ok","-"
"collective_d10","collective",10,69,808670,"SUN-MCCD",1,1,1,1,10,-1,"ok","-"
"collective_d10","collective",10,69,808670,"LOF",0,1,0.5,0,0,-1,"ok","-"
"collective_d10","collective",10,69,808670,"DBSCAN",0,1,0.5,0,0,-1,"ok","-"
"collective_d10","collective",10,69,808670,"MST",0.1,0.936507936507937,0.518253968253968,0.0943396226415094,13,-1,"ok","-"
"collective_d10","collective",10,69,808670,"ODIN",0,0.973544973544973,0.486772486772487,0,5,-1,"ok","-"
"collective_d10","collective",10,69,808670,"iForest",0,1,0.5,0,0,-1,"ok","-"
"collective_d10","collective",10,70,808671,"U-MCCD",0,0.962962962962963,0.481481481481481,0,7,-1,"ok","-"
"collective_d10","collective",10,70,808671,"SU-MCCD",0,1,0.5,0,0,-1,"ok","-"
"collective_d10","collective",10,70,808671,"UN-MCCD",0,1,0.5,0,0,-1,"ok","-"
"collective_d10","collective",10,70,808671,"SUN-MCCD",0,1,0.5,0,0,-1,"ok","-"
"collective_d10","collective",10,70,808671,"LOF",0,1,0.5,0,0,-1,"ok","-"
"collective_d10","collective",10,70,808671,"DBSCAN",0,1,0.5,0,0,-1,"ok","-"
"collective_d10","collective",10,70,808671,"MST",0,0.920634920634921,0.46031746031746,0,15,-1,"ok","-"
"collective_d10","collective",10,70,808671,"ODIN",0,0.989417989417989,0.494708994708995,0,2,-1,"ok","-"
"collective_d10","collective",10,70,808671,"iForest",0.1,1,0.55,0.121951219512195,1,-1,"ok","-"
"collective_d10","collective",10,71,808672,"U-MCCD",1,1,1,1,10,-1,"ok","-"
"collective_d10","collective",10,71,808672,"SU-MCCD",1,1,1,1,10,-1,"ok","-"
"collective_d10","collective",10,71,808672,"UN-MCCD",1,1,1,1,10,-1,"ok","-"
"collective_d10","collective",10,71,808672,"SUN-MCCD",1,1,1,1,10,-1,"ok","-"
"collective_d10","collective",10,71,808672,"LOF",0,1,0.5,0,0,-1,"ok","-"
"collective_d10","collective",10,71,808672,"DBSCAN",0,1,0.5,0,0,-1,"ok","-"
"collective_d10","collective",10,71,808672,"MST",0.2,0.920634920634921,0.56031746031746,0.175438596491228,17,-1,"ok","-"
"collective_d10","collective",10,71,808672,"ODIN",0,0.984126984126984,0.492063492063492,0,3,-1,"ok","-"
"collective_d10","collective",10,71,808672,"iForest",0.1,1,0.55,0.121951219512195,1,-1,"ok","-"
"collective_d10","collective",10,72,808673,"U-MCCD",0,1,0.5,0,0,-1,"ok","-"
"collective_d10","collective",10,72,808673,"SU-MCCD",0,1,0.5,0,0,-1,"ok","-"
"collective_d10","collective",10,72,808673,"UN-MCCD",0,1,0.5,0,0,-1,"ok","-"
"collective_d10","collective",10,72,808673,"SUN-MCCD",0,1,0.5,0,0,-1,"ok","-"
"collective_d10","collective",10,72,808673,"LOF",0,1,0.5,0,0,-1,"ok","-"
"collective_d10","collective",10,72,808673,"DBSCAN",0,1,0.5,0,0,-1,"ok","-"
"collective_d10","collective",10,72,808673,"MST",0.1,0.894179894179894,0.497089947089947,0.0819672131147541,21,-1,"ok","-"
"collective_d10","collective",10,72,808673,"ODIN",0,0.968253968253968,0.484126984126984,0,6,-1,"ok","-"
"collective_d10","collective",10,72,808673,"iForest",0,1,0.5,0,0,-1,"ok","-"
"collective_d10","collective",10,73,808674,"U-MCCD",1,0.978835978835979,0.989417989417989,0.925925925925926,14,-1,"ok","-"
"collective_d10","collective",10,73,808674,"SU-MCCD",1,0.978835978835979,0.989417989417989,0.925925925925926,14,-1,"ok","-"
"collective_d10","collective",10,73,808674,"UN-MCCD",1,1,1,1,10,-1,"ok","-"
"collective_d10","collective",10,73,808674,"SUN-MCCD",1,1,1,1,10,-1,"ok","-"
"collective_d10","collective",10,73,808674,"LOF",0,1,0.5,0,0,-1,"ok","-"
"collective_d10","collective",10,73,808674,"DBSCAN",0,1,0.5,0,0,-1,"ok","-"
"collective_d10","collective",10,73,808674,"MST",0.2,0.873015873015873,0.536507936507936,0.151515151515152,26,-1,"ok","-"
"collective_d10","collective",10,73,808674,"ODIN",0,0.978835978835979,0.489417989417989,0,4,-1,"ok","-"
"collective_d10","collective",10,73,808674,"iForest",0.4,1,0.7,0.454545454545455,4,-1,"ok","-"
"collective_d10","collective",10,74,808675,"U-MCCD",1,1,1,1,10,-1,"ok","-"
"collective_d10","collective",10,74,808675,"SU-MCCD",1,0.994708994708995,0.997354497354497,0.980392156862745,11,-1,"ok","-"
"collective_d10","collective",10,74,808675,"UN-MCCD",1,0.989417989417989,0.994708994708995,0.961538461538461,12,-1,"ok","-"
"collective_d10","collective",10,74,808675,"SUN-MCCD",1,1,1,1,10,-1,"ok","-"
"collective_d10","collective",10,74,808675,"LOF",0.1,1,0.55,0.121951219512195,1,-1,"ok","-"
"collective_d10","collective",10,74,808675,"DBSCAN",0,0.994708994708995,0.497354497354497,0,1,-1,"ok","-"
"collective_d10","collective",10,74,808675,"MST",0,0.857142857142857,0.428571428571429,0,27,-1,"ok","-"
"collective_d10","collective",10,74,808675,"ODIN",0,0.952380952380952,0.476190476190476,0,9,-1,"ok","-"
"collective_d10","collective",10,74,808675,"iForest",0.2,1,0.6,0.238095238095238,2,-1,"ok","-"
"collective_d10","collective",10,75,808676,"U-MCCD",0,1,0.5,0,0,-1,"ok","-"
"collective_d10","collective",10,75,808676,"SU-MCCD",0,1,0.5,0,0,-1,"ok","-"
"collective_d10","collective",10,75,808676,"UN-MCCD",0,1,0.5,0,0,-1,"ok","-"
"collective_d10","collective",10,75,808676,"SUN-MCCD",0,1,0.5,0,0,-1,"ok","-"
"collective_d10","collective",10,75,808676,"LOF",0,1,0.5,0,0,-1,"ok","-"
"collective_d10","collective",10,75,808676,"DBSCAN",0,1,0.5,0,0,-1,"ok","-"
"collective_d10","collective",10,75,808676,"MST",0,0.862433862433862,0.431216931216931,0,26,-1,"ok","-"
"collective_d10","collective",10,75,808676,"ODIN",0,0.968253968253968,0.484126984126984,0,6,-1,"ok","-"
"collective_d10","collective",10,75,808676,"iForest",0,1,0.5,0,0,-1,"ok","-"
"collective_d10","collective",10,76,808677,"U-MCCD",1,0.994708994708995,0.997354497354497,0.980392156862745,11,-1,"ok","-"
"collective_d10","collective",10,76,808677,"SU-MCCD",1,1,1,1,10,-1,"ok","-"
"collective_d10","collective",10,76,808677,"UN-MCCD",1,1,1,1,10,-1,"ok","-"
"collective_d10","collective",10,76,808677,"SUN-MCCD",0,1,0.5,0,0,-1,"ok","-"
"collective_d10","collective",10,76,808677,"LOF",0,1,0.5,0,0,-1,"ok","-"
"collective_d10","collective",10,76,808677,"DBSCAN",0,1,0.5,0,0,-1,"ok","-"
"collective_d10","collective",10,76,808677,"MST",0,0.920634920634921,0.46031746031746,0,15,-1,"ok","-"
"collective_d10","collective",10,76,808677,"ODIN",0,0.952380952380952,0.476190476190476,0,9,-1,"ok","-"
"collective_d10","collective",10,76,808677,"iForest",0,1,0.5,0,0,-1,"ok","-"
"collective_d10","collective",10,77,808678,"U-MCCD",1,0.989417989417989,0.994708994708995,0.961538461538461,12,-1,"ok","-"
"collective_d10","collective",10,77,808678,"SU-MCCD",1,0.994708994708995,0.997354497354497,0.980392156862745,11,-1,"ok","-"
"collective_d10","collective",10,77,808678,"UN-MCCD",1,1,1,1,10,-1,"ok","-"
"collective_d10","collective",10,77,808678,"SUN-MCCD",1,1,1,1,10,-1,"ok","-"
"collective_d10","collective",10,77,808678,"LOF",0,1,0.5,0,0,-1,"ok","-"
"collective_d10","collective",10,77,808678,"DBSCAN",0,1,0.5,0,0,-1,"ok","-"
"collective_d10","collective",10,77,808678,"MST",0.1,0.862433862433862,0.481216931216931,0.0746268656716418,27,-1,"ok","-"
"collective_d10","collective",10,77,808678,"ODIN",0,0.973544973544973,0.486772486772487,0,5,-1,"ok","-"
"collective_d10","collective",10,77,808678,"iForest",0.1,1,0.55,0.121951219512195,1,-1,"ok","-"
"collective_d10","collective",10,78,808679,"U-MCCD",1,0.962962962962963,0.981481481481481,0.87719298245614,17,-1,"ok","-"
"collective_d10","collective",10,78,808679,"SU-MCCD",1,0.984126984126984,0.992063492063492,0.943396226415094,13,-1,"ok","-"
"collective_d10","collective",10,78,808679,"UN-MCCD",1,0.994708994708995,0.997354497354497,0.980392156862745,11,-1,"ok","-"
"collective_d10","collective",10,78,808679,"SUN-MCCD",1,1,1,1,10,-1,"ok","-"
"collective_d10","collective",10,78,808679,"LOF",0,1,0.5,0,0,-1,"ok","-"
"collective_d10","collective",10,78,808679,"DBSCAN",0,1,0.5,0,0,-1,"ok","-"
"collective_d10","collective",10,78,808679,"MST",0.2,0.867724867724868,0.533862433862434,0.149253731343284,27,-1,"ok","-"
"collective_d10","collective",10,78,808679,"ODIN",0,0.957671957671958,0.478835978835979,0,8,-1,"ok","-"
"collective_d10","collective",10,78,808679,"iForest",0,1,0.5,0,0,-1,"ok","-"
"collective_d10","collective",10,79,808680,"U-MCCD",1,0.978835978835979,0.989417989417989,0.925925925925926,14,-1,"ok","-"
"collective_d10","collective",10,79,808680,"SU-MCCD",1,1,1,1,10,-1,"ok","-"
"collective_d10","collective",10,79,808680,"UN-MCCD",0,1,0.5,0,0,-1,"ok","-"
"collective_d10","collective",10,79,808680,"SUN-MCCD",0,1,0.5,0,0,-1,"ok","-"
"collective_d10","collective",10,79,808680,"LOF",0,1,0.5,0,0,-1,"ok","-"
"collective_d10","collective",10,79,808680,"DBSCAN",0,0.994708994708995,0.497354497354497,0,1,-1,"ok","-"
"collective_d10","collective",10,79,808680,"MST",0.1,0.867724867724868,0.483862433862434,0.0757575757575757,26,-1,"ok","-"
"collective_d10","collective",10,79,808680,"ODIN",0,0.978835978835979,0.489417989417989,0,4,-1,"ok","-"
"collective_d10","collective",10,79,808680,"iForest",0,1,0.5,0,0,-1,"ok","-"
"collective_d10","collective",10,80,808681,"U-MCCD",1,1,1,1,10,-1,"ok","-"
"collective_d10","collective",10,80,808681,"SU-MCCD",1,1,1,1,10,-1,"ok","-"
"collective_d10","collective",10,80,808681,"UN-MCCD",1,1,1,1,10,-1,"ok","-"
"collective_d10","collective",10,80,808681,"SUN-MCCD",0,1,0.5,0,0,-1,"ok","-"
"collective_d10","collective",10,80,808681,"LOF",0,1,0.5,0,0,-1,"ok","-"
"collective_d10","collective",10,80,808681,"DBSCAN",0,1,0.5,0,0,-1,"ok","-"
"collective_d10","collective",10,80,808681,"MST",0,0.904761904761905,0.452380952380952,0,18,-1,"ok","-"
"collective_d10","collective",10,80,808681,"ODIN",0,0.968253968253968,0.484126984126984,0,6,-1,"ok","-"
"collective_d10","collective",10,80,808681,"iForest",0.2,1,0.6,0.238095238095238,2,-1,"ok","-"
"collective_d10","collective",10,81,808682,"U-MCCD",1,1,1,1,10,-1,"ok","-"
"collective_d10","collective",10,81,808682,"SU-MCCD",1,0.994708994708995,0.997354497354497,0.980392156862745,11,-1,"ok","-"
"collective_d10","collective",10,81,808682,"UN-MCCD",1,0.989417989417989,0.994708994708995,0.961538461538461,12,-1,"ok","-"
"collective_d10","collective",10,81,808682,"SUN-MCCD",1,0.994708994708995,0.997354497354497,0.980392156862745,11,-1,"ok","-"
"collective_d10","collective",10,81,808682,"LOF",0,1,0.5,0,0,-1,"ok","-"
"collective_d10","collective",10,81,808682,"DBSCAN",0,1,0.5,0,0,-1,"ok","-"
"collective_d10","collective",10,81,808682,"MST",0.4,0.925925925925926,0.662962962962963,0.344827586206897,18,-1,"ok","-"
"collective_d10","collective",10,81,808682,"ODIN",0,0.978835978835979,0.489417989417989,0,4,-1,"ok","-"
"collective_d10","collective",10,81,808682,"iForest",0.1,1,0.55,0.121951219512195,1,-1,"ok","-"
"collective_d10","collective",10,82,808683,"U-MCCD",0,1,0.5,0,0,-1,"ok","-"
"collective_d10","collective",10,82,808683,"SU-MCCD",0,1,0.5,0,0,-1,"ok","-"
"collective_d10","collective",10,82,808683,"UN-MCCD",0,1,0.5,0,0,-1,"ok","-"
"collective_d10","collective",10,82,808683,"SUN-MCCD",0,1,0.5,0,0,-1,"ok","-"
"collective_d10","collective",10,82,808683,"LOF",0,1,0.5,0,0,-1,"ok","-"
"collective_d10","collective",10,82,808683,"DBSCAN",0,0.994708994708995,0.497354497354497,0,1,-1,"ok","-"
"collective_d10","collective",10,82,808683,"MST",0,0.915343915343915,0.457671957671958,0,16,-1,"ok","-"
"collective_d10","collective",10,82,808683,"ODIN",0,0.962962962962963,0.481481481481481,0,7,-1,"ok","-"
"collective_d10","collective",10,82,808683,"iForest",0,1,0.5,0,0,-1,"ok","-"
"collective_d10","collective",10,83,808684,"U-MCCD",1,0.941798941798942,0.970899470899471,0.819672131147541,21,-1,"ok","-"
"collective_d10","collective",10,83,808684,"SU-MCCD",1,0.994708994708995,0.997354497354497,0.980392156862745,11,-1,"ok","-"
"collective_d10","collective",10,83,808684,"UN-MCCD",1,0.984126984126984,0.992063492063492,0.943396226415094,13,-1,"ok","-"
"collective_d10","collective",10,83,808684,"SUN-MCCD",0,0.994708994708995,0.497354497354497,0,1,-1,"ok","-"
"collective_d10","collective",10,83,808684,"LOF",0.2,1,0.6,0.238095238095238,2,-1,"ok","-"
"collective_d10","collective",10,83,808684,"DBSCAN",0,1,0.5,0,0,-1,"ok","-"
"collective_d10","collective",10,83,808684,"MST",0,0.904761904761905,0.452380952380952,0,18,-1,"ok","-"
"collective_d10","collective",10,83,808684,"ODIN",0,0.957671957671958,0.478835978835979,0,8,-1,"ok","-"
"collective_d10","collective",10,83,808684,"iForest",0.2,1,0.6,0.238095238095238,2,-1,"ok","-"
"collective_d10","collective",10,84,808685,"U-MCCD",1,0.888888888888889,0.944444444444444,0.704225352112676,31,-1,"ok","-"
"collective_d10","collective",10,84,808685,"SU-MCCD",1,1,1,1,10,-1,"ok","-"
"collective_d10","collective",10,84,808685,"UN-MCCD",0,1,0.5,0,0,-1,"ok","-"
"collective_d10","collective",10,84,808685,"SUN-MCCD",0,1,0.5,0,0,-1,"ok","-"
"collective_d10","collective",10,84,808685,"LOF",0,1,0.5,0,0,-1,"ok","-"
"collective_d10","collective",10,84,808685,"DBSCAN",0,1,0.5,0,0,-1,"ok","-"
"collective_d10","collective",10,84,808685,"MST",0.2,0.883597883597884,0.541798941798942,0.15625,24,-1,"ok","-"
"collective_d10","collective",10,84,808685,"ODIN",0,0.978835978835979,0.489417989417989,0,4,-1,"ok","-"
"collective_d10","collective",10,84,808685,"iForest",0,1,0.5,0,0,-1,"ok","-"
"collective_d10","collective",10,85,808686,"U-MCCD",1,1,1,1,10,-1,"ok","-"
"collective_d10","collective",10,85,808686,"SU-MCCD",1,1,1,1,10,-1,"ok","-"
"collective_d10","collective",10,85,808686,"UN-MCCD",1,1,1,1,10,-1,"ok","-"
"collective_d10","collective",10,85,808686,"SUN-MCCD",1,1,1,1,10,-1,"ok","-"
"collective_d10","collective",10,85,808686,"LOF",0,1,0.5,0,0,-1,"ok","-"
"collective_d10","collective",10,85,808686,"DBSCAN",0,1,0.5,0,0,-1,"ok","-"
"collective_d10","collective",10,85,808686,"MST",0,0.915343915343915,0.457671957671958,0,16,-1,"ok","-"
"collective_d10","collective",10,85,808686,"ODIN",0,0.978835978835979,0.489417989417989,0,4,-1,"ok","-"
"collective_d10","collective",10,85,808686,"iForest",0,1,0.5,0,0,-1,"ok","-"
"collective_d10","collective",10,86,808687,"U-MCCD",1,0.957671957671958,0.978835978835979,0.862068965517241,18,-1,"ok","-"
"collective_d10","collective",10,86,808687,"SU-MCCD",0,0.973544973544973,0.486772486772487,0,5,-1,"ok","-"
"collective_d10","collective",10,86,808687,"UN-MCCD",0,0.994708994708995,0.497354497354497,0,1,-1,"ok","-"
"collective_d10","collective",10,86,808687,"SUN-MCCD",0,1,0.5,0,0,-1,"ok","-"
"collective_d10","collective",10,86,808687,"LOF",0,1,0.5,0,0,-1,"ok","-"
"collective_d10","collective",10,86,808687,"DBSCAN",0,1,0.5,0,0,-1,"ok","-"
"collective_d10","collective",10,86,808687,"MST",0.1,0.91005291005291,0.505026455026455,0.0862068965517241,18,-1,"ok","-"
"collective_d10","collective",10,86,808687,"ODIN",0,0.962962962962963,0.481481481481481,0,7,-1,"ok","-"
"collective_d10","collective",10,86,808687,"iForest",0,1,0.5,0,0,-1,"ok","-"
"collective_d10","collective",10,87,808688,"U-MCCD",1,1,1,1,10,-1,"ok","-"
"collective_d10","collective",10,87,808688,"SU-MCCD",1,1,1,1,10,-1,"ok","-"
"collective_d10","collective",10,87,808688,"UN-MCCD",1,0.978835978835979,0.989417989417989,0.925925925925926,14,-1,"ok","-"
"collective_d10","collective",10,87,808688,"SUN-MCCD",1,0.989417989417989,0.994708994708995,0.961538461538461,12,-1,"ok","-"
"collective_d10","collective",10,87,808688,"LOF",0,1,0.5,0,0,-1,"ok","-"
"collective_d10","collective",10,87,808688,"DBSCAN",0,0.994708994708995,0.497354497354497,0,1,-1,"ok","-"
"collective_d10","collective",10,87,808688,"MST",0,0.931216931216931,0.465608465608466,0,13,-1,"ok","-"
"collective_d10","collective",10,87,808688,"ODIN",0,0.973544973544973,0.486772486772487,0,5,-1,"ok","-"
"collective_d10","collective",10,87,808688,"iForest",0,1,0.5,0,0,-1,"ok","-"
"collective_d10","collective",10,88,808689,"U-MCCD",1,0.978835978835979,0.989417989417989,0.925925925925926,14,-1,"ok","-"
"collective_d10","collective",10,88,808689,"SU-MCCD",1,0.968253968253968,0.984126984126984,0.892857142857143,16,-1,"ok","-"
"collective_d10","collective",10,88,808689,"UN-MCCD",1,1,1,1,10,-1,"ok","-"
"collective_d10","collective",10,88,808689,"SUN-MCCD",1,1,1,1,10,-1,"ok","-"
"collective_d10","collective",10,88,808689,"LOF",0,1,0.5,0,0,-1,"ok","-"
"collective_d10","collective",10,88,808689,"DBSCAN",0,1,0.5,0,0,-1,"ok","-"
"collective_d10","collective",10,88,808689,"MST",0.3,0.920634920634921,0.61031746031746,0.258620689655172,18,-1,"ok","-"
"collective_d10","collective",10,88,808689,"ODIN",0,0.984126984126984,0.492063492063492,0,3,-1,"ok","-"
"collective_d10","collective",10,88,808689,"iForest",0,1,0.5,0,0,-1,"ok","-"
"collective_d10","collective",10,89,808690,"U-MCCD",1,0.994708994708995,0.997354497354497,0.980392156862745,11,-1,"ok","-"
"collective_d10","collective",10,89,808690,"SU-MCCD",1,0.994708994708995,0.997354497354497,0.980392156862745,11,-1,"ok","-"
"collective_d10","collective",10,89,808690,"UN-MCCD",1,1,1,1,10,-1,"ok","-"
"collective_d10","collective",10,89,808690,"SUN-MCCD",0,1,0.5,0,0,-1,"ok","-"
"collective_d10","collective",10,89,808690,"LOF",0,1,0.5,0,0,-1,"ok","-"
"collective_d10","collective",10,89,808690,"DBSCAN",0,1,0.5,0,0,-1,"ok","-"
"collective_d10","collective",10,89,808690,"MST",0.4,0.899470899470899,0.64973544973545,0.317460317460317,23,-1,"ok","-"
"collective_d10","collective",10,89,808690,"ODIN",0,0.973544973544973,0.486772486772487,0,5,-1,"ok","-"
"collective_d10","collective",10,89,808690,"iForest",0,1,0.5,0,0,-1,"ok","-"
"collective_d10","collective",10,90,808691,"U-MCCD",1,0.968253968253968,0.984126984126984,0.892857142857143,16,-1,"ok","-"
"collective_d10","collective",10,90,808691,"SU-MCCD",0,1,0.5,0,0,-1,"ok","-"
"collective_d10","collective",10,90,808691,"UN-MCCD",1,1,1,1,10,-1,"ok","-"
"collective_d10","collective",10,90,808691,"SUN-MCCD",1,1,1,1,10,-1,"ok","-"
"collective_d10","collective",10,90,808691,"LOF",0,1,0.5,0,0,-1,"ok","-"
"collective_d10","collective",10,90,808691,"DBSCAN",0,1,0.5,0,0,-1,"ok","-"
"collective_d10","collective",10,90,808691,"MST",0.1,0.899470899470899,0.49973544973545,0.0833333333333333,20,-1,"ok","-"
"collective_d10","collective",10,90,808691,"ODIN",0,0.962962962962963,0.481481481481481,0,7,-1,"ok","-"
"collective_d10","collective",10,90,808691,"iForest",0,1,0.5,0,0,-1,"ok","-"
"collective_d10","collective",10,91,808692,"U-MCCD",1,0.920634920634921,0.96031746031746,0.769230769230769,25,-1,"ok","-"
"collective_d10","collective",10,91,808692,"SU-MCCD",1,0.973544973544973,0.986772486772487,0.909090909090909,15,-1,"ok","-"
"collective_d10","collective",10,91,808692,"UN-MCCD",1,1,1,1,10,-1,"ok","-"
"collective_d10","collective",10,91,808692,"SUN-MCCD",1,1,1,1,10,-1,"ok","-"
"collective_d10","collective",10,91,808692,"LOF",0,1,0.5,0,0,-1,"ok","-"
"collective_d10","collective",10,91,808692,"DBSCAN",0,1,0.5,0,0,-1,"ok","-"
"collective_d10","collective",10,91,808692,"MST",0.4,0.936507936507937,0.668253968253968,0.357142857142857,16,-1,"ok","-"
"collective_d10","collective",10,91,808692,"ODIN",0,0.973544973544973,0.486772486772487,0,5,-1,"ok","-"
"collective_d10","collective",10,91,808692,"iForest",0,1,0.5,0,0,-1,"ok","-"
"collective_d10","collective",10,92,808693,"U-MCCD",1,0.989417989417989,0.994708994708995,0.961538461538461,12,-1,"ok","-"
"collective_d10","collective",10,92,808693,"SU-MCCD",1,1,1,1,10,-1,"ok","-"
"collective_d10","collective",10,92,808693,"UN-MCCD",1,1,1,1,10,-1,"ok","-"
"collective_d10","collective",10,92,808693,"SUN-MCCD",1,1,1,1,10,-1,"ok","-"
"collective_d10","collective",10,92,808693,"LOF",0,1,0.5,0,0,-1,"ok","-"
"collective_d10","collective",10,92,808693,"DBSCAN",0,1,0.5,0,0,-1,"ok","-"
"collective_d10","collective",10,92,808693,"MST",0,0.91005291005291,0.455026455026455,0,17,-1,"ok","-"
"collective_d10","collective",10,92,808693,"ODIN",0,0.931216931216931,0.465608465608466,0,13,-1,"ok","-"
"collective_d10","collective",10,92,808693,"iForest",0,1,0.5,0,0,-1,"ok","-"
"collective_d10","collective",10,93,808694,"U-MCCD",0,0.994708994708995,0.497354497354497,0,1,-1,"ok","-"
"collective_d10","collective",10,93,808694,"SU-MCCD",0,0.994708994708995,0.497354497354497,0,1,-1,"ok","-"
"collective_d10","collective",10,93,808694,"UN-MCCD",0,0.994708994708995,0.497354497354497,0,1,-1,"ok","-"
"collective_d10","collective",10,93,808694,"SUN-MCCD",0,0.994708994708995,0.497354497354497,0,1,-1,"ok","-"
"collective_d10","collective",10,93,808694,"LOF",0,1,0.5,0,0,-1,"ok","-"
"collective_d10","collective",10,93,808694,"DBSCAN",0,1,0.5,0,0,-1,"ok","-"
"collective_d10","collective",10,93,808694,"MST",0.1,0.883597883597884,0.491798941798942,0.0793650793650794,23,-1,"ok","-"
"collective_d10","collective",10,93,808694,"ODIN",0,0.973544973544973,0.486772486772487,0,5,-1,"ok","-"
"collective_d10","collective",10,93,808694,"iForest",0,1,0.5,0,0,-1,"ok","-"
"collective_d10","collective",10,94,808695,"U-MCCD",1,0.989417989417989,0.994708994708995,0.961538461538461,12,-1,"ok","-"
"collective_d10","collective",10,94,808695,"SU-MCCD",1,0.989417989417989,0.994708994708995,0.961538461538461,12,-1,"ok","-"
"collective_d10","collective",10,94,808695,"UN-MCCD",1,1,1,1,10,-1,"ok","-"
"collective_d10","collective",10,94,808695,"SUN-MCCD",1,1,1,1,10,-1,"ok","-"
"collective_d10","collective",10,94,808695,"LOF",0,1,0.5,0,0,-1,"ok","-"
"collective_d10","collective",10,94,808695,"DBSCAN",0,1,0.5,0,0,-1,"ok","-"
"collective_d10","collective",10,94,808695,"MST",0.1,0.920634920634921,0.51031746031746,0.0892857142857143,16,-1,"ok","-"
"collective_d10","collective",10,94,808695,"ODIN",0,0.952380952380952,0.476190476190476,0,9,-1,"ok","-"
"collective_d10","collective",10,94,808695,"iForest",0,1,0.5,0,0,-1,"ok","-"
"collective_d10","collective",10,95,808696,"U-MCCD",0,0.994708994708995,0.497354497354497,0,1,-1,"ok","-"
"collective_d10","collective",10,95,808696,"SU-MCCD",0,1,0.5,0,0,-1,"ok","-"
"collective_d10","collective",10,95,808696,"UN-MCCD",0,1,0.5,0,0,-1,"ok","-"
"collective_d10","collective",10,95,808696,"SUN-MCCD",0,1,0.5,0,0,-1,"ok","-"
"collective_d10","collective",10,95,808696,"LOF",0,1,0.5,0,0,-1,"ok","-"
"collective_d10","collective",10,95,808696,"DBSCAN",0,0.994708994708995,0.497354497354497,0,1,-1,"ok","-"
"collective_d10","collective",10,95,808696,"MST",1,0.925925925925926,0.962962962962963,0.78125,24,-1,"ok","-"
"collective_d10","collective",10,95,808696,"ODIN",0,0.968253968253968,0.484126984126984,0,6,-1,"ok","-"
"collective_d10","collective",10,95,808696,"iForest",0.1,1,0.55,0.121951219512195,1,-1,"ok","-"
"collective_d10","collective",10,96,808697,"U-MCCD",0,1,0.5,0,0,-1,"ok","-"
"collective_d10","collective",10,96,808697,"SU-MCCD",0,1,0.5,0,0,-1,"ok","-"
"collective_d10","collective",10,96,808697,"UN-MCCD",0,1,0.5,0,0,-1,"ok","-"
"collective_d10","collective",10,96,808697,"SUN-MCCD",0,1,0.5,0,0,-1,"ok","-"
"collective_d10","collective",10,96,808697,"LOF",0,1,0.5,0,0,-1,"ok","-"
"collective_d10","collective",10,96,808697,"DBSCAN",0,1,0.5,0,0,-1,"ok","-"
"collective_d10","collective",10,96,808697,"MST",0.1,0.952380952380952,0.526190476190476,0.1,10,-1,"ok","-"
"collective_d10","collective",10,96,808697,"ODIN",0,0.978835978835979,0.489417989417989,0,4,-1,"ok","-"
"collective_d10","collective",10,96,808697,"iForest",0.2,1,0.6,0.238095238095238,2,-1,"ok","-"
"collective_d10","collective",10,97,808698,"U-MCCD",0,0.947089947089947,0.473544973544974,0,10,-1,"ok","-"
"collective_d10","collective",10,97,808698,"SU-MCCD",0,0.994708994708995,0.497354497354497,0,1,-1,"ok","-"
"collective_d10","collective",10,97,808698,"UN-MCCD",0,0.989417989417989,0.494708994708995,0,2,-1,"ok","-"
"collective_d10","collective",10,97,808698,"SUN-MCCD",0,0.994708994708995,0.497354497354497,0,1,-1,"ok","-"
"collective_d10","collective",10,97,808698,"LOF",0,1,0.5,0,0,-1,"ok","-"
"collective_d10","collective",10,97,808698,"DBSCAN",0,1,0.5,0,0,-1,"ok","-"
"collective_d10","collective",10,97,808698,"MST",0.2,0.883597883597884,0.541798941798942,0.15625,24,-1,"ok","-"
"collective_d10","collective",10,97,808698,"ODIN",0,0.947089947089947,0.473544973544974,0,10,-1,"ok","-"
"collective_d10","collective",10,97,808698,"iForest",0,1,0.5,0,0,-1,"ok","-"
"collective_d10","collective",10,98,808699,"U-MCCD",1,0.978835978835979,0.989417989417989,0.925925925925926,14,-1,"ok","-"
"collective_d10","collective",10,98,808699,"SU-MCCD",1,0.962962962962963,0.981481481481481,0.87719298245614,17,-1,"ok","-"
"collective_d10","collective",10,98,808699,"UN-MCCD",1,0.994708994708995,0.997354497354497,0.980392156862745,11,-1,"ok","-"
"collective_d10","collective",10,98,808699,"SUN-MCCD",1,1,1,1,10,-1,"ok","-"
"collective_d10","collective",10,98,808699,"LOF",0,1,0.5,0,0,-1,"ok","-"
"collective_d10","collective",10,98,808699,"DBSCAN",0,1,0.5,0,0,-1,"ok","-"
"collective_d10","collective",10,98,808699,"MST",0.2,0.931216931216931,0.565608465608466,0.181818181818182,15,-1,"ok","-"
"collective_d10","collective",10,98,808699,"ODIN",0,0.978835978835979,0.489417989417989,0,4,-1,"ok","-"
"collective_d10","collective",10,98,808699,"iForest",0.3,1,0.65,0.348837209302326,3,-1,"ok","-"
"collective_d10","collective",10,99,808700,"U-MCCD",0,0.989417989417989,0.494708994708995,0,2,-1,"ok","-"
"collective_d10","collective",10,99,808700,"SU-MCCD",0.1,0.978835978835979,0.539417989417989,0.111111111111111,5,-1,"ok","-"
"collective_d10","collective",10,99,808700,"UN-MCCD",0,1,0.5,0,0,-1,"ok","-"
"collective_d10","collective",10,99,808700,"SUN-MCCD",0,1,0.5,0,0,-1,"ok","-"
"collective_d10","collective",10,99,808700,"LOF",0,1,0.5,0,0,-1,"ok","-"
"collective_d10","collective",10,99,808700,"DBSCAN",0,1,0.5,0,0,-1,"ok","-"
"collective_d10","collective",10,99,808700,"MST",0.1,0.883597883597884,0.491798941798942,0.0793650793650794,23,-1,"ok","-"
"collective_d10","collective",10,99,808700,"ODIN",0,0.957671957671958,0.478835978835979,0,8,-1,"ok","-"
"collective_d10","collective",10,99,808700,"iForest",0.1,1,0.55,0.121951219512195,1,-1,"ok","-"
"collective_d10","collective",10,100,808701,"U-MCCD",1,1,1,1,10,-1,"ok","-"
"collective_d10","collective",10,100,808701,"SU-MCCD",1,1,1,1,10,-1,"ok","-"
"collective_d10","collective",10,100,808701,"UN-MCCD",1,1,1,1,10,-1,"ok","-"
"collective_d10","collective",10,100,808701,"SUN-MCCD",1,1,1,1,10,-1,"ok","-"
"collective_d10","collective",10,100,808701,"LOF",0,1,0.5,0,0,-1,"ok","-"
"collective_d10","collective",10,100,808701,"DBSCAN",0,1,0.5,0,0,-1,"ok","-"
"collective_d10","collective",10,100,808701,"MST",0,0.878306878306878,0.439153439153439,0,23,-1,"ok","-"
"collective_d10","collective",10,100,808701,"ODIN",0,0.978835978835979,0.489417989417989,0,4,-1,"ok","-"
"collective_d10","collective",10,100,808701,"iForest",0.2,1,0.6,0.238095238095238,2,-1,"ok","-"
