"setting_id","generator","d","n","n0","rep","seed","variant_id","stat","remove_centre","method","quant_label","min_cls","low_num","TPR","TNR","BA","F2","n_flagged","n_clusters","mean_radius","sd_radius","unassigned_rows","singleton_lost_rows","elapsed_sec","status","note","timestamp"
"uniform_d3","uniform",3,199,10,1,9101,"stock","both",TRUE,"ascend","90",0.05,3,1,1,1,1,10,2,0.539136568188919,0.437811176019972,0,0,0.621843099594116,"ok","-","2026-09-05 19:04:59"
"uniform_d3","uniform",3,199,10,1,9101,"stat_mean","mean",TRUE,"ascend","90",0.05,3,1,1,1,1,10,2,0.569915253356422,0.440915632618008,0,0,0.664338111877441,"ok","-","2026-09-05 19:05:00"
"uniform_d3","uniform",3,199,10,1,9101,"stat_median","median",TRUE,"ascend","90",0.05,3,1,1,1,1,10,2,0.598803121704685,0.446658242500402,0,0,0.689640998840332,"ok","-","2026-09-05 19:05:01"
"uniform_d3","uniform",3,199,10,1,9101,"centre_off","both",FALSE,"ascend","90",0.05,3,1,0.994708994708995,0.997354497354497,0.980392156862745,11,2,0.481541407702478,0.427831086291305,0,0,0.680437088012695,"ok","-","2026-09-05 19:05:02"
"uniform_d3","uniform",3,199,10,1,9101,"direction_descend","both",TRUE,"descend","90",0.05,3,1,1,1,1,10,2,0.653473107546338,0.377271649113632,0,0,8.03933811187744,"ok","-","2026-09-05 19:05:10"
"uniform_d10","uniform",10,199,10,1,9101,"stock","both",TRUE,"ascend","999",0.05,3,1,1,1,1,10,2,0.991463381351721,0.42300666192153,0,0,0.411697864532471,"ok","-","2026-09-05 19:05:10"
"uniform_d10","uniform",10,199,10,1,9101,"stat_mean","mean",TRUE,"ascend","999",0.05,3,1,1,1,1,10,2,0.993060903464741,0.423344214137583,0,0,0.424882888793945,"ok","-","2026-09-05 19:05:11"
"uniform_d10","uniform",10,199,10,1,9101,"stat_median","median",TRUE,"ascend","999",0.05,3,1,1,1,1,10,2,1.02650930945749,0.426530603238304,0,0,0.438992977142334,"ok","-","2026-09-05 19:05:11"
"uniform_d10","uniform",10,199,10,1,9101,"centre_off","both",FALSE,"ascend","999",0.05,3,1,0.994708994708995,0.997354497354497,0.980392156862745,11,2,0.973480525798271,0.424906860317781,0,0,0.423846960067749,"ok","-","2026-09-05 19:05:11"
"uniform_d10","uniform",10,199,10,1,9101,"direction_descend","both",TRUE,"descend","999",0.05,3,1,1,1,1,10,2,0.978795736098348,0.303003645273906,0,0,8.27775287628174,"ok","-","2026-09-05 19:05:20"
"gaussian_d3","gaussian",3,199,10,1,9101,"stock","both",TRUE,"ascend","90",0.05,3,1,0.947089947089947,0.973544973544973,0.833333333333333,20,2,0.370676792804306,0.52536183742511,0,0,0.399127006530762,"ok","-","2026-09-05 19:05:20"
"gaussian_d3","gaussian",3,199,10,1,9101,"stat_mean","mean",TRUE,"ascend","90",0.05,3,1,0.957671957671958,0.978835978835979,0.862068965517241,18,2,0.386858460825227,0.524427241674362,0,0,0.824745893478394,"ok","-","2026-09-05 19:05:21"
"gaussian_d3","gaussian",3,199,10,1,9101,"stat_median","median",TRUE,"ascend","90",0.05,3,1,0.947089947089947,0.973544973544973,0.833333333333333,20,2,0.393084549732283,0.535015950029234,0,0,0.400671005249023,"ok","-","2026-09-05 19:05:21"
"gaussian_d3","gaussian",3,199,10,1,9101,"centre_off","both",FALSE,"ascend","90",0.05,3,1,0.91005291005291,0.955026455026455,0.746268656716418,27,2,0.362146414128255,0.539792409274857,0,0,0.42323899269104,"ok","-","2026-09-05 19:05:22"
"gaussian_d3","gaussian",3,199,10,1,9101,"direction_descend","both",TRUE,"descend","90",0.05,3,1,0.978835978835979,0.989417989417989,0.925925925925926,14,2,0.415092740080358,0.404322005129403,0,0,8.14255285263062,"ok","-","2026-09-05 19:05:30"
"gaussian_d10","gaussian",10,199,10,1,9101,"stock","both",TRUE,"ascend","999",0.05,3,1,0.947089947089947,0.973544973544973,0.833333333333333,20,2,0.538603466062811,0.322386445205539,0,0,0.502432107925415,"ok","-","2026-09-05 19:05:31"
"gaussian_d10","gaussian",10,199,10,1,9101,"stat_mean","mean",TRUE,"ascend","999",0.05,3,1,0.941798941798942,0.970899470899471,0.819672131147541,21,2,0.540049162755936,0.32195670030187,0,0,0.599919080734253,"ok","-","2026-09-05 19:05:31"
"gaussian_d10","gaussian",10,199,10,1,9101,"stat_median","median",TRUE,"ascend","999",0.05,3,1,0.952380952380952,0.976190476190476,0.847457627118644,19,2,0.561960198856696,0.324283105506776,0,0,0.665266990661621,"ok","-","2026-09-05 19:05:32"
"gaussian_d10","gaussian",10,199,10,1,9101,"centre_off","both",FALSE,"ascend","999",0.05,3,1,0.941798941798942,0.970899470899471,0.819672131147541,21,2,0.528465689759784,0.325786831948737,0,0,0.536059856414795,"ok","-","2026-09-05 19:05:32"
"gaussian_d10","gaussian",10,199,10,1,9101,"direction_descend","both",TRUE,"descend","999",0.05,3,1,0.952380952380952,0.976190476190476,0.847457627118644,19,2,0.516128645979771,0.187348925309079,0,0,8.5106201171875,"ok","-","2026-09-05 19:05:41"
"uniform_d3","uniform",3,199,10,2,9102,"stock","both",TRUE,"ascend","90",0.05,3,1,1,1,1,10,2,0.544647495760521,0.389853755217251,0,0,0.491235017776489,"ok","-","2026-09-05 19:05:57"
"uniform_d3","uniform",3,199,10,3,9103,"stock","both",TRUE,"ascend","90",0.05,3,1,1,1,1,10,2,0.511849000363112,0.458861373733344,0,0,0.473936796188354,"ok","-","2026-09-05 19:05:58"
"uniform_d3","uniform",3,199,10,4,9104,"stock","both",TRUE,"ascend","90",0.05,3,1,1,1,1,10,2,0.606963000970076,0.358118029809273,0,0,0.593210935592651,"ok","-","2026-09-05 19:05:58"
"uniform_d3","uniform",3,199,10,5,9105,"stock","both",TRUE,"ascend","90",0.05,3,1,1,1,1,10,2,0.510840106513023,0.279800289032986,0,0,0.354396104812622,"ok","-","2026-09-05 19:05:59"
"uniform_d3","uniform",3,199,10,6,9106,"stock","both",TRUE,"ascend","90",0.05,3,1,0.994708994708995,0.997354497354497,0.980392156862745,11,2,0.490897515509406,0.481001097075204,0,0,0.357746839523315,"ok","-","2026-09-05 19:05:59"
"uniform_d3","uniform",3,199,10,7,9107,"stock","both",TRUE,"ascend","90",0.05,3,1,1,1,1,10,2,0.542912959094756,0.409698354658592,0,0,0.492006063461304,"ok","-","2026-09-05 19:06:00"
"uniform_d3","uniform",3,199,10,8,9108,"stock","both",TRUE,"ascend","90",0.05,3,1,1,1,1,10,2,0.496345435204858,0.362098823963832,0,0,0.441717863082886,"ok","-","2026-09-05 19:06:00"
"uniform_d3","uniform",3,199,10,9,9109,"stock","both",TRUE,"ascend","90",0.05,3,1,1,1,1,10,2,0.627932523923919,0.478042986837824,0,0,0.32905387878418,"ok","-","2026-09-05 19:06:00"
"uniform_d3","uniform",3,199,10,10,9110,"stock","both",TRUE,"ascend","90",0.05,3,1,0.994708994708995,0.997354497354497,0.980392156862745,11,2,0.636489973121664,0.417082314497752,0,0,0.354946136474609,"ok","-","2026-09-05 19:06:01"
"uniform_d3","uniform",3,199,10,11,9111,"stock","both",TRUE,"ascend","90",0.05,3,1,1,1,1,10,2,0.491002806129584,0.373080821337244,0,0,0.442318916320801,"ok","-","2026-09-05 19:06:01"
"uniform_d3","uniform",3,199,10,12,9112,"stock","both",TRUE,"ascend","90",0.05,3,1,1,1,1,10,2,0.723717857712288,0.47213887991878,0,0,0.72958779335022,"ok","-","2026-09-05 19:06:02"
"uniform_d3","uniform",3,199,10,13,9113,"stock","both",TRUE,"ascend","90",0.05,3,1,0.994708994708995,0.997354497354497,0.980392156862745,11,2,0.565370371703475,0.47798986051852,0,0,0.368195056915283,"ok","-","2026-09-05 19:06:02"
"uniform_d3","uniform",3,199,10,14,9114,"stock","both",TRUE,"ascend","90",0.05,3,1,0.994708994708995,0.997354497354497,0.980392156862745,11,2,0.564590922905495,0.485128355610134,0,0,0.317247152328491,"ok","-","2026-09-05 19:06:03"
"uniform_d3","uniform",3,199,10,15,9115,"stock","both",TRUE,"ascend","90",0.05,3,1,1,1,1,10,2,0.49864029605734,0.506173623266093,0,0,0.399504899978638,"ok","-","2026-09-05 19:06:03"
"uniform_d3","uniform",3,199,10,16,9116,"stock","both",TRUE,"ascend","90",0.05,3,1,1,1,1,10,2,0.571906108789353,0.541935369722732,0,0,0.583022117614746,"ok","-","2026-09-05 19:06:04"
"uniform_d3","uniform",3,199,10,17,9117,"stock","both",TRUE,"ascend","90",0.05,3,1,1,1,1,10,2,0.524176179438564,0.365255768754157,0,0,0.481238126754761,"ok","-","2026-09-05 19:06:04"
"uniform_d3","uniform",3,199,10,18,9118,"stock","both",TRUE,"ascend","90",0.05,3,1,0.994708994708995,0.997354497354497,0.980392156862745,11,2,0.583469111059582,0.514644728322275,0,0,0.503268957138062,"ok","-","2026-09-05 19:06:05"
"uniform_d3","uniform",3,199,10,19,9119,"stock","both",TRUE,"ascend","90",0.05,3,1,1,1,1,10,2,0.550832656741943,0.487901236375774,0,0,0.442492961883545,"ok","-","2026-09-05 19:06:05"
"uniform_d3","uniform",3,199,10,20,9120,"stock","both",TRUE,"ascend","90",0.05,3,1,1,1,1,10,2,0.679856696471368,0.52540012998377,0,0,0.51263689994812,"ok","-","2026-09-05 19:06:06"
"uniform_d3","uniform",3,199,10,21,9121,"stock","both",TRUE,"ascend","90",0.05,3,1,1,1,1,10,2,0.548588660534121,0.412392375837525,0,0,0.552066087722778,"ok","-","2026-09-05 19:06:06"
"uniform_d3","uniform",3,199,10,22,9122,"stock","both",TRUE,"ascend","90",0.05,3,1,1,1,1,10,2,0.615802582950707,0.516450805206857,0,0,0.693818807601929,"ok","-","2026-09-05 19:06:07"
"uniform_d3","uniform",3,199,10,23,9123,"stock","both",TRUE,"ascend","90",0.05,3,1,1,1,1,10,2,0.771537621553027,0.546189780032126,0,0,0.626245021820068,"ok","-","2026-09-05 19:06:08"
"uniform_d3","uniform",3,199,10,24,9124,"stock","both",TRUE,"ascend","90",0.05,3,1,1,1,1,10,2,0.645007349662139,0.500938620818439,0,0,0.547470092773438,"ok","-","2026-09-05 19:06:08"
"uniform_d3","uniform",3,199,10,25,9125,"stock","both",TRUE,"ascend","90",0.05,3,1,1,1,1,10,2,0.6374852534796,0.529574958926331,0,0,0.605159044265747,"ok","-","2026-09-05 19:06:09"
"uniform_d3","uniform",3,199,10,26,9126,"stock","both",TRUE,"ascend","90",0.05,3,1,1,1,1,10,2,0.602759707706596,0.453564487260093,0,0,0.553437948226929,"ok","-","2026-09-05 19:06:09"
"uniform_d3","uniform",3,199,10,27,9127,"stock","both",TRUE,"ascend","90",0.05,3,1,1,1,1,10,2,0.483917598841331,0.533865763702482,0,0,0.54082989692688,"ok","-","2026-09-05 19:06:10"
"uniform_d3","uniform",3,199,10,28,9128,"stock","both",TRUE,"ascend","90",0.05,3,1,1,1,1,10,2,0.57264020601186,0.41863089132427,0,0,0.521377086639404,"ok","-","2026-09-05 19:06:11"
"uniform_d3","uniform",3,199,10,29,9129,"stock","both",TRUE,"ascend","90",0.05,3,1,1,1,1,10,2,0.507198000994516,0.476324477010249,0,0,0.485444068908691,"ok","-","2026-09-05 19:06:11"
"uniform_d3","uniform",3,199,10,30,9130,"stock","both",TRUE,"ascend","90",0.05,3,1,1,1,1,10,2,0.471823977175498,0.364561136518205,0,0,0.400042057037354,"ok","-","2026-09-05 19:06:12"
"uniform_d3","uniform",3,199,10,31,9131,"stock","both",TRUE,"ascend","90",0.05,3,1,1,1,1,10,2,0.60854747657564,0.436779329429811,0,0,0.507346153259277,"ok","-","2026-09-05 19:06:12"
"uniform_d3","uniform",3,199,10,32,9132,"stock","both",TRUE,"ascend","90",0.05,3,1,1,1,1,10,2,0.598300335552703,0.517865061810792,0,0,0.617533922195435,"ok","-","2026-09-05 19:06:13"
"uniform_d3","uniform",3,199,10,33,9133,"stock","both",TRUE,"ascend","90",0.05,3,1,1,1,1,10,2,0.618203604483033,0.41708470378879,0,0,0.569443941116333,"ok","-","2026-09-05 19:06:13"
"uniform_d3","uniform",3,199,10,34,9134,"stock","both",TRUE,"ascend","90",0.05,3,1,1,1,1,10,2,0.550065401522166,0.497304831939018,0,0,0.462373018264771,"ok","-","2026-09-05 19:06:14"
"uniform_d3","uniform",3,199,10,35,9135,"stock","both",TRUE,"ascend","90",0.05,3,1,1,1,1,10,2,0.533587519173326,0.499149696033721,0,0,0.565680027008057,"ok","-","2026-09-05 19:06:14"
"uniform_d3","uniform",3,199,10,36,9136,"stock","both",TRUE,"ascend","90",0.05,3,1,1,1,1,10,2,0.65489931517497,0.482879032039446,0,0,0.555476903915405,"ok","-","2026-09-05 19:06:15"
"uniform_d3","uniform",3,199,10,37,9137,"stock","both",TRUE,"ascend","90",0.05,3,1,0.989417989417989,0.994708994708995,0.961538461538461,12,2,0.514323246042787,0.457373018679894,0,0,0.430930137634277,"ok","-","2026-09-05 19:06:15"
"uniform_d3","uniform",3,199,10,38,9138,"stock","both",TRUE,"ascend","90",0.05,3,1,1,1,1,10,2,0.535787278151065,0.486095360368958,0,0,0.392070055007935,"ok","-","2026-09-05 19:06:16"
"uniform_d3","uniform",3,199,10,39,9139,"stock","both",TRUE,"ascend","90",0.05,3,1,1,1,1,10,2,0.408086516215531,0.461581093567255,0,0,0.542316913604736,"ok","-","2026-09-05 19:06:16"
"uniform_d3","uniform",3,199,10,40,9140,"stock","both",TRUE,"ascend","90",0.05,3,1,1,1,1,10,2,0.478134688042235,0.536727286327823,0,0,0.313695192337036,"ok","-","2026-09-05 19:06:17"
"uniform_d3","uniform",3,199,10,41,9141,"stock","both",TRUE,"ascend","90",0.05,3,1,1,1,1,10,2,0.623732002317528,0.423482389768507,0,0,0.434058904647827,"ok","-","2026-09-05 19:06:17"
"uniform_d3","uniform",3,199,10,42,9142,"stock","both",TRUE,"ascend","90",0.05,3,1,1,1,1,10,2,0.494634381046791,0.421202115485374,0,0,0.70457911491394,"ok","-","2026-09-05 19:06:18"
"uniform_d3","uniform",3,199,10,43,9143,"stock","both",TRUE,"ascend","90",0.05,3,1,1,1,1,10,2,0.438034690222558,0.558924587252934,0,0,0.590083122253418,"ok","-","2026-09-05 19:06:18"
"uniform_d3","uniform",3,199,10,44,9144,"stock","both",TRUE,"ascend","90",0.05,3,1,1,1,1,10,2,0.517042530623181,0.54920990678946,0,0,0.400041818618774,"ok","-","2026-09-05 19:06:19"
"uniform_d3","uniform",3,199,10,45,9145,"stock","both",TRUE,"ascend","90",0.05,3,1,0.994708994708995,0.997354497354497,0.980392156862745,11,2,0.513591253919451,0.419017107949787,0,0,0.577394962310791,"ok","-","2026-09-05 19:06:19"
"uniform_d3","uniform",3,199,10,46,9146,"stock","both",TRUE,"ascend","90",0.05,3,1,1,1,1,10,2,0.595662530106009,0.47600172636579,0,0,0.448396921157837,"ok","-","2026-09-05 19:06:20"
"uniform_d3","uniform",3,199,10,47,9147,"stock","both",TRUE,"ascend","90",0.05,3,1,1,1,1,10,2,0.578869368949666,0.479011386738725,0,0,0.647405862808228,"ok","-","2026-09-05 19:06:21"
"uniform_d3","uniform",3,199,10,48,9148,"stock","both",TRUE,"ascend","90",0.05,3,1,1,1,1,10,2,0.607566715263949,0.535829544419382,0,0,0.626833915710449,"ok","-","2026-09-05 19:06:21"
"uniform_d3","uniform",3,199,10,49,9149,"stock","both",TRUE,"ascend","90",0.05,3,1,1,1,1,10,2,0.599513484107164,0.585693499693342,0,0,0.559680938720703,"ok","-","2026-09-05 19:06:22"
"uniform_d3","uniform",3,199,10,50,9150,"stock","both",TRUE,"ascend","90",0.05,3,1,1,1,1,10,2,0.675837482482589,0.427156700751764,0,0,0.47268009185791,"ok","-","2026-09-05 19:06:22"
"uniform_d3","uniform",3,199,10,51,9151,"stock","both",TRUE,"ascend","90",0.05,3,1,1,1,1,10,2,0.589279969953968,0.396326373012937,0,0,0.41187596321106,"ok","-","2026-09-05 19:06:23"
"uniform_d3","uniform",3,199,10,52,9152,"stock","both",TRUE,"ascend","90",0.05,3,1,1,1,1,10,2,0.613324815740948,0.422998311707161,0,0,0.559607028961182,"ok","-","2026-09-05 19:06:23"
"uniform_d3","uniform",3,199,10,53,9153,"stock","both",TRUE,"ascend","90",0.05,3,1,1,1,1,10,2,0.638558204365803,0.393825665537942,0,0,0.355399131774902,"ok","-","2026-09-05 19:06:24"
"uniform_d3","uniform",3,199,10,54,9154,"stock","both",TRUE,"ascend","90",0.05,3,1,1,1,1,10,2,0.533364364241952,0.440120812586192,0,0,0.414655923843384,"ok","-","2026-09-05 19:06:24"
"uniform_d3","uniform",3,199,10,55,9155,"stock","both",TRUE,"ascend","90",0.05,3,1,1,1,1,10,2,0.706954250846612,0.514615359643855,0,0,0.355244159698486,"ok","-","2026-09-05 19:06:25"
"uniform_d3","uniform",3,199,10,56,9156,"stock","both",TRUE,"ascend","90",0.05,3,1,1,1,1,10,2,0.544782487752235,0.507169309856914,0,0,0.347819805145264,"ok","-","2026-09-05 19:06:25"
"uniform_d3","uniform",3,199,10,57,9157,"stock","both",TRUE,"ascend","90",0.05,3,1,1,1,1,10,2,0.743975340996524,0.438526002046029,0,0,0.443835973739624,"ok","-","2026-09-05 19:06:25"
"uniform_d3","uniform",3,199,10,58,9158,"stock","both",TRUE,"ascend","90",0.05,3,1,1,1,1,10,2,0.633562751270283,0.526345155605855,0,0,0.411679029464722,"ok","-","2026-09-05 19:06:26"
"uniform_d3","uniform",3,199,10,59,9159,"stock","both",TRUE,"ascend","90",0.05,3,1,1,1,1,10,2,0.510845459375535,0.468674230665717,0,0,0.580691814422607,"ok","-","2026-09-05 19:06:26"
"uniform_d3","uniform",3,199,10,60,9160,"stock","both",TRUE,"ascend","90",0.05,3,1,0.994708994708995,0.997354497354497,0.980392156862745,11,2,0.647036122435093,0.465792393303474,0,0,0.595171213150024,"ok","-","2026-09-05 19:06:27"
"uniform_d3","uniform",3,199,10,61,9161,"stock","both",TRUE,"ascend","90",0.05,3,1,0.989417989417989,0.994708994708995,0.961538461538461,12,2,0.550939577836437,0.407192192865738,0,0,0.501277208328247,"ok","-","2026-09-05 19:06:27"
"uniform_d3","uniform",3,199,10,62,9162,"stock","both",TRUE,"ascend","90",0.05,3,1,1,1,1,10,2,0.560091684270138,0.45237564276952,0,0,0.294473171234131,"ok","-","2026-09-05 19:06:28"
"uniform_d3","uniform",3,199,10,63,9163,"stock","both",TRUE,"ascend","90",0.05,3,1,1,1,1,10,2,0.502145667383017,0.584292099773299,0,0,0.507970094680786,"ok","-","2026-09-05 19:06:28"
"uniform_d3","uniform",3,199,10,64,9164,"stock","both",TRUE,"ascend","90",0.05,3,1,1,1,1,10,2,0.551425737545424,0.45402078179765,0,0,0.675799131393433,"ok","-","2026-09-05 19:06:29"
"uniform_d3","uniform",3,199,10,65,9165,"stock","both",TRUE,"ascend","90",0.05,3,1,1,1,1,10,2,0.488819784148911,0.329317535518055,0,0,0.295004844665527,"ok","-","2026-09-05 19:06:29"
"uniform_d3","uniform",3,199,10,66,9166,"stock","both",TRUE,"ascend","90",0.05,3,1,0.989417989417989,0.994708994708995,0.961538461538461,12,2,0.633384572436864,0.458400198094727,0,0,0.479485988616943,"ok","-","2026-09-05 19:06:30"
"uniform_d3","uniform",3,199,10,67,9167,"stock","both",TRUE,"ascend","90",0.05,3,1,1,1,1,10,2,0.50816621739158,0.481764701533853,0,0,0.542536020278931,"ok","-","2026-09-05 19:06:30"
"uniform_d3","uniform",3,199,10,68,9168,"stock","both",TRUE,"ascend","90",0.05,3,1,1,1,1,10,2,0.558129464845458,0.4305767651788,0,0,0.422067880630493,"ok","-","2026-09-05 19:06:31"
"uniform_d3","uniform",3,199,10,69,9169,"stock","both",TRUE,"ascend","90",0.05,3,1,0.994708994708995,0.997354497354497,0.980392156862745,11,2,0.607275960832945,0.369855698216863,0,0,0.316992044448853,"ok","-","2026-09-05 19:06:31"
"uniform_d3","uniform",3,199,10,70,9170,"stock","both",TRUE,"ascend","90",0.05,3,1,1,1,1,10,2,0.597780574432655,0.608563718553599,0,0,0.439563989639282,"ok","-","2026-09-05 19:06:32"
"uniform_d3","uniform",3,199,10,71,9171,"stock","both",TRUE,"ascend","90",0.05,3,1,1,1,1,10,2,0.48769805701316,0.423168847102493,0,0,0.420692205429077,"ok","-","2026-09-05 19:06:32"
"uniform_d3","uniform",3,199,10,72,9172,"stock","both",TRUE,"ascend","90",0.05,3,1,1,1,1,10,2,0.650690721570434,0.439404195688982,0,0,0.602483987808228,"ok","-","2026-09-05 19:06:33"
"uniform_d3","uniform",3,199,10,73,9173,"stock","both",TRUE,"ascend","90",0.05,3,1,1,1,1,10,2,0.67133127788824,0.46696578643662,0,0,0.531161069869995,"ok","-","2026-09-05 19:06:33"
"uniform_d3","uniform",3,199,10,74,9174,"stock","both",TRUE,"ascend","90",0.05,3,1,1,1,1,10,2,0.581890125513819,0.49634709662787,0,0,0.459732055664062,"ok","-","2026-09-05 19:06:34"
"uniform_d3","uniform",3,199,10,75,9175,"stock","both",TRUE,"ascend","90",0.05,3,1,1,1,1,10,2,0.526232782331341,0.524073498630155,0,0,0.528620958328247,"ok","-","2026-09-05 19:06:34"
"uniform_d3","uniform",3,199,10,76,9176,"stock","both",TRUE,"ascend","90",0.05,3,1,1,1,1,10,2,0.614565975464523,0.530325774450211,0,0,0.533077001571655,"ok","-","2026-09-05 19:06:35"
"uniform_d3","uniform",3,199,10,77,9177,"stock","both",TRUE,"ascend","90",0.05,3,1,1,1,1,10,2,0.62598351308991,0.519182175834319,0,0,0.565627098083496,"ok","-","2026-09-05 19:06:35"
"uniform_d3","uniform",3,199,10,78,9178,"stock","both",TRUE,"ascend","90",0.05,3,1,0.973544973544973,0.986772486772487,0.909090909090909,15,2,0.596304835246432,0.509039575718743,0,0,0.449631929397583,"ok","-","2026-09-05 19:06:36"
"uniform_d3","uniform",3,199,10,79,9179,"stock","both",TRUE,"ascend","90",0.05,3,1,1,1,1,10,2,0.609173486907837,0.50702593636542,0,0,0.401268005371094,"ok","-","2026-09-05 19:06:36"
"uniform_d3","uniform",3,199,10,80,9180,"stock","both",TRUE,"ascend","90",0.05,3,1,1,1,1,10,2,0.568793449074024,0.461545214664462,0,0,0.525558948516846,"ok","-","2026-09-05 19:06:37"
"uniform_d3","uniform",3,199,10,81,9181,"stock","both",TRUE,"ascend","90",0.05,3,1,1,1,1,10,2,0.629092531831325,0.495260494307969,0,0,0.44490909576416,"ok","-","2026-09-05 19:06:37"
"uniform_d3","uniform",3,199,10,82,9182,"stock","both",TRUE,"ascend","90",0.05,3,1,1,1,1,10,2,0.503258809932817,0.575836626269383,0,0,0.465054035186768,"ok","-","2026-09-05 19:06:38"
"uniform_d3","uniform",3,199,10,83,9183,"stock","both",TRUE,"ascend","90",0.05,3,1,1,1,1,10,2,0.596856703305931,0.481241622496147,0,0,0.403795003890991,"ok","-","2026-09-05 19:06:38"
"uniform_d3","uniform",3,199,10,84,9184,"stock","both",TRUE,"ascend","90",0.05,3,1,1,1,1,10,2,0.553503204267798,0.516045109339722,0,0,0.384084939956665,"ok","-","2026-09-05 19:06:39"
"uniform_d3","uniform",3,199,10,85,9185,"stock","both",TRUE,"ascend","90",0.05,3,1,1,1,1,10,2,0.520621515911888,0.452624271452561,0,0,0.545843124389648,"ok","-","2026-09-05 19:06:39"
"uniform_d3","uniform",3,199,10,86,9186,"stock","both",TRUE,"ascend","90",0.05,3,1,1,1,1,10,2,0.539098698589638,0.362329471364978,0,0,0.42606782913208,"ok","-","2026-09-05 19:06:40"
"uniform_d3","uniform",3,199,10,87,9187,"stock","both",TRUE,"ascend","90",0.05,3,1,1,1,1,10,2,0.48784490484909,0.338453257340989,0,0,0.354870080947876,"ok","-","2026-09-05 19:06:40"
"uniform_d3","uniform",3,199,10,88,9188,"stock","both",TRUE,"ascend","90",0.05,3,1,1,1,1,10,2,0.562947312298355,0.466913807198476,0,0,0.426851987838745,"ok","-","2026-09-05 19:06:40"
"uniform_d3","uniform",3,199,10,89,9189,"stock","both",TRUE,"ascend","90",0.05,3,1,1,1,1,10,2,0.581551968748099,0.530167104848395,0,0,0.369576930999756,"ok","-","2026-09-05 19:06:41"
"uniform_d3","uniform",3,199,10,90,9190,"stock","both",TRUE,"ascend","90",0.05,3,1,1,1,1,10,2,0.703146640537352,0.55325644832528,0,0,0.519896030426025,"ok","-","2026-09-05 19:06:41"
"uniform_d3","uniform",3,199,10,91,9191,"stock","both",TRUE,"ascend","90",0.05,3,1,0.994708994708995,0.997354497354497,0.980392156862745,11,2,0.586796955068803,0.466927798441664,0,0,0.456012964248657,"ok","-","2026-09-05 19:06:42"
"uniform_d3","uniform",3,199,10,92,9192,"stock","both",TRUE,"ascend","90",0.05,3,1,0.994708994708995,0.997354497354497,0.980392156862745,11,2,0.568585559079505,0.570044711877512,0,0,0.443968057632446,"ok","-","2026-09-05 19:06:42"
"uniform_d3","uniform",3,199,10,93,9193,"stock","both",TRUE,"ascend","90",0.05,3,0.9,1,0.95,0.918367346938775,9,2,0.660209060214157,0.487748951389295,0,0,0.414885997772217,"ok","-","2026-09-05 19:06:43"
"uniform_d3","uniform",3,199,10,94,9194,"stock","both",TRUE,"ascend","90",0.05,3,1,1,1,1,10,2,0.467205135856023,0.412363052473374,0,0,0.503767967224121,"ok","-","2026-09-05 19:06:43"
"uniform_d3","uniform",3,199,10,95,9195,"stock","both",TRUE,"ascend","90",0.05,3,1,0.994708994708995,0.997354497354497,0.980392156862745,11,2,0.445641627285195,0.464413230543867,0,0,0.302624940872192,"ok","-","2026-09-05 19:06:44"
"uniform_d3","uniform",3,199,10,96,9196,"stock","both",TRUE,"ascend","90",0.05,3,1,1,1,1,10,2,0.560366706780946,0.562913530751621,0,0,0.454635858535767,"ok","-","2026-09-05 19:06:44"
"uniform_d3","uniform",3,199,10,97,9197,"stock","both",TRUE,"ascend","90",0.05,3,1,1,1,1,10,2,0.518538036709224,0.594364714118795,0,0,0.57896089553833,"ok","-","2026-09-05 19:06:45"
"uniform_d3","uniform",3,199,10,98,9198,"stock","both",TRUE,"ascend","90",0.05,3,1,1,1,1,10,2,0.559032045030108,0.490227967869759,0,0,0.531454086303711,"ok","-","2026-09-05 19:06:45"
"uniform_d3","uniform",3,199,10,99,9199,"stock","both",TRUE,"ascend","90",0.05,3,1,1,1,1,10,2,0.560820164888129,0.493905129977762,0,0,0.583424091339111,"ok","-","2026-09-05 19:06:46"
"uniform_d3","uniform",3,199,10,100,9200,"stock","both",TRUE,"ascend","90",0.05,3,1,1,1,1,10,2,0.598872053681737,0.435345957012952,0,0,0.488933801651001,"ok","-","2026-09-05 19:06:46"
"uniform_d3","uniform",3,199,10,2,9102,"stat_mean","mean",TRUE,"ascend","90",0.05,3,1,1,1,1,10,2,0.56930544346378,0.390746493245921,0,0,0.408185005187988,"ok","-","2026-09-05 19:06:47"
"uniform_d3","uniform",3,199,10,3,9103,"stat_mean","mean",TRUE,"ascend","90",0.05,3,1,1,1,1,10,2,0.545681147006134,0.457655615538925,0,0,0.479614973068237,"ok","-","2026-09-05 19:06:47"
"uniform_d3","uniform",3,199,10,4,9104,"stat_mean","mean",TRUE,"ascend","90",0.05,3,1,1,1,1,10,2,0.628755482899302,0.364925087900841,0,0,0.63010311126709,"ok","-","2026-09-05 19:06:48"
"uniform_d3","uniform",3,199,10,5,9105,"stat_mean","mean",TRUE,"ascend","90",0.05,3,1,1,1,1,10,2,0.530658160304086,0.282244482130942,0,0,0.380189895629883,"ok","-","2026-09-05 19:06:48"
"uniform_d3","uniform",3,199,10,6,9106,"stat_mean","mean",TRUE,"ascend","90",0.05,3,1,0.994708994708995,0.997354497354497,0.980392156862745,11,2,0.511313069769801,0.480535984136819,0,0,0.304152011871338,"ok","-","2026-09-05 19:06:49"
"uniform_d3","uniform",3,199,10,7,9107,"stat_mean","mean",TRUE,"ascend","90",0.05,3,1,1,1,1,10,2,0.560597343137217,0.410474244085908,0,0,0.464453935623169,"ok","-","2026-09-05 19:06:49"
"uniform_d3","uniform",3,199,10,8,9108,"stat_mean","mean",TRUE,"ascend","90",0.05,3,1,1,1,1,10,2,0.518387697980238,0.362911879504596,0,0,0.467926979064941,"ok","-","2026-09-05 19:06:50"
"uniform_d3","uniform",3,199,10,9,9109,"stat_mean","mean",TRUE,"ascend","90",0.05,3,1,1,1,1,10,2,0.657811957345195,0.475743853905086,0,0,0.394657850265503,"ok","-","2026-09-05 19:06:50"
"uniform_d3","uniform",3,199,10,10,9110,"stat_mean","mean",TRUE,"ascend","90",0.05,3,1,0.952380952380952,0.976190476190476,0.847457627118644,19,2,0.66924504415182,0.416928944543683,0,0,0.388227939605713,"ok","-","2026-09-05 19:06:50"
"uniform_d3","uniform",3,199,10,11,9111,"stat_mean","mean",TRUE,"ascend","90",0.05,3,1,0.968253968253968,0.984126984126984,0.892857142857143,16,2,0.510529982552499,0.375139989434799,0,0,0.443222999572754,"ok","-","2026-09-05 19:06:51"
"uniform_d3","uniform",3,199,10,12,9112,"stat_mean","mean",TRUE,"ascend","90",0.05,3,1,1,1,1,10,2,0.761682244972285,0.469728118569913,0,0,0.731559038162231,"ok","-","2026-09-05 19:06:52"
"uniform_d3","uniform",3,199,10,13,9113,"stat_mean","mean",TRUE,"ascend","90",0.05,3,1,1,1,1,10,2,0.592676875479447,0.477954129278697,0,0,0.456883907318115,"ok","-","2026-09-05 19:06:52"
"uniform_d3","uniform",3,199,10,14,9114,"stat_mean","mean",TRUE,"ascend","90",0.05,3,1,0.994708994708995,0.997354497354497,0.980392156862745,11,2,0.592716425722697,0.487815332471557,0,0,0.321246147155762,"ok","-","2026-09-05 19:06:52"
"uniform_d3","uniform",3,199,10,15,9115,"stat_mean","mean",TRUE,"ascend","90",0.05,3,1,1,1,1,10,2,0.527339044309072,0.503654480521103,0,0,0.425662994384766,"ok","-","2026-09-05 19:06:53"
"uniform_d3","uniform",3,199,10,16,9116,"stat_mean","mean",TRUE,"ascend","90",0.05,3,1,1,1,1,10,2,0.58626919834773,0.54273316920135,0,0,0.544363975524902,"ok","-","2026-09-05 19:06:53"
"uniform_d3","uniform",3,199,10,17,9117,"stat_mean","mean",TRUE,"ascend","90",0.05,3,1,1,1,1,10,2,0.542992066200774,0.363360712660811,0,0,0.671869993209839,"ok","-","2026-09-05 19:06:54"
"uniform_d3","uniform",3,199,10,18,9118,"stat_mean","mean",TRUE,"ascend","90",0.05,3,1,0.994708994708995,0.997354497354497,0.980392156862745,11,2,0.60654174557074,0.519490483594885,0,0,0.445379972457886,"ok","-","2026-09-05 19:06:55"
"uniform_d3","uniform",3,199,10,19,9119,"stat_mean","mean",TRUE,"ascend","90",0.05,3,1,1,1,1,10,2,0.570019276927535,0.487232979063046,0,0,0.452766895294189,"ok","-","2026-09-05 19:06:55"
"uniform_d3","uniform",3,199,10,20,9120,"stat_mean","mean",TRUE,"ascend","90",0.05,3,1,1,1,1,10,2,0.702205725788975,0.525524227158428,0,0,0.528831958770752,"ok","-","2026-09-05 19:06:56"
"uniform_d3","uniform",3,199,10,21,9121,"stat_mean","mean",TRUE,"ascend","90",0.05,3,1,1,1,1,10,2,0.574209364611551,0.413350773414313,0,0,0.575947999954224,"ok","-","2026-09-05 19:06:56"
"uniform_d3","uniform",3,199,10,22,9122,"stat_mean","mean",TRUE,"ascend","90",0.05,3,1,1,1,1,10,2,0.630021689514982,0.51993673434436,0,0,0.700563907623291,"ok","-","2026-09-05 19:06:57"
"uniform_d3","uniform",3,199,10,23,9123,"stat_mean","mean",TRUE,"ascend","90",0.05,3,1,1,1,1,10,2,0.785807200671066,0.545893721274201,0,0,0.620289087295532,"ok","-","2026-09-05 19:06:58"
"uniform_d3","uniform",3,199,10,24,9124,"stat_mean","mean",TRUE,"ascend","90",0.05,3,1,1,1,1,10,2,0.668741540497617,0.507950467647992,0,0,0.57662296295166,"ok","-","2026-09-05 19:06:58"
"uniform_d3","uniform",3,199,10,25,9125,"stat_mean","mean",TRUE,"ascend","90",0.05,3,1,1,1,1,10,2,0.654043313216867,0.527366384771429,0,0,0.632766962051392,"ok","-","2026-09-05 19:06:59"
"uniform_d3","uniform",3,199,10,26,9126,"stat_mean","mean",TRUE,"ascend","90",0.05,3,1,0.994708994708995,0.997354497354497,0.980392156862745,11,2,0.624770726224839,0.45660143628792,0,0,0.627142906188965,"ok","-","2026-09-05 19:06:59"
"uniform_d3","uniform",3,199,10,27,9127,"stat_mean","mean",TRUE,"ascend","90",0.05,3,1,1,1,1,10,2,0.499351894849713,0.532571081084678,0,0,0.571182012557983,"ok","-","2026-09-05 19:07:00"
"uniform_d3","uniform",3,199,10,28,9128,"stat_mean","mean",TRUE,"ascend","90",0.05,3,1,1,1,1,10,2,0.58793104510699,0.418399393364834,0,0,0.419780969619751,"ok","-","2026-09-05 19:07:00"
"uniform_d3","uniform",3,199,10,29,9129,"stat_mean","mean",TRUE,"ascend","90",0.05,3,1,1,1,1,10,2,0.528133609313636,0.479786576333911,0,0,0.496845960617065,"ok","-","2026-09-05 19:07:01"
"uniform_d3","uniform",3,199,10,30,9130,"stat_mean","mean",TRUE,"ascend","90",0.05,3,1,1,1,1,10,2,0.488108133822959,0.366993455846265,0,0,0.411462068557739,"ok","-","2026-09-05 19:07:01"
"uniform_d3","uniform",3,199,10,31,9131,"stat_mean","mean",TRUE,"ascend","90",0.05,3,1,1,1,1,10,2,0.628721090547546,0.435216917742766,0,0,0.585824012756348,"ok","-","2026-09-05 19:07:02"
"uniform_d3","uniform",3,199,10,32,9132,"stat_mean","mean",TRUE,"ascend","90",0.05,3,1,1,1,1,10,2,0.617561559723626,0.514262731964294,0,0,0.628988027572632,"ok","-","2026-09-05 19:07:03"
"uniform_d3","uniform",3,199,10,33,9133,"stat_mean","mean",TRUE,"ascend","90",0.05,3,1,1,1,1,10,2,0.628301970809451,0.418431604781857,0,0,0.555545091629028,"ok","-","2026-09-05 19:07:03"
"uniform_d3","uniform",3,199,10,34,9134,"stat_mean","mean",TRUE,"ascend","90",0.05,3,1,1,1,1,10,2,0.577427971979669,0.499911151195239,0,0,0.548498153686523,"ok","-","2026-09-05 19:07:04"
"uniform_d3","uniform",3,199,10,35,9135,"stat_mean","mean",TRUE,"ascend","90",0.05,3,1,1,1,1,10,2,0.548287203492594,0.49605977758332,0,0,0.575400829315186,"ok","-","2026-09-05 19:07:04"
"uniform_d3","uniform",3,199,10,36,9136,"stat_mean","mean",TRUE,"ascend","90",0.05,3,1,1,1,1,10,2,0.680573554304919,0.486769033325519,0,0,0.579978942871094,"ok","-","2026-09-05 19:07:05"
"uniform_d3","uniform",3,199,10,37,9137,"stat_mean","mean",TRUE,"ascend","90",0.05,3,1,0.989417989417989,0.994708994708995,0.961538461538461,12,2,0.529951981439885,0.460559064764348,0,0,0.439100980758667,"ok","-","2026-09-05 19:07:06"
"uniform_d3","uniform",3,199,10,38,9138,"stat_mean","mean",TRUE,"ascend","90",0.05,3,1,1,1,1,10,2,0.561669037106217,0.488561882118008,0,0,0.452632904052734,"ok","-","2026-09-05 19:07:06"
"uniform_d3","uniform",3,199,10,39,9139,"stat_mean","mean",TRUE,"ascend","90",0.05,3,1,1,1,1,10,2,0.42455358751349,0.462027033435502,0,0,0.54352593421936,"ok","-","2026-09-05 19:07:07"
"uniform_d3","uniform",3,199,10,40,9140,"stat_mean","mean",TRUE,"ascend","90",0.05,3,1,1,1,1,10,2,0.504823964793583,0.537453680048408,0,0,0.459100961685181,"ok","-","2026-09-05 19:07:07"
"uniform_d3","uniform",3,199,10,41,9141,"stat_mean","mean",TRUE,"ascend","90",0.05,3,1,1,1,1,10,2,0.656783673352383,0.431512463312316,0,0,0.446223974227905,"ok","-","2026-09-05 19:07:07"
"uniform_d3","uniform",3,199,10,42,9142,"stat_mean","mean",TRUE,"ascend","90",0.05,3,1,1,1,1,10,2,0.507490746340094,0.418791615167887,0,0,0.707837104797363,"ok","-","2026-09-05 19:07:08"
"uniform_d3","uniform",3,199,10,43,9143,"stat_mean","mean",TRUE,"ascend","90",0.05,3,1,1,1,1,10,2,0.454041990337017,0.558276313233844,0,0,0.402267932891846,"ok","-","2026-09-05 19:07:09"
"uniform_d3","uniform",3,199,10,44,9144,"stat_mean","mean",TRUE,"ascend","90",0.05,3,1,1,1,1,10,2,0.541195054696746,0.56182304159915,0,0,0.415597915649414,"ok","-","2026-09-05 19:07:09"
"uniform_d3","uniform",3,199,10,45,9145,"stat_mean","mean",TRUE,"ascend","90",0.05,3,1,0.994708994708995,0.997354497354497,0.980392156862745,11,2,0.534488129480575,0.430421830951239,0,0,0.562904119491577,"ok","-","2026-09-05 19:07:10"
"uniform_d3","uniform",3,199,10,46,9146,"stat_mean","mean",TRUE,"ascend","90",0.05,3,1,0.994708994708995,0.997354497354497,0.980392156862745,11,2,0.618893008453257,0.479198764213114,0,0,0.487438917160034,"ok","-","2026-09-05 19:07:10"
"uniform_d3","uniform",3,199,10,47,9147,"stat_mean","mean",TRUE,"ascend","90",0.05,3,1,1,1,1,10,2,0.603847314537719,0.476353098257746,0,0,0.672314882278442,"ok","-","2026-09-05 19:07:11"
"uniform_d3","uniform",3,199,10,48,9148,"stat_mean","mean",TRUE,"ascend","90",0.05,3,1,1,1,1,10,2,0.626101570960091,0.536208524309036,0,0,0.629815101623535,"ok","-","2026-09-05 19:07:12"
"uniform_d3","uniform",3,199,10,49,9149,"stat_mean","mean",TRUE,"ascend","90",0.05,3,1,1,1,1,10,2,0.61807762599991,0.587472005415218,0,0,0.550364971160889,"ok","-","2026-09-05 19:07:12"
"uniform_d3","uniform",3,199,10,50,9150,"stat_mean","mean",TRUE,"ascend","90",0.05,3,1,1,1,1,10,2,0.708913454652324,0.427936109425727,0,0,0.498980045318604,"ok","-","2026-09-05 19:07:13"
"uniform_d3","uniform",3,199,10,51,9151,"stat_mean","mean",TRUE,"ascend","90",0.05,3,1,1,1,1,10,2,0.608852891772671,0.398909969614914,0,0,0.441313028335571,"ok","-","2026-09-05 19:07:13"
"uniform_d3","uniform",3,199,10,52,9152,"stat_mean","mean",TRUE,"ascend","90",0.05,3,1,1,1,1,10,2,0.629823124027926,0.426990582167101,0,0,0.570709943771362,"ok","-","2026-09-05 19:07:14"
"uniform_d3","uniform",3,199,10,53,9153,"stat_mean","mean",TRUE,"ascend","90",0.05,3,1,1,1,1,10,2,0.65477627656061,0.394034672543947,0,0,0.424839019775391,"ok","-","2026-09-05 19:07:14"
"uniform_d3","uniform",3,199,10,54,9154,"stat_mean","mean",TRUE,"ascend","90",0.05,3,1,1,1,1,10,2,0.554288616431532,0.442108080709529,0,0,0.43989896774292,"ok","-","2026-09-05 19:07:15"
"uniform_d3","uniform",3,199,10,55,9155,"stat_mean","mean",TRUE,"ascend","90",0.05,3,1,1,1,1,10,2,0.719580301293865,0.515368392680466,0,0,0.368529081344604,"ok","-","2026-09-05 19:07:15"
"uniform_d3","uniform",3,199,10,56,9156,"stat_mean","mean",TRUE,"ascend","90",0.05,3,1,1,1,1,10,2,0.576391249067406,0.512501333658864,0,0,0.40106201171875,"ok","-","2026-09-05 19:07:15"
"uniform_d3","uniform",3,199,10,57,9157,"stat_mean","mean",TRUE,"ascend","90",0.05,3,1,1,1,1,10,2,0.779344204210367,0.442568668193327,0,0,0.488959074020386,"ok","-","2026-09-05 19:07:16"
"uniform_d3","uniform",3,199,10,58,9158,"stat_mean","mean",TRUE,"ascend","90",0.05,3,1,1,1,1,10,2,0.662120748236894,0.530702455843711,0,0,0.474977016448975,"ok","-","2026-09-05 19:07:16"
"uniform_d3","uniform",3,199,10,59,9159,"stat_mean","mean",TRUE,"ascend","90",0.05,3,1,0.994708994708995,0.997354497354497,0.980392156862745,11,2,0.525246935979531,0.467395274514095,0,0,0.54387903213501,"ok","-","2026-09-05 19:07:17"
"uniform_d3","uniform",3,199,10,60,9160,"stat_mean","mean",TRUE,"ascend","90",0.05,3,1,0.989417989417989,0.994708994708995,0.961538461538461,12,2,0.675907618877816,0.468639159126692,0,0,0.620824098587036,"ok","-","2026-09-05 19:07:18"
"uniform_d3","uniform",3,199,10,61,9161,"stat_mean","mean",TRUE,"ascend","90",0.05,3,1,0.989417989417989,0.994708994708995,0.961538461538461,12,2,0.559982203980838,0.411212425451846,0,0,0.484714031219482,"ok","-","2026-09-05 19:07:18"
"uniform_d3","uniform",3,199,10,62,9162,"stat_mean","mean",TRUE,"ascend","90",0.05,3,1,1,1,1,10,2,0.581818996882254,0.453067992925281,0,0,0.309312105178833,"ok","-","2026-09-05 19:07:18"
"uniform_d3","uniform",3,199,10,63,9163,"stat_mean","mean",TRUE,"ascend","90",0.05,3,1,1,1,1,10,2,0.518112377166892,0.582898080707413,0,0,0.553200006484985,"ok","-","2026-09-05 19:07:19"
"uniform_d3","uniform",3,199,10,64,9164,"stat_mean","mean",TRUE,"ascend","90",0.05,3,1,1,1,1,10,2,0.578717344438182,0.454140614945404,0,0,0.522024869918823,"ok","-","2026-09-05 19:07:20"
"uniform_d3","uniform",3,199,10,65,9165,"stat_mean","mean",TRUE,"ascend","90",0.05,3,1,1,1,1,10,2,0.507460112518839,0.330755051850445,0,0,0.310621976852417,"ok","-","2026-09-05 19:07:20"
"uniform_d3","uniform",3,199,10,66,9166,"stat_mean","mean",TRUE,"ascend","90",0.05,3,1,1,1,1,10,2,0.673619041376563,0.463871103350308,0,0,0.50470495223999,"ok","-","2026-09-05 19:07:20"
"uniform_d3","uniform",3,199,10,67,9167,"stat_mean","mean",TRUE,"ascend","90",0.05,3,1,1,1,1,10,2,0.526455121286543,0.493599573916177,0,0,0.512355089187622,"ok","-","2026-09-05 19:07:21"
"uniform_d3","uniform",3,199,10,68,9168,"stat_mean","mean",TRUE,"ascend","90",0.05,3,1,1,1,1,10,2,0.575213441697863,0.431204592121036,0,0,0.428417921066284,"ok","-","2026-09-05 19:07:21"
"uniform_d3","uniform",3,199,10,69,9169,"stat_mean","mean",TRUE,"ascend","90",0.05,3,1,0.994708994708995,0.997354497354497,0.980392156862745,11,2,0.628643244713545,0.370637405062279,0,0,0.351488828659058,"ok","-","2026-09-05 19:07:22"
"uniform_d3","uniform",3,199,10,70,9170,"stat_mean","mean",TRUE,"ascend","90",0.05,3,1,1,1,1,10,2,0.616368396658056,0.609545161678185,0,0,0.373461008071899,"ok","-","2026-09-05 19:07:22"
"uniform_d3","uniform",3,199,10,71,9171,"stat_mean","mean",TRUE,"ascend","90",0.05,3,1,1,1,1,10,2,0.509271364099457,0.423428322460152,0,0,0.603132963180542,"ok","-","2026-09-05 19:07:23"
"uniform_d3","uniform",3,199,10,72,9172,"stat_mean","mean",TRUE,"ascend","90",0.05,3,1,1,1,1,10,2,0.681601640999917,0.442739177969668,0,0,0.528130054473877,"ok","-","2026-09-05 19:07:23"
"uniform_d3","uniform",3,199,10,73,9173,"stat_mean","mean",TRUE,"ascend","90",0.05,3,1,1,1,1,10,2,0.702140043147124,0.471374415453653,0,0,0.547668933868408,"ok","-","2026-09-05 19:07:24"
"uniform_d3","uniform",3,199,10,74,9174,"stat_mean","mean",TRUE,"ascend","90",0.05,3,1,1,1,1,10,2,0.597604642148058,0.500626908379709,0,0,0.314205169677734,"ok","-","2026-09-05 19:07:24"
"uniform_d3","uniform",3,199,10,75,9175,"stat_mean","mean",TRUE,"ascend","90",0.05,3,1,1,1,1,10,2,0.543799434889057,0.526070023082738,0,0,0.784675121307373,"ok","-","2026-09-05 19:07:25"
"uniform_d3","uniform",3,199,10,76,9176,"stat_mean","mean",TRUE,"ascend","90",0.05,3,1,1,1,1,10,2,0.639039364668329,0.526350037637579,0,0,0.661271095275879,"ok","-","2026-09-05 19:07:26"
"uniform_d3","uniform",3,199,10,77,9177,"stat_mean","mean",TRUE,"ascend","90",0.05,3,1,1,1,1,10,2,0.650228002265334,0.521604468017047,0,0,0.807240962982178,"ok","-","2026-09-05 19:07:26"
"uniform_d3","uniform",3,199,10,78,9178,"stat_mean","mean",TRUE,"ascend","90",0.05,3,1,0.973544973544973,0.986772486772487,0.909090909090909,15,2,0.625788478236723,0.506921241612951,0,0,0.644877910614014,"ok","-","2026-09-05 19:07:27"
"uniform_d3","uniform",3,199,10,79,9179,"stat_mean","mean",TRUE,"ascend","90",0.05,3,1,1,1,1,10,2,0.63688390850023,0.508781305266538,0,0,0.617474794387817,"ok","-","2026-09-05 19:07:28"
"uniform_d3","uniform",3,199,10,80,9180,"stat_mean","mean",TRUE,"ascend","90",0.05,3,1,1,1,1,10,2,0.590799416757476,0.457955841710505,0,0,0.797702074050903,"ok","-","2026-09-05 19:07:29"
"uniform_d3","uniform",3,199,10,81,9181,"stat_mean","mean",TRUE,"ascend","90",0.05,3,1,0.994708994708995,0.997354497354497,0.980392156862745,11,2,0.663355783627649,0.491651914513956,0,0,0.745542049407959,"ok","-","2026-09-05 19:07:29"
"uniform_d3","uniform",3,199,10,82,9182,"stat_mean","mean",TRUE,"ascend","90",0.05,3,1,1,1,1,10,2,0.531063192883194,0.57446542283858,0,0,0.669234037399292,"ok","-","2026-09-05 19:07:30"
"uniform_d3","uniform",3,199,10,83,9183,"stat_mean","mean",TRUE,"ascend","90",0.05,3,1,1,1,1,10,2,0.617234709736149,0.48183129513564,0,0,0.492195844650269,"ok","-","2026-09-05 19:07:31"
"uniform_d3","uniform",3,199,10,84,9184,"stat_mean","mean",TRUE,"ascend","90",0.05,3,1,1,1,1,10,2,0.587096643057715,0.516617940214947,0,0,0.529965877532959,"ok","-","2026-09-05 19:07:31"
"uniform_d3","uniform",3,199,10,85,9185,"stat_mean","mean",TRUE,"ascend","90",0.05,3,1,1,1,1,10,2,0.55037893109129,0.455336594910595,0,0,0.589585065841675,"ok","-","2026-09-05 19:07:32"
"uniform_d3","uniform",3,199,10,86,9186,"stat_mean","mean",TRUE,"ascend","90",0.05,3,1,1,1,1,10,2,0.560748318492918,0.36259487533873,0,0,0.541897058486938,"ok","-","2026-09-05 19:07:32"
"uniform_d3","uniform",3,199,10,87,9187,"stat_mean","mean",TRUE,"ascend","90",0.05,3,1,1,1,1,10,2,0.509924807546795,0.338043417513818,0,0,0.383344888687134,"ok","-","2026-09-05 19:07:33"
"uniform_d3","uniform",3,199,10,88,9188,"stat_mean","mean",TRUE,"ascend","90",0.05,3,1,1,1,1,10,2,0.580655421228519,0.466984369337264,0,0,0.433701038360596,"ok","-","2026-09-05 19:07:33"
"uniform_d3","uniform",3,199,10,89,9189,"stat_mean","mean",TRUE,"ascend","90",0.05,3,1,1,1,1,10,2,0.594773703024516,0.527038669220868,0,0,0.395318031311035,"ok","-","2026-09-05 19:07:34"
"uniform_d3","uniform",3,199,10,90,9190,"stat_mean","mean",TRUE,"ascend","90",0.05,3,1,1,1,1,10,2,0.734097850338507,0.548339972353491,0,0,0.561820983886719,"ok","-","2026-09-05 19:07:34"
"uniform_d3","uniform",3,199,10,91,9191,"stat_mean","mean",TRUE,"ascend","90",0.05,3,1,0.994708994708995,0.997354497354497,0.980392156862745,11,2,0.599501916358334,0.46775116014247,0,0,0.444609880447388,"ok","-","2026-09-05 19:07:35"
"uniform_d3","uniform",3,199,10,92,9192,"stat_mean","mean",TRUE,"ascend","90",0.05,3,1,0.994708994708995,0.997354497354497,0.980392156862745,11,2,0.580879980488391,0.567700246022432,0,0,0.45154595375061,"ok","-","2026-09-05 19:07:35"
"uniform_d3","uniform",3,199,10,93,9193,"stat_mean","mean",TRUE,"ascend","90",0.05,3,0.9,1,0.95,0.918367346938775,9,2,0.690008252842958,0.490746548029246,0,0,0.438483953475952,"ok","-","2026-09-05 19:07:36"
"uniform_d3","uniform",3,199,10,94,9194,"stat_mean","mean",TRUE,"ascend","90",0.05,3,1,1,1,1,10,2,0.49122095862112,0.410607383782441,0,0,0.583946943283081,"ok","-","2026-09-05 19:07:36"
"uniform_d3","uniform",3,199,10,95,9195,"stat_mean","mean",TRUE,"ascend","90",0.05,3,1,1,1,1,10,2,0.472008123155035,0.465056502782669,0,0,0.424376010894775,"ok","-","2026-09-05 19:07:37"
"uniform_d3","uniform",3,199,10,96,9196,"stat_mean","mean",TRUE,"ascend","90",0.05,3,1,1,1,1,10,2,0.583684464574335,0.564228127097098,0,0,0.509091138839722,"ok","-","2026-09-05 19:07:37"
"uniform_d3","uniform",3,199,10,97,9197,"stat_mean","mean",TRUE,"ascend","90",0.05,3,1,1,1,1,10,2,0.543395959939859,0.593577251255859,0,0,0.584306955337524,"ok","-","2026-09-05 19:07:38"
"uniform_d3","uniform",3,199,10,98,9198,"stat_mean","mean",TRUE,"ascend","90",0.05,3,1,1,1,1,10,2,0.58137070820357,0.49361074042167,0,0,0.44082498550415,"ok","-","2026-09-05 19:07:38"
"uniform_d3","uniform",3,199,10,99,9199,"stat_mean","mean",TRUE,"ascend","90",0.05,3,1,1,1,1,10,2,0.593513304835235,0.499082108149437,0,0,0.484884023666382,"ok","-","2026-09-05 19:07:39"
"uniform_d3","uniform",3,199,10,100,9200,"stat_mean","mean",TRUE,"ascend","90",0.05,3,1,1,1,1,10,2,0.612240583021173,0.435139481603296,0,0,0.524512052536011,"ok","-","2026-09-05 19:07:39"
"uniform_d3","uniform",3,199,10,2,9102,"stat_median","median",TRUE,"ascend","90",0.05,3,1,1,1,1,10,2,0.607236489616381,0.406479422489635,0,0,0.453221082687378,"ok","-","2026-09-05 19:07:40"
"uniform_d3","uniform",3,199,10,3,9103,"stat_median","median",TRUE,"ascend","90",0.05,3,1,1,1,1,10,2,0.590317396643094,0.47437620669827,0,0,0.556109189987183,"ok","-","2026-09-05 19:07:40"
"uniform_d3","uniform",3,199,10,4,9104,"stat_median","median",TRUE,"ascend","90",0.05,3,1,1,1,1,10,2,0.667181465194576,0.381735077517241,0,0,0.654865026473999,"ok","-","2026-09-05 19:07:41"
"uniform_d3","uniform",3,199,10,5,9105,"stat_median","median",TRUE,"ascend","90",0.05,3,1,1,1,1,10,2,0.567184710691573,0.320802978133476,0,0,0.448705911636353,"ok","-","2026-09-05 19:07:41"
"uniform_d3","uniform",3,199,10,6,9106,"stat_median","median",TRUE,"ascend","90",0.05,3,1,1,1,1,10,2,0.541678176799328,0.484466188566185,0,0,0.528878927230835,"ok","-","2026-09-05 19:07:42"
"uniform_d3","uniform",3,199,10,7,9107,"stat_median","median",TRUE,"ascend","90",0.05,3,1,1,1,1,10,2,0.604567130812169,0.420486370830402,0,0,0.51758599281311,"ok","-","2026-09-05 19:07:43"
"uniform_d3","uniform",3,199,10,8,9108,"stat_median","median",TRUE,"ascend","90",0.05,3,1,1,1,1,10,2,0.548013706033764,0.37699037387733,0,0,0.421627044677734,"ok","-","2026-09-05 19:07:43"
"uniform_d3","uniform",3,199,10,9,9109,"stat_median","median",TRUE,"ascend","90",0.05,3,1,1,1,1,10,2,0.695919777744981,0.489974370372011,0,0,0.529893159866333,"ok","-","2026-09-05 19:07:44"
"uniform_d3","uniform",3,199,10,10,9110,"stat_median","median",TRUE,"ascend","90",0.05,3,1,0.994708994708995,0.997354497354497,0.980392156862745,11,2,0.697121460348903,0.430996896401066,0,0,0.485077142715454,"ok","-","2026-09-05 19:07:44"
"uniform_d3","uniform",3,199,10,11,9111,"stat_median","median",TRUE,"ascend","90",0.05,3,1,0.978835978835979,0.989417989417989,0.925925925925926,14,2,0.535198672543251,0.378322912637068,0,0,0.515851974487305,"ok","-","2026-09-05 19:07:45"
"uniform_d3","uniform",3,199,10,12,9112,"stat_median","median",TRUE,"ascend","90",0.05,3,1,1,1,1,10,2,0.808876986848526,0.518704345781537,0,0,0.764169931411743,"ok","-","2026-09-05 19:07:45"
"uniform_d3","uniform",3,199,10,13,9113,"stat_median","median",TRUE,"ascend","90",0.05,3,1,0.994708994708995,0.997354497354497,0.980392156862745,11,2,0.642208666441519,0.485239234036547,0,0,0.610321998596191,"ok","-","2026-09-05 19:07:46"
"uniform_d3","uniform",3,199,10,14,9114,"stat_median","median",TRUE,"ascend","90",0.05,3,1,1,1,1,10,2,0.654802027290229,0.511158716403391,0,0,0.479130983352661,"ok","-","2026-09-05 19:07:47"
"uniform_d3","uniform",3,199,10,15,9115,"stat_median","median",TRUE,"ascend","90",0.05,3,1,1,1,1,10,2,0.557703253684373,0.513984583201795,0,0,0.61088490486145,"ok","-","2026-09-05 19:07:47"
"uniform_d3","uniform",3,199,10,16,9116,"stat_median","median",TRUE,"ascend","90",0.05,3,1,1,1,1,10,2,0.656108365630713,0.559299710275031,0,0,0.783868074417114,"ok","-","2026-09-05 19:07:48"
"uniform_d3","uniform",3,199,10,17,9117,"stat_median","median",TRUE,"ascend","90",0.05,3,1,1,1,1,10,2,0.602252150317992,0.405207799816556,0,0,0.598681926727295,"ok","-","2026-09-05 19:07:49"
"uniform_d3","uniform",3,199,10,18,9118,"stat_median","median",TRUE,"ascend","90",0.05,3,1,1,1,1,10,2,0.659847317922568,0.557402577200739,0,0,0.504161834716797,"ok","-","2026-09-05 19:07:49"
"uniform_d3","uniform",3,199,10,19,9119,"stat_median","median",TRUE,"ascend","90",0.05,3,1,1,1,1,10,2,0.630181151959353,0.50573689603362,0,0,0.469592094421387,"ok","-","2026-09-05 19:07:50"
"uniform_d3","uniform",3,199,10,20,9120,"stat_median","median",TRUE,"ascend","90",0.05,3,1,1,1,1,10,2,0.763751742619175,0.533963131985856,0,0,0.583330869674683,"ok","-","2026-09-05 19:07:50"
"uniform_d3","uniform",3,199,10,21,9121,"stat_median","median",TRUE,"ascend","90",0.05,3,1,1,1,1,10,2,0.636124235977059,0.423600879106867,0,0,0.641091108322144,"ok","-","2026-09-05 19:07:51"
"uniform_d3","uniform",3,199,10,22,9122,"stat_median","median",TRUE,"ascend","90",0.05,3,1,1,1,1,10,2,0.704195933562209,0.523823524107134,0,0,0.803107976913452,"ok","-","2026-09-05 19:07:52"
"uniform_d3","uniform",3,199,10,23,9123,"stat_median","median",TRUE,"ascend","90",0.05,3,1,0.994708994708995,0.997354497354497,0.980392156862745,11,2,0.880754514548502,0.574851423728737,0,0,0.775409936904907,"ok","-","2026-09-05 19:07:52"
"uniform_d3","uniform",3,199,10,24,9124,"stat_median","median",TRUE,"ascend","90",0.05,3,1,0.994708994708995,0.997354497354497,0.980392156862745,11,2,0.732389560891652,0.51800847214569,0,0,0.677078008651733,"ok","-","2026-09-05 19:07:53"
"uniform_d3","uniform",3,199,10,25,9125,"stat_median","median",TRUE,"ascend","90",0.05,3,1,1,1,1,10,2,0.7210750934646,0.553634413943909,0,0,0.705656051635742,"ok","-","2026-09-05 19:07:54"
"uniform_d3","uniform",3,199,10,26,9126,"stat_median","median",TRUE,"ascend","90",0.05,3,1,0.994708994708995,0.997354497354497,0.980392156862745,11,2,0.649154949810084,0.461506908216303,0,0,0.756813049316406,"ok","-","2026-09-05 19:07:55"
"uniform_d3","uniform",3,199,10,27,9127,"stat_median","median",TRUE,"ascend","90",0.05,3,1,1,1,1,10,2,0.540867916706857,0.542835603253084,0,0,0.628158092498779,"ok","-","2026-09-05 19:07:55"
"uniform_d3","uniform",3,199,10,28,9128,"stat_median","median",TRUE,"ascend","90",0.05,3,1,1,1,1,10,2,0.633423989188683,0.435172712015625,0,0,0.446558952331543,"ok","-","2026-09-05 19:07:56"
"uniform_d3","uniform",3,199,10,29,9129,"stat_median","median",TRUE,"ascend","90",0.05,3,1,1,1,1,10,2,0.553260727594731,0.474272459992381,0,0,0.550754070281982,"ok","-","2026-09-05 19:07:56"
"uniform_d3","uniform",3,199,10,30,9130,"stat_median","median",TRUE,"ascend","90",0.05,3,1,1,1,1,10,2,0.547698665871335,0.387358584444862,0,0,0.498898983001709,"ok","-","2026-09-05 19:07:57"
"uniform_d3","uniform",3,199,10,31,9131,"stat_median","median",TRUE,"ascend","90",0.05,3,1,1,1,1,10,2,0.693048422788956,0.448889977752266,0,0,0.550347089767456,"ok","-","2026-09-05 19:07:57"
"uniform_d3","uniform",3,199,10,32,9132,"stat_median","median",TRUE,"ascend","90",0.05,3,1,1,1,1,10,2,0.665287131944371,0.537624113841338,0,0,0.688302993774414,"ok","-","2026-09-05 19:07:58"
"uniform_d3","uniform",3,199,10,33,9133,"stat_median","median",TRUE,"ascend","90",0.05,3,1,1,1,1,10,2,0.698502704716808,0.43131430050104,0,0,0.602500915527344,"ok","-","2026-09-05 19:07:59"
"uniform_d3","uniform",3,199,10,34,9134,"stat_median","median",TRUE,"ascend","90",0.05,3,1,1,1,1,10,2,0.598735211626085,0.503404063842772,0,0,0.564334154129028,"ok","-","2026-09-05 19:07:59"
"uniform_d3","uniform",3,199,10,35,9135,"stat_median","median",TRUE,"ascend","90",0.05,3,1,1,1,1,10,2,0.60044873677704,0.501183033917591,0,0,0.650153875350952,"ok","-","2026-09-05 19:08:00"
"uniform_d3","uniform",3,199,10,36,9136,"stat_median","median",TRUE,"ascend","90",0.05,3,1,1,1,1,10,2,0.716769888867562,0.486378956221632,0,0,0.624392032623291,"ok","-","2026-09-05 19:08:01"
"uniform_d3","uniform",3,199,10,37,9137,"stat_median","median",TRUE,"ascend","90",0.05,3,1,0.994708994708995,0.997354497354497,0.980392156862745,11,2,0.571982374073226,0.466166331212583,0,0,0.499590158462524,"ok","-","2026-09-05 19:08:01"
"uniform_d3","uniform",3,199,10,38,9138,"stat_median","median",TRUE,"ascend","90",0.05,3,1,1,1,1,10,2,0.592075773503643,0.498578019545588,0,0,0.366153955459595,"ok","-","2026-09-05 19:08:02"
"uniform_d3","uniform",3,199,10,39,9139,"stat_median","median",TRUE,"ascend","90",0.05,3,1,1,1,1,10,2,0.44571143380761,0.465515805741249,0,0,0.609648942947388,"ok","-","2026-09-05 19:08:02"
"uniform_d3","uniform",3,199,10,40,9140,"stat_median","median",TRUE,"ascend","90",0.05,3,1,1,1,1,10,2,0.524969422894104,0.537735377082109,0,0,0.383565902709961,"ok","-","2026-09-05 19:08:03"
"uniform_d3","uniform",3,199,10,41,9141,"stat_median","median",TRUE,"ascend","90",0.05,3,1,0.994708994708995,0.997354497354497,0.980392156862745,11,2,0.700779032659298,0.4603413191028,0,0,0.465085983276367,"ok","-","2026-09-05 19:08:03"
"uniform_d3","uniform",3,199,10,42,9142,"stat_median","median",TRUE,"ascend","90",0.05,3,1,1,1,1,10,2,0.538026158843659,0.436085653393342,0,0,0.79157018661499,"ok","-","2026-09-05 19:08:04"
"uniform_d3","uniform",3,199,10,43,9143,"stat_median","median",TRUE,"ascend","90",0.05,3,1,1,1,1,10,2,0.485550763599824,0.56120694209874,0,0,0.643934965133667,"ok","-","2026-09-05 19:08:05"
"uniform_d3","uniform",3,199,10,44,9144,"stat_median","median",TRUE,"ascend","90",0.05,3,1,1,1,1,10,2,0.580338020074659,0.553603221956172,0,0,0.44579291343689,"ok","-","2026-09-05 19:08:05"
"uniform_d3","uniform",3,199,10,45,9145,"stat_median","median",TRUE,"ascend","90",0.05,3,1,1,1,1,10,2,0.589568213865263,0.432124442898805,0,0,0.662421941757202,"ok","-","2026-09-05 19:08:06"
"uniform_d3","uniform",3,199,10,46,9146,"stat_median","median",TRUE,"ascend","90",0.05,3,1,1,1,1,10,2,0.649935811455211,0.482695437449951,0,0,0.570427179336548,"ok","-","2026-09-05 19:08:06"
"uniform_d3","uniform",3,199,10,47,9147,"stat_median","median",TRUE,"ascend","90",0.05,3,1,1,1,1,10,2,0.658973008043882,0.493023152535286,0,0,0.711663007736206,"ok","-","2026-09-05 19:08:07"
"uniform_d3","uniform",3,199,10,48,9148,"stat_median","median",TRUE,"ascend","90",0.05,3,1,1,1,1,10,2,0.663153091120771,0.536346742712592,0,0,0.690431833267212,"ok","-","2026-09-05 19:08:08"
"uniform_d3","uniform",3,199,10,49,9149,"stat_median","median",TRUE,"ascend","90",0.05,3,1,1,1,1,10,2,0.67040838029363,0.59383590919504,0,0,0.546902894973755,"ok","-","2026-09-05 19:08:08"
"uniform_d3","uniform",3,199,10,50,9150,"stat_median","median",TRUE,"ascend","90",0.05,3,1,1,1,1,10,2,0.790577751113419,0.461823849948838,0,0,0.832139015197754,"ok","-","2026-09-05 19:08:09"
"uniform_d3","uniform",3,199,10,51,9151,"stat_median","median",TRUE,"ascend","90",0.05,3,1,1,1,1,10,2,0.651397813247366,0.41155591039034,0,0,0.539340972900391,"ok","-","2026-09-05 19:08:10"
"uniform_d3","uniform",3,199,10,52,9152,"stat_median","median",TRUE,"ascend","90",0.05,3,1,1,1,1,10,2,0.70183580628009,0.473422043782339,0,0,0.673049926757812,"ok","-","2026-09-05 19:08:10"
"uniform_d3","uniform",3,199,10,53,9153,"stat_median","median",TRUE,"ascend","90",0.05,3,1,1,1,1,10,2,0.727097308406035,0.414411997216498,0,0,0.495353937149048,"ok","-","2026-09-05 19:08:11"
"uniform_d3","uniform",3,199,10,54,9154,"stat_median","median",TRUE,"ascend","90",0.05,3,1,0.994708994708995,0.997354497354497,0.980392156862745,11,2,0.591473333758517,0.450399533788289,0,0,0.393805980682373,"ok","-","2026-09-05 19:08:11"
"uniform_d3","uniform",3,199,10,55,9155,"stat_median","median",TRUE,"ascend","90",0.05,3,1,1,1,1,10,2,0.780110410333935,0.517237472766303,0,0,0.402157068252563,"ok","-","2026-09-05 19:08:12"
"uniform_d3","uniform",3,199,10,56,9156,"stat_median","median",TRUE,"ascend","90",0.05,3,1,1,1,1,10,2,0.59167301833789,0.512837831465358,0,0,0.428177833557129,"ok","-","2026-09-05 19:08:12"
"uniform_d3","uniform",3,199,10,57,9157,"stat_median","median",TRUE,"ascend","90",0.05,3,1,1,1,1,10,2,0.847729023358573,0.475998178346421,0,0,0.532508134841919,"ok","-","2026-09-05 19:08:13"
"uniform_d3","uniform",3,199,10,58,9158,"stat_median","median",TRUE,"ascend","90",0.05,3,1,1,1,1,10,2,0.698613746580215,0.530878731535589,0,0,0.482368946075439,"ok","-","2026-09-05 19:08:13"
"uniform_d3","uniform",3,199,10,59,9159,"stat_median","median",TRUE,"ascend","90",0.05,3,1,1,1,1,10,2,0.580244224391911,0.473900795865917,0,0,0.476380825042725,"ok","-","2026-09-05 19:08:14"
"uniform_d3","uniform",3,199,10,60,9160,"stat_median","median",TRUE,"ascend","90",0.05,3,1,1,1,1,10,2,0.70503309010683,0.479694078053098,0,0,0.529410123825073,"ok","-","2026-09-05 19:08:14"
"uniform_d3","uniform",3,199,10,61,9161,"stat_median","median",TRUE,"ascend","90",0.05,3,1,0.989417989417989,0.994708994708995,0.961538461538461,12,2,0.630354723842078,0.417321479938643,0,0,0.688558101654053,"ok","-","2026-09-05 19:08:15"
"uniform_d3","uniform",3,199,10,62,9162,"stat_median","median",TRUE,"ascend","90",0.05,3,1,1,1,1,10,2,0.655644218839574,0.486550468893655,0,0,0.417251825332642,"ok","-","2026-09-05 19:08:16"
"uniform_d3","uniform",3,199,10,63,9163,"stat_median","median",TRUE,"ascend","90",0.05,3,1,1,1,1,10,2,0.566841380217101,0.602399743986032,0,0,0.593966007232666,"ok","-","2026-09-05 19:08:16"
"uniform_d3","uniform",3,199,10,64,9164,"stat_median","median",TRUE,"ascend","90",0.05,3,1,1,1,1,10,2,0.615425844374589,0.462137627598841,0,0,0.543519020080566,"ok","-","2026-09-05 19:08:17"
"uniform_d3","uniform",3,199,10,65,9165,"stat_median","median",TRUE,"ascend","90",0.05,3,1,1,1,1,10,2,0.53822382224626,0.345102646190765,0,0,0.418853044509888,"ok","-","2026-09-05 19:08:17"
"uniform_d3","uniform",3,199,10,66,9166,"stat_median","median",TRUE,"ascend","90",0.05,3,1,1,1,1,10,2,0.684452482592378,0.472462854351985,0,0,0.488944053649902,"ok","-","2026-09-05 19:08:18"
"uniform_d3","uniform",3,199,10,67,9167,"stat_median","median",TRUE,"ascend","90",0.05,3,1,1,1,1,10,2,0.563082700270262,0.486534324506073,0,0,0.542190074920654,"ok","-","2026-09-05 19:08:18"
"uniform_d3","uniform",3,199,10,68,9168,"stat_median","median",TRUE,"ascend","90",0.05,3,1,1,1,1,10,2,0.631172544957369,0.450114946286063,0,0,0.480000972747803,"ok","-","2026-09-05 19:08:19"
"uniform_d3","uniform",3,199,10,69,9169,"stat_median","median",TRUE,"ascend","90",0.05,3,1,1,1,1,10,2,0.668875737857879,0.394578504848733,0,0,0.42162013053894,"ok","-","2026-09-05 19:08:19"
"uniform_d3","uniform",3,199,10,70,9170,"stat_median","median",TRUE,"ascend","90",0.05,3,1,1,1,1,10,2,0.673775583752209,0.616151590212724,0,0,0.428224086761475,"ok","-","2026-09-05 19:08:20"
"uniform_d3","uniform",3,199,10,71,9171,"stat_median","median",TRUE,"ascend","90",0.05,3,1,1,1,1,10,2,0.546192684209329,0.438100889068799,0,0,0.408998966217041,"ok","-","2026-09-05 19:08:20"
"uniform_d3","uniform",3,199,10,72,9172,"stat_median","median",TRUE,"ascend","90",0.05,3,1,1,1,1,10,2,0.702790112969717,0.449652304265921,0,0,0.518670082092285,"ok","-","2026-09-05 19:08:21"
"uniform_d3","uniform",3,199,10,73,9173,"stat_median","median",TRUE,"ascend","90",0.05,3,1,1,1,1,10,2,0.744330061513288,0.477907676066489,0,0,0.568414926528931,"ok","-","2026-09-05 19:08:21"
"uniform_d3","uniform",3,199,10,74,9174,"stat_median","median",TRUE,"ascend","90",0.05,3,1,1,1,1,10,2,0.660146691114651,0.517491841284011,0,0,0.378523826599121,"ok","-","2026-09-05 19:08:22"
"uniform_d3","uniform",3,199,10,75,9175,"stat_median","median",TRUE,"ascend","90",0.05,3,1,1,1,1,10,2,0.592559047115284,0.531160636608491,0,0,0.591706991195679,"ok","-","2026-09-05 19:08:22"
"uniform_d3","uniform",3,199,10,76,9176,"stat_median","median",TRUE,"ascend","90",0.05,3,1,1,1,1,10,2,0.694752140192,0.542803229059964,0,0,0.62686014175415,"ok","-","2026-09-05 19:08:23"
"uniform_d3","uniform",3,199,10,77,9177,"stat_median","median",TRUE,"ascend","90",0.05,3,1,0.989417989417989,0.994708994708995,0.961538461538461,12,2,0.71906488637336,0.538170649005959,0,0,0.544517040252686,"ok","-","2026-09-05 19:08:23"
"uniform_d3","uniform",3,199,10,78,9178,"stat_median","median",TRUE,"ascend","90",0.05,3,1,1,1,1,10,2,0.660521295823886,0.522435906419924,0,0,0.610441923141479,"ok","-","2026-09-05 19:08:24"
"uniform_d3","uniform",3,199,10,79,9179,"stat_median","median",TRUE,"ascend","90",0.05,3,1,1,1,1,10,2,0.671006769697949,0.514415883757452,0,0,0.485090970993042,"ok","-","2026-09-05 19:08:25"
"uniform_d3","uniform",3,199,10,80,9180,"stat_median","median",TRUE,"ascend","90",0.05,3,1,1,1,1,10,2,0.643606543172152,0.486717850340252,0,0,0.594812154769897,"ok","-","2026-09-05 19:08:25"
"uniform_d3","uniform",3,199,10,81,9181,"stat_median","median",TRUE,"ascend","90",0.05,3,1,1,1,1,10,2,0.709698612078913,0.510749062467206,0,0,0.456159114837646,"ok","-","2026-09-05 19:08:26"
"uniform_d3","uniform",3,199,10,82,9182,"stat_median","median",TRUE,"ascend","90",0.05,3,1,1,1,1,10,2,0.552070819622406,0.581705865965817,0,0,0.553342819213867,"ok","-","2026-09-05 19:08:26"
"uniform_d3","uniform",3,199,10,83,9183,"stat_median","median",TRUE,"ascend","90",0.05,3,1,1,1,1,10,2,0.666117238696054,0.485067536200029,0,0,0.550580024719238,"ok","-","2026-09-05 19:08:27"
"uniform_d3","uniform",3,199,10,84,9184,"stat_median","median",TRUE,"ascend","90",0.05,3,1,0.994708994708995,0.997354497354497,0.980392156862745,11,2,0.605607792088459,0.524707433243766,0,0,0.566811084747314,"ok","-","2026-09-05 19:08:27"
"uniform_d3","uniform",3,199,10,85,9185,"stat_median","median",TRUE,"ascend","90",0.05,3,1,1,1,1,10,2,0.589908021075571,0.462248130989865,0,0,0.572726964950562,"ok","-","2026-09-05 19:08:28"
"uniform_d3","uniform",3,199,10,86,9186,"stat_median","median",TRUE,"ascend","90",0.05,3,1,1,1,1,10,2,0.638927191023275,0.409258679362781,0,0,0.579904079437256,"ok","-","2026-09-05 19:08:29"
"uniform_d3","uniform",3,199,10,87,9187,"stat_median","median",TRUE,"ascend","90",0.05,3,1,1,1,1,10,2,0.533808196233739,0.353312619049344,0,0,0.429446935653687,"ok","-","2026-09-05 19:08:29"
"uniform_d3","uniform",3,199,10,88,9188,"stat_median","median",TRUE,"ascend","90",0.05,3,1,1,1,1,10,2,0.655467524680535,0.480120206354821,0,0,0.511111974716187,"ok","-","2026-09-05 19:08:30"
"uniform_d3","uniform",3,199,10,89,9189,"stat_median","median",TRUE,"ascend","90",0.05,3,1,1,1,1,10,2,0.649710608820714,0.54567581522837,0,0,0.441526174545288,"ok","-","2026-09-05 19:08:30"
"uniform_d3","uniform",3,199,10,90,9190,"stat_median","median",TRUE,"ascend","90",0.05,3,1,1,1,1,10,2,0.792541532600816,0.571202793743902,0,0,0.579169988632202,"ok","-","2026-09-05 19:08:31"
"uniform_d3","uniform",3,199,10,91,9191,"stat_median","median",TRUE,"ascend","90",0.05,3,1,1,1,1,10,2,0.658794713831042,0.469823093258796,0,0,0.454985857009888,"ok","-","2026-09-05 19:08:31"
"uniform_d3","uniform",3,199,10,92,9192,"stat_median","median",TRUE,"ascend","90",0.05,3,1,1,1,1,10,2,0.641656012511796,0.586567356779524,0,0,0.584682941436768,"ok","-","2026-09-05 19:08:32"
"uniform_d3","uniform",3,199,10,93,9193,"stat_median","median",TRUE,"ascend","90",0.05,3,0.9,1,0.95,0.918367346938775,9,2,0.735170670437707,0.504381573123892,0,0,0.463135957717896,"ok","-","2026-09-05 19:08:32"
"uniform_d3","uniform",3,199,10,94,9194,"stat_median","median",TRUE,"ascend","90",0.05,3,1,1,1,1,10,2,0.526696551470125,0.426715130850864,0,0,0.539651155471802,"ok","-","2026-09-05 19:08:33"
"uniform_d3","uniform",3,199,10,95,9195,"stat_median","median",TRUE,"ascend","90",0.05,3,1,1,1,1,10,2,0.499612237850608,0.467412133446293,0,0,0.433236122131348,"ok","-","2026-09-05 19:08:33"
"uniform_d3","uniform",3,199,10,96,9196,"stat_median","median",TRUE,"ascend","90",0.05,3,1,1,1,1,10,2,0.618887069906523,0.570043952217257,0,0,0.556267023086548,"ok","-","2026-09-05 19:08:34"
"uniform_d3","uniform",3,199,10,97,9197,"stat_median","median",TRUE,"ascend","90",0.05,3,1,1,1,1,10,2,0.599425876310192,0.606240710897848,0,0,0.642065048217773,"ok","-","2026-09-05 19:08:34"
"uniform_d3","uniform",3,199,10,98,9198,"stat_median","median",TRUE,"ascend","90",0.05,3,1,1,1,1,10,2,0.603654702527159,0.494302404016518,0,0,0.467384815216064,"ok","-","2026-09-05 19:08:35"
"uniform_d3","uniform",3,199,10,99,9199,"stat_median","median",TRUE,"ascend","90",0.05,3,1,1,1,1,10,2,0.610177572185651,0.513201296814169,0,0,0.495205879211426,"ok","-","2026-09-05 19:08:35"
"uniform_d3","uniform",3,199,10,100,9200,"stat_median","median",TRUE,"ascend","90",0.05,3,1,1,1,1,10,2,0.669306035845011,0.447469722730359,0,0,0.53850793838501,"ok","-","2026-09-05 19:08:36"
"uniform_d3","uniform",3,199,10,2,9102,"centre_off","both",FALSE,"ascend","90",0.05,3,1,1,1,1,10,2,0.497458284556109,0.377743735042882,0,0,0.467311859130859,"ok","-","2026-09-05 19:08:36"
"uniform_d3","uniform",3,199,10,3,9103,"centre_off","both",FALSE,"ascend","90",0.05,3,1,1,1,1,10,2,0.498724237665769,0.474735124365363,0,0,0.457872152328491,"ok","-","2026-09-05 19:08:37"
"uniform_d3","uniform",3,199,10,4,9104,"centre_off","both",FALSE,"ascend","90",0.05,3,1,0.994708994708995,0.997354497354497,0.980392156862745,11,2,0.589924337578453,0.424441119203042,0,0,0.543049097061157,"ok","-","2026-09-05 19:08:38"
"uniform_d3","uniform",3,199,10,5,9105,"centre_off","both",FALSE,"ascend","90",0.05,3,1,1,1,1,10,2,0.419238450617533,0.25334477254233,0,0,0.41783595085144,"ok","-","2026-09-05 19:08:38"
"uniform_d3","uniform",3,199,10,6,9106,"centre_off","both",FALSE,"ascend","90",0.05,3,1,1,1,1,10,2,0.448659925651825,0.435045301401688,0,0,0.358274936676025,"ok","-","2026-09-05 19:08:38"
"uniform_d3","uniform",3,199,10,7,9107,"centre_off","both",FALSE,"ascend","90",0.05,3,1,0.994708994708995,0.997354497354497,0.980392156862745,11,2,0.532235700010081,0.51529429519575,0,0,0.593072175979614,"ok","-","2026-09-05 19:08:39"
"uniform_d3","uniform",3,199,10,8,9108,"centre_off","both",FALSE,"ascend","90",0.05,3,1,1,1,1,10,2,0.458212708968981,0.373012086022949,0,0,0.449893951416016,"ok","-","2026-09-05 19:08:39"
"uniform_d3","uniform",3,199,10,9,9109,"centre_off","both",FALSE,"ascend","90",0.05,3,1,1,1,1,10,2,0.571046863079788,0.436242443268083,0,0,0.392379999160767,"ok","-","2026-09-05 19:08:40"
"uniform_d3","uniform",3,199,10,10,9110,"centre_off","both",FALSE,"ascend","90",0.05,3,1,0.989417989417989,0.994708994708995,0.961538461538461,12,2,0.605787069299483,0.420797391455019,0,0,0.455830097198486,"ok","-","2026-09-05 19:08:40"
"uniform_d3","uniform",3,199,10,11,9111,"centre_off","both",FALSE,"ascend","90",0.05,3,1,0.968253968253968,0.984126984126984,0.892857142857143,16,2,0.43407086907356,0.423453080993728,0,0,0.441035032272339,"ok","-","2026-09-05 19:08:41"
"uniform_d3","uniform",3,199,10,12,9112,"centre_off","both",FALSE,"ascend","90",0.05,3,1,1,1,1,10,2,0.703715147672515,0.430682117983309,0,0,0.74208402633667,"ok","-","2026-09-05 19:08:42"
"uniform_d3","uniform",3,199,10,13,9113,"centre_off","both",FALSE,"ascend","90",0.05,3,1,0.994708994708995,0.997354497354497,0.980392156862745,11,2,0.53962167222323,0.472804685695226,0,0,0.467971086502075,"ok","-","2026-09-05 19:08:42"
"uniform_d3","uniform",3,199,10,14,9114,"centre_off","both",FALSE,"ascend","90",0.05,3,1,1,1,1,10,2,0.53369387490964,0.50324578449102,0,0,0.235432147979736,"ok","-","2026-09-05 19:08:42"
"uniform_d3","uniform",3,199,10,15,9115,"centre_off","both",FALSE,"ascend","90",0.05,3,1,1,1,1,10,2,0.463116108989184,0.51598528849378,0,0,0.44957709312439,"ok","-","2026-09-05 19:08:43"
"uniform_d3","uniform",3,199,10,16,9116,"centre_off","both",FALSE,"ascend","90",0.05,3,1,1,1,1,10,2,0.551512046115065,0.563270892764314,0,0,0.578577041625977,"ok","-","2026-09-05 19:08:43"
"uniform_d3","uniform",3,199,10,17,9117,"centre_off","both",FALSE,"ascend","90",0.05,3,1,1,1,1,10,2,0.502262368856856,0.388915543472241,0,0,0.450907945632935,"ok","-","2026-09-05 19:08:44"
"uniform_d3","uniform",3,199,10,18,9118,"centre_off","both",FALSE,"ascend","90",0.05,3,1,1,1,1,10,2,0.464651655026154,0.358637148360072,0,0,0.380590915679932,"ok","-","2026-09-05 19:08:44"
"uniform_d3","uniform",3,199,10,19,9119,"centre_off","both",FALSE,"ascend","90",0.05,3,1,1,1,1,10,2,0.51017758251916,0.467324592238905,0,0,0.389865875244141,"ok","-","2026-09-05 19:08:45"
"uniform_d3","uniform",3,199,10,20,9120,"centre_off","both",FALSE,"ascend","90",0.05,3,1,1,1,1,10,2,0.64149574732453,0.538824230231185,0,0,0.528823137283325,"ok","-","2026-09-05 19:08:45"
"uniform_d3","uniform",3,199,10,21,9121,"centre_off","both",FALSE,"ascend","90",0.05,3,1,1,1,1,10,2,0.535624351421625,0.44878747271314,0,0,0.565459966659546,"ok","-","2026-09-05 19:08:46"
"uniform_d3","uniform",3,199,10,22,9122,"centre_off","both",FALSE,"ascend","90",0.05,3,1,1,1,1,10,2,0.603755726206803,0.581169907724331,0,0,0.640564203262329,"ok","-","2026-09-05 19:08:46"
"uniform_d3","uniform",3,199,10,23,9123,"centre_off","both",FALSE,"ascend","90",0.05,3,1,1,1,1,10,2,0.72186024155677,0.539446892993319,0,0,0.57668399810791,"ok","-","2026-09-05 19:08:47"
"uniform_d3","uniform",3,199,10,24,9124,"centre_off","both",FALSE,"ascend","90",0.05,3,1,1,1,1,10,2,0.582544656192524,0.473587386039764,0,0,0.556713104248047,"ok","-","2026-09-05 19:08:48"
"uniform_d3","uniform",3,199,10,25,9125,"centre_off","both",FALSE,"ascend","90",0.05,3,1,1,1,1,10,2,0.634880583454668,0.566762319024224,0,0,0.486465930938721,"ok","-","2026-09-05 19:08:48"
"uniform_d3","uniform",3,199,10,26,9126,"centre_off","both",FALSE,"ascend","90",0.05,3,1,0.984126984126984,0.992063492063492,0.943396226415094,13,2,0.536639231792066,0.439106318323389,0,0,0.592525005340576,"ok","-","2026-09-05 19:08:49"
"uniform_d3","uniform",3,199,10,27,9127,"centre_off","both",FALSE,"ascend","90",0.05,3,1,1,1,1,10,2,0.36421922805518,0.396329738338694,0,0,0.569904088973999,"ok","-","2026-09-05 19:08:49"
"uniform_d3","uniform",3,199,10,28,9128,"centre_off","both",FALSE,"ascend","90",0.05,3,1,1,1,1,10,2,0.551422961075983,0.449369686337451,0,0,0.396139144897461,"ok","-","2026-09-05 19:08:50"
"uniform_d3","uniform",3,199,10,29,9129,"centre_off","both",FALSE,"ascend","90",0.05,3,1,1,1,1,10,2,0.432551058225234,0.391481013221286,0,0,0.449242115020752,"ok","-","2026-09-05 19:08:50"
"uniform_d3","uniform",3,199,10,30,9130,"centre_off","both",FALSE,"ascend","90",0.05,3,1,1,1,1,10,2,0.446630960705487,0.441206478331577,0,0,0.497898101806641,"ok","-","2026-09-05 19:08:51"
"uniform_d3","uniform",3,199,10,31,9131,"centre_off","both",FALSE,"ascend","90",0.05,3,1,1,1,1,10,2,0.602847642652212,0.479802585486376,0,0,0.446699142456055,"ok","-","2026-09-05 19:08:51"
"uniform_d3","uniform",3,199,10,32,9132,"centre_off","both",FALSE,"ascend","90",0.05,3,1,1,1,1,10,2,0.565206892667666,0.535377027994668,0,0,0.607760906219482,"ok","-","2026-09-05 19:08:52"
"uniform_d3","uniform",3,199,10,33,9133,"centre_off","both",FALSE,"ascend","90",0.05,3,1,1,1,1,10,2,0.534592597115502,0.37733521039145,0,0,0.532287836074829,"ok","-","2026-09-05 19:08:52"
"uniform_d3","uniform",3,199,10,34,9134,"centre_off","both",FALSE,"ascend","90",0.05,3,1,1,1,1,10,2,0.485422988462644,0.439658946187261,0,0,0.485570907592773,"ok","-","2026-09-05 19:08:53"
"uniform_d3","uniform",3,199,10,35,9135,"centre_off","both",FALSE,"ascend","90",0.05,3,1,1,1,1,10,2,0.479171809303435,0.492655647956912,0,0,0.55811595916748,"ok","-","2026-09-05 19:08:53"
"uniform_d3","uniform",3,199,10,36,9136,"centre_off","both",FALSE,"ascend","90",0.05,3,1,1,1,1,10,2,0.660891725982748,0.465390092618691,0,0,0.566879987716675,"ok","-","2026-09-05 19:08:54"
"uniform_d3","uniform",3,199,10,37,9137,"centre_off","both",FALSE,"ascend","90",0.05,3,1,1,1,1,10,2,0.490363658167616,0.459915054320827,0,0,0.331079959869385,"ok","-","2026-09-05 19:08:54"
"uniform_d3","uniform",3,199,10,38,9138,"centre_off","both",FALSE,"ascend","90",0.05,3,1,1,1,1,10,2,0.526664392963079,0.498750464237304,0,0,0.401085138320923,"ok","-","2026-09-05 19:08:55"
"uniform_d3","uniform",3,199,10,39,9139,"centre_off","both",FALSE,"ascend","90",0.05,3,1,1,1,1,10,2,0.407017504951914,0.508535906466306,0,0,0.487546920776367,"ok","-","2026-09-05 19:08:55"
"uniform_d3","uniform",3,199,10,40,9140,"centre_off","both",FALSE,"ascend","90",0.05,3,1,1,1,1,10,2,0.439280779076022,0.554183652497271,0,0,0.394622087478638,"ok","-","2026-09-05 19:08:56"
"uniform_d3","uniform",3,199,10,41,9141,"centre_off","both",FALSE,"ascend","90",0.05,3,1,1,1,1,10,2,0.600526298667959,0.475650735700934,0,0,0.390606164932251,"ok","-","2026-09-05 19:08:56"
"uniform_d3","uniform",3,199,10,42,9142,"centre_off","both",FALSE,"ascend","90",0.05,3,1,1,1,1,10,2,0.473813119427687,0.435051041707936,0,0,0.681485891342163,"ok","-","2026-09-05 19:08:57"
"uniform_d3","uniform",3,199,10,43,9143,"centre_off","both",FALSE,"ascend","90",0.05,3,1,0.973544973544973,0.986772486772487,0.909090909090909,15,2,0.363362073121262,0.412666157401014,0,0,0.335110187530518,"ok","-","2026-09-05 19:08:57"
"uniform_d3","uniform",3,199,10,44,9144,"centre_off","both",FALSE,"ascend","90",0.05,3,1,1,1,1,10,2,0.481010660916972,0.524360177438297,0,0,0.402545928955078,"ok","-","2026-09-05 19:08:58"
"uniform_d3","uniform",3,199,10,45,9145,"centre_off","both",FALSE,"ascend","90",0.05,3,1,0.994708994708995,0.997354497354497,0.980392156862745,11,2,0.477931968844312,0.43354250223866,0,0,0.549527883529663,"ok","-","2026-09-05 19:08:58"
"uniform_d3","uniform",3,199,10,46,9146,"centre_off","both",FALSE,"ascend","90",0.05,3,1,0.994708994708995,0.997354497354497,0.980392156862745,11,2,0.568060473958498,0.488275906791692,0,0,0.452804088592529,"ok","-","2026-09-05 19:08:59"
"uniform_d3","uniform",3,199,10,47,9147,"centre_off","both",FALSE,"ascend","90",0.05,3,1,1,1,1,10,2,0.540878135327609,0.497573676770975,0,0,0.638300895690918,"ok","-","2026-09-05 19:08:59"
"uniform_d3","uniform",3,199,10,48,9148,"centre_off","both",FALSE,"ascend","90",0.05,3,1,1,1,1,10,2,0.603166334970715,0.559517511389279,0,0,0.620055913925171,"ok","-","2026-09-05 19:09:00"
"uniform_d3","uniform",3,199,10,49,9149,"centre_off","both",FALSE,"ascend","90",0.05,3,1,1,1,1,10,2,0.578080452796832,0.594790126507581,0,0,0.336866855621338,"ok","-","2026-09-05 19:09:00"
"uniform_d3","uniform",3,199,10,50,9150,"centre_off","both",FALSE,"ascend","90",0.05,3,1,1,1,1,10,2,0.651984860700272,0.47390802289918,0,0,0.478725910186768,"ok","-","2026-09-05 19:09:01"
"uniform_d3","uniform",3,199,10,51,9151,"centre_off","both",FALSE,"ascend","90",0.05,3,1,1,1,1,10,2,0.55537103803739,0.412461365395069,0,0,0.349825143814087,"ok","-","2026-09-05 19:09:01"
"uniform_d3","uniform",3,199,10,52,9152,"centre_off","both",FALSE,"ascend","90",0.05,3,1,1,1,1,10,2,0.59183951767161,0.418941891021126,0,0,0.421795845031738,"ok","-","2026-09-05 19:09:02"
"uniform_d3","uniform",3,199,10,53,9153,"centre_off","both",FALSE,"ascend","90",0.05,3,1,1,1,1,10,2,0.605632155081591,0.424770996155188,0,0,0.407196044921875,"ok","-","2026-09-05 19:09:02"
"uniform_d3","uniform",3,199,10,54,9154,"centre_off","both",FALSE,"ascend","90",0.05,3,1,1,1,1,10,2,0.494499187036073,0.448118530571089,0,0,0.454409837722778,"ok","-","2026-09-05 19:09:03"
"uniform_d3","uniform",3,199,10,55,9155,"centre_off","both",FALSE,"ascend","90",0.05,3,1,1,1,1,10,2,0.684546420531059,0.49664921795917,0,0,0.377329111099243,"ok","-","2026-09-05 19:09:03"
"uniform_d3","uniform",3,199,10,56,9156,"centre_off","both",FALSE,"ascend","90",0.05,3,1,1,1,1,10,2,0.532870848765584,0.50723785720983,0,0,0.451426029205322,"ok","-","2026-09-05 19:09:03"
"uniform_d3","uniform",3,199,10,57,9157,"centre_off","both",FALSE,"ascend","90",0.05,3,1,1,1,1,10,2,0.725469438123608,0.478249973547253,0,0,0.467505931854248,"ok","-","2026-09-05 19:09:04"
"uniform_d3","uniform",3,199,10,58,9158,"centre_off","both",FALSE,"ascend","90",0.05,3,1,1,1,1,10,2,0.597637355703547,0.535814264480755,0,0,0.336847066879272,"ok","-","2026-09-05 19:09:04"
"uniform_d3","uniform",3,199,10,59,9159,"centre_off","both",FALSE,"ascend","90",0.05,3,1,0.994708994708995,0.997354497354497,0.980392156862745,11,2,0.469552773814605,0.429666564193226,0,0,0.280333042144775,"ok","-","2026-09-05 19:09:05"
"uniform_d3","uniform",3,199,10,60,9160,"centre_off","both",FALSE,"ascend","90",0.05,3,1,0.994708994708995,0.997354497354497,0.980392156862745,11,2,0.586620654782763,0.481290297122013,0,0,0.526425838470459,"ok","-","2026-09-05 19:09:05"
"uniform_d3","uniform",3,199,10,61,9161,"centre_off","both",FALSE,"ascend","90",0.05,3,1,0.989417989417989,0.994708994708995,0.961538461538461,12,2,0.525607863213588,0.457178399768683,0,0,0.414744138717651,"ok","-","2026-09-05 19:09:05"
"uniform_d3","uniform",3,199,10,62,9162,"centre_off","both",FALSE,"ascend","90",0.05,3,1,1,1,1,10,2,0.516637729487102,0.470751204687857,0,0,0.283677816390991,"ok","-","2026-09-05 19:09:06"
"uniform_d3","uniform",3,199,10,63,9163,"centre_off","both",FALSE,"ascend","90",0.05,3,1,1,1,1,10,2,0.457305798579868,0.595186132281327,0,0,0.434241056442261,"ok","-","2026-09-05 19:09:06"
"uniform_d3","uniform",3,199,10,64,9164,"centre_off","both",FALSE,"ascend","90",0.05,3,1,1,1,1,10,2,0.479522477258672,0.331964250605782,0,0,0.589103937149048,"ok","-","2026-09-05 19:09:07"
"uniform_d3","uniform",3,199,10,65,9165,"centre_off","both",FALSE,"ascend","90",0.05,3,1,1,1,1,10,2,0.443338728026208,0.297768126712085,0,0,0.27559494972229,"ok","-","2026-09-05 19:09:07"
"uniform_d3","uniform",3,199,10,66,9166,"centre_off","both",FALSE,"ascend","90",0.05,3,1,1,1,1,10,2,0.597644334331922,0.469170878420252,0,0,0.463095188140869,"ok","-","2026-09-05 19:09:08"
"uniform_d3","uniform",3,199,10,67,9167,"centre_off","both",FALSE,"ascend","90",0.05,3,1,1,1,1,10,2,0.480000129381279,0.506684056672992,0,0,0.534519910812378,"ok","-","2026-09-05 19:09:08"
"uniform_d3","uniform",3,199,10,68,9168,"centre_off","both",FALSE,"ascend","90",0.05,3,1,1,1,1,10,2,0.537194664487455,0.453431794551267,0,0,0.430572986602783,"ok","-","2026-09-05 19:09:09"
"uniform_d3","uniform",3,199,10,69,9169,"centre_off","both",FALSE,"ascend","90",0.05,3,1,1,1,1,10,2,0.601287244003859,0.42014545052548,0,0,0.555437088012695,"ok","-","2026-09-05 19:09:09"
"uniform_d3","uniform",3,199,10,70,9170,"centre_off","both",FALSE,"ascend","90",0.05,3,1,1,1,1,10,2,0.518967610810304,0.450089947553712,0,0,0.371289014816284,"ok","-","2026-09-05 19:09:10"
"uniform_d3","uniform",3,199,10,71,9171,"centre_off","both",FALSE,"ascend","90",0.05,3,1,1,1,1,10,2,0.473153134455883,0.486301066596266,0,0,0.347707986831665,"ok","-","2026-09-05 19:09:10"
"uniform_d3","uniform",3,199,10,72,9172,"centre_off","both",FALSE,"ascend","90",0.05,3,1,1,1,1,10,2,0.661901315682321,0.522533074755344,0,0,0.522501945495605,"ok","-","2026-09-05 19:09:11"
"uniform_d3","uniform",3,199,10,73,9173,"centre_off","both",FALSE,"ascend","90",0.05,3,1,1,1,1,10,2,0.669864285246901,0.480251169968076,0,0,0.529370069503784,"ok","-","2026-09-05 19:09:11"
"uniform_d3","uniform",3,199,10,74,9174,"centre_off","both",FALSE,"ascend","90",0.05,3,1,0.994708994708995,0.997354497354497,0.980392156862745,11,2,0.509850914289247,0.448049650964618,0,0,0.435694932937622,"ok","-","2026-09-05 19:09:12"
"uniform_d3","uniform",3,199,10,75,9175,"centre_off","both",FALSE,"ascend","90",0.05,3,1,1,1,1,10,2,0.50603496945261,0.475919505770306,0,0,0.547331094741821,"ok","-","2026-09-05 19:09:12"
"uniform_d3","uniform",3,199,10,76,9176,"centre_off","both",FALSE,"ascend","90",0.05,3,1,1,1,1,10,2,0.588804481578262,0.545837400212165,0,0,0.544440031051636,"ok","-","2026-09-05 19:09:13"
"uniform_d3","uniform",3,199,10,77,9177,"centre_off","both",FALSE,"ascend","90",0.05,3,1,1,1,1,10,2,0.626686589212437,0.51728952310204,0,0,0.583065986633301,"ok","-","2026-09-05 19:09:13"
"uniform_d3","uniform",3,199,10,78,9178,"centre_off","both",FALSE,"ascend","90",0.05,3,1,1,1,1,10,2,0.534978750020491,0.529559557984977,0,0,0.471848011016846,"ok","-","2026-09-05 19:09:14"
"uniform_d3","uniform",3,199,10,79,9179,"centre_off","both",FALSE,"ascend","90",0.05,3,1,1,1,1,10,2,0.564703931857397,0.515220045931508,0,0,0.432435989379883,"ok","-","2026-09-05 19:09:14"
"uniform_d3","uniform",3,199,10,80,9180,"centre_off","both",FALSE,"ascend","90",0.05,3,1,1,1,1,10,2,0.554801425137933,0.484269765374976,0,0,0.527637958526611,"ok","-","2026-09-05 19:09:15"
"uniform_d3","uniform",3,199,10,81,9181,"centre_off","both",FALSE,"ascend","90",0.05,3,1,0.994708994708995,0.997354497354497,0.980392156862745,11,2,0.592542390604837,0.507850438898563,0,0,0.447147846221924,"ok","-","2026-09-05 19:09:15"
"uniform_d3","uniform",3,199,10,82,9182,"centre_off","both",FALSE,"ascend","90",0.05,3,1,1,1,1,10,2,0.45336697458784,0.492301034010086,0,0,0.465122938156128,"ok","-","2026-09-05 19:09:16"
"uniform_d3","uniform",3,199,10,83,9183,"centre_off","both",FALSE,"ascend","90",0.05,3,1,0.994708994708995,0.997354497354497,0.980392156862745,11,2,0.599299809189471,0.55106417011626,0,0,0.587341070175171,"ok","-","2026-09-05 19:09:16"
"uniform_d3","uniform",3,199,10,84,9184,"centre_off","both",FALSE,"ascend","90",0.05,3,1,1,1,1,10,2,0.548674337766895,0.575833548584167,0,0,0.613719940185547,"ok","-","2026-09-05 19:09:17"
"uniform_d3","uniform",3,199,10,85,9185,"centre_off","both",FALSE,"ascend","90",0.05,3,1,0.984126984126984,0.992063492063492,0.943396226415094,13,2,0.484989889158995,0.415172321254992,0,0,0.488143920898438,"ok","-","2026-09-05 19:09:17"
"uniform_d3","uniform",3,199,10,86,9186,"centre_off","both",FALSE,"ascend","90",0.05,3,1,1,1,1,10,2,0.526820646853605,0.44721455578653,0,0,0.455004930496216,"ok","-","2026-09-05 19:09:18"
"uniform_d3","uniform",3,199,10,87,9187,"centre_off","both",FALSE,"ascend","90",0.05,3,1,1,1,1,10,2,0.47527837298604,0.39737465783714,0,0,0.418862104415894,"ok","-","2026-09-05 19:09:18"
"uniform_d3","uniform",3,199,10,88,9188,"centre_off","both",FALSE,"ascend","90",0.05,3,1,1,1,1,10,2,0.557230555911508,0.466358713985529,0,0,0.442456007003784,"ok","-","2026-09-05 19:09:19"
"uniform_d3","uniform",3,199,10,89,9189,"centre_off","both",FALSE,"ascend","90",0.05,3,1,1,1,1,10,2,0.553678268431612,0.546079819459081,0,0,0.369254112243652,"ok","-","2026-09-05 19:09:19"
"uniform_d3","uniform",3,199,10,90,9190,"centre_off","both",FALSE,"ascend","90",0.05,3,1,1,1,1,10,2,0.672146689368003,0.524647056193098,0,0,0.503443002700806,"ok","-","2026-09-05 19:09:20"
"uniform_d3","uniform",3,199,10,91,9191,"centre_off","both",FALSE,"ascend","90",0.05,3,1,1,1,1,10,2,0.56744150786532,0.4817668411088,0,0,0.377075910568237,"ok","-","2026-09-05 19:09:20"
"uniform_d3","uniform",3,199,10,92,9192,"centre_off","both",FALSE,"ascend","90",0.05,3,1,1,1,1,10,2,0.516641521124011,0.533654340717094,0,0,0.368529081344604,"ok","-","2026-09-05 19:09:21"
"uniform_d3","uniform",3,199,10,93,9193,"centre_off","both",FALSE,"ascend","90",0.05,3,0.9,1,0.95,0.918367346938775,9,2,0.629287945571312,0.508815863977343,0,0,0.463932037353516,"ok","-","2026-09-05 19:09:21"
"uniform_d3","uniform",3,199,10,94,9194,"centre_off","both",FALSE,"ascend","90",0.05,3,1,1,1,1,10,2,0.439916686826028,0.395651693002511,0,0,0.443111896514893,"ok","-","2026-09-05 19:09:21"
"uniform_d3","uniform",3,199,10,95,9195,"centre_off","both",FALSE,"ascend","90",0.05,3,1,0.994708994708995,0.997354497354497,0.980392156862745,11,2,0.427310670580754,0.475599261200873,0,0,0.452649116516113,"ok","-","2026-09-05 19:09:22"
"uniform_d3","uniform",3,199,10,96,9196,"centre_off","both",FALSE,"ascend","90",0.05,3,1,1,1,1,10,2,0.513789740597717,0.549943248234235,0,0,0.425069093704224,"ok","-","2026-09-05 19:09:22"
"uniform_d3","uniform",3,199,10,97,9197,"centre_off","both",FALSE,"ascend","90",0.05,3,1,1,1,1,10,2,0.474596498996417,0.582887456457955,0,0,0.57482385635376,"ok","-","2026-09-05 19:09:23"
"uniform_d3","uniform",3,199,10,98,9198,"centre_off","both",FALSE,"ascend","90",0.05,3,1,1,1,1,10,2,0.534909809834972,0.529478673353737,0,0,0.506253004074097,"ok","-","2026-09-05 19:09:23"
"uniform_d3","uniform",3,199,10,99,9199,"centre_off","both",FALSE,"ascend","90",0.05,3,1,1,1,1,10,2,0.512293397935138,0.481276963105804,0,0,0.456117868423462,"ok","-","2026-09-05 19:09:24"
"uniform_d3","uniform",3,199,10,100,9200,"centre_off","both",FALSE,"ascend","90",0.05,3,1,1,1,1,10,2,0.542896043325849,0.456785037390507,0,0,0.524271011352539,"ok","-","2026-09-05 19:09:25"
"uniform_d3","uniform",3,199,10,2,9102,"direction_descend","both",TRUE,"descend","90",0.05,3,1,1,1,1,10,2,0.648381033276604,0.317146999076657,0,0,7.97294116020203,"ok","-","2026-09-05 19:09:33"
"uniform_d3","uniform",3,199,10,3,9103,"direction_descend","both",TRUE,"descend","90",0.05,3,1,1,1,1,10,2,0.589207156191149,0.236710615015983,0,0,7.71595001220703,"ok","-","2026-09-05 19:09:40"
"uniform_d3","uniform",3,199,10,4,9104,"direction_descend","both",TRUE,"descend","90",0.05,3,1,1,1,1,10,2,0.725875463303043,0.351448720300859,0,0,8.16536211967468,"ok","-","2026-09-05 19:09:48"
"uniform_d3","uniform",3,199,10,5,9105,"direction_descend","both",TRUE,"descend","90",0.05,3,1,1,1,1,10,2,0.6420997103238,0.262398099328508,0,0,9.70635604858398,"ok","-","2026-09-05 19:09:58"
"uniform_d3","uniform",3,199,10,6,9106,"direction_descend","both",TRUE,"descend","90",0.05,3,1,1,1,1,10,2,0.57868670799704,0.3966550156429,0,0,9.41658902168274,"ok","-","2026-09-05 19:10:08"
"uniform_d3","uniform",3,199,10,7,9107,"direction_descend","both",TRUE,"descend","90",0.05,3,1,1,1,1,10,2,0.619573473801144,0.343879746277313,0,0,9.53448915481567,"ok","-","2026-09-05 19:10:17"
"uniform_d3","uniform",3,199,10,8,9108,"direction_descend","both",TRUE,"descend","90",0.05,3,1,1,1,1,10,2,0.610964135124266,0.31937190275846,0,0,9.82963705062866,"ok","-","2026-09-05 19:10:27"
"uniform_d3","uniform",3,199,10,9,9109,"direction_descend","both",TRUE,"descend","90",0.05,3,1,1,1,1,10,2,0.684121279234882,0.397093147546431,0,0,10.2160830497742,"ok","-","2026-09-05 19:10:37"
"uniform_d3","uniform",3,199,10,10,9110,"direction_descend","both",TRUE,"descend","90",0.05,3,0.9,1,0.95,0.918367346938775,9,2,0.813194037017828,0.326615467403191,0,0,9.47995615005493,"ok","-","2026-09-05 19:10:47"
"uniform_d3","uniform",3,199,10,11,9111,"direction_descend","both",TRUE,"descend","90",0.05,3,1,1,1,1,10,2,0.567794615031311,0.275830013552848,0,0,9.84714794158936,"ok","-","2026-09-05 19:10:57"
"uniform_d3","uniform",3,199,10,12,9112,"direction_descend","both",TRUE,"descend","90",0.05,3,1,1,1,1,10,2,0.824902336007199,0.306969564941183,0,0,9.98268508911133,"ok","-","2026-09-05 19:11:07"
"uniform_d3","uniform",3,199,10,13,9113,"direction_descend","both",TRUE,"descend","90",0.05,3,1,1,1,1,10,2,0.630730164195494,0.254318436052457,0,0,10.3352210521698,"ok","-","2026-09-05 19:11:17"
"uniform_d3","uniform",3,199,10,14,9114,"direction_descend","both",TRUE,"descend","90",0.05,3,1,1,1,1,10,2,0.708177902805532,0.388742879807075,0,0,10.2393910884857,"ok","-","2026-09-05 19:11:27"
"uniform_d3","uniform",3,199,10,15,9115,"direction_descend","both",TRUE,"descend","90",0.05,3,1,1,1,1,10,2,0.603880774696227,0.411036183873016,0,0,10.2119138240814,"ok","-","2026-09-05 19:11:38"
"uniform_d3","uniform",3,199,10,16,9116,"direction_descend","both",TRUE,"descend","90",0.05,3,1,1,1,1,10,2,0.642584705864862,0.437203836435513,0,0,10.5173399448395,"ok","-","2026-09-05 19:11:48"
"uniform_d3","uniform",3,199,10,17,9117,"direction_descend","both",TRUE,"descend","90",0.05,3,1,1,1,1,10,2,0.647587058593936,0.323995072951266,0,0,10.0761649608612,"ok","-","2026-09-05 19:11:58"
"uniform_d3","uniform",3,199,10,18,9118,"direction_descend","both",TRUE,"descend","90",0.05,3,1,1,1,1,10,2,0.659912778786345,0.471272716142693,0,0,10.2780389785767,"ok","-","2026-09-05 19:12:09"
"uniform_d3","uniform",3,199,10,19,9119,"direction_descend","both",TRUE,"descend","90",0.05,3,1,1,1,1,10,2,0.695887808204192,0.450315300258618,0,0,10.4217209815979,"ok","-","2026-09-05 19:12:19"
"uniform_d3","uniform",3,199,10,20,9120,"direction_descend","both",TRUE,"descend","90",0.05,3,1,1,1,1,10,2,0.767539373174994,0.441643133139619,0,0,10.1293358802795,"ok","-","2026-09-05 19:12:29"
"uniform_d3","uniform",3,199,10,21,9121,"direction_descend","both",TRUE,"descend","90",0.05,3,1,1,1,1,10,2,0.629527049177157,0.235072582155328,0,0,10.611487865448,"ok","-","2026-09-05 19:12:40"
"uniform_d3","uniform",3,199,10,22,9122,"direction_descend","both",TRUE,"descend","90",0.05,3,1,1,1,1,10,2,0.720779538452593,0.381450641097082,0,0,10.4447591304779,"ok","-","2026-09-05 19:12:50"
"uniform_d3","uniform",3,199,10,23,9123,"direction_descend","both",TRUE,"descend","90",0.05,3,1,1,1,1,10,2,0.876388878245066,0.446772062464597,0,0,9.89635491371155,"ok","-","2026-09-05 19:13:00"
"uniform_d3","uniform",3,199,10,24,9124,"direction_descend","both",TRUE,"descend","90",0.05,3,1,1,1,1,10,2,0.805232495870065,0.445302641141041,0,0,9.38069581985474,"ok","-","2026-09-05 19:13:10"
"uniform_d3","uniform",3,199,10,25,9125,"direction_descend","both",TRUE,"descend","90",0.05,3,1,1,1,1,10,2,0.718942182597964,0.408594513526351,0,0,10.0853531360626,"ok","-","2026-09-05 19:13:20"
"uniform_d3","uniform",3,199,10,26,9126,"direction_descend","both",TRUE,"descend","90",0.05,3,1,1,1,1,10,2,0.645692904122604,0.276240817793716,0,0,10.1826360225677,"ok","-","2026-09-05 19:13:30"
"uniform_d3","uniform",3,199,10,27,9127,"direction_descend","both",TRUE,"descend","90",0.05,3,1,1,1,1,10,2,0.539619436611984,0.423710134454154,0,0,9.65323305130005,"ok","-","2026-09-05 19:13:40"
"uniform_d3","uniform",3,199,10,28,9128,"direction_descend","both",TRUE,"descend","90",0.05,3,1,1,1,1,10,2,0.636948866986321,0.31089922988304,0,0,9.48616790771484,"ok","-","2026-09-05 19:13:49"
"uniform_d3","uniform",3,199,10,29,9129,"direction_descend","both",TRUE,"descend","90",0.05,3,1,1,1,1,10,2,0.554131430480621,0.281082311345069,0,0,9.9757981300354,"ok","-","2026-09-05 19:13:59"
"uniform_d3","uniform",3,199,10,30,9130,"direction_descend","both",TRUE,"descend","90",0.05,3,1,1,1,1,10,2,0.580539750633225,0.347127252694986,0,0,9.42761397361755,"ok","-","2026-09-05 19:14:22"
"uniform_d3","uniform",3,199,10,31,9131,"direction_descend","both",TRUE,"descend","90",0.05,3,1,1,1,1,10,2,0.705507400357277,0.407626668092854,0,0,9.48733806610107,"ok","-","2026-09-05 19:14:32"
"uniform_d3","uniform",3,199,10,32,9132,"direction_descend","both",TRUE,"descend","90",0.05,3,1,1,1,1,10,2,0.637634514855846,0.310821707764835,0,0,10.1956558227539,"ok","-","2026-09-05 19:14:42"
"uniform_d3","uniform",3,199,10,33,9133,"direction_descend","both",TRUE,"descend","90",0.05,3,1,1,1,1,10,2,0.683748441474058,0.357855597298625,0,0,9.69848394393921,"ok","-","2026-09-05 19:14:52"
"uniform_d3","uniform",3,199,10,34,9134,"direction_descend","both",TRUE,"descend","90",0.05,3,0.9,1,0.95,0.918367346938775,9,2,0.619132807113677,0.306167028141528,0,0,10.7880170345306,"ok","-","2026-09-05 19:15:03"
"uniform_d3","uniform",3,199,10,35,9135,"direction_descend","both",TRUE,"descend","90",0.05,3,1,1,1,1,10,2,0.546599076984389,0.198554926843187,0,0,9.99602293968201,"ok","-","2026-09-05 19:15:13"
"uniform_d3","uniform",3,199,10,36,9136,"direction_descend","both",TRUE,"descend","90",0.05,3,0.9,1,0.95,0.918367346938775,9,2,0.732471199567353,0.316487642469998,0,0,9.6182861328125,"ok","-","2026-09-05 19:15:22"
"uniform_d3","uniform",3,199,10,37,9137,"direction_descend","both",TRUE,"descend","90",0.05,3,1,1,1,1,10,2,0.611630756480164,0.327974859253449,0,0,10.2809329032898,"ok","-","2026-09-05 19:15:33"
"uniform_d3","uniform",3,199,10,38,9138,"direction_descend","both",TRUE,"descend","90",0.05,3,1,1,1,1,10,2,0.66791160012521,0.390290292550071,0,0,10.0046219825745,"ok","-","2026-09-05 19:15:43"
"uniform_d3","uniform",3,199,10,39,9139,"direction_descend","both",TRUE,"descend","90",0.05,3,1,1,1,1,10,2,0.449694466445083,0.333382472162781,0,0,10.5139009952545,"ok","-","2026-09-05 19:15:53"
"uniform_d3","uniform",3,199,10,40,9140,"direction_descend","both",TRUE,"descend","90",0.05,3,1,1,1,1,10,2,0.508179675812103,0.310222557690936,0,0,9.89680218696594,"ok","-","2026-09-05 19:16:03"
"uniform_d3","uniform",3,199,10,41,9141,"direction_descend","both",TRUE,"descend","90",0.05,3,1,1,1,1,10,2,0.819934770148901,0.356462250456561,0,0,9.74186110496521,"ok","-","2026-09-05 19:16:13"
"uniform_d3","uniform",3,199,10,42,9142,"direction_descend","both",TRUE,"descend","90",0.05,3,1,1,1,1,10,2,0.528028298628484,0.248004448772336,0,0,10.0594611167908,"ok","-","2026-09-05 19:16:23"
"uniform_d3","uniform",3,199,10,43,9143,"direction_descend","both",TRUE,"descend","90",0.05,3,1,1,1,1,10,2,0.435632834101989,0.170640943977691,0,0,10.4006650447845,"ok","-","2026-09-05 19:16:33"
"uniform_d3","uniform",3,199,10,44,9144,"direction_descend","both",TRUE,"descend","90",0.05,3,1,1,1,1,10,2,0.558023716423468,0.26850160260732,0,0,9.56061410903931,"ok","-","2026-09-05 19:16:43"
"uniform_d3","uniform",3,199,10,45,9145,"direction_descend","both",TRUE,"descend","90",0.05,3,1,1,1,1,10,2,0.588344248843723,0.245046089003876,0,0,10.3629829883575,"ok","-","2026-09-05 19:16:53"
"uniform_d3","uniform",3,199,10,46,9146,"direction_descend","both",TRUE,"descend","90",0.05,3,1,1,1,1,10,2,0.649352487904529,0.247277070091066,0,0,9.48801612854004,"ok","-","2026-09-05 19:17:03"
"uniform_d3","uniform",3,199,10,47,9147,"direction_descend","both",TRUE,"descend","90",0.05,3,1,1,1,1,10,2,0.69503042603353,0.454719415369202,0,0,10.2724320888519,"ok","-","2026-09-05 19:17:13"
"uniform_d3","uniform",3,199,10,48,9148,"direction_descend","both",TRUE,"descend","90",0.05,3,1,1,1,1,10,2,0.621983206999902,0.238431203820751,0,0,9.51719403266907,"ok","-","2026-09-05 19:17:23"
"uniform_d3","uniform",3,199,10,49,9149,"direction_descend","both",TRUE,"descend","90",0.05,3,1,1,1,1,10,2,0.668113484424207,0.428314879324946,0,0,9.65139889717102,"ok","-","2026-09-05 19:17:32"
"uniform_d3","uniform",3,199,10,50,9150,"direction_descend","both",TRUE,"descend","90",0.05,3,1,1,1,1,10,2,0.83674466994964,0.331410975067505,0,0,9.74845886230469,"ok","-","2026-09-05 19:17:42"
"uniform_d3","uniform",3,199,10,51,9151,"direction_descend","both",TRUE,"descend","90",0.05,3,1,1,1,1,10,2,0.67347862046578,0.305449278506675,0,0,9.32487797737122,"ok","-","2026-09-05 19:17:52"
"uniform_d3","uniform",3,199,10,52,9152,"direction_descend","both",TRUE,"descend","90",0.05,3,1,1,1,1,10,2,0.753948958028934,0.369486026721329,0,0,9.76497793197632,"ok","-","2026-09-05 19:18:01"
"uniform_d3","uniform",3,199,10,53,9153,"direction_descend","both",TRUE,"descend","90",0.05,3,1,1,1,1,10,2,0.735508537346963,0.260599254828029,0,0,9.48018097877502,"ok","-","2026-09-05 19:18:11"
"uniform_d3","uniform",3,199,10,54,9154,"direction_descend","both",TRUE,"descend","90",0.05,3,1,1,1,1,10,2,0.626457746919801,0.361317556652216,0,0,9.94914412498474,"ok","-","2026-09-05 19:18:21"
"uniform_d3","uniform",3,199,10,55,9155,"direction_descend","both",TRUE,"descend","90",0.05,3,1,1,1,1,10,2,0.751526829535447,0.31976822953091,0,0,9.37725305557251,"ok","-","2026-09-05 19:18:30"
"uniform_d3","uniform",3,199,10,56,9156,"direction_descend","both",TRUE,"descend","90",0.05,3,1,1,1,1,10,2,0.643944626750367,0.352542209565281,0,0,9.41289401054382,"ok","-","2026-09-05 19:18:40"
"uniform_d3","uniform",3,199,10,57,9157,"direction_descend","both",TRUE,"descend","90",0.05,3,1,1,1,1,10,2,0.885498752762532,0.39672787053313,0,0,9.27374005317688,"ok","-","2026-09-05 19:18:49"
"uniform_d3","uniform",3,199,10,58,9158,"direction_descend","both",TRUE,"descend","90",0.05,3,1,1,1,1,10,2,0.757525442014665,0.460373737171944,0,0,10.2148289680481,"ok","-","2026-09-05 19:18:59"
"uniform_d3","uniform",3,199,10,59,9159,"direction_descend","both",TRUE,"descend","90",0.05,3,1,1,1,1,10,2,0.585248049102701,0.28146310863824,0,0,10.3210351467133,"ok","-","2026-09-05 19:19:10"
"uniform_d3","uniform",3,199,10,60,9160,"direction_descend","both",TRUE,"descend","90",0.05,3,1,1,1,1,10,2,0.734813468855095,0.343344903512114,0,0,9.65662097930908,"ok","-","2026-09-05 19:19:19"
"uniform_d3","uniform",3,199,10,61,9161,"direction_descend","both",TRUE,"descend","90",0.05,3,1,1,1,1,10,2,0.633209899045224,0.357966652694994,0,0,9.93594884872437,"ok","-","2026-09-05 19:19:29"
"uniform_d3","uniform",3,199,10,62,9162,"direction_descend","both",TRUE,"descend","90",0.05,3,1,1,1,1,10,2,0.673221423940541,0.317902516428046,0,0,9.73242211341858,"ok","-","2026-09-05 19:19:39"
"uniform_d3","uniform",3,199,10,63,9163,"direction_descend","both",TRUE,"descend","90",0.05,3,1,1,1,1,10,2,0.565812110707176,0.486520754697695,0,0,10.1147961616516,"ok","-","2026-09-05 19:19:49"
"uniform_d3","uniform",3,199,10,64,9164,"direction_descend","both",TRUE,"descend","90",0.05,3,1,1,1,1,10,2,0.609739083779492,0.228734045814139,0,0,10.3428208827972,"ok","-","2026-09-05 19:20:00"
"uniform_d3","uniform",3,199,10,65,9165,"direction_descend","both",TRUE,"descend","90",0.05,3,1,1,1,1,10,2,0.590283611312516,0.2461252209021,0,0,10.4464330673218,"ok","-","2026-09-05 19:20:10"
"uniform_d3","uniform",3,199,10,66,9166,"direction_descend","both",TRUE,"descend","90",0.05,3,1,1,1,1,10,2,0.764472770822901,0.382182217083098,0,0,10.3149330615997,"ok","-","2026-09-05 19:20:20"
"uniform_d3","uniform",3,199,10,67,9167,"direction_descend","both",TRUE,"descend","90",0.05,3,1,1,1,1,10,2,0.531220623933194,0.251977087985074,0,0,10.2256529331207,"ok","-","2026-09-05 19:20:31"
"uniform_d3","uniform",3,199,10,68,9168,"direction_descend","both",TRUE,"descend","90",0.05,3,1,1,1,1,10,2,0.596128500765671,0.231602663253575,0,0,10.1917259693146,"ok","-","2026-09-05 19:20:41"
"uniform_d3","uniform",3,199,10,69,9169,"direction_descend","both",TRUE,"descend","90",0.05,3,0.8,1,0.9,0.833333333333333,8,2,0.747361710368823,0.330623273973673,0,0,10.5108439922333,"ok","-","2026-09-05 19:20:51"
"uniform_d3","uniform",3,199,10,70,9170,"direction_descend","both",TRUE,"descend","90",0.05,3,1,1,1,1,10,2,0.682209278685201,0.443900516963301,0,0,9.85022497177124,"ok","-","2026-09-05 19:21:01"
"uniform_d3","uniform",3,199,10,71,9171,"direction_descend","both",TRUE,"descend","90",0.05,3,1,1,1,1,10,2,0.549570527257359,0.210859806279959,0,0,10.4419300556183,"ok","-","2026-09-05 19:21:12"
"uniform_d3","uniform",3,199,10,72,9172,"direction_descend","both",TRUE,"descend","90",0.05,3,1,1,1,1,10,2,0.794411934393206,0.411825552228983,0,0,9.37461590766907,"ok","-","2026-09-05 19:21:21"
"uniform_d3","uniform",3,199,10,73,9173,"direction_descend","both",TRUE,"descend","90",0.05,3,1,1,1,1,10,2,0.818245018875563,0.342005337858406,0,0,9.30943298339844,"ok","-","2026-09-05 19:21:30"
"uniform_d3","uniform",3,199,10,74,9174,"direction_descend","both",TRUE,"descend","90",0.05,3,1,1,1,1,10,2,0.70566695268613,0.361255192155737,0,0,9.29444909095764,"ok","-","2026-09-05 19:21:40"
"uniform_d3","uniform",3,199,10,75,9175,"direction_descend","both",TRUE,"descend","90",0.05,3,1,1,1,1,10,2,0.614015042856498,0.375805472253898,0,0,9.28399395942688,"ok","-","2026-09-05 19:21:49"
"uniform_d3","uniform",3,199,10,76,9176,"direction_descend","both",TRUE,"descend","90",0.05,3,1,1,1,1,10,2,0.6839851070017,0.37980448600994,0,0,9.48483610153198,"ok","-","2026-09-05 19:21:59"
"uniform_d3","uniform",3,199,10,77,9177,"direction_descend","both",TRUE,"descend","90",0.05,3,1,1,1,1,10,2,0.766489721722111,0.418802965711972,0,0,9.16866588592529,"ok","-","2026-09-05 19:22:08"
"uniform_d3","uniform",3,199,10,78,9178,"direction_descend","both",TRUE,"descend","90",0.05,3,1,1,1,1,10,2,0.655378130933045,0.310592405884203,0,0,9.66470289230347,"ok","-","2026-09-05 19:22:17"
"uniform_d3","uniform",3,199,10,79,9179,"direction_descend","both",TRUE,"descend","90",0.05,3,1,1,1,1,10,2,0.687916811028378,0.384726333998736,0,0,9.61005401611328,"ok","-","2026-09-05 21:03:37"
"uniform_d3","uniform",3,199,10,80,9180,"direction_descend","both",TRUE,"descend","90",0.05,3,1,1,1,1,10,2,0.644798887231886,0.261553940941998,0,0,9.99105906486511,"ok","-","2026-09-05 21:03:47"
"uniform_d3","uniform",3,199,10,81,9181,"direction_descend","both",TRUE,"descend","90",0.05,3,1,1,1,1,10,2,0.729850676487534,0.406472519704843,0,0,10.218768119812,"ok","-","2026-09-05 21:03:57"
"uniform_d3","uniform",3,199,10,82,9182,"direction_descend","both",TRUE,"descend","90",0.05,3,1,1,1,1,10,2,0.580473757975533,0.469613516282611,0,0,10.2684760093689,"ok","-","2026-09-05 21:04:07"
"uniform_d3","uniform",3,199,10,83,9183,"direction_descend","both",TRUE,"descend","90",0.05,3,1,1,1,1,10,2,0.718739806722936,0.392149521922295,0,0,10.0746321678162,"ok","-","2026-09-05 21:04:17"
"uniform_d3","uniform",3,199,10,84,9184,"direction_descend","both",TRUE,"descend","90",0.05,3,1,1,1,1,10,2,0.661510981862881,0.509144616125292,0,0,10.2570428848267,"ok","-","2026-09-05 21:04:28"
"uniform_d3","uniform",3,199,10,85,9185,"direction_descend","both",TRUE,"descend","90",0.05,3,1,1,1,1,10,2,0.59899337886455,0.276768542585822,0,0,10.4847149848938,"ok","-","2026-09-05 21:04:38"
"uniform_d3","uniform",3,199,10,86,9186,"direction_descend","both",TRUE,"descend","90",0.05,3,1,1,1,1,10,2,0.686356146460661,0.268566062411497,0,0,10.2104470729828,"ok","-","2026-09-05 21:04:48"
"uniform_d3","uniform",3,199,10,87,9187,"direction_descend","both",TRUE,"descend","90",0.05,3,1,1,1,1,10,2,0.605226753615639,0.268617717269644,0,0,9.05146813392639,"ok","-","2026-09-05 21:04:57"
"uniform_d3","uniform",3,199,10,88,9188,"direction_descend","both",TRUE,"descend","90",0.05,3,1,1,1,1,10,2,0.669838050375304,0.434674323486169,0,0,9.46224999427795,"ok","-","2026-09-05 21:05:07"
"uniform_d3","uniform",3,199,10,89,9189,"direction_descend","both",TRUE,"descend","90",0.05,3,1,1,1,1,10,2,0.622810826569102,0.35175406851296,0,0,9.44466614723206,"ok","-","2026-09-05 21:05:16"
"uniform_d3","uniform",3,199,10,90,9190,"direction_descend","both",TRUE,"descend","90",0.05,3,1,1,1,1,10,2,0.775251719474566,0.371935152182686,0,0,9.34088706970215,"ok","-","2026-09-05 21:05:26"
"uniform_d3","uniform",3,199,10,91,9191,"direction_descend","both",TRUE,"descend","90",0.05,3,1,1,1,1,10,2,0.699604217533449,0.412360584909848,0,0,9.14970302581787,"ok","-","2026-09-05 21:05:35"
"uniform_d3","uniform",3,199,10,92,9192,"direction_descend","both",TRUE,"descend","90",0.05,3,1,1,1,1,10,2,0.689836492247107,0.531931163450125,0,0,9.51663517951965,"ok","-","2026-09-05 21:05:44"
"uniform_d3","uniform",3,199,10,93,9193,"direction_descend","both",TRUE,"descend","90",0.05,3,0.9,1,0.95,0.918367346938775,9,2,0.800147175943959,0.389820666167502,0,0,9.68443703651428,"ok","-","2026-09-05 21:05:54"
"uniform_d3","uniform",3,199,10,94,9194,"direction_descend","both",TRUE,"descend","90",0.05,3,1,1,1,1,10,2,0.545840194275132,0.264851030163976,0,0,9.71900200843811,"ok","-","2026-09-05 21:06:04"
"uniform_d3","uniform",3,199,10,95,9195,"direction_descend","both",TRUE,"descend","90",0.05,3,1,1,1,1,10,2,0.502706622747767,0.172784879488771,0,0,9.59654998779297,"ok","-","2026-09-05 21:06:13"
"uniform_d3","uniform",3,199,10,96,9196,"direction_descend","both",TRUE,"descend","90",0.05,3,1,1,1,1,10,2,0.662433625723338,0.508842098203689,0,0,10.3432929515839,"ok","-","2026-09-05 21:06:24"
"uniform_d3","uniform",3,199,10,97,9197,"direction_descend","both",TRUE,"descend","90",0.05,3,1,1,1,1,10,2,0.590365957136534,0.393249370947602,0,0,10.3025441169739,"ok","-","2026-09-05 21:06:34"
"uniform_d3","uniform",3,199,10,98,9198,"direction_descend","both",TRUE,"descend","90",0.05,3,1,1,1,1,10,2,0.634161414953193,0.386180459703343,0,0,10.0840349197388,"ok","-","2026-09-05 21:06:44"
"uniform_d3","uniform",3,199,10,99,9199,"direction_descend","both",TRUE,"descend","90",0.05,3,1,1,1,1,10,2,0.604197726005724,0.314288158961942,0,0,10.3702669143677,"ok","-","2026-09-05 21:06:55"
"uniform_d3","uniform",3,199,10,100,9200,"direction_descend","both",TRUE,"descend","90",0.05,3,1,1,1,1,10,2,0.660741423319631,0.33234374965153,0,0,9.98795485496521,"ok","-","2026-09-05 21:07:05"
"uniform_d10","uniform",10,199,10,2,9102,"stock","both",TRUE,"ascend","999",0.05,3,1,0.994708994708995,0.997354497354497,0.980392156862745,11,2,0.861310676017271,0.345365819228621,0,0,0.56214714050293,"ok","-","2026-09-05 21:07:05"
"uniform_d10","uniform",10,199,10,3,9103,"stock","both",TRUE,"ascend","999",0.05,3,1,1,1,1,10,2,1.25138349039143,0.44751529117255,0,0,0.19818902015686,"ok","-","2026-09-05 21:07:05"
"uniform_d10","uniform",10,199,10,4,9104,"stock","both",TRUE,"ascend","999",0.05,3,1,0.994708994708995,0.997354497354497,0.980392156862745,11,2,0.910611354394569,0.360019935365513,0,0,0.637973070144653,"ok","-","2026-09-05 21:07:06"
"uniform_d10","uniform",10,199,10,5,9105,"stock","both",TRUE,"ascend","999",0.05,3,1,1,1,1,10,2,0.909303513220117,0.45156013357945,0,0,0.487735033035278,"ok","-","2026-09-05 21:07:07"
"uniform_d10","uniform",10,199,10,6,9106,"stock","both",TRUE,"ascend","999",0.05,3,1,0.994708994708995,0.997354497354497,0.980392156862745,11,2,0.878626328647453,0.234497192914933,0,0,0.905896902084351,"ok","-","2026-09-05 21:07:08"
"uniform_d10","uniform",10,199,10,7,9107,"stock","both",TRUE,"ascend","999",0.05,3,1,1,1,1,10,2,1.05320682272355,0.335828214963452,0,0,0.718186140060425,"ok","-","2026-09-05 21:07:08"
"uniform_d10","uniform",10,199,10,8,9108,"stock","both",TRUE,"ascend","999",0.05,3,1,1,1,1,10,2,1.05937011947961,0.290412373188548,0,0,0.313618183135986,"ok","-","2026-09-05 21:07:09"
"uniform_d10","uniform",10,199,10,9,9109,"stock","both",TRUE,"ascend","999",0.05,3,1,1,1,1,10,2,0.854492265633519,0.458459149210342,0,0,0.595960140228271,"ok","-","2026-09-05 21:07:09"
"uniform_d10","uniform",10,199,10,10,9110,"stock","both",TRUE,"ascend","999",0.05,3,1,1,1,1,10,2,0.936729952613622,0.412935805474357,0,0,0.413357973098755,"ok","-","2026-09-05 21:07:10"
"uniform_d10","uniform",10,199,10,11,9111,"stock","both",TRUE,"ascend","999",0.05,3,1,1,1,1,10,2,0.813158880862267,0.354884660181659,0,0,0.533007860183716,"ok","-","2026-09-05 21:07:10"
"uniform_d10","uniform",10,199,10,12,9112,"stock","both",TRUE,"ascend","999",0.05,3,1,0.994708994708995,0.997354497354497,0.980392156862745,11,2,0.90266582621574,0.454738945615131,0,0,0.695701837539673,"ok","-","2026-09-05 21:07:11"
"uniform_d10","uniform",10,199,10,13,9113,"stock","both",TRUE,"ascend","999",0.05,3,1,1,1,1,10,2,0.938322114828309,0.397776609519067,0,0,0.502581119537354,"ok","-","2026-09-05 21:07:11"
"uniform_d10","uniform",10,199,10,14,9114,"stock","both",TRUE,"ascend","999",0.05,3,1,1,1,1,10,2,1.04327501023844,0.559503455023982,0,0,0.435555934906006,"ok","-","2026-09-05 21:07:12"
"uniform_d10","uniform",10,199,10,15,9115,"stock","both",TRUE,"ascend","999",0.05,3,1,1,1,1,10,2,0.790742776824823,0.193598970880966,0,0,0.913710117340088,"ok","-","2026-09-05 21:07:13"
"uniform_d10","uniform",10,199,10,16,9116,"stock","both",TRUE,"ascend","999",0.05,3,1,1,1,1,10,2,0.992775736647923,0.306059581143197,0,0,0.492011785507202,"ok","-","2026-09-05 21:07:13"
"uniform_d10","uniform",10,199,10,17,9117,"stock","both",TRUE,"ascend","999",0.05,3,1,1,1,1,10,2,1.12287021639818,0.315844563260902,0,0,0.53736686706543,"ok","-","2026-09-05 21:07:14"
"uniform_d10","uniform",10,199,10,18,9118,"stock","both",TRUE,"ascend","999",0.05,3,1,1,1,1,10,2,1.17519270229008,0.281702318228721,0,0,0.227862119674683,"ok","-","2026-09-05 21:07:14"
"uniform_d10","uniform",10,199,10,19,9119,"stock","both",TRUE,"ascend","999",0.05,3,1,1,1,1,10,2,0.878460458941178,0.381546079125811,0,0,0.584581851959229,"ok","-","2026-09-05 21:07:15"
"uniform_d10","uniform",10,199,10,20,9120,"stock","both",TRUE,"ascend","999",0.05,3,1,1,1,1,10,2,1.20780084135134,0.34812956474339,0,0,0.242459058761597,"ok","-","2026-09-05 21:07:15"
"uniform_d10","uniform",10,199,10,21,9121,"stock","both",TRUE,"ascend","999",0.05,3,1,0.994708994708995,0.997354497354497,0.980392156862745,11,2,0.899210935661289,0.514330812336259,0,0,0.546200037002563,"ok","-","2026-09-05 21:07:16"
"uniform_d10","uniform",10,199,10,22,9122,"stock","both",TRUE,"ascend","999",0.05,3,1,0.994708994708995,0.997354497354497,0.980392156862745,11,2,1.04446243216349,0.416840544691123,0,0,0.415886878967285,"ok","-","2026-09-05 21:07:16"
"uniform_d10","uniform",10,199,10,23,9123,"stock","both",TRUE,"ascend","999",0.05,3,1,1,1,1,10,2,0.882320493181716,0.397777200931009,0,0,0.580952167510986,"ok","-","2026-09-05 21:07:17"
"uniform_d10","uniform",10,199,10,24,9124,"stock","both",TRUE,"ascend","999",0.05,3,1,0.994708994708995,0.997354497354497,0.980392156862745,11,2,0.930443950238154,0.225752185058754,0,0,0.64569091796875,"ok","-","2026-09-05 21:07:17"
"uniform_d10","uniform",10,199,10,25,9125,"stock","both",TRUE,"ascend","999",0.05,3,1,1,1,1,10,2,0.758248611184149,0.183832062682002,0,0,0.912256956100464,"ok","-","2026-09-05 21:07:18"
"uniform_d10","uniform",10,199,10,26,9126,"stock","both",TRUE,"ascend","999",0.05,3,1,0.994708994708995,0.997354497354497,0.980392156862745,11,2,1.13652943177847,0.350704098477084,0,0,0.490111827850342,"ok","-","2026-09-05 21:07:19"
"uniform_d10","uniform",10,199,10,27,9127,"stock","both",TRUE,"ascend","999",0.05,3,1,1,1,1,10,2,0.955936585569798,0.600158893749631,0,0,0.419505834579468,"ok","-","2026-09-05 21:07:19"
"uniform_d10","uniform",10,199,10,28,9128,"stock","both",TRUE,"ascend","999",0.05,3,1,1,1,1,10,2,0.950570249283156,0.428818775028286,0,0,0.458094835281372,"ok","-","2026-09-05 21:07:20"
"uniform_d10","uniform",10,199,10,29,9129,"stock","both",TRUE,"ascend","999",0.05,3,1,1,1,1,10,2,0.891284868185659,0.233960592471553,0,0,0.675014019012451,"ok","-","2026-09-05 21:07:20"
"uniform_d10","uniform",10,199,10,30,9130,"stock","both",TRUE,"ascend","999",0.05,3,1,1,1,1,10,2,0.856446575144771,0.249630095321551,0,0,0.71599006652832,"ok","-","2026-09-05 21:07:21"
"uniform_d10","uniform",10,199,10,31,9131,"stock","both",TRUE,"ascend","999",0.05,3,1,0.994708994708995,0.997354497354497,0.980392156862745,11,2,1.01479438691772,0.517580907234681,0,0,0.75611686706543,"ok","-","2026-09-05 21:07:22"
"uniform_d10","uniform",10,199,10,32,9132,"stock","both",TRUE,"ascend","999",0.05,3,1,1,1,1,10,2,1.01297357410799,0.395306480653321,0,0,0.584362030029297,"ok","-","2026-09-05 21:07:23"
"uniform_d10","uniform",10,199,10,33,9133,"stock","both",TRUE,"ascend","999",0.05,3,1,1,1,1,10,2,0.972122383587314,0.346312201176076,0,0,0.449126958847046,"ok","-","2026-09-05 21:07:23"
"uniform_d10","uniform",10,199,10,34,9134,"stock","both",TRUE,"ascend","999",0.05,3,1,1,1,1,10,2,1.04607947541456,0.358643556115944,0,0,0.572232961654663,"ok","-","2026-09-05 21:07:24"
"uniform_d10","uniform",10,199,10,35,9135,"stock","both",TRUE,"ascend","999",0.05,3,1,0.994708994708995,0.997354497354497,0.980392156862745,11,2,0.954504395164745,0.368103093323586,0,0,0.82177209854126,"ok","-","2026-09-05 21:07:24"
"uniform_d10","uniform",10,199,10,36,9136,"stock","both",TRUE,"ascend","999",0.05,3,1,1,1,1,10,2,1.20092762175618,0.429960843666857,0,0,0.439208030700684,"ok","-","2026-09-05 21:07:25"
"uniform_d10","uniform",10,199,10,37,9137,"stock","both",TRUE,"ascend","999",0.05,3,1,0.994708994708995,0.997354497354497,0.980392156862745,11,2,0.978790654200763,0.328772417146875,0,0,0.476433038711548,"ok","-","2026-09-05 21:07:25"
"uniform_d10","uniform",10,199,10,38,9138,"stock","both",TRUE,"ascend","999",0.05,3,1,1,1,1,10,2,0.876309739149809,0.409842720078392,0,0,0.667393922805786,"ok","-","2026-09-05 21:07:26"
"uniform_d10","uniform",10,199,10,39,9139,"stock","both",TRUE,"ascend","999",0.05,3,1,1,1,1,10,2,0.828421659611817,0.232062747046515,0,0,1.01264715194702,"ok","-","2026-09-05 21:07:27"
"uniform_d10","uniform",10,199,10,40,9140,"stock","both",TRUE,"ascend","999",0.05,3,1,1,1,1,10,2,1.06036383732071,0.578489192991949,0,0,0.446880102157593,"ok","-","2026-09-05 21:07:28"
"uniform_d10","uniform",10,199,10,41,9141,"stock","both",TRUE,"ascend","999",0.05,3,1,0.994708994708995,0.997354497354497,0.980392156862745,11,2,1.19710599301894,0.376553982809727,0,0,0.371187925338745,"ok","-","2026-09-05 21:07:28"
"uniform_d10","uniform",10,199,10,42,9142,"stock","both",TRUE,"ascend","999",0.05,3,1,1,1,1,10,2,0.982479273975415,0.396068007834655,0,0,0.960661172866821,"ok","-","2026-09-05 21:07:29"
"uniform_d10","uniform",10,199,10,43,9143,"stock","both",TRUE,"ascend","999",0.05,3,1,1,1,1,10,2,0.897991879699177,0.383144241997971,0,0,0.608052015304565,"ok","-","2026-09-05 21:07:30"
"uniform_d10","uniform",10,199,10,44,9144,"stock","both",TRUE,"ascend","999",0.05,3,1,1,1,1,10,2,0.835190060772024,0.417778353056844,0,0,0.662344932556152,"ok","-","2026-09-05 21:07:30"
"uniform_d10","uniform",10,199,10,45,9145,"stock","both",TRUE,"ascend","999",0.05,3,1,1,1,1,10,2,1.07840112301781,0.306477032306516,0,0,0.419003009796143,"ok","-","2026-09-05 21:07:31"
"uniform_d10","uniform",10,199,10,46,9146,"stock","both",TRUE,"ascend","999",0.05,3,1,1,1,1,10,2,0.945374726939609,0.514925899513785,0,0,0.468024015426636,"ok","-","2026-09-05 21:07:31"
"uniform_d10","uniform",10,199,10,47,9147,"stock","both",TRUE,"ascend","999",0.05,3,1,1,1,1,10,2,0.900026565480649,0.485454559330306,0,0,0.386984825134277,"ok","-","2026-09-05 21:07:32"
"uniform_d10","uniform",10,199,10,48,9148,"stock","both",TRUE,"ascend","999",0.05,3,1,1,1,1,10,2,0.75687330399474,0.200447250650607,0,0,0.6493079662323,"ok","-","2026-09-05 21:07:32"
"uniform_d10","uniform",10,199,10,49,9149,"stock","both",TRUE,"ascend","999",0.05,3,1,1,1,1,10,2,1.12361324403158,0.465689571803775,0,0,0.532334089279175,"ok","-","2026-09-05 21:07:33"
"uniform_d10","uniform",10,199,10,50,9150,"stock","both",TRUE,"ascend","999",0.05,3,1,1,1,1,10,2,1.03877786816996,0.400189034031286,0,0,0.231157779693604,"ok","-","2026-09-05 21:07:33"
"uniform_d10","uniform",10,199,10,51,9151,"stock","both",TRUE,"ascend","999",0.05,3,1,1,1,1,10,2,1.03288647626939,0.437069076199552,0,0,0.57474684715271,"ok","-","2026-09-05 21:07:34"
"uniform_d10","uniform",10,199,10,52,9152,"stock","both",TRUE,"ascend","999",0.05,3,1,1,1,1,10,2,0.871153054478709,0.374909947272111,0,0,0.585097074508667,"ok","-","2026-09-05 21:07:34"
"uniform_d10","uniform",10,199,10,53,9153,"stock","both",TRUE,"ascend","999",0.05,3,1,1,1,1,10,2,0.97552588804666,0.466274010084713,0,0,0.914451122283936,"ok","-","2026-09-05 21:07:35"
"uniform_d10","uniform",10,199,10,54,9154,"stock","both",TRUE,"ascend","999",0.05,3,1,0.994708994708995,0.997354497354497,0.980392156862745,11,2,1.12091393708367,0.413318028012525,0,0,0.3315110206604,"ok","-","2026-09-05 21:07:36"
"uniform_d10","uniform",10,199,10,55,9155,"stock","both",TRUE,"ascend","999",0.05,3,1,1,1,1,10,2,0.859670290236852,0.215800193413213,0,0,0.847714900970459,"ok","-","2026-09-05 21:07:37"
"uniform_d10","uniform",10,199,10,56,9156,"stock","both",TRUE,"ascend","999",0.05,3,1,1,1,1,10,2,0.931572696876227,0.374514268729268,0,0,0.653827905654907,"ok","-","2026-09-05 21:07:37"
"uniform_d10","uniform",10,199,10,57,9157,"stock","both",TRUE,"ascend","999",0.05,3,1,1,1,1,10,2,1.07989480829913,0.4667565953746,0,0,0.307786226272583,"ok","-","2026-09-05 21:07:38"
"uniform_d10","uniform",10,199,10,58,9158,"stock","both",TRUE,"ascend","999",0.05,3,1,0.984126984126984,0.992063492063492,0.943396226415094,13,2,1.03444525423506,0.411290805442727,0,0,0.683789968490601,"ok","-","2026-09-05 21:07:38"
"uniform_d10","uniform",10,199,10,59,9159,"stock","both",TRUE,"ascend","999",0.05,3,1,0.994708994708995,0.997354497354497,0.980392156862745,11,2,0.878449410569923,0.609604852777078,0,0,0.737303972244263,"ok","-","2026-09-05 21:07:39"
"uniform_d10","uniform",10,199,10,60,9160,"stock","both",TRUE,"ascend","999",0.05,3,1,0.994708994708995,0.997354497354497,0.980392156862745,11,2,0.909441936551468,0.368859272221477,0,0,0.531425952911377,"ok","-","2026-09-05 21:07:40"
"uniform_d10","uniform",10,199,10,61,9161,"stock","both",TRUE,"ascend","999",0.05,3,1,0.994708994708995,0.997354497354497,0.980392156862745,11,2,0.961153940764637,0.446048049217141,0,0,0.71258807182312,"ok","-","2026-09-05 21:07:40"
"uniform_d10","uniform",10,199,10,62,9162,"stock","both",TRUE,"ascend","999",0.05,3,1,1,1,1,10,2,1.10347730585242,0.556332431030466,0,0,0.479830026626587,"ok","-","2026-09-05 21:07:41"
"uniform_d10","uniform",10,199,10,63,9163,"stock","both",TRUE,"ascend","999",0.05,3,1,1,1,1,10,2,0.962137861512423,0.312652863914959,0,0,0.536484003067017,"ok","-","2026-09-05 21:07:41"
"uniform_d10","uniform",10,199,10,64,9164,"stock","both",TRUE,"ascend","999",0.05,3,1,1,1,1,10,2,1.14014507836517,0.504215572757472,0,0,0.500734090805054,"ok","-","2026-09-05 21:07:42"
"uniform_d10","uniform",10,199,10,65,9165,"stock","both",TRUE,"ascend","999",0.05,3,1,1,1,1,10,2,0.816522968119934,0.326959368775347,0,0,0.748924970626831,"ok","-","2026-09-05 21:07:43"
"uniform_d10","uniform",10,199,10,66,9166,"stock","both",TRUE,"ascend","999",0.05,3,1,1,1,1,10,2,1.00167942292285,0.373512839693439,0,0,0.597927093505859,"ok","-","2026-09-05 21:07:43"
"uniform_d10","uniform",10,199,10,67,9167,"stock","both",TRUE,"ascend","999",0.05,3,1,1,1,1,10,2,0.785597227834221,0.400380627505728,0,0,0.871310949325562,"ok","-","2026-09-05 21:07:44"
"uniform_d10","uniform",10,199,10,68,9168,"stock","both",TRUE,"ascend","999",0.05,3,1,1,1,1,10,2,1.02694260810538,0.44298829981602,0,0,0.424223184585571,"ok","-","2026-09-05 21:07:45"
"uniform_d10","uniform",10,199,10,69,9169,"stock","both",TRUE,"ascend","999",0.05,3,1,1,1,1,10,2,1.17291288791902,0.517701770884869,0,0,0.436207056045532,"ok","-","2026-09-05 21:07:45"
"uniform_d10","uniform",10,199,10,70,9170,"stock","both",TRUE,"ascend","999",0.05,3,1,1,1,1,10,2,0.910954863813239,0.413384574398232,0,0,0.574772834777832,"ok","-","2026-09-05 21:07:46"
"uniform_d10","uniform",10,199,10,71,9171,"stock","both",TRUE,"ascend","999",0.05,3,1,1,1,1,10,2,1.01364418419393,0.546051577140219,0,0,0.405524969100952,"ok","-","2026-09-05 21:07:46"
"uniform_d10","uniform",10,199,10,72,9172,"stock","both",TRUE,"ascend","999",0.05,3,1,1,1,1,10,2,0.88084454118074,0.638515551894757,0,0,0.544857025146484,"ok","-","2026-09-05 21:07:47"
"uniform_d10","uniform",10,199,10,73,9173,"stock","both",TRUE,"ascend","999",0.05,3,1,1,1,1,10,2,1.14589718730723,0.357316054303649,0,0,0.23133111000061,"ok","-","2026-09-05 21:07:47"
"uniform_d10","uniform",10,199,10,74,9174,"stock","both",TRUE,"ascend","999",0.05,3,1,1,1,1,10,2,0.965478048007554,0.458462529134664,0,0,0.630779027938843,"ok","-","2026-09-05 21:07:48"
"uniform_d10","uniform",10,199,10,75,9175,"stock","both",TRUE,"ascend","999",0.05,3,1,0.989417989417989,0.994708994708995,0.961538461538461,12,2,1.03212734562658,0.47894735018305,0,0,0.40432596206665,"ok","-","2026-09-05 21:07:48"
"uniform_d10","uniform",10,199,10,76,9176,"stock","both",TRUE,"ascend","999",0.05,3,1,1,1,1,10,2,0.941497059205452,0.527716190969681,0,0,0.531879186630249,"ok","-","2026-09-05 21:07:49"
"uniform_d10","uniform",10,199,10,77,9177,"stock","both",TRUE,"ascend","999",0.05,3,1,1,1,1,10,2,1.10941401775218,0.457515884484736,0,0,0.441581010818481,"ok","-","2026-09-05 21:07:49"
"uniform_d10","uniform",10,199,10,78,9178,"stock","both",TRUE,"ascend","999",0.05,3,1,1,1,1,10,2,1.003529861302,0.426446723005103,0,0,0.859659910202026,"ok","-","2026-09-05 21:07:50"
"uniform_d10","uniform",10,199,10,79,9179,"stock","both",TRUE,"ascend","999",0.05,3,1,1,1,1,10,2,1.09622027404552,0.530333030501758,0,0,0.366592884063721,"ok","-","2026-09-05 21:07:50"
"uniform_d10","uniform",10,199,10,80,9180,"stock","both",TRUE,"ascend","999",0.05,3,1,0.994708994708995,0.997354497354497,0.980392156862745,11,2,0.893841912581673,0.253030422515874,0,0,0.561038017272949,"ok","-","2026-09-05 21:07:51"
"uniform_d10","uniform",10,199,10,81,9181,"stock","both",TRUE,"ascend","999",0.05,3,1,1,1,1,10,2,0.895481665460316,0.258702898902681,0,0,0.396353960037231,"ok","-","2026-09-05 21:07:51"
"uniform_d10","uniform",10,199,10,82,9182,"stock","both",TRUE,"ascend","999",0.05,3,1,1,1,1,10,2,1.18082434245346,0.360940929774922,0,0,0.278087854385376,"ok","-","2026-09-05 21:07:52"
"uniform_d10","uniform",10,199,10,83,9183,"stock","both",TRUE,"ascend","999",0.05,3,1,1,1,1,10,2,1.14087632451867,0.361579729526199,0,0,0.379334926605225,"ok","-","2026-09-05 21:07:52"
"uniform_d10","uniform",10,199,10,84,9184,"stock","both",TRUE,"ascend","999",0.05,3,1,0.994708994708995,0.997354497354497,0.980392156862745,11,2,1.12037438454004,0.439907390154344,0,0,0.354816913604736,"ok","-","2026-09-05 21:07:52"
"uniform_d10","uniform",10,199,10,85,9185,"stock","both",TRUE,"ascend","999",0.05,3,1,0.994708994708995,0.997354497354497,0.980392156862745,11,2,0.955294533074554,0.432498953381461,0,0,0.647380828857422,"ok","-","2026-09-05 21:07:53"
"uniform_d10","uniform",10,199,10,86,9186,"stock","both",TRUE,"ascend","999",0.05,3,1,1,1,1,10,2,1.13692576453123,0.339708991867253,0,0,0.238608121871948,"ok","-","2026-09-05 21:07:53"
"uniform_d10","uniform",10,199,10,87,9187,"stock","both",TRUE,"ascend","999",0.05,3,1,1,1,1,10,2,0.808712352231712,0.443757500205502,0,0,0.637826919555664,"ok","-","2026-09-05 21:07:54"
"uniform_d10","uniform",10,199,10,88,9188,"stock","both",TRUE,"ascend","999",0.05,3,1,0.994708994708995,0.997354497354497,0.980392156862745,11,2,0.740447662076089,0.192470893336304,0,0,0.512847900390625,"ok","-","2026-09-05 21:07:55"
"uniform_d10","uniform",10,199,10,89,9189,"stock","both",TRUE,"ascend","999",0.05,3,1,1,1,1,10,2,0.997006489544657,0.398809279732384,0,0,0.552234888076782,"ok","-","2026-09-05 21:07:55"
"uniform_d10","uniform",10,199,10,90,9190,"stock","both",TRUE,"ascend","999",0.05,3,1,1,1,1,10,2,1.12908542764628,0.392374313946431,0,0,0.487333059310913,"ok","-","2026-09-05 21:07:56"
"uniform_d10","uniform",10,199,10,91,9191,"stock","both",TRUE,"ascend","999",0.05,3,1,0.994708994708995,0.997354497354497,0.980392156862745,11,2,0.939137938980276,0.279981423632304,0,0,0.427656173706055,"ok","-","2026-09-05 21:07:56"
"uniform_d10","uniform",10,199,10,92,9192,"stock","both",TRUE,"ascend","999",0.05,3,1,1,1,1,10,2,1.23189193966508,0.538604960766978,0,0,0.520042181015015,"ok","-","2026-09-05 21:07:57"
"uniform_d10","uniform",10,199,10,93,9193,"stock","both",TRUE,"ascend","999",0.05,3,1,1,1,1,10,2,0.909990566859032,0.248576078983525,0,0,0.641041040420532,"ok","-","2026-09-05 21:07:57"
"uniform_d10","uniform",10,199,10,94,9194,"stock","both",TRUE,"ascend","999",0.05,3,1,1,1,1,10,2,1.05641234358962,0.413335111383098,0,0,0.432294130325317,"ok","-","2026-09-05 21:07:58"
"uniform_d10","uniform",10,199,10,95,9195,"stock","both",TRUE,"ascend","999",0.05,3,1,1,1,1,10,2,0.826652751146924,0.484701304614538,0,0,0.681061029434204,"ok","-","2026-09-05 21:07:58"
"uniform_d10","uniform",10,199,10,96,9196,"stock","both",TRUE,"ascend","999",0.05,3,1,1,1,1,10,2,1.0350820679571,0.410221253870174,0,0,0.40935492515564,"ok","-","2026-09-05 21:07:59"
"uniform_d10","uniform",10,199,10,97,9197,"stock","both",TRUE,"ascend","999",0.05,3,1,1,1,1,10,2,0.932914334337352,0.564122390887802,0,0,0.485901832580566,"ok","-","2026-09-05 21:07:59"
"uniform_d10","uniform",10,199,10,98,9198,"stock","both",TRUE,"ascend","999",0.05,3,1,0.994708994708995,0.997354497354497,0.980392156862745,11,2,1.29487608930672,0.465106394847487,0,0,0.188285112380981,"ok","-","2026-09-05 21:08:00"
"uniform_d10","uniform",10,199,10,99,9199,"stock","both",TRUE,"ascend","999",0.05,3,1,1,1,1,10,2,0.893366639067082,0.414707362028411,0,0,0.415284872055054,"ok","-","2026-09-05 21:08:00"
"uniform_d10","uniform",10,199,10,100,9200,"stock","both",TRUE,"ascend","999",0.05,3,1,1,1,1,10,2,0.764063340915834,0.365128391830722,0,0,0.683990001678467,"ok","-","2026-09-05 21:08:01"
"uniform_d10","uniform",10,199,10,2,9102,"stat_mean","mean",TRUE,"ascend","999",0.05,3,1,0.994708994708995,0.997354497354497,0.980392156862745,11,2,0.862754495043501,0.345309429646462,0,0,0.499689102172852,"ok","-","2026-09-05 21:08:01"
"uniform_d10","uniform",10,199,10,3,9103,"stat_mean","mean",TRUE,"ascend","999",0.05,3,1,1,1,1,10,2,1.25292561430479,0.447451726982272,0,0,0.172406911849976,"ok","-","2026-09-05 21:08:01"
"uniform_d10","uniform",10,199,10,4,9104,"stat_mean","mean",TRUE,"ascend","999",0.05,3,1,0.994708994708995,0.997354497354497,0.980392156862745,11,2,0.912100632328747,0.360272675783991,0,0,0.591041088104248,"ok","-","2026-09-05 21:08:02"
"uniform_d10","uniform",10,199,10,5,9105,"stat_mean","mean",TRUE,"ascend","999",0.05,3,1,1,1,1,10,2,0.91285562701305,0.451959858829693,0,0,0.561508178710938,"ok","-","2026-09-05 21:08:03"
"uniform_d10","uniform",10,199,10,6,9106,"stat_mean","mean",TRUE,"ascend","999",0.05,3,1,0.994708994708995,0.997354497354497,0.980392156862745,11,2,0.881039656462881,0.234643967833318,0,0,0.910512924194336,"ok","-","2026-09-05 21:08:04"
"uniform_d10","uniform",10,199,10,7,9107,"stat_mean","mean",TRUE,"ascend","999",0.05,3,1,1,1,1,10,2,1.0543534840074,0.335706230634415,0,0,0.812425136566162,"ok","-","2026-09-05 21:08:04"
"uniform_d10","uniform",10,199,10,8,9108,"stat_mean","mean",TRUE,"ascend","999",0.05,3,1,1,1,1,10,2,1.06162459333804,0.290954830136045,0,0,0.317183017730713,"ok","-","2026-09-05 21:08:05"
"uniform_d10","uniform",10,199,10,9,9109,"stat_mean","mean",TRUE,"ascend","999",0.05,3,1,1,1,1,10,2,0.855880130478515,0.458500329346514,0,0,0.593213081359863,"ok","-","2026-09-05 21:08:05"
"uniform_d10","uniform",10,199,10,10,9110,"stat_mean","mean",TRUE,"ascend","999",0.05,3,1,1,1,1,10,2,0.938763177852048,0.41320729638086,0,0,0.402198791503906,"ok","-","2026-09-05 21:08:06"
"uniform_d10","uniform",10,199,10,11,9111,"stat_mean","mean",TRUE,"ascend","999",0.05,3,1,1,1,1,10,2,0.817116840523209,0.354586800080114,0,0,0.519932985305786,"ok","-","2026-09-05 21:08:06"
"uniform_d10","uniform",10,199,10,12,9112,"stat_mean","mean",TRUE,"ascend","999",0.05,3,1,0.994708994708995,0.997354497354497,0.980392156862745,11,2,0.903693912837453,0.454756316364691,0,0,0.701072931289673,"ok","-","2026-09-05 21:08:07"
"uniform_d10","uniform",10,199,10,13,9113,"stat_mean","mean",TRUE,"ascend","999",0.05,3,1,1,1,1,10,2,0.940281162441646,0.397886619691415,0,0,0.513170003890991,"ok","-","2026-09-05 21:08:08"
"uniform_d10","uniform",10,199,10,14,9114,"stat_mean","mean",TRUE,"ascend","999",0.05,3,1,1,1,1,10,2,1.04609721840149,0.559876006977857,0,0,0.456948041915894,"ok","-","2026-09-05 21:08:08"
"uniform_d10","uniform",10,199,10,15,9115,"stat_mean","mean",TRUE,"ascend","999",0.05,3,1,1,1,1,10,2,0.792275507934722,0.193741996304644,0,0,0.789499044418335,"ok","-","2026-09-05 21:08:09"
"uniform_d10","uniform",10,199,10,16,9116,"stat_mean","mean",TRUE,"ascend","999",0.05,3,1,1,1,1,10,2,0.994475365797293,0.307093423106876,0,0,0.462049007415771,"ok","-","2026-09-05 21:08:09"
"uniform_d10","uniform",10,199,10,17,9117,"stat_mean","mean",TRUE,"ascend","999",0.05,3,1,1,1,1,10,2,1.12521942183064,0.315871044623292,0,0,0.406499862670898,"ok","-","2026-09-05 21:08:10"
"uniform_d10","uniform",10,199,10,18,9118,"stat_mean","mean",TRUE,"ascend","999",0.05,3,1,1,1,1,10,2,1.1781899979919,0.282231692418902,0,0,0.243969917297363,"ok","-","2026-09-05 21:08:10"
"uniform_d10","uniform",10,199,10,19,9119,"stat_mean","mean",TRUE,"ascend","999",0.05,3,1,1,1,1,10,2,0.880752053303135,0.382185182179746,0,0,0.675585985183716,"ok","-","2026-09-05 21:08:11"
"uniform_d10","uniform",10,199,10,20,9120,"stat_mean","mean",TRUE,"ascend","999",0.05,3,1,1,1,1,10,2,1.21013837168134,0.348420089225572,0,0,0.235785961151123,"ok","-","2026-09-05 21:08:11"
"uniform_d10","uniform",10,199,10,21,9121,"stat_mean","mean",TRUE,"ascend","999",0.05,3,1,1,1,1,10,2,0.902446129102707,0.513815303677117,0,0,0.460287094116211,"ok","-","2026-09-05 21:08:11"
"uniform_d10","uniform",10,199,10,22,9122,"stat_mean","mean",TRUE,"ascend","999",0.05,3,1,0.994708994708995,0.997354497354497,0.980392156862745,11,2,1.04553090567967,0.41659450221459,0,0,0.411657094955444,"ok","-","2026-09-05 21:08:12"
"uniform_d10","uniform",10,199,10,23,9123,"stat_mean","mean",TRUE,"ascend","999",0.05,3,1,1,1,1,10,2,0.883755564949378,0.397644183041954,0,0,0.711717844009399,"ok","-","2026-09-05 21:08:13"
"uniform_d10","uniform",10,199,10,24,9124,"stat_mean","mean",TRUE,"ascend","999",0.05,3,1,0.994708994708995,0.997354497354497,0.980392156862745,11,2,0.933014014685075,0.22639408827207,0,0,0.654797077178955,"ok","-","2026-09-05 21:08:13"
"uniform_d10","uniform",10,199,10,25,9125,"stat_mean","mean",TRUE,"ascend","999",0.05,3,1,1,1,1,10,2,0.759063801012122,0.184022269385002,0,0,0.875647068023682,"ok","-","2026-09-05 21:08:14"
"uniform_d10","uniform",10,199,10,26,9126,"stat_mean","mean",TRUE,"ascend","999",0.05,3,1,0.994708994708995,0.997354497354497,0.980392156862745,11,2,1.14107493574772,0.350588069367026,0,0,0.416646003723145,"ok","-","2026-09-05 21:08:15"
"uniform_d10","uniform",10,199,10,27,9127,"stat_mean","mean",TRUE,"ascend","999",0.05,3,1,1,1,1,10,2,0.9579681135276,0.599631172930071,0,0,0.52947211265564,"ok","-","2026-09-05 21:08:15"
"uniform_d10","uniform",10,199,10,28,9128,"stat_mean","mean",TRUE,"ascend","999",0.05,3,1,1,1,1,10,2,0.952755559529697,0.428574756631607,0,0,0.512789011001587,"ok","-","2026-09-05 21:08:16"
"uniform_d10","uniform",10,199,10,29,9129,"stat_mean","mean",TRUE,"ascend","999",0.05,3,1,0.989417989417989,0.994708994708995,0.961538461538461,12,2,0.894065041353907,0.234295945450658,0,0,0.456822156906128,"ok","-","2026-09-05 21:08:16"
"uniform_d10","uniform",10,199,10,30,9130,"stat_mean","mean",TRUE,"ascend","999",0.05,3,1,0.989417989417989,0.994708994708995,0.961538461538461,12,2,0.858636950555073,0.250002317882316,0,0,0.789482831954956,"ok","-","2026-09-05 21:08:17"
"uniform_d10","uniform",10,199,10,31,9131,"stat_mean","mean",TRUE,"ascend","999",0.05,3,1,0.994708994708995,0.997354497354497,0.980392156862745,11,2,1.0162773142895,0.517412477136753,0,0,0.664114952087402,"ok","-","2026-09-05 21:08:18"
"uniform_d10","uniform",10,199,10,32,9132,"stat_mean","mean",TRUE,"ascend","999",0.05,3,1,1,1,1,10,2,1.01478305793938,0.395315494268816,0,0,0.488587856292725,"ok","-","2026-09-05 21:08:18"
"uniform_d10","uniform",10,199,10,33,9133,"stat_mean","mean",TRUE,"ascend","999",0.05,3,1,1,1,1,10,2,0.973836158039157,0.347170299420312,0,0,0.420541048049927,"ok","-","2026-09-05 21:08:19"
"uniform_d10","uniform",10,199,10,34,9134,"stat_mean","mean",TRUE,"ascend","999",0.05,3,1,1,1,1,10,2,1.04887142204018,0.358528160487816,0,0,0.541394948959351,"ok","-","2026-09-05 21:08:19"
"uniform_d10","uniform",10,199,10,35,9135,"stat_mean","mean",TRUE,"ascend","999",0.05,3,1,0.994708994708995,0.997354497354497,0.980392156862745,11,2,0.957722753921193,0.368233927337288,0,0,0.781090974807739,"ok","-","2026-09-05 21:08:20"
"uniform_d10","uniform",10,199,10,36,9136,"stat_mean","mean",TRUE,"ascend","999",0.05,3,1,1,1,1,10,2,1.20389627360169,0.43009144965605,0,0,0.348260879516602,"ok","-","2026-09-05 21:08:20"
"uniform_d10","uniform",10,199,10,37,9137,"stat_mean","mean",TRUE,"ascend","999",0.05,3,1,0.994708994708995,0.997354497354497,0.980392156862745,11,2,0.980436099117655,0.328519247208181,0,0,0.503466129302979,"ok","-","2026-09-05 21:08:21"
"uniform_d10","uniform",10,199,10,38,9138,"stat_mean","mean",TRUE,"ascend","999",0.05,3,1,1,1,1,10,2,0.878472796319276,0.409971829276797,0,0,0.625267028808594,"ok","-","2026-09-05 21:08:22"
"uniform_d10","uniform",10,199,10,39,9139,"stat_mean","mean",TRUE,"ascend","999",0.05,3,1,1,1,1,10,2,0.830493044477076,0.232578868189554,0,0,0.990786075592041,"ok","-","2026-09-05 21:08:23"
"uniform_d10","uniform",10,199,10,40,9140,"stat_mean","mean",TRUE,"ascend","999",0.05,3,1,1,1,1,10,2,1.0620761733944,0.578266566266774,0,0,0.468286991119385,"ok","-","2026-09-05 21:08:23"
"uniform_d10","uniform",10,199,10,41,9141,"stat_mean","mean",TRUE,"ascend","999",0.05,3,1,0.994708994708995,0.997354497354497,0.980392156862745,11,2,1.1982326833275,0.376526214576261,0,0,0.371649980545044,"ok","-","2026-09-05 21:08:23"
"uniform_d10","uniform",10,199,10,42,9142,"stat_mean","mean",TRUE,"ascend","999",0.05,3,1,1,1,1,10,2,0.98572184046568,0.395428309236807,0,0,0.984746932983398,"ok","-","2026-09-05 21:08:24"
"uniform_d10","uniform",10,199,10,43,9143,"stat_mean","mean",TRUE,"ascend","999",0.05,3,1,1,1,1,10,2,0.89968663755709,0.383100685688048,0,0,0.639182090759277,"ok","-","2026-09-05 21:08:25"
"uniform_d10","uniform",10,199,10,44,9144,"stat_mean","mean",TRUE,"ascend","999",0.05,3,1,1,1,1,10,2,0.837526415402448,0.417866263434247,0,0,0.659318923950195,"ok","-","2026-09-05 21:08:26"
"uniform_d10","uniform",10,199,10,45,9145,"stat_mean","mean",TRUE,"ascend","999",0.05,3,1,1,1,1,10,2,1.08171521430304,0.306486736867197,0,0,0.511718034744263,"ok","-","2026-09-05 21:08:26"
"uniform_d10","uniform",10,199,10,46,9146,"stat_mean","mean",TRUE,"ascend","999",0.05,3,1,1,1,1,10,2,0.947976970272129,0.514558809315872,0,0,0.568910121917725,"ok","-","2026-09-05 21:08:27"
"uniform_d10","uniform",10,199,10,47,9147,"stat_mean","mean",TRUE,"ascend","999",0.05,3,1,1,1,1,10,2,0.901586255009372,0.485275281110558,0,0,0.63677191734314,"ok","-","2026-09-05 21:08:28"
"uniform_d10","uniform",10,199,10,48,9148,"stat_mean","mean",TRUE,"ascend","999",0.05,3,1,1,1,1,10,2,0.758478616957492,0.200796019340464,0,0,0.67624306678772,"ok","-","2026-09-05 21:08:28"
"uniform_d10","uniform",10,199,10,49,9149,"stat_mean","mean",TRUE,"ascend","999",0.05,3,1,1,1,1,10,2,1.12542393613485,0.465525017900627,0,0,0.581671953201294,"ok","-","2026-09-05 21:08:29"
"uniform_d10","uniform",10,199,10,50,9150,"stat_mean","mean",TRUE,"ascend","999",0.05,3,1,1,1,1,10,2,1.04094436393014,0.399970124650617,0,0,0.286759853363037,"ok","-","2026-09-05 21:08:29"
"uniform_d10","uniform",10,199,10,51,9151,"stat_mean","mean",TRUE,"ascend","999",0.05,3,1,1,1,1,10,2,1.03569730278779,0.437263424236534,0,0,0.612323999404907,"ok","-","2026-09-05 21:08:30"
"uniform_d10","uniform",10,199,10,52,9152,"stat_mean","mean",TRUE,"ascend","999",0.05,3,1,1,1,1,10,2,0.874166037566694,0.373780441099151,0,0,0.645443916320801,"ok","-","2026-09-05 21:08:31"
"uniform_d10","uniform",10,199,10,53,9153,"stat_mean","mean",TRUE,"ascend","999",0.05,3,1,1,1,1,10,2,0.979133585031196,0.465767261462998,0,0,0.980818033218384,"ok","-","2026-09-05 21:08:32"
"uniform_d10","uniform",10,199,10,54,9154,"stat_mean","mean",TRUE,"ascend","999",0.05,3,1,0.994708994708995,0.997354497354497,0.980392156862745,11,2,1.12172153163104,0.413539148655263,0,0,0.399995803833008,"ok","-","2026-09-05 21:08:32"
"uniform_d10","uniform",10,199,10,55,9155,"stat_mean","mean",TRUE,"ascend","999",0.05,3,1,1,1,1,10,2,0.86120902209514,0.216117163468481,0,0,0.85214900970459,"ok","-","2026-09-05 21:08:33"
"uniform_d10","uniform",10,199,10,56,9156,"stat_mean","mean",TRUE,"ascend","999",0.05,3,1,1,1,1,10,2,0.933236215573554,0.374233441971197,0,0,0.693753004074097,"ok","-","2026-09-05 21:08:34"
"uniform_d10","uniform",10,199,10,57,9157,"stat_mean","mean",TRUE,"ascend","999",0.05,3,1,1,1,1,10,2,1.08309323741443,0.466609654719757,0,0,0.417007923126221,"ok","-","2026-09-05 21:08:34"
"uniform_d10","uniform",10,199,10,58,9158,"stat_mean","mean",TRUE,"ascend","999",0.05,3,1,0.994708994708995,0.997354497354497,0.980392156862745,11,2,1.03503714434734,0.411166030298112,0,0,0.626999855041504,"ok","-","2026-09-05 21:08:35"
"uniform_d10","uniform",10,199,10,59,9159,"stat_mean","mean",TRUE,"ascend","999",0.05,3,1,0.994708994708995,0.997354497354497,0.980392156862745,11,2,0.879449185090356,0.609591794940062,0,0,0.623878955841064,"ok","-","2026-09-05 21:08:35"
"uniform_d10","uniform",10,199,10,60,9160,"stat_mean","mean",TRUE,"ascend","999",0.05,3,1,0.994708994708995,0.997354497354497,0.980392156862745,11,2,0.910953121771716,0.368635849659883,0,0,0.518529891967773,"ok","-","2026-09-05 21:08:36"
"uniform_d10","uniform",10,199,10,61,9161,"stat_mean","mean",TRUE,"ascend","999",0.05,3,1,0.994708994708995,0.997354497354497,0.980392156862745,11,2,0.964877893806864,0.445174868244745,0,0,0.673167943954468,"ok","-","2026-09-05 21:08:37"
"uniform_d10","uniform",10,199,10,62,9162,"stat_mean","mean",TRUE,"ascend","999",0.05,3,1,1,1,1,10,2,1.10559539126462,0.556206124274403,0,0,0.523650884628296,"ok","-","2026-09-05 21:08:37"
"uniform_d10","uniform",10,199,10,63,9163,"stat_mean","mean",TRUE,"ascend","999",0.05,3,1,1,1,1,10,2,0.964707084799014,0.312683126716284,0,0,0.673356056213379,"ok","-","2026-09-05 21:08:38"
"uniform_d10","uniform",10,199,10,64,9164,"stat_mean","mean",TRUE,"ascend","999",0.05,3,1,1,1,1,10,2,1.14570046886589,0.503775656293386,0,0,0.622422933578491,"ok","-","2026-09-05 21:08:39"
"uniform_d10","uniform",10,199,10,65,9165,"stat_mean","mean",TRUE,"ascend","999",0.05,3,1,1,1,1,10,2,0.819002210750491,0.326863558528662,0,0,0.789875030517578,"ok","-","2026-09-05 21:08:39"
"uniform_d10","uniform",10,199,10,66,9166,"stat_mean","mean",TRUE,"ascend","999",0.05,3,1,1,1,1,10,2,1.00354999386491,0.373652840138004,0,0,0.489516019821167,"ok","-","2026-09-05 21:08:40"
"uniform_d10","uniform",10,199,10,67,9167,"stat_mean","mean",TRUE,"ascend","999",0.05,3,1,1,1,1,10,2,0.786167723282309,0.400276837170724,0,0,0.805176973342896,"ok","-","2026-09-05 21:08:41"
"uniform_d10","uniform",10,199,10,68,9168,"stat_mean","mean",TRUE,"ascend","999",0.05,3,1,1,1,1,10,2,1.02998471157882,0.442545366190114,0,0,0.442161083221436,"ok","-","2026-09-05 21:08:41"
"uniform_d10","uniform",10,199,10,69,9169,"stat_mean","mean",TRUE,"ascend","999",0.05,3,1,1,1,1,10,2,1.17685353970601,0.5178283627761,0,0,0.446899890899658,"ok","-","2026-09-05 21:08:42"
"uniform_d10","uniform",10,199,10,70,9170,"stat_mean","mean",TRUE,"ascend","999",0.05,3,1,1,1,1,10,2,0.91222414214386,0.413146284361541,0,0,0.586055994033813,"ok","-","2026-09-05 21:08:42"
"uniform_d10","uniform",10,199,10,71,9171,"stat_mean","mean",TRUE,"ascend","999",0.05,3,1,1,1,1,10,2,1.02245660530727,0.546564223801383,0,0,0.444103002548218,"ok","-","2026-09-05 21:08:43"
"uniform_d10","uniform",10,199,10,72,9172,"stat_mean","mean",TRUE,"ascend","999",0.05,3,1,1,1,1,10,2,0.883597823790355,0.637953442556963,0,0,0.650043964385986,"ok","-","2026-09-05 21:08:43"
"uniform_d10","uniform",10,199,10,73,9173,"stat_mean","mean",TRUE,"ascend","999",0.05,3,1,1,1,1,10,2,1.14683057652244,0.357346558357489,0,0,0.274098873138428,"ok","-","2026-09-05 21:08:44"
"uniform_d10","uniform",10,199,10,74,9174,"stat_mean","mean",TRUE,"ascend","999",0.05,3,1,1,1,1,10,2,0.966914946741074,0.45855549570232,0,0,0.654624938964844,"ok","-","2026-09-05 21:08:44"
"uniform_d10","uniform",10,199,10,75,9175,"stat_mean","mean",TRUE,"ascend","999",0.05,3,1,0.989417989417989,0.994708994708995,0.961538461538461,12,2,1.03335093494602,0.47901385779712,0,0,0.424922943115234,"ok","-","2026-09-05 21:08:45"
"uniform_d10","uniform",10,199,10,76,9176,"stat_mean","mean",TRUE,"ascend","999",0.05,3,1,1,1,1,10,2,0.943951865910557,0.527186810982312,0,0,0.43966007232666,"ok","-","2026-09-05 21:08:45"
"uniform_d10","uniform",10,199,10,77,9177,"stat_mean","mean",TRUE,"ascend","999",0.05,3,1,1,1,1,10,2,1.1136815722575,0.459813939250038,0,0,0.514657020568848,"ok","-","2026-09-05 21:08:46"
"uniform_d10","uniform",10,199,10,78,9178,"stat_mean","mean",TRUE,"ascend","999",0.05,3,1,1,1,1,10,2,1.00603972341589,0.426749558669289,0,0,0.906499147415161,"ok","-","2026-09-05 21:08:47"
"uniform_d10","uniform",10,199,10,79,9179,"stat_mean","mean",TRUE,"ascend","999",0.05,3,1,1,1,1,10,2,1.09876790479997,0.529688293706925,0,0,0.474140882492065,"ok","-","2026-09-05 21:08:47"
"uniform_d10","uniform",10,199,10,80,9180,"stat_mean","mean",TRUE,"ascend","999",0.05,3,1,0.994708994708995,0.997354497354497,0.980392156862745,11,2,0.895958989818158,0.252959254955223,0,0,0.465510129928589,"ok","-","2026-09-05 21:08:48"
"uniform_d10","uniform",10,199,10,81,9181,"stat_mean","mean",TRUE,"ascend","999",0.05,3,1,1,1,1,10,2,0.898095545800793,0.259512511206016,0,0,0.417985916137695,"ok","-","2026-09-05 21:08:48"
"uniform_d10","uniform",10,199,10,82,9182,"stat_mean","mean",TRUE,"ascend","999",0.05,3,1,1,1,1,10,2,1.18402153239082,0.361092197769964,0,0,0.265655040740967,"ok","-","2026-09-05 21:08:48"
"uniform_d10","uniform",10,199,10,83,9183,"stat_mean","mean",TRUE,"ascend","999",0.05,3,1,1,1,1,10,2,1.14424119230832,0.36157974826264,0,0,0.296663045883179,"ok","-","2026-09-05 21:08:49"
"uniform_d10","uniform",10,199,10,84,9184,"stat_mean","mean",TRUE,"ascend","999",0.05,3,1,0.994708994708995,0.997354497354497,0.980392156862745,11,2,1.1217556876558,0.43987683550474,0,0,0.356788873672485,"ok","-","2026-09-05 21:08:49"
"uniform_d10","uniform",10,199,10,85,9185,"stat_mean","mean",TRUE,"ascend","999",0.05,3,1,0.994708994708995,0.997354497354497,0.980392156862745,11,2,0.956999799365961,0.432348731724584,0,0,0.536099910736084,"ok","-","2026-09-05 21:08:50"
"uniform_d10","uniform",10,199,10,86,9186,"stat_mean","mean",TRUE,"ascend","999",0.05,3,1,1,1,1,10,2,1.13925595378667,0.339217633232206,0,0,0.196132898330688,"ok","-","2026-09-05 21:08:50"
"uniform_d10","uniform",10,199,10,87,9187,"stat_mean","mean",TRUE,"ascend","999",0.05,3,1,1,1,1,10,2,0.809424351485465,0.443705623124144,0,0,0.69150710105896,"ok","-","2026-09-05 21:08:51"
"uniform_d10","uniform",10,199,10,88,9188,"stat_mean","mean",TRUE,"ascend","999",0.05,3,1,0.994708994708995,0.997354497354497,0.980392156862745,11,2,0.741929332868112,0.192771154625123,0,0,0.533366203308105,"ok","-","2026-09-05 21:08:51"
"uniform_d10","uniform",10,199,10,89,9189,"stat_mean","mean",TRUE,"ascend","999",0.05,3,1,1,1,1,10,2,0.998335062148156,0.398590907269166,0,0,0.566498994827271,"ok","-","2026-09-05 21:08:52"
"uniform_d10","uniform",10,199,10,90,9190,"stat_mean","mean",TRUE,"ascend","999",0.05,3,1,1,1,1,10,2,1.1318467371891,0.392020261923605,0,0,0.505271196365356,"ok","-","2026-09-05 21:08:52"
"uniform_d10","uniform",10,199,10,91,9191,"stat_mean","mean",TRUE,"ascend","999",0.05,3,1,0.984126984126984,0.992063492063492,0.943396226415094,13,2,0.941592951186705,0.278881458680996,0,0,0.553497076034546,"ok","-","2026-09-05 21:08:53"
"uniform_d10","uniform",10,199,10,92,9192,"stat_mean","mean",TRUE,"ascend","999",0.05,3,1,1,1,1,10,2,1.23390449755362,0.538290925975903,0,0,0.453459024429321,"ok","-","2026-09-05 21:08:53"
"uniform_d10","uniform",10,199,10,93,9193,"stat_mean","mean",TRUE,"ascend","999",0.05,3,1,1,1,1,10,2,0.911740312418801,0.249055120128179,0,0,0.779831171035767,"ok","-","2026-09-05 21:08:54"
"uniform_d10","uniform",10,199,10,94,9194,"stat_mean","mean",TRUE,"ascend","999",0.05,3,1,0.994708994708995,0.997354497354497,0.980392156862745,11,2,1.05696319908701,0.413170728045961,0,0,0.617522954940796,"ok","-","2026-09-05 21:08:55"
"uniform_d10","uniform",10,199,10,95,9195,"stat_mean","mean",TRUE,"ascend","999",0.05,3,1,1,1,1,10,2,0.828724647162474,0.484382915860036,0,0,0.680995941162109,"ok","-","2026-09-05 21:08:56"
"uniform_d10","uniform",10,199,10,96,9196,"stat_mean","mean",TRUE,"ascend","999",0.05,3,1,1,1,1,10,2,1.03845199778627,0.410371672565594,0,0,0.504606008529663,"ok","-","2026-09-05 21:08:56"
"uniform_d10","uniform",10,199,10,97,9197,"stat_mean","mean",TRUE,"ascend","999",0.05,3,1,1,1,1,10,2,0.934737554764307,0.563935130442133,0,0,0.44368314743042,"ok","-","2026-09-05 21:08:57"
"uniform_d10","uniform",10,199,10,98,9198,"stat_mean","mean",TRUE,"ascend","999",0.05,3,1,0.994708994708995,0.997354497354497,0.980392156862745,11,2,1.29783762553924,0.465047609458378,0,0,0.264337062835693,"ok","-","2026-09-05 21:08:57"
"uniform_d10","uniform",10,199,10,99,9199,"stat_mean","mean",TRUE,"ascend","999",0.05,3,1,1,1,1,10,2,0.89501976488748,0.414670877499572,0,0,0.434808015823364,"ok","-","2026-09-05 21:08:57"
"uniform_d10","uniform",10,199,10,100,9200,"stat_mean","mean",TRUE,"ascend","999",0.05,3,1,1,1,1,10,2,0.766179014553318,0.364880585896382,0,0,0.74617600440979,"ok","-","2026-09-05 21:08:58"
"uniform_d10","uniform",10,199,10,2,9102,"stat_median","median",TRUE,"ascend","999",0.05,3,1,0.994708994708995,0.997354497354497,0.980392156862745,11,2,0.88858444257421,0.347860454402226,0,0,0.531877994537354,"ok","-","2026-09-05 21:08:59"
"uniform_d10","uniform",10,199,10,3,9103,"stat_median","median",TRUE,"ascend","999",0.05,3,1,1,1,1,10,2,1.29967295398236,0.44911026675525,0,0,0.201571941375732,"ok","-","2026-09-05 21:08:59"
"uniform_d10","uniform",10,199,10,4,9104,"stat_median","median",TRUE,"ascend","999",0.05,3,1,1,1,1,10,2,0.946253995884976,0.361842561163517,0,0,0.793033838272095,"ok","-","2026-09-05 21:09:00"
"uniform_d10","uniform",10,199,10,5,9105,"stat_median","median",TRUE,"ascend","999",0.05,3,1,0.994708994708995,0.997354497354497,0.980392156862745,11,2,0.942357913087123,0.458771051738266,0,0,0.610641002655029,"ok","-","2026-09-05 21:09:00"
"uniform_d10","uniform",10,199,10,6,9106,"stat_median","median",TRUE,"ascend","999",0.05,3,1,0.994708994708995,0.997354497354497,0.980392156862745,11,2,0.912765894092698,0.24307854570337,0,0,0.757251977920532,"ok","-","2026-09-05 21:09:01"
"uniform_d10","uniform",10,199,10,7,9107,"stat_median","median",TRUE,"ascend","999",0.05,3,1,1,1,1,10,2,1.098512289136,0.33941036287293,0,0,0.748116016387939,"ok","-","2026-09-05 21:09:02"
"uniform_d10","uniform",10,199,10,8,9108,"stat_median","median",TRUE,"ascend","999",0.05,3,1,1,1,1,10,2,1.10328327363401,0.302967821878736,0,0,0.412387847900391,"ok","-","2026-09-05 21:09:02"
"uniform_d10","uniform",10,199,10,9,9109,"stat_median","median",TRUE,"ascend","999",0.05,3,1,1,1,1,10,2,0.885043047950162,0.459701756704801,0,0,0.594182968139648,"ok","-","2026-09-05 21:09:03"
"uniform_d10","uniform",10,199,10,10,9110,"stat_median","median",TRUE,"ascend","999",0.05,3,1,1,1,1,10,2,0.974509277408381,0.417665363467573,0,0,0.375327110290527,"ok","-","2026-09-05 21:09:03"
"uniform_d10","uniform",10,199,10,11,9111,"stat_median","median",TRUE,"ascend","999",0.05,3,1,1,1,1,10,2,0.8385893988192,0.355082533001247,0,0,0.685091972351074,"ok","-","2026-09-05 21:09:04"
"uniform_d10","uniform",10,199,10,12,9112,"stat_median","median",TRUE,"ascend","999",0.05,3,1,0.994708994708995,0.997354497354497,0.980392156862745,11,2,0.940479991261699,0.452038346858213,0,0,0.549547910690308,"ok","-","2026-09-05 21:09:05"
"uniform_d10","uniform",10,199,10,13,9113,"stat_median","median",TRUE,"ascend","999",0.05,3,1,1,1,1,10,2,0.974495332030498,0.400041563984549,0,0,0.433959007263184,"ok","-","2026-09-05 21:09:05"
"uniform_d10","uniform",10,199,10,14,9114,"stat_median","median",TRUE,"ascend","999",0.05,3,1,1,1,1,10,2,1.08126033416463,0.564739962364051,0,0,0.35338306427002,"ok","-","2026-09-05 21:09:05"
"uniform_d10","uniform",10,199,10,15,9115,"stat_median","median",TRUE,"ascend","999",0.05,3,1,0.994708994708995,0.997354497354497,0.980392156862745,11,2,0.819830664451076,0.199923422880358,0,0,0.580556154251099,"ok","-","2026-09-05 21:09:06"
"uniform_d10","uniform",10,199,10,16,9116,"stat_median","median",TRUE,"ascend","999",0.05,3,1,1,1,1,10,2,1.02728103658627,0.312665094932993,0,0,0.387413024902344,"ok","-","2026-09-05 21:09:06"
"uniform_d10","uniform",10,199,10,17,9117,"stat_median","median",TRUE,"ascend","999",0.05,3,1,1,1,1,10,2,1.1565394084138,0.320905806089412,0,0,0.411267995834351,"ok","-","2026-09-05 21:09:07"
"uniform_d10","uniform",10,199,10,18,9118,"stat_median","median",TRUE,"ascend","999",0.05,3,1,1,1,1,10,2,1.21765683519068,0.291416364353077,0,0,0.20746898651123,"ok","-","2026-09-05 21:09:07"
"uniform_d10","uniform",10,199,10,19,9119,"stat_median","median",TRUE,"ascend","999",0.05,3,1,1,1,1,10,2,0.90922383847386,0.385299832835785,0,0,0.531090974807739,"ok","-","2026-09-05 21:09:08"
"uniform_d10","uniform",10,199,10,20,9120,"stat_median","median",TRUE,"ascend","999",0.05,3,1,1,1,1,10,2,1.24405895949309,0.352761992350281,0,0,0.19083309173584,"ok","-","2026-09-05 21:09:08"
"uniform_d10","uniform",10,199,10,21,9121,"stat_median","median",TRUE,"ascend","999",0.05,3,1,1,1,1,10,2,0.927518772734932,0.512404795332226,0,0,0.503491163253784,"ok","-","2026-09-05 21:09:08"
"uniform_d10","uniform",10,199,10,22,9122,"stat_median","median",TRUE,"ascend","999",0.05,3,1,1,1,1,10,2,1.08991435831539,0.422546121250016,0,0,0.345404148101807,"ok","-","2026-09-05 21:09:09"
"uniform_d10","uniform",10,199,10,23,9123,"stat_median","median",TRUE,"ascend","999",0.05,3,1,1,1,1,10,2,0.915994585665173,0.399887654036771,0,0,0.537714004516602,"ok","-","2026-09-05 21:09:09"
"uniform_d10","uniform",10,199,10,24,9124,"stat_median","median",TRUE,"ascend","999",0.05,3,1,1,1,1,10,2,0.962537852024985,0.233136878905923,0,0,0.484587907791138,"ok","-","2026-09-05 21:09:10"
"uniform_d10","uniform",10,199,10,25,9125,"stat_median","median",TRUE,"ascend","999",0.05,3,1,1,1,1,10,2,0.783308287014628,0.189927401727123,0,0,0.765531778335571,"ok","-","2026-09-05 21:09:11"
"uniform_d10","uniform",10,199,10,26,9126,"stat_median","median",TRUE,"ascend","999",0.05,3,1,0.994708994708995,0.997354497354497,0.980392156862745,11,2,1.17329951035052,0.356193392158013,0,0,0.437135219573975,"ok","-","2026-09-05 21:09:11"
"uniform_d10","uniform",10,199,10,27,9127,"stat_median","median",TRUE,"ascend","999",0.05,3,1,1,1,1,10,2,0.993376166572634,0.597308540645771,0,0,0.423208951950073,"ok","-","2026-09-05 21:09:12"
"uniform_d10","uniform",10,199,10,28,9128,"stat_median","median",TRUE,"ascend","999",0.05,3,1,1,1,1,10,2,0.987661163607051,0.427282095194222,0,0,0.41763710975647,"ok","-","2026-09-05 21:09:12"
"uniform_d10","uniform",10,199,10,29,9129,"stat_median","median",TRUE,"ascend","999",0.05,3,1,0.989417989417989,0.994708994708995,0.961538461538461,12,2,0.922993820026012,0.242121858028601,0,0,0.402307033538818,"ok","-","2026-09-05 21:09:12"
"uniform_d10","uniform",10,199,10,30,9130,"stat_median","median",TRUE,"ascend","999",0.05,3,1,1,1,1,10,2,0.884736196628067,0.255333394647856,0,0,0.594139099121094,"ok","-","2026-09-05 21:09:13"
"uniform_d10","uniform",10,199,10,31,9131,"stat_median","median",TRUE,"ascend","999",0.05,3,1,1,1,1,10,2,1.0526427623108,0.515346842466025,0,0,0.596797943115234,"ok","-","2026-09-05 21:09:14"
"uniform_d10","uniform",10,199,10,32,9132,"stat_median","median",TRUE,"ascend","999",0.05,3,1,1,1,1,10,2,1.05162898620824,0.39435194626229,0,0,0.738356828689575,"ok","-","2026-09-05 21:09:14"
"uniform_d10","uniform",10,199,10,33,9133,"stat_median","median",TRUE,"ascend","999",0.05,3,1,1,1,1,10,2,1.00708136313479,0.35615972205081,0,0,0.383738040924072,"ok","-","2026-09-05 21:09:15"
"uniform_d10","uniform",10,199,10,34,9134,"stat_median","median",TRUE,"ascend","999",0.05,3,1,1,1,1,10,2,1.08707464087449,0.364631122452542,0,0,0.528581857681274,"ok","-","2026-09-05 21:09:15"
"uniform_d10","uniform",10,199,10,35,9135,"stat_median","median",TRUE,"ascend","999",0.05,3,1,1,1,1,10,2,0.981656353454779,0.369947782427871,0,0,0.635900020599365,"ok","-","2026-09-05 21:09:16"
"uniform_d10","uniform",10,199,10,36,9136,"stat_median","median",TRUE,"ascend","999",0.05,3,1,1,1,1,10,2,1.24532008929415,0.43005660837682,0,0,0.356415987014771,"ok","-","2026-09-05 21:09:16"
"uniform_d10","uniform",10,199,10,37,9137,"stat_median","median",TRUE,"ascend","999",0.05,3,1,0.994708994708995,0.997354497354497,0.980392156862745,11,2,1.01851510030164,0.334801377515279,0,0,0.384160041809082,"ok","-","2026-09-05 21:09:17"
"uniform_d10","uniform",10,199,10,38,9138,"stat_median","median",TRUE,"ascend","999",0.05,3,1,1,1,1,10,2,0.904148059604603,0.409817543801382,0,0,0.489124059677124,"ok","-","2026-09-05 21:09:17"
"uniform_d10","uniform",10,199,10,39,9139,"stat_median","median",TRUE,"ascend","999",0.05,3,1,1,1,1,10,2,0.864894044700064,0.241383604925009,0,0,0.806051969528198,"ok","-","2026-09-05 21:09:18"
"uniform_d10","uniform",10,199,10,40,9140,"stat_median","median",TRUE,"ascend","999",0.05,3,1,1,1,1,10,2,1.10700842893594,0.576691322164121,0,0,0.482095956802368,"ok","-","2026-09-05 21:09:19"
"uniform_d10","uniform",10,199,10,41,9141,"stat_median","median",TRUE,"ascend","999",0.05,3,1,0.994708994708995,0.997354497354497,0.980392156862745,11,2,1.24958771852759,0.382075102715567,0,0,0.322546005249023,"ok","-","2026-09-05 21:09:19"
"uniform_d10","uniform",10,199,10,42,9142,"stat_median","median",TRUE,"ascend","999",0.05,3,1,1,1,1,10,2,1.01230307864696,0.398230083564911,0,0,0.744395017623901,"ok","-","2026-09-05 21:09:20"
"uniform_d10","uniform",10,199,10,43,9143,"stat_median","median",TRUE,"ascend","999",0.05,3,1,1,1,1,10,2,0.93353143610476,0.384839792826437,0,0,0.466182947158813,"ok","-","2026-09-05 21:09:20"
"uniform_d10","uniform",10,199,10,44,9144,"stat_median","median",TRUE,"ascend","999",0.05,3,1,1,1,1,10,2,0.869564551479499,0.42064437332294,0,0,0.54211688041687,"ok","-","2026-09-05 21:09:21"
"uniform_d10","uniform",10,199,10,45,9145,"stat_median","median",TRUE,"ascend","999",0.05,3,1,1,1,1,10,2,1.11441624863677,0.310560901278957,0,0,0.478317022323608,"ok","-","2026-09-05 21:09:21"
"uniform_d10","uniform",10,199,10,46,9146,"stat_median","median",TRUE,"ascend","999",0.05,3,1,1,1,1,10,2,0.975878881298267,0.516002842967968,0,0,0.453742027282715,"ok","-","2026-09-05 21:09:22"
"uniform_d10","uniform",10,199,10,47,9147,"stat_median","median",TRUE,"ascend","999",0.05,3,1,1,1,1,10,2,0.93194251712607,0.483289963319586,0,0,0.396194934844971,"ok","-","2026-09-05 21:09:22"
"uniform_d10","uniform",10,199,10,48,9148,"stat_median","median",TRUE,"ascend","999",0.05,3,1,1,1,1,10,2,0.781008589105065,0.203966926097702,0,0,0.516399145126343,"ok","-","2026-09-05 21:09:23"
"uniform_d10","uniform",10,199,10,49,9149,"stat_median","median",TRUE,"ascend","999",0.05,3,1,1,1,1,10,2,1.16046531482688,0.464136735289743,0,0,0.441617012023926,"ok","-","2026-09-05 21:09:23"
"uniform_d10","uniform",10,199,10,50,9150,"stat_median","median",TRUE,"ascend","999",0.05,3,1,1,1,1,10,2,1.0804243703528,0.413190565045643,0,0,0.341020107269287,"ok","-","2026-09-05 21:09:24"
"uniform_d10","uniform",10,199,10,51,9151,"stat_median","median",TRUE,"ascend","999",0.05,3,1,1,1,1,10,2,1.06629971758513,0.439113845250185,0,0,0.441601037979126,"ok","-","2026-09-05 21:09:24"
"uniform_d10","uniform",10,199,10,52,9152,"stat_median","median",TRUE,"ascend","999",0.05,3,1,1,1,1,10,2,0.904107459479167,0.376487676075642,0,0,0.565861940383911,"ok","-","2026-09-05 21:09:25"
"uniform_d10","uniform",10,199,10,53,9153,"stat_median","median",TRUE,"ascend","999",0.05,3,1,1,1,1,10,2,1.00542143192579,0.465820937716812,0,0,0.776834011077881,"ok","-","2026-09-05 21:09:25"
"uniform_d10","uniform",10,199,10,54,9154,"stat_median","median",TRUE,"ascend","999",0.05,3,1,1,1,1,10,2,1.15855409991693,0.415051322725198,0,0,0.341961145401001,"ok","-","2026-09-05 21:09:26"
"uniform_d10","uniform",10,199,10,55,9155,"stat_median","median",TRUE,"ascend","999",0.05,3,1,1,1,1,10,2,0.889367775853044,0.22225027505385,0,0,0.692056179046631,"ok","-","2026-09-05 21:09:26"
"uniform_d10","uniform",10,199,10,56,9156,"stat_median","median",TRUE,"ascend","999",0.05,3,1,1,1,1,10,2,0.972361654893991,0.375645927297725,0,0,0.570334196090698,"ok","-","2026-09-05 21:09:27"
"uniform_d10","uniform",10,199,10,57,9157,"stat_median","median",TRUE,"ascend","999",0.05,3,1,1,1,1,10,2,1.1145026287539,0.468072714551313,0,0,0.309605836868286,"ok","-","2026-09-05 21:09:27"
"uniform_d10","uniform",10,199,10,58,9158,"stat_median","median",TRUE,"ascend","999",0.05,3,1,1,1,1,10,2,1.0751185124108,0.413655307771251,0,0,0.614434003829956,"ok","-","2026-09-05 21:09:28"
"uniform_d10","uniform",10,199,10,59,9159,"stat_median","median",TRUE,"ascend","999",0.05,3,1,0.994708994708995,0.997354497354497,0.980392156862745,11,2,0.910139790474848,0.606561048803217,0,0,0.6265709400177,"ok","-","2026-09-05 21:09:29"
"uniform_d10","uniform",10,199,10,60,9160,"stat_median","median",TRUE,"ascend","999",0.05,3,1,1,1,1,10,2,0.948002444933314,0.370673075252735,0,0,0.441680192947388,"ok","-","2026-09-05 21:09:29"
"uniform_d10","uniform",10,199,10,61,9161,"stat_median","median",TRUE,"ascend","999",0.05,3,1,1,1,1,10,2,0.993437669757735,0.445550777752889,0,0,0.604161024093628,"ok","-","2026-09-05 21:09:30"
"uniform_d10","uniform",10,199,10,62,9162,"stat_median","median",TRUE,"ascend","999",0.05,3,1,0.994708994708995,0.997354497354497,0.980392156862745,11,2,1.13908817856331,0.556702537657349,0,0,0.339885950088501,"ok","-","2026-09-05 21:09:30"
"uniform_d10","uniform",10,199,10,63,9163,"stat_median","median",TRUE,"ascend","999",0.05,3,1,1,1,1,10,2,0.997401760373662,0.316416862544863,0,0,0.553699016571045,"ok","-","2026-09-05 21:09:31"
"uniform_d10","uniform",10,199,10,64,9164,"stat_median","median",TRUE,"ascend","999",0.05,3,1,1,1,1,10,2,1.1883945378334,0.502699730181101,0,0,0.445153951644897,"ok","-","2026-09-05 21:09:31"
"uniform_d10","uniform",10,199,10,65,9165,"stat_median","median",TRUE,"ascend","999",0.05,3,1,1,1,1,10,2,0.850697290048015,0.329376405359905,0,0,0.461173057556152,"ok","-","2026-09-05 21:09:32"
"uniform_d10","uniform",10,199,10,66,9166,"stat_median","median",TRUE,"ascend","999",0.05,3,1,1,1,1,10,2,1.02822646556895,0.374474656895678,0,0,0.478492975234985,"ok","-","2026-09-05 21:09:32"
"uniform_d10","uniform",10,199,10,67,9167,"stat_median","median",TRUE,"ascend","999",0.05,3,1,1,1,1,10,2,0.810840589445979,0.40170515232945,0,0,0.71061897277832,"ok","-","2026-09-05 21:09:33"
"uniform_d10","uniform",10,199,10,68,9168,"stat_median","median",TRUE,"ascend","999",0.05,3,1,1,1,1,10,2,1.06668119751764,0.442747020580103,0,0,0.452680826187134,"ok","-","2026-09-05 21:09:33"
"uniform_d10","uniform",10,199,10,69,9169,"stat_median","median",TRUE,"ascend","999",0.05,3,1,1,1,1,10,2,1.21767647002417,0.519151603893045,0,0,0.402868032455444,"ok","-","2026-09-05 21:09:34"
"uniform_d10","uniform",10,199,10,70,9170,"stat_median","median",TRUE,"ascend","999",0.05,3,1,1,1,1,10,2,0.937875795153032,0.416083333531102,0,0,0.452733993530273,"ok","-","2026-09-05 21:09:34"
"uniform_d10","uniform",10,199,10,71,9171,"stat_median","median",TRUE,"ascend","999",0.05,3,1,1,1,1,10,2,1.04505785755851,0.550081716506097,0,0,0.318684816360474,"ok","-","2026-09-05 21:09:35"
"uniform_d10","uniform",10,199,10,72,9172,"stat_median","median",TRUE,"ascend","999",0.05,3,1,1,1,1,10,2,0.906307188529461,0.634186079078488,0,0,0.630553007125854,"ok","-","2026-09-05 21:09:35"
"uniform_d10","uniform",10,199,10,73,9173,"stat_median","median",TRUE,"ascend","999",0.05,3,1,1,1,1,10,2,1.18944157015497,0.362930444308908,0,0,0.204244136810303,"ok","-","2026-09-05 21:09:35"
"uniform_d10","uniform",10,199,10,74,9174,"stat_median","median",TRUE,"ascend","999",0.05,3,1,1,1,1,10,2,1.01004844014227,0.45491423589256,0,0,0.562804937362671,"ok","-","2026-09-05 21:09:36"
"uniform_d10","uniform",10,199,10,75,9175,"stat_median","median",TRUE,"ascend","999",0.05,3,1,1,1,1,10,2,1.07078809606421,0.480748738028769,0,0,0.26439094543457,"ok","-","2026-09-05 21:09:36"
"uniform_d10","uniform",10,199,10,76,9176,"stat_median","median",TRUE,"ascend","999",0.05,3,1,1,1,1,10,2,0.975857125070834,0.527264369854983,0,0,0.383616924285889,"ok","-","2026-09-05 21:09:37"
"uniform_d10","uniform",10,199,10,77,9177,"stat_median","median",TRUE,"ascend","999",0.05,3,1,1,1,1,10,2,1.14566129592238,0.456721726057799,0,0,0.384122133255005,"ok","-","2026-09-05 21:09:37"
"uniform_d10","uniform",10,199,10,78,9178,"stat_median","median",TRUE,"ascend","999",0.05,3,1,1,1,1,10,2,1.04092239551427,0.427455213108658,0,0,0.505640029907227,"ok","-","2026-09-05 21:09:38"
"uniform_d10","uniform",10,199,10,79,9179,"stat_median","median",TRUE,"ascend","999",0.05,3,1,1,1,1,10,2,1.1356807649862,0.529121145048965,0,0,0.35822582244873,"ok","-","2026-09-05 21:09:38"
"uniform_d10","uniform",10,199,10,80,9180,"stat_median","median",TRUE,"ascend","999",0.05,3,1,0.994708994708995,0.997354497354497,0.980392156862745,11,2,0.928179478989988,0.260872622033702,0,0,0.652138948440552,"ok","-","2026-09-05 21:09:39"
"uniform_d10","uniform",10,199,10,81,9181,"stat_median","median",TRUE,"ascend","999",0.05,3,1,1,1,1,10,2,0.93210155985648,0.268830437113431,0,0,0.361725091934204,"ok","-","2026-09-05 21:09:39"
"uniform_d10","uniform",10,199,10,82,9182,"stat_median","median",TRUE,"ascend","999",0.05,3,1,1,1,1,10,2,1.22254539345529,0.362611604550039,0,0,0.20809006690979,"ok","-","2026-09-05 21:09:39"
"uniform_d10","uniform",10,199,10,83,9183,"stat_median","median",TRUE,"ascend","999",0.05,3,1,1,1,1,10,2,1.17491706313362,0.365989567839434,0,0,0.311712026596069,"ok","-","2026-09-05 21:09:40"
"uniform_d10","uniform",10,199,10,84,9184,"stat_median","median",TRUE,"ascend","999",0.05,3,1,1,1,1,10,2,1.15347997719341,0.440154377013184,0,0,0.282463073730469,"ok","-","2026-09-05 21:09:40"
"uniform_d10","uniform",10,199,10,85,9185,"stat_median","median",TRUE,"ascend","999",0.05,3,1,1,1,1,10,2,0.993110356074936,0.431431322658455,0,0,0.384034872055054,"ok","-","2026-09-05 21:09:40"
"uniform_d10","uniform",10,199,10,86,9186,"stat_median","median",TRUE,"ascend","999",0.05,3,1,1,1,1,10,2,1.18546121971135,0.344253947693726,0,0,0.25112509727478,"ok","-","2026-09-05 21:09:41"
"uniform_d10","uniform",10,199,10,87,9187,"stat_median","median",TRUE,"ascend","999",0.05,3,1,1,1,1,10,2,0.838030273212161,0.44243985294465,0,0,0.598840951919556,"ok","-","2026-09-05 21:09:41"
"uniform_d10","uniform",10,199,10,88,9188,"stat_median","median",TRUE,"ascend","999",0.05,3,1,0.989417989417989,0.994708994708995,0.961538461538461,12,2,0.76501389739018,0.198395256216452,0,0,0.490206003189087,"ok","-","2026-09-05 21:09:42"
"uniform_d10","uniform",10,199,10,89,9189,"stat_median","median",TRUE,"ascend","999",0.05,3,1,1,1,1,10,2,1.03212450290018,0.401296469108196,0,0,0.472593069076538,"ok","-","2026-09-05 21:09:42"
"uniform_d10","uniform",10,199,10,90,9190,"stat_median","median",TRUE,"ascend","999",0.05,3,1,1,1,1,10,2,1.16737167714337,0.393880207232111,0,0,0.446177959442139,"ok","-","2026-09-05 21:09:43"
"uniform_d10","uniform",10,199,10,91,9191,"stat_median","median",TRUE,"ascend","999",0.05,3,1,1,1,1,10,2,0.974670479052543,0.291750670152457,0,0,0.534016847610474,"ok","-","2026-09-05 21:09:43"
"uniform_d10","uniform",10,199,10,92,9192,"stat_median","median",TRUE,"ascend","999",0.05,3,1,1,1,1,10,2,1.26657819768007,0.537612191812348,0,0,0.459532022476196,"ok","-","2026-09-05 21:09:44"
"uniform_d10","uniform",10,199,10,93,9193,"stat_median","median",TRUE,"ascend","999",0.05,3,1,1,1,1,10,2,0.942426638971942,0.256227702858228,0,0,0.60394287109375,"ok","-","2026-09-05 21:09:44"
"uniform_d10","uniform",10,199,10,94,9194,"stat_median","median",TRUE,"ascend","999",0.05,3,1,1,1,1,10,2,1.10193421445658,0.42380025691834,0,0,0.397915840148926,"ok","-","2026-09-05 21:09:45"
"uniform_d10","uniform",10,199,10,95,9195,"stat_median","median",TRUE,"ascend","999",0.05,3,1,1,1,1,10,2,0.857254034214582,0.484250082384332,0,0,0.560398101806641,"ok","-","2026-09-05 21:09:45"
"uniform_d10","uniform",10,199,10,96,9196,"stat_median","median",TRUE,"ascend","999",0.05,3,1,1,1,1,10,2,1.0697478777844,0.412124721442708,0,0,0.377981901168823,"ok","-","2026-09-05 21:09:46"
"uniform_d10","uniform",10,199,10,97,9197,"stat_median","median",TRUE,"ascend","999",0.05,3,1,1,1,1,10,2,0.965931508656439,0.560807249935328,0,0,0.408969163894653,"ok","-","2026-09-05 21:09:46"
"uniform_d10","uniform",10,199,10,98,9198,"stat_median","median",TRUE,"ascend","999",0.05,3,1,0.994708994708995,0.997354497354497,0.980392156862745,11,2,1.33115189674726,0.463854936316117,0,0,0.193012952804565,"ok","-","2026-09-05 21:09:46"
"uniform_d10","uniform",10,199,10,99,9199,"stat_median","median",TRUE,"ascend","999",0.05,3,1,0.994708994708995,0.997354497354497,0.980392156862745,11,2,0.92742934257647,0.413031210478555,0,0,0.675225973129272,"ok","-","2026-09-05 21:09:47"
"uniform_d10","uniform",10,199,10,100,9200,"stat_median","median",TRUE,"ascend","999",0.05,3,1,1,1,1,10,2,0.792990946546737,0.367994225064696,0,0,0.507399082183838,"ok","-","2026-09-05 21:09:48"
"uniform_d10","uniform",10,199,10,2,9102,"centre_off","both",FALSE,"ascend","999",0.05,3,1,0.994708994708995,0.997354497354497,0.980392156862745,11,2,0.836401258162884,0.350952575395803,0,0,0.375637054443359,"ok","-","2026-09-05 21:09:48"
"uniform_d10","uniform",10,199,10,3,9103,"centre_off","both",FALSE,"ascend","999",0.05,3,1,1,1,1,10,2,1.23430550168681,0.460999568345843,0,0,0.151517868041992,"ok","-","2026-09-05 21:09:48"
"uniform_d10","uniform",10,199,10,4,9104,"centre_off","both",FALSE,"ascend","999",0.05,3,1,0.994708994708995,0.997354497354497,0.980392156862745,11,2,0.873902573310579,0.375670497522771,0,0,0.369417905807495,"ok","-","2026-09-05 21:09:49"
"uniform_d10","uniform",10,199,10,5,9105,"centre_off","both",FALSE,"ascend","999",0.05,3,1,1,1,1,10,2,0.881970687463328,0.448376931319372,0,0,0.386103868484497,"ok","-","2026-09-05 21:09:49"
"uniform_d10","uniform",10,199,10,6,9106,"centre_off","both",FALSE,"ascend","999",0.05,3,1,0.994708994708995,0.997354497354497,0.980392156862745,11,2,0.851339492369671,0.242102923333965,0,0,0.64845609664917,"ok","-","2026-09-05 21:09:50"
"uniform_d10","uniform",10,199,10,7,9107,"centre_off","both",FALSE,"ascend","999",0.05,3,1,1,1,1,10,2,1.03949390309662,0.346447980855513,0,0,0.5624840259552,"ok","-","2026-09-05 21:09:50"
"uniform_d10","uniform",10,199,10,8,9108,"centre_off","both",FALSE,"ascend","999",0.05,3,1,1,1,1,10,2,1.03120294156823,0.294007773915887,0,0,0.322025060653687,"ok","-","2026-09-05 21:09:51"
"uniform_d10","uniform",10,199,10,9,9109,"centre_off","both",FALSE,"ascend","999",0.05,3,1,0.994708994708995,0.997354497354497,0.980392156862745,11,2,0.820072191080508,0.468937443661808,0,0,0.455555200576782,"ok","-","2026-09-05 21:09:51"
"uniform_d10","uniform",10,199,10,10,9110,"centre_off","both",FALSE,"ascend","999",0.05,3,1,1,1,1,10,2,0.89923718085055,0.409962232170324,0,0,0.344863891601562,"ok","-","2026-09-05 21:09:51"
"uniform_d10","uniform",10,199,10,11,9111,"centre_off","both",FALSE,"ascend","999",0.05,3,1,1,1,1,10,2,0.790445020276634,0.360998779935368,0,0,0.414572954177856,"ok","-","2026-09-05 21:09:52"
"uniform_d10","uniform",10,199,10,12,9112,"centre_off","both",FALSE,"ascend","999",0.05,3,1,1,1,1,10,2,0.876416199484848,0.465384405157706,0,0,0.519568920135498,"ok","-","2026-09-05 21:09:52"
"uniform_d10","uniform",10,199,10,13,9113,"centre_off","both",FALSE,"ascend","999",0.05,3,1,1,1,1,10,2,0.899826114633394,0.403327219492346,0,0,0.470453023910522,"ok","-","2026-09-05 21:09:53"
"uniform_d10","uniform",10,199,10,14,9114,"centre_off","both",FALSE,"ascend","999",0.05,3,1,1,1,1,10,2,1.0069519612338,0.565425794970344,0,0,0.2970130443573,"ok","-","2026-09-05 21:09:53"
"uniform_d10","uniform",10,199,10,15,9115,"centre_off","both",FALSE,"ascend","999",0.05,3,1,1,1,1,10,2,0.770314164450532,0.192952667682256,0,0,0.523110151290894,"ok","-","2026-09-05 21:09:54"
"uniform_d10","uniform",10,199,10,16,9116,"centre_off","both",FALSE,"ascend","999",0.05,3,1,1,1,1,10,2,0.961097946843086,0.316811541519659,0,0,0.343281030654907,"ok","-","2026-09-05 21:09:54"
"uniform_d10","uniform",10,199,10,17,9117,"centre_off","both",FALSE,"ascend","999",0.05,3,1,1,1,1,10,2,1.10558503122461,0.308420360754171,0,0,0.375751972198486,"ok","-","2026-09-05 21:09:55"
"uniform_d10","uniform",10,199,10,18,9118,"centre_off","both",FALSE,"ascend","999",0.05,3,1,1,1,1,10,2,1.14071417501749,0.280520853341742,0,0,0.158045053482056,"ok","-","2026-09-05 21:09:55"
"uniform_d10","uniform",10,199,10,19,9119,"centre_off","both",FALSE,"ascend","999",0.05,3,1,1,1,1,10,2,0.855928514202176,0.377257731254995,0,0,0.396814107894897,"ok","-","2026-09-05 21:09:55"
"uniform_d10","uniform",10,199,10,20,9120,"centre_off","both",FALSE,"ascend","999",0.05,3,1,1,1,1,10,2,1.16705016464335,0.359932719600044,0,0,0.150335073471069,"ok","-","2026-09-05 21:09:55"
"uniform_d10","uniform",10,199,10,21,9121,"centre_off","both",FALSE,"ascend","999",0.05,3,1,1,1,1,10,2,0.874891464453232,0.51635262274886,0,0,0.348356008529663,"ok","-","2026-09-05 21:09:56"
"uniform_d10","uniform",10,199,10,22,9122,"centre_off","both",FALSE,"ascend","999",0.05,3,1,1,1,1,10,2,1.04348545382854,0.478519457825734,0,0,0.284188032150269,"ok","-","2026-09-05 21:09:56"
"uniform_d10","uniform",10,199,10,23,9123,"centre_off","both",FALSE,"ascend","999",0.05,3,1,0.994708994708995,0.997354497354497,0.980392156862745,11,2,0.871946949707895,0.395850395101572,0,0,0.492549180984497,"ok","-","2026-09-05 21:09:56"
"uniform_d10","uniform",10,199,10,24,9124,"centre_off","both",FALSE,"ascend","999",0.05,3,1,0.994708994708995,0.997354497354497,0.980392156862745,11,2,0.907561913219302,0.224534156688675,0,0,0.475326776504517,"ok","-","2026-09-05 21:09:57"
"uniform_d10","uniform",10,199,10,25,9125,"centre_off","both",FALSE,"ascend","999",0.05,3,1,0.994708994708995,0.997354497354497,0.980392156862745,11,2,0.741190381274883,0.181951137202626,0,0,0.662081956863403,"ok","-","2026-09-05 21:09:58"
"uniform_d10","uniform",10,199,10,26,9126,"centre_off","both",FALSE,"ascend","999",0.05,3,1,1,1,1,10,2,1.11112733917671,0.349193827412123,0,0,0.30654501914978,"ok","-","2026-09-05 21:09:58"
"uniform_d10","uniform",10,199,10,27,9127,"centre_off","both",FALSE,"ascend","999",0.05,3,1,1,1,1,10,2,0.92505923606195,0.606674977107506,0,0,0.34817099571228,"ok","-","2026-09-05 21:09:58"
"uniform_d10","uniform",10,199,10,28,9128,"centre_off","both",FALSE,"ascend","999",0.05,3,1,1,1,1,10,2,0.929735240512714,0.4311147321321,0,0,0.455644130706787,"ok","-","2026-09-05 21:09:59"
"uniform_d10","uniform",10,199,10,29,9129,"centre_off","both",FALSE,"ascend","999",0.05,3,1,0.989417989417989,0.994708994708995,0.961538461538461,12,2,0.859957609505149,0.229127504237134,0,0,0.238849878311157,"ok","-","2026-09-05 21:09:59"
"uniform_d10","uniform",10,199,10,30,9130,"centre_off","both",FALSE,"ascend","999",0.05,3,1,1,1,1,10,2,0.848556413628626,0.360239336259579,0,0,0.469628810882568,"ok","-","2026-09-05 21:10:00"
"uniform_d10","uniform",10,199,10,31,9131,"centre_off","both",FALSE,"ascend","999",0.05,3,1,1,1,1,10,2,0.984914686083817,0.526185978697452,0,0,0.397170066833496,"ok","-","2026-09-05 21:10:00"
"uniform_d10","uniform",10,199,10,32,9132,"centre_off","both",FALSE,"ascend","999",0.05,3,1,0.994708994708995,0.997354497354497,0.980392156862745,11,2,0.994970420156449,0.396051750513341,0,0,0.418920993804932,"ok","-","2026-09-05 21:10:00"
"uniform_d10","uniform",10,199,10,33,9133,"centre_off","both",FALSE,"ascend","999",0.05,3,1,1,1,1,10,2,0.951547263436609,0.344179304964988,0,0,0.290122985839844,"ok","-","2026-09-05 21:10:01"
"uniform_d10","uniform",10,199,10,34,9134,"centre_off","both",FALSE,"ascend","999",0.05,3,1,1,1,1,10,2,1.02324181395586,0.36017412437678,0,0,0.420476913452148,"ok","-","2026-09-05 21:10:01"
"uniform_d10","uniform",10,199,10,35,9135,"centre_off","both",FALSE,"ascend","999",0.05,3,1,1,1,1,10,2,0.933848423223941,0.369377458910209,0,0,0.502910137176514,"ok","-","2026-09-05 21:10:02"
"uniform_d10","uniform",10,199,10,36,9136,"centre_off","both",FALSE,"ascend","999",0.05,3,1,1,1,1,10,2,1.15780461617956,0.436887872620903,0,0,0.25278115272522,"ok","-","2026-09-05 21:10:02"
"uniform_d10","uniform",10,199,10,37,9137,"centre_off","both",FALSE,"ascend","999",0.05,3,1,0.994708994708995,0.997354497354497,0.980392156862745,11,2,0.947936786125335,0.337325588568448,0,0,0.341060876846313,"ok","-","2026-09-05 21:10:02"
"uniform_d10","uniform",10,199,10,38,9138,"centre_off","both",FALSE,"ascend","999",0.05,3,1,1,1,1,10,2,0.851537603593407,0.406255144915793,0,0,0.425616979598999,"ok","-","2026-09-05 21:10:03"
"uniform_d10","uniform",10,199,10,39,9139,"centre_off","both",FALSE,"ascend","999",0.05,3,1,0.994708994708995,0.997354497354497,0.980392156862745,11,2,0.805796433564094,0.236379531627442,0,0,0.51760196685791,"ok","-","2026-09-05 21:10:03"
"uniform_d10","uniform",10,199,10,40,9140,"centre_off","both",FALSE,"ascend","999",0.05,3,1,1,1,1,10,2,1.03358357869944,0.580615008587648,0,0,0.283869028091431,"ok","-","2026-09-05 21:10:04"
"uniform_d10","uniform",10,199,10,41,9141,"centre_off","both",FALSE,"ascend","999",0.05,3,1,0.989417989417989,0.994708994708995,0.961538461538461,12,2,1.16839849041431,0.386540971727349,0,0,0.273173093795776,"ok","-","2026-09-05 21:10:04"
"uniform_d10","uniform",10,199,10,42,9142,"centre_off","both",FALSE,"ascend","999",0.05,3,1,1,1,1,10,2,0.960560066135609,0.398226266052764,0,0,0.683771133422852,"ok","-","2026-09-05 21:10:05"
"uniform_d10","uniform",10,199,10,43,9143,"centre_off","both",FALSE,"ascend","999",0.05,3,1,0.994708994708995,0.997354497354497,0.980392156862745,11,2,0.88669532220196,0.460485075400402,0,0,0.462551116943359,"ok","-","2026-09-05 21:10:05"
"uniform_d10","uniform",10,199,10,44,9144,"centre_off","both",FALSE,"ascend","999",0.05,3,1,0.989417989417989,0.994708994708995,0.961538461538461,12,2,0.814894495384886,0.421261253161031,0,0,0.458882093429565,"ok","-","2026-09-05 21:10:06"
"uniform_d10","uniform",10,199,10,45,9145,"centre_off","both",FALSE,"ascend","999",0.05,3,1,1,1,1,10,2,1.0525195747328,0.305506700622989,0,0,0.296515941619873,"ok","-","2026-09-05 21:10:06"
"uniform_d10","uniform",10,199,10,46,9146,"centre_off","both",FALSE,"ascend","999",0.05,3,1,1,1,1,10,2,0.943639545185736,0.573034501652239,0,0,0.480138063430786,"ok","-","2026-09-05 21:10:06"
"uniform_d10","uniform",10,199,10,47,9147,"centre_off","both",FALSE,"ascend","999",0.05,3,1,1,1,1,10,2,0.874160273316569,0.489331823375413,0,0,0.289050102233887,"ok","-","2026-09-05 21:10:07"
"uniform_d10","uniform",10,199,10,48,9148,"centre_off","both",FALSE,"ascend","999",0.05,3,1,1,1,1,10,2,0.736128457619189,0.206040517820377,0,0,0.357594966888428,"ok","-","2026-09-05 21:10:07"
"uniform_d10","uniform",10,199,10,49,9149,"centre_off","both",FALSE,"ascend","999",0.05,3,1,1,1,1,10,2,1.09873426332152,0.472958033989358,0,0,0.40359902381897,"ok","-","2026-09-05 21:10:07"
"uniform_d10","uniform",10,199,10,50,9150,"centre_off","both",FALSE,"ascend","999",0.05,3,1,1,1,1,10,2,1.00770791734213,0.398033644778757,0,0,0.25487208366394,"ok","-","2026-09-05 21:10:08"
"uniform_d10","uniform",10,199,10,51,9151,"centre_off","both",FALSE,"ascend","999",0.05,3,1,0.994708994708995,0.997354497354497,0.980392156862745,11,2,1.00366704097784,0.432888438490397,0,0,0.370255947113037,"ok","-","2026-09-05 21:10:08"
"uniform_d10","uniform",10,199,10,52,9152,"centre_off","both",FALSE,"ascend","999",0.05,3,1,1,1,1,10,2,0.85415808682277,0.375428570680327,0,0,0.409708976745605,"ok","-","2026-09-05 21:10:09"
"uniform_d10","uniform",10,199,10,53,9153,"centre_off","both",FALSE,"ascend","999",0.05,3,1,1,1,1,10,2,0.95246005296402,0.473244059745968,0,0,0.670066118240356,"ok","-","2026-09-05 21:10:09"
"uniform_d10","uniform",10,199,10,54,9154,"centre_off","both",FALSE,"ascend","999",0.05,3,1,1,1,1,10,2,1.10387445516406,0.419640139599059,0,0,0.274102926254272,"ok","-","2026-09-05 21:10:10"
"uniform_d10","uniform",10,199,10,55,9155,"centre_off","both",FALSE,"ascend","999",0.05,3,1,1,1,1,10,2,0.841292870279573,0.207428336356394,0,0,0.62800407409668,"ok","-","2026-09-05 21:10:10"
"uniform_d10","uniform",10,199,10,56,9156,"centre_off","both",FALSE,"ascend","999",0.05,3,1,1,1,1,10,2,0.911230038974552,0.377601234890505,0,0,0.4584059715271,"ok","-","2026-09-05 21:10:11"
"uniform_d10","uniform",10,199,10,57,9157,"centre_off","both",FALSE,"ascend","999",0.05,3,1,1,1,1,10,2,1.05483322068035,0.468522695816223,0,0,0.268487930297852,"ok","-","2026-09-05 21:10:11"
"uniform_d10","uniform",10,199,10,58,9158,"centre_off","both",FALSE,"ascend","999",0.05,3,1,0.989417989417989,0.994708994708995,0.961538461538461,12,2,1.00939307101494,0.40843170040311,0,0,0.46402382850647,"ok","-","2026-09-05 21:10:11"
"uniform_d10","uniform",10,199,10,59,9159,"centre_off","both",FALSE,"ascend","999",0.05,3,1,0.994708994708995,0.997354497354497,0.980392156862745,11,2,0.854745357225638,0.618157772445466,0,0,0.463365077972412,"ok","-","2026-09-05 21:10:12"
"uniform_d10","uniform",10,199,10,60,9160,"centre_off","both",FALSE,"ascend","999",0.05,3,1,1,1,1,10,2,0.889153909002525,0.369218248128835,0,0,0.321433067321777,"ok","-","2026-09-05 21:10:12"
"uniform_d10","uniform",10,199,10,61,9161,"centre_off","both",FALSE,"ascend","999",0.05,3,1,1,1,1,10,2,0.941006394543921,0.447608889541565,0,0,0.329025030136108,"ok","-","2026-09-05 21:10:13"
"uniform_d10","uniform",10,199,10,62,9162,"centre_off","both",FALSE,"ascend","999",0.05,3,1,1,1,1,10,2,1.0693166709409,0.565959807205606,0,0,0.341598987579346,"ok","-","2026-09-05 21:10:13"
"uniform_d10","uniform",10,199,10,63,9163,"centre_off","both",FALSE,"ascend","999",0.05,3,1,1,1,1,10,2,0.937257392871316,0.315174005461357,0,0,0.397929191589355,"ok","-","2026-09-05 21:10:13"
"uniform_d10","uniform",10,199,10,64,9164,"centre_off","both",FALSE,"ascend","999",0.05,3,1,1,1,1,10,2,1.1168530214306,0.512753833236157,0,0,0.39406681060791,"ok","-","2026-09-05 21:10:14"
"uniform_d10","uniform",10,199,10,65,9165,"centre_off","both",FALSE,"ascend","999",0.05,3,1,1,1,1,10,2,0.795302635707227,0.327508766167095,0,0,0.441593885421753,"ok","-","2026-09-05 21:10:14"
"uniform_d10","uniform",10,199,10,66,9166,"centre_off","both",FALSE,"ascend","999",0.05,3,1,1,1,1,10,2,0.980154347339647,0.368421136960085,0,0,0.505756855010986,"ok","-","2026-09-05 21:10:15"
"uniform_d10","uniform",10,199,10,67,9167,"centre_off","both",FALSE,"ascend","999",0.05,3,1,1,1,1,10,2,0.75852892395025,0.404853638184646,0,0,0.416476964950562,"ok","-","2026-09-05 21:10:15"
"uniform_d10","uniform",10,199,10,68,9168,"centre_off","both",FALSE,"ascend","999",0.05,3,1,1,1,1,10,2,0.986203657408626,0.45865897536166,0,0,0.278972864151001,"ok","-","2026-09-05 21:10:16"
"uniform_d10","uniform",10,199,10,69,9169,"centre_off","both",FALSE,"ascend","999",0.05,3,1,1,1,1,10,2,1.13214801901505,0.532858236042539,0,0,0.337968111038208,"ok","-","2026-09-05 21:10:16"
"uniform_d10","uniform",10,199,10,70,9170,"centre_off","both",FALSE,"ascend","999",0.05,3,1,1,1,1,10,2,0.915559924674151,0.471065511272626,0,0,0.412978887557983,"ok","-","2026-09-05 21:10:16"
"uniform_d10","uniform",10,199,10,71,9171,"centre_off","both",FALSE,"ascend","999",0.05,3,1,1,1,1,10,2,0.996688369728795,0.563052976541553,0,0,0.234215974807739,"ok","-","2026-09-05 21:10:17"
"uniform_d10","uniform",10,199,10,72,9172,"centre_off","both",FALSE,"ascend","999",0.05,3,1,1,1,1,10,2,0.860371126701221,0.646849486811937,0,0,0.456944227218628,"ok","-","2026-09-05 21:10:17"
"uniform_d10","uniform",10,199,10,73,9173,"centre_off","both",FALSE,"ascend","999",0.05,3,1,1,1,1,10,2,1.12253086280621,0.388445119510893,0,0,0.185268878936768,"ok","-","2026-09-05 21:10:17"
"uniform_d10","uniform",10,199,10,74,9174,"centre_off","both",FALSE,"ascend","999",0.05,3,1,1,1,1,10,2,0.922606776725466,0.473154356133875,0,0,0.324290037155151,"ok","-","2026-09-05 21:10:18"
"uniform_d10","uniform",10,199,10,75,9175,"centre_off","both",FALSE,"ascend","999",0.05,3,1,0.978835978835979,0.989417989417989,0.925925925925926,14,2,1.01511916518093,0.47389445578695,0,0,0.3122239112854,"ok","-","2026-09-05 21:10:18"
"uniform_d10","uniform",10,199,10,76,9176,"centre_off","both",FALSE,"ascend","999",0.05,3,1,0.994708994708995,0.997354497354497,0.980392156862745,11,2,0.903939580481488,0.542822618661229,0,0,0.449588060379028,"ok","-","2026-09-05 21:10:18"
"uniform_d10","uniform",10,199,10,77,9177,"centre_off","both",FALSE,"ascend","999",0.05,3,1,1,1,1,10,2,1.08593777019937,0.458594158176586,0,0,0.32894492149353,"ok","-","2026-09-05 21:10:19"
"uniform_d10","uniform",10,199,10,78,9178,"centre_off","both",FALSE,"ascend","999",0.05,3,1,1,1,1,10,2,0.978448120951592,0.432604388924954,0,0,0.607438802719116,"ok","-","2026-09-05 21:10:19"
"uniform_d10","uniform",10,199,10,79,9179,"centre_off","both",FALSE,"ascend","999",0.05,3,1,1,1,1,10,2,1.06321503582813,0.541899332968845,0,0,0.294360160827637,"ok","-","2026-09-05 21:10:20"
"uniform_d10","uniform",10,199,10,80,9180,"centre_off","both",FALSE,"ascend","999",0.05,3,1,0.994708994708995,0.997354497354497,0.980392156862745,11,2,0.862791519741682,0.257671142832873,0,0,0.484821081161499,"ok","-","2026-09-05 21:10:20"
"uniform_d10","uniform",10,199,10,81,9181,"centre_off","both",FALSE,"ascend","999",0.05,3,1,1,1,1,10,2,0.869260035742813,0.251357654537284,0,0,0.524301052093506,"ok","-","2026-09-05 21:10:21"
"uniform_d10","uniform",10,199,10,82,9182,"centre_off","both",FALSE,"ascend","999",0.05,3,1,0.994708994708995,0.997354497354497,0.980392156862745,11,2,1.14869186632457,0.372529145965085,0,0,0.304640054702759,"ok","-","2026-09-05 21:10:21"
"uniform_d10","uniform",10,199,10,83,9183,"centre_off","both",FALSE,"ascend","999",0.05,3,1,1,1,1,10,2,1.11797060711206,0.361689678989596,0,0,0.224376916885376,"ok","-","2026-09-05 21:10:21"
"uniform_d10","uniform",10,199,10,84,9184,"centre_off","both",FALSE,"ascend","999",0.05,3,1,1,1,1,10,2,1.08307438305228,0.447709062074744,0,0,0.234912157058716,"ok","-","2026-09-05 21:10:22"
"uniform_d10","uniform",10,199,10,85,9185,"centre_off","both",FALSE,"ascend","999",0.05,3,1,1,1,1,10,2,0.933058135486394,0.434436034991669,0,0,0.316565036773682,"ok","-","2026-09-05 21:10:22"
"uniform_d10","uniform",10,199,10,86,9186,"centre_off","both",FALSE,"ascend","999",0.05,3,1,1,1,1,10,2,1.11813203792654,0.425088309965117,0,0,0.371607065200806,"ok","-","2026-09-05 21:10:22"
"uniform_d10","uniform",10,199,10,87,9187,"centre_off","both",FALSE,"ascend","999",0.05,3,1,1,1,1,10,2,0.787375262199583,0.446070089362676,0,0,0.439701080322266,"ok","-","2026-09-05 21:10:23"
"uniform_d10","uniform",10,199,10,88,9188,"centre_off","both",FALSE,"ascend","999",0.05,3,1,1,1,1,10,2,0.713539767487898,0.198799322483566,0,0,0.324023008346558,"ok","-","2026-09-05 21:10:23"
"uniform_d10","uniform",10,199,10,89,9189,"centre_off","both",FALSE,"ascend","999",0.05,3,1,1,1,1,10,2,0.96498898378017,0.410208879342394,0,0,0.513705015182495,"ok","-","2026-09-05 21:10:24"
"uniform_d10","uniform",10,199,10,90,9190,"centre_off","both",FALSE,"ascend","999",0.05,3,1,1,1,1,10,2,1.12049431154375,0.453921498589128,0,0,0.301638126373291,"ok","-","2026-09-05 21:10:24"
"uniform_d10","uniform",10,199,10,91,9191,"centre_off","both",FALSE,"ascend","999",0.05,3,1,0.984126984126984,0.992063492063492,0.943396226415094,13,2,0.919415428490402,0.271313861512979,0,0,0.34060001373291,"ok","-","2026-09-05 21:10:24"
"uniform_d10","uniform",10,199,10,92,9192,"centre_off","both",FALSE,"ascend","999",0.05,3,1,1,1,1,10,2,1.20253856332871,0.549743581507731,0,0,0.34113597869873,"ok","-","2026-09-05 21:10:25"
"uniform_d10","uniform",10,199,10,93,9193,"centre_off","both",FALSE,"ascend","999",0.05,3,1,1,1,1,10,2,0.881930798643391,0.237818311743101,0,0,0.466922044754028,"ok","-","2026-09-05 21:10:25"
"uniform_d10","uniform",10,199,10,94,9194,"centre_off","both",FALSE,"ascend","999",0.05,3,1,1,1,1,10,2,1.03874821270317,0.40291729220048,0,0,0.306595087051392,"ok","-","2026-09-05 21:10:26"
"uniform_d10","uniform",10,199,10,95,9195,"centre_off","both",FALSE,"ascend","999",0.05,3,1,0.994708994708995,0.997354497354497,0.980392156862745,11,2,0.810824826191516,0.487229377642302,0,0,0.539490938186646,"ok","-","2026-09-05 21:10:26"
"uniform_d10","uniform",10,199,10,96,9196,"centre_off","both",FALSE,"ascend","999",0.05,3,1,1,1,1,10,2,1.01006766918404,0.40631867759956,0,0,0.272705078125,"ok","-","2026-09-05 21:10:26"
"uniform_d10","uniform",10,199,10,97,9197,"centre_off","both",FALSE,"ascend","999",0.05,3,1,1,1,1,10,2,0.907664499367634,0.574070404378555,0,0,0.308464050292969,"ok","-","2026-09-05 21:10:27"
"uniform_d10","uniform",10,199,10,98,9198,"centre_off","both",FALSE,"ascend","999",0.05,3,1,1,1,1,10,2,1.27262485671351,0.468521066149449,0,0,0.160435914993286,"ok","-","2026-09-05 21:10:27"
"uniform_d10","uniform",10,199,10,99,9199,"centre_off","both",FALSE,"ascend","999",0.05,3,1,1,1,1,10,2,0.870897692159543,0.417444299932445,0,0,0.301348209381104,"ok","-","2026-09-05 21:10:27"
"uniform_d10","uniform",10,199,10,100,9200,"centre_off","both",FALSE,"ascend","999",0.05,3,1,1,1,1,10,2,0.77030820367422,0.460895811389914,0,0,0.45672607421875,"ok","-","2026-09-05 21:10:28"
"uniform_d10","uniform",10,199,10,2,9102,"direction_descend","both",TRUE,"descend","999",0.05,3,1,1,1,1,10,2,0.860401706023312,0.220564133777557,0,0,8.12380003929138,"ok","-","2026-09-05 21:10:36"
"uniform_d10","uniform",10,199,10,3,9103,"direction_descend","both",TRUE,"descend","999",0.05,3,1,1,1,1,10,2,1.2188225126435,0.308202107186955,0,0,7.7566819190979,"ok","-","2026-09-05 21:10:44"
"uniform_d10","uniform",10,199,10,4,9104,"direction_descend","both",TRUE,"descend","999",0.05,3,1,1,1,1,10,2,0.897381791746168,0.234868340823377,0,0,7.86009693145752,"ok","-","2026-09-05 21:10:51"
"uniform_d10","uniform",10,199,10,5,9105,"direction_descend","both",TRUE,"descend","999",0.05,3,1,0.994708994708995,0.997354497354497,0.980392156862745,11,2,0.919191479003097,0.407189927973155,0,0,8.16825795173645,"ok","-","2026-09-05 21:11:00"
"uniform_d10","uniform",10,199,10,6,9106,"direction_descend","both",TRUE,"descend","999",0.05,3,1,0.994708994708995,0.997354497354497,0.980392156862745,11,2,0.914603442718059,0.22110611261585,0,0,9.26595115661621,"ok","-","2026-09-05 21:11:09"
"uniform_d10","uniform",10,199,10,7,9107,"direction_descend","both",TRUE,"descend","999",0.05,3,1,1,1,1,10,2,1.06571224477241,0.25743644688376,0,0,9.07441687583923,"ok","-","2026-09-05 21:11:18"
"uniform_d10","uniform",10,199,10,8,9108,"direction_descend","both",TRUE,"descend","999",0.05,3,1,1,1,1,10,2,1.09190605367881,0.294565401315657,0,0,9.78593397140503,"ok","-","2026-09-05 21:11:28"
"uniform_d10","uniform",10,199,10,9,9109,"direction_descend","both",TRUE,"descend","999",0.05,3,1,1,1,1,10,2,0.811152738304263,0.230406023998423,0,0,9.85184693336487,"ok","-","2026-09-05 21:11:51"
"uniform_d10","uniform",10,199,10,10,9110,"direction_descend","both",TRUE,"descend","999",0.05,3,1,0.989417989417989,0.994708994708995,0.961538461538461,12,2,0.919188187565529,0.275372842199433,0,0,10.1222100257874,"ok","-","2026-09-05 21:12:01"
"uniform_d10","uniform",10,199,10,11,9111,"direction_descend","both",TRUE,"descend","999",0.05,3,1,1,1,1,10,2,0.788336733601534,0.205891235816239,0,0,10.0735080242157,"ok","-","2026-09-05 21:12:11"
"uniform_d10","uniform",10,199,10,12,9112,"direction_descend","both",TRUE,"descend","999",0.05,3,1,1,1,1,10,2,0.859679462031894,0.209397324068272,0,0,9.5008180141449,"ok","-","2026-09-05 21:12:20"
"uniform_d10","uniform",10,199,10,13,9113,"direction_descend","both",TRUE,"descend","999",0.05,3,1,1,1,1,10,2,0.944518466522764,0.324554855262433,0,0,8.61781787872314,"ok","-","2026-09-05 21:12:29"
"uniform_d10","uniform",10,199,10,14,9114,"direction_descend","both",TRUE,"descend","999",0.05,3,1,1,1,1,10,2,1.04348272719299,0.458647321668209,0,0,7.91477704048157,"ok","-","2026-09-05 21:12:37"
"uniform_d10","uniform",10,199,10,15,9115,"direction_descend","both",TRUE,"descend","999",0.05,3,1,1,1,1,10,2,0.810087104303967,0.197012463314123,0,0,8.42051005363464,"ok","-","2026-09-05 21:12:45"
"uniform_d10","uniform",10,199,10,16,9116,"direction_descend","both",TRUE,"descend","999",0.05,3,1,1,1,1,10,2,1.01760206016639,0.309965364272059,0,0,7.95446109771729,"ok","-","2026-09-05 21:12:53"
"uniform_d10","uniform",10,199,10,17,9117,"direction_descend","both",TRUE,"descend","999",0.05,3,1,1,1,1,10,2,1.14636935720813,0.290488871725765,0,0,8.04659104347229,"ok","-","2026-09-05 21:13:01"
"uniform_d10","uniform",10,199,10,18,9118,"direction_descend","both",TRUE,"descend","999",0.05,3,1,1,1,1,10,2,1.2101317673815,0.287261457183192,0,0,7.83332991600037,"ok","-","2026-09-05 21:13:09"
"uniform_d10","uniform",10,199,10,19,9119,"direction_descend","both",TRUE,"descend","999",0.05,3,1,1,1,1,10,2,0.883768681599032,0.296497832168843,0,0,8.02649521827698,"ok","-","2026-09-05 21:13:17"
"uniform_d10","uniform",10,199,10,20,9120,"direction_descend","both",TRUE,"descend","999",0.05,3,1,1,1,1,10,2,1.2208871140027,0.293254430754495,0,0,7.6914119720459,"ok","-","2026-09-05 21:13:25"
"uniform_d10","uniform",10,199,10,21,9121,"direction_descend","both",TRUE,"descend","999",0.05,3,1,1,1,1,10,2,0.866783253941084,0.338635455108793,0,0,7.89062190055847,"ok","-","2026-09-05 21:13:33"
"uniform_d10","uniform",10,199,10,22,9122,"direction_descend","both",TRUE,"descend","999",0.05,3,1,0.994708994708995,0.997354497354497,0.980392156862745,11,2,1.03271503014118,0.305821179022873,0,0,7.57679915428162,"ok","-","2026-09-05 21:13:41"
"uniform_d10","uniform",10,199,10,23,9123,"direction_descend","both",TRUE,"descend","999",0.05,3,1,1,1,1,10,2,0.890116493762584,0.322112318447701,0,0,8.18128705024719,"ok","-","2026-09-05 21:13:49"
"uniform_d10","uniform",10,199,10,24,9124,"direction_descend","both",TRUE,"descend","999",0.05,3,1,1,1,1,10,2,0.961842305174733,0.230581089699203,0,0,8.20615196228027,"ok","-","2026-09-05 21:13:57"
"uniform_d10","uniform",10,199,10,25,9125,"direction_descend","both",TRUE,"descend","999",0.05,3,1,1,1,1,10,2,0.78242617879484,0.187234160328305,0,0,8.41207408905029,"ok","-","2026-09-05 21:14:06"
"uniform_d10","uniform",10,199,10,26,9126,"direction_descend","both",TRUE,"descend","999",0.05,3,1,0.994708994708995,0.997354497354497,0.980392156862745,11,2,1.1475401320374,0.299332917455042,0,0,8.06532216072083,"ok","-","2026-09-05 21:14:14"
"uniform_d10","uniform",10,199,10,27,9127,"direction_descend","both",TRUE,"descend","999",0.05,3,1,1,1,1,10,2,0.880740876814368,0.284716137783414,0,0,8.29793310165405,"ok","-","2026-09-05 21:14:22"
"uniform_d10","uniform",10,199,10,28,9128,"direction_descend","both",TRUE,"descend","999",0.05,3,1,1,1,1,10,2,0.954357418993934,0.383016136190253,0,0,8.15335893630981,"ok","-","2026-09-05 21:14:30"
"uniform_d10","uniform",10,199,10,29,9129,"direction_descend","both",TRUE,"descend","999",0.05,3,1,0.989417989417989,0.994708994708995,0.961538461538461,12,2,0.915597724475224,0.238439155415218,0,0,8.02607202529907,"ok","-","2026-09-05 21:14:38"
"uniform_d10","uniform",10,199,10,30,9130,"direction_descend","both",TRUE,"descend","999",0.05,3,1,0.994708994708995,0.997354497354497,0.980392156862745,11,2,0.881899044285908,0.255534825552745,0,0,8.2855920791626,"ok","-","2026-09-05 21:14:46"
"uniform_d10","uniform",10,199,10,31,9131,"direction_descend","both",TRUE,"descend","999",0.05,3,1,0.994708994708995,0.997354497354497,0.980392156862745,11,2,1.00982034485863,0.469793952325322,0,0,8.58832001686096,"ok","-","2026-09-05 21:14:55"
"uniform_d10","uniform",10,199,10,32,9132,"direction_descend","both",TRUE,"descend","999",0.05,3,1,0.989417989417989,0.994708994708995,0.961538461538461,12,2,1.02557408646789,0.37270608977678,0,0,9.82543683052063,"ok","-","2026-09-05 21:15:05"
"uniform_d10","uniform",10,199,10,33,9133,"direction_descend","both",TRUE,"descend","999",0.05,3,1,1,1,1,10,2,0.999630624249446,0.355007229093079,0,0,10.1434659957886,"ok","-","2026-09-05 21:15:15"
"uniform_d10","uniform",10,199,10,34,9134,"direction_descend","both",TRUE,"descend","999",0.05,3,1,1,1,1,10,2,1.07958762527598,0.363723754900733,0,0,10.3401749134064,"ok","-","2026-09-05 21:15:25"
"uniform_d10","uniform",10,199,10,35,9135,"direction_descend","both",TRUE,"descend","999",0.05,3,1,1,1,1,10,2,0.959223753383564,0.319480297302822,0,0,10.7906382083893,"ok","-","2026-09-05 21:15:36"
"uniform_d10","uniform",10,199,10,36,9136,"direction_descend","both",TRUE,"descend","999",0.05,3,1,1,1,1,10,2,1.1719712658968,0.280357479911471,0,0,10.036584854126,"ok","-","2026-09-05 21:15:46"
"uniform_d10","uniform",10,199,10,37,9137,"direction_descend","both",TRUE,"descend","999",0.05,3,1,1,1,1,10,2,0.999037452100992,0.237765107518487,0,0,10.1592578887939,"ok","-","2026-09-05 21:15:57"
"uniform_d10","uniform",10,199,10,38,9138,"direction_descend","both",TRUE,"descend","999",0.05,3,1,1,1,1,10,2,0.860646184893494,0.212522503824845,0,0,9.97218990325928,"ok","-","2026-09-05 21:16:07"
"uniform_d10","uniform",10,199,10,39,9139,"direction_descend","both",TRUE,"descend","999",0.05,3,1,0.994708994708995,0.997354497354497,0.980392156862745,11,2,0.856140617331318,0.227768137419464,0,0,10.5750880241394,"ok","-","2026-09-05 21:16:17"
"uniform_d10","uniform",10,199,10,40,9140,"direction_descend","both",TRUE,"descend","999",0.05,3,1,1,1,1,10,2,1.04979505304283,0.492957570563712,0,0,10.1469140052795,"ok","-","2026-09-05 21:16:27"
"uniform_d10","uniform",10,199,10,41,9141,"direction_descend","both",TRUE,"descend","999",0.05,3,1,0.994708994708995,0.997354497354497,0.980392156862745,11,2,1.20898748664596,0.338052027422131,0,0,10.4376401901245,"ok","-","2026-09-05 21:16:38"
"uniform_d10","uniform",10,199,10,42,9142,"direction_descend","both",TRUE,"descend","999",0.05,3,1,1,1,1,10,2,0.95427063734748,0.262589964635624,0,0,10.5320730209351,"ok","-","2026-09-05 21:16:48"
"uniform_d10","uniform",10,199,10,43,9143,"direction_descend","both",TRUE,"descend","999",0.05,3,1,1,1,1,10,2,0.882620928211254,0.209310997143966,0,0,9.74860095977783,"ok","-","2026-09-05 21:16:58"
"uniform_d10","uniform",10,199,10,44,9144,"direction_descend","both",TRUE,"descend","999",0.05,3,1,1,1,1,10,2,0.821705935294252,0.230600141241235,0,0,9.52933502197266,"ok","-","2026-09-05 21:17:08"
"uniform_d10","uniform",10,199,10,45,9145,"direction_descend","both",TRUE,"descend","999",0.05,3,1,1,1,1,10,2,1.08816469902555,0.258294907256154,0,0,9.62731289863586,"ok","-","2026-09-05 21:17:17"
"uniform_d10","uniform",10,199,10,46,9146,"direction_descend","both",TRUE,"descend","999",0.05,3,1,1,1,1,10,2,0.889171630829406,0.286886664745861,0,0,9.74427103996277,"ok","-","2026-09-05 21:17:27"
"uniform_d10","uniform",10,199,10,47,9147,"direction_descend","both",TRUE,"descend","999",0.05,3,1,1,1,1,10,2,0.846549519150942,0.204576738921213,0,0,9.96848297119141,"ok","-","2026-09-05 21:17:37"
"uniform_d10","uniform",10,199,10,48,9148,"direction_descend","both",TRUE,"descend","999",0.05,3,1,1,1,1,10,2,0.778974902574219,0.1961598729831,0,0,10.1701200008392,"ok","-","2026-09-05 21:17:47"
"uniform_d10","uniform",10,199,10,49,9149,"direction_descend","both",TRUE,"descend","999",0.05,3,1,0.994708994708995,0.997354497354497,0.980392156862745,11,2,1.07509371738009,0.299567837985628,0,0,9.90852904319763,"ok","-","2026-09-05 21:17:57"
"uniform_d10","uniform",10,199,10,50,9150,"direction_descend","both",TRUE,"descend","999",0.05,3,1,1,1,1,10,2,1.07298155841904,0.401463277818995,0,0,9.59277677536011,"ok","-","2026-09-05 21:18:07"
"uniform_d10","uniform",10,199,10,51,9151,"direction_descend","both",TRUE,"descend","999",0.05,3,1,1,1,1,10,2,1.04769486001016,0.386270647773883,0,0,9.71595191955566,"ok","-","2026-09-05 21:18:17"
"uniform_d10","uniform",10,199,10,52,9152,"direction_descend","both",TRUE,"descend","999",0.05,3,1,1,1,1,10,2,0.862071349415327,0.231635744448801,0,0,10.0789279937744,"ok","-","2026-09-05 21:18:27"
"uniform_d10","uniform",10,199,10,53,9153,"direction_descend","both",TRUE,"descend","999",0.05,3,1,1,1,1,10,2,0.93564553092068,0.223492747375951,0,0,10.3906090259552,"ok","-","2026-09-05 21:18:37"
"uniform_d10","uniform",10,199,10,54,9154,"direction_descend","both",TRUE,"descend","999",0.05,3,1,1,1,1,10,2,1.10950604830281,0.302210130696715,0,0,9.66843605041504,"ok","-","2026-09-05 21:18:47"
"uniform_d10","uniform",10,199,10,55,9155,"direction_descend","both",TRUE,"descend","999",0.05,3,1,1,1,1,10,2,0.887216377928831,0.211360961298935,0,0,10.3860671520233,"ok","-","2026-09-05 21:18:57"
"uniform_d10","uniform",10,199,10,56,9156,"direction_descend","both",TRUE,"descend","999",0.05,3,1,1,1,1,10,2,0.923445488996474,0.224367718642312,0,0,10.1849639415741,"ok","-","2026-09-05 21:19:07"
"uniform_d10","uniform",10,199,10,57,9157,"direction_descend","both",TRUE,"descend","999",0.05,3,1,1,1,1,10,2,1.06397994583613,0.349360420005152,0,0,9.85769391059875,"ok","-","2026-09-05 21:19:17"
"uniform_d10","uniform",10,199,10,58,9158,"direction_descend","both",TRUE,"descend","999",0.05,3,1,1,1,1,10,2,1.04905244358555,0.361837409995372,0,0,10.3181090354919,"ok","-","2026-09-05 21:19:28"
"uniform_d10","uniform",10,199,10,59,9159,"direction_descend","both",TRUE,"descend","999",0.05,3,1,1,1,1,10,2,0.797035806869477,0.199493999683634,0,0,10.4706020355225,"ok","-","2026-09-05 21:19:38"
"uniform_d10","uniform",10,199,10,60,9160,"direction_descend","both",TRUE,"descend","999",0.05,3,1,1,1,1,10,2,0.895722369039986,0.215370939868728,0,0,10.0086889266968,"ok","-","2026-09-05 21:19:58"
"uniform_d10","uniform",10,199,10,61,9161,"direction_descend","both",TRUE,"descend","999",0.05,3,1,1,1,1,10,2,0.924636612002017,0.246952511910812,0,0,10.5216200351715,"ok","-","2026-09-05 21:20:09"
"uniform_d10","uniform",10,199,10,62,9162,"direction_descend","both",TRUE,"descend","999",0.05,3,1,1,1,1,10,2,1.03125180125537,0.336126337796026,0,0,10.5383529663086,"ok","-","2026-09-05 21:20:20"
"uniform_d10","uniform",10,199,10,63,9163,"direction_descend","both",TRUE,"descend","999",0.05,3,1,1,1,1,10,2,0.9736319190875,0.235178301059991,0,0,9.86334681510925,"ok","-","2026-09-05 21:20:29"
"uniform_d10","uniform",10,199,10,64,9164,"direction_descend","both",TRUE,"descend","999",0.05,3,1,1,1,1,10,2,1.08698437827359,0.28362162319379,0,0,10.6969430446625,"ok","-","2026-09-05 21:20:40"
"uniform_d10","uniform",10,199,10,65,9165,"direction_descend","both",TRUE,"descend","999",0.05,3,1,1,1,1,10,2,0.827926169960201,0.201619256835191,0,0,11.3773279190063,"ok","-","2026-09-05 21:20:52"
"uniform_d10","uniform",10,199,10,66,9166,"direction_descend","both",TRUE,"descend","999",0.05,3,1,1,1,1,10,2,0.993590829127626,0.23934097524104,0,0,10.7555210590363,"ok","-","2026-09-05 21:21:02"
"uniform_d10","uniform",10,199,10,67,9167,"direction_descend","both",TRUE,"descend","999",0.05,3,1,1,1,1,10,2,0.760682829393772,0.195151288076453,0,0,10.601499080658,"ok","-","2026-09-05 21:21:13"
"uniform_d10","uniform",10,199,10,68,9168,"direction_descend","both",TRUE,"descend","999",0.05,3,1,1,1,1,10,2,0.994185821347371,0.246042491175727,0,0,10.3889870643616,"ok","-","2026-09-05 21:21:23"
"uniform_d10","uniform",10,199,10,69,9169,"direction_descend","both",TRUE,"descend","999",0.05,3,1,1,1,1,10,2,1.1254042528301,0.360430932029907,0,0,10.3228571414948,"ok","-","2026-09-05 21:21:34"
"uniform_d10","uniform",10,199,10,70,9170,"direction_descend","both",TRUE,"descend","999",0.05,3,1,1,1,1,10,2,0.891288255706611,0.268935830059301,0,0,9.67268681526184,"ok","-","2026-09-05 21:21:43"
"uniform_d10","uniform",10,199,10,71,9171,"direction_descend","both",TRUE,"descend","999",0.05,3,1,1,1,1,10,2,0.969353687106329,0.353307532992913,0,0,9.81096005439758,"ok","-","2026-09-05 21:21:53"
"uniform_d10","uniform",10,199,10,72,9172,"direction_descend","both",TRUE,"descend","999",0.05,3,1,1,1,1,10,2,0.783395062248372,0.305852714040963,0,0,10.0505330562592,"ok","-","2026-09-05 21:22:03"
"uniform_d10","uniform",10,199,10,73,9173,"direction_descend","both",TRUE,"descend","999",0.05,3,1,1,1,1,10,2,1.18331924699148,0.356189574621511,0,0,10.1124188899994,"ok","-","2026-09-05 21:22:14"
"uniform_d10","uniform",10,199,10,74,9174,"direction_descend","both",TRUE,"descend","999",0.05,3,1,0.994708994708995,0.997354497354497,0.980392156862745,11,2,0.956594876120686,0.310692759943311,0,0,9.71247696876526,"ok","-","2026-09-05 21:22:23"
"uniform_d10","uniform",10,199,10,75,9175,"direction_descend","both",TRUE,"descend","999",0.05,3,1,1,1,1,10,2,0.99921358680062,0.293297941209741,0,0,8.91946816444397,"ok","-","2026-09-05 21:22:32"
"uniform_d10","uniform",10,199,10,76,9176,"direction_descend","both",TRUE,"descend","999",0.05,3,1,1,1,1,10,2,0.905128083250798,0.355750281887081,0,0,9.33492398262024,"ok","-","2026-09-05 21:22:42"
"uniform_d10","uniform",10,199,10,77,9177,"direction_descend","both",TRUE,"descend","999",0.05,3,1,1,1,1,10,2,1.07604290623743,0.289566106875994,0,0,9.7487370967865,"ok","-","2026-09-05 21:22:51"
"uniform_d10","uniform",10,199,10,78,9178,"direction_descend","both",TRUE,"descend","999",0.05,3,1,1,1,1,10,2,0.984621351147079,0.262874824864178,0,0,9.68488216400146,"ok","-","2026-09-05 21:23:01"
"uniform_d10","uniform",10,199,10,79,9179,"direction_descend","both",TRUE,"descend","999",0.05,3,1,1,1,1,10,2,1.05999985558155,0.383042202395905,0,0,9.94586682319641,"ok","-","2026-09-05 21:23:11"
"uniform_d10","uniform",10,199,10,80,9180,"direction_descend","both",TRUE,"descend","999",0.05,3,1,0.994708994708995,0.997354497354497,0.980392156862745,11,2,0.920047244689138,0.246374610016044,0,0,9.75098395347595,"ok","-","2026-09-05 21:23:21"
"uniform_d10","uniform",10,199,10,81,9181,"direction_descend","both",TRUE,"descend","999",0.05,3,1,1,1,1,10,2,0.926464487734575,0.258459114672621,0,0,9.75297594070435,"ok","-","2026-09-05 21:23:31"
"uniform_d10","uniform",10,199,10,82,9182,"direction_descend","both",TRUE,"descend","999",0.05,3,1,0.989417989417989,0.994708994708995,0.961538461538461,12,2,1.1962988685641,0.321844063073431,0,0,9.74270606040955,"ok","-","2026-09-05 21:23:40"
"uniform_d10","uniform",10,199,10,83,9183,"direction_descend","both",TRUE,"descend","999",0.05,3,1,1,1,1,10,2,1.13140167333716,0.275951727648164,0,0,10.1137878894806,"ok","-","2026-09-05 21:23:51"
"uniform_d10","uniform",10,199,10,84,9184,"direction_descend","both",TRUE,"descend","999",0.05,3,1,1,1,1,10,2,1.09086577273097,0.328473754794477,0,0,10.0657680034637,"ok","-","2026-09-05 21:24:01"
"uniform_d10","uniform",10,199,10,85,9185,"direction_descend","both",TRUE,"descend","999",0.05,3,1,1,1,1,10,2,0.921772002980064,0.223198864779347,0,0,9.80867004394531,"ok","-","2026-09-05 21:24:10"
"uniform_d10","uniform",10,199,10,86,9186,"direction_descend","both",TRUE,"descend","999",0.05,3,1,1,1,1,10,2,1.15605916798507,0.297437702482168,0,0,9.55680799484253,"ok","-","2026-09-05 21:24:20"
"uniform_d10","uniform",10,199,10,87,9187,"direction_descend","both",TRUE,"descend","999",0.05,3,1,1,1,1,10,2,0.767484372453858,0.181467563024753,0,0,10.0863819122314,"ok","-","2026-09-05 21:24:30"
"uniform_d10","uniform",10,199,10,88,9188,"direction_descend","both",TRUE,"descend","999",0.05,3,1,0.989417989417989,0.994708994708995,0.961538461538461,12,2,0.765759651218874,0.18970346946839,0,0,9.77123713493347,"ok","-","2026-09-05 21:24:40"
"uniform_d10","uniform",10,199,10,89,9189,"direction_descend","both",TRUE,"descend","999",0.05,3,1,1,1,1,10,2,0.983954302436257,0.274289413665283,0,0,9.81870293617249,"ok","-","2026-09-05 21:24:50"
"uniform_d10","uniform",10,199,10,90,9190,"direction_descend","both",TRUE,"descend","999",0.05,3,1,1,1,1,10,2,1.13914699521265,0.329944374206203,0,0,10.3483650684357,"ok","-","2026-09-05 21:25:00"
"uniform_d10","uniform",10,199,10,91,9191,"direction_descend","both",TRUE,"descend","999",0.05,3,1,0.989417989417989,0.994708994708995,0.961538461538461,12,2,0.969289712220488,0.274898984124726,0,0,10.7402980327606,"ok","-","2026-09-05 21:25:11"
"uniform_d10","uniform",10,199,10,92,9192,"direction_descend","both",TRUE,"descend","999",0.05,3,1,1,1,1,10,2,1.17479103416993,0.374020991085037,0,0,10.0133800506592,"ok","-","2026-09-05 21:25:21"
"uniform_d10","uniform",10,199,10,93,9193,"direction_descend","both",TRUE,"descend","999",0.05,3,1,1,1,1,10,2,0.952345645865291,0.226600046693612,0,0,10.1037259101868,"ok","-","2026-09-05 21:25:31"
"uniform_d10","uniform",10,199,10,94,9194,"direction_descend","both",TRUE,"descend","999",0.05,3,1,0.994708994708995,0.997354497354497,0.980392156862745,11,2,1.04676440136189,0.321513432440364,0,0,9.81750106811523,"ok","-","2026-09-05 21:25:41"
"uniform_d10","uniform",10,199,10,95,9195,"direction_descend","both",TRUE,"descend","999",0.05,3,1,0.994708994708995,0.997354497354497,0.980392156862745,11,2,0.779146266922727,0.19761569414257,0,0,9.44254207611084,"ok","-","2026-09-05 21:25:50"
"uniform_d10","uniform",10,199,10,96,9196,"direction_descend","both",TRUE,"descend","999",0.05,3,1,1,1,1,10,2,1.02523708709429,0.294729738493296,0,0,10.1519289016724,"ok","-","2026-09-05 21:26:01"
"uniform_d10","uniform",10,199,10,97,9197,"direction_descend","both",TRUE,"descend","999",0.05,3,1,1,1,1,10,2,0.868906052981764,0.330442756534165,0,0,10.3253920078278,"ok","-","2026-09-05 21:26:11"
"uniform_d10","uniform",10,199,10,98,9198,"direction_descend","both",TRUE,"descend","999",0.05,3,1,0.994708994708995,0.997354497354497,0.980392156862745,11,2,1.2621147209896,0.33388940284748,0,0,8.95704984664917,"ok","-","2026-09-05 21:26:20"
"uniform_d10","uniform",10,199,10,99,9199,"direction_descend","both",TRUE,"descend","999",0.05,3,1,1,1,1,10,2,0.880093966718037,0.295347783361519,0,0,9.48323488235474,"ok","-","2026-09-05 21:26:30"
"uniform_d10","uniform",10,199,10,100,9200,"direction_descend","both",TRUE,"descend","999",0.05,3,1,1,1,1,10,2,0.748040435102768,0.188490947159187,0,0,9.67833495140076,"ok","-","2026-09-05 21:26:39"
"gaussian_d3","gaussian",3,199,10,2,9102,"stock","both",TRUE,"ascend","90",0.05,3,1,0.957671957671958,0.978835978835979,0.862068965517241,18,2,0.431413941318009,0.443851824440729,0,0,0.511224031448364,"ok","-","2026-09-05 21:26:40"
"gaussian_d3","gaussian",3,199,10,3,9103,"stock","both",TRUE,"ascend","90",0.05,3,1,0.952380952380952,0.976190476190476,0.847457627118644,19,2,0.402973578456935,0.470720014377011,0,0,0.539964914321899,"ok","-","2026-09-05 21:26:40"
"gaussian_d3","gaussian",3,199,10,4,9104,"stock","both",TRUE,"ascend","90",0.05,3,1,0.952380952380952,0.976190476190476,0.847457627118644,19,2,0.486350346297719,0.511187029752421,0,0,0.856551170349121,"ok","-","2026-09-05 21:26:41"
"gaussian_d3","gaussian",3,199,10,5,9105,"stock","both",TRUE,"ascend","90",0.05,3,1,0.978835978835979,0.989417989417989,0.925925925925926,14,2,0.511666459509484,0.546672770563865,0,0,0.514183044433594,"ok","-","2026-09-05 21:26:42"
"gaussian_d3","gaussian",3,199,10,6,9106,"stock","both",TRUE,"ascend","90",0.05,3,1,0.968253968253968,0.984126984126984,0.892857142857143,16,2,0.391813452154148,0.576959852205258,0,0,0.521567106246948,"ok","-","2026-09-05 21:26:42"
"gaussian_d3","gaussian",3,199,10,7,9107,"stock","both",TRUE,"ascend","90",0.05,3,1,0.883597883597884,0.941798941798942,0.694444444444444,32,2,0.330795542325778,0.399025088069244,0,0,0.438808917999268,"ok","-","2026-09-05 21:26:43"
"gaussian_d3","gaussian",3,199,10,8,9108,"stock","both",TRUE,"ascend","90",0.05,3,1,0.957671957671958,0.978835978835979,0.862068965517241,18,2,0.400570913160869,0.363833382552453,0,0,0.508790969848633,"ok","-","2026-09-05 21:26:43"
"gaussian_d3","gaussian",3,199,10,9,9109,"stock","both",TRUE,"ascend","90",0.05,3,1,0.968253968253968,0.984126984126984,0.892857142857143,16,2,0.38397440929105,0.564987865010051,0,0,0.288195848464966,"ok","-","2026-09-05 21:26:44"
"gaussian_d3","gaussian",3,199,10,10,9110,"stock","both",TRUE,"ascend","90",0.05,3,1,0.984126984126984,0.992063492063492,0.943396226415094,13,2,0.52654190938069,0.472667811411993,0,0,0.880213975906372,"ok","-","2026-09-05 21:26:45"
"gaussian_d3","gaussian",3,199,10,11,9111,"stock","both",TRUE,"ascend","90",0.05,3,1,0.957671957671958,0.978835978835979,0.862068965517241,18,2,0.397391379753914,0.438968693398035,0,0,0.586059093475342,"ok","-","2026-09-05 21:26:45"
"gaussian_d3","gaussian",3,199,10,12,9112,"stock","both",TRUE,"ascend","90",0.05,3,1,0.941798941798942,0.970899470899471,0.819672131147541,21,2,0.375481283798454,0.465253087666927,0,0,0.595433950424194,"ok","-","2026-09-05 21:26:46"
"gaussian_d3","gaussian",3,199,10,13,9113,"stock","both",TRUE,"ascend","90",0.05,3,1,0.925925925925926,0.962962962962963,0.78125,24,2,0.410511726278911,0.619330442220649,0,0,0.541218996047974,"ok","-","2026-09-05 21:26:46"
"gaussian_d3","gaussian",3,199,10,14,9114,"stock","both",TRUE,"ascend","90",0.05,3,1,0.91005291005291,0.955026455026455,0.746268656716418,27,2,0.318758092754818,0.420338940041076,0,0,0.545587778091431,"ok","-","2026-09-05 21:26:47"
"gaussian_d3","gaussian",3,199,10,15,9115,"stock","both",TRUE,"ascend","90",0.05,3,1,0.994708994708995,0.997354497354497,0.980392156862745,11,2,0.370131148481639,0.578795132554044,0,0,0.401603937149048,"ok","-","2026-09-05 21:26:47"
"gaussian_d3","gaussian",3,199,10,16,9116,"stock","both",TRUE,"ascend","90",0.05,3,1,0.925925925925926,0.962962962962963,0.78125,24,2,0.446600647695535,0.329048910767769,0,0,0.694111824035645,"ok","-","2026-09-05 21:26:48"
"gaussian_d3","gaussian",3,199,10,17,9117,"stock","both",TRUE,"ascend","90",0.05,3,1,0.936507936507937,0.968253968253968,0.806451612903226,22,2,0.365759239733106,0.537711919827242,0,0,0.350713014602661,"ok","-","2026-09-05 21:26:48"
"gaussian_d3","gaussian",3,199,10,18,9118,"stock","both",TRUE,"ascend","90",0.05,3,1,0.957671957671958,0.978835978835979,0.862068965517241,18,2,0.393854700102845,0.441361366046164,0,0,0.74790096282959,"ok","-","2026-09-05 21:26:49"
"gaussian_d3","gaussian",3,199,10,19,9119,"stock","both",TRUE,"ascend","90",0.05,3,1,0.957671957671958,0.978835978835979,0.862068965517241,18,2,0.366924542208927,0.529807166689156,0,0,0.840669870376587,"ok","-","2026-09-05 21:26:50"
"gaussian_d3","gaussian",3,199,10,20,9120,"stock","both",TRUE,"ascend","90",0.05,3,1,0.962962962962963,0.981481481481481,0.87719298245614,17,2,0.52245013091542,0.449349112194604,0,0,0.893332958221436,"ok","-","2026-09-05 21:26:51"
"gaussian_d3","gaussian",3,199,10,21,9121,"stock","both",TRUE,"ascend","90",0.05,3,1,0.931216931216931,0.965608465608466,0.793650793650793,23,2,0.364514063905775,0.437415932075209,0,0,0.561707019805908,"ok","-","2026-09-05 21:26:52"
"gaussian_d3","gaussian",3,199,10,22,9122,"stock","both",TRUE,"ascend","90",0.05,3,1,0.978835978835979,0.989417989417989,0.925925925925926,14,2,0.42636247221779,0.552181817683254,0,0,0.74413800239563,"ok","-","2026-09-05 21:26:52"
"gaussian_d3","gaussian",3,199,10,23,9123,"stock","both",TRUE,"ascend","90",0.05,3,1,0.978835978835979,0.989417989417989,0.925925925925926,14,2,0.446097775975552,0.555199252662032,0,0,0.522701025009155,"ok","-","2026-09-05 21:26:53"
"gaussian_d3","gaussian",3,199,10,24,9124,"stock","both",TRUE,"ascend","90",0.05,3,1,0.973544973544973,0.986772486772487,0.909090909090909,15,2,0.366311400059922,0.410843016858049,0,0,0.59049391746521,"ok","-","2026-09-05 21:26:54"
"gaussian_d3","gaussian",3,199,10,25,9125,"stock","both",TRUE,"ascend","90",0.05,3,1,0.973544973544973,0.986772486772487,0.909090909090909,15,2,0.364968962821126,0.427664272301625,0,0,0.788923978805542,"ok","-","2026-09-05 21:26:54"
"gaussian_d3","gaussian",3,199,10,26,9126,"stock","both",TRUE,"ascend","90",0.05,3,1,0.968253968253968,0.984126984126984,0.892857142857143,16,2,0.400555462469021,0.495905963468032,0,0,0.517302989959717,"ok","-","2026-09-05 21:26:55"
"gaussian_d3","gaussian",3,199,10,27,9127,"stock","both",TRUE,"ascend","90",0.05,3,1,0.978835978835979,0.989417989417989,0.925925925925926,14,2,0.43488355478905,0.524813641344803,0,0,0.582686901092529,"ok","-","2026-09-05 21:26:56"
"gaussian_d3","gaussian",3,199,10,28,9128,"stock","both",TRUE,"ascend","90",0.05,3,1,0.888888888888889,0.944444444444444,0.704225352112676,31,2,0.377126203883412,0.570172242556973,0,0,0.624151945114136,"ok","-","2026-09-05 21:26:56"
"gaussian_d3","gaussian",3,199,10,29,9129,"stock","both",TRUE,"ascend","90",0.05,3,1,0.973544973544973,0.986772486772487,0.909090909090909,15,2,0.46169192337028,0.519765818529563,0,0,0.562542200088501,"ok","-","2026-09-05 21:26:57"
"gaussian_d3","gaussian",3,199,10,30,9130,"stock","both",TRUE,"ascend","90",0.05,3,1,0.973544973544973,0.986772486772487,0.909090909090909,15,2,0.490902774530556,0.483794162848577,0,0,0.686750888824463,"ok","-","2026-09-05 21:26:58"
"gaussian_d3","gaussian",3,199,10,31,9131,"stock","both",TRUE,"ascend","90",0.05,3,1,0.952380952380952,0.976190476190476,0.847457627118644,19,2,0.395217096516414,0.419560345645818,0,0,0.687461853027344,"ok","-","2026-09-05 21:26:58"
"gaussian_d3","gaussian",3,199,10,32,9132,"stock","both",TRUE,"ascend","90",0.05,3,1,0.915343915343915,0.957671957671958,0.757575757575758,26,2,0.407259491934137,0.520777261869819,0,0,0.598530054092407,"ok","-","2026-09-05 21:26:59"
"gaussian_d3","gaussian",3,199,10,33,9133,"stock","both",TRUE,"ascend","90",0.05,3,1,0.978835978835979,0.989417989417989,0.925925925925926,14,2,0.447827177115119,0.405324043799525,0,0,0.473837852478027,"ok","-","2026-09-05 21:26:59"
"gaussian_d3","gaussian",3,199,10,34,9134,"stock","both",TRUE,"ascend","90",0.05,3,1,0.978835978835979,0.989417989417989,0.925925925925926,14,2,0.408480254704157,0.622398552632521,0,0,0.542180061340332,"ok","-","2026-09-05 21:27:00"
"gaussian_d3","gaussian",3,199,10,35,9135,"stock","both",TRUE,"ascend","90",0.05,3,1,0.931216931216931,0.965608465608466,0.793650793650793,23,2,0.407497275321026,0.500594867979595,0,0,0.674129962921143,"ok","-","2026-09-05 21:27:01"
"gaussian_d3","gaussian",3,199,10,36,9136,"stock","both",TRUE,"ascend","90",0.05,3,1,0.947089947089947,0.973544973544973,0.833333333333333,20,2,0.365470554691831,0.412484575721698,0,0,0.483442068099976,"ok","-","2026-09-05 21:27:01"
"gaussian_d3","gaussian",3,199,10,37,9137,"stock","both",TRUE,"ascend","90",0.05,3,1,0.941798941798942,0.970899470899471,0.819672131147541,21,2,0.525784492236323,0.564250307830443,0,0,0.641680002212524,"ok","-","2026-09-05 21:27:02"
"gaussian_d3","gaussian",3,199,10,38,9138,"stock","both",TRUE,"ascend","90",0.05,3,1,0.936507936507937,0.968253968253968,0.806451612903226,22,2,0.424392797369389,0.483755690687576,0,0,0.69887900352478,"ok","-","2026-09-05 21:27:03"
"gaussian_d3","gaussian",3,199,10,39,9139,"stock","both",TRUE,"ascend","90",0.05,3,1,0.989417989417989,0.994708994708995,0.961538461538461,12,2,0.341524499088777,0.475778758274779,0,0,0.756021022796631,"ok","-","2026-09-05 21:27:03"
"gaussian_d3","gaussian",3,199,10,40,9140,"stock","both",TRUE,"ascend","90",0.05,3,1,0.925925925925926,0.962962962962963,0.78125,24,2,0.383472305010926,0.34157013917789,0,0,0.675122976303101,"ok","-","2026-09-05 21:27:04"
"gaussian_d3","gaussian",3,199,10,41,9141,"stock","both",TRUE,"ascend","90",0.05,3,1,0.899470899470899,0.94973544973545,0.72463768115942,29,2,0.475830277068263,0.647754335003862,0,0,0.646591901779175,"ok","-","2026-09-05 21:27:05"
"gaussian_d3","gaussian",3,199,10,42,9142,"stock","both",TRUE,"ascend","90",0.05,3,1,0.899470899470899,0.94973544973545,0.72463768115942,29,2,0.300799986549389,0.557874753139208,0,0,0.352466106414795,"ok","-","2026-09-05 21:27:05"
"gaussian_d3","gaussian",3,199,10,43,9143,"stock","both",TRUE,"ascend","90",0.05,3,1,0.978835978835979,0.989417989417989,0.925925925925926,14,2,0.364628753395151,0.581027982221535,0,0,0.451357126235962,"ok","-","2026-09-05 21:27:06"
"gaussian_d3","gaussian",3,199,10,44,9144,"stock","both",TRUE,"ascend","90",0.05,3,1,0.952380952380952,0.976190476190476,0.847457627118644,19,2,0.437615778084908,0.431593397389495,0,0,0.681725978851318,"ok","-","2026-09-05 21:27:06"
"gaussian_d3","gaussian",3,199,10,45,9145,"stock","both",TRUE,"ascend","90",0.05,3,1,0.962962962962963,0.981481481481481,0.87719298245614,17,2,0.424998118683329,0.653128354484964,0,0,0.717891931533813,"ok","-","2026-09-05 21:27:07"
"gaussian_d3","gaussian",3,199,10,46,9146,"stock","both",TRUE,"ascend","90",0.05,3,1,0.962962962962963,0.981481481481481,0.87719298245614,17,2,0.432380535264456,0.611167988988841,0,0,0.73032808303833,"ok","-","2026-09-05 21:27:08"
"gaussian_d3","gaussian",3,199,10,47,9147,"stock","both",TRUE,"ascend","90",0.05,3,1,0.957671957671958,0.978835978835979,0.862068965517241,18,2,0.361595489484863,0.651020384794781,0,0,0.560458898544312,"ok","-","2026-09-05 21:27:08"
"gaussian_d3","gaussian",3,199,10,48,9148,"stock","both",TRUE,"ascend","90",0.05,3,1,0.962962962962963,0.981481481481481,0.87719298245614,17,2,0.398587709223776,0.540635442528303,0,0,0.583651065826416,"ok","-","2026-09-05 21:27:09"
"gaussian_d3","gaussian",3,199,10,49,9149,"stock","both",TRUE,"ascend","90",0.05,3,1,0.957671957671958,0.978835978835979,0.862068965517241,18,2,0.398261364202144,0.49542655746109,0,0,0.811749935150146,"ok","-","2026-09-05 21:27:10"
"gaussian_d3","gaussian",3,199,10,50,9150,"stock","both",TRUE,"ascend","90",0.05,3,1,0.984126984126984,0.992063492063492,0.943396226415094,13,2,0.385925834730138,0.491154223095404,0,0,0.657900810241699,"ok","-","2026-09-05 21:27:11"
"gaussian_d3","gaussian",3,199,10,51,9151,"stock","both",TRUE,"ascend","90",0.05,3,1,0.968253968253968,0.984126984126984,0.892857142857143,16,2,0.433197414367568,0.385736282198978,0,0,0.56542706489563,"ok","-","2026-09-05 21:27:11"
"gaussian_d3","gaussian",3,199,10,52,9152,"stock","both",TRUE,"ascend","90",0.05,3,1,0.968253968253968,0.984126984126984,0.892857142857143,16,2,0.48001129820553,0.37937841312957,0,0,0.654370069503784,"ok","-","2026-09-05 21:27:12"
"gaussian_d3","gaussian",3,199,10,53,9153,"stock","both",TRUE,"ascend","90",0.05,3,1,0.973544973544973,0.986772486772487,0.909090909090909,15,2,0.478510914651642,0.491712041727064,0,0,0.569565057754517,"ok","-","2026-09-05 21:27:12"
"gaussian_d3","gaussian",3,199,10,54,9154,"stock","both",TRUE,"ascend","90",0.05,3,1,0.968253968253968,0.984126984126984,0.892857142857143,16,2,0.352212610845929,0.528729111986074,0,0,0.460418939590454,"ok","-","2026-09-05 21:27:13"
"gaussian_d3","gaussian",3,199,10,55,9155,"stock","both",TRUE,"ascend","90",0.05,3,1,0.873015873015873,0.936507936507937,0.675675675675676,34,2,0.408763834052458,0.541730695732764,0,0,0.552000045776367,"ok","-","2026-09-05 21:27:13"
"gaussian_d3","gaussian",3,199,10,56,9156,"stock","both",TRUE,"ascend","90",0.05,3,1,0.962962962962963,0.981481481481481,0.87719298245614,17,2,0.454510367175031,0.547630331335455,0,0,0.770795822143555,"ok","-","2026-09-05 21:27:14"
"gaussian_d3","gaussian",3,199,10,57,9157,"stock","both",TRUE,"ascend","90",0.05,3,1,0.952380952380952,0.976190476190476,0.847457627118644,19,2,0.450715841275443,0.530083908051226,0,0,0.73225998878479,"ok","-","2026-09-05 21:27:15"
"gaussian_d3","gaussian",3,199,10,58,9158,"stock","both",TRUE,"ascend","90",0.05,3,1,0.984126984126984,0.992063492063492,0.943396226415094,13,2,0.403829874195697,0.670944571797377,0,0,1.04322099685669,"ok","-","2026-09-05 21:27:16"
"gaussian_d3","gaussian",3,199,10,59,9159,"stock","both",TRUE,"ascend","90",0.05,3,1,0.984126984126984,0.992063492063492,0.943396226415094,13,2,0.556622661866434,0.478315389667768,0,0,0.970858097076416,"ok","-","2026-09-05 21:27:17"
"gaussian_d3","gaussian",3,199,10,60,9160,"stock","both",TRUE,"ascend","90",0.05,3,1,1,1,1,10,2,0.389029971408172,0.477215246133296,0,0,0.616189002990723,"ok","-","2026-09-05 21:27:18"
"gaussian_d3","gaussian",3,199,10,61,9161,"stock","both",TRUE,"ascend","90",0.05,3,1,0.925925925925926,0.962962962962963,0.78125,24,2,0.411029537800059,0.463775076292891,0,0,0.569480180740356,"ok","-","2026-09-05 21:27:18"
"gaussian_d3","gaussian",3,199,10,62,9162,"stock","both",TRUE,"ascend","90",0.05,3,1,0.941798941798942,0.970899470899471,0.819672131147541,21,2,0.391896525629047,0.475270326726647,0,0,0.63506293296814,"ok","-","2026-09-05 21:27:19"
"gaussian_d3","gaussian",3,199,10,63,9163,"stock","both",TRUE,"ascend","90",0.05,3,1,0.936507936507937,0.968253968253968,0.806451612903226,22,2,0.460996152412113,0.490145843809697,0,0,0.646298885345459,"ok","-","2026-09-05 21:27:20"
"gaussian_d3","gaussian",3,199,10,64,9164,"stock","both",TRUE,"ascend","90",0.05,3,1,0.925925925925926,0.962962962962963,0.78125,24,2,0.356722676865806,0.523895056098615,0,0,0.401328086853027,"ok","-","2026-09-05 21:27:20"
"gaussian_d3","gaussian",3,199,10,65,9165,"stock","both",TRUE,"ascend","90",0.05,3,1,0.941798941798942,0.970899470899471,0.819672131147541,21,2,0.374487253796249,0.515767728310641,0,0,0.720728158950806,"ok","-","2026-09-05 21:27:21"
"gaussian_d3","gaussian",3,199,10,66,9166,"stock","both",TRUE,"ascend","90",0.05,3,1,0.978835978835979,0.989417989417989,0.925925925925926,14,2,0.40362093336143,0.464632040344668,0,0,0.552465915679932,"ok","-","2026-09-05 21:27:21"
"gaussian_d3","gaussian",3,199,10,67,9167,"stock","both",TRUE,"ascend","90",0.05,3,1,0.957671957671958,0.978835978835979,0.862068965517241,18,2,0.468923924957263,0.479512890847863,0,0,0.634382009506226,"ok","-","2026-09-05 21:27:22"
"gaussian_d3","gaussian",3,199,10,68,9168,"stock","both",TRUE,"ascend","90",0.05,3,1,0.978835978835979,0.989417989417989,0.925925925925926,14,2,0.37238297255002,0.444073615467556,0,0,0.693489789962769,"ok","-","2026-09-05 21:27:23"
"gaussian_d3","gaussian",3,199,10,69,9169,"stock","both",TRUE,"ascend","90",0.05,3,1,0.904761904761905,0.952380952380952,0.735294117647059,28,2,0.40209518640293,0.521392816418986,0,0,0.578876972198486,"ok","-","2026-09-05 21:27:23"
"gaussian_d3","gaussian",3,199,10,70,9170,"stock","both",TRUE,"ascend","90",0.05,3,1,0.931216931216931,0.965608465608466,0.793650793650793,23,2,0.368676850763392,0.436980185457134,0,0,0.724344968795776,"ok","-","2026-09-05 21:27:24"
"gaussian_d3","gaussian",3,199,10,71,9171,"stock","both",TRUE,"ascend","90",0.05,3,1,0.931216931216931,0.965608465608466,0.793650793650793,23,2,0.40348460989938,0.50258538337892,0,0,0.377752065658569,"ok","-","2026-09-05 21:27:25"
"gaussian_d3","gaussian",3,199,10,72,9172,"stock","both",TRUE,"ascend","90",0.05,3,1,0.989417989417989,0.994708994708995,0.961538461538461,12,2,0.478061937229091,0.570151067653424,0,0,0.722654104232788,"ok","-","2026-09-05 21:27:25"
"gaussian_d3","gaussian",3,199,10,73,9173,"stock","both",TRUE,"ascend","90",0.05,3,1,0.962962962962963,0.981481481481481,0.87719298245614,17,2,0.417515972914571,0.507762967508488,0,0,0.493515968322754,"ok","-","2026-09-05 21:27:26"
"gaussian_d3","gaussian",3,199,10,74,9174,"stock","both",TRUE,"ascend","90",0.05,3,1,0.952380952380952,0.976190476190476,0.847457627118644,19,2,0.373437371048681,0.484397423557308,0,0,0.78943395614624,"ok","-","2026-09-05 21:27:27"
"gaussian_d3","gaussian",3,199,10,75,9175,"stock","both",TRUE,"ascend","90",0.05,3,1,0.862433862433862,0.931216931216931,0.657894736842105,36,2,0.468227291867245,0.480280028583455,0,0,0.482028961181641,"ok","-","2026-09-05 21:27:27"
"gaussian_d3","gaussian",3,199,10,76,9176,"stock","both",TRUE,"ascend","90",0.05,3,1,0.962962962962963,0.981481481481481,0.87719298245614,17,2,0.355277706979473,0.536188353146104,0,0,0.610429048538208,"ok","-","2026-09-05 21:27:28"
"gaussian_d3","gaussian",3,199,10,77,9177,"stock","both",TRUE,"ascend","90",0.05,3,1,0.978835978835979,0.989417989417989,0.925925925925926,14,2,0.42542163184149,0.505323926974604,0,0,0.425754070281982,"ok","-","2026-09-05 21:27:28"
"gaussian_d3","gaussian",3,199,10,78,9178,"stock","both",TRUE,"ascend","90",0.05,3,1,0.994708994708995,0.997354497354497,0.980392156862745,11,2,0.390243554644081,0.473641652023027,0,0,0.521599054336548,"ok","-","2026-09-05 21:27:29"
"gaussian_d3","gaussian",3,199,10,79,9179,"stock","both",TRUE,"ascend","90",0.05,3,1,0.936507936507937,0.968253968253968,0.806451612903226,22,2,0.432056174449031,0.497104277955872,0,0,0.34896183013916,"ok","-","2026-09-05 21:27:29"
"gaussian_d3","gaussian",3,199,10,80,9180,"stock","both",TRUE,"ascend","90",0.05,3,1,0.931216931216931,0.965608465608466,0.793650793650793,23,2,0.418744755700016,0.520663629024122,0,0,0.614706993103027,"ok","-","2026-09-05 21:27:30"
"gaussian_d3","gaussian",3,199,10,81,9181,"stock","both",TRUE,"ascend","90",0.05,3,1,0.984126984126984,0.992063492063492,0.943396226415094,13,2,0.469318599985813,0.424557005694274,0,0,0.810683012008667,"ok","-","2026-09-05 21:27:31"
"gaussian_d3","gaussian",3,199,10,82,9182,"stock","both",TRUE,"ascend","90",0.05,3,1,0.984126984126984,0.992063492063492,0.943396226415094,13,2,0.490278414080774,0.521729302506938,0,0,0.771489858627319,"ok","-","2026-09-05 21:27:32"
"gaussian_d3","gaussian",3,199,10,83,9183,"stock","both",TRUE,"ascend","90",0.05,3,1,0.957671957671958,0.978835978835979,0.862068965517241,18,2,0.410735064798436,0.480037660931425,0,0,0.794225931167603,"ok","-","2026-09-05 21:27:32"
"gaussian_d3","gaussian",3,199,10,84,9184,"stock","both",TRUE,"ascend","90",0.05,3,1,0.888888888888889,0.944444444444444,0.704225352112676,31,2,0.331927239075985,0.458000343946181,0,0,0.573279857635498,"ok","-","2026-09-05 21:27:33"
"gaussian_d3","gaussian",3,199,10,85,9185,"stock","both",TRUE,"ascend","90",0.05,3,1,0.962962962962963,0.981481481481481,0.87719298245614,17,2,0.31444450492508,0.356149776525511,0,0,0.478556156158447,"ok","-","2026-09-05 21:27:33"
"gaussian_d3","gaussian",3,199,10,86,9186,"stock","both",TRUE,"ascend","90",0.05,3,1,0.984126984126984,0.992063492063492,0.943396226415094,13,2,0.444661472709082,0.516063545708531,0,0,0.530374050140381,"ok","-","2026-09-05 21:27:34"
"gaussian_d3","gaussian",3,199,10,87,9187,"stock","both",TRUE,"ascend","90",0.05,3,1,0.984126984126984,0.992063492063492,0.943396226415094,13,2,0.486810074676748,0.473757831826142,0,0,0.55194091796875,"ok","-","2026-09-05 21:27:35"
"gaussian_d3","gaussian",3,199,10,88,9188,"stock","both",TRUE,"ascend","90",0.05,3,1,0.962962962962963,0.981481481481481,0.87719298245614,17,2,0.422425119211924,0.536669401338989,0,0,0.666089057922363,"ok","-","2026-09-05 21:27:35"
"gaussian_d3","gaussian",3,199,10,89,9189,"stock","both",TRUE,"ascend","90",0.05,3,1,0.846560846560847,0.923280423280423,0.632911392405063,39,2,0.354531903956555,0.479507909496838,0,0,0.423833847045898,"ok","-","2026-09-05 21:27:36"
"gaussian_d3","gaussian",3,199,10,90,9190,"stock","both",TRUE,"ascend","90",0.05,3,1,0.973544973544973,0.986772486772487,0.909090909090909,15,2,0.362550309153246,0.634210339450033,0,0,0.789189100265503,"ok","-","2026-09-05 21:27:37"
"gaussian_d3","gaussian",3,199,10,91,9191,"stock","both",TRUE,"ascend","90",0.05,3,1,0.994708994708995,0.997354497354497,0.980392156862745,11,2,0.423508322046787,0.510272743417181,0,0,0.520524024963379,"ok","-","2026-09-05 21:27:37"
"gaussian_d3","gaussian",3,199,10,92,9192,"stock","both",TRUE,"ascend","90",0.05,3,1,1,1,1,10,2,0.431057166488371,0.456895116561129,0,0,0.671380043029785,"ok","-","2026-09-05 21:27:38"
"gaussian_d3","gaussian",3,199,10,93,9193,"stock","both",TRUE,"ascend","90",0.05,3,1,0.952380952380952,0.976190476190476,0.847457627118644,19,2,0.390554091115263,0.501351932224352,0,0,0.506626844406128,"ok","-","2026-09-05 21:27:38"
"gaussian_d3","gaussian",3,199,10,94,9194,"stock","both",TRUE,"ascend","90",0.05,3,1,0.984126984126984,0.992063492063492,0.943396226415094,13,2,0.474780147915567,0.600697821495393,0,0,0.809345006942749,"ok","-","2026-09-05 21:27:39"
"gaussian_d3","gaussian",3,199,10,95,9195,"stock","both",TRUE,"ascend","90",0.05,3,1,0.947089947089947,0.973544973544973,0.833333333333333,20,2,0.37258170780298,0.53708599502658,0,0,0.602535009384155,"ok","-","2026-09-05 21:27:40"
"gaussian_d3","gaussian",3,199,10,96,9196,"stock","both",TRUE,"ascend","90",0.05,3,1,0.978835978835979,0.989417989417989,0.925925925925926,14,2,0.405388686416999,0.501648179785813,0,0,0.594424962997437,"ok","-","2026-09-05 21:27:40"
"gaussian_d3","gaussian",3,199,10,97,9197,"stock","both",TRUE,"ascend","90",0.05,3,1,0.941798941798942,0.970899470899471,0.819672131147541,21,2,0.458886538642045,0.399275172394943,0,0,0.488477945327759,"ok","-","2026-09-05 21:27:41"
"gaussian_d3","gaussian",3,199,10,98,9198,"stock","both",TRUE,"ascend","90",0.05,3,1,0.968253968253968,0.984126984126984,0.892857142857143,16,2,0.40549890251205,0.479536102534193,0,0,0.512516975402832,"ok","-","2026-09-05 21:27:41"
"gaussian_d3","gaussian",3,199,10,99,9199,"stock","both",TRUE,"ascend","90",0.05,3,1,0.952380952380952,0.976190476190476,0.847457627118644,19,2,0.41170335760507,0.660203815348704,0,0,0.593842029571533,"ok","-","2026-09-05 21:27:42"
"gaussian_d3","gaussian",3,199,10,100,9200,"stock","both",TRUE,"ascend","90",0.05,3,1,0.941798941798942,0.970899470899471,0.819672131147541,21,2,0.445608897299009,0.550312191376753,0,0,0.677902221679688,"ok","-","2026-09-05 21:27:43"
"gaussian_d3","gaussian",3,199,10,2,9102,"stat_mean","mean",TRUE,"ascend","90",0.05,3,1,0.962962962962963,0.981481481481481,0.87719298245614,17,2,0.459000027309282,0.449782830196809,0,0,0.883386850357056,"ok","-","2026-09-05 21:27:44"
"gaussian_d3","gaussian",3,199,10,3,9103,"stat_mean","mean",TRUE,"ascend","90",0.05,3,1,0.957671957671958,0.978835978835979,0.862068965517241,18,2,0.423448627835408,0.472116193921734,0,0,0.83627986907959,"ok","-","2026-09-05 21:27:59"
"gaussian_d3","gaussian",3,199,10,4,9104,"stat_mean","mean",TRUE,"ascend","90",0.05,3,1,0.989417989417989,0.994708994708995,0.961538461538461,12,2,0.506317069599856,0.510840958234501,0,0,0.802183151245117,"ok","-","2026-09-05 21:28:00"
"gaussian_d3","gaussian",3,199,10,5,9105,"stat_mean","mean",TRUE,"ascend","90",0.05,3,1,0.978835978835979,0.989417989417989,0.925925925925926,14,2,0.541020875253902,0.543463256563015,0,0,0.659241914749146,"ok","-","2026-09-05 21:28:01"
"gaussian_d3","gaussian",3,199,10,6,9106,"stat_mean","mean",TRUE,"ascend","90",0.05,3,1,0.968253968253968,0.984126984126984,0.892857142857143,16,2,0.405705759450879,0.575700616423421,0,0,0.58153510093689,"ok","-","2026-09-05 21:28:02"
"gaussian_d3","gaussian",3,199,10,7,9107,"stat_mean","mean",TRUE,"ascend","90",0.05,3,1,0.915343915343915,0.957671957671958,0.757575757575758,26,2,0.345185932286493,0.398862842021176,0,0,0.497332096099854,"ok","-","2026-09-05 21:28:02"
"gaussian_d3","gaussian",3,199,10,8,9108,"stat_mean","mean",TRUE,"ascend","90",0.05,3,1,0.957671957671958,0.978835978835979,0.862068965517241,18,2,0.419820253629024,0.365639192195485,0,0,0.458785057067871,"ok","-","2026-09-05 21:28:03"
"gaussian_d3","gaussian",3,199,10,9,9109,"stat_mean","mean",TRUE,"ascend","90",0.05,3,1,0.978835978835979,0.989417989417989,0.925925925925926,14,2,0.399679628741817,0.564321769040053,0,0,0.564303874969482,"ok","-","2026-09-05 21:28:03"
"gaussian_d3","gaussian",3,199,10,10,9110,"stat_mean","mean",TRUE,"ascend","90",0.05,3,1,0.984126984126984,0.992063492063492,0.943396226415094,13,2,0.543100132904574,0.472964367310045,0,0,0.952064990997314,"ok","-","2026-09-05 21:28:04"
"gaussian_d3","gaussian",3,199,10,11,9111,"stat_mean","mean",TRUE,"ascend","90",0.05,3,1,0.962962962962963,0.981481481481481,0.87719298245614,17,2,0.424332006823177,0.44055252781812,0,0,0.758507966995239,"ok","-","2026-09-05 21:28:05"
"gaussian_d3","gaussian",3,199,10,12,9112,"stat_mean","mean",TRUE,"ascend","90",0.05,3,1,0.947089947089947,0.973544973544973,0.833333333333333,20,2,0.400358447553092,0.466821154311132,0,0,0.543652057647705,"ok","-","2026-09-05 21:28:06"
"gaussian_d3","gaussian",3,199,10,13,9113,"stat_mean","mean",TRUE,"ascend","90",0.05,3,1,0.936507936507937,0.968253968253968,0.806451612903226,22,2,0.434525375973639,0.617791002142083,0,0,0.664366006851196,"ok","-","2026-09-05 21:28:06"
"gaussian_d3","gaussian",3,199,10,14,9114,"stat_mean","mean",TRUE,"ascend","90",0.05,3,1,0.973544973544973,0.986772486772487,0.909090909090909,15,2,0.32976995696706,0.419381505657076,0,0,0.799437046051025,"ok","-","2026-09-05 21:28:07"
"gaussian_d3","gaussian",3,199,10,15,9115,"stat_mean","mean",TRUE,"ascend","90",0.05,3,1,0.947089947089947,0.973544973544973,0.833333333333333,20,2,0.387648530706012,0.577644986772776,0,0,0.616394996643066,"ok","-","2026-09-05 21:28:08"
"gaussian_d3","gaussian",3,199,10,16,9116,"stat_mean","mean",TRUE,"ascend","90",0.05,3,1,0.931216931216931,0.965608465608466,0.793650793650793,23,2,0.464258818116428,0.332627487171865,0,0,0.517748117446899,"ok","-","2026-09-05 21:28:08"
"gaussian_d3","gaussian",3,199,10,17,9117,"stat_mean","mean",TRUE,"ascend","90",0.05,3,1,0.91005291005291,0.955026455026455,0.746268656716418,27,2,0.377330148843567,0.53764370967699,0,0,0.513301134109497,"ok","-","2026-09-05 21:28:09"
"gaussian_d3","gaussian",3,199,10,18,9118,"stat_mean","mean",TRUE,"ascend","90",0.05,3,1,0.973544973544973,0.986772486772487,0.909090909090909,15,2,0.418893475502444,0.450122045397973,0,0,0.761717081069946,"ok","-","2026-09-05 21:28:10"
"gaussian_d3","gaussian",3,199,10,19,9119,"stat_mean","mean",TRUE,"ascend","90",0.05,3,1,0.957671957671958,0.978835978835979,0.862068965517241,18,2,0.383986638726211,0.52999244928078,0,0,0.714587926864624,"ok","-","2026-09-05 21:28:10"
"gaussian_d3","gaussian",3,199,10,20,9120,"stat_mean","mean",TRUE,"ascend","90",0.05,3,1,0.994708994708995,0.997354497354497,0.980392156862745,11,2,0.557909812821797,0.452217446119508,0,0,0.930489063262939,"ok","-","2026-09-05 21:28:11"
"gaussian_d3","gaussian",3,199,10,21,9121,"stat_mean","mean",TRUE,"ascend","90",0.05,3,1,0.973544973544973,0.986772486772487,0.909090909090909,15,2,0.384962033400842,0.438176081428507,0,0,0.63404393196106,"ok","-","2026-09-05 21:28:12"
"gaussian_d3","gaussian",3,199,10,22,9122,"stat_mean","mean",TRUE,"ascend","90",0.05,3,1,0.952380952380952,0.976190476190476,0.847457627118644,19,2,0.443855834971496,0.552005081648699,0,0,0.949440956115723,"ok","-","2026-09-05 21:28:13"
"gaussian_d3","gaussian",3,199,10,23,9123,"stat_mean","mean",TRUE,"ascend","90",0.05,3,1,0.962962962962963,0.981481481481481,0.87719298245614,17,2,0.471838654531779,0.559531772435791,0,0,0.762279987335205,"ok","-","2026-09-05 21:28:14"
"gaussian_d3","gaussian",3,199,10,24,9124,"stat_mean","mean",TRUE,"ascend","90",0.05,3,1,0.973544973544973,0.986772486772487,0.909090909090909,15,2,0.386353597132146,0.413346220731458,0,0,0.585541009902954,"ok","-","2026-09-05 21:28:14"
"gaussian_d3","gaussian",3,199,10,25,9125,"stat_mean","mean",TRUE,"ascend","90",0.05,3,1,0.973544973544973,0.986772486772487,0.909090909090909,15,2,0.375932144652859,0.431728111492801,0,0,0.67047905921936,"ok","-","2026-09-05 21:28:15"
"gaussian_d3","gaussian",3,199,10,26,9126,"stat_mean","mean",TRUE,"ascend","90",0.05,3,1,0.973544973544973,0.986772486772487,0.909090909090909,15,2,0.423241842946986,0.496615674251486,0,0,0.683521032333374,"ok","-","2026-09-05 21:28:16"
"gaussian_d3","gaussian",3,199,10,27,9127,"stat_mean","mean",TRUE,"ascend","90",0.05,3,1,0.978835978835979,0.989417989417989,0.925925925925926,14,2,0.452767980116359,0.526586109497041,0,0,0.689244985580444,"ok","-","2026-09-05 21:28:17"
"gaussian_d3","gaussian",3,199,10,28,9128,"stat_mean","mean",TRUE,"ascend","90",0.05,3,1,0.931216931216931,0.965608465608466,0.793650793650793,23,2,0.393327049685632,0.575857472125953,0,0,0.543559074401855,"ok","-","2026-09-05 21:28:17"
"gaussian_d3","gaussian",3,199,10,29,9129,"stat_mean","mean",TRUE,"ascend","90",0.05,3,1,0.978835978835979,0.989417989417989,0.925925925925926,14,2,0.480843963413243,0.526091988430407,0,0,0.779000043869019,"ok","-","2026-09-05 21:28:18"
"gaussian_d3","gaussian",3,199,10,30,9130,"stat_mean","mean",TRUE,"ascend","90",0.05,3,1,0.973544973544973,0.986772486772487,0.909090909090909,15,2,0.510383109994201,0.489051385983365,0,0,0.822510004043579,"ok","-","2026-09-05 21:28:19"
"gaussian_d3","gaussian",3,199,10,31,9131,"stat_mean","mean",TRUE,"ascend","90",0.05,3,1,0.968253968253968,0.984126984126984,0.892857142857143,16,2,0.421583877838441,0.424362401750254,0,0,0.818632841110229,"ok","-","2026-09-05 21:28:20"
"gaussian_d3","gaussian",3,199,10,32,9132,"stat_mean","mean",TRUE,"ascend","90",0.05,3,1,0.936507936507937,0.968253968253968,0.806451612903226,22,2,0.417123577726601,0.520146067814019,0,0,0.663841009140015,"ok","-","2026-09-05 21:28:20"
"gaussian_d3","gaussian",3,199,10,33,9133,"stat_mean","mean",TRUE,"ascend","90",0.05,3,1,0.957671957671958,0.978835978835979,0.862068965517241,18,2,0.466715633780451,0.409041841842048,0,0,0.588146209716797,"ok","-","2026-09-05 21:28:21"
"gaussian_d3","gaussian",3,199,10,34,9134,"stat_mean","mean",TRUE,"ascend","90",0.05,3,1,0.978835978835979,0.989417989417989,0.925925925925926,14,2,0.423911517848462,0.621756806725131,0,0,0.684888124465942,"ok","-","2026-09-05 21:28:22"
"gaussian_d3","gaussian",3,199,10,35,9135,"stat_mean","mean",TRUE,"ascend","90",0.05,3,1,0.936507936507937,0.968253968253968,0.806451612903226,22,2,0.419230249899549,0.500231382455193,0,0,0.649214029312134,"ok","-","2026-09-05 21:28:22"
"gaussian_d3","gaussian",3,199,10,36,9136,"stat_mean","mean",TRUE,"ascend","90",0.05,3,1,0.947089947089947,0.973544973544973,0.833333333333333,20,2,0.385422133658201,0.411845344017383,0,0,0.596956014633179,"ok","-","2026-09-05 21:28:23"
"gaussian_d3","gaussian",3,199,10,37,9137,"stat_mean","mean",TRUE,"ascend","90",0.05,3,1,0.962962962962963,0.981481481481481,0.87719298245614,17,2,0.552953430500774,0.580689232242183,0,0,0.625033855438232,"ok","-","2026-09-05 21:28:24"
"gaussian_d3","gaussian",3,199,10,38,9138,"stat_mean","mean",TRUE,"ascend","90",0.05,3,1,0.947089947089947,0.973544973544973,0.833333333333333,20,2,0.444511183999684,0.489878013296099,0,0,0.857270002365112,"ok","-","2026-09-05 21:28:25"
"gaussian_d3","gaussian",3,199,10,39,9139,"stat_mean","mean",TRUE,"ascend","90",0.05,3,1,0.989417989417989,0.994708994708995,0.961538461538461,12,2,0.354283492593134,0.474319531509694,0,0,0.825212001800537,"ok","-","2026-09-05 21:28:25"
"gaussian_d3","gaussian",3,199,10,40,9140,"stat_mean","mean",TRUE,"ascend","90",0.05,3,1,0.941798941798942,0.970899470899471,0.819672131147541,21,2,0.409260919424749,0.341773655911083,0,0,0.84519100189209,"ok","-","2026-09-05 21:28:26"
"gaussian_d3","gaussian",3,199,10,41,9141,"stat_mean","mean",TRUE,"ascend","90",0.05,3,1,0.973544973544973,0.986772486772487,0.909090909090909,15,2,0.504525616946663,0.645614669110911,0,0,0.713649034500122,"ok","-","2026-09-05 21:28:27"
"gaussian_d3","gaussian",3,199,10,42,9142,"stat_mean","mean",TRUE,"ascend","90",0.05,3,1,0.915343915343915,0.957671957671958,0.757575757575758,26,2,0.310637869309618,0.561037613722975,0,0,0.388821125030518,"ok","-","2026-09-05 21:28:27"
"gaussian_d3","gaussian",3,199,10,43,9143,"stat_mean","mean",TRUE,"ascend","90",0.05,3,1,0.994708994708995,0.997354497354497,0.980392156862745,11,2,0.375378173651759,0.585067438950666,0,0,0.527685165405273,"ok","-","2026-09-05 21:28:28"
"gaussian_d3","gaussian",3,199,10,44,9144,"stat_mean","mean",TRUE,"ascend","90",0.05,3,1,0.968253968253968,0.984126984126984,0.892857142857143,16,2,0.459341471703029,0.440193936732432,0,0,0.725872993469238,"ok","-","2026-09-05 21:28:29"
"gaussian_d3","gaussian",3,199,10,45,9145,"stat_mean","mean",TRUE,"ascend","90",0.05,3,1,0.989417989417989,0.994708994708995,0.961538461538461,12,2,0.440744362418416,0.652700686810535,0,0,0.395549058914185,"ok","-","2026-09-05 21:28:29"
"gaussian_d3","gaussian",3,199,10,46,9146,"stat_mean","mean",TRUE,"ascend","90",0.05,3,1,0.962962962962963,0.981481481481481,0.87719298245614,17,2,0.444568849321181,0.611841806678285,0,0,0.903342008590698,"ok","-","2026-09-05 21:28:30"
"gaussian_d3","gaussian",3,199,10,47,9147,"stat_mean","mean",TRUE,"ascend","90",0.05,3,1,0.973544973544973,0.986772486772487,0.909090909090909,15,2,0.379810284330855,0.650266370485817,0,0,0.603841066360474,"ok","-","2026-09-05 21:28:31"
"gaussian_d3","gaussian",3,199,10,48,9148,"stat_mean","mean",TRUE,"ascend","90",0.05,3,1,0.989417989417989,0.994708994708995,0.961538461538461,12,2,0.412780231015549,0.540527618166132,0,0,0.636204957962036,"ok","-","2026-09-05 21:28:31"
"gaussian_d3","gaussian",3,199,10,49,9149,"stat_mean","mean",TRUE,"ascend","90",0.05,3,1,0.957671957671958,0.978835978835979,0.862068965517241,18,2,0.420537449375724,0.495865357042195,0,0,0.772389888763428,"ok","-","2026-09-05 21:28:32"
"gaussian_d3","gaussian",3,199,10,50,9150,"stat_mean","mean",TRUE,"ascend","90",0.05,3,1,0.984126984126984,0.992063492063492,0.943396226415094,13,2,0.410802749301569,0.489011375206881,0,0,0.721126079559326,"ok","-","2026-09-05 21:28:33"
"gaussian_d3","gaussian",3,199,10,51,9151,"stat_mean","mean",TRUE,"ascend","90",0.05,3,1,0.968253968253968,0.984126984126984,0.892857142857143,16,2,0.456342950200571,0.384613085368186,0,0,0.574527978897095,"ok","-","2026-09-05 21:28:34"
"gaussian_d3","gaussian",3,199,10,52,9152,"stat_mean","mean",TRUE,"ascend","90",0.05,3,1,0.968253968253968,0.984126984126984,0.892857142857143,16,2,0.49978476109263,0.379786769339534,0,0,0.530683040618896,"ok","-","2026-09-05 21:28:34"
"gaussian_d3","gaussian",3,199,10,53,9153,"stat_mean","mean",TRUE,"ascend","90",0.05,3,1,0.989417989417989,0.994708994708995,0.961538461538461,12,2,0.503080087773262,0.49015287623608,0,0,0.659613132476807,"ok","-","2026-09-05 21:28:35"
"gaussian_d3","gaussian",3,199,10,54,9154,"stat_mean","mean",TRUE,"ascend","90",0.05,3,1,0.968253968253968,0.984126984126984,0.892857142857143,16,2,0.37118624885926,0.529999402322616,0,0,0.50150203704834,"ok","-","2026-09-05 21:28:35"
"gaussian_d3","gaussian",3,199,10,55,9155,"stat_mean","mean",TRUE,"ascend","90",0.05,3,1,0.957671957671958,0.978835978835979,0.862068965517241,18,2,0.427456249269392,0.5406052118037,0,0,0.58254599571228,"ok","-","2026-09-05 21:28:36"
"gaussian_d3","gaussian",3,199,10,56,9156,"stat_mean","mean",TRUE,"ascend","90",0.05,3,1,0.973544973544973,0.986772486772487,0.909090909090909,15,2,0.473476173155348,0.547804840619284,0,0,0.683526992797852,"ok","-","2026-09-05 21:28:37"
"gaussian_d3","gaussian",3,199,10,57,9157,"stat_mean","mean",TRUE,"ascend","90",0.05,3,1,0.947089947089947,0.973544973544973,0.833333333333333,20,2,0.468245507678535,0.54681886844524,0,0,0.697097063064575,"ok","-","2026-09-05 21:28:37"
"gaussian_d3","gaussian",3,199,10,58,9158,"stat_mean","mean",TRUE,"ascend","90",0.05,3,1,0.984126984126984,0.992063492063492,0.943396226415094,13,2,0.423096558830135,0.668430339678425,0,0,1.07317996025085,"ok","-","2026-09-05 21:28:39"
"gaussian_d3","gaussian",3,199,10,59,9159,"stat_mean","mean",TRUE,"ascend","90",0.05,3,1,0.984126984126984,0.992063492063492,0.943396226415094,13,2,0.597346194002121,0.482091756643774,0,0,0.982704877853394,"ok","-","2026-09-05 21:28:40"
"gaussian_d3","gaussian",3,199,10,60,9160,"stat_mean","mean",TRUE,"ascend","90",0.05,3,1,1,1,1,10,2,0.411260457416371,0.476205632152424,0,0,0.449129104614258,"ok","-","2026-09-05 21:28:40"
"gaussian_d3","gaussian",3,199,10,61,9161,"stat_mean","mean",TRUE,"ascend","90",0.05,3,1,0.941798941798942,0.970899470899471,0.819672131147541,21,2,0.43215719666313,0.472144379707731,0,0,0.485254049301147,"ok","-","2026-09-05 21:28:41"
"gaussian_d3","gaussian",3,199,10,62,9162,"stat_mean","mean",TRUE,"ascend","90",0.05,3,1,0.962962962962963,0.981481481481481,0.87719298245614,17,2,0.412570562330359,0.477317245734757,0,0,0.58633279800415,"ok","-","2026-09-05 21:28:41"
"gaussian_d3","gaussian",3,199,10,63,9163,"stat_mean","mean",TRUE,"ascend","90",0.05,3,1,0.941798941798942,0.970899470899471,0.819672131147541,21,2,0.482455199376452,0.491074899341532,0,0,0.843852996826172,"ok","-","2026-09-05 21:28:42"
"gaussian_d3","gaussian",3,199,10,64,9164,"stat_mean","mean",TRUE,"ascend","90",0.05,3,1,0.962962962962963,0.981481481481481,0.87719298245614,17,2,0.377444705823875,0.525035236673896,0,0,0.543513059616089,"ok","-","2026-09-05 21:28:43"
"gaussian_d3","gaussian",3,199,10,65,9165,"stat_mean","mean",TRUE,"ascend","90",0.05,3,1,0.952380952380952,0.976190476190476,0.847457627118644,19,2,0.390735056162711,0.515753448910802,0,0,0.72124719619751,"ok","-","2026-09-05 21:28:43"
"gaussian_d3","gaussian",3,199,10,66,9166,"stat_mean","mean",TRUE,"ascend","90",0.05,3,1,0.984126984126984,0.992063492063492,0.943396226415094,13,2,0.423934162963127,0.464188793730377,0,0,0.569339990615845,"ok","-","2026-09-05 21:28:44"
"gaussian_d3","gaussian",3,199,10,67,9167,"stat_mean","mean",TRUE,"ascend","90",0.05,3,1,0.989417989417989,0.994708994708995,0.961538461538461,12,2,0.495336899806064,0.476852648958046,0,0,0.935004949569702,"ok","-","2026-09-05 21:28:45"
"gaussian_d3","gaussian",3,199,10,68,9168,"stat_mean","mean",TRUE,"ascend","90",0.05,3,1,0.978835978835979,0.989417989417989,0.925925925925926,14,2,0.389678906247969,0.450808703525614,0,0,0.672861099243164,"ok","-","2026-09-05 21:28:46"
"gaussian_d3","gaussian",3,199,10,69,9169,"stat_mean","mean",TRUE,"ascend","90",0.05,3,1,0.904761904761905,0.952380952380952,0.735294117647059,28,2,0.424534222859358,0.521934461996457,0,0,0.57305908203125,"ok","-","2026-09-05 21:28:46"
"gaussian_d3","gaussian",3,199,10,70,9170,"stat_mean","mean",TRUE,"ascend","90",0.05,3,1,0.968253968253968,0.984126984126984,0.892857142857143,16,2,0.385898897311093,0.435306897448389,0,0,0.716543197631836,"ok","-","2026-09-05 21:28:47"
"gaussian_d3","gaussian",3,199,10,71,9171,"stat_mean","mean",TRUE,"ascend","90",0.05,3,1,0.952380952380952,0.976190476190476,0.847457627118644,19,2,0.421633455208984,0.501867578630172,0,0,0.482293844223022,"ok","-","2026-09-05 21:28:48"
"gaussian_d3","gaussian",3,199,10,72,9172,"stat_mean","mean",TRUE,"ascend","90",0.05,3,1,0.994708994708995,0.997354497354497,0.980392156862745,11,2,0.49631778477666,0.566312561539192,0,0,0.540449857711792,"ok","-","2026-09-05 21:28:48"
"gaussian_d3","gaussian",3,199,10,73,9173,"stat_mean","mean",TRUE,"ascend","90",0.05,3,1,0.962962962962963,0.981481481481481,0.87719298245614,17,2,0.433570659128082,0.506865211838668,0,0,0.656708002090454,"ok","-","2026-09-05 21:28:49"
"gaussian_d3","gaussian",3,199,10,74,9174,"stat_mean","mean",TRUE,"ascend","90",0.05,3,1,0.968253968253968,0.984126984126984,0.892857142857143,16,2,0.387560297789182,0.482631173684121,0,0,0.644309043884277,"ok","-","2026-09-05 21:28:49"
"gaussian_d3","gaussian",3,199,10,75,9175,"stat_mean","mean",TRUE,"ascend","90",0.05,3,1,0.947089947089947,0.973544973544973,0.833333333333333,20,2,0.490988985975653,0.48383446204078,0,0,0.775546073913574,"ok","-","2026-09-05 21:28:50"
"gaussian_d3","gaussian",3,199,10,76,9176,"stat_mean","mean",TRUE,"ascend","90",0.05,3,1,0.962962962962963,0.981481481481481,0.87719298245614,17,2,0.366017993142704,0.535100215115771,0,0,0.61234188079834,"ok","-","2026-09-05 21:28:51"
"gaussian_d3","gaussian",3,199,10,77,9177,"stat_mean","mean",TRUE,"ascend","90",0.05,3,1,0.973544973544973,0.986772486772487,0.909090909090909,15,2,0.444231898030826,0.512789321647218,0,0,0.57849907875061,"ok","-","2026-09-05 21:28:52"
"gaussian_d3","gaussian",3,199,10,78,9178,"stat_mean","mean",TRUE,"ascend","90",0.05,3,1,0.994708994708995,0.997354497354497,0.980392156862745,11,2,0.411768727364828,0.471739566947324,0,0,0.655233144760132,"ok","-","2026-09-05 21:28:52"
"gaussian_d3","gaussian",3,199,10,79,9179,"stat_mean","mean",TRUE,"ascend","90",0.05,3,1,0.957671957671958,0.978835978835979,0.862068965517241,18,2,0.443667074721274,0.501185406333672,0,0,0.595118999481201,"ok","-","2026-09-05 21:28:53"
"gaussian_d3","gaussian",3,199,10,80,9180,"stat_mean","mean",TRUE,"ascend","90",0.05,3,1,0.931216931216931,0.965608465608466,0.793650793650793,23,2,0.435106331571638,0.518851488330101,0,0,0.713863134384155,"ok","-","2026-09-05 21:28:54"
"gaussian_d3","gaussian",3,199,10,81,9181,"stat_mean","mean",TRUE,"ascend","90",0.05,3,1,0.989417989417989,0.994708994708995,0.961538461538461,12,2,0.495250148715481,0.425938907521222,0,0,1.02338409423828,"ok","-","2026-09-05 21:28:55"
"gaussian_d3","gaussian",3,199,10,82,9182,"stat_mean","mean",TRUE,"ascend","90",0.05,3,1,0.925925925925926,0.962962962962963,0.78125,24,2,0.527715965937083,0.535924380232505,0,0,1.01852607727051,"ok","-","2026-09-05 21:28:56"
"gaussian_d3","gaussian",3,199,10,83,9183,"stat_mean","mean",TRUE,"ascend","90",0.05,3,1,0.957671957671958,0.978835978835979,0.862068965517241,18,2,0.428541150808389,0.482122259526728,0,0,0.881588935852051,"ok","-","2026-09-05 21:28:57"
"gaussian_d3","gaussian",3,199,10,84,9184,"stat_mean","mean",TRUE,"ascend","90",0.05,3,1,0.962962962962963,0.981481481481481,0.87719298245614,17,2,0.350550772293039,0.460668800006094,0,0,0.629832029342651,"ok","-","2026-09-05 21:28:57"
"gaussian_d3","gaussian",3,199,10,85,9185,"stat_mean","mean",TRUE,"ascend","90",0.05,3,1,0.936507936507937,0.968253968253968,0.806451612903226,22,2,0.332667001947531,0.357189746880032,0,0,0.730875968933105,"ok","-","2026-09-05 21:28:58"
"gaussian_d3","gaussian",3,199,10,86,9186,"stat_mean","mean",TRUE,"ascend","90",0.05,3,1,0.984126984126984,0.992063492063492,0.943396226415094,13,2,0.473177770567049,0.515927053439321,0,0,0.704137086868286,"ok","-","2026-09-05 21:28:59"
"gaussian_d3","gaussian",3,199,10,87,9187,"stat_mean","mean",TRUE,"ascend","90",0.05,3,1,0.984126984126984,0.992063492063492,0.943396226415094,13,2,0.516199576349957,0.474885924622435,0,0,0.496766090393066,"ok","-","2026-09-05 21:28:59"
"gaussian_d3","gaussian",3,199,10,88,9188,"stat_mean","mean",TRUE,"ascend","90",0.05,3,1,0.962962962962963,0.981481481481481,0.87719298245614,17,2,0.439366418029904,0.539881033475058,0,0,0.766417980194092,"ok","-","2026-09-05 21:29:00"
"gaussian_d3","gaussian",3,199,10,89,9189,"stat_mean","mean",TRUE,"ascend","90",0.05,3,1,0.883597883597884,0.941798941798942,0.694444444444444,32,2,0.36290216501441,0.479970209558119,0,0,0.450115203857422,"ok","-","2026-09-05 21:29:01"
"gaussian_d3","gaussian",3,199,10,90,9190,"stat_mean","mean",TRUE,"ascend","90",0.05,3,1,0.984126984126984,0.992063492063492,0.943396226415094,13,2,0.377927854901343,0.633210790529721,0,0,0.564349889755249,"ok","-","2026-09-05 21:29:01"
"gaussian_d3","gaussian",3,199,10,91,9191,"stat_mean","mean",TRUE,"ascend","90",0.05,3,1,0.994708994708995,0.997354497354497,0.980392156862745,11,2,0.450031182263448,0.520292239385931,0,0,0.738316059112549,"ok","-","2026-09-05 21:29:02"
"gaussian_d3","gaussian",3,199,10,92,9192,"stat_mean","mean",TRUE,"ascend","90",0.05,3,1,1,1,1,10,2,0.457431440441083,0.456044747817922,0,0,0.697280168533325,"ok","-","2026-09-05 21:29:03"
"gaussian_d3","gaussian",3,199,10,93,9193,"stat_mean","mean",TRUE,"ascend","90",0.05,3,1,0.957671957671958,0.978835978835979,0.862068965517241,18,2,0.412403442288173,0.504035551573553,0,0,0.509339094161987,"ok","-","2026-09-05 21:29:03"
"gaussian_d3","gaussian",3,199,10,94,9194,"stat_mean","mean",TRUE,"ascend","90",0.05,3,1,0.984126984126984,0.992063492063492,0.943396226415094,13,2,0.499644244499097,0.597316117111266,0,0,0.841166019439697,"ok","-","2026-09-05 21:29:04"
"gaussian_d3","gaussian",3,199,10,95,9195,"stat_mean","mean",TRUE,"ascend","90",0.05,3,1,0.936507936507937,0.968253968253968,0.806451612903226,22,2,0.383548772070332,0.537968215965815,0,0,0.552840948104858,"ok","-","2026-09-05 21:29:05"
"gaussian_d3","gaussian",3,199,10,96,9196,"stat_mean","mean",TRUE,"ascend","90",0.05,3,1,1,1,1,10,2,0.425834920803423,0.501126312992064,0,0,0.544545888900757,"ok","-","2026-09-05 21:29:05"
"gaussian_d3","gaussian",3,199,10,97,9197,"stat_mean","mean",TRUE,"ascend","90",0.05,3,1,0.952380952380952,0.976190476190476,0.847457627118644,19,2,0.478481617917878,0.400470407280021,0,0,0.659038066864014,"ok","-","2026-09-05 21:29:06"
"gaussian_d3","gaussian",3,199,10,98,9198,"stat_mean","mean",TRUE,"ascend","90",0.05,3,1,0.957671957671958,0.978835978835979,0.862068965517241,18,2,0.424957082490831,0.482732022801178,0,0,0.724541902542114,"ok","-","2026-09-05 21:29:07"
"gaussian_d3","gaussian",3,199,10,99,9199,"stat_mean","mean",TRUE,"ascend","90",0.05,3,1,0.978835978835979,0.989417989417989,0.925925925925926,14,2,0.422621103665052,0.663549038547366,0,0,0.419275999069214,"ok","-","2026-09-05 21:29:07"
"gaussian_d3","gaussian",3,199,10,100,9200,"stat_mean","mean",TRUE,"ascend","90",0.05,3,1,0.941798941798942,0.970899470899471,0.819672131147541,21,2,0.458762472199441,0.548712026395601,0,0,0.631286859512329,"ok","-","2026-09-05 21:29:08"
"gaussian_d3","gaussian",3,199,10,2,9102,"stat_median","median",TRUE,"ascend","90",0.05,3,1,0.994708994708995,0.997354497354497,0.980392156862745,11,2,0.477636891218722,0.442314244601298,0,0,0.783148050308228,"ok","-","2026-09-05 21:29:09"
"gaussian_d3","gaussian",3,199,10,3,9103,"stat_median","median",TRUE,"ascend","90",0.05,3,1,0.952380952380952,0.976190476190476,0.847457627118644,19,2,0.433964780809161,0.470565027369136,0,0,0.656986951828003,"ok","-","2026-09-05 21:29:09"
"gaussian_d3","gaussian",3,199,10,4,9104,"stat_median","median",TRUE,"ascend","90",0.05,3,1,0.994708994708995,0.997354497354497,0.980392156862745,11,2,0.531881056096137,0.513661712369008,0,0,0.909327030181885,"ok","-","2026-09-05 21:29:10"
"gaussian_d3","gaussian",3,199,10,5,9105,"stat_median","median",TRUE,"ascend","90",0.05,3,1,0.989417989417989,0.994708994708995,0.961538461538461,12,2,0.555930962725189,0.550472548929178,0,0,0.74083685874939,"ok","-","2026-09-05 21:29:11"
"gaussian_d3","gaussian",3,199,10,6,9106,"stat_median","median",TRUE,"ascend","90",0.05,3,1,0.968253968253968,0.984126984126984,0.892857142857143,16,2,0.419826372595051,0.575095017387042,0,0,0.567629814147949,"ok","-","2026-09-05 21:29:12"
"gaussian_d3","gaussian",3,199,10,7,9107,"stat_median","median",TRUE,"ascend","90",0.05,3,1,0.936507936507937,0.968253968253968,0.806451612903226,22,2,0.350473091525549,0.400563631545784,0,0,0.43315601348877,"ok","-","2026-09-05 21:29:12"
"gaussian_d3","gaussian",3,199,10,8,9108,"stat_median","median",TRUE,"ascend","90",0.05,3,1,0.994708994708995,0.997354497354497,0.980392156862745,11,2,0.442360891252954,0.36694214505802,0,0,0.693137884140015,"ok","-","2026-09-05 21:29:13"
"gaussian_d3","gaussian",3,199,10,9,9109,"stat_median","median",TRUE,"ascend","90",0.05,3,1,1,1,1,10,2,0.408707874004331,0.563016888453941,0,0,0.37532901763916,"ok","-","2026-09-05 21:29:13"
"gaussian_d3","gaussian",3,199,10,10,9110,"stat_median","median",TRUE,"ascend","90",0.05,3,1,0.989417989417989,0.994708994708995,0.961538461538461,12,2,0.587004133539201,0.465020816685065,0,0,1.04550981521606,"ok","-","2026-09-05 21:29:14"
"gaussian_d3","gaussian",3,199,10,11,9111,"stat_median","median",TRUE,"ascend","90",0.05,3,1,0.952380952380952,0.976190476190476,0.847457627118644,19,2,0.433990942286743,0.441714827210586,0,0,0.590718030929565,"ok","-","2026-09-05 21:29:15"
"gaussian_d3","gaussian",3,199,10,12,9112,"stat_median","median",TRUE,"ascend","90",0.05,3,1,0.941798941798942,0.970899470899471,0.819672131147541,21,2,0.409735155563701,0.465066948833427,0,0,0.657395124435425,"ok","-","2026-09-05 21:29:16"
"gaussian_d3","gaussian",3,199,10,13,9113,"stat_median","median",TRUE,"ascend","90",0.05,3,1,0.962962962962963,0.981481481481481,0.87719298245614,17,2,0.441246344225455,0.614430557996773,0,0,0.642524003982544,"ok","-","2026-09-05 21:29:16"
"gaussian_d3","gaussian",3,199,10,14,9114,"stat_median","median",TRUE,"ascend","90",0.05,3,1,0.931216931216931,0.965608465608466,0.793650793650793,23,2,0.358217564293129,0.424207679974773,0,0,0.717533111572266,"ok","-","2026-09-05 21:29:17"
"gaussian_d3","gaussian",3,199,10,15,9115,"stat_median","median",TRUE,"ascend","90",0.05,3,1,0.994708994708995,0.997354497354497,0.980392156862745,11,2,0.400541743163154,0.578565111103289,0,0,0.797976970672607,"ok","-","2026-09-05 21:29:18"
"gaussian_d3","gaussian",3,199,10,16,9116,"stat_median","median",TRUE,"ascend","90",0.05,3,1,0.941798941798942,0.970899470899471,0.819672131147541,21,2,0.496511305098334,0.341340143111817,0,0,0.783446073532104,"ok","-","2026-09-05 21:29:19"
"gaussian_d3","gaussian",3,199,10,17,9117,"stat_median","median",TRUE,"ascend","90",0.05,3,1,0.91005291005291,0.955026455026455,0.746268656716418,27,2,0.411749719447324,0.54844274599902,0,0,0.651742935180664,"ok","-","2026-09-05 21:29:19"
"gaussian_d3","gaussian",3,199,10,18,9118,"stat_median","median",TRUE,"ascend","90",0.05,3,1,0.962962962962963,0.981481481481481,0.87719298245614,17,2,0.41575064941368,0.441638961964265,0,0,0.809905767440796,"ok","-","2026-09-05 21:29:20"
"gaussian_d3","gaussian",3,199,10,19,9119,"stat_median","median",TRUE,"ascend","90",0.05,3,1,0.973544973544973,0.986772486772487,0.909090909090909,15,2,0.390885584066315,0.539577331728718,0,0,0.826367855072021,"ok","-","2026-09-05 21:29:21"
"gaussian_d3","gaussian",3,199,10,20,9120,"stat_median","median",TRUE,"ascend","90",0.05,3,1,0.978835978835979,0.989417989417989,0.925925925925926,14,2,0.582515876400746,0.459396374545646,0,0,0.630230903625488,"ok","-","2026-09-05 21:29:22"
"gaussian_d3","gaussian",3,199,10,21,9121,"stat_median","median",TRUE,"ascend","90",0.05,3,1,0.931216931216931,0.965608465608466,0.793650793650793,23,2,0.392602859205802,0.439203655266596,0,0,0.614728927612305,"ok","-","2026-09-05 21:29:22"
"gaussian_d3","gaussian",3,199,10,22,9122,"stat_median","median",TRUE,"ascend","90",0.05,3,1,0.994708994708995,0.997354497354497,0.980392156862745,11,2,0.464855854910894,0.552954437339377,0,0,0.647716999053955,"ok","-","2026-09-05 21:29:23"
"gaussian_d3","gaussian",3,199,10,23,9123,"stat_median","median",TRUE,"ascend","90",0.05,3,1,0.936507936507937,0.968253968253968,0.806451612903226,22,2,0.478618067014039,0.551890353340822,0,0,0.471040964126587,"ok","-","2026-09-05 21:29:24"
"gaussian_d3","gaussian",3,199,10,24,9124,"stat_median","median",TRUE,"ascend","90",0.05,3,1,0.973544973544973,0.986772486772487,0.909090909090909,15,2,0.400907702609371,0.411848075271234,0,0,0.593950986862183,"ok","-","2026-09-05 21:29:24"
"gaussian_d3","gaussian",3,199,10,25,9125,"stat_median","median",TRUE,"ascend","90",0.05,3,1,0.984126984126984,0.992063492063492,0.943396226415094,13,2,0.403378520349898,0.425387987161574,0,0,0.781532049179077,"ok","-","2026-09-05 21:29:25"
"gaussian_d3","gaussian",3,199,10,26,9126,"stat_median","median",TRUE,"ascend","90",0.05,3,1,0.968253968253968,0.984126984126984,0.892857142857143,16,2,0.431846689975772,0.503154805536131,0,0,0.507717847824097,"ok","-","2026-09-05 21:29:26"
"gaussian_d3","gaussian",3,199,10,27,9127,"stat_median","median",TRUE,"ascend","90",0.05,3,1,0.978835978835979,0.989417989417989,0.925925925925926,14,2,0.462752564236064,0.526520579949284,0,0,0.632946014404297,"ok","-","2026-09-05 21:29:26"
"gaussian_d3","gaussian",3,199,10,28,9128,"stat_median","median",TRUE,"ascend","90",0.05,3,1,0.899470899470899,0.94973544973545,0.72463768115942,29,2,0.404283334164246,0.590200961021423,0,0,0.541225910186768,"ok","-","2026-09-05 21:29:27"
"gaussian_d3","gaussian",3,199,10,29,9129,"stat_median","median",TRUE,"ascend","90",0.05,3,1,0.978835978835979,0.989417989417989,0.925925925925926,14,2,0.512398947032741,0.518247418960157,0,0,0.617852926254272,"ok","-","2026-09-05 21:29:27"
"gaussian_d3","gaussian",3,199,10,30,9130,"stat_median","median",TRUE,"ascend","90",0.05,3,1,0.973544973544973,0.986772486772487,0.909090909090909,15,2,0.532442815529098,0.48575836782072,0,0,0.893301010131836,"ok","-","2026-09-05 21:29:28"
"gaussian_d3","gaussian",3,199,10,31,9131,"stat_median","median",TRUE,"ascend","90",0.05,3,1,0.968253968253968,0.984126984126984,0.892857142857143,16,2,0.415792171193018,0.426952182932502,0,0,0.809283971786499,"ok","-","2026-09-05 21:29:29"
"gaussian_d3","gaussian",3,199,10,32,9132,"stat_median","median",TRUE,"ascend","90",0.05,3,1,0.978835978835979,0.989417989417989,0.925925925925926,14,2,0.468282547109493,0.533122938585686,0,0,0.950657844543457,"ok","-","2026-09-05 21:29:30"
"gaussian_d3","gaussian",3,199,10,33,9133,"stat_median","median",TRUE,"ascend","90",0.05,3,1,0.957671957671958,0.978835978835979,0.862068965517241,18,2,0.487706376659963,0.411057568228676,0,0,0.504870176315308,"ok","-","2026-09-05 21:29:31"
"gaussian_d3","gaussian",3,199,10,34,9134,"stat_median","median",TRUE,"ascend","90",0.05,3,1,0.994708994708995,0.997354497354497,0.980392156862745,11,2,0.443022533326233,0.632742459703599,0,0,0.661323070526123,"ok","-","2026-09-05 21:29:31"
"gaussian_d3","gaussian",3,199,10,35,9135,"stat_median","median",TRUE,"ascend","90",0.05,3,1,0.984126984126984,0.992063492063492,0.943396226415094,13,2,0.444212129758646,0.499397415740807,0,0,0.863759994506836,"ok","-","2026-09-05 21:29:32"
"gaussian_d3","gaussian",3,199,10,36,9136,"stat_median","median",TRUE,"ascend","90",0.05,3,1,0.968253968253968,0.984126984126984,0.892857142857143,16,2,0.394836472922204,0.412447006679874,0,0,0.531445026397705,"ok","-","2026-09-05 21:29:33"
"gaussian_d3","gaussian",3,199,10,37,9137,"stat_median","median",TRUE,"ascend","90",0.05,3,1,0.962962962962963,0.981481481481481,0.87719298245614,17,2,0.562514570209449,0.564711710318037,0,0,0.584936857223511,"ok","-","2026-09-05 21:29:34"
"gaussian_d3","gaussian",3,199,10,38,9138,"stat_median","median",TRUE,"ascend","90",0.05,3,1,0.957671957671958,0.978835978835979,0.862068965517241,18,2,0.451159205555316,0.484508763009508,0,0,0.732923030853271,"ok","-","2026-09-05 21:29:34"
"gaussian_d3","gaussian",3,199,10,39,9139,"stat_median","median",TRUE,"ascend","90",0.05,3,1,0.989417989417989,0.994708994708995,0.961538461538461,12,2,0.367768307594444,0.475102881449594,0,0,0.88441801071167,"ok","-","2026-09-05 21:29:35"
"gaussian_d3","gaussian",3,199,10,40,9140,"stat_median","median",TRUE,"ascend","90",0.05,3,1,0.947089947089947,0.973544973544973,0.833333333333333,20,2,0.421446544277271,0.367122335114572,0,0,0.596312046051025,"ok","-","2026-09-05 21:29:36"
"gaussian_d3","gaussian",3,199,10,41,9141,"stat_median","median",TRUE,"ascend","90",0.05,3,1,0.973544973544973,0.986772486772487,0.909090909090909,15,2,0.50836603413844,0.650581298158982,0,0,0.747997045516968,"ok","-","2026-09-05 21:29:37"
"gaussian_d3","gaussian",3,199,10,42,9142,"stat_median","median",TRUE,"ascend","90",0.05,3,1,0.947089947089947,0.973544973544973,0.833333333333333,20,2,0.324410153412613,0.556149966454276,0,0,0.528164863586426,"ok","-","2026-09-05 21:29:37"
"gaussian_d3","gaussian",3,199,10,43,9143,"stat_median","median",TRUE,"ascend","90",0.05,3,1,0.973544973544973,0.986772486772487,0.909090909090909,15,2,0.401880792371104,0.59026968359562,0,0,0.678252935409546,"ok","-","2026-09-05 21:29:38"
"gaussian_d3","gaussian",3,199,10,44,9144,"stat_median","median",TRUE,"ascend","90",0.05,3,1,0.973544973544973,0.986772486772487,0.909090909090909,15,2,0.482544208396217,0.433987266844374,0,0,0.70081615447998,"ok","-","2026-09-05 21:29:39"
"gaussian_d3","gaussian",3,199,10,45,9145,"stat_median","median",TRUE,"ascend","90",0.05,3,1,0.978835978835979,0.989417989417989,0.925925925925926,14,2,0.456341171615886,0.654762858935063,0,0,0.389369010925293,"ok","-","2026-09-05 21:29:39"
"gaussian_d3","gaussian",3,199,10,46,9146,"stat_median","median",TRUE,"ascend","90",0.05,3,1,0.973544973544973,0.986772486772487,0.909090909090909,15,2,0.472857503945921,0.609201959204123,0,0,0.797314167022705,"ok","-","2026-09-05 21:29:40"
"gaussian_d3","gaussian",3,199,10,47,9147,"stat_median","median",TRUE,"ascend","90",0.05,3,1,0.957671957671958,0.978835978835979,0.862068965517241,18,2,0.384231767773566,0.64768604321017,0,0,0.637210130691528,"ok","-","2026-09-05 21:29:41"
"gaussian_d3","gaussian",3,199,10,48,9148,"stat_median","median",TRUE,"ascend","90",0.05,3,1,0.989417989417989,0.994708994708995,0.961538461538461,12,2,0.426109703532655,0.54060382319951,0,0,0.546796083450317,"ok","-","2026-09-05 21:29:41"
"gaussian_d3","gaussian",3,199,10,49,9149,"stat_median","median",TRUE,"ascend","90",0.05,3,1,0.962962962962963,0.981481481481481,0.87719298245614,17,2,0.430229164804984,0.497208551562518,0,0,0.430118799209595,"ok","-","2026-09-05 21:29:42"
"gaussian_d3","gaussian",3,199,10,50,9150,"stat_median","median",TRUE,"ascend","90",0.05,3,1,0.984126984126984,0.992063492063492,0.943396226415094,13,2,0.413558906392408,0.496295006544146,0,0,0.365705013275146,"ok","-","2026-09-05 21:29:42"
"gaussian_d3","gaussian",3,199,10,51,9151,"stat_median","median",TRUE,"ascend","90",0.05,3,1,0.968253968253968,0.984126984126984,0.892857142857143,16,2,0.474125182991373,0.394064402411718,0,0,0.530977964401245,"ok","-","2026-09-05 21:29:43"
"gaussian_d3","gaussian",3,199,10,52,9152,"stat_median","median",TRUE,"ascend","90",0.05,3,1,0.973544973544973,0.986772486772487,0.909090909090909,15,2,0.533053270120984,0.382530352084193,0,0,0.639523983001709,"ok","-","2026-09-05 21:29:43"
"gaussian_d3","gaussian",3,199,10,53,9153,"stat_median","median",TRUE,"ascend","90",0.05,3,1,0.994708994708995,0.997354497354497,0.980392156862745,11,2,0.511413050094219,0.528856487958949,0,0,0.576856851577759,"ok","-","2026-09-05 21:29:44"
"gaussian_d3","gaussian",3,199,10,54,9154,"stat_median","median",TRUE,"ascend","90",0.05,3,1,0.973544973544973,0.986772486772487,0.909090909090909,15,2,0.389437898957782,0.53579453520556,0,0,0.606206178665161,"ok","-","2026-09-05 21:29:44"
"gaussian_d3","gaussian",3,199,10,55,9155,"stat_median","median",TRUE,"ascend","90",0.05,3,1,0.968253968253968,0.984126984126984,0.892857142857143,16,2,0.431765182358841,0.539162518815422,0,0,0.653773069381714,"ok","-","2026-09-05 21:29:45"
"gaussian_d3","gaussian",3,199,10,56,9156,"stat_median","median",TRUE,"ascend","90",0.05,3,1,0.962962962962963,0.981481481481481,0.87719298245614,17,2,0.486133113863331,0.548760967694324,0,0,0.646687984466553,"ok","-","2026-09-05 21:29:46"
"gaussian_d3","gaussian",3,199,10,57,9157,"stat_median","median",TRUE,"ascend","90",0.05,3,1,0.978835978835979,0.989417989417989,0.925925925925926,14,2,0.490172514719424,0.526611868528099,0,0,0.567031860351562,"ok","-","2026-09-05 21:29:46"
"gaussian_d3","gaussian",3,199,10,58,9158,"stat_median","median",TRUE,"ascend","90",0.05,3,1,0.984126984126984,0.992063492063492,0.943396226415094,13,2,0.437073312888896,0.680461493407741,0,0,0.970713138580322,"ok","-","2026-09-05 21:29:47"
"gaussian_d3","gaussian",3,199,10,59,9159,"stat_median","median",TRUE,"ascend","90",0.05,3,1,1,1,1,10,2,0.589304383041184,0.477933495816172,0,0,0.806657791137695,"ok","-","2026-09-05 21:29:48"
"gaussian_d3","gaussian",3,199,10,60,9160,"stat_median","median",TRUE,"ascend","90",0.05,3,1,0.978835978835979,0.989417989417989,0.925925925925926,14,2,0.426275414813289,0.476971479282373,0,0,0.735712051391602,"ok","-","2026-09-05 21:29:49"
"gaussian_d3","gaussian",3,199,10,61,9161,"stat_median","median",TRUE,"ascend","90",0.05,3,1,0.925925925925926,0.962962962962963,0.78125,24,2,0.444120310110925,0.470422085233669,0,0,0.850011110305786,"ok","-","2026-09-05 21:29:50"
"gaussian_d3","gaussian",3,199,10,62,9162,"stat_median","median",TRUE,"ascend","90",0.05,3,1,0.962962962962963,0.981481481481481,0.87719298245614,17,2,0.410512259638072,0.479986458755984,0,0,0.830540180206299,"ok","-","2026-09-05 21:29:51"
"gaussian_d3","gaussian",3,199,10,63,9163,"stat_median","median",TRUE,"ascend","90",0.05,3,1,0.973544973544973,0.986772486772487,0.909090909090909,15,2,0.510283092662511,0.522210787116082,0,0,0.559457063674927,"ok","-","2026-09-05 21:29:51"
"gaussian_d3","gaussian",3,199,10,64,9164,"stat_median","median",TRUE,"ascend","90",0.05,3,1,0.947089947089947,0.973544973544973,0.833333333333333,20,2,0.386206051832464,0.530834144385139,0,0,0.635661840438843,"ok","-","2026-09-05 21:29:52"
"gaussian_d3","gaussian",3,199,10,65,9165,"stat_median","median",TRUE,"ascend","90",0.05,3,1,0.952380952380952,0.976190476190476,0.847457627118644,19,2,0.395066109665748,0.515692603369765,0,0,0.650516986846924,"ok","-","2026-09-05 21:29:53"
"gaussian_d3","gaussian",3,199,10,66,9166,"stat_median","median",TRUE,"ascend","90",0.05,3,1,0.994708994708995,0.997354497354497,0.980392156862745,11,2,0.430766777384314,0.46433339813881,0,0,0.451010942459106,"ok","-","2026-09-05 21:29:53"
"gaussian_d3","gaussian",3,199,10,67,9167,"stat_median","median",TRUE,"ascend","90",0.05,3,1,0.978835978835979,0.989417989417989,0.925925925925926,14,2,0.525239577418032,0.485673806233773,0,0,0.777966976165771,"ok","-","2026-09-05 21:29:54"
"gaussian_d3","gaussian",3,199,10,68,9168,"stat_median","median",TRUE,"ascend","90",0.05,3,1,0.978835978835979,0.989417989417989,0.925925925925926,14,2,0.398044770649212,0.450807154245504,0,0,0.803085803985596,"ok","-","2026-09-05 21:29:55"
"gaussian_d3","gaussian",3,199,10,69,9169,"stat_median","median",TRUE,"ascend","90",0.05,3,1,0.91005291005291,0.955026455026455,0.746268656716418,27,2,0.429370879482909,0.521667605835487,0,0,0.525605201721191,"ok","-","2026-09-05 21:29:55"
"gaussian_d3","gaussian",3,199,10,70,9170,"stat_median","median",TRUE,"ascend","90",0.05,3,1,0.978835978835979,0.989417989417989,0.925925925925926,14,2,0.400949574007379,0.438013808573049,0,0,0.795783996582031,"ok","-","2026-09-05 21:29:56"
"gaussian_d3","gaussian",3,199,10,71,9171,"stat_median","median",TRUE,"ascend","90",0.05,3,1,0.957671957671958,0.978835978835979,0.862068965517241,18,2,0.437718381702999,0.502705982237904,0,0,0.412959098815918,"ok","-","2026-09-05 21:29:57"
"gaussian_d3","gaussian",3,199,10,72,9172,"stat_median","median",TRUE,"ascend","90",0.05,3,1,0.994708994708995,0.997354497354497,0.980392156862745,11,2,0.525036951131987,0.567074239281832,0,0,0.698186874389648,"ok","-","2026-09-05 21:29:57"
"gaussian_d3","gaussian",3,199,10,73,9173,"stat_median","median",TRUE,"ascend","90",0.05,3,1,0.962962962962963,0.981481481481481,0.87719298245614,17,2,0.449183462501089,0.510764828178783,0,0,0.560733079910278,"ok","-","2026-09-05 21:29:58"
"gaussian_d3","gaussian",3,199,10,74,9174,"stat_median","median",TRUE,"ascend","90",0.05,3,1,0.957671957671958,0.978835978835979,0.862068965517241,18,2,0.408776771211594,0.516842531324043,0,0,0.747804880142212,"ok","-","2026-09-05 21:29:59"
"gaussian_d3","gaussian",3,199,10,75,9175,"stat_median","median",TRUE,"ascend","90",0.05,3,1,0.862433862433862,0.931216931216931,0.657894736842105,36,2,0.489656635544459,0.480738435037409,0,0,0.564994096755981,"ok","-","2026-09-05 21:29:59"
"gaussian_d3","gaussian",3,199,10,76,9176,"stat_median","median",TRUE,"ascend","90",0.05,3,1,0.973544973544973,0.986772486772487,0.909090909090909,15,2,0.381247622272987,0.534282335331513,0,0,0.809215068817139,"ok","-","2026-09-05 21:30:00"
"gaussian_d3","gaussian",3,199,10,77,9177,"stat_median","median",TRUE,"ascend","90",0.05,3,1,0.978835978835979,0.989417989417989,0.925925925925926,14,2,0.467738188848018,0.504285964091347,0,0,0.83725905418396,"ok","-","2026-09-05 21:30:01"
"gaussian_d3","gaussian",3,199,10,78,9178,"stat_median","median",TRUE,"ascend","90",0.05,3,1,0.978835978835979,0.989417989417989,0.925925925925926,14,2,0.42206163882943,0.476709309737971,0,0,0.76023006439209,"ok","-","2026-09-05 21:30:02"
"gaussian_d3","gaussian",3,199,10,79,9179,"stat_median","median",TRUE,"ascend","90",0.05,3,1,0.957671957671958,0.978835978835979,0.862068965517241,18,2,0.478608609629542,0.538519699116225,0,0,0.742202043533325,"ok","-","2026-09-05 21:30:03"
"gaussian_d3","gaussian",3,199,10,80,9180,"stat_median","median",TRUE,"ascend","90",0.05,3,1,0.984126984126984,0.992063492063492,0.943396226415094,13,2,0.44848317923396,0.524115090835531,0,0,0.517683029174805,"ok","-","2026-09-05 21:30:03"
"gaussian_d3","gaussian",3,199,10,81,9181,"stat_median","median",TRUE,"ascend","90",0.05,3,1,0.989417989417989,0.994708994708995,0.961538461538461,12,2,0.501501881569835,0.433526314532784,0,0,1.07514405250549,"ok","-","2026-09-05 21:30:04"
"gaussian_d3","gaussian",3,199,10,82,9182,"stat_median","median",TRUE,"ascend","90",0.05,3,1,0.984126984126984,0.992063492063492,0.943396226415094,13,2,0.531735563223832,0.516865090520159,0,0,0.492492914199829,"ok","-","2026-09-05 21:30:05"
"gaussian_d3","gaussian",3,199,10,83,9183,"stat_median","median",TRUE,"ascend","90",0.05,3,1,0.973544973544973,0.986772486772487,0.909090909090909,15,2,0.445618930773265,0.481280016064054,0,0,0.821019887924194,"ok","-","2026-09-05 21:30:06"
"gaussian_d3","gaussian",3,199,10,84,9184,"stat_median","median",TRUE,"ascend","90",0.05,3,1,0.920634920634921,0.96031746031746,0.769230769230769,25,2,0.352945217936371,0.456516904269356,0,0,0.675459861755371,"ok","-","2026-09-05 21:30:06"
"gaussian_d3","gaussian",3,199,10,85,9185,"stat_median","median",TRUE,"ascend","90",0.05,3,1,0.962962962962963,0.981481481481481,0.87719298245614,17,2,0.333988209342646,0.359549491243605,0,0,0.589543104171753,"ok","-","2026-09-05 21:30:07"
"gaussian_d3","gaussian",3,199,10,86,9186,"stat_median","median",TRUE,"ascend","90",0.05,3,1,0.989417989417989,0.994708994708995,0.961538461538461,12,2,0.468676664154968,0.516061141748726,0,0,0.573090076446533,"ok","-","2026-09-05 21:30:08"
"gaussian_d3","gaussian",3,199,10,87,9187,"stat_median","median",TRUE,"ascend","90",0.05,3,1,0.994708994708995,0.997354497354497,0.980392156862745,11,2,0.539897821184088,0.487604967343021,0,0,0.534045934677124,"ok","-","2026-09-05 21:30:08"
"gaussian_d3","gaussian",3,199,10,88,9188,"stat_median","median",TRUE,"ascend","90",0.05,3,1,0.984126984126984,0.992063492063492,0.943396226415094,13,2,0.460492685006842,0.541769618385807,0,0,0.789134979248047,"ok","-","2026-09-05 21:30:09"
"gaussian_d3","gaussian",3,199,10,89,9189,"stat_median","median",TRUE,"ascend","90",0.05,3,1,0.894179894179894,0.947089947089947,0.714285714285714,30,2,0.388068205947257,0.490728600542381,0,0,0.455212116241455,"ok","-","2026-09-05 21:30:10"
"gaussian_d3","gaussian",3,199,10,90,9190,"stat_median","median",TRUE,"ascend","90",0.05,3,1,0.989417989417989,0.994708994708995,0.961538461538461,12,2,0.38311688416771,0.637501913789658,0,0,0.771446943283081,"ok","-","2026-09-05 21:30:10"
"gaussian_d3","gaussian",3,199,10,91,9191,"stat_median","median",TRUE,"ascend","90",0.05,3,1,0.994708994708995,0.997354497354497,0.980392156862745,11,2,0.458158166858819,0.510489210478524,0,0,0.693273067474365,"ok","-","2026-09-05 21:30:11"
"gaussian_d3","gaussian",3,199,10,92,9192,"stat_median","median",TRUE,"ascend","90",0.05,3,1,0.984126984126984,0.992063492063492,0.943396226415094,13,2,0.458348188074973,0.456142284113068,0,0,0.544947862625122,"ok","-","2026-09-05 21:30:12"
"gaussian_d3","gaussian",3,199,10,93,9193,"stat_median","median",TRUE,"ascend","90",0.05,3,1,0.978835978835979,0.989417989417989,0.925925925925926,14,2,0.431890887200906,0.506951710562064,0,0,0.762119054794312,"ok","-","2026-09-05 21:30:12"
"gaussian_d3","gaussian",3,199,10,94,9194,"stat_median","median",TRUE,"ascend","90",0.05,3,1,0.984126984126984,0.992063492063492,0.943396226415094,13,2,0.507683480692795,0.608898186491363,0,0,0.812069892883301,"ok","-","2026-09-05 21:30:13"
"gaussian_d3","gaussian",3,199,10,95,9195,"stat_median","median",TRUE,"ascend","90",0.05,3,1,0.978835978835979,0.989417989417989,0.925925925925926,14,2,0.397153816586469,0.534248448277557,0,0,0.509964942932129,"ok","-","2026-09-05 21:30:14"
"gaussian_d3","gaussian",3,199,10,96,9196,"stat_median","median",TRUE,"ascend","90",0.05,3,1,0.978835978835979,0.989417989417989,0.925925925925926,14,2,0.438230071134851,0.504847229842235,0,0,0.507755041122437,"ok","-","2026-09-05 21:30:14"
"gaussian_d3","gaussian",3,199,10,97,9197,"stat_median","median",TRUE,"ascend","90",0.05,3,1,0.984126984126984,0.992063492063492,0.943396226415094,13,2,0.497407391096375,0.406212625377636,0,0,0.482518911361694,"ok","-","2026-09-05 21:30:15"
"gaussian_d3","gaussian",3,199,10,98,9198,"stat_median","median",TRUE,"ascend","90",0.05,3,1,0.984126984126984,0.992063492063492,0.943396226415094,13,2,0.434870855789996,0.483894039052008,0,0,0.696186065673828,"ok","-","2026-09-05 21:30:16"
"gaussian_d3","gaussian",3,199,10,99,9199,"stat_median","median",TRUE,"ascend","90",0.05,3,1,0.978835978835979,0.989417989417989,0.925925925925926,14,2,0.442594937392813,0.659121741056951,0,0,0.506035089492798,"ok","-","2026-09-05 21:30:16"
"gaussian_d3","gaussian",3,199,10,100,9200,"stat_median","median",TRUE,"ascend","90",0.05,3,1,0.947089947089947,0.973544973544973,0.833333333333333,20,2,0.475185339166836,0.550123744199672,0,0,0.637846946716309,"ok","-","2026-09-05 21:30:17"
"gaussian_d3","gaussian",3,199,10,2,9102,"centre_off","both",FALSE,"ascend","90",0.05,3,1,0.978835978835979,0.989417989417989,0.925925925925926,14,2,0.437319511271492,0.456908250299258,0,0,0.498733997344971,"ok","-","2026-09-05 21:30:17"
"gaussian_d3","gaussian",3,199,10,3,9103,"centre_off","both",FALSE,"ascend","90",0.05,3,1,0.947089947089947,0.973544973544973,0.833333333333333,20,2,0.391889416796824,0.401394897353947,0,0,0.651751041412354,"ok","-","2026-09-05 21:30:18"
"gaussian_d3","gaussian",3,199,10,4,9104,"centre_off","both",FALSE,"ascend","90",0.05,3,1,0.973544973544973,0.986772486772487,0.909090909090909,15,2,0.473257354611136,0.559159720027403,0,0,0.579674005508423,"ok","-","2026-09-05 21:30:19"
"gaussian_d3","gaussian",3,199,10,5,9105,"centre_off","both",FALSE,"ascend","90",0.05,3,1,0.873015873015873,0.936507936507937,0.675675675675676,34,2,0.480866539431008,0.562394371125522,0,0,0.472708940505981,"ok","-","2026-09-05 21:30:19"
"gaussian_d3","gaussian",3,199,10,6,9106,"centre_off","both",FALSE,"ascend","90",0.05,3,1,0.899470899470899,0.94973544973545,0.72463768115942,29,2,0.383954920154354,0.574930301534887,0,0,0.362213134765625,"ok","-","2026-09-05 21:30:20"
"gaussian_d3","gaussian",3,199,10,7,9107,"centre_off","both",FALSE,"ascend","90",0.05,3,1,0.873015873015873,0.936507936507937,0.675675675675676,34,2,0.331240144707112,0.485030405838884,0,0,0.228978157043457,"ok","-","2026-09-05 21:30:20"
"gaussian_d3","gaussian",3,199,10,8,9108,"centre_off","both",FALSE,"ascend","90",0.05,3,1,0.957671957671958,0.978835978835979,0.862068965517241,18,2,0.40088953090302,0.38933839582065,0,0,0.533688068389893,"ok","-","2026-09-05 21:30:20"
"gaussian_d3","gaussian",3,199,10,9,9109,"centre_off","both",FALSE,"ascend","90",0.05,3,1,0.978835978835979,0.989417989417989,0.925925925925926,14,2,0.346090492346706,0.468944239691291,0,0,0.345679998397827,"ok","-","2026-09-05 21:30:21"
"gaussian_d3","gaussian",3,199,10,10,9110,"centre_off","both",FALSE,"ascend","90",0.05,3,1,0.984126984126984,0.992063492063492,0.943396226415094,13,2,0.535903249307878,0.475729652350481,0,0,0.966027021408081,"ok","-","2026-09-05 21:30:22"
"gaussian_d3","gaussian",3,199,10,11,9111,"centre_off","both",FALSE,"ascend","90",0.05,3,1,0.941798941798942,0.970899470899471,0.819672131147541,21,2,0.388063966239167,0.4372724880584,0,0,0.493018865585327,"ok","-","2026-09-05 21:30:22"
"gaussian_d3","gaussian",3,199,10,12,9112,"centre_off","both",FALSE,"ascend","90",0.05,3,1,0.952380952380952,0.976190476190476,0.847457627118644,19,2,0.35570798708758,0.419035344402587,0,0,0.805658102035522,"ok","-","2026-09-05 21:30:23"
"gaussian_d3","gaussian",3,199,10,13,9113,"centre_off","both",FALSE,"ascend","90",0.05,3,1,0.931216931216931,0.965608465608466,0.793650793650793,23,2,0.396812269154623,0.600497058350105,0,0,0.528880834579468,"ok","-","2026-09-05 21:30:24"
"gaussian_d3","gaussian",3,199,10,14,9114,"centre_off","both",FALSE,"ascend","90",0.05,3,1,0.925925925925926,0.962962962962963,0.78125,24,2,0.33689575646757,0.477195045792092,0,0,0.484663963317871,"ok","-","2026-09-05 21:30:24"
"gaussian_d3","gaussian",3,199,10,15,9115,"centre_off","both",FALSE,"ascend","90",0.05,3,1,0.994708994708995,0.997354497354497,0.980392156862745,11,2,0.367194679175425,0.579443948107082,0,0,0.552762985229492,"ok","-","2026-09-05 21:30:25"
"gaussian_d3","gaussian",3,199,10,16,9116,"centre_off","both",FALSE,"ascend","90",0.05,3,1,0.936507936507937,0.968253968253968,0.806451612903226,22,2,0.40542636459553,0.299599483187586,0,0,0.74976110458374,"ok","-","2026-09-05 21:30:25"
"gaussian_d3","gaussian",3,199,10,17,9117,"centre_off","both",FALSE,"ascend","90",0.05,3,1,0.91005291005291,0.955026455026455,0.746268656716418,27,2,0.353774601863431,0.549018170074929,0,0,0.343463182449341,"ok","-","2026-09-05 21:30:26"
"gaussian_d3","gaussian",3,199,10,18,9118,"centre_off","both",FALSE,"ascend","90",0.05,3,1,0.931216931216931,0.965608465608466,0.793650793650793,23,2,0.397200950620338,0.469630555682661,0,0,0.612022161483765,"ok","-","2026-09-05 21:30:26"
"gaussian_d3","gaussian",3,199,10,19,9119,"centre_off","both",FALSE,"ascend","90",0.05,3,1,0.941798941798942,0.970899470899471,0.819672131147541,21,2,0.380520764695549,0.529401432859541,0,0,0.704738855361938,"ok","-","2026-09-05 21:30:27"
"gaussian_d3","gaussian",3,199,10,20,9120,"centre_off","both",FALSE,"ascend","90",0.05,3,1,0.962962962962963,0.981481481481481,0.87719298245614,17,2,0.554292672124043,0.455156521992788,0,0,0.709149122238159,"ok","-","2026-09-05 21:30:28"
"gaussian_d3","gaussian",3,199,10,21,9121,"centre_off","both",FALSE,"ascend","90",0.05,3,1,0.925925925925926,0.962962962962963,0.78125,24,2,0.387950434399772,0.511984237628381,0,0,0.500240802764893,"ok","-","2026-09-05 21:30:28"
"gaussian_d3","gaussian",3,199,10,22,9122,"centre_off","both",FALSE,"ascend","90",0.05,3,1,0.952380952380952,0.976190476190476,0.847457627118644,19,2,0.416703251960189,0.557348518962554,0,0,0.857025146484375,"ok","-","2026-09-05 21:30:29"
"gaussian_d3","gaussian",3,199,10,23,9123,"centre_off","both",FALSE,"ascend","90",0.05,3,1,0.862433862433862,0.931216931216931,0.657894736842105,36,2,0.415036380997395,0.530797973243412,0,0,0.317234992980957,"ok","-","2026-09-05 21:30:30"
"gaussian_d3","gaussian",3,199,10,24,9124,"centre_off","both",FALSE,"ascend","90",0.05,3,1,0.968253968253968,0.984126984126984,0.892857142857143,16,2,0.36174483885847,0.436611309836312,0,0,0.489740133285522,"ok","-","2026-09-05 21:30:30"
"gaussian_d3","gaussian",3,199,10,25,9125,"centre_off","both",FALSE,"ascend","90",0.05,3,1,0.984126984126984,0.992063492063492,0.943396226415094,13,2,0.351276127792814,0.432479015102687,0,0,1.02046895027161,"ok","-","2026-09-05 21:30:31"
"gaussian_d3","gaussian",3,199,10,26,9126,"centre_off","both",FALSE,"ascend","90",0.05,3,1,0.989417989417989,0.994708994708995,0.961538461538461,12,2,0.428014612639962,0.547404395768103,0,0,0.455766916275024,"ok","-","2026-09-05 21:30:32"
"gaussian_d3","gaussian",3,199,10,27,9127,"centre_off","both",FALSE,"ascend","90",0.05,3,1,0.978835978835979,0.989417989417989,0.925925925925926,14,2,0.428647502894313,0.530693876313834,0,0,0.61254096031189,"ok","-","2026-09-05 21:30:32"
"gaussian_d3","gaussian",3,199,10,28,9128,"centre_off","both",FALSE,"ascend","90",0.05,3,1,0.888888888888889,0.944444444444444,0.704225352112676,31,2,0.364493393379423,0.534895115395287,0,0,0.602635860443115,"ok","-","2026-09-05 21:30:33"
"gaussian_d3","gaussian",3,199,10,29,9129,"centre_off","both",FALSE,"ascend","90",0.05,3,1,0.952380952380952,0.976190476190476,0.847457627118644,19,2,0.421901872158499,0.490578862480137,0,0,0.480981826782227,"ok","-","2026-09-05 21:30:34"
"gaussian_d3","gaussian",3,199,10,30,9130,"centre_off","both",FALSE,"ascend","90",0.05,3,1,0.973544973544973,0.986772486772487,0.909090909090909,15,2,0.498044074468955,0.478522285203317,0,0,0.849550008773804,"ok","-","2026-09-05 21:30:34"
"gaussian_d3","gaussian",3,199,10,31,9131,"centre_off","both",FALSE,"ascend","90",0.05,3,1,0.947089947089947,0.973544973544973,0.833333333333333,20,2,0.38375471431086,0.424424631250797,0,0,0.611597061157227,"ok","-","2026-09-05 21:30:35"
"gaussian_d3","gaussian",3,199,10,32,9132,"centre_off","both",FALSE,"ascend","90",0.05,3,1,0.925925925925926,0.962962962962963,0.78125,24,2,0.412040319154394,0.527962787004481,0,0,0.623008012771606,"ok","-","2026-09-05 21:30:36"
"gaussian_d3","gaussian",3,199,10,33,9133,"centre_off","both",FALSE,"ascend","90",0.05,3,1,0.973544973544973,0.986772486772487,0.909090909090909,15,2,0.446704048447951,0.408334950696005,0,0,0.312138080596924,"ok","-","2026-09-05 21:30:36"
"gaussian_d3","gaussian",3,199,10,34,9134,"centre_off","both",FALSE,"ascend","90",0.05,3,1,0.978835978835979,0.989417989417989,0.925925925925926,14,2,0.410627206710182,0.637641272069686,0,0,0.567360162734985,"ok","-","2026-09-05 21:30:37"
"gaussian_d3","gaussian",3,199,10,35,9135,"centre_off","both",FALSE,"ascend","90",0.05,3,1,0.931216931216931,0.965608465608466,0.793650793650793,23,2,0.384413924095415,0.488450797992573,0,0,0.80485987663269,"ok","-","2026-09-05 21:30:37"
"gaussian_d3","gaussian",3,199,10,36,9136,"centre_off","both",FALSE,"ascend","90",0.05,3,1,0.962962962962963,0.981481481481481,0.87719298245614,17,2,0.360018016089242,0.442104421129064,0,0,0.416800022125244,"ok","-","2026-09-05 21:30:38"
"gaussian_d3","gaussian",3,199,10,37,9137,"centre_off","both",FALSE,"ascend","90",0.05,3,1,0.952380952380952,0.976190476190476,0.847457627118644,19,2,0.497334138675699,0.571873248608578,0,0,0.578638076782227,"ok","-","2026-09-05 21:30:39"
"gaussian_d3","gaussian",3,199,10,38,9138,"centre_off","both",FALSE,"ascend","90",0.05,3,1,0.941798941798942,0.970899470899471,0.819672131147541,21,2,0.431786424643919,0.491842532815396,0,0,0.591484069824219,"ok","-","2026-09-05 21:30:39"
"gaussian_d3","gaussian",3,199,10,39,9139,"centre_off","both",FALSE,"ascend","90",0.05,3,1,0.989417989417989,0.994708994708995,0.961538461538461,12,2,0.319026065164099,0.48340979958068,0,0,0.795044898986816,"ok","-","2026-09-05 21:30:40"
"gaussian_d3","gaussian",3,199,10,40,9140,"centre_off","both",FALSE,"ascend","90",0.05,3,1,0.941798941798942,0.970899470899471,0.819672131147541,21,2,0.368988209023372,0.286245376836055,0,0,0.60493803024292,"ok","-","2026-09-05 21:30:41"
"gaussian_d3","gaussian",3,199,10,41,9141,"centre_off","both",FALSE,"ascend","90",0.05,3,1,0.894179894179894,0.947089947089947,0.714285714285714,30,2,0.468260532938353,0.662381289058076,0,0,0.384245872497559,"ok","-","2026-09-05 21:30:41"
"gaussian_d3","gaussian",3,199,10,42,9142,"centre_off","both",FALSE,"ascend","90",0.05,3,1,0.894179894179894,0.947089947089947,0.714285714285714,30,2,0.284463941343015,0.509218891277578,0,0,0.371626138687134,"ok","-","2026-09-05 21:30:41"
"gaussian_d3","gaussian",3,199,10,43,9143,"centre_off","both",FALSE,"ascend","90",0.05,3,1,0.978835978835979,0.989417989417989,0.925925925925926,14,2,0.308393334824787,0.493238644185815,0,0,0.380154848098755,"ok","-","2026-09-05 21:30:42"
"gaussian_d3","gaussian",3,199,10,44,9144,"centre_off","both",FALSE,"ascend","90",0.05,3,1,0.925925925925926,0.962962962962963,0.78125,24,2,0.437678685307937,0.447627194981402,0,0,0.672682046890259,"ok","-","2026-09-05 21:30:43"
"gaussian_d3","gaussian",3,199,10,45,9145,"centre_off","both",FALSE,"ascend","90",0.05,3,1,0.941798941798942,0.970899470899471,0.819672131147541,21,2,0.402644289085219,0.628390729719923,0,0,0.341034889221191,"ok","-","2026-09-05 21:30:43"
"gaussian_d3","gaussian",3,199,10,46,9146,"centre_off","both",FALSE,"ascend","90",0.05,3,1,0.968253968253968,0.984126984126984,0.892857142857143,16,2,0.418656899851176,0.618609253592956,0,0,0.609801054000854,"ok","-","2026-09-05 21:30:44"
"gaussian_d3","gaussian",3,199,10,47,9147,"centre_off","both",FALSE,"ascend","90",0.05,3,1,0.952380952380952,0.976190476190476,0.847457627118644,19,2,0.341196692194598,0.620753840319625,0,0,0.299549102783203,"ok","-","2026-09-05 21:30:44"
"gaussian_d3","gaussian",3,199,10,48,9148,"centre_off","both",FALSE,"ascend","90",0.05,3,1,0.978835978835979,0.989417989417989,0.925925925925926,14,2,0.370982509374374,0.545748102545167,0,0,0.700057983398438,"ok","-","2026-09-05 21:30:45"
"gaussian_d3","gaussian",3,199,10,49,9149,"centre_off","both",FALSE,"ascend","90",0.05,3,1,0.957671957671958,0.978835978835979,0.862068965517241,18,2,0.382869136070648,0.447609826547471,0,0,0.640789985656738,"ok","-","2026-09-05 21:30:45"
"gaussian_d3","gaussian",3,199,10,50,9150,"centre_off","both",FALSE,"ascend","90",0.05,3,1,0.984126984126984,0.992063492063492,0.943396226415094,13,2,0.384286043180123,0.458181811555442,0,0,0.57204794883728,"ok","-","2026-09-05 21:30:46"
"gaussian_d3","gaussian",3,199,10,51,9151,"centre_off","both",FALSE,"ascend","90",0.05,3,1,0.968253968253968,0.984126984126984,0.892857142857143,16,2,0.433150995945179,0.393990211014725,0,0,0.572530031204224,"ok","-","2026-09-05 21:30:46"
"gaussian_d3","gaussian",3,199,10,52,9152,"centre_off","both",FALSE,"ascend","90",0.05,3,1,0.968253968253968,0.984126984126984,0.892857142857143,16,2,0.472625969438086,0.438877995860773,0,0,0.501224994659424,"ok","-","2026-09-05 21:30:47"
"gaussian_d3","gaussian",3,199,10,53,9153,"centre_off","both",FALSE,"ascend","90",0.05,3,1,0.989417989417989,0.994708994708995,0.961538461538461,12,2,0.467005076255276,0.460483651082149,0,0,0.553678035736084,"ok","-","2026-09-05 21:30:48"
"gaussian_d3","gaussian",3,199,10,54,9154,"centre_off","both",FALSE,"ascend","90",0.05,3,1,0.989417989417989,0.994708994708995,0.961538461538461,12,2,0.361296977893196,0.558519336687433,0,0,0.503188848495483,"ok","-","2026-09-05 21:30:48"
"gaussian_d3","gaussian",3,199,10,55,9155,"centre_off","both",FALSE,"ascend","90",0.05,3,1,0.862433862433862,0.931216931216931,0.657894736842105,36,2,0.406323525115656,0.550138110050944,0,0,0.66599702835083,"ok","-","2026-09-05 21:30:49"
"gaussian_d3","gaussian",3,199,10,56,9156,"centre_off","both",FALSE,"ascend","90",0.05,3,1,0.947089947089947,0.973544973544973,0.833333333333333,20,2,0.448863552748319,0.562482235867768,0,0,0.500226020812988,"ok","-","2026-09-05 21:30:49"
"gaussian_d3","gaussian",3,199,10,57,9157,"centre_off","both",FALSE,"ascend","90",0.05,3,1,0.952380952380952,0.976190476190476,0.847457627118644,19,2,0.445796683958022,0.547410059940384,0,0,0.458749055862427,"ok","-","2026-09-05 21:30:50"
"gaussian_d3","gaussian",3,199,10,58,9158,"centre_off","both",FALSE,"ascend","90",0.05,3,1,0.968253968253968,0.984126984126984,0.892857142857143,16,2,0.401205483302156,0.666827855865188,0,0,0.757426977157593,"ok","-","2026-09-05 21:30:51"
"gaussian_d3","gaussian",3,199,10,59,9159,"centre_off","both",FALSE,"ascend","90",0.05,3,1,0.989417989417989,0.994708994708995,0.961538461538461,12,2,0.554404077233823,0.480547957246711,0,0,0.829545974731445,"ok","-","2026-09-05 21:30:51"
"gaussian_d3","gaussian",3,199,10,60,9160,"centre_off","both",FALSE,"ascend","90",0.05,3,1,1,1,1,10,2,0.35285633302843,0.387335393473626,0,0,0.472537994384766,"ok","-","2026-09-05 21:30:52"
"gaussian_d3","gaussian",3,199,10,61,9161,"centre_off","both",FALSE,"ascend","90",0.05,3,1,0.899470899470899,0.94973544973545,0.72463768115942,29,2,0.419421725983394,0.484373428987107,0,0,0.425043821334839,"ok","-","2026-09-05 21:30:52"
"gaussian_d3","gaussian",3,199,10,62,9162,"centre_off","both",FALSE,"ascend","90",0.05,3,1,0.973544973544973,0.986772486772487,0.909090909090909,15,2,0.379030670302248,0.490098133284749,0,0,0.36851692199707,"ok","-","2026-09-05 21:30:53"
"gaussian_d3","gaussian",3,199,10,63,9163,"centre_off","both",FALSE,"ascend","90",0.05,3,1,0.936507936507937,0.968253968253968,0.806451612903226,22,2,0.417439759146381,0.430048125663922,0,0,0.829664945602417,"ok","-","2026-09-05 21:30:54"
"gaussian_d3","gaussian",3,199,10,64,9164,"centre_off","both",FALSE,"ascend","90",0.05,3,1,0.904761904761905,0.952380952380952,0.735294117647059,28,2,0.364942311942716,0.570410301788314,0,0,0.408745050430298,"ok","-","2026-09-05 21:30:54"
"gaussian_d3","gaussian",3,199,10,65,9165,"centre_off","both",FALSE,"ascend","90",0.05,3,1,0.947089947089947,0.973544973544973,0.833333333333333,20,2,0.386989303628809,0.565041581002746,0,0,0.42165207862854,"ok","-","2026-09-05 21:30:55"
"gaussian_d3","gaussian",3,199,10,66,9166,"centre_off","both",FALSE,"ascend","90",0.05,3,1,0.978835978835979,0.989417989417989,0.925925925925926,14,2,0.399156840816598,0.536091216412289,0,0,0.629398107528687,"ok","-","2026-09-05 21:30:55"
"gaussian_d3","gaussian",3,199,10,67,9167,"centre_off","both",FALSE,"ascend","90",0.05,3,1,0.984126984126984,0.992063492063492,0.943396226415094,13,2,0.468696533542134,0.498487999094573,0,0,0.628963947296143,"ok","-","2026-09-05 21:30:56"
"gaussian_d3","gaussian",3,199,10,68,9168,"centre_off","both",FALSE,"ascend","90",0.05,3,1,0.952380952380952,0.976190476190476,0.847457627118644,19,2,0.350405411020136,0.452730648901792,0,0,0.432440042495728,"ok","-","2026-09-05 21:30:56"
"gaussian_d3","gaussian",3,199,10,69,9169,"centre_off","both",FALSE,"ascend","90",0.05,3,1,0.904761904761905,0.952380952380952,0.735294117647059,28,2,0.42675870683711,0.523195666704042,0,0,0.501214027404785,"ok","-","2026-09-05 21:30:57"
"gaussian_d3","gaussian",3,199,10,70,9170,"centre_off","both",FALSE,"ascend","90",0.05,3,1,0.931216931216931,0.965608465608466,0.793650793650793,23,2,0.34935111388571,0.428569583350914,0,0,0.665283918380737,"ok","-","2026-09-05 21:30:58"
"gaussian_d3","gaussian",3,199,10,71,9171,"centre_off","both",FALSE,"ascend","90",0.05,3,1,0.931216931216931,0.965608465608466,0.793650793650793,23,2,0.383529078456448,0.455500575736584,0,0,0.387926816940308,"ok","-","2026-09-05 21:30:58"
"gaussian_d3","gaussian",3,199,10,72,9172,"centre_off","both",FALSE,"ascend","90",0.05,3,1,0.968253968253968,0.984126984126984,0.892857142857143,16,2,0.470917169176264,0.610019689545499,0,0,0.592409133911133,"ok","-","2026-09-05 21:30:59"
"gaussian_d3","gaussian",3,199,10,73,9173,"centre_off","both",FALSE,"ascend","90",0.05,3,1,0.936507936507937,0.968253968253968,0.806451612903226,22,2,0.410342661716675,0.524641303242703,0,0,0.4704749584198,"ok","-","2026-09-05 21:30:59"
"gaussian_d3","gaussian",3,199,10,74,9174,"centre_off","both",FALSE,"ascend","90",0.05,3,1,0.952380952380952,0.976190476190476,0.847457627118644,19,2,0.340532281191635,0.418938060570801,0,0,0.746495962142944,"ok","-","2026-09-05 21:31:00"
"gaussian_d3","gaussian",3,199,10,75,9175,"centre_off","both",FALSE,"ascend","90",0.05,3,1,0.857142857142857,0.928571428571429,0.649350649350649,37,2,0.464415981484691,0.429338633729201,0,0,0.542114973068237,"ok","-","2026-09-05 21:31:00"
"gaussian_d3","gaussian",3,199,10,76,9176,"centre_off","both",FALSE,"ascend","90",0.05,3,1,0.968253968253968,0.984126984126984,0.892857142857143,16,2,0.306140883122258,0.450171497403474,0,0,0.462234020233154,"ok","-","2026-09-05 21:31:01"
"gaussian_d3","gaussian",3,199,10,77,9177,"centre_off","both",FALSE,"ascend","90",0.05,3,1,0.962962962962963,0.981481481481481,0.87719298245614,17,2,0.424009518525669,0.508228946795142,0,0,0.49211311340332,"ok","-","2026-09-05 21:31:02"
"gaussian_d3","gaussian",3,199,10,78,9178,"centre_off","both",FALSE,"ascend","90",0.05,3,1,0.978835978835979,0.989417989417989,0.925925925925926,14,2,0.413062449651804,0.512344175903404,0,0,0.764793157577515,"ok","-","2026-09-05 21:31:02"
"gaussian_d3","gaussian",3,199,10,79,9179,"centre_off","both",FALSE,"ascend","90",0.05,3,1,0.936507936507937,0.968253968253968,0.806451612903226,22,2,0.449467119534139,0.546769330547833,0,0,0.623963832855225,"ok","-","2026-09-05 21:31:03"
"gaussian_d3","gaussian",3,199,10,80,9180,"centre_off","both",FALSE,"ascend","90",0.05,3,1,0.931216931216931,0.965608465608466,0.793650793650793,23,2,0.417637208638368,0.552367005340367,0,0,0.425650119781494,"ok","-","2026-09-05 21:31:03"
"gaussian_d3","gaussian",3,199,10,81,9181,"centre_off","both",FALSE,"ascend","90",0.05,3,1,0.984126984126984,0.992063492063492,0.943396226415094,13,2,0.495263237778813,0.436017739384452,0,0,0.982240915298462,"ok","-","2026-09-05 21:31:04"
"gaussian_d3","gaussian",3,199,10,82,9182,"centre_off","both",FALSE,"ascend","90",0.05,3,1,0.952380952380952,0.976190476190476,0.847457627118644,19,2,0.475386789834698,0.492830575950057,0,0,0.887870073318481,"ok","-","2026-09-05 21:31:05"
"gaussian_d3","gaussian",3,199,10,83,9183,"centre_off","both",FALSE,"ascend","90",0.05,3,1,0.962962962962963,0.981481481481481,0.87719298245614,17,2,0.392177947429463,0.455019411659407,0,0,0.588289022445679,"ok","-","2026-09-05 21:31:06"
"gaussian_d3","gaussian",3,199,10,84,9184,"centre_off","both",FALSE,"ascend","90",0.05,3,1,0.899470899470899,0.94973544973545,0.72463768115942,29,2,0.336781143025944,0.528436131003112,0,0,0.397910118103027,"ok","-","2026-09-05 21:31:06"
"gaussian_d3","gaussian",3,199,10,85,9185,"centre_off","both",FALSE,"ascend","90",0.05,3,1,0.957671957671958,0.978835978835979,0.862068965517241,18,2,0.299297387527767,0.367554441714281,0,0,0.440157175064087,"ok","-","2026-09-05 21:31:07"
"gaussian_d3","gaussian",3,199,10,86,9186,"centre_off","both",FALSE,"ascend","90",0.05,3,1,0.984126984126984,0.992063492063492,0.943396226415094,13,2,0.392029713729986,0.467498470049918,0,0,0.446311950683594,"ok","-","2026-09-05 21:31:07"
"gaussian_d3","gaussian",3,199,10,87,9187,"centre_off","both",FALSE,"ascend","90",0.05,3,1,0.968253968253968,0.984126984126984,0.892857142857143,16,2,0.480284685011109,0.475659664071171,0,0,0.630989074707031,"ok","-","2026-09-05 21:31:08"
"gaussian_d3","gaussian",3,199,10,88,9188,"centre_off","both",FALSE,"ascend","90",0.05,3,1,0.952380952380952,0.976190476190476,0.847457627118644,19,2,0.412178521034421,0.540709302593321,0,0,0.585070848464966,"ok","-","2026-09-05 21:31:09"
"gaussian_d3","gaussian",3,199,10,89,9189,"centre_off","both",FALSE,"ascend","90",0.05,3,1,0.888888888888889,0.944444444444444,0.704225352112676,31,2,0.345846807996376,0.493556207288113,0,0,0.30102801322937,"ok","-","2026-09-05 21:31:09"
"gaussian_d3","gaussian",3,199,10,90,9190,"centre_off","both",FALSE,"ascend","90",0.05,3,1,0.978835978835979,0.989417989417989,0.925925925925926,14,2,0.361501849909152,0.633297832458673,0,0,0.923484086990356,"ok","-","2026-09-05 21:31:10"
"gaussian_d3","gaussian",3,199,10,91,9191,"centre_off","both",FALSE,"ascend","90",0.05,3,1,0.994708994708995,0.997354497354497,0.980392156862745,11,2,0.428108590668439,0.528620446194365,0,0,0.507930040359497,"ok","-","2026-09-05 21:31:10"
"gaussian_d3","gaussian",3,199,10,92,9192,"centre_off","both",FALSE,"ascend","90",0.05,3,1,1,1,1,10,2,0.384767977660454,0.414188210701907,0,0,0.612991809844971,"ok","-","2026-09-05 21:31:11"
"gaussian_d3","gaussian",3,199,10,93,9193,"centre_off","both",FALSE,"ascend","90",0.05,3,1,0.957671957671958,0.978835978835979,0.862068965517241,18,2,0.407249325828071,0.511464083122343,0,0,0.427980899810791,"ok","-","2026-09-05 21:31:12"
"gaussian_d3","gaussian",3,199,10,94,9194,"centre_off","both",FALSE,"ascend","90",0.05,3,1,0.962962962962963,0.981481481481481,0.87719298245614,17,2,0.439203584896854,0.542076366810321,0,0,0.656384944915771,"ok","-","2026-09-05 21:31:12"
"gaussian_d3","gaussian",3,199,10,95,9195,"centre_off","both",FALSE,"ascend","90",0.05,3,1,0.989417989417989,0.994708994708995,0.961538461538461,12,2,0.374119446533457,0.535747519918116,0,0,0.49000096321106,"ok","-","2026-09-05 21:31:13"
"gaussian_d3","gaussian",3,199,10,96,9196,"centre_off","both",FALSE,"ascend","90",0.05,3,1,0.978835978835979,0.989417989417989,0.925925925925926,14,2,0.405587140996573,0.51707589836991,0,0,0.452239036560059,"ok","-","2026-09-05 21:31:13"
"gaussian_d3","gaussian",3,199,10,97,9197,"centre_off","both",FALSE,"ascend","90",0.05,3,1,0.936507936507937,0.968253968253968,0.806451612903226,22,2,0.466052086338552,0.442997109493103,0,0,0.875600099563599,"ok","-","2026-09-05 21:31:14"
"gaussian_d3","gaussian",3,199,10,98,9198,"centre_off","both",FALSE,"ascend","90",0.05,3,1,0.952380952380952,0.976190476190476,0.847457627118644,19,2,0.417350486469382,0.505676440811651,0,0,0.42773699760437,"ok","-","2026-09-05 21:31:15"
"gaussian_d3","gaussian",3,199,10,99,9199,"centre_off","both",FALSE,"ascend","90",0.05,3,1,0.947089947089947,0.973544973544973,0.833333333333333,20,2,0.394699670133805,0.666729667043463,0,0,0.386029958724976,"ok","-","2026-09-05 21:31:15"
"gaussian_d3","gaussian",3,199,10,100,9200,"centre_off","both",FALSE,"ascend","90",0.05,3,1,0.941798941798942,0.970899470899471,0.819672131147541,21,2,0.406432036883936,0.455045133950981,0,0,0.586383819580078,"ok","-","2026-09-05 21:31:16"
"gaussian_d3","gaussian",3,199,10,2,9102,"direction_descend","both",TRUE,"descend","90",0.05,3,1,1,1,1,10,2,0.496600036213425,0.385856687234104,0,0,10.2677118778229,"ok","-","2026-09-05 21:31:26"
"gaussian_d3","gaussian",3,199,10,3,9103,"direction_descend","both",TRUE,"descend","90",0.05,3,1,0.984126984126984,0.992063492063492,0.943396226415094,13,2,0.444253061182853,0.345960480856217,0,0,9.84224891662598,"ok","-","2026-09-05 21:31:36"
"gaussian_d3","gaussian",3,199,10,4,9104,"direction_descend","both",TRUE,"descend","90",0.05,3,1,0.984126984126984,0.992063492063492,0.943396226415094,13,2,0.557038203250578,0.389288495429072,0,0,10.2577309608459,"ok","-","2026-09-05 21:31:46"
"gaussian_d3","gaussian",3,199,10,5,9105,"direction_descend","both",TRUE,"descend","90",0.05,3,1,0.989417989417989,0.994708994708995,0.961538461538461,12,2,0.540377488670205,0.31576695616937,0,0,10.4355309009552,"ok","-","2026-09-05 21:31:57"
"gaussian_d3","gaussian",3,199,10,6,9106,"direction_descend","both",TRUE,"descend","90",0.05,3,1,1,1,1,10,2,0.398508890180603,0.34206918753633,0,0,10.1726648807526,"ok","-","2026-09-05 21:32:07"
"gaussian_d3","gaussian",3,199,10,7,9107,"direction_descend","both",TRUE,"descend","90",0.05,3,1,0.968253968253968,0.984126984126984,0.892857142857143,16,2,0.393549377663205,0.326367657485108,0,0,10.1021070480347,"ok","-","2026-09-05 21:32:17"
"gaussian_d3","gaussian",3,199,10,8,9108,"direction_descend","both",TRUE,"descend","90",0.05,3,1,1,1,1,10,2,0.537713697410618,0.524659955309171,0,0,9.84353804588318,"ok","-","2026-09-05 21:32:27"
"gaussian_d3","gaussian",3,199,10,9,9109,"direction_descend","both",TRUE,"descend","90",0.05,3,1,1,1,1,10,2,0.412084809047302,0.370519514095737,0,0,10.0449950695038,"ok","-","2026-09-05 21:32:37"
"gaussian_d3","gaussian",3,199,10,10,9110,"direction_descend","both",TRUE,"descend","90",0.05,3,1,0.994708994708995,0.997354497354497,0.980392156862745,11,2,0.546065101374471,0.33667788063911,0,0,9.92517304420471,"ok","-","2026-09-05 21:32:47"
"gaussian_d3","gaussian",3,199,10,11,9111,"direction_descend","both",TRUE,"descend","90",0.05,3,1,0.994708994708995,0.997354497354497,0.980392156862745,11,2,0.531306786012812,0.422841120938274,0,0,10.2830460071564,"ok","-","2026-09-05 21:32:57"
"gaussian_d3","gaussian",3,199,10,12,9112,"direction_descend","both",TRUE,"descend","90",0.05,3,1,0.968253968253968,0.984126984126984,0.892857142857143,16,2,0.395608531243236,0.173673093184242,0,0,9.51155495643616,"ok","-","2026-09-05 21:33:07"
"gaussian_d3","gaussian",3,199,10,13,9113,"direction_descend","both",TRUE,"descend","90",0.05,3,1,0.968253968253968,0.984126984126984,0.892857142857143,16,2,0.463726164272431,0.552250539893053,0,0,10.0200889110565,"ok","-","2026-09-05 21:33:17"
"gaussian_d3","gaussian",3,199,10,14,9114,"direction_descend","both",TRUE,"descend","90",0.05,3,1,0.936507936507937,0.968253968253968,0.806451612903226,22,2,0.323493898706075,0.211996929736195,0,0,9.72043204307556,"ok","-","2026-09-05 21:33:26"
"gaussian_d3","gaussian",3,199,10,15,9115,"direction_descend","both",TRUE,"descend","90",0.05,3,1,0.968253968253968,0.984126984126984,0.892857142857143,16,2,0.383380874878426,0.16126777381149,0,0,9.13637208938599,"ok","-","2026-09-05 21:33:36"
"gaussian_d3","gaussian",3,199,10,16,9116,"direction_descend","both",TRUE,"descend","90",0.05,3,1,0.941798941798942,0.970899470899471,0.819672131147541,21,2,0.524751395542988,0.274977077969175,0,0,10.3323571681976,"ok","-","2026-09-05 21:33:46"
"gaussian_d3","gaussian",3,199,10,17,9117,"direction_descend","both",TRUE,"descend","90",0.05,3,1,0.947089947089947,0.973544973544973,0.833333333333333,20,2,0.450948587844715,0.501908597309193,0,0,10.243635892868,"ok","-","2026-09-05 21:33:56"
"gaussian_d3","gaussian",3,199,10,18,9118,"direction_descend","both",TRUE,"descend","90",0.05,3,1,0.973544973544973,0.986772486772487,0.909090909090909,15,2,0.457888471764976,0.380218687211667,0,0,10.2192981243134,"ok","-","2026-09-05 21:34:07"
"gaussian_d3","gaussian",3,199,10,19,9119,"direction_descend","both",TRUE,"descend","90",0.05,3,1,0.962962962962963,0.981481481481481,0.87719298245614,17,2,0.48167353540924,0.50457212289473,0,0,9.5958240032196,"ok","-","2026-09-05 21:34:16"
"gaussian_d3","gaussian",3,199,10,20,9120,"direction_descend","both",TRUE,"descend","90",0.05,3,1,0.989417989417989,0.994708994708995,0.961538461538461,12,2,0.597740633783602,0.33198431739884,0,0,9.86364006996155,"ok","-","2026-09-05 21:34:26"
"gaussian_d3","gaussian",3,199,10,21,9121,"direction_descend","both",TRUE,"descend","90",0.05,3,1,0.989417989417989,0.994708994708995,0.961538461538461,12,2,0.415315625505076,0.334137336469999,0,0,10.0730829238892,"ok","-","2026-09-05 21:34:36"
"gaussian_d3","gaussian",3,199,10,22,9122,"direction_descend","both",TRUE,"descend","90",0.05,3,1,0.994708994708995,0.997354497354497,0.980392156862745,11,2,0.497113221657706,0.421161680364259,0,0,9.32128286361694,"ok","-","2026-09-05 21:34:46"
"gaussian_d3","gaussian",3,199,10,23,9123,"direction_descend","both",TRUE,"descend","90",0.05,3,1,0.973544973544973,0.986772486772487,0.909090909090909,15,2,0.524742880192783,0.442600011445776,0,0,9.92520499229431,"ok","-","2026-09-05 21:34:55"
"gaussian_d3","gaussian",3,199,10,24,9124,"direction_descend","both",TRUE,"descend","90",0.05,3,1,0.984126984126984,0.992063492063492,0.943396226415094,13,2,0.422225942424663,0.265495340535514,0,0,9.86089396476746,"ok","-","2026-09-05 21:35:05"
"gaussian_d3","gaussian",3,199,10,25,9125,"direction_descend","both",TRUE,"descend","90",0.05,3,1,1,1,1,10,2,0.406112263518378,0.357765655604884,0,0,9.7614119052887,"ok","-","2026-09-05 21:35:15"
"gaussian_d3","gaussian",3,199,10,26,9126,"direction_descend","both",TRUE,"descend","90",0.05,3,1,0.973544973544973,0.986772486772487,0.909090909090909,15,2,0.466982361182878,0.434764558004791,0,0,9.89601397514343,"ok","-","2026-09-05 21:35:25"
"gaussian_d3","gaussian",3,199,10,27,9127,"direction_descend","both",TRUE,"descend","90",0.05,3,1,0.978835978835979,0.989417989417989,0.925925925925926,14,2,0.493486076199269,0.46412023824654,0,0,9.39791417121887,"ok","-","2026-09-05 21:35:35"
"gaussian_d3","gaussian",3,199,10,28,9128,"direction_descend","both",TRUE,"descend","90",0.05,3,1,0.925925925925926,0.962962962962963,0.78125,24,2,0.38097996707082,0.454586534869223,0,0,9.8634090423584,"ok","-","2026-09-05 21:35:44"
"gaussian_d3","gaussian",3,199,10,29,9129,"direction_descend","both",TRUE,"descend","90",0.05,3,1,0.984126984126984,0.992063492063492,0.943396226415094,13,2,0.541180166577781,0.389476752089516,0,0,9.60444402694702,"ok","-","2026-09-05 21:35:54"
"gaussian_d3","gaussian",3,199,10,30,9130,"direction_descend","both",TRUE,"descend","90",0.05,3,1,0.973544973544973,0.986772486772487,0.909090909090909,15,2,0.572114225341514,0.346094639375474,0,0,9.5665910243988,"ok","-","2026-09-05 21:36:20"
"gaussian_d3","gaussian",3,199,10,31,9131,"direction_descend","both",TRUE,"descend","90",0.05,3,1,0.973544973544973,0.986772486772487,0.909090909090909,15,2,0.452941859928873,0.368453344385318,0,0,10.0075089931488,"ok","-","2026-09-05 21:36:30"
"gaussian_d3","gaussian",3,199,10,32,9132,"direction_descend","both",TRUE,"descend","90",0.05,3,1,0.973544973544973,0.986772486772487,0.909090909090909,15,2,0.45423834660287,0.441616485112152,0,0,9.80247402191162,"ok","-","2026-09-05 21:36:40"
"gaussian_d3","gaussian",3,199,10,33,9133,"direction_descend","both",TRUE,"descend","90",0.05,3,1,0.984126984126984,0.992063492063492,0.943396226415094,13,2,0.535835351396805,0.315664441627477,0,0,9.84554290771484,"ok","-","2026-09-05 21:36:50"
"gaussian_d3","gaussian",3,199,10,34,9134,"direction_descend","both",TRUE,"descend","90",0.05,3,1,0.978835978835979,0.989417989417989,0.925925925925926,14,2,0.416783346341361,0.496302402656454,0,0,9.71321702003479,"ok","-","2026-09-05 21:37:00"
"gaussian_d3","gaussian",3,199,10,35,9135,"direction_descend","both",TRUE,"descend","90",0.05,3,1,0.978835978835979,0.989417989417989,0.925925925925926,14,2,0.423704206424283,0.366094790200994,0,0,9.62609887123108,"ok","-","2026-09-05 21:37:10"
"gaussian_d3","gaussian",3,199,10,36,9136,"direction_descend","both",TRUE,"descend","90",0.05,3,1,0.978835978835979,0.989417989417989,0.925925925925926,14,2,0.441601176026182,0.363354447421226,0,0,10.0369358062744,"ok","-","2026-09-05 21:37:20"
"gaussian_d3","gaussian",3,199,10,37,9137,"direction_descend","both",TRUE,"descend","90",0.05,3,1,0.962962962962963,0.981481481481481,0.87719298245614,17,2,0.545903725491329,0.393099787420717,0,0,9.34721899032593,"ok","-","2026-09-05 21:37:29"
"gaussian_d3","gaussian",3,199,10,38,9138,"direction_descend","both",TRUE,"descend","90",0.05,3,1,0.984126984126984,0.992063492063492,0.943396226415094,13,2,0.450766022216646,0.294303231635096,0,0,9.55581498146057,"ok","-","2026-09-05 21:37:39"
"gaussian_d3","gaussian",3,199,10,39,9139,"direction_descend","both",TRUE,"descend","90",0.05,3,1,0.989417989417989,0.994708994708995,0.961538461538461,12,2,0.352324445415386,0.278659366451811,0,0,9.58412718772888,"ok","-","2026-09-05 21:37:48"
"gaussian_d3","gaussian",3,199,10,40,9140,"direction_descend","both",TRUE,"descend","90",0.05,3,1,0.962962962962963,0.981481481481481,0.87719298245614,17,2,0.447276653801623,0.254963823187343,0,0,9.82136297225952,"ok","-","2026-09-05 21:37:58"
"gaussian_d3","gaussian",3,199,10,41,9141,"direction_descend","both",TRUE,"descend","90",0.05,3,1,0.973544973544973,0.986772486772487,0.909090909090909,15,2,0.505979169032362,0.421468125232085,0,0,9.88732504844666,"ok","-","2026-09-05 21:38:08"
"gaussian_d3","gaussian",3,199,10,42,9142,"direction_descend","both",TRUE,"descend","90",0.05,3,1,0.989417989417989,0.994708994708995,0.961538461538461,12,2,0.295652878954352,0.296969976950334,0,0,9.60952687263489,"ok","-","2026-09-05 21:38:18"
"gaussian_d3","gaussian",3,199,10,43,9143,"direction_descend","both",TRUE,"descend","90",0.05,3,1,0.978835978835979,0.989417989417989,0.925925925925926,14,2,0.445906872965438,0.53347534295591,0,0,10.1088469028473,"ok","-","2026-09-05 21:38:28"
"gaussian_d3","gaussian",3,199,10,44,9144,"direction_descend","both",TRUE,"descend","90",0.05,3,1,0.989417989417989,0.994708994708995,0.961538461538461,12,2,0.512529624084408,0.444343770415971,0,0,9.59723019599915,"ok","-","2026-09-05 21:38:37"
"gaussian_d3","gaussian",3,199,10,45,9145,"direction_descend","both",TRUE,"descend","90",0.05,3,1,0.984126984126984,0.992063492063492,0.943396226415094,13,2,0.450847609495796,0.450564652861538,0,0,9.11885023117065,"ok","-","2026-09-05 21:38:47"
"gaussian_d3","gaussian",3,199,10,46,9146,"direction_descend","both",TRUE,"descend","90",0.05,3,1,1,1,1,10,2,0.455858541346525,0.506962215973835,0,0,10.1697700023651,"ok","-","2026-09-05 21:38:57"
"gaussian_d3","gaussian",3,199,10,47,9147,"direction_descend","both",TRUE,"descend","90",0.05,3,1,0.984126984126984,0.992063492063492,0.943396226415094,13,2,0.316616345171316,0.293447971471303,0,0,9.66970896720886,"ok","-","2026-09-05 21:39:06"
"gaussian_d3","gaussian",3,199,10,48,9148,"direction_descend","both",TRUE,"descend","90",0.05,3,1,0.989417989417989,0.994708994708995,0.961538461538461,12,2,0.450655267724651,0.427005044389742,0,0,9.47411799430847,"ok","-","2026-09-05 21:39:16"
"gaussian_d3","gaussian",3,199,10,49,9149,"direction_descend","both",TRUE,"descend","90",0.05,3,1,0.978835978835979,0.989417989417989,0.925925925925926,14,2,0.441637387541336,0.22065414916351,0,0,9.82310199737549,"ok","-","2026-09-05 21:39:26"
"gaussian_d3","gaussian",3,199,10,50,9150,"direction_descend","both",TRUE,"descend","90",0.05,3,1,0.984126984126984,0.992063492063492,0.943396226415094,13,2,0.466506781829239,0.486907639807445,0,0,10.1663010120392,"ok","-","2026-09-05 21:39:36"
"gaussian_d3","gaussian",3,199,10,51,9151,"direction_descend","both",TRUE,"descend","90",0.05,3,1,0.973544973544973,0.986772486772487,0.909090909090909,15,2,0.518612836630799,0.29497529051926,0,0,9.83399987220764,"ok","-","2026-09-05 21:39:46"
"gaussian_d3","gaussian",3,199,10,52,9152,"direction_descend","both",TRUE,"descend","90",0.05,3,1,0.994708994708995,0.997354497354497,0.980392156862745,11,2,0.595063687952399,0.343647323521729,0,0,9.8718090057373,"ok","-","2026-09-05 21:39:56"
"gaussian_d3","gaussian",3,199,10,53,9153,"direction_descend","both",TRUE,"descend","90",0.05,3,1,0.989417989417989,0.994708994708995,0.961538461538461,12,2,0.479171631840884,0.303890794596724,0,0,10.0381410121918,"ok","-","2026-09-05 21:40:06"
"gaussian_d3","gaussian",3,199,10,54,9154,"direction_descend","both",TRUE,"descend","90",0.05,3,1,0.994708994708995,0.997354497354497,0.980392156862745,11,2,0.444246636042156,0.518775663440636,0,0,9.47851204872131,"ok","-","2026-09-05 21:40:15"
"gaussian_d3","gaussian",3,199,10,55,9155,"direction_descend","both",TRUE,"descend","90",0.05,3,1,0.952380952380952,0.976190476190476,0.847457627118644,19,2,0.353591327454708,0.174124265398942,0,0,9.71012902259827,"ok","-","2026-09-05 21:40:25"
"gaussian_d3","gaussian",3,199,10,56,9156,"direction_descend","both",TRUE,"descend","90",0.05,3,1,0.984126984126984,0.992063492063492,0.943396226415094,13,2,0.48191851212052,0.340580300675013,0,0,9.98190903663635,"ok","-","2026-09-05 21:40:35"
"gaussian_d3","gaussian",3,199,10,57,9157,"direction_descend","both",TRUE,"descend","90",0.05,3,1,0.978835978835979,0.989417989417989,0.925925925925926,14,2,0.477582803952789,0.316792615720544,0,0,10.1991009712219,"ok","-","2026-09-05 21:40:45"
"gaussian_d3","gaussian",3,199,10,58,9158,"direction_descend","both",TRUE,"descend","90",0.05,3,1,0.984126984126984,0.992063492063492,0.943396226415094,13,2,0.464355764824,0.632924746417981,0,0,9.84021902084351,"ok","-","2026-09-05 21:40:55"
"gaussian_d3","gaussian",3,199,10,59,9159,"direction_descend","both",TRUE,"descend","90",0.05,3,1,1,1,1,10,2,0.609966818898671,0.320334733507698,0,0,9.43246102333069,"ok","-","2026-09-05 21:41:05"
"gaussian_d3","gaussian",3,199,10,60,9160,"direction_descend","both",TRUE,"descend","90",0.05,3,1,0.994708994708995,0.997354497354497,0.980392156862745,11,2,0.42785705307699,0.300087605173787,0,0,9.64079284667969,"ok","-","2026-09-05 21:41:14"
"gaussian_d3","gaussian",3,199,10,61,9161,"direction_descend","both",TRUE,"descend","90",0.05,3,1,0.973544973544973,0.986772486772487,0.909090909090909,15,2,0.481587473587813,0.410668525794368,0,0,9.67113089561462,"ok","-","2026-09-05 21:41:24"
"gaussian_d3","gaussian",3,199,10,62,9162,"direction_descend","both",TRUE,"descend","90",0.05,3,1,0.962962962962963,0.981481481481481,0.87719298245614,17,2,0.429761202279046,0.274092340234275,0,0,9.53781914710999,"ok","-","2026-09-05 21:41:34"
"gaussian_d3","gaussian",3,199,10,63,9163,"direction_descend","both",TRUE,"descend","90",0.05,3,1,0.989417989417989,0.994708994708995,0.961538461538461,12,2,0.506370699446788,0.321457891696637,0,0,9.98362398147583,"ok","-","2026-09-05 21:41:44"
"gaussian_d3","gaussian",3,199,10,64,9164,"direction_descend","both",TRUE,"descend","90",0.05,3,1,0.984126984126984,0.992063492063492,0.943396226415094,13,2,0.401538745787959,0.334271898955654,0,0,9.55207705497742,"ok","-","2026-09-05 21:41:53"
"gaussian_d3","gaussian",3,199,10,65,9165,"direction_descend","both",TRUE,"descend","90",0.05,3,1,0.968253968253968,0.984126984126984,0.892857142857143,16,2,0.420473313068622,0.40074164557804,0,0,9.86296582221985,"ok","-","2026-09-05 21:42:03"
"gaussian_d3","gaussian",3,199,10,66,9166,"direction_descend","both",TRUE,"descend","90",0.05,3,1,0.994708994708995,0.997354497354497,0.980392156862745,11,2,0.463595307839064,0.399561078804917,0,0,9.17875003814697,"ok","-","2026-09-05 21:42:12"
"gaussian_d3","gaussian",3,199,10,67,9167,"direction_descend","both",TRUE,"descend","90",0.05,3,1,0.989417989417989,0.994708994708995,0.961538461538461,12,2,0.597137393295118,0.454788504748291,0,0,9.65215492248535,"ok","-","2026-09-05 21:42:22"
"gaussian_d3","gaussian",3,199,10,68,9168,"direction_descend","both",TRUE,"descend","90",0.05,3,1,0.989417989417989,0.994708994708995,0.961538461538461,12,2,0.417544864551251,0.375892050107913,0,0,9.39862084388733,"ok","-","2026-09-05 21:42:32"
"gaussian_d3","gaussian",3,199,10,69,9169,"direction_descend","both",TRUE,"descend","90",0.05,3,1,0.978835978835979,0.989417989417989,0.925925925925926,14,2,0.454662528793884,0.287537044639297,0,0,9.99621796607971,"ok","-","2026-09-05 21:42:42"
"gaussian_d3","gaussian",3,199,10,70,9170,"direction_descend","both",TRUE,"descend","90",0.05,3,1,0.968253968253968,0.984126984126984,0.892857142857143,16,2,0.391860474939935,0.274031245695999,0,0,9.85920786857605,"ok","-","2026-09-05 21:42:51"
"gaussian_d3","gaussian",3,199,10,71,9171,"direction_descend","both",TRUE,"descend","90",0.05,3,1,0.968253968253968,0.984126984126984,0.892857142857143,16,2,0.453716387281543,0.311612960972852,0,0,9.75472497940063,"ok","-","2026-09-05 21:43:01"
"gaussian_d3","gaussian",3,199,10,72,9172,"direction_descend","both",TRUE,"descend","90",0.05,3,1,1,1,1,10,2,0.483092542090543,0.373087606777663,0,0,9.63957214355469,"ok","-","2026-09-05 21:43:11"
"gaussian_d3","gaussian",3,199,10,73,9173,"direction_descend","both",TRUE,"descend","90",0.05,3,1,0.968253968253968,0.984126984126984,0.892857142857143,16,2,0.477456783301468,0.435381034739979,0,0,10.0101630687714,"ok","-","2026-09-05 21:43:21"
"gaussian_d3","gaussian",3,199,10,74,9174,"direction_descend","both",TRUE,"descend","90",0.05,3,1,0.978835978835979,0.989417989417989,0.925925925925926,14,2,0.380486809054356,0.201017419190997,0,0,9.77904105186462,"ok","-","2026-09-05 21:43:31"
"gaussian_d3","gaussian",3,199,10,75,9175,"direction_descend","both",TRUE,"descend","90",0.05,3,1,0.978835978835979,0.989417989417989,0.925925925925926,14,2,0.483037538857352,0.333459860921771,0,0,9.42778086662292,"ok","-","2026-09-05 21:43:40"
"gaussian_d3","gaussian",3,199,10,76,9176,"direction_descend","both",TRUE,"descend","90",0.05,3,1,0.984126984126984,0.992063492063492,0.943396226415094,13,2,0.36867849942497,0.25266092750299,0,0,9.64648294448853,"ok","-","2026-09-05 21:43:50"
"gaussian_d3","gaussian",3,199,10,77,9177,"direction_descend","both",TRUE,"descend","90",0.05,3,1,0.973544973544973,0.986772486772487,0.909090909090909,15,2,0.465193665114774,0.349157983176472,0,0,9.42733907699585,"ok","-","2026-09-05 21:43:59"
"gaussian_d3","gaussian",3,199,10,78,9178,"direction_descend","both",TRUE,"descend","90",0.05,3,1,0.984126984126984,0.992063492063492,0.943396226415094,13,2,0.492601653058889,0.445577789186032,0,0,9.8781099319458,"ok","-","2026-09-05 21:44:27"
"gaussian_d3","gaussian",3,199,10,79,9179,"direction_descend","both",TRUE,"descend","90",0.05,3,1,0.978835978835979,0.989417989417989,0.925925925925926,14,2,0.467682021943271,0.417653813420467,0,0,9.85204100608826,"ok","-","2026-09-05 21:44:37"
"gaussian_d3","gaussian",3,199,10,80,9180,"direction_descend","both",TRUE,"descend","90",0.05,3,1,0.973544973544973,0.986772486772487,0.909090909090909,15,2,0.449838893445184,0.387688070222464,0,0,9.7137451171875,"ok","-","2026-09-05 21:44:47"
"gaussian_d3","gaussian",3,199,10,81,9181,"direction_descend","both",TRUE,"descend","90",0.05,3,1,0.994708994708995,0.997354497354497,0.980392156862745,11,2,0.528625191705884,0.290544215790023,0,0,9.51325011253357,"ok","-","2026-09-05 21:44:56"
"gaussian_d3","gaussian",3,199,10,82,9182,"direction_descend","both",TRUE,"descend","90",0.05,3,1,0.989417989417989,0.994708994708995,0.961538461538461,12,2,0.555327303060119,0.328608850432488,0,0,9.64891815185547,"ok","-","2026-09-05 21:45:06"
"gaussian_d3","gaussian",3,199,10,83,9183,"direction_descend","both",TRUE,"descend","90",0.05,3,1,0.984126984126984,0.992063492063492,0.943396226415094,13,2,0.419290554910662,0.311902325512755,0,0,10.128142118454,"ok","-","2026-09-05 21:45:16"
"gaussian_d3","gaussian",3,199,10,84,9184,"direction_descend","both",TRUE,"descend","90",0.05,3,1,0.952380952380952,0.976190476190476,0.847457627118644,19,2,0.334797961499774,0.260587461598788,0,0,9.39931201934814,"ok","-","2026-09-05 21:45:26"
"gaussian_d3","gaussian",3,199,10,85,9185,"direction_descend","both",TRUE,"descend","90",0.05,3,1,0.984126984126984,0.992063492063492,0.943396226415094,13,2,0.33046825181619,0.262675346877575,0,0,10.1253399848938,"ok","-","2026-09-05 21:45:36"
"gaussian_d3","gaussian",3,199,10,86,9186,"direction_descend","both",TRUE,"descend","90",0.05,3,1,0.994708994708995,0.997354497354497,0.980392156862745,11,2,0.472367594199106,0.358028130295663,0,0,9.80475306510925,"ok","-","2026-09-05 21:45:46"
"gaussian_d3","gaussian",3,199,10,87,9187,"direction_descend","both",TRUE,"descend","90",0.05,3,1,0.994708994708995,0.997354497354497,0.980392156862745,11,2,0.57915327245306,0.365750975358573,0,0,9.29377293586731,"ok","-","2026-09-05 21:45:55"
"gaussian_d3","gaussian",3,199,10,88,9188,"direction_descend","both",TRUE,"descend","90",0.05,3,1,0.973544973544973,0.986772486772487,0.909090909090909,15,2,0.508380145753118,0.47009940205825,0,0,9.96163606643677,"ok","-","2026-09-05 21:46:05"
"gaussian_d3","gaussian",3,199,10,89,9189,"direction_descend","both",TRUE,"descend","90",0.05,3,1,0.936507936507937,0.968253968253968,0.806451612903226,22,2,0.405967267461643,0.464691219783438,0,0,9.74579811096191,"ok","-","2026-09-05 21:46:15"
"gaussian_d3","gaussian",3,199,10,90,9190,"direction_descend","both",TRUE,"descend","90",0.05,3,1,0.994708994708995,0.997354497354497,0.980392156862745,11,2,0.424687703528106,0.587081336024024,0,0,10.0384590625763,"ok","-","2026-09-05 21:46:25"
"gaussian_d3","gaussian",3,199,10,91,9191,"direction_descend","both",TRUE,"descend","90",0.05,3,1,0.994708994708995,0.997354497354497,0.980392156862745,11,2,0.514358140288493,0.397736935495467,0,0,9.47059607505798,"ok","-","2026-09-05 21:46:34"
"gaussian_d3","gaussian",3,199,10,92,9192,"direction_descend","both",TRUE,"descend","90",0.05,3,1,1,1,1,10,2,0.464183657192215,0.247978454164835,0,0,10.3756408691406,"ok","-","2026-09-05 21:46:45"
"gaussian_d3","gaussian",3,199,10,93,9193,"direction_descend","both",TRUE,"descend","90",0.05,3,1,0.978835978835979,0.989417989417989,0.925925925925926,14,2,0.515906486354046,0.46904888826955,0,0,9.94827699661255,"ok","-","2026-09-05 21:46:55"
"gaussian_d3","gaussian",3,199,10,94,9194,"direction_descend","both",TRUE,"descend","90",0.05,3,1,0.984126984126984,0.992063492063492,0.943396226415094,13,2,0.521456380359596,0.477253241738934,0,0,10.0424001216888,"ok","-","2026-09-05 21:47:05"
"gaussian_d3","gaussian",3,199,10,95,9195,"direction_descend","both",TRUE,"descend","90",0.05,3,1,0.989417989417989,0.994708994708995,0.961538461538461,12,2,0.340935914041621,0.149208401168997,0,0,10.0380589962006,"ok","-","2026-09-05 21:47:15"
"gaussian_d3","gaussian",3,199,10,96,9196,"direction_descend","both",TRUE,"descend","90",0.05,3,1,0.994708994708995,0.997354497354497,0.980392156862745,11,2,0.490281901281102,0.426880133145892,0,0,9.37997317314148,"ok","-","2026-09-05 21:47:24"
"gaussian_d3","gaussian",3,199,10,97,9197,"direction_descend","both",TRUE,"descend","90",0.05,3,1,0.978835978835979,0.989417989417989,0.925925925925926,14,2,0.481068520183132,0.283216611477431,0,0,10.1280560493469,"ok","-","2026-09-05 21:47:35"
"gaussian_d3","gaussian",3,199,10,98,9198,"direction_descend","both",TRUE,"descend","90",0.05,3,1,0.978835978835979,0.989417989417989,0.925925925925926,14,2,0.501481745403172,0.437160286554616,0,0,9.67637896537781,"ok","-","2026-09-05 21:47:44"
"gaussian_d3","gaussian",3,199,10,99,9199,"direction_descend","both",TRUE,"descend","90",0.05,3,1,0.989417989417989,0.994708994708995,0.961538461538461,12,2,0.429482686278687,0.593993158210664,0,0,9.92830586433411,"ok","-","2026-09-05 21:47:54"
"gaussian_d3","gaussian",3,199,10,100,9200,"direction_descend","both",TRUE,"descend","90",0.05,3,1,0.973544973544973,0.986772486772487,0.909090909090909,15,2,0.45447932368246,0.352047029724318,0,0,9.69581484794617,"ok","-","2026-09-05 21:48:04"
"gaussian_d10","gaussian",10,199,10,2,9102,"stock","both",TRUE,"ascend","999",0.05,3,1,0.888888888888889,0.944444444444444,0.704225352112676,31,2,0.529053482976047,0.158748404329502,0,0,0.654151916503906,"ok","-","2026-09-05 21:48:05"
"gaussian_d10","gaussian",10,199,10,3,9103,"stock","both",TRUE,"ascend","999",0.05,3,1,0.952380952380952,0.976190476190476,0.847457627118644,19,2,0.618345310785763,0.428022189243701,0,0,0.421364068984985,"ok","-","2026-09-05 21:48:05"
"gaussian_d10","gaussian",10,199,10,4,9104,"stock","both",TRUE,"ascend","999",0.05,3,1,0.968253968253968,0.984126984126984,0.892857142857143,16,2,0.751655806231239,0.458808434034186,0,0,0.65538501739502,"ok","-","2026-09-05 21:48:06"
"gaussian_d10","gaussian",10,199,10,5,9105,"stock","both",TRUE,"ascend","999",0.05,3,1,0.957671957671958,0.978835978835979,0.862068965517241,18,2,0.799523505774956,0.444324805711367,0,0,0.673489093780518,"ok","-","2026-09-05 21:48:06"
"gaussian_d10","gaussian",10,199,10,6,9106,"stock","both",TRUE,"ascend","999",0.05,3,1,0.936507936507937,0.968253968253968,0.806451612903226,22,2,0.766735536179053,0.583802009340992,0,0,0.716133117675781,"ok","-","2026-09-05 21:48:07"
"gaussian_d10","gaussian",10,199,10,7,9107,"stock","both",TRUE,"ascend","999",0.05,3,1,0.968253968253968,0.984126984126984,0.892857142857143,16,2,0.587674786835201,0.431996697171869,0,0,0.436715841293335,"ok","-","2026-09-05 21:48:08"
"gaussian_d10","gaussian",10,199,10,8,9108,"stock","both",TRUE,"ascend","999",0.05,3,1,0.936507936507937,0.968253968253968,0.806451612903226,22,2,0.807080703521545,0.539290248075172,0,0,0.380414962768555,"ok","-","2026-09-05 21:48:08"
"gaussian_d10","gaussian",10,199,10,9,9109,"stock","both",TRUE,"ascend","999",0.05,3,1,0.947089947089947,0.973544973544973,0.833333333333333,20,2,0.746029324256513,0.461269499760456,0,0,0.33655309677124,"ok","-","2026-09-05 21:48:09"
"gaussian_d10","gaussian",10,199,10,10,9110,"stock","both",TRUE,"ascend","999",0.05,3,1,0.957671957671958,0.978835978835979,0.862068965517241,18,2,0.585678181774795,0.185605369188063,0,0,0.653843879699707,"ok","-","2026-09-05 21:48:09"
"gaussian_d10","gaussian",10,199,10,11,9111,"stock","both",TRUE,"ascend","999",0.05,3,1,0.957671957671958,0.978835978835979,0.862068965517241,18,2,0.664813980521254,0.49646138669392,0,0,0.654577970504761,"ok","-","2026-09-05 21:48:10"
"gaussian_d10","gaussian",10,199,10,12,9112,"stock","both",TRUE,"ascend","999",0.05,3,1,0.947089947089947,0.973544973544973,0.833333333333333,20,2,0.698425573340283,0.626934955059178,0,0,0.509289979934692,"ok","-","2026-09-05 21:48:10"
"gaussian_d10","gaussian",10,199,10,13,9113,"stock","both",TRUE,"ascend","999",0.05,3,1,0.952380952380952,0.976190476190476,0.847457627118644,19,2,0.726885292034536,0.527498328883028,0,0,0.732302904129028,"ok","-","2026-09-05 21:48:11"
"gaussian_d10","gaussian",10,199,10,14,9114,"stock","both",TRUE,"ascend","999",0.05,3,1,0.91005291005291,0.955026455026455,0.746268656716418,27,2,0.597814653698208,0.385571587887057,0,0,0.584940910339355,"ok","-","2026-09-05 21:48:12"
"gaussian_d10","gaussian",10,199,10,15,9115,"stock","both",TRUE,"ascend","999",0.05,3,1,0.952380952380952,0.976190476190476,0.847457627118644,19,2,0.703693327417415,0.399822414087974,0,0,0.397666931152344,"ok","-","2026-09-05 21:48:12"
"gaussian_d10","gaussian",10,199,10,16,9116,"stock","both",TRUE,"ascend","999",0.05,3,1,0.931216931216931,0.965608465608466,0.793650793650793,23,2,0.795521260140853,0.447807546939269,0,0,0.77919602394104,"ok","-","2026-09-05 21:48:13"
"gaussian_d10","gaussian",10,199,10,17,9117,"stock","both",TRUE,"ascend","999",0.05,3,1,0.925925925925926,0.962962962962963,0.78125,24,2,0.563360313992205,0.405165939063911,0,0,0.499530076980591,"ok","-","2026-09-05 21:48:14"
"gaussian_d10","gaussian",10,199,10,18,9118,"stock","both",TRUE,"ascend","999",0.05,3,1,0.915343915343915,0.957671957671958,0.757575757575758,26,2,0.679535084869784,0.350216316248465,0,0,0.539650201797485,"ok","-","2026-09-05 21:48:14"
"gaussian_d10","gaussian",10,199,10,19,9119,"stock","both",TRUE,"ascend","999",0.05,3,1,0.962962962962963,0.981481481481481,0.87719298245614,17,2,0.736319273881529,0.417165167657306,0,0,0.747798919677734,"ok","-","2026-09-05 21:48:15"
"gaussian_d10","gaussian",10,199,10,20,9120,"stock","both",TRUE,"ascend","999",0.05,3,1,0.957671957671958,0.978835978835979,0.862068965517241,18,2,0.817637538453704,0.376127711778533,0,0,0.572492122650146,"ok","-","2026-09-05 21:48:16"
"gaussian_d10","gaussian",10,199,10,21,9121,"stock","both",TRUE,"ascend","999",0.05,3,1,0.894179894179894,0.947089947089947,0.714285714285714,30,2,0.677798944616946,0.669244093384126,0,0,0.489854097366333,"ok","-","2026-09-05 21:48:16"
"gaussian_d10","gaussian",10,199,10,22,9122,"stock","both",TRUE,"ascend","999",0.05,3,1,0.894179894179894,0.947089947089947,0.714285714285714,30,2,0.531119924435124,0.492584148065425,0,0,0.481541872024536,"ok","-","2026-09-05 21:48:17"
"gaussian_d10","gaussian",10,199,10,23,9123,"stock","both",TRUE,"ascend","999",0.05,3,1,0.957671957671958,0.978835978835979,0.862068965517241,18,2,0.679849181233396,0.400103433186555,0,0,0.582529067993164,"ok","-","2026-09-05 21:48:17"
"gaussian_d10","gaussian",10,199,10,24,9124,"stock","both",TRUE,"ascend","999",0.05,3,1,0.957671957671958,0.978835978835979,0.862068965517241,18,2,0.619781914108753,0.475233612120949,0,0,0.438945055007935,"ok","-","2026-09-05 21:48:18"
"gaussian_d10","gaussian",10,199,10,25,9125,"stock","both",TRUE,"ascend","999",0.05,3,1,0.920634920634921,0.96031746031746,0.769230769230769,25,2,0.52961324420489,0.442460815838812,0,0,0.489732980728149,"ok","-","2026-09-05 21:48:18"
"gaussian_d10","gaussian",10,199,10,26,9126,"stock","both",TRUE,"ascend","999",0.05,3,1,0.867724867724868,0.933862433862434,0.666666666666667,35,2,0.731638228963891,0.562076685538387,0,0,0.55288290977478,"ok","-","2026-09-05 21:48:19"
"gaussian_d10","gaussian",10,199,10,27,9127,"stock","both",TRUE,"ascend","999",0.05,3,1,0.947089947089947,0.973544973544973,0.833333333333333,20,2,0.816402345655303,0.493389935403481,0,0,0.735453128814697,"ok","-","2026-09-05 21:48:20"
"gaussian_d10","gaussian",10,199,10,28,9128,"stock","both",TRUE,"ascend","999",0.05,3,1,0.920634920634921,0.96031746031746,0.769230769230769,25,2,0.67794678102373,0.524336260115856,0,0,0.541990995407104,"ok","-","2026-09-05 21:48:20"
"gaussian_d10","gaussian",10,199,10,29,9129,"stock","both",TRUE,"ascend","999",0.05,3,1,0.862433862433862,0.931216931216931,0.657894736842105,36,2,0.725832540849049,0.414476373925517,0,0,0.658795833587646,"ok","-","2026-09-05 21:48:21"
"gaussian_d10","gaussian",10,199,10,30,9130,"stock","both",TRUE,"ascend","999",0.05,3,1,0.936507936507937,0.968253968253968,0.806451612903226,22,2,0.750862456496364,0.502923410921056,0,0,0.760215044021606,"ok","-","2026-09-05 21:48:22"
"gaussian_d10","gaussian",10,199,10,31,9131,"stock","both",TRUE,"ascend","999",0.05,3,1,0.862433862433862,0.931216931216931,0.657894736842105,36,2,0.640325769397598,0.559081646094478,0,0,0.431493043899536,"ok","-","2026-09-05 21:48:22"
"gaussian_d10","gaussian",10,199,10,32,9132,"stock","both",TRUE,"ascend","999",0.05,3,1,0.920634920634921,0.96031746031746,0.769230769230769,25,2,0.639137578419139,0.463494282824252,0,0,0.646239995956421,"ok","-","2026-09-05 21:48:23"
"gaussian_d10","gaussian",10,199,10,33,9133,"stock","both",TRUE,"ascend","999",0.05,3,1,0.915343915343915,0.957671957671958,0.757575757575758,26,2,0.674909984383862,0.494412534032843,0,0,0.452366828918457,"ok","-","2026-09-05 21:48:23"
"gaussian_d10","gaussian",10,199,10,34,9134,"stock","both",TRUE,"ascend","999",0.05,3,1,0.952380952380952,0.976190476190476,0.847457627118644,19,2,0.595960124508302,0.425730425444296,0,0,0.667941093444824,"ok","-","2026-09-05 21:48:24"
"gaussian_d10","gaussian",10,199,10,35,9135,"stock","both",TRUE,"ascend","999",0.05,3,1,0.941798941798942,0.970899470899471,0.819672131147541,21,2,0.623525011240054,0.398423357366343,0,0,0.672652959823608,"ok","-","2026-09-05 21:48:25"
"gaussian_d10","gaussian",10,199,10,36,9136,"stock","both",TRUE,"ascend","999",0.05,3,1,0.899470899470899,0.94973544973545,0.72463768115942,29,2,0.627707543667655,0.710678373294798,0,0,0.621447086334229,"ok","-","2026-09-05 21:48:25"
"gaussian_d10","gaussian",10,199,10,37,9137,"stock","both",TRUE,"ascend","999",0.05,3,1,0.952380952380952,0.976190476190476,0.847457627118644,19,2,0.813529292159342,0.523286924179201,0,0,0.491813898086548,"ok","-","2026-09-05 21:48:26"
"gaussian_d10","gaussian",10,199,10,38,9138,"stock","both",TRUE,"ascend","999",0.05,3,1,0.941798941798942,0.970899470899471,0.819672131147541,21,2,0.796448466654736,0.575621581034864,0,0,0.460618019104004,"ok","-","2026-09-05 21:48:26"
"gaussian_d10","gaussian",10,199,10,39,9139,"stock","both",TRUE,"ascend","999",0.05,3,1,0.957671957671958,0.978835978835979,0.862068965517241,18,2,0.575573187067347,0.461069519039752,0,0,0.516446113586426,"ok","-","2026-09-05 21:48:27"
"gaussian_d10","gaussian",10,199,10,40,9140,"stock","both",TRUE,"ascend","999",0.05,3,1,0.899470899470899,0.94973544973545,0.72463768115942,29,2,0.685725952321813,0.407419147214419,0,0,0.362504005432129,"ok","-","2026-09-05 21:48:27"
"gaussian_d10","gaussian",10,199,10,41,9141,"stock","both",TRUE,"ascend","999",0.05,3,1,0.888888888888889,0.944444444444444,0.704225352112676,31,2,0.733518935716861,0.212720641948276,0,0,0.632633924484253,"ok","-","2026-09-05 21:48:28"
"gaussian_d10","gaussian",10,199,10,42,9142,"stock","both",TRUE,"ascend","999",0.05,3,1,0.931216931216931,0.965608465608466,0.793650793650793,23,2,0.641260765367312,0.555816946669742,0,0,0.642860889434814,"ok","-","2026-09-05 21:48:29"
"gaussian_d10","gaussian",10,199,10,43,9143,"stock","both",TRUE,"ascend","999",0.05,3,1,0.957671957671958,0.978835978835979,0.862068965517241,18,2,0.662331092087593,0.48818777253679,0,0,0.420418977737427,"ok","-","2026-09-05 21:48:29"
"gaussian_d10","gaussian",10,199,10,44,9144,"stock","both",TRUE,"ascend","999",0.05,3,1,0.873015873015873,0.936507936507937,0.675675675675676,34,2,0.680035981148931,0.42862095355549,0,0,0.341719150543213,"ok","-","2026-09-05 21:48:29"
"gaussian_d10","gaussian",10,199,10,45,9145,"stock","both",TRUE,"ascend","999",0.05,3,1,0.941798941798942,0.970899470899471,0.819672131147541,21,2,0.727493303744287,0.389529442692466,0,0,0.473252058029175,"ok","-","2026-09-05 21:48:30"
"gaussian_d10","gaussian",10,199,10,46,9146,"stock","both",TRUE,"ascend","999",0.05,3,1,0.899470899470899,0.94973544973545,0.72463768115942,29,2,0.74483972851936,0.316387594689436,0,0,0.374809980392456,"ok","-","2026-09-05 21:48:30"
"gaussian_d10","gaussian",10,199,10,47,9147,"stock","both",TRUE,"ascend","999",0.05,3,1,0.91005291005291,0.955026455026455,0.746268656716418,27,2,0.556434204789472,0.298791789032273,0,0,0.487982034683228,"ok","-","2026-09-05 21:48:31"
"gaussian_d10","gaussian",10,199,10,48,9148,"stock","both",TRUE,"ascend","999",0.05,3,1,0.962962962962963,0.981481481481481,0.87719298245614,17,2,0.606270590261017,0.416412860015108,0,0,0.492806911468506,"ok","-","2026-09-05 21:48:31"
"gaussian_d10","gaussian",10,199,10,49,9149,"stock","both",TRUE,"ascend","999",0.05,3,1,0.925925925925926,0.962962962962963,0.78125,24,2,0.531358629653458,0.503037241464212,0,0,0.561388969421387,"ok","-","2026-09-05 21:48:32"
"gaussian_d10","gaussian",10,199,10,50,9150,"stock","both",TRUE,"ascend","999",0.05,3,1,0.873015873015873,0.936507936507937,0.675675675675676,34,2,0.787199620844462,0.511498180424129,0,0,0.557817935943604,"ok","-","2026-09-05 21:48:32"
"gaussian_d10","gaussian",10,199,10,51,9151,"stock","both",TRUE,"ascend","999",0.05,3,1,0.915343915343915,0.957671957671958,0.757575757575758,26,2,0.715462851975586,0.411493018467248,0,0,0.574977874755859,"ok","-","2026-09-05 21:48:33"
"gaussian_d10","gaussian",10,199,10,52,9152,"stock","both",TRUE,"ascend","999",0.05,3,1,0.936507936507937,0.968253968253968,0.806451612903226,22,2,0.72272341833596,0.538710734106404,0,0,0.47587513923645,"ok","-","2026-09-05 21:48:34"
"gaussian_d10","gaussian",10,199,10,53,9153,"stock","both",TRUE,"ascend","999",0.05,3,1,0.941798941798942,0.970899470899471,0.819672131147541,21,2,0.61583975390284,0.460948677458732,0,0,0.638981103897095,"ok","-","2026-09-05 21:48:34"
"gaussian_d10","gaussian",10,199,10,54,9154,"stock","both",TRUE,"ascend","999",0.05,3,1,0.978835978835979,0.989417989417989,0.925925925925926,14,2,0.548775625798625,0.334788031775867,0,0,0.462798118591309,"ok","-","2026-09-05 21:48:35"
"gaussian_d10","gaussian",10,199,10,55,9155,"stock","both",TRUE,"ascend","999",0.05,3,1,0.936507936507937,0.968253968253968,0.806451612903226,22,2,0.656688057941504,0.481862648776215,0,0,0.392536163330078,"ok","-","2026-09-05 21:48:35"
"gaussian_d10","gaussian",10,199,10,56,9156,"stock","both",TRUE,"ascend","999",0.05,3,1,0.931216931216931,0.965608465608466,0.793650793650793,23,2,0.775950457131164,0.59363812327063,0,0,0.467488050460815,"ok","-","2026-09-05 21:48:36"
"gaussian_d10","gaussian",10,199,10,57,9157,"stock","both",TRUE,"ascend","999",0.05,3,1,0.915343915343915,0.957671957671958,0.757575757575758,26,2,0.700841536446645,0.533092434385105,0,0,0.440157890319824,"ok","-","2026-09-05 21:48:36"
"gaussian_d10","gaussian",10,199,10,58,9158,"stock","both",TRUE,"ascend","999",0.05,3,1,0.904761904761905,0.952380952380952,0.735294117647059,28,2,0.554308660378655,0.50424857197924,0,0,0.481544017791748,"ok","-","2026-09-05 21:48:37"
"gaussian_d10","gaussian",10,199,10,59,9159,"stock","both",TRUE,"ascend","999",0.05,3,1,0.973544973544973,0.986772486772487,0.909090909090909,15,2,0.779229274971241,0.381689517024392,0,0,0.504795074462891,"ok","-","2026-09-05 21:48:37"
"gaussian_d10","gaussian",10,199,10,60,9160,"stock","both",TRUE,"ascend","999",0.05,3,1,0.941798941798942,0.970899470899471,0.819672131147541,21,2,0.693433575693908,0.413697424899226,0,0,0.661572933197021,"ok","-","2026-09-05 21:48:38"
"gaussian_d10","gaussian",10,199,10,61,9161,"stock","both",TRUE,"ascend","999",0.05,3,1,0.947089947089947,0.973544973544973,0.833333333333333,20,2,0.845163388187057,0.351726355436165,0,0,0.715163946151733,"ok","-","2026-09-05 21:48:39"
"gaussian_d10","gaussian",10,199,10,62,9162,"stock","both",TRUE,"ascend","999",0.05,3,1,0.894179894179894,0.947089947089947,0.714285714285714,30,2,0.639458685942012,0.564846083991741,0,0,0.336889028549194,"ok","-","2026-09-05 21:48:39"
"gaussian_d10","gaussian",10,199,10,63,9163,"stock","both",TRUE,"ascend","999",0.05,3,1,0.904761904761905,0.952380952380952,0.735294117647059,28,2,0.780051441115672,0.390421350573616,0,0,0.451066970825195,"ok","-","2026-09-05 21:48:39"
"gaussian_d10","gaussian",10,199,10,64,9164,"stock","both",TRUE,"ascend","999",0.05,3,1,0.968253968253968,0.984126984126984,0.892857142857143,16,2,0.544261098646892,0.494200736702606,0,0,0.476357936859131,"ok","-","2026-09-05 21:48:40"
"gaussian_d10","gaussian",10,199,10,65,9165,"stock","both",TRUE,"ascend","999",0.05,3,1,0.947089947089947,0.973544973544973,0.833333333333333,20,2,0.633948237163591,0.325144702152622,0,0,0.629276990890503,"ok","-","2026-09-05 21:48:41"
"gaussian_d10","gaussian",10,199,10,66,9166,"stock","both",TRUE,"ascend","999",0.05,3,1,0.899470899470899,0.94973544973545,0.72463768115942,29,2,0.723377547536715,0.541228979539574,0,0,0.479490041732788,"ok","-","2026-09-05 21:48:41"
"gaussian_d10","gaussian",10,199,10,67,9167,"stock","both",TRUE,"ascend","999",0.05,3,1,0.867724867724868,0.933862433862434,0.666666666666667,35,2,0.785358672948613,0.468188590980608,0,0,0.356388092041016,"ok","-","2026-09-05 21:48:42"
"gaussian_d10","gaussian",10,199,10,68,9168,"stock","both",TRUE,"ascend","999",0.05,3,1,0.947089947089947,0.973544973544973,0.833333333333333,20,2,0.696387906730405,0.528888500192134,0,0,0.316816091537476,"ok","-","2026-09-05 21:48:42"
"gaussian_d10","gaussian",10,199,10,69,9169,"stock","both",TRUE,"ascend","999",0.05,3,1,0.947089947089947,0.973544973544973,0.833333333333333,20,2,0.751183126985178,0.305361059421754,0,0,0.648473024368286,"ok","-","2026-09-05 21:48:43"
"gaussian_d10","gaussian",10,199,10,70,9170,"stock","both",TRUE,"ascend","999",0.05,3,1,0.936507936507937,0.968253968253968,0.806451612903226,22,2,0.61761075134651,0.304915216728699,0,0,0.461082935333252,"ok","-","2026-09-05 21:48:43"
"gaussian_d10","gaussian",10,199,10,71,9171,"stock","both",TRUE,"ascend","999",0.05,3,1,0.888888888888889,0.944444444444444,0.704225352112676,31,2,0.625961099244051,0.249194824456368,0,0,0.335417985916138,"ok","-","2026-09-05 21:48:43"
"gaussian_d10","gaussian",10,199,10,72,9172,"stock","both",TRUE,"ascend","999",0.05,3,1,0.936507936507937,0.968253968253968,0.806451612903226,22,2,0.783230182038173,0.666774309969525,0,0,0.550472021102905,"ok","-","2026-09-05 21:48:44"
"gaussian_d10","gaussian",10,199,10,73,9173,"stock","both",TRUE,"ascend","999",0.05,3,1,0.962962962962963,0.981481481481481,0.87719298245614,17,2,0.672569046455344,0.474443264414318,0,0,0.711775064468384,"ok","-","2026-09-05 21:48:45"
"gaussian_d10","gaussian",10,199,10,74,9174,"stock","both",TRUE,"ascend","999",0.05,3,1,0.883597883597884,0.941798941798942,0.694444444444444,32,2,0.616783011093683,0.461141873201675,0,0,0.385108947753906,"ok","-","2026-09-05 21:48:45"
"gaussian_d10","gaussian",10,199,10,75,9175,"stock","both",TRUE,"ascend","999",0.05,3,1,0.947089947089947,0.973544973544973,0.833333333333333,20,2,0.64579274130872,0.391241149193989,0,0,0.591216087341309,"ok","-","2026-09-05 21:48:46"
"gaussian_d10","gaussian",10,199,10,76,9176,"stock","both",TRUE,"ascend","999",0.05,3,1,0.841269841269841,0.920634920634921,0.625,40,2,0.622382021008102,0.228584515338235,0,0,0.502080917358398,"ok","-","2026-09-05 21:48:46"
"gaussian_d10","gaussian",10,199,10,77,9177,"stock","both",TRUE,"ascend","999",0.05,3,1,0.91005291005291,0.955026455026455,0.746268656716418,27,2,0.579680050047875,0.546752827504039,0,0,0.619861125946045,"ok","-","2026-09-05 21:48:47"
"gaussian_d10","gaussian",10,199,10,78,9178,"stock","both",TRUE,"ascend","999",0.05,3,1,0.899470899470899,0.94973544973545,0.72463768115942,29,2,0.710430619572711,0.629356112781042,0,0,0.588374853134155,"ok","-","2026-09-05 21:48:48"
"gaussian_d10","gaussian",10,199,10,79,9179,"stock","both",TRUE,"ascend","999",0.05,3,1,0.920634920634921,0.96031746031746,0.769230769230769,25,2,0.64291949212511,0.547840411792326,0,0,0.543322086334229,"ok","-","2026-09-05 21:48:48"
"gaussian_d10","gaussian",10,199,10,80,9180,"stock","both",TRUE,"ascend","999",0.05,3,1,0.899470899470899,0.94973544973545,0.72463768115942,29,2,0.827456058194269,0.469189836565452,0,0,0.726883888244629,"ok","-","2026-09-05 21:48:49"
"gaussian_d10","gaussian",10,199,10,81,9181,"stock","both",TRUE,"ascend","999",0.05,3,1,0.968253968253968,0.984126984126984,0.892857142857143,16,2,0.67014226592642,0.395365518546421,0,0,0.388669967651367,"ok","-","2026-09-05 21:48:49"
"gaussian_d10","gaussian",10,199,10,82,9182,"stock","both",TRUE,"ascend","999",0.05,3,1,0.957671957671958,0.978835978835979,0.862068965517241,18,2,0.682571316971694,0.424863064132874,0,0,0.557971000671387,"ok","-","2026-09-05 21:48:50"
"gaussian_d10","gaussian",10,199,10,83,9183,"stock","both",TRUE,"ascend","999",0.05,3,1,0.82010582010582,0.91005291005291,0.595238095238095,44,2,0.763739376075133,0.499916308865203,0,0,0.398113965988159,"ok","-","2026-09-05 21:48:50"
"gaussian_d10","gaussian",10,199,10,84,9184,"stock","both",TRUE,"ascend","999",0.05,3,1,0.936507936507937,0.968253968253968,0.806451612903226,22,2,0.595502680451309,0.416853187872163,0,0,0.48579216003418,"ok","-","2026-09-05 21:48:51"
"gaussian_d10","gaussian",10,199,10,85,9185,"stock","both",TRUE,"ascend","999",0.05,3,1,0.957671957671958,0.978835978835979,0.862068965517241,18,2,0.571030017450842,0.331614383975335,0,0,0.395928144454956,"ok","-","2026-09-05 21:48:51"
"gaussian_d10","gaussian",10,199,10,86,9186,"stock","both",TRUE,"ascend","999",0.05,3,1,0.904761904761905,0.952380952380952,0.735294117647059,28,2,0.729078051146968,0.400955928327239,0,0,0.466210842132568,"ok","-","2026-09-05 21:48:52"
"gaussian_d10","gaussian",10,199,10,87,9187,"stock","both",TRUE,"ascend","999",0.05,3,1,0.830687830687831,0.915343915343915,0.609756097560976,42,2,0.742658195500925,0.457300696074111,0,0,0.534676074981689,"ok","-","2026-09-05 21:48:52"
"gaussian_d10","gaussian",10,199,10,88,9188,"stock","both",TRUE,"ascend","999",0.05,3,1,0.904761904761905,0.952380952380952,0.735294117647059,28,2,0.525696612722244,0.474130699224988,0,0,0.530626058578491,"ok","-","2026-09-05 21:48:53"
"gaussian_d10","gaussian",10,199,10,89,9189,"stock","both",TRUE,"ascend","999",0.05,3,1,0.952380952380952,0.976190476190476,0.847457627118644,19,2,0.643155715050116,0.439934385723276,0,0,0.348374843597412,"ok","-","2026-09-05 21:48:53"
"gaussian_d10","gaussian",10,199,10,90,9190,"stock","both",TRUE,"ascend","999",0.05,3,1,0.947089947089947,0.973544973544973,0.833333333333333,20,2,0.611565151831834,0.211391067552095,0,0,0.539099931716919,"ok","-","2026-09-05 21:48:54"
"gaussian_d10","gaussian",10,199,10,91,9191,"stock","both",TRUE,"ascend","999",0.05,3,1,0.91005291005291,0.955026455026455,0.746268656716418,27,2,0.67176081259453,0.376708575381638,0,0,0.510325908660889,"ok","-","2026-09-05 21:48:54"
"gaussian_d10","gaussian",10,199,10,92,9192,"stock","both",TRUE,"ascend","999",0.05,3,1,0.957671957671958,0.978835978835979,0.862068965517241,18,2,0.625312758312609,0.314510747992911,0,0,0.415458917617798,"ok","-","2026-09-05 21:48:55"
"gaussian_d10","gaussian",10,199,10,93,9193,"stock","both",TRUE,"ascend","999",0.05,3,1,0.91005291005291,0.955026455026455,0.746268656716418,27,2,0.839056323246206,0.466815290986305,0,0,0.516568899154663,"ok","-","2026-09-05 21:48:55"
"gaussian_d10","gaussian",10,199,10,94,9194,"stock","both",TRUE,"ascend","999",0.05,3,1,0.952380952380952,0.976190476190476,0.847457627118644,19,2,0.749281664197188,0.523058892266737,0,0,0.42064094543457,"ok","-","2026-09-05 21:48:56"
"gaussian_d10","gaussian",10,199,10,95,9195,"stock","both",TRUE,"ascend","999",0.05,3,1,0.798941798941799,0.8994708994709,0.568181818181818,48,2,0.626797291901931,0.574736350063985,0,0,0.44499397277832,"ok","-","2026-09-05 21:48:56"
"gaussian_d10","gaussian",10,199,10,96,9196,"stock","both",TRUE,"ascend","999",0.05,3,1,0.894179894179894,0.947089947089947,0.714285714285714,30,2,0.764198705656827,0.41215764949523,0,0,0.375848054885864,"ok","-","2026-09-05 21:48:57"
"gaussian_d10","gaussian",10,199,10,97,9197,"stock","both",TRUE,"ascend","999",0.05,3,1,0.920634920634921,0.96031746031746,0.769230769230769,25,2,0.69177785295873,0.565264668737477,0,0,0.339487075805664,"ok","-","2026-09-05 21:48:57"
"gaussian_d10","gaussian",10,199,10,98,9198,"stock","both",TRUE,"ascend","999",0.05,3,1,0.920634920634921,0.96031746031746,0.769230769230769,25,2,0.667750094357774,0.32813737296041,0,0,0.446695804595947,"ok","-","2026-09-05 21:48:57"
"gaussian_d10","gaussian",10,199,10,99,9199,"stock","both",TRUE,"ascend","999",0.05,3,1,0.952380952380952,0.976190476190476,0.847457627118644,19,2,0.604830093215366,0.214829211557235,0,0,0.661226034164429,"ok","-","2026-09-05 21:48:58"
"gaussian_d10","gaussian",10,199,10,100,9200,"stock","both",TRUE,"ascend","999",0.05,3,1,0.952380952380952,0.976190476190476,0.847457627118644,19,2,0.714870391086423,0.200176689554693,0,0,0.361218214035034,"ok","-","2026-09-05 21:48:59"
"gaussian_d10","gaussian",10,199,10,2,9102,"stat_mean","mean",TRUE,"ascend","999",0.05,3,1,0.904761904761905,0.952380952380952,0.735294117647059,28,2,0.533482357392981,0.159109535208853,0,0,0.527962923049927,"ok","-","2026-09-05 21:48:59"
"gaussian_d10","gaussian",10,199,10,3,9103,"stat_mean","mean",TRUE,"ascend","999",0.05,3,1,0.952380952380952,0.976190476190476,0.847457627118644,19,2,0.619081435254953,0.428017633286667,0,0,0.371733903884888,"ok","-","2026-09-05 21:49:00"
"gaussian_d10","gaussian",10,199,10,4,9104,"stat_mean","mean",TRUE,"ascend","999",0.05,3,1,0.968253968253968,0.984126984126984,0.892857142857143,16,2,0.754019196341495,0.458619858104705,0,0,0.619632959365845,"ok","-","2026-09-05 21:49:00"
"gaussian_d10","gaussian",10,199,10,5,9105,"stat_mean","mean",TRUE,"ascend","999",0.05,3,1,0.957671957671958,0.978835978835979,0.862068965517241,18,2,0.801226839254826,0.4441007853254,0,0,0.696563959121704,"ok","-","2026-09-05 21:49:01"
"gaussian_d10","gaussian",10,199,10,6,9106,"stat_mean","mean",TRUE,"ascend","999",0.05,3,1,0.936507936507937,0.968253968253968,0.806451612903226,22,2,0.769389786838828,0.583692612077503,0,0,0.715467929840088,"ok","-","2026-09-05 21:49:02"
"gaussian_d10","gaussian",10,199,10,7,9107,"stat_mean","mean",TRUE,"ascend","999",0.05,3,1,0.968253968253968,0.984126984126984,0.892857142857143,16,2,0.588949964907601,0.431997914395983,0,0,0.441646099090576,"ok","-","2026-09-05 21:49:02"
"gaussian_d10","gaussian",10,199,10,8,9108,"stat_mean","mean",TRUE,"ascend","999",0.05,3,1,0.936507936507937,0.968253968253968,0.806451612903226,22,2,0.80931132516238,0.539089419701632,0,0,0.357528924942017,"ok","-","2026-09-05 21:49:03"
"gaussian_d10","gaussian",10,199,10,9,9109,"stat_mean","mean",TRUE,"ascend","999",0.05,3,1,0.947089947089947,0.973544973544973,0.833333333333333,20,2,0.748073115205894,0.461022435810994,0,0,0.326833963394165,"ok","-","2026-09-05 21:49:03"
"gaussian_d10","gaussian",10,199,10,10,9110,"stat_mean","mean",TRUE,"ascend","999",0.05,3,1,0.957671957671958,0.978835978835979,0.862068965517241,18,2,0.587297712906674,0.185611537965203,0,0,0.686271905899048,"ok","-","2026-09-05 21:49:04"
"gaussian_d10","gaussian",10,199,10,11,9111,"stat_mean","mean",TRUE,"ascend","999",0.05,3,1,0.957671957671958,0.978835978835979,0.862068965517241,18,2,0.665374684949927,0.496347970086972,0,0,0.645586967468262,"ok","-","2026-09-05 21:49:04"
"gaussian_d10","gaussian",10,199,10,12,9112,"stat_mean","mean",TRUE,"ascend","999",0.05,3,1,0.952380952380952,0.976190476190476,0.847457627118644,19,2,0.70115638006083,0.626359367398157,0,0,0.504158020019531,"ok","-","2026-09-05 21:49:05"
"gaussian_d10","gaussian",10,199,10,13,9113,"stat_mean","mean",TRUE,"ascend","999",0.05,3,1,0.952380952380952,0.976190476190476,0.847457627118644,19,2,0.728977669483989,0.527270349846249,0,0,0.647690773010254,"ok","-","2026-09-05 21:49:05"
"gaussian_d10","gaussian",10,199,10,14,9114,"stat_mean","mean",TRUE,"ascend","999",0.05,3,1,0.904761904761905,0.952380952380952,0.735294117647059,28,2,0.599420838115874,0.385661550113052,0,0,0.583828926086426,"ok","-","2026-09-05 21:49:06"
"gaussian_d10","gaussian",10,199,10,15,9115,"stat_mean","mean",TRUE,"ascend","999",0.05,3,1,0.952380952380952,0.976190476190476,0.847457627118644,19,2,0.706413547610793,0.399333372017655,0,0,0.395080089569092,"ok","-","2026-09-05 21:49:07"
"gaussian_d10","gaussian",10,199,10,16,9116,"stat_mean","mean",TRUE,"ascend","999",0.05,3,1,0.925925925925926,0.962962962962963,0.78125,24,2,0.797990821988386,0.447819460925956,0,0,0.769706010818481,"ok","-","2026-09-05 21:49:07"
"gaussian_d10","gaussian",10,199,10,17,9117,"stat_mean","mean",TRUE,"ascend","999",0.05,3,1,0.925925925925926,0.962962962962963,0.78125,24,2,0.56410682640683,0.405086618045942,0,0,0.434084892272949,"ok","-","2026-09-05 21:49:08"
"gaussian_d10","gaussian",10,199,10,18,9118,"stat_mean","mean",TRUE,"ascend","999",0.05,3,1,0.925925925925926,0.962962962962963,0.78125,24,2,0.683278482547066,0.350150689864818,0,0,0.452991962432861,"ok","-","2026-09-05 21:49:08"
"gaussian_d10","gaussian",10,199,10,19,9119,"stat_mean","mean",TRUE,"ascend","999",0.05,3,1,0.962962962962963,0.981481481481481,0.87719298245614,17,2,0.737467703503441,0.416896047020653,0,0,0.604285955429077,"ok","-","2026-09-05 21:49:09"
"gaussian_d10","gaussian",10,199,10,20,9120,"stat_mean","mean",TRUE,"ascend","999",0.05,3,1,0.957671957671958,0.978835978835979,0.862068965517241,18,2,0.818999699080774,0.376219130393467,0,0,0.53046703338623,"ok","-","2026-09-05 21:49:09"
"gaussian_d10","gaussian",10,199,10,21,9121,"stat_mean","mean",TRUE,"ascend","999",0.05,3,1,0.894179894179894,0.947089947089947,0.714285714285714,30,2,0.679049382831693,0.669039311477768,0,0,0.427030086517334,"ok","-","2026-09-05 21:49:10"
"gaussian_d10","gaussian",10,199,10,22,9122,"stat_mean","mean",TRUE,"ascend","999",0.05,3,1,0.894179894179894,0.947089947089947,0.714285714285714,30,2,0.532222158894745,0.492451966428179,0,0,0.457528829574585,"ok","-","2026-09-05 21:49:10"
"gaussian_d10","gaussian",10,199,10,23,9123,"stat_mean","mean",TRUE,"ascend","999",0.05,3,1,0.957671957671958,0.978835978835979,0.862068965517241,18,2,0.681882933806777,0.400188467696466,0,0,0.495379209518433,"ok","-","2026-09-05 21:49:11"
"gaussian_d10","gaussian",10,199,10,24,9124,"stat_mean","mean",TRUE,"ascend","999",0.05,3,1,0.957671957671958,0.978835978835979,0.862068965517241,18,2,0.62163768012425,0.474988887426546,0,0,0.382144927978516,"ok","-","2026-09-05 21:49:11"
"gaussian_d10","gaussian",10,199,10,25,9125,"stat_mean","mean",TRUE,"ascend","999",0.05,3,1,0.920634920634921,0.96031746031746,0.769230769230769,25,2,0.531436180486806,0.442260538426801,0,0,0.411211013793945,"ok","-","2026-09-05 21:49:12"
"gaussian_d10","gaussian",10,199,10,26,9126,"stat_mean","mean",TRUE,"ascend","999",0.05,3,1,0.878306878306878,0.939153439153439,0.684931506849315,33,2,0.734989564984034,0.561827230512133,0,0,0.522492170333862,"ok","-","2026-09-05 21:49:12"
"gaussian_d10","gaussian",10,199,10,27,9127,"stat_mean","mean",TRUE,"ascend","999",0.05,3,1,0.947089947089947,0.973544973544973,0.833333333333333,20,2,0.817962891358863,0.493090047783876,0,0,0.66263484954834,"ok","-","2026-09-05 21:49:13"
"gaussian_d10","gaussian",10,199,10,28,9128,"stat_mean","mean",TRUE,"ascend","999",0.05,3,1,0.931216931216931,0.965608465608466,0.793650793650793,23,2,0.679290597923797,0.524231698882566,0,0,0.477663040161133,"ok","-","2026-09-05 21:49:14"
"gaussian_d10","gaussian",10,199,10,29,9129,"stat_mean","mean",TRUE,"ascend","999",0.05,3,1,0.883597883597884,0.941798941798942,0.694444444444444,32,2,0.727697123747767,0.414164057566879,0,0,0.417824983596802,"ok","-","2026-09-05 21:49:14"
"gaussian_d10","gaussian",10,199,10,30,9130,"stat_mean","mean",TRUE,"ascend","999",0.05,3,1,0.936507936507937,0.968253968253968,0.806451612903226,22,2,0.75307552409201,0.502616756846883,0,0,0.651251792907715,"ok","-","2026-09-05 21:49:15"
"gaussian_d10","gaussian",10,199,10,31,9131,"stat_mean","mean",TRUE,"ascend","999",0.05,3,1,0.862433862433862,0.931216931216931,0.657894736842105,36,2,0.641845695590431,0.558867204815461,0,0,0.354161977767944,"ok","-","2026-09-05 21:49:15"
"gaussian_d10","gaussian",10,199,10,32,9132,"stat_mean","mean",TRUE,"ascend","999",0.05,3,1,0.920634920634921,0.96031746031746,0.769230769230769,25,2,0.639947188927355,0.463434578057536,0,0,0.604937076568604,"ok","-","2026-09-05 21:49:16"
"gaussian_d10","gaussian",10,199,10,33,9133,"stat_mean","mean",TRUE,"ascend","999",0.05,3,1,0.915343915343915,0.957671957671958,0.757575757575758,26,2,0.678134942676959,0.494919970074189,0,0,0.410766839981079,"ok","-","2026-09-05 21:49:16"
"gaussian_d10","gaussian",10,199,10,34,9134,"stat_mean","mean",TRUE,"ascend","999",0.05,3,1,0.989417989417989,0.994708994708995,0.961538461538461,12,2,0.598062847006561,0.425888765086618,0,0,0.645506143569946,"ok","-","2026-09-05 21:49:17"
"gaussian_d10","gaussian",10,199,10,35,9135,"stat_mean","mean",TRUE,"ascend","999",0.05,3,1,0.941798941798942,0.970899470899471,0.819672131147541,21,2,0.624276219203624,0.398332795210271,0,0,0.635232925415039,"ok","-","2026-09-05 21:49:17"
"gaussian_d10","gaussian",10,199,10,36,9136,"stat_mean","mean",TRUE,"ascend","999",0.05,3,1,0.91005291005291,0.955026455026455,0.746268656716418,27,2,0.629662335037641,0.710252683817226,0,0,0.477138042449951,"ok","-","2026-09-05 21:49:18"
"gaussian_d10","gaussian",10,199,10,37,9137,"stat_mean","mean",TRUE,"ascend","999",0.05,3,1,0.952380952380952,0.976190476190476,0.847457627118644,19,2,0.81431177411647,0.523180032561535,0,0,0.478895902633667,"ok","-","2026-09-05 21:49:18"
"gaussian_d10","gaussian",10,199,10,38,9138,"stat_mean","mean",TRUE,"ascend","999",0.05,3,1,0.941798941798942,0.970899470899471,0.819672131147541,21,2,0.797913511942102,0.575282541514091,0,0,0.447136878967285,"ok","-","2026-09-05 21:49:19"
"gaussian_d10","gaussian",10,199,10,39,9139,"stat_mean","mean",TRUE,"ascend","999",0.05,3,1,0.957671957671958,0.978835978835979,0.862068965517241,18,2,0.576540152445458,0.460928757334202,0,0,0.512789011001587,"ok","-","2026-09-05 21:49:19"
"gaussian_d10","gaussian",10,199,10,40,9140,"stat_mean","mean",TRUE,"ascend","999",0.05,3,1,0.899470899470899,0.94973544973545,0.72463768115942,29,2,0.687952750633283,0.407500253610949,0,0,0.388755083084106,"ok","-","2026-09-05 21:49:20"
"gaussian_d10","gaussian",10,199,10,41,9141,"stat_mean","mean",TRUE,"ascend","999",0.05,3,1,0.888888888888889,0.944444444444444,0.704225352112676,31,2,0.735411122016658,0.212566816618822,0,0,0.481127977371216,"ok","-","2026-09-05 21:49:20"
"gaussian_d10","gaussian",10,199,10,42,9142,"stat_mean","mean",TRUE,"ascend","999",0.05,3,1,0.957671957671958,0.978835978835979,0.862068965517241,18,2,0.642686816912049,0.55556825781227,0,0,0.804000854492188,"ok","-","2026-09-05 21:49:21"
"gaussian_d10","gaussian",10,199,10,43,9143,"stat_mean","mean",TRUE,"ascend","999",0.05,3,1,0.957671957671958,0.978835978835979,0.862068965517241,18,2,0.663492962563751,0.488110193351799,0,0,0.377827882766724,"ok","-","2026-09-05 21:49:22"
"gaussian_d10","gaussian",10,199,10,44,9144,"stat_mean","mean",TRUE,"ascend","999",0.05,3,1,0.873015873015873,0.936507936507937,0.675675675675676,34,2,0.681867968352359,0.428594848328333,0,0,0.32831597328186,"ok","-","2026-09-05 21:49:22"
"gaussian_d10","gaussian",10,199,10,45,9145,"stat_mean","mean",TRUE,"ascend","999",0.05,3,1,0.862433862433862,0.931216931216931,0.657894736842105,36,2,0.7318078000394,0.38878237597795,0,0,0.305415153503418,"ok","-","2026-09-05 21:49:22"
"gaussian_d10","gaussian",10,199,10,46,9146,"stat_mean","mean",TRUE,"ascend","999",0.05,3,1,0.936507936507937,0.968253968253968,0.806451612903226,22,2,0.746233082055236,0.316396255422108,0,0,0.562998056411743,"ok","-","2026-09-05 21:49:23"
"gaussian_d10","gaussian",10,199,10,47,9147,"stat_mean","mean",TRUE,"ascend","999",0.05,3,1,0.91005291005291,0.955026455026455,0.746268656716418,27,2,0.557325693687517,0.298771724371269,0,0,0.385792016983032,"ok","-","2026-09-05 21:49:23"
"gaussian_d10","gaussian",10,199,10,48,9148,"stat_mean","mean",TRUE,"ascend","999",0.05,3,1,0.936507936507937,0.968253968253968,0.806451612903226,22,2,0.607748166309221,0.41626505011881,0,0,0.641688823699951,"ok","-","2026-09-05 21:49:24"
"gaussian_d10","gaussian",10,199,10,49,9149,"stat_mean","mean",TRUE,"ascend","999",0.05,3,1,0.947089947089947,0.973544973544973,0.833333333333333,20,2,0.533114620226305,0.502787427097692,0,0,0.327816963195801,"ok","-","2026-09-05 21:49:24"
"gaussian_d10","gaussian",10,199,10,50,9150,"stat_mean","mean",TRUE,"ascend","999",0.05,3,1,0.873015873015873,0.936507936507937,0.675675675675676,34,2,0.790553955712904,0.511124749460489,0,0,0.563399076461792,"ok","-","2026-09-05 21:49:25"
"gaussian_d10","gaussian",10,199,10,51,9151,"stat_mean","mean",TRUE,"ascend","999",0.05,3,1,0.915343915343915,0.957671957671958,0.757575757575758,26,2,0.716863765532926,0.41144585616589,0,0,0.548163890838623,"ok","-","2026-09-05 21:49:25"
"gaussian_d10","gaussian",10,199,10,52,9152,"stat_mean","mean",TRUE,"ascend","999",0.05,3,1,0.936507936507937,0.968253968253968,0.806451612903226,22,2,0.723439778309656,0.538540115550563,0,0,0.466521024703979,"ok","-","2026-09-05 21:49:26"
"gaussian_d10","gaussian",10,199,10,53,9153,"stat_mean","mean",TRUE,"ascend","999",0.05,3,1,0.941798941798942,0.970899470899471,0.819672131147541,21,2,0.618167352899248,0.460505943214007,0,0,0.466261148452759,"ok","-","2026-09-05 21:49:26"
"gaussian_d10","gaussian",10,199,10,54,9154,"stat_mean","mean",TRUE,"ascend","999",0.05,3,1,0.978835978835979,0.989417989417989,0.925925925925926,14,2,0.549666657399109,0.334809531643508,0,0,0.49193811416626,"ok","-","2026-09-05 21:49:27"
"gaussian_d10","gaussian",10,199,10,55,9155,"stat_mean","mean",TRUE,"ascend","999",0.05,3,1,0.936507936507937,0.968253968253968,0.806451612903226,22,2,0.657975955737324,0.481758057786185,0,0,0.309282064437866,"ok","-","2026-09-05 21:49:27"
"gaussian_d10","gaussian",10,199,10,56,9156,"stat_mean","mean",TRUE,"ascend","999",0.05,3,1,0.931216931216931,0.965608465608466,0.793650793650793,23,2,0.778446514846739,0.593298879925173,0,0,0.482556104660034,"ok","-","2026-09-05 21:49:28"
"gaussian_d10","gaussian",10,199,10,57,9157,"stat_mean","mean",TRUE,"ascend","999",0.05,3,1,0.915343915343915,0.957671957671958,0.757575757575758,26,2,0.702735596379767,0.532768843587872,0,0,0.402188777923584,"ok","-","2026-09-05 21:49:28"
"gaussian_d10","gaussian",10,199,10,58,9158,"stat_mean","mean",TRUE,"ascend","999",0.05,3,1,0.904761904761905,0.952380952380952,0.735294117647059,28,2,0.555337721652469,0.504157157640029,0,0,0.430338859558105,"ok","-","2026-09-05 21:49:29"
"gaussian_d10","gaussian",10,199,10,59,9159,"stat_mean","mean",TRUE,"ascend","999",0.05,3,1,0.973544973544973,0.986772486772487,0.909090909090909,15,2,0.780437520806732,0.381752469181186,0,0,0.472191095352173,"ok","-","2026-09-05 21:49:29"
"gaussian_d10","gaussian",10,199,10,60,9160,"stat_mean","mean",TRUE,"ascend","999",0.05,3,1,0.941798941798942,0.970899470899471,0.819672131147541,21,2,0.695711626690602,0.413431055677452,0,0,0.666038990020752,"ok","-","2026-09-05 21:49:30"
"gaussian_d10","gaussian",10,199,10,61,9161,"stat_mean","mean",TRUE,"ascend","999",0.05,3,1,0.984126984126984,0.992063492063492,0.943396226415094,13,2,0.847616632521279,0.351433070028266,0,0,0.663898944854736,"ok","-","2026-09-05 21:49:31"
"gaussian_d10","gaussian",10,199,10,62,9162,"stat_mean","mean",TRUE,"ascend","999",0.05,3,1,0.894179894179894,0.947089947089947,0.714285714285714,30,2,0.640542505050779,0.564554494824864,0,0,0.295911073684692,"ok","-","2026-09-05 21:49:31"
"gaussian_d10","gaussian",10,199,10,63,9163,"stat_mean","mean",TRUE,"ascend","999",0.05,3,1,0.904761904761905,0.952380952380952,0.735294117647059,28,2,0.783034902080462,0.390352887100016,0,0,0.487433910369873,"ok","-","2026-09-05 21:49:31"
"gaussian_d10","gaussian",10,199,10,64,9164,"stat_mean","mean",TRUE,"ascend","999",0.05,3,1,0.978835978835979,0.989417989417989,0.925925925925926,14,2,0.546447084372116,0.493976759677802,0,0,0.497946977615356,"ok","-","2026-09-05 21:49:32"
"gaussian_d10","gaussian",10,199,10,65,9165,"stat_mean","mean",TRUE,"ascend","999",0.05,3,1,0.947089947089947,0.973544973544973,0.833333333333333,20,2,0.635313965742592,0.325259676921064,0,0,0.628139019012451,"ok","-","2026-09-05 21:49:33"
"gaussian_d10","gaussian",10,199,10,66,9166,"stat_mean","mean",TRUE,"ascend","999",0.05,3,1,0.899470899470899,0.94973544973545,0.72463768115942,29,2,0.723774387880697,0.541261264711954,0,0,0.442903995513916,"ok","-","2026-09-05 21:49:33"
"gaussian_d10","gaussian",10,199,10,67,9167,"stat_mean","mean",TRUE,"ascend","999",0.05,3,1,0.867724867724868,0.933862433862434,0.666666666666667,35,2,0.785878442792117,0.468107633101686,0,0,0.459727048873901,"ok","-","2026-09-05 21:49:34"
"gaussian_d10","gaussian",10,199,10,68,9168,"stat_mean","mean",TRUE,"ascend","999",0.05,3,1,0.915343915343915,0.957671957671958,0.757575757575758,26,2,0.699198925675875,0.528134736878021,0,0,0.468847036361694,"ok","-","2026-09-05 21:49:34"
"gaussian_d10","gaussian",10,199,10,69,9169,"stat_mean","mean",TRUE,"ascend","999",0.05,3,1,0.947089947089947,0.973544973544973,0.833333333333333,20,2,0.753346203385702,0.305076194675546,0,0,0.644295930862427,"ok","-","2026-09-05 21:49:35"
"gaussian_d10","gaussian",10,199,10,70,9170,"stat_mean","mean",TRUE,"ascend","999",0.05,3,1,0.936507936507937,0.968253968253968,0.806451612903226,22,2,0.619251106064393,0.30514104759841,0,0,0.421910047531128,"ok","-","2026-09-05 21:49:35"
"gaussian_d10","gaussian",10,199,10,71,9171,"stat_mean","mean",TRUE,"ascend","999",0.05,3,1,0.888888888888889,0.944444444444444,0.704225352112676,31,2,0.626790426333414,0.249307247894595,0,0,0.278234958648682,"ok","-","2026-09-05 21:49:36"
"gaussian_d10","gaussian",10,199,10,72,9172,"stat_mean","mean",TRUE,"ascend","999",0.05,3,1,0.936507936507937,0.968253968253968,0.806451612903226,22,2,0.785359968634723,0.666515487330468,0,0,0.4736487865448,"ok","-","2026-09-05 21:49:36"
"gaussian_d10","gaussian",10,199,10,73,9173,"stat_mean","mean",TRUE,"ascend","999",0.05,3,1,0.962962962962963,0.981481481481481,0.87719298245614,17,2,0.674457704208588,0.474352177231863,0,0,0.619645118713379,"ok","-","2026-09-05 21:49:37"
"gaussian_d10","gaussian",10,199,10,74,9174,"stat_mean","mean",TRUE,"ascend","999",0.05,3,1,0.883597883597884,0.941798941798942,0.694444444444444,32,2,0.618153072090824,0.461024972855741,0,0,0.382385969161987,"ok","-","2026-09-05 21:49:37"
"gaussian_d10","gaussian",10,199,10,75,9175,"stat_mean","mean",TRUE,"ascend","999",0.05,3,1,0.947089947089947,0.973544973544973,0.833333333333333,20,2,0.648601204482,0.391059670926414,0,0,0.546080827713013,"ok","-","2026-09-05 21:49:38"
"gaussian_d10","gaussian",10,199,10,76,9176,"stat_mean","mean",TRUE,"ascend","999",0.05,3,1,0.841269841269841,0.920634920634921,0.625,40,2,0.623647696393066,0.229178308662258,0,0,0.412474870681763,"ok","-","2026-09-05 21:49:38"
"gaussian_d10","gaussian",10,199,10,77,9177,"stat_mean","mean",TRUE,"ascend","999",0.05,3,1,0.947089947089947,0.973544973544973,0.833333333333333,20,2,0.581101283891706,0.546532116098431,0,0,0.534725904464722,"ok","-","2026-09-05 21:49:39"
"gaussian_d10","gaussian",10,199,10,78,9178,"stat_mean","mean",TRUE,"ascend","999",0.05,3,1,0.899470899470899,0.94973544973545,0.72463768115942,29,2,0.711844056523058,0.629009987123462,0,0,0.574411869049072,"ok","-","2026-09-05 21:49:39"
"gaussian_d10","gaussian",10,199,10,79,9179,"stat_mean","mean",TRUE,"ascend","999",0.05,3,1,0.920634920634921,0.96031746031746,0.769230769230769,25,2,0.64410814985824,0.547758979375042,0,0,0.425021886825562,"ok","-","2026-09-05 21:49:40"
"gaussian_d10","gaussian",10,199,10,80,9180,"stat_mean","mean",TRUE,"ascend","999",0.05,3,1,0.899470899470899,0.94973544973545,0.72463768115942,29,2,0.830246697811846,0.468502432556495,0,0,0.741946935653687,"ok","-","2026-09-05 21:49:41"
"gaussian_d10","gaussian",10,199,10,81,9181,"stat_mean","mean",TRUE,"ascend","999",0.05,3,1,0.968253968253968,0.984126984126984,0.892857142857143,16,2,0.67217969262511,0.395106604977119,0,0,0.499829053878784,"ok","-","2026-09-05 21:49:41"
"gaussian_d10","gaussian",10,199,10,82,9182,"stat_mean","mean",TRUE,"ascend","999",0.05,3,1,0.957671957671958,0.978835978835979,0.862068965517241,18,2,0.685163914457707,0.425016714896806,0,0,0.594414949417114,"ok","-","2026-09-05 21:49:42"
"gaussian_d10","gaussian",10,199,10,83,9183,"stat_mean","mean",TRUE,"ascend","999",0.05,3,1,0.936507936507937,0.968253968253968,0.806451612903226,22,2,0.76662489457137,0.49974337337133,0,0,0.540911197662354,"ok","-","2026-09-05 21:49:42"
"gaussian_d10","gaussian",10,199,10,84,9184,"stat_mean","mean",TRUE,"ascend","999",0.05,3,1,0.941798941798942,0.970899470899471,0.819672131147541,21,2,0.597234184505457,0.416464041145864,0,0,0.477391958236694,"ok","-","2026-09-05 21:49:43"
"gaussian_d10","gaussian",10,199,10,85,9185,"stat_mean","mean",TRUE,"ascend","999",0.05,3,1,0.957671957671958,0.978835978835979,0.862068965517241,18,2,0.573633138377113,0.331726578474256,0,0,0.415563106536865,"ok","-","2026-09-05 21:49:43"
"gaussian_d10","gaussian",10,199,10,86,9186,"stat_mean","mean",TRUE,"ascend","999",0.05,3,1,0.936507936507937,0.968253968253968,0.806451612903226,22,2,0.731414922994798,0.400584102174255,0,0,0.565345048904419,"ok","-","2026-09-05 21:49:44"
"gaussian_d10","gaussian",10,199,10,87,9187,"stat_mean","mean",TRUE,"ascend","999",0.05,3,1,0.830687830687831,0.915343915343915,0.609756097560976,42,2,0.744391281139339,0.457209246454355,0,0,0.474085092544556,"ok","-","2026-09-05 21:49:44"
"gaussian_d10","gaussian",10,199,10,88,9188,"stat_mean","mean",TRUE,"ascend","999",0.05,3,1,0.925925925925926,0.962962962962963,0.78125,24,2,0.527822315295665,0.473899354290505,0,0,0.541049957275391,"ok","-","2026-09-05 21:49:45"
"gaussian_d10","gaussian",10,199,10,89,9189,"stat_mean","mean",TRUE,"ascend","999",0.05,3,1,0.952380952380952,0.976190476190476,0.847457627118644,19,2,0.645341261001123,0.439755923716293,0,0,0.374480962753296,"ok","-","2026-09-05 21:49:45"
"gaussian_d10","gaussian",10,199,10,90,9190,"stat_mean","mean",TRUE,"ascend","999",0.05,3,1,0.947089947089947,0.973544973544973,0.833333333333333,20,2,0.612611438009916,0.211235131050146,0,0,0.579629898071289,"ok","-","2026-09-05 21:49:46"
"gaussian_d10","gaussian",10,199,10,91,9191,"stat_mean","mean",TRUE,"ascend","999",0.05,3,1,0.91005291005291,0.955026455026455,0.746268656716418,27,2,0.673598479569942,0.376700383718036,0,0,0.420874118804932,"ok","-","2026-09-05 21:49:46"
"gaussian_d10","gaussian",10,199,10,92,9192,"stat_mean","mean",TRUE,"ascend","999",0.05,3,1,0.957671957671958,0.978835978835979,0.862068965517241,18,2,0.627371116940717,0.314635272874902,0,0,0.578468084335327,"ok","-","2026-09-05 21:49:47"
"gaussian_d10","gaussian",10,199,10,93,9193,"stat_mean","mean",TRUE,"ascend","999",0.05,3,1,0.91005291005291,0.955026455026455,0.746268656716418,27,2,0.840693441943971,0.466670327446557,0,0,0.459204912185669,"ok","-","2026-09-05 21:49:47"
"gaussian_d10","gaussian",10,199,10,94,9194,"stat_mean","mean",TRUE,"ascend","999",0.05,3,1,0.952380952380952,0.976190476190476,0.847457627118644,19,2,0.750702067632144,0.523132116710314,0,0,0.497754812240601,"ok","-","2026-09-05 21:49:48"
"gaussian_d10","gaussian",10,199,10,95,9195,"stat_mean","mean",TRUE,"ascend","999",0.05,3,1,0.798941798941799,0.8994708994709,0.568181818181818,48,2,0.628947037205435,0.57468111289282,0,0,0.422651052474976,"ok","-","2026-09-05 21:49:48"
"gaussian_d10","gaussian",10,199,10,96,9196,"stat_mean","mean",TRUE,"ascend","999",0.05,3,1,0.899470899470899,0.94973544973545,0.72463768115942,29,2,0.766528610579105,0.411941816509327,0,0,0.588708162307739,"ok","-","2026-09-05 21:49:49"
"gaussian_d10","gaussian",10,199,10,97,9197,"stat_mean","mean",TRUE,"ascend","999",0.05,3,1,0.920634920634921,0.96031746031746,0.769230769230769,25,2,0.693171390877864,0.565083429038683,0,0,0.368957996368408,"ok","-","2026-09-05 21:49:49"
"gaussian_d10","gaussian",10,199,10,98,9198,"stat_mean","mean",TRUE,"ascend","999",0.05,3,1,0.920634920634921,0.96031746031746,0.769230769230769,25,2,0.669396720243045,0.328121945150446,0,0,0.446760177612305,"ok","-","2026-09-05 21:49:50"
"gaussian_d10","gaussian",10,199,10,99,9199,"stat_mean","mean",TRUE,"ascend","999",0.05,3,1,0.962962962962963,0.981481481481481,0.87719298245614,17,2,0.60729091322271,0.215532829052226,0,0,0.62491512298584,"ok","-","2026-09-05 21:49:51"
"gaussian_d10","gaussian",10,199,10,100,9200,"stat_mean","mean",TRUE,"ascend","999",0.05,3,1,0.952380952380952,0.976190476190476,0.847457627118644,19,2,0.717292874214797,0.200629008155463,0,0,0.403221130371094,"ok","-","2026-09-05 21:49:51"
"gaussian_d10","gaussian",10,199,10,2,9102,"stat_median","median",TRUE,"ascend","999",0.05,3,1,0.947089947089947,0.973544973544973,0.833333333333333,20,2,0.543972160690845,0.162689941517529,0,0,0.555479049682617,"ok","-","2026-09-05 21:49:52"
"gaussian_d10","gaussian",10,199,10,3,9103,"stat_median","median",TRUE,"ascend","999",0.05,3,1,0.957671957671958,0.978835978835979,0.862068965517241,18,2,0.636594130652002,0.426416465530026,0,0,0.743090867996216,"ok","-","2026-09-05 21:49:52"
"gaussian_d10","gaussian",10,199,10,4,9104,"stat_median","median",TRUE,"ascend","999",0.05,3,1,0.957671957671958,0.978835978835979,0.862068965517241,18,2,0.77455092026583,0.460743319322701,0,0,0.872595071792603,"ok","-","2026-09-05 21:49:53"
"gaussian_d10","gaussian",10,199,10,5,9105,"stat_median","median",TRUE,"ascend","999",0.05,3,1,0.962962962962963,0.981481481481481,0.87719298245614,17,2,0.825092484936253,0.443580032419716,0,0,0.649358987808228,"ok","-","2026-09-05 21:49:54"
"gaussian_d10","gaussian",10,199,10,6,9106,"stat_median","median",TRUE,"ascend","999",0.05,3,1,0.915343915343915,0.957671957671958,0.757575757575758,26,2,0.792844198592847,0.580941181971855,0,0,0.66909384727478,"ok","-","2026-09-05 21:49:55"
"gaussian_d10","gaussian",10,199,10,7,9107,"stat_median","median",TRUE,"ascend","999",0.05,3,1,0.968253968253968,0.984126984126984,0.892857142857143,16,2,0.608275567709638,0.434005703585728,0,0,0.501313924789429,"ok","-","2026-09-05 21:49:55"
"gaussian_d10","gaussian",10,199,10,8,9108,"stat_median","median",TRUE,"ascend","999",0.05,3,1,0.984126984126984,0.992063492063492,0.943396226415094,13,2,0.836053940828265,0.537915294807253,0,0,0.794682025909424,"ok","-","2026-09-05 21:49:56"
"gaussian_d10","gaussian",10,199,10,9,9109,"stat_median","median",TRUE,"ascend","999",0.05,3,1,0.952380952380952,0.976190476190476,0.847457627118644,19,2,0.77276221218185,0.460740289423757,0,0,0.71962308883667,"ok","-","2026-09-05 21:49:57"
"gaussian_d10","gaussian",10,199,10,10,9110,"stat_median","median",TRUE,"ascend","999",0.05,3,1,0.962962962962963,0.981481481481481,0.87719298245614,17,2,0.607301796109314,0.191263481332999,0,0,0.441567897796631,"ok","-","2026-09-05 21:49:57"
"gaussian_d10","gaussian",10,199,10,11,9111,"stat_median","median",TRUE,"ascend","999",0.05,3,1,0.978835978835979,0.989417989417989,0.925925925925926,14,2,0.690306019935454,0.496965814563627,0,0,0.665143013000488,"ok","-","2026-09-05 21:49:58"
"gaussian_d10","gaussian",10,199,10,12,9112,"stat_median","median",TRUE,"ascend","999",0.05,3,1,0.931216931216931,0.965608465608466,0.793650793650793,23,2,0.715536304828041,0.624785253028292,0,0,0.644016027450562,"ok","-","2026-09-05 21:49:59"
"gaussian_d10","gaussian",10,199,10,13,9113,"stat_median","median",TRUE,"ascend","999",0.05,3,1,0.947089947089947,0.973544973544973,0.833333333333333,20,2,0.748470069913648,0.525804775159098,0,0,0.559769153594971,"ok","-","2026-09-05 21:49:59"
"gaussian_d10","gaussian",10,199,10,14,9114,"stat_median","median",TRUE,"ascend","999",0.05,3,1,0.947089947089947,0.973544973544973,0.833333333333333,20,2,0.620564854417497,0.389014243009221,0,0,0.425881147384644,"ok","-","2026-09-05 21:50:00"
"gaussian_d10","gaussian",10,199,10,15,9115,"stat_median","median",TRUE,"ascend","999",0.05,3,1,0.968253968253968,0.984126984126984,0.892857142857143,16,2,0.726004448153765,0.400725456923695,0,0,0.469105958938599,"ok","-","2026-09-05 21:50:00"
"gaussian_d10","gaussian",10,199,10,16,9116,"stat_median","median",TRUE,"ascend","999",0.05,3,1,0.962962962962963,0.981481481481481,0.87719298245614,17,2,0.823977421305467,0.446614761906418,0,0,0.724256992340088,"ok","-","2026-09-05 21:50:01"
"gaussian_d10","gaussian",10,199,10,17,9117,"stat_median","median",TRUE,"ascend","999",0.05,3,1,0.947089947089947,0.973544973544973,0.833333333333333,20,2,0.583438805228699,0.406108777569959,0,0,0.887207984924316,"ok","-","2026-09-05 21:50:02"
"gaussian_d10","gaussian",10,199,10,18,9118,"stat_median","median",TRUE,"ascend","999",0.05,3,1,0.925925925925926,0.962962962962963,0.78125,24,2,0.700716687268907,0.350811411645226,0,0,0.659041881561279,"ok","-","2026-09-05 21:50:03"
"gaussian_d10","gaussian",10,199,10,19,9119,"stat_median","median",TRUE,"ascend","999",0.05,3,1,0.952380952380952,0.976190476190476,0.847457627118644,19,2,0.767848536110036,0.419016928494614,0,0,0.59632396697998,"ok","-","2026-09-05 21:50:03"
"gaussian_d10","gaussian",10,199,10,20,9120,"stat_median","median",TRUE,"ascend","999",0.05,3,1,0.957671957671958,0.978835978835979,0.862068965517241,18,2,0.847792069334319,0.376714694129131,0,0,0.893379211425781,"ok","-","2026-09-05 21:50:04"
"gaussian_d10","gaussian",10,199,10,21,9121,"stat_median","median",TRUE,"ascend","999",0.05,3,1,0.952380952380952,0.976190476190476,0.847457627118644,19,2,0.697417342599935,0.666653700009916,0,0,0.572848081588745,"ok","-","2026-09-05 21:50:05"
"gaussian_d10","gaussian",10,199,10,22,9122,"stat_median","median",TRUE,"ascend","999",0.05,3,1,0.883597883597884,0.941798941798942,0.694444444444444,32,2,0.549317269716767,0.490884872866679,0,0,0.570677995681763,"ok","-","2026-09-05 21:50:05"
"gaussian_d10","gaussian",10,199,10,23,9123,"stat_median","median",TRUE,"ascend","999",0.05,3,1,0.947089947089947,0.973544973544973,0.833333333333333,20,2,0.69986176550248,0.40094900346652,0,0,0.615787029266357,"ok","-","2026-09-05 21:50:06"
"gaussian_d10","gaussian",10,199,10,24,9124,"stat_median","median",TRUE,"ascend","999",0.05,3,1,0.962962962962963,0.981481481481481,0.87719298245614,17,2,0.638259636297624,0.477949898665491,0,0,0.597540140151978,"ok","-","2026-09-05 21:50:07"
"gaussian_d10","gaussian",10,199,10,25,9125,"stat_median","median",TRUE,"ascend","999",0.05,3,1,0.915343915343915,0.957671957671958,0.757575757575758,26,2,0.543813044321948,0.441790689581528,0,0,0.514746189117432,"ok","-","2026-09-05 21:50:07"
"gaussian_d10","gaussian",10,199,10,26,9126,"stat_median","median",TRUE,"ascend","999",0.05,3,1,0.894179894179894,0.947089947089947,0.714285714285714,30,2,0.754162434717124,0.562400379467981,0,0,0.653390884399414,"ok","-","2026-09-05 21:50:08"
"gaussian_d10","gaussian",10,199,10,27,9127,"stat_median","median",TRUE,"ascend","999",0.05,3,1,0.931216931216931,0.965608465608466,0.793650793650793,23,2,0.847818616714716,0.489655463226225,0,0,0.540916204452515,"ok","-","2026-09-05 21:50:08"
"gaussian_d10","gaussian",10,199,10,28,9128,"stat_median","median",TRUE,"ascend","999",0.05,3,1,0.936507936507937,0.968253968253968,0.806451612903226,22,2,0.705370748987621,0.529000061126392,0,0,0.55883002281189,"ok","-","2026-09-05 21:50:09"
"gaussian_d10","gaussian",10,199,10,29,9129,"stat_median","median",TRUE,"ascend","999",0.05,3,1,0.883597883597884,0.941798941798942,0.694444444444444,32,2,0.752492325281656,0.414838622431574,0,0,0.444725036621094,"ok","-","2026-09-05 21:50:09"
"gaussian_d10","gaussian",10,199,10,30,9130,"stat_median","median",TRUE,"ascend","999",0.05,3,1,0.894179894179894,0.947089947089947,0.714285714285714,30,2,0.777157305754484,0.502052361068065,0,0,0.641061067581177,"ok","-","2026-09-05 21:50:10"
"gaussian_d10","gaussian",10,199,10,31,9131,"stat_median","median",TRUE,"ascend","999",0.05,3,1,0.957671957671958,0.978835978835979,0.862068965517241,18,2,0.66046307960464,0.558245246878316,0,0,0.335108995437622,"ok","-","2026-09-05 21:50:10"
"gaussian_d10","gaussian",10,199,10,32,9132,"stat_median","median",TRUE,"ascend","999",0.05,3,1,0.957671957671958,0.978835978835979,0.862068965517241,18,2,0.66339826855621,0.462519100821284,0,0,0.435734987258911,"ok","-","2026-09-05 21:50:11"
"gaussian_d10","gaussian",10,199,10,33,9133,"stat_median","median",TRUE,"ascend","999",0.05,3,1,0.915343915343915,0.957671957671958,0.757575757575758,26,2,0.696579050607679,0.494797286296449,0,0,0.441522836685181,"ok","-","2026-09-05 21:50:11"
"gaussian_d10","gaussian",10,199,10,34,9134,"stat_median","median",TRUE,"ascend","999",0.05,3,1,0.952380952380952,0.976190476190476,0.847457627118644,19,2,0.61476063385898,0.426486575975728,0,0,0.761536121368408,"ok","-","2026-09-05 21:50:12"
"gaussian_d10","gaussian",10,199,10,35,9135,"stat_median","median",TRUE,"ascend","999",0.05,3,1,0.984126984126984,0.992063492063492,0.943396226415094,13,2,0.648734656953027,0.398271020895786,0,0,0.851339101791382,"ok","-","2026-09-05 21:50:13"
"gaussian_d10","gaussian",10,199,10,36,9136,"stat_median","median",TRUE,"ascend","999",0.05,3,1,0.899470899470899,0.94973544973545,0.72463768115942,29,2,0.645275486385657,0.707645195758137,0,0,0.611404895782471,"ok","-","2026-09-05 21:50:14"
"gaussian_d10","gaussian",10,199,10,37,9137,"stat_median","median",TRUE,"ascend","999",0.05,3,1,0.968253968253968,0.984126984126984,0.892857142857143,16,2,0.83798552424205,0.521526349452562,0,0,0.772701978683472,"ok","-","2026-09-05 21:50:15"
"gaussian_d10","gaussian",10,199,10,38,9138,"stat_median","median",TRUE,"ascend","999",0.05,3,1,0.925925925925926,0.962962962962963,0.78125,24,2,0.822176147677501,0.572410972490236,0,0,0.36872386932373,"ok","-","2026-09-05 21:50:15"
"gaussian_d10","gaussian",10,199,10,39,9139,"stat_median","median",TRUE,"ascend","999",0.05,3,1,0.973544973544973,0.986772486772487,0.909090909090909,15,2,0.592613350727019,0.460410784051387,0,0,0.486299991607666,"ok","-","2026-09-05 21:50:15"
"gaussian_d10","gaussian",10,199,10,40,9140,"stat_median","median",TRUE,"ascend","999",0.05,3,1,0.883597883597884,0.941798941798942,0.694444444444444,32,2,0.705938795489269,0.407060606959036,0,0,0.571160078048706,"ok","-","2026-09-05 21:50:16"
"gaussian_d10","gaussian",10,199,10,41,9141,"stat_median","median",TRUE,"ascend","999",0.05,3,1,0.904761904761905,0.952380952380952,0.735294117647059,28,2,0.761596174642484,0.218993682974126,0,0,0.512219905853271,"ok","-","2026-09-05 21:50:17"
"gaussian_d10","gaussian",10,199,10,42,9142,"stat_median","median",TRUE,"ascend","999",0.05,3,1,0.994708994708995,0.997354497354497,0.980392156862745,11,2,0.660886599853301,0.553617208718861,0,0,0.645150899887085,"ok","-","2026-09-05 21:50:17"
"gaussian_d10","gaussian",10,199,10,43,9143,"stat_median","median",TRUE,"ascend","999",0.05,3,1,0.957671957671958,0.978835978835979,0.862068965517241,18,2,0.685208869913805,0.486741701950748,0,0,0.45722484588623,"ok","-","2026-09-05 21:50:18"
"gaussian_d10","gaussian",10,199,10,44,9144,"stat_median","median",TRUE,"ascend","999",0.05,3,1,0.962962962962963,0.981481481481481,0.87719298245614,17,2,0.700301630688437,0.430906382098632,0,0,0.664623022079468,"ok","-","2026-09-05 21:50:18"
"gaussian_d10","gaussian",10,199,10,45,9145,"stat_median","median",TRUE,"ascend","999",0.05,3,1,0.952380952380952,0.976190476190476,0.847457627118644,19,2,0.756376411038629,0.38731683230996,0,0,0.488768815994263,"ok","-","2026-09-05 21:50:19"
"gaussian_d10","gaussian",10,199,10,46,9146,"stat_median","median",TRUE,"ascend","999",0.05,3,1,0.91005291005291,0.955026455026455,0.746268656716418,27,2,0.772317571561939,0.317685943186531,0,0,0.568112850189209,"ok","-","2026-09-05 21:50:20"
"gaussian_d10","gaussian",10,199,10,47,9147,"stat_median","median",TRUE,"ascend","999",0.05,3,1,0.894179894179894,0.947089947089947,0.714285714285714,30,2,0.578102009902895,0.302817157294607,0,0,0.572236061096191,"ok","-","2026-09-05 21:50:20"
"gaussian_d10","gaussian",10,199,10,48,9148,"stat_median","median",TRUE,"ascend","999",0.05,3,1,0.962962962962963,0.981481481481481,0.87719298245614,17,2,0.626279171753709,0.416671495767616,0,0,0.519180059432983,"ok","-","2026-09-05 21:50:21"
"gaussian_d10","gaussian",10,199,10,49,9149,"stat_median","median",TRUE,"ascend","999",0.05,3,1,0.962962962962963,0.981481481481481,0.87719298245614,17,2,0.545713404298529,0.502361752760298,0,0,0.435809850692749,"ok","-","2026-09-05 21:50:21"
"gaussian_d10","gaussian",10,199,10,50,9150,"stat_median","median",TRUE,"ascend","999",0.05,3,1,0.899470899470899,0.94973544973545,0.72463768115942,29,2,0.813358750063358,0.510423103929038,0,0,0.66163182258606,"ok","-","2026-09-05 21:50:22"
"gaussian_d10","gaussian",10,199,10,51,9151,"stat_median","median",TRUE,"ascend","999",0.05,3,1,0.931216931216931,0.965608465608466,0.793650793650793,23,2,0.745634955944012,0.409971085828263,0,0,0.475340843200684,"ok","-","2026-09-05 21:50:22"
"gaussian_d10","gaussian",10,199,10,52,9152,"stat_median","median",TRUE,"ascend","999",0.05,3,1,0.936507936507937,0.968253968253968,0.806451612903226,22,2,0.75090787398203,0.541503390106139,0,0,0.522529125213623,"ok","-","2026-09-05 21:50:23"
"gaussian_d10","gaussian",10,199,10,53,9153,"stat_median","median",TRUE,"ascend","999",0.05,3,1,0.973544973544973,0.986772486772487,0.909090909090909,15,2,0.634585636209402,0.460879493708756,0,0,0.60762095451355,"ok","-","2026-09-05 21:50:24"
"gaussian_d10","gaussian",10,199,10,54,9154,"stat_median","median",TRUE,"ascend","999",0.05,3,1,0.978835978835979,0.989417989417989,0.925925925925926,14,2,0.565487797492312,0.335497980447785,0,0,0.530997037887573,"ok","-","2026-09-05 21:50:24"
"gaussian_d10","gaussian",10,199,10,55,9155,"stat_median","median",TRUE,"ascend","999",0.05,3,1,0.936507936507937,0.968253968253968,0.806451612903226,22,2,0.675731500168841,0.480557414211048,0,0,0.385828971862793,"ok","-","2026-09-05 21:50:25"
"gaussian_d10","gaussian",10,199,10,56,9156,"stat_median","median",TRUE,"ascend","999",0.05,3,1,0.947089947089947,0.973544973544973,0.833333333333333,20,2,0.801951507706393,0.591205946963466,0,0,0.417856931686401,"ok","-","2026-09-05 21:50:25"
"gaussian_d10","gaussian",10,199,10,57,9157,"stat_median","median",TRUE,"ascend","999",0.05,3,1,0.941798941798942,0.970899470899471,0.819672131147541,21,2,0.720176805702408,0.531557834675939,0,0,0.569227933883667,"ok","-","2026-09-05 21:50:26"
"gaussian_d10","gaussian",10,199,10,58,9158,"stat_median","median",TRUE,"ascend","999",0.05,3,1,0.915343915343915,0.957671957671958,0.757575757575758,26,2,0.57405519007406,0.503239560497294,0,0,0.502399921417236,"ok","-","2026-09-05 21:50:26"
"gaussian_d10","gaussian",10,199,10,59,9159,"stat_median","median",TRUE,"ascend","999",0.05,3,1,0.978835978835979,0.989417989417989,0.925925925925926,14,2,0.807402513250452,0.38291107300591,0,0,0.597311973571777,"ok","-","2026-09-05 21:50:27"
"gaussian_d10","gaussian",10,199,10,60,9160,"stat_median","median",TRUE,"ascend","999",0.05,3,1,0.941798941798942,0.970899470899471,0.819672131147541,21,2,0.71647082416141,0.414174239108066,0,0,0.482702970504761,"ok","-","2026-09-05 21:50:27"
"gaussian_d10","gaussian",10,199,10,61,9161,"stat_median","median",TRUE,"ascend","999",0.05,3,1,0.947089947089947,0.973544973544973,0.833333333333333,20,2,0.876019107002162,0.352715926446745,0,0,0.779138088226318,"ok","-","2026-09-05 21:50:28"
"gaussian_d10","gaussian",10,199,10,62,9162,"stat_median","median",TRUE,"ascend","999",0.05,3,1,0.931216931216931,0.965608465608466,0.793650793650793,23,2,0.658777500524607,0.563864136140582,0,0,0.560313940048218,"ok","-","2026-09-05 21:50:29"
"gaussian_d10","gaussian",10,199,10,63,9163,"stat_median","median",TRUE,"ascend","999",0.05,3,1,0.936507936507937,0.968253968253968,0.806451612903226,22,2,0.804926059077457,0.390560394407694,0,0,0.541185855865479,"ok","-","2026-09-05 21:50:29"
"gaussian_d10","gaussian",10,199,10,64,9164,"stat_median","median",TRUE,"ascend","999",0.05,3,1,1,1,1,10,2,0.55867381084096,0.497287707788046,0,0,0.503700971603394,"ok","-","2026-09-05 21:50:30"
"gaussian_d10","gaussian",10,199,10,65,9165,"stat_median","median",TRUE,"ascend","999",0.05,3,1,0.941798941798942,0.970899470899471,0.819672131147541,21,2,0.652170687324408,0.326993842226533,0,0,0.712351083755493,"ok","-","2026-09-05 21:50:31"
"gaussian_d10","gaussian",10,199,10,66,9166,"stat_median","median",TRUE,"ascend","999",0.05,3,1,0.936507936507937,0.968253968253968,0.806451612903226,22,2,0.748044923375551,0.541011274690364,0,0,0.482621908187866,"ok","-","2026-09-05 21:50:31"
"gaussian_d10","gaussian",10,199,10,67,9167,"stat_median","median",TRUE,"ascend","999",0.05,3,1,0.936507936507937,0.968253968253968,0.806451612903226,22,2,0.813201140031632,0.46822827555769,0,0,0.787078857421875,"ok","-","2026-09-05 21:50:32"
"gaussian_d10","gaussian",10,199,10,68,9168,"stat_median","median",TRUE,"ascend","999",0.05,3,1,0.947089947089947,0.973544973544973,0.833333333333333,20,2,0.719216054202068,0.528270402940988,0,0,0.335160970687866,"ok","-","2026-09-05 21:50:32"
"gaussian_d10","gaussian",10,199,10,69,9169,"stat_median","median",TRUE,"ascend","999",0.05,3,1,0.973544973544973,0.986772486772487,0.909090909090909,15,2,0.774440061123904,0.307620544269485,0,0,0.61624002456665,"ok","-","2026-09-05 21:50:33"
"gaussian_d10","gaussian",10,199,10,70,9170,"stat_median","median",TRUE,"ascend","999",0.05,3,1,0.947089947089947,0.973544973544973,0.833333333333333,20,2,0.637769980276573,0.306515338871235,0,0,0.434653043746948,"ok","-","2026-09-05 21:50:33"
"gaussian_d10","gaussian",10,199,10,71,9171,"stat_median","median",TRUE,"ascend","999",0.05,3,1,0.952380952380952,0.976190476190476,0.847457627118644,19,2,0.649259352414402,0.257067993059275,0,0,0.539707899093628,"ok","-","2026-09-05 21:50:34"
"gaussian_d10","gaussian",10,199,10,72,9172,"stat_median","median",TRUE,"ascend","999",0.05,3,1,0.936507936507937,0.968253968253968,0.806451612903226,22,2,0.810188108420652,0.665978205750545,0,0,0.61702299118042,"ok","-","2026-09-05 21:50:35"
"gaussian_d10","gaussian",10,199,10,73,9173,"stat_median","median",TRUE,"ascend","999",0.05,3,1,0.968253968253968,0.984126984126984,0.892857142857143,16,2,0.693165466797462,0.473930115050872,0,0,0.575324058532715,"ok","-","2026-09-05 21:50:35"
"gaussian_d10","gaussian",10,199,10,74,9174,"stat_median","median",TRUE,"ascend","999",0.05,3,1,0.883597883597884,0.941798941798942,0.694444444444444,32,2,0.636326400499477,0.460741510910749,0,0,0.313340902328491,"ok","-","2026-09-05 21:50:36"
"gaussian_d10","gaussian",10,199,10,75,9175,"stat_median","median",TRUE,"ascend","999",0.05,3,1,0.920634920634921,0.96031746031746,0.769230769230769,25,2,0.668216969596462,0.392133593219376,0,0,0.479691982269287,"ok","-","2026-09-05 21:50:36"
"gaussian_d10","gaussian",10,199,10,76,9176,"stat_median","median",TRUE,"ascend","999",0.05,3,1,0.894179894179894,0.947089947089947,0.714285714285714,30,2,0.642520110229751,0.234555935269927,0,0,0.589678049087524,"ok","-","2026-09-05 21:50:37"
"gaussian_d10","gaussian",10,199,10,77,9177,"stat_median","median",TRUE,"ascend","999",0.05,3,1,0.947089947089947,0.973544973544973,0.833333333333333,20,2,0.602158181796702,0.544584255562602,0,0,0.570136070251465,"ok","-","2026-09-05 21:50:37"
"gaussian_d10","gaussian",10,199,10,78,9178,"stat_median","median",TRUE,"ascend","999",0.05,3,1,0.920634920634921,0.96031746031746,0.769230769230769,25,2,0.734378275842269,0.627880497825667,0,0,0.521683931350708,"ok","-","2026-09-05 21:50:38"
"gaussian_d10","gaussian",10,199,10,79,9179,"stat_median","median",TRUE,"ascend","999",0.05,3,1,0.936507936507937,0.968253968253968,0.806451612903226,22,2,0.661318052471494,0.547097103763218,0,0,0.534589052200317,"ok","-","2026-09-05 21:50:38"
"gaussian_d10","gaussian",10,199,10,80,9180,"stat_median","median",TRUE,"ascend","999",0.05,3,1,0.941798941798942,0.970899470899471,0.819672131147541,21,2,0.853285296182546,0.46818483132201,0,0,0.465614080429077,"ok","-","2026-09-05 21:50:39"
"gaussian_d10","gaussian",10,199,10,81,9181,"stat_median","median",TRUE,"ascend","999",0.05,3,1,0.968253968253968,0.984126984126984,0.892857142857143,16,2,0.695258392854972,0.396296540299915,0,0,0.437608003616333,"ok","-","2026-09-05 21:50:39"
"gaussian_d10","gaussian",10,199,10,82,9182,"stat_median","median",TRUE,"ascend","999",0.05,3,1,0.973544973544973,0.986772486772487,0.909090909090909,15,2,0.705039084121536,0.424869827444542,0,0,0.689702987670898,"ok","-","2026-09-05 21:50:40"
"gaussian_d10","gaussian",10,199,10,83,9183,"stat_median","median",TRUE,"ascend","999",0.05,3,1,0.862433862433862,0.931216931216931,0.657894736842105,36,2,0.785661215547281,0.49907763670105,0,0,0.639985084533691,"ok","-","2026-09-05 21:50:41"
"gaussian_d10","gaussian",10,199,10,84,9184,"stat_median","median",TRUE,"ascend","999",0.05,3,1,0.936507936507937,0.968253968253968,0.806451612903226,22,2,0.621284698479577,0.418584749551415,0,0,0.442820072174072,"ok","-","2026-09-05 21:50:41"
"gaussian_d10","gaussian",10,199,10,85,9185,"stat_median","median",TRUE,"ascend","999",0.05,3,1,0.957671957671958,0.978835978835979,0.862068965517241,18,2,0.592826235274168,0.336879332211743,0,0,0.458239078521729,"ok","-","2026-09-05 21:50:42"
"gaussian_d10","gaussian",10,199,10,86,9186,"stat_median","median",TRUE,"ascend","999",0.05,3,1,0.931216931216931,0.965608465608466,0.793650793650793,23,2,0.754089685468808,0.402242186077521,0,0,0.405416011810303,"ok","-","2026-09-05 21:50:42"
"gaussian_d10","gaussian",10,199,10,87,9187,"stat_median","median",TRUE,"ascend","999",0.05,3,1,0.867724867724868,0.933862433862434,0.666666666666667,35,2,0.770292539481503,0.457680484574467,0,0,0.621131896972656,"ok","-","2026-09-05 21:50:43"
"gaussian_d10","gaussian",10,199,10,88,9188,"stat_median","median",TRUE,"ascend","999",0.05,3,1,0.894179894179894,0.947089947089947,0.714285714285714,30,2,0.544185429801713,0.472475147604633,0,0,0.703587055206299,"ok","-","2026-09-05 21:50:44"
"gaussian_d10","gaussian",10,199,10,89,9189,"stat_median","median",TRUE,"ascend","999",0.05,3,1,0.947089947089947,0.973544973544973,0.833333333333333,20,2,0.666944973838839,0.4392931619216,0,0,0.476824998855591,"ok","-","2026-09-05 21:50:44"
"gaussian_d10","gaussian",10,199,10,90,9190,"stat_median","median",TRUE,"ascend","999",0.05,3,1,0.968253968253968,0.984126984126984,0.892857142857143,16,2,0.631155376369789,0.218127829603689,0,0,0.839582920074463,"ok","-","2026-09-05 21:50:45"
"gaussian_d10","gaussian",10,199,10,91,9191,"stat_median","median",TRUE,"ascend","999",0.05,3,1,0.936507936507937,0.968253968253968,0.806451612903226,22,2,0.693743486250789,0.377932472098756,0,0,0.569631814956665,"ok","-","2026-09-05 21:50:46"
"gaussian_d10","gaussian",10,199,10,92,9192,"stat_median","median",TRUE,"ascend","999",0.05,3,1,0.957671957671958,0.978835978835979,0.862068965517241,18,2,0.647183624581015,0.317772218064525,0,0,0.644224882125854,"ok","-","2026-09-05 21:50:46"
"gaussian_d10","gaussian",10,199,10,93,9193,"stat_median","median",TRUE,"ascend","999",0.05,3,1,0.936507936507937,0.968253968253968,0.806451612903226,22,2,0.863949347614421,0.46635375219627,0,0,0.616423845291138,"ok","-","2026-09-05 21:50:47"
"gaussian_d10","gaussian",10,199,10,94,9194,"stat_median","median",TRUE,"ascend","999",0.05,3,1,0.957671957671958,0.978835978835979,0.862068965517241,18,2,0.772307342584058,0.522743431308098,0,0,0.607994079589844,"ok","-","2026-09-05 21:50:48"
"gaussian_d10","gaussian",10,199,10,95,9195,"stat_median","median",TRUE,"ascend","999",0.05,3,1,0.841269841269841,0.920634920634921,0.625,40,2,0.643297485340579,0.573301539985589,0,0,0.528208017349243,"ok","-","2026-09-05 21:50:48"
"gaussian_d10","gaussian",10,199,10,96,9196,"stat_median","median",TRUE,"ascend","999",0.05,3,1,0.894179894179894,0.947089947089947,0.714285714285714,30,2,0.786989797774452,0.412275798452632,0,0,0.358493089675903,"ok","-","2026-09-05 21:50:49"
"gaussian_d10","gaussian",10,199,10,97,9197,"stat_median","median",TRUE,"ascend","999",0.05,3,1,0.952380952380952,0.976190476190476,0.847457627118644,19,2,0.713944149628581,0.566401931811617,0,0,0.717684030532837,"ok","-","2026-09-05 21:50:49"
"gaussian_d10","gaussian",10,199,10,98,9198,"stat_median","median",TRUE,"ascend","999",0.05,3,1,0.984126984126984,0.992063492063492,0.943396226415094,13,2,0.692474391210939,0.331544581505764,0,0,0.559191942214966,"ok","-","2026-09-05 21:50:50"
"gaussian_d10","gaussian",10,199,10,99,9199,"stat_median","median",TRUE,"ascend","999",0.05,3,1,0.957671957671958,0.978835978835979,0.862068965517241,18,2,0.621106589576849,0.218894963932427,0,0,0.674674034118652,"ok","-","2026-09-05 21:50:51"
"gaussian_d10","gaussian",10,199,10,100,9200,"stat_median","median",TRUE,"ascend","999",0.05,3,1,0.931216931216931,0.965608465608466,0.793650793650793,23,2,0.738597984203175,0.204592949862401,0,0,0.622318029403687,"ok","-","2026-09-05 21:50:51"
"gaussian_d10","gaussian",10,199,10,2,9102,"centre_off","both",FALSE,"ascend","999",0.05,3,1,0.888888888888889,0.944444444444444,0.704225352112676,31,2,0.51855304413024,0.162983081266454,0,0,0.617070913314819,"ok","-","2026-09-05 21:50:52"
"gaussian_d10","gaussian",10,199,10,3,9103,"centre_off","both",FALSE,"ascend","999",0.05,3,1,0.888888888888889,0.944444444444444,0.704225352112676,31,2,0.612090896042129,0.426952248976053,0,0,0.411586999893188,"ok","-","2026-09-05 21:50:52"
"gaussian_d10","gaussian",10,199,10,4,9104,"centre_off","both",FALSE,"ascend","999",0.05,3,1,0.936507936507937,0.968253968253968,0.806451612903226,22,2,0.742012174976085,0.460158310346601,0,0,0.795524835586548,"ok","-","2026-09-05 21:50:53"
"gaussian_d10","gaussian",10,199,10,5,9105,"centre_off","both",FALSE,"ascend","999",0.05,3,1,0.957671957671958,0.978835978835979,0.862068965517241,18,2,0.78367043845111,0.451185612287255,0,0,0.60136890411377,"ok","-","2026-09-05 21:50:54"
"gaussian_d10","gaussian",10,199,10,6,9106,"centre_off","both",FALSE,"ascend","999",0.05,3,1,0.888888888888889,0.944444444444444,0.704225352112676,31,2,0.757021308246337,0.585990794541428,0,0,0.509958982467651,"ok","-","2026-09-05 21:50:54"
"gaussian_d10","gaussian",10,199,10,7,9107,"centre_off","both",FALSE,"ascend","999",0.05,3,1,0.91005291005291,0.955026455026455,0.746268656716418,27,2,0.582682640876208,0.427280434097183,0,0,0.444907903671265,"ok","-","2026-09-05 21:50:55"
"gaussian_d10","gaussian",10,199,10,8,9108,"centre_off","both",FALSE,"ascend","999",0.05,3,1,0.899470899470899,0.94973544973545,0.72463768115942,29,2,0.80592549795555,0.53381176196746,0,0,0.39562201499939,"ok","-","2026-09-05 21:50:55"
"gaussian_d10","gaussian",10,199,10,9,9109,"centre_off","both",FALSE,"ascend","999",0.05,3,1,0.973544973544973,0.986772486772487,0.909090909090909,15,2,0.737800465912233,0.461962334906244,0,0,0.382732152938843,"ok","-","2026-09-05 21:50:56"
"gaussian_d10","gaussian",10,199,10,10,9110,"centre_off","both",FALSE,"ascend","999",0.05,3,1,0.957671957671958,0.978835978835979,0.862068965517241,18,2,0.573863410864214,0.184931303638101,0,0,0.637434005737305,"ok","-","2026-09-05 21:50:56"
"gaussian_d10","gaussian",10,199,10,11,9111,"centre_off","both",FALSE,"ascend","999",0.05,3,1,0.931216931216931,0.965608465608466,0.793650793650793,23,2,0.66292542054892,0.491552082463516,0,0,0.456979036331177,"ok","-","2026-09-05 21:50:57"
"gaussian_d10","gaussian",10,199,10,12,9112,"centre_off","both",FALSE,"ascend","999",0.05,3,1,0.957671957671958,0.978835978835979,0.862068965517241,18,2,0.681554745557429,0.630719032042376,0,0,0.486427068710327,"ok","-","2026-09-05 21:50:57"
"gaussian_d10","gaussian",10,199,10,13,9113,"centre_off","both",FALSE,"ascend","999",0.05,3,1,0.920634920634921,0.96031746031746,0.769230769230769,25,2,0.716471933146183,0.527613369182498,0,0,0.813298940658569,"ok","-","2026-09-05 21:50:58"
"gaussian_d10","gaussian",10,199,10,14,9114,"centre_off","both",FALSE,"ascend","999",0.05,3,1,0.936507936507937,0.968253968253968,0.806451612903226,22,2,0.594090891891453,0.379855063896559,0,0,0.49270486831665,"ok","-","2026-09-05 21:50:59"
"gaussian_d10","gaussian",10,199,10,15,9115,"centre_off","both",FALSE,"ascend","999",0.05,3,1,0.904761904761905,0.952380952380952,0.735294117647059,28,2,0.690890966721335,0.400695162186307,0,0,0.270122051239014,"ok","-","2026-09-05 21:50:59"
"gaussian_d10","gaussian",10,199,10,16,9116,"centre_off","both",FALSE,"ascend","999",0.05,3,1,0.931216931216931,0.965608465608466,0.793650793650793,23,2,0.781578591322519,0.451634737658876,0,0,0.627671003341675,"ok","-","2026-09-05 21:51:00"
"gaussian_d10","gaussian",10,199,10,17,9117,"centre_off","both",FALSE,"ascend","999",0.05,3,1,0.941798941798942,0.970899470899471,0.819672131147541,21,2,0.558941268771401,0.401699476648803,0,0,0.464860200881958,"ok","-","2026-09-05 21:51:00"
"gaussian_d10","gaussian",10,199,10,18,9118,"centre_off","both",FALSE,"ascend","999",0.05,3,1,0.888888888888889,0.944444444444444,0.704225352112676,31,2,0.666246735696552,0.350908856278337,0,0,0.321116924285889,"ok","-","2026-09-05 21:51:01"
"gaussian_d10","gaussian",10,199,10,19,9119,"centre_off","both",FALSE,"ascend","999",0.05,3,1,0.957671957671958,0.978835978835979,0.862068965517241,18,2,0.725731748197534,0.416055599799718,0,0,0.545694828033447,"ok","-","2026-09-05 21:51:01"
"gaussian_d10","gaussian",10,199,10,20,9120,"centre_off","both",FALSE,"ascend","999",0.05,3,1,0.957671957671958,0.978835978835979,0.862068965517241,18,2,0.804585011740711,0.37895371792055,0,0,0.496059894561768,"ok","-","2026-09-05 21:51:02"
"gaussian_d10","gaussian",10,199,10,21,9121,"centre_off","both",FALSE,"ascend","999",0.05,3,1,0.894179894179894,0.947089947089947,0.714285714285714,30,2,0.685533600663058,0.728223480483119,0,0,0.480024099349976,"ok","-","2026-09-05 21:51:02"
"gaussian_d10","gaussian",10,199,10,22,9122,"centre_off","both",FALSE,"ascend","999",0.05,3,1,0.931216931216931,0.965608465608466,0.793650793650793,23,2,0.524224422496376,0.493626051992664,0,0,0.387494087219238,"ok","-","2026-09-05 21:51:03"
"gaussian_d10","gaussian",10,199,10,23,9123,"centre_off","both",FALSE,"ascend","999",0.05,3,1,0.936507936507937,0.968253968253968,0.806451612903226,22,2,0.66955588199153,0.398842624366978,0,0,0.620780944824219,"ok","-","2026-09-05 21:51:03"
"gaussian_d10","gaussian",10,199,10,24,9124,"centre_off","both",FALSE,"ascend","999",0.05,3,1,0.957671957671958,0.978835978835979,0.862068965517241,18,2,0.601794816965555,0.482245358796927,0,0,0.434661149978638,"ok","-","2026-09-05 21:51:04"
"gaussian_d10","gaussian",10,199,10,25,9125,"centre_off","both",FALSE,"ascend","999",0.05,3,1,0.931216931216931,0.965608465608466,0.793650793650793,23,2,0.52633295079325,0.441537785721816,0,0,0.498831033706665,"ok","-","2026-09-05 21:51:04"
"gaussian_d10","gaussian",10,199,10,26,9126,"centre_off","both",FALSE,"ascend","999",0.05,3,1,0.915343915343915,0.957671957671958,0.757575757575758,26,2,0.727842292401005,0.556922207289658,0,0,0.560829162597656,"ok","-","2026-09-05 21:51:05"
"gaussian_d10","gaussian",10,199,10,27,9127,"centre_off","both",FALSE,"ascend","999",0.05,3,1,0.941798941798942,0.970899470899471,0.819672131147541,21,2,0.795744468288258,0.500699082499606,0,0,0.660815954208374,"ok","-","2026-09-05 21:51:05"
"gaussian_d10","gaussian",10,199,10,28,9128,"centre_off","both",FALSE,"ascend","999",0.05,3,1,0.925925925925926,0.962962962962963,0.78125,24,2,0.67132502572833,0.521683574794195,0,0,0.519757032394409,"ok","-","2026-09-05 21:51:06"
"gaussian_d10","gaussian",10,199,10,29,9129,"centre_off","both",FALSE,"ascend","999",0.05,3,1,0.862433862433862,0.931216931216931,0.657894736842105,36,2,0.715453926100953,0.415558122410706,0,0,0.407179117202759,"ok","-","2026-09-05 21:51:06"
"gaussian_d10","gaussian",10,199,10,30,9130,"centre_off","both",FALSE,"ascend","999",0.05,3,1,0.936507936507937,0.968253968253968,0.806451612903226,22,2,0.742198659293678,0.502493774978197,0,0,0.659904956817627,"ok","-","2026-09-05 21:51:07"
"gaussian_d10","gaussian",10,199,10,31,9131,"centre_off","both",FALSE,"ascend","999",0.05,3,1,0.888888888888889,0.944444444444444,0.704225352112676,31,2,0.627428451596697,0.560768342669339,0,0,0.327106952667236,"ok","-","2026-09-05 21:51:08"
"gaussian_d10","gaussian",10,199,10,32,9132,"centre_off","both",FALSE,"ascend","999",0.05,3,1,0.925925925925926,0.962962962962963,0.78125,24,2,0.648709901974737,0.452483194883017,0,0,0.611215829849243,"ok","-","2026-09-05 21:51:08"
"gaussian_d10","gaussian",10,199,10,33,9133,"centre_off","both",FALSE,"ascend","999",0.05,3,1,0.894179894179894,0.947089947089947,0.714285714285714,30,2,0.676754884846574,0.491767499293604,0,0,0.572413921356201,"ok","-","2026-09-05 21:51:09"
"gaussian_d10","gaussian",10,199,10,34,9134,"centre_off","both",FALSE,"ascend","999",0.05,3,1,0.941798941798942,0.970899470899471,0.819672131147541,21,2,0.588016822081027,0.426578933135041,0,0,0.763045072555542,"ok","-","2026-09-05 21:51:10"
"gaussian_d10","gaussian",10,199,10,35,9135,"centre_off","both",FALSE,"ascend","999",0.05,3,1,0.941798941798942,0.970899470899471,0.819672131147541,21,2,0.611062548899126,0.403638235431459,0,0,0.601434946060181,"ok","-","2026-09-05 21:51:10"
"gaussian_d10","gaussian",10,199,10,36,9136,"centre_off","both",FALSE,"ascend","999",0.05,3,1,0.883597883597884,0.941798941798942,0.694444444444444,32,2,0.620882357198232,0.712246069514698,0,0,0.558171033859253,"ok","-","2026-09-05 21:51:11"
"gaussian_d10","gaussian",10,199,10,37,9137,"centre_off","both",FALSE,"ascend","999",0.05,3,1,0.941798941798942,0.970899470899471,0.819672131147541,21,2,0.80037559091265,0.524070035218509,0,0,0.431864023208618,"ok","-","2026-09-05 21:51:11"
"gaussian_d10","gaussian",10,199,10,38,9138,"centre_off","both",FALSE,"ascend","999",0.05,3,1,0.894179894179894,0.947089947089947,0.714285714285714,30,2,0.785089323490249,0.577542385786182,0,0,0.395865917205811,"ok","-","2026-09-05 21:51:12"
"gaussian_d10","gaussian",10,199,10,39,9139,"centre_off","both",FALSE,"ascend","999",0.05,3,1,0.957671957671958,0.978835978835979,0.862068965517241,18,2,0.562208092373024,0.464389699565157,0,0,0.490953922271729,"ok","-","2026-09-05 21:51:12"
"gaussian_d10","gaussian",10,199,10,40,9140,"centre_off","both",FALSE,"ascend","999",0.05,3,1,0.862433862433862,0.931216931216931,0.657894736842105,36,2,0.680756162940907,0.400283303554822,0,0,0.491617918014526,"ok","-","2026-09-05 21:51:13"
"gaussian_d10","gaussian",10,199,10,41,9141,"centre_off","both",FALSE,"ascend","999",0.05,3,1,0.873015873015873,0.936507936507937,0.675675675675676,34,2,0.724502047231871,0.20684729760772,0,0,0.619268894195557,"ok","-","2026-09-05 21:51:13"
"gaussian_d10","gaussian",10,199,10,42,9142,"centre_off","both",FALSE,"ascend","999",0.05,3,1,0.931216931216931,0.965608465608466,0.793650793650793,23,2,0.633935071153517,0.556856844757947,0,0,0.60575008392334,"ok","-","2026-09-05 21:51:14"
"gaussian_d10","gaussian",10,199,10,43,9143,"centre_off","both",FALSE,"ascend","999",0.05,3,1,0.947089947089947,0.973544973544973,0.833333333333333,20,2,0.652517617900222,0.489708462696585,0,0,0.404546976089478,"ok","-","2026-09-05 21:51:14"
"gaussian_d10","gaussian",10,199,10,44,9144,"centre_off","both",FALSE,"ascend","999",0.05,3,1,0.873015873015873,0.936507936507937,0.675675675675676,34,2,0.671051914698025,0.428931227935053,0,0,0.294664859771729,"ok","-","2026-09-05 21:51:15"
"gaussian_d10","gaussian",10,199,10,45,9145,"centre_off","both",FALSE,"ascend","999",0.05,3,1,0.857142857142857,0.928571428571429,0.649350649350649,37,2,0.72010607501743,0.391701963320768,0,0,0.301944971084595,"ok","-","2026-09-05 21:51:15"
"gaussian_d10","gaussian",10,199,10,46,9146,"centre_off","both",FALSE,"ascend","999",0.05,3,1,0.899470899470899,0.94973544973545,0.72463768115942,29,2,0.734126968182372,0.315242797612174,0,0,0.245700120925903,"ok","-","2026-09-05 21:51:15"
"gaussian_d10","gaussian",10,199,10,47,9147,"centre_off","both",FALSE,"ascend","999",0.05,3,1,0.867724867724868,0.933862433862434,0.666666666666667,35,2,0.551750451649447,0.293814500656387,0,0,0.305233001708984,"ok","-","2026-09-05 21:51:16"
"gaussian_d10","gaussian",10,199,10,48,9148,"centre_off","both",FALSE,"ascend","999",0.05,3,1,0.947089947089947,0.973544973544973,0.833333333333333,20,2,0.591652453114617,0.419913397061624,0,0,0.453381061553955,"ok","-","2026-09-05 21:51:16"
"gaussian_d10","gaussian",10,199,10,49,9149,"centre_off","both",FALSE,"ascend","999",0.05,3,1,0.947089947089947,0.973544973544973,0.833333333333333,20,2,0.52502340653131,0.502882531469479,0,0,0.26860499382019,"ok","-","2026-09-05 21:51:16"
"gaussian_d10","gaussian",10,199,10,50,9150,"centre_off","both",FALSE,"ascend","999",0.05,3,1,0.888888888888889,0.944444444444444,0.704225352112676,31,2,0.779219748909904,0.510477057728772,0,0,0.402343988418579,"ok","-","2026-09-05 21:51:17"
"gaussian_d10","gaussian",10,199,10,51,9151,"centre_off","both",FALSE,"ascend","999",0.05,3,1,0.899470899470899,0.94973544973545,0.72463768115942,29,2,0.700865886972155,0.4134346198287,0,0,0.406970024108887,"ok","-","2026-09-05 21:51:17"
"gaussian_d10","gaussian",10,199,10,52,9152,"centre_off","both",FALSE,"ascend","999",0.05,3,1,0.941798941798942,0.970899470899471,0.819672131147541,21,2,0.70905652745157,0.542935718479346,0,0,0.348825931549072,"ok","-","2026-09-05 21:51:18"
"gaussian_d10","gaussian",10,199,10,53,9153,"centre_off","both",FALSE,"ascend","999",0.05,3,1,0.957671957671958,0.978835978835979,0.862068965517241,18,2,0.608894270316816,0.459744668857645,0,0,0.49695897102356,"ok","-","2026-09-05 21:51:18"
"gaussian_d10","gaussian",10,199,10,54,9154,"centre_off","both",FALSE,"ascend","999",0.05,3,1,0.968253968253968,0.984126984126984,0.892857142857143,16,2,0.537285721140871,0.337199959674854,0,0,0.529296875,"ok","-","2026-09-05 21:51:19"
"gaussian_d10","gaussian",10,199,10,55,9155,"centre_off","both",FALSE,"ascend","999",0.05,3,1,0.894179894179894,0.947089947089947,0.714285714285714,30,2,0.639758032273898,0.484390529978231,0,0,0.371284961700439,"ok","-","2026-09-05 21:51:19"
"gaussian_d10","gaussian",10,199,10,56,9156,"centre_off","both",FALSE,"ascend","999",0.05,3,1,0.947089947089947,0.973544973544973,0.833333333333333,20,2,0.770323400189348,0.593671279395048,0,0,0.387532949447632,"ok","-","2026-09-05 21:51:20"
"gaussian_d10","gaussian",10,199,10,57,9157,"centre_off","both",FALSE,"ascend","999",0.05,3,1,0.899470899470899,0.94973544973545,0.72463768115942,29,2,0.697179431139987,0.53231883173379,0,0,0.350394010543823,"ok","-","2026-09-05 21:51:20"
"gaussian_d10","gaussian",10,199,10,58,9158,"centre_off","both",FALSE,"ascend","999",0.05,3,1,0.883597883597884,0.941798941798942,0.694444444444444,32,2,0.550900384583998,0.501953925874007,0,0,0.421466112136841,"ok","-","2026-09-05 21:51:20"
"gaussian_d10","gaussian",10,199,10,59,9159,"centre_off","both",FALSE,"ascend","999",0.05,3,1,0.978835978835979,0.989417989417989,0.925925925925926,14,2,0.76373452197931,0.380498706477993,0,0,0.542184114456177,"ok","-","2026-09-05 21:51:21"
"gaussian_d10","gaussian",10,199,10,60,9160,"centre_off","both",FALSE,"ascend","999",0.05,3,1,0.867724867724868,0.933862433862434,0.666666666666667,35,2,0.677789057376524,0.41743073296232,0,0,0.53508996963501,"ok","-","2026-09-05 21:51:22"
"gaussian_d10","gaussian",10,199,10,61,9161,"centre_off","both",FALSE,"ascend","999",0.05,3,1,0.931216931216931,0.965608465608466,0.793650793650793,23,2,0.833013600031839,0.353508387599732,0,0,0.528364181518555,"ok","-","2026-09-05 21:51:22"
"gaussian_d10","gaussian",10,199,10,62,9162,"centre_off","both",FALSE,"ascend","999",0.05,3,1,0.931216931216931,0.965608465608466,0.793650793650793,23,2,0.625186638972599,0.566534724361275,0,0,0.383319139480591,"ok","-","2026-09-05 21:51:23"
"gaussian_d10","gaussian",10,199,10,63,9163,"centre_off","both",FALSE,"ascend","999",0.05,3,1,0.904761904761905,0.952380952380952,0.735294117647059,28,2,0.750610098388388,0.40172324572058,0,0,0.45100212097168,"ok","-","2026-09-05 21:51:23"
"gaussian_d10","gaussian",10,199,10,64,9164,"centre_off","both",FALSE,"ascend","999",0.05,3,1,0.978835978835979,0.989417989417989,0.925925925925926,14,2,0.532933590765675,0.499360453424602,0,0,0.464621067047119,"ok","-","2026-09-05 21:51:24"
"gaussian_d10","gaussian",10,199,10,65,9165,"centre_off","both",FALSE,"ascend","999",0.05,3,1,0.941798941798942,0.970899470899471,0.819672131147541,21,2,0.630367727098839,0.319966234930948,0,0,0.347116947174072,"ok","-","2026-09-05 21:51:24"
"gaussian_d10","gaussian",10,199,10,66,9166,"centre_off","both",FALSE,"ascend","999",0.05,3,1,0.920634920634921,0.96031746031746,0.769230769230769,25,2,0.700326168733267,0.546702248515574,0,0,0.384823083877563,"ok","-","2026-09-05 21:51:24"
"gaussian_d10","gaussian",10,199,10,67,9167,"centre_off","both",FALSE,"ascend","999",0.05,3,1,0.841269841269841,0.920634920634921,0.625,40,2,0.767801356836023,0.471441679073933,0,0,0.495085000991821,"ok","-","2026-09-05 21:51:25"
"gaussian_d10","gaussian",10,199,10,68,9168,"centre_off","both",FALSE,"ascend","999",0.05,3,1,0.894179894179894,0.947089947089947,0.714285714285714,30,2,0.691114597336322,0.527300412469068,0,0,0.316529989242554,"ok","-","2026-09-05 21:51:25"
"gaussian_d10","gaussian",10,199,10,69,9169,"centre_off","both",FALSE,"ascend","999",0.05,3,1,0.947089947089947,0.973544973544973,0.833333333333333,20,2,0.740562061928699,0.305756035353796,0,0,0.597942113876343,"ok","-","2026-09-05 21:51:26"
"gaussian_d10","gaussian",10,199,10,70,9170,"centre_off","both",FALSE,"ascend","999",0.05,3,1,0.931216931216931,0.965608465608466,0.793650793650793,23,2,0.599586357043413,0.311102265659539,0,0,0.465684175491333,"ok","-","2026-09-05 21:51:26"
"gaussian_d10","gaussian",10,199,10,71,9171,"centre_off","both",FALSE,"ascend","999",0.05,3,1,0.91005291005291,0.955026455026455,0.746268656716418,27,2,0.628250349156046,0.228090963753427,0,0,0.363591909408569,"ok","-","2026-09-05 21:51:27"
"gaussian_d10","gaussian",10,199,10,72,9172,"centre_off","both",FALSE,"ascend","999",0.05,3,1,0.925925925925926,0.962962962962963,0.78125,24,2,0.775839691046164,0.668338545892069,0,0,0.568903923034668,"ok","-","2026-09-05 21:51:27"
"gaussian_d10","gaussian",10,199,10,73,9173,"centre_off","both",FALSE,"ascend","999",0.05,3,1,0.962962962962963,0.981481481481481,0.87719298245614,17,2,0.660511416470674,0.475316361235054,0,0,0.725856065750122,"ok","-","2026-09-05 21:51:28"
"gaussian_d10","gaussian",10,199,10,74,9174,"centre_off","both",FALSE,"ascend","999",0.05,3,1,0.867724867724868,0.933862433862434,0.666666666666667,35,2,0.615875093747617,0.456883744237506,0,0,0.35172700881958,"ok","-","2026-09-05 21:51:28"
"gaussian_d10","gaussian",10,199,10,75,9175,"centre_off","both",FALSE,"ascend","999",0.05,3,1,0.947089947089947,0.973544973544973,0.833333333333333,20,2,0.633756354952905,0.388908818628034,0,0,0.511100053787231,"ok","-","2026-09-05 21:51:29"
"gaussian_d10","gaussian",10,199,10,76,9176,"centre_off","both",FALSE,"ascend","999",0.05,3,1,0.851851851851852,0.925925925925926,0.641025641025641,38,2,0.614702483146061,0.222870613584889,0,0,0.484209060668945,"ok","-","2026-09-05 21:51:30"
"gaussian_d10","gaussian",10,199,10,77,9177,"centre_off","both",FALSE,"ascend","999",0.05,3,1,0.904761904761905,0.952380952380952,0.735294117647059,28,2,0.569555595885742,0.549816891328094,0,0,0.674938201904297,"ok","-","2026-09-05 21:51:30"
"gaussian_d10","gaussian",10,199,10,78,9178,"centre_off","both",FALSE,"ascend","999",0.05,3,1,0.899470899470899,0.94973544973545,0.72463768115942,29,2,0.69933456712661,0.625762582254085,0,0,0.487481832504272,"ok","-","2026-09-05 21:51:31"
"gaussian_d10","gaussian",10,199,10,79,9179,"centre_off","both",FALSE,"ascend","999",0.05,3,1,0.894179894179894,0.947089947089947,0.714285714285714,30,2,0.637273185658,0.547300016504335,0,0,0.469682931900024,"ok","-","2026-09-05 21:51:31"
"gaussian_d10","gaussian",10,199,10,80,9180,"centre_off","both",FALSE,"ascend","999",0.05,3,1,0.899470899470899,0.94973544973545,0.72463768115942,29,2,0.814966519713691,0.47194475920011,0,0,0.682866096496582,"ok","-","2026-09-05 21:51:32"
"gaussian_d10","gaussian",10,199,10,81,9181,"centre_off","both",FALSE,"ascend","999",0.05,3,1,0.931216931216931,0.965608465608466,0.793650793650793,23,2,0.653100811134302,0.401908497841228,0,0,0.431457042694092,"ok","-","2026-09-05 21:51:32"
"gaussian_d10","gaussian",10,199,10,82,9182,"centre_off","both",FALSE,"ascend","999",0.05,3,1,0.957671957671958,0.978835978835979,0.862068965517241,18,2,0.679882952995902,0.42056782520676,0,0,0.565190076828003,"ok","-","2026-09-05 21:51:33"
"gaussian_d10","gaussian",10,199,10,83,9183,"centre_off","both",FALSE,"ascend","999",0.05,3,1,0.830687830687831,0.915343915343915,0.609756097560976,42,2,0.758215876746856,0.497125339896769,0,0,0.322379112243652,"ok","-","2026-09-05 21:51:33"
"gaussian_d10","gaussian",10,199,10,84,9184,"centre_off","both",FALSE,"ascend","999",0.05,3,1,0.920634920634921,0.96031746031746,0.769230769230769,25,2,0.580412855552222,0.417038049552662,0,0,0.59225606918335,"ok","-","2026-09-05 21:51:34"
"gaussian_d10","gaussian",10,199,10,85,9185,"centre_off","both",FALSE,"ascend","999",0.05,3,1,0.925925925925926,0.962962962962963,0.78125,24,2,0.557750818199692,0.336914325387606,0,0,0.351468801498413,"ok","-","2026-09-05 21:51:34"
"gaussian_d10","gaussian",10,199,10,86,9186,"centre_off","both",FALSE,"ascend","999",0.05,3,1,0.904761904761905,0.952380952380952,0.735294117647059,28,2,0.713108851820747,0.406666308307185,0,0,0.548145055770874,"ok","-","2026-09-05 21:51:35"
"gaussian_d10","gaussian",10,199,10,87,9187,"centre_off","both",FALSE,"ascend","999",0.05,3,1,0.804232804232804,0.902116402116402,0.574712643678161,47,2,0.752993724506698,0.442098909049551,0,0,0.373467922210693,"ok","-","2026-09-05 21:51:35"
"gaussian_d10","gaussian",10,199,10,88,9188,"centre_off","both",FALSE,"ascend","999",0.05,3,1,0.878306878306878,0.939153439153439,0.684931506849315,33,2,0.515816474548319,0.478029507877891,0,0,0.355693101882935,"ok","-","2026-09-05 21:51:36"
"gaussian_d10","gaussian",10,199,10,89,9189,"centre_off","both",FALSE,"ascend","999",0.05,3,1,0.957671957671958,0.978835978835979,0.862068965517241,18,2,0.633814962440079,0.441269622399214,0,0,0.298537969589233,"ok","-","2026-09-05 21:51:36"
"gaussian_d10","gaussian",10,199,10,90,9190,"centre_off","both",FALSE,"ascend","999",0.05,3,1,0.947089947089947,0.973544973544973,0.833333333333333,20,2,0.603415333695139,0.205472745161925,0,0,0.42155385017395,"ok","-","2026-09-05 21:51:37"
"gaussian_d10","gaussian",10,199,10,91,9191,"centre_off","both",FALSE,"ascend","999",0.05,3,1,0.873015873015873,0.936507936507937,0.675675675675676,34,2,0.642462822513534,0.283656107556053,0,0,0.341668844223022,"ok","-","2026-09-05 21:51:37"
"gaussian_d10","gaussian",10,199,10,92,9192,"centre_off","both",FALSE,"ascend","999",0.05,3,1,0.957671957671958,0.978835978835979,0.862068965517241,18,2,0.61250992397194,0.312184780196098,0,0,0.524362087249756,"ok","-","2026-09-05 21:51:37"
"gaussian_d10","gaussian",10,199,10,93,9193,"centre_off","both",FALSE,"ascend","999",0.05,3,1,0.91005291005291,0.955026455026455,0.746268656716418,27,2,0.828432779697848,0.468565725716506,0,0,0.451969146728516,"ok","-","2026-09-05 21:51:38"
"gaussian_d10","gaussian",10,199,10,94,9194,"centre_off","both",FALSE,"ascend","999",0.05,3,1,0.957671957671958,0.978835978835979,0.862068965517241,18,2,0.729633712477172,0.525792661749994,0,0,0.432075023651123,"ok","-","2026-09-05 21:51:38"
"gaussian_d10","gaussian",10,199,10,95,9195,"centre_off","both",FALSE,"ascend","999",0.05,3,1,0.767195767195767,0.883597883597884,0.531914893617021,54,2,0.649037580567537,0.640669904694691,0,0,0.357349872589111,"ok","-","2026-09-05 21:51:39"
"gaussian_d10","gaussian",10,199,10,96,9196,"centre_off","both",FALSE,"ascend","999",0.05,3,1,0.899470899470899,0.94973544973545,0.72463768115942,29,2,0.749728816525599,0.414766257929671,0,0,0.468751192092896,"ok","-","2026-09-05 21:51:39"
"gaussian_d10","gaussian",10,199,10,97,9197,"centre_off","both",FALSE,"ascend","999",0.05,3,1,0.989417989417989,0.994708994708995,0.961538461538461,12,2,0.686507548111839,0.567454927366539,0,0,0.7149498462677,"ok","-","2026-09-05 21:51:40"
"gaussian_d10","gaussian",10,199,10,98,9198,"centre_off","both",FALSE,"ascend","999",0.05,3,1,0.91005291005291,0.955026455026455,0.746268656716418,27,2,0.653851038522531,0.32675472189751,0,0,0.709702014923096,"ok","-","2026-09-05 21:51:41"
"gaussian_d10","gaussian",10,199,10,99,9199,"centre_off","both",FALSE,"ascend","999",0.05,3,1,0.962962962962963,0.981481481481481,0.87719298245614,17,2,0.600469926758992,0.209668150112448,0,0,0.665833950042725,"ok","-","2026-09-05 21:51:41"
"gaussian_d10","gaussian",10,199,10,100,9200,"centre_off","both",FALSE,"ascend","999",0.05,3,1,0.920634920634921,0.96031746031746,0.769230769230769,25,2,0.71168388025036,0.188699555504339,0,0,0.443212985992432,"ok","-","2026-09-05 21:51:42"
"gaussian_d10","gaussian",10,199,10,2,9102,"direction_descend","both",TRUE,"descend","999",0.05,3,1,0.962962962962963,0.981481481481481,0.87719298245614,17,2,0.534531871077241,0.173086851275044,0,0,9.95430111885071,"ok","-","2026-09-05 21:51:52"
"gaussian_d10","gaussian",10,199,10,3,9103,"direction_descend","both",TRUE,"descend","999",0.05,3,1,0.962962962962963,0.981481481481481,0.87719298245614,17,2,0.572190055434882,0.156649406351785,0,0,10.4890389442444,"ok","-","2026-09-05 21:52:02"
"gaussian_d10","gaussian",10,199,10,4,9104,"direction_descend","both",TRUE,"descend","999",0.05,3,1,0.962962962962963,0.981481481481481,0.87719298245614,17,2,0.70517369852708,0.35999102561737,0,0,10.1535830497742,"ok","-","2026-09-05 21:52:13"
"gaussian_d10","gaussian",10,199,10,5,9105,"direction_descend","both",TRUE,"descend","999",0.05,3,1,0.957671957671958,0.978835978835979,0.862068965517241,18,2,0.746437665071019,0.220526970254776,0,0,10.6325871944427,"ok","-","2026-09-05 21:52:51"
"gaussian_d10","gaussian",10,199,10,6,9106,"direction_descend","both",TRUE,"descend","999",0.05,3,1,0.931216931216931,0.965608465608466,0.793650793650793,23,2,0.674282393956618,0.203186220868774,0,0,9.71618795394897,"ok","-","2026-09-05 21:53:01"
"gaussian_d10","gaussian",10,199,10,7,9107,"direction_descend","both",TRUE,"descend","999",0.05,3,1,0.973544973544973,0.986772486772487,0.909090909090909,15,2,0.560588582751188,0.210038214428948,0,0,9.88772201538086,"ok","-","2026-09-05 21:53:11"
"gaussian_d10","gaussian",10,199,10,8,9108,"direction_descend","both",TRUE,"descend","999",0.05,3,1,0.962962962962963,0.981481481481481,0.87719298245614,17,2,0.745524195952232,0.211233145093923,0,0,9.85634303092957,"ok","-","2026-09-05 21:53:21"
"gaussian_d10","gaussian",10,199,10,9,9109,"direction_descend","both",TRUE,"descend","999",0.05,3,1,0.941798941798942,0.970899470899471,0.819672131147541,21,2,0.713195850808044,0.309511994197808,0,0,10.1847860813141,"ok","-","2026-09-05 21:53:31"
"gaussian_d10","gaussian",10,199,10,10,9110,"direction_descend","both",TRUE,"descend","999",0.05,3,1,0.957671957671958,0.978835978835979,0.862068965517241,18,2,0.588261740593551,0.204709684737995,0,0,10.043380022049,"ok","-","2026-09-05 21:53:41"
"gaussian_d10","gaussian",10,199,10,11,9111,"direction_descend","both",TRUE,"descend","999",0.05,3,1,0.957671957671958,0.978835978835979,0.862068965517241,18,2,0.614060576115227,0.198508445882035,0,0,9.74051094055176,"ok","-","2026-09-05 21:53:51"
"gaussian_d10","gaussian",10,199,10,12,9112,"direction_descend","both",TRUE,"descend","999",0.05,3,1,0.925925925925926,0.962962962962963,0.78125,24,2,0.577328182805744,0.162029866054515,0,0,9.98355388641357,"ok","-","2026-09-05 21:54:01"
"gaussian_d10","gaussian",10,199,10,13,9113,"direction_descend","both",TRUE,"descend","999",0.05,3,1,0.952380952380952,0.976190476190476,0.847457627118644,19,2,0.652836826190814,0.180545072339413,0,0,10.6703569889069,"ok","-","2026-09-05 21:54:11"
"gaussian_d10","gaussian",10,199,10,14,9114,"direction_descend","both",TRUE,"descend","999",0.05,3,1,0.968253968253968,0.984126984126984,0.892857142857143,16,2,0.580172112315036,0.224669071308939,0,0,9.63244891166687,"ok","-","2026-09-05 21:54:21"
"gaussian_d10","gaussian",10,199,10,15,9115,"direction_descend","both",TRUE,"descend","999",0.05,3,1,0.941798941798942,0.970899470899471,0.819672131147541,21,2,0.692486319116419,0.29739754742616,0,0,8.74925708770752,"ok","-","2026-09-05 21:54:30"
"gaussian_d10","gaussian",10,199,10,16,9116,"direction_descend","both",TRUE,"descend","999",0.05,3,1,0.962962962962963,0.981481481481481,0.87719298245614,17,2,0.732636167887614,0.254093815283271,0,0,8.06625199317932,"ok","-","2026-09-05 21:54:38"
"gaussian_d10","gaussian",10,199,10,17,9117,"direction_descend","both",TRUE,"descend","999",0.05,3,1,0.941798941798942,0.970899470899471,0.819672131147541,21,2,0.529861051362263,0.178495201818659,0,0,8.08551096916199,"ok","-","2026-09-05 21:54:46"
"gaussian_d10","gaussian",10,199,10,18,9118,"direction_descend","both",TRUE,"descend","999",0.05,3,1,0.962962962962963,0.981481481481481,0.87719298245614,17,2,0.657993493263134,0.228498738333644,0,0,8.13513588905334,"ok","-","2026-09-05 21:54:54"
"gaussian_d10","gaussian",10,199,10,19,9119,"direction_descend","both",TRUE,"descend","999",0.05,3,1,0.952380952380952,0.976190476190476,0.847457627118644,19,2,0.705412492973733,0.232612735475346,0,0,8.07069706916809,"ok","-","2026-09-05 21:55:02"
"gaussian_d10","gaussian",10,199,10,20,9120,"direction_descend","both",TRUE,"descend","999",0.05,3,1,0.957671957671958,0.978835978835979,0.862068965517241,18,2,0.821157892131103,0.311437815359857,0,0,8.16283416748047,"ok","-","2026-09-05 21:55:11"
"gaussian_d10","gaussian",10,199,10,21,9121,"direction_descend","both",TRUE,"descend","999",0.05,3,1,0.941798941798942,0.970899470899471,0.819672131147541,21,2,0.609783031820117,0.400029084373975,0,0,7.90639090538025,"ok","-","2026-09-05 21:55:18"
"gaussian_d10","gaussian",10,199,10,22,9122,"direction_descend","both",TRUE,"descend","999",0.05,3,1,0.957671957671958,0.978835978835979,0.862068965517241,18,2,0.495466429609782,0.327079234909257,0,0,8.13083720207214,"ok","-","2026-09-05 21:55:27"
"gaussian_d10","gaussian",10,199,10,23,9123,"direction_descend","both",TRUE,"descend","999",0.05,3,1,0.952380952380952,0.976190476190476,0.847457627118644,19,2,0.655604960992348,0.177184315817896,0,0,7.80510997772217,"ok","-","2026-09-05 21:55:34"
"gaussian_d10","gaussian",10,199,10,24,9124,"direction_descend","both",TRUE,"descend","999",0.05,3,1,0.957671957671958,0.978835978835979,0.862068965517241,18,2,0.628248707038534,0.476398907465014,0,0,7.90952706336975,"ok","-","2026-09-05 21:55:42"
"gaussian_d10","gaussian",10,199,10,25,9125,"direction_descend","both",TRUE,"descend","999",0.05,3,1,0.915343915343915,0.957671957671958,0.757575757575758,26,2,0.484562952777233,0.148462676470636,0,0,8.24172115325928,"ok","-","2026-09-05 21:55:51"
"gaussian_d10","gaussian",10,199,10,26,9126,"direction_descend","both",TRUE,"descend","999",0.05,3,1,0.925925925925926,0.962962962962963,0.78125,24,2,0.697538330240283,0.432584425031618,0,0,8.06066298484802,"ok","-","2026-09-05 21:55:59"
"gaussian_d10","gaussian",10,199,10,27,9127,"direction_descend","both",TRUE,"descend","999",0.05,3,1,0.957671957671958,0.978835978835979,0.862068965517241,18,2,0.731926044182101,0.208016691616026,0,0,8.05441284179688,"ok","-","2026-09-05 21:56:07"
"gaussian_d10","gaussian",10,199,10,28,9128,"direction_descend","both",TRUE,"descend","999",0.05,3,1,0.936507936507937,0.968253968253968,0.806451612903226,22,2,0.651563937604917,0.431548738946924,0,0,8.46676182746887,"ok","-","2026-09-05 21:56:15"
"gaussian_d10","gaussian",10,199,10,29,9129,"direction_descend","both",TRUE,"descend","999",0.05,3,1,0.91005291005291,0.955026455026455,0.746268656716418,27,2,0.70159948448699,0.199372431870528,0,0,8.13161897659302,"ok","-","2026-09-05 21:56:24"
"gaussian_d10","gaussian",10,199,10,30,9130,"direction_descend","both",TRUE,"descend","999",0.05,3,1,0.915343915343915,0.957671957671958,0.757575757575758,26,2,0.760016244832864,0.504219764077438,0,0,8.19036412239075,"ok","-","2026-09-05 21:56:32"
"gaussian_d10","gaussian",10,199,10,31,9131,"direction_descend","both",TRUE,"descend","999",0.05,3,1,0.925925925925926,0.962962962962963,0.78125,24,2,0.596467500435759,0.43440407731621,0,0,8.02753591537476,"ok","-","2026-09-05 21:56:40"
"gaussian_d10","gaussian",10,199,10,32,9132,"direction_descend","both",TRUE,"descend","999",0.05,3,1,0.957671957671958,0.978835978835979,0.862068965517241,18,2,0.599869422796372,0.175761723489071,0,0,8.20086717605591,"ok","-","2026-09-05 21:56:48"
"gaussian_d10","gaussian",10,199,10,33,9133,"direction_descend","both",TRUE,"descend","999",0.05,3,1,0.968253968253968,0.984126984126984,0.892857142857143,16,2,0.615893292169813,0.237523854270971,0,0,8.15158486366272,"ok","-","2026-09-05 21:56:56"
"gaussian_d10","gaussian",10,199,10,34,9134,"direction_descend","both",TRUE,"descend","999",0.05,3,1,0.989417989417989,0.994708994708995,0.961538461538461,12,2,0.552615575274638,0.207778757391635,0,0,8.27220487594604,"ok","-","2026-09-05 21:57:05"
"gaussian_d10","gaussian",10,199,10,35,9135,"direction_descend","both",TRUE,"descend","999",0.05,3,1,0.984126984126984,0.992063492063492,0.943396226415094,13,2,0.598387898203652,0.17725934767822,0,0,8.18957710266113,"ok","-","2026-09-05 21:57:13"
"gaussian_d10","gaussian",10,199,10,36,9136,"direction_descend","both",TRUE,"descend","999",0.05,3,1,0.91005291005291,0.955026455026455,0.746268656716418,27,2,0.499170273871341,0.327072753918368,0,0,8.05182099342346,"ok","-","2026-09-05 21:57:21"
"gaussian_d10","gaussian",10,199,10,37,9137,"direction_descend","both",TRUE,"descend","999",0.05,3,1,0.962962962962963,0.981481481481481,0.87719298245614,17,2,0.770885167163217,0.316462054437417,0,0,8.04466009140015,"ok","-","2026-09-05 21:57:29"
"gaussian_d10","gaussian",10,199,10,38,9138,"direction_descend","both",TRUE,"descend","999",0.05,3,1,0.952380952380952,0.976190476190476,0.847457627118644,19,2,0.687786314232426,0.198519844964056,0,0,7.81314897537231,"ok","-","2026-09-05 21:57:37"
"gaussian_d10","gaussian",10,199,10,39,9139,"direction_descend","both",TRUE,"descend","999",0.05,3,1,0.973544973544973,0.986772486772487,0.909090909090909,15,2,0.570052259457333,0.419545725177341,0,0,8.01709198951721,"ok","-","2026-09-05 21:57:45"
"gaussian_d10","gaussian",10,199,10,40,9140,"direction_descend","both",TRUE,"descend","999",0.05,3,1,0.915343915343915,0.957671957671958,0.757575757575758,26,2,0.648436037434166,0.199060578256307,0,0,8.00539708137512,"ok","-","2026-09-05 21:57:53"
"gaussian_d10","gaussian",10,199,10,41,9141,"direction_descend","both",TRUE,"descend","999",0.05,3,1,0.91005291005291,0.955026455026455,0.746268656716418,27,2,0.745565050867685,0.228409311198762,0,0,7.91285490989685,"ok","-","2026-09-05 21:58:01"
"gaussian_d10","gaussian",10,199,10,42,9142,"direction_descend","both",TRUE,"descend","999",0.05,3,1,0.994708994708995,0.997354497354497,0.980392156862745,11,2,0.579641255800092,0.349548782207078,0,0,8.04573798179626,"ok","-","2026-09-05 21:58:09"
"gaussian_d10","gaussian",10,199,10,43,9143,"direction_descend","both",TRUE,"descend","999",0.05,3,1,0.962962962962963,0.981481481481481,0.87719298245614,17,2,0.600269217369846,0.154443403467057,0,0,8.17450714111328,"ok","-","2026-09-05 21:58:17"
"gaussian_d10","gaussian",10,199,10,44,9144,"direction_descend","both",TRUE,"descend","999",0.05,3,1,0.931216931216931,0.965608465608466,0.793650793650793,23,2,0.6475972936417,0.247072934681695,0,0,7.98109889030457,"ok","-","2026-09-05 21:58:25"
"gaussian_d10","gaussian",10,199,10,45,9145,"direction_descend","both",TRUE,"descend","999",0.05,3,1,0.862433862433862,0.931216931216931,0.657894736842105,36,2,0.667870130155895,0.224201616806312,0,0,7.95692896842957,"ok","-","2026-09-05 21:58:33"
"gaussian_d10","gaussian",10,199,10,46,9146,"direction_descend","both",TRUE,"descend","999",0.05,3,1,0.973544973544973,0.986772486772487,0.909090909090909,15,2,0.73900728036245,0.194314502615018,0,0,8.23093104362488,"ok","-","2026-09-05 21:58:41"
"gaussian_d10","gaussian",10,199,10,47,9147,"direction_descend","both",TRUE,"descend","999",0.05,3,1,0.957671957671958,0.978835978835979,0.862068965517241,18,2,0.555512673467271,0.18774730396573,0,0,8.23082280158997,"ok","-","2026-09-05 21:58:50"
"gaussian_d10","gaussian",10,199,10,48,9148,"direction_descend","both",TRUE,"descend","999",0.05,3,1,0.973544973544973,0.986772486772487,0.909090909090909,15,2,0.564997430219994,0.191122813032916,0,0,7.93911790847778,"ok","-","2026-09-05 21:58:58"
"gaussian_d10","gaussian",10,199,10,49,9149,"direction_descend","both",TRUE,"descend","999",0.05,3,1,0.962962962962963,0.981481481481481,0.87719298245614,17,2,0.473769153617266,0.14336733015806,0,0,7.91069388389587,"ok","-","2026-09-05 21:59:06"
"gaussian_d10","gaussian",10,199,10,50,9150,"direction_descend","both",TRUE,"descend","999",0.05,3,1,0.978835978835979,0.989417989417989,0.925925925925926,14,2,0.722621663507138,0.21227731894992,0,0,8.43365502357483,"ok","-","2026-09-05 21:59:14"
"gaussian_d10","gaussian",10,199,10,51,9151,"direction_descend","both",TRUE,"descend","999",0.05,3,1,0.920634920634921,0.96031746031746,0.769230769230769,25,2,0.67392553768031,0.204132363963516,0,0,8.04514002799988,"ok","-","2026-09-05 21:59:22"
"gaussian_d10","gaussian",10,199,10,52,9152,"direction_descend","both",TRUE,"descend","999",0.05,3,1,0.936507936507937,0.968253968253968,0.806451612903226,22,2,0.695857573931603,0.420919718624525,0,0,7.82582592964172,"ok","-","2026-09-05 21:59:30"
"gaussian_d10","gaussian",10,199,10,53,9153,"direction_descend","both",TRUE,"descend","999",0.05,3,1,0.962962962962963,0.981481481481481,0.87719298245614,17,2,0.570301189448588,0.182120516359042,0,0,8.03827714920044,"ok","-","2026-09-05 21:59:38"
"gaussian_d10","gaussian",10,199,10,54,9154,"direction_descend","both",TRUE,"descend","999",0.05,3,1,0.973544973544973,0.986772486772487,0.909090909090909,15,2,0.528480584401662,0.16258863151702,0,0,8.10075092315674,"ok","-","2026-09-05 21:59:46"
"gaussian_d10","gaussian",10,199,10,55,9155,"direction_descend","both",TRUE,"descend","999",0.05,3,1,0.936507936507937,0.968253968253968,0.806451612903226,22,2,0.632184986720957,0.409365641912468,0,0,7.71794295310974,"ok","-","2026-09-05 21:59:54"
"gaussian_d10","gaussian",10,199,10,56,9156,"direction_descend","both",TRUE,"descend","999",0.05,3,1,0.931216931216931,0.965608465608466,0.793650793650793,23,2,0.676911250128059,0.21894008193658,0,0,8.38579201698303,"ok","-","2026-09-05 22:00:02"
"gaussian_d10","gaussian",10,199,10,57,9157,"direction_descend","both",TRUE,"descend","999",0.05,3,1,0.915343915343915,0.957671957671958,0.757575757575758,26,2,0.672182316630898,0.428764843718225,0,0,8.03374791145325,"ok","-","2026-09-05 22:00:10"
"gaussian_d10","gaussian",10,199,10,58,9158,"direction_descend","both",TRUE,"descend","999",0.05,3,1,0.962962962962963,0.981481481481481,0.87719298245614,17,2,0.489185029826323,0.169592830082251,0,0,8.06996202468872,"ok","-","2026-09-05 22:00:19"
"gaussian_d10","gaussian",10,199,10,59,9159,"direction_descend","both",TRUE,"descend","999",0.05,3,1,0.973544973544973,0.986772486772487,0.909090909090909,15,2,0.767297476300205,0.189395138454662,0,0,9.98864006996155,"ok","-","2026-09-05 22:00:29"
"gaussian_d10","gaussian",10,199,10,60,9160,"direction_descend","both",TRUE,"descend","999",0.05,3,1,0.947089947089947,0.973544973544973,0.833333333333333,20,2,0.653255338907661,0.224100715695656,0,0,9.50380802154541,"ok","-","2026-09-05 22:01:08"
"gaussian_d10","gaussian",10,199,10,61,9161,"direction_descend","both",TRUE,"descend","999",0.05,3,1,0.984126984126984,0.992063492063492,0.943396226415094,13,2,0.827382113926974,0.212635674916429,0,0,9.50958395004272,"ok","-","2026-09-05 22:01:18"
"gaussian_d10","gaussian",10,199,10,62,9162,"direction_descend","both",TRUE,"descend","999",0.05,3,1,0.973544973544973,0.986772486772487,0.909090909090909,15,2,0.55402901011916,0.188257853937649,0,0,9.66976690292358,"ok","-","2026-09-05 22:01:28"
"gaussian_d10","gaussian",10,199,10,63,9163,"direction_descend","both",TRUE,"descend","999",0.05,3,1,0.952380952380952,0.976190476190476,0.847457627118644,19,2,0.748400785669414,0.217795247527497,0,0,9.82333517074585,"ok","-","2026-09-05 22:01:37"
"gaussian_d10","gaussian",10,199,10,64,9164,"direction_descend","both",TRUE,"descend","999",0.05,3,1,0.978835978835979,0.989417989417989,0.925925925925926,14,2,0.488346882663156,0.132332961774103,0,0,9.96851301193237,"ok","-","2026-09-05 22:01:47"
"gaussian_d10","gaussian",10,199,10,65,9165,"direction_descend","both",TRUE,"descend","999",0.05,3,1,0.947089947089947,0.973544973544973,0.833333333333333,20,2,0.621608753933393,0.205845508902692,0,0,9.89924001693726,"ok","-","2026-09-05 22:01:57"
"gaussian_d10","gaussian",10,199,10,66,9166,"direction_descend","both",TRUE,"descend","999",0.05,3,1,0.941798941798942,0.970899470899471,0.819672131147541,21,2,0.644086885923489,0.255975839391666,0,0,9.83300590515137,"ok","-","2026-09-05 22:02:07"
"gaussian_d10","gaussian",10,199,10,67,9167,"direction_descend","both",TRUE,"descend","999",0.05,3,1,0.968253968253968,0.984126984126984,0.892857142857143,16,2,0.769206416539166,0.349807401924291,0,0,9.61136794090271,"ok","-","2026-09-05 22:02:17"
"gaussian_d10","gaussian",10,199,10,68,9168,"direction_descend","both",TRUE,"descend","999",0.05,3,1,0.915343915343915,0.957671957671958,0.757575757575758,26,2,0.670299317993735,0.425335061544386,0,0,10.332887172699,"ok","-","2026-09-05 22:02:27"
"gaussian_d10","gaussian",10,199,10,69,9169,"direction_descend","both",TRUE,"descend","999",0.05,3,1,0.952380952380952,0.976190476190476,0.847457627118644,19,2,0.739455382790146,0.20858223670048,0,0,9.90368986129761,"ok","-","2026-09-05 22:02:37"
"gaussian_d10","gaussian",10,199,10,70,9170,"direction_descend","both",TRUE,"descend","999",0.05,3,1,0.973544973544973,0.986772486772487,0.909090909090909,15,2,0.602619267981041,0.184220561860917,0,0,9.79613494873047,"ok","-","2026-09-05 22:02:47"
"gaussian_d10","gaussian",10,199,10,71,9171,"direction_descend","both",TRUE,"descend","999",0.05,3,1,0.915343915343915,0.957671957671958,0.757575757575758,26,2,0.642236756204478,0.256366885397133,0,0,10.1009430885315,"ok","-","2026-09-05 22:02:57"
"gaussian_d10","gaussian",10,199,10,72,9172,"direction_descend","both",TRUE,"descend","999",0.05,3,1,0.968253968253968,0.984126984126984,0.892857142857143,16,2,0.720816709832945,0.436713352316983,0,0,10.2723670005798,"ok","-","2026-09-05 22:03:07"
"gaussian_d10","gaussian",10,199,10,73,9173,"direction_descend","both",TRUE,"descend","999",0.05,3,1,0.968253968253968,0.984126984126984,0.892857142857143,16,2,0.63349030592648,0.199702018680814,0,0,10.1381080150604,"ok","-","2026-09-05 22:03:18"
"gaussian_d10","gaussian",10,199,10,74,9174,"direction_descend","both",TRUE,"descend","999",0.05,3,1,0.952380952380952,0.976190476190476,0.847457627118644,19,2,0.55596438277922,0.185019020717083,0,0,9.92365503311157,"ok","-","2026-09-05 22:03:28"
"gaussian_d10","gaussian",10,199,10,75,9175,"direction_descend","both",TRUE,"descend","999",0.05,3,1,0.947089947089947,0.973544973544973,0.833333333333333,20,2,0.624765777620528,0.207873862138445,0,0,10.4283101558685,"ok","-","2026-09-05 22:03:38"
"gaussian_d10","gaussian",10,199,10,76,9176,"direction_descend","both",TRUE,"descend","999",0.05,3,1,0.888888888888889,0.944444444444444,0.704225352112676,31,2,0.642519583902374,0.228955175846814,0,0,10.0081329345703,"ok","-","2026-09-05 22:03:48"
"gaussian_d10","gaussian",10,199,10,77,9177,"direction_descend","both",TRUE,"descend","999",0.05,3,1,0.973544973544973,0.986772486772487,0.909090909090909,15,2,0.523959087309165,0.307150955532174,0,0,10.5025081634521,"ok","-","2026-09-05 22:03:59"
"gaussian_d10","gaussian",10,199,10,78,9178,"direction_descend","both",TRUE,"descend","999",0.05,3,1,0.915343915343915,0.957671957671958,0.757575757575758,26,2,0.667134916442907,0.440937663228224,0,0,9.68320083618164,"ok","-","2026-09-05 22:04:08"
"gaussian_d10","gaussian",10,199,10,79,9179,"direction_descend","both",TRUE,"descend","999",0.05,3,1,0.936507936507937,0.968253968253968,0.806451612903226,22,2,0.564100116632705,0.174981217097159,0,0,9.784991979599,"ok","-","2026-09-05 22:04:18"
"gaussian_d10","gaussian",10,199,10,80,9180,"direction_descend","both",TRUE,"descend","999",0.05,3,1,0.978835978835979,0.989417989417989,0.925925925925926,14,2,0.798007737756986,0.37084137100323,0,0,9.66233801841736,"ok","-","2026-09-05 22:04:28"
"gaussian_d10","gaussian",10,199,10,81,9181,"direction_descend","both",TRUE,"descend","999",0.05,3,1,0.973544973544973,0.986772486772487,0.909090909090909,15,2,0.654836399471636,0.308195829461696,0,0,10.1916038990021,"ok","-","2026-09-05 22:04:38"
"gaussian_d10","gaussian",10,199,10,82,9182,"direction_descend","both",TRUE,"descend","999",0.05,3,1,0.984126984126984,0.992063492063492,0.943396226415094,13,2,0.666549612280703,0.190490181124419,0,0,10.2642650604248,"ok","-","2026-09-05 22:04:48"
"gaussian_d10","gaussian",10,199,10,83,9183,"direction_descend","both",TRUE,"descend","999",0.05,3,1,0.873015873015873,0.936507936507937,0.675675675675676,34,2,0.66664074165785,0.237537406976728,0,0,10.2911641597748,"ok","-","2026-09-05 22:04:59"
"gaussian_d10","gaussian",10,199,10,84,9184,"direction_descend","both",TRUE,"descend","999",0.05,3,1,0.941798941798942,0.970899470899471,0.819672131147541,21,2,0.5722662974278,0.185380959080567,0,0,10.0571010112762,"ok","-","2026-09-05 22:05:09"
"gaussian_d10","gaussian",10,199,10,85,9185,"direction_descend","both",TRUE,"descend","999",0.05,3,1,0.957671957671958,0.978835978835979,0.862068965517241,18,2,0.590587140242837,0.328513678065034,0,0,10.3185670375824,"ok","-","2026-09-05 22:05:19"
"gaussian_d10","gaussian",10,199,10,86,9186,"direction_descend","both",TRUE,"descend","999",0.05,3,1,0.947089947089947,0.973544973544973,0.833333333333333,20,2,0.697592163570245,0.202207633975016,0,0,10.0578088760376,"ok","-","2026-09-05 22:05:29"
"gaussian_d10","gaussian",10,199,10,87,9187,"direction_descend","both",TRUE,"descend","999",0.05,3,1,0.904761904761905,0.952380952380952,0.735294117647059,28,2,0.697237717406374,0.251412234302819,0,0,10.4897820949554,"ok","-","2026-09-05 22:05:40"
"gaussian_d10","gaussian",10,199,10,88,9188,"direction_descend","both",TRUE,"descend","999",0.05,3,1,0.931216931216931,0.965608465608466,0.793650793650793,23,2,0.455279864627008,0.153242331011344,0,0,10.5028078556061,"ok","-","2026-09-05 22:05:50"
"gaussian_d10","gaussian",10,199,10,89,9189,"direction_descend","both",TRUE,"descend","999",0.05,3,1,0.973544973544973,0.986772486772487,0.909090909090909,15,2,0.585709854825476,0.193458380072609,0,0,9.64507913589478,"ok","-","2026-09-05 22:06:00"
"gaussian_d10","gaussian",10,199,10,90,9190,"direction_descend","both",TRUE,"descend","999",0.05,3,1,0.968253968253968,0.984126984126984,0.892857142857143,16,2,0.624164362789983,0.214425244643323,0,0,10.3761160373688,"ok","-","2026-09-05 22:06:10"
"gaussian_d10","gaussian",10,199,10,91,9191,"direction_descend","both",TRUE,"descend","999",0.05,3,1,0.925925925925926,0.962962962962963,0.78125,24,2,0.646200946120294,0.211417379477979,0,0,10.0483210086823,"ok","-","2026-09-05 22:06:21"
"gaussian_d10","gaussian",10,199,10,92,9192,"direction_descend","both",TRUE,"descend","999",0.05,3,1,0.962962962962963,0.981481481481481,0.87719298245614,17,2,0.614759782756319,0.210614752061343,0,0,10.1750869750977,"ok","-","2026-09-05 22:06:31"
"gaussian_d10","gaussian",10,199,10,93,9193,"direction_descend","both",TRUE,"descend","999",0.05,3,1,0.957671957671958,0.978835978835979,0.862068965517241,18,2,0.783725898264137,0.228509221578284,0,0,10.226576089859,"ok","-","2026-09-05 22:06:41"
"gaussian_d10","gaussian",10,199,10,94,9194,"direction_descend","both",TRUE,"descend","999",0.05,3,1,0.984126984126984,0.992063492063492,0.943396226415094,13,2,0.73759641928846,0.455416142749653,0,0,9.93696403503418,"ok","-","2026-09-05 22:06:51"
"gaussian_d10","gaussian",10,199,10,95,9195,"direction_descend","both",TRUE,"descend","999",0.05,3,1,0.857142857142857,0.928571428571429,0.649350649350649,37,2,0.572143277534307,0.345226646779142,0,0,10.3122568130493,"ok","-","2026-09-05 22:07:01"
"gaussian_d10","gaussian",10,199,10,96,9196,"direction_descend","both",TRUE,"descend","999",0.05,3,1,0.925925925925926,0.962962962962963,0.78125,24,2,0.736062519893902,0.316868706870704,0,0,10.1813549995422,"ok","-","2026-09-05 22:07:12"
"gaussian_d10","gaussian",10,199,10,97,9197,"direction_descend","both",TRUE,"descend","999",0.05,3,1,0.947089947089947,0.973544973544973,0.833333333333333,20,2,0.630891023602723,0.349455249287345,0,0,11.3360230922699,"ok","-","2026-09-05 22:07:23"
"gaussian_d10","gaussian",10,199,10,98,9198,"direction_descend","both",TRUE,"descend","999",0.05,3,1,0.984126984126984,0.992063492063492,0.943396226415094,13,2,0.662959563470827,0.217840056095293,0,0,10.6389060020447,"ok","-","2026-09-05 22:07:34"
"gaussian_d10","gaussian",10,199,10,99,9199,"direction_descend","both",TRUE,"descend","999",0.05,3,1,0.978835978835979,0.989417989417989,0.925925925925926,14,2,0.610434102512247,0.230798601720041,0,0,10.3873279094696,"ok","-","2026-09-05 22:07:44"
"gaussian_d10","gaussian",10,199,10,100,9200,"direction_descend","both",TRUE,"descend","999",0.05,3,1,0.952380952380952,0.976190476190476,0.847457627118644,19,2,0.727497381887211,0.20856412791053,0,0,10.3003551959991,"ok","-","2026-09-05 22:07:54"
