"dataset","method","s_min","n","d","TPR","TNR","BA","F2","n_flagged","n_clusters","median_cluster_size","cluster_sizes","flagged_idx","elapsed_sec","status","note","timestamp"
"hepatitis","SU-MCCD",0.005,74,19,0.285714285714286,0.835820895522388,0.560767590618337,0.24390243902439,13,12,6,"8;6;6;15;6;6;8;5;6;3;2;3","10;13;19;30;32;38;54;57;62;63;65;68;73",2.26204013824463,"ok",NA,"2026-08-09 21:34:32"
"hepatitis","SU-MCCD",0.01,74,19,0.285714285714286,0.835820895522388,0.560767590618337,0.24390243902439,13,12,6,"8;6;6;15;6;6;8;5;6;3;2;3","10;13;19;30;32;38;54;57;62;63;65;68;73",2.14524388313293,"ok",NA,"2026-08-09 21:34:34"
"hepatitis","SU-MCCD",0.02,74,19,0.285714285714286,0.835820895522388,0.560767590618337,0.24390243902439,13,12,6,"8;6;6;15;6;6;8;5;6;3;2;3","10;13;19;30;32;38;54;57;62;63;65;68;73",2.14322996139526,"ok",NA,"2026-08-09 21:34:36"
"hepatitis","SU-MCCD",0.03,74,19,0.285714285714286,0.835820895522388,0.560767590618337,0.24390243902439,13,12,6,"8;6;6;15;6;6;8;5;6;3;2;3","10;13;19;30;32;38;54;57;62;63;65;68;73",2.16781616210938,"ok",NA,"2026-08-09 21:34:38"
"hepatitis","SU-MCCD",0.05,74,19,0.285714285714286,0.925373134328358,0.605543710021322,0.285714285714286,7,1,74,"74","28;38;54;63;67;68;73",2.12011384963989,"ok",NA,"2026-08-09 21:34:41"
"hepatitis","SU-MCCD",0.0625,74,19,0.285714285714286,0.925373134328358,0.605543710021322,0.285714285714286,7,1,74,"74","28;38;54;63;67;68;73",2.11667895317078,"ok",NA,"2026-08-09 21:34:43"
"hepatitis","SU-MCCD",0.1,74,19,0.285714285714286,0.925373134328358,0.605543710021322,0.285714285714286,7,1,74,"74","28;38;54;63;67;68;73",2.10146594047546,"ok",NA,"2026-08-09 21:34:45"
"hepatitis","SU-MCCD",0.15,74,19,0.285714285714286,0.925373134328358,0.605543710021322,0.285714285714286,7,1,74,"74","28;38;54;63;67;68;73",2.06880712509155,"ok",NA,"2026-08-09 21:34:47"
"hepatitis","SU-MCCD",0.2,74,19,0.285714285714286,0.925373134328358,0.605543710021322,0.285714285714286,7,1,74,"74","28;38;54;63;67;68;73",2.07728600502014,"ok",NA,"2026-08-09 21:34:49"
"hepatitis","SU-MCCD",0.3,74,19,0.285714285714286,0.925373134328358,0.605543710021322,0.285714285714286,7,1,74,"74","28;38;54;63;67;68;73",2.06883978843689,"ok",NA,"2026-08-09 21:34:51"
"hepatitis","SUN-MCCD",0.005,74,19,0.714285714285714,0.656716417910448,0.685501066098081,0.446428571428572,28,1,74,"74","6;11;16;19;22;24;28;30;38;39;47;49;50;51;54;55;57;58;59;60;63;64;67;68;70;71;72;73",0.0899560451507568,"ok",NA,"2026-08-09 21:34:51"
"hepatitis","SUN-MCCD",0.01,74,19,0.714285714285714,0.656716417910448,0.685501066098081,0.446428571428572,28,1,74,"74","6;11;16;19;22;24;28;30;38;39;47;49;50;51;54;55;57;58;59;60;63;64;67;68;70;71;72;73",0.0244998931884766,"ok",NA,"2026-08-09 21:34:51"
"hepatitis","SUN-MCCD",0.02,74,19,0.714285714285714,0.656716417910448,0.685501066098081,0.446428571428572,28,1,74,"74","6;11;16;19;22;24;28;30;38;39;47;49;50;51;54;55;57;58;59;60;63;64;67;68;70;71;72;73",0.023643970489502,"ok",NA,"2026-08-09 21:34:51"
"hepatitis","SUN-MCCD",0.03,74,19,0.714285714285714,0.656716417910448,0.685501066098081,0.446428571428572,28,1,74,"74","6;11;16;19;22;24;28;30;38;39;47;49;50;51;54;55;57;58;59;60;63;64;67;68;70;71;72;73",0.0212509632110596,"ok",NA,"2026-08-09 21:34:52"
"hepatitis","SUN-MCCD",0.05,74,19,0.714285714285714,0.656716417910448,0.685501066098081,0.446428571428572,28,1,74,"74","6;11;16;19;22;24;28;30;38;39;47;49;50;51;54;55;57;58;59;60;63;64;67;68;70;71;72;73",0.020733118057251,"ok",NA,"2026-08-09 21:34:52"
"hepatitis","SUN-MCCD",0.0625,74,19,0.714285714285714,0.656716417910448,0.685501066098081,0.446428571428572,28,1,74,"74","6;11;16;19;22;24;28;30;38;39;47;49;50;51;54;55;57;58;59;60;63;64;67;68;70;71;72;73",0.0213131904602051,"ok",NA,"2026-08-09 21:34:52"
"hepatitis","SUN-MCCD",0.1,74,19,0.714285714285714,0.656716417910448,0.685501066098081,0.446428571428572,28,1,74,"74","6;11;16;19;22;24;28;30;38;39;47;49;50;51;54;55;57;58;59;60;63;64;67;68;70;71;72;73",0.0200541019439697,"ok",NA,"2026-08-09 21:34:52"
"hepatitis","SUN-MCCD",0.15,74,19,0.714285714285714,0.656716417910448,0.685501066098081,0.446428571428572,28,1,74,"74","6;11;16;19;22;24;28;30;38;39;47;49;50;51;54;55;57;58;59;60;63;64;67;68;70;71;72;73",0.0177268981933594,"ok",NA,"2026-08-09 21:34:52"
"hepatitis","SUN-MCCD",0.2,74,19,0.714285714285714,0.656716417910448,0.685501066098081,0.446428571428572,28,1,74,"74","6;11;16;19;22;24;28;30;38;39;47;49;50;51;54;55;57;58;59;60;63;64;67;68;70;71;72;73",0.0177381038665771,"ok",NA,"2026-08-09 21:34:52"
"hepatitis","SUN-MCCD",0.3,74,19,0.714285714285714,0.656716417910448,0.685501066098081,0.446428571428572,28,1,74,"74","6;11;16;19;22;24;28;30;38;39;47;49;50;51;54;55;57;58;59;60;63;64;67;68;70;71;72;73",0.0198848247528076,"ok",NA,"2026-08-09 21:34:52"
"lymphography","SU-MCCD",0.005,148,18,1,0.901408450704225,0.950704225352113,0.681818181818182,20,3,53,"36;53;59","1;17;21;24;41;42;49;54;56;61;69;87;102;124;143;144;145;146;147;148",2.18305993080139,"ok",NA,"2026-08-09 21:34:54"
"lymphography","SU-MCCD",0.01,148,18,1,0.901408450704225,0.950704225352113,0.681818181818182,20,3,53,"36;53;59","1;17;21;24;41;42;49;54;56;61;69;87;102;124;143;144;145;146;147;148",2.1935088634491,"ok",NA,"2026-08-09 21:34:56"
"lymphography","SU-MCCD",0.02,148,18,1,0.901408450704225,0.950704225352113,0.681818181818182,20,3,53,"36;53;59","1;17;21;24;41;42;49;54;56;61;69;87;102;124;143;144;145;146;147;148",2.21115899085999,"ok",NA,"2026-08-09 21:34:59"
"lymphography","SU-MCCD",0.03,148,18,1,0.901408450704225,0.950704225352113,0.681818181818182,20,3,53,"36;53;59","1;17;21;24;41;42;49;54;56;61;69;87;102;124;143;144;145;146;147;148",2.15532898902893,"ok",NA,"2026-08-09 21:35:01"
"lymphography","SU-MCCD",0.05,148,18,1,0.922535211267606,0.961267605633803,0.731707317073171,17,1,148,"148","21;24;41;54;56;61;69;85;87;102;124;143;144;145;146;147;148",2.1371169090271,"ok",NA,"2026-08-09 21:35:03"
"lymphography","SU-MCCD",0.0625,148,18,1,0.922535211267606,0.961267605633803,0.731707317073171,17,1,148,"148","21;24;41;54;56;61;69;85;87;102;124;143;144;145;146;147;148",2.1345841884613,"ok",NA,"2026-08-09 21:35:05"
"lymphography","SU-MCCD",0.1,148,18,1,0.922535211267606,0.961267605633803,0.731707317073171,17,1,148,"148","21;24;41;54;56;61;69;85;87;102;124;143;144;145;146;147;148",2.14600205421448,"ok",NA,"2026-08-09 21:35:07"
"lymphography","SU-MCCD",0.15,148,18,1,0.922535211267606,0.961267605633803,0.731707317073171,17,1,148,"148","21;24;41;54;56;61;69;85;87;102;124;143;144;145;146;147;148",2.14465713500977,"ok",NA,"2026-08-09 21:35:10"
"lymphography","SU-MCCD",0.2,148,18,1,0.922535211267606,0.961267605633803,0.731707317073171,17,1,148,"148","21;24;41;54;56;61;69;85;87;102;124;143;144;145;146;147;148",2.13744115829468,"ok",NA,"2026-08-09 21:35:12"
"lymphography","SU-MCCD",0.3,148,18,1,0.922535211267606,0.961267605633803,0.731707317073171,17,1,148,"148","21;24;41;54;56;61;69;85;87;102;124;143;144;145;146;147;148",2.1352870464325,"ok",NA,"2026-08-09 21:35:14"
"lymphography","SUN-MCCD",0.005,148,18,1,0.753521126760563,0.876760563380282,0.461538461538462,41,2,74,"57;91","4;20;21;23;24;40;41;52;53;54;56;61;69;82;85;87;89;90;93;94;95;97;99;102;103;104;110;114;117;120;121;124;125;135;139;143;144;145;146;147;148",0.0759041309356689,"ok",NA,"2026-08-09 21:35:14"
"lymphography","SUN-MCCD",0.01,148,18,1,0.753521126760563,0.876760563380282,0.461538461538462,41,2,74,"57;91","4;20;21;23;24;40;41;52;53;54;56;61;69;82;85;87;89;90;93;94;95;97;99;102;103;104;110;114;117;120;121;124;125;135;139;143;144;145;146;147;148",0.0754501819610596,"ok",NA,"2026-08-09 21:35:14"
"lymphography","SUN-MCCD",0.02,148,18,1,0.753521126760563,0.876760563380282,0.461538461538462,41,2,74,"57;91","4;20;21;23;24;40;41;52;53;54;56;61;69;82;85;87;89;90;93;94;95;97;99;102;103;104;110;114;117;120;121;124;125;135;139;143;144;145;146;147;148",0.0665528774261475,"ok",NA,"2026-08-09 21:35:14"
"lymphography","SUN-MCCD",0.03,148,18,1,0.753521126760563,0.876760563380282,0.461538461538462,41,2,74,"57;91","4;20;21;23;24;40;41;52;53;54;56;61;69;82;85;87;89;90;93;94;95;97;99;102;103;104;110;114;117;120;121;124;125;135;139;143;144;145;146;147;148",0.0623540878295898,"ok",NA,"2026-08-09 21:35:14"
"lymphography","SUN-MCCD",0.05,148,18,1,0.880281690140845,0.940140845070423,0.638297872340426,23,1,148,"148","20;21;24;41;54;56;61;69;85;87;89;90;102;104;117;121;124;143;144;145;146;147;148",0.0447030067443848,"ok",NA,"2026-08-09 21:35:15"
"lymphography","SUN-MCCD",0.0625,148,18,1,0.880281690140845,0.940140845070423,0.638297872340426,23,1,148,"148","20;21;24;41;54;56;61;69;85;87;89;90;102;104;117;121;124;143;144;145;146;147;148",0.0403358936309814,"ok",NA,"2026-08-09 21:35:15"
"lymphography","SUN-MCCD",0.1,148,18,1,0.880281690140845,0.940140845070423,0.638297872340426,23,1,148,"148","20;21;24;41;54;56;61;69;85;87;89;90;102;104;117;121;124;143;144;145;146;147;148",0.045849084854126,"ok",NA,"2026-08-09 21:35:15"
"lymphography","SUN-MCCD",0.15,148,18,1,0.880281690140845,0.940140845070423,0.638297872340426,23,1,148,"148","20;21;24;41;54;56;61;69;85;87;89;90;102;104;117;121;124;143;144;145;146;147;148",0.0453910827636719,"ok",NA,"2026-08-09 21:35:15"
"lymphography","SUN-MCCD",0.2,148,18,1,0.880281690140845,0.940140845070423,0.638297872340426,23,1,148,"148","20;21;24;41;54;56;61;69;85;87;89;90;102;104;117;121;124;143;144;145;146;147;148",0.0460410118103027,"ok",NA,"2026-08-09 21:35:15"
"lymphography","SUN-MCCD",0.3,148,18,1,0.880281690140845,0.940140845070423,0.638297872340426,23,1,148,"148","20;21;24;41;54;56;61;69;85;87;89;90;102;104;117;121;124;143;144;145;146;147;148",0.0497279167175293,"ok",NA,"2026-08-09 21:35:15"
"glass","SU-MCCD",0.005,213,9,1,0.5,0.75,0.306122448979592,111,4,61,"60;13;62;78","1;2;3;4;5;6;7;8;9;10;11;12;16;17;18;20;22;25;27;28;30;31;32;33;34;35;36;37;38;39;40;42;43;44;45;48;50;51;53;54;56;58;59;62;63;65;66;71;78;84;85;97;104;106;107;111;112;114;125;132;135;136;137;138;139;140;141;144;149;151;159;161;163;169;170;171;172;173;174;175;176;177;178;179;180;181;182;183;184;185;186;187;188;189;190;191;192;193;194;195;196;201;203;205;206;207;209;210;211;212;213",3.05817008018494,"ok",NA,"2026-08-09 21:35:18"
"glass","SU-MCCD",0.01,213,9,1,0.5,0.75,0.306122448979592,111,4,61,"60;13;62;78","1;2;3;4;5;6;7;8;9;10;11;12;16;17;18;20;22;25;27;28;30;31;32;33;34;35;36;37;38;39;40;42;43;44;45;48;50;51;53;54;56;58;59;62;63;65;66;71;78;84;85;97;104;106;107;111;112;114;125;132;135;136;137;138;139;140;141;144;149;151;159;161;163;169;170;171;172;173;174;175;176;177;178;179;180;181;182;183;184;185;186;187;188;189;190;191;192;193;194;195;196;201;203;205;206;207;209;210;211;212;213",3.23014903068542,"ok",NA,"2026-08-09 21:35:21"
"glass","SU-MCCD",0.02,213,9,1,0.5,0.75,0.306122448979592,111,4,61,"60;13;62;78","1;2;3;4;5;6;7;8;9;10;11;12;16;17;18;20;22;25;27;28;30;31;32;33;34;35;36;37;38;39;40;42;43;44;45;48;50;51;53;54;56;58;59;62;63;65;66;71;78;84;85;97;104;106;107;111;112;114;125;132;135;136;137;138;139;140;141;144;149;151;159;161;163;169;170;171;172;173;174;175;176;177;178;179;180;181;182;183;184;185;186;187;188;189;190;191;192;193;194;195;196;201;203;205;206;207;209;210;211;212;213",3.25792789459229,"ok",NA,"2026-08-09 21:35:25"
"glass","SU-MCCD",0.03,213,9,1,0.647058823529412,0.823529411764706,0.384615384615385,81,1,213,"213","1;2;4;6;9;11;18;20;25;27;28;32;33;37;42;44;51;54;58;60;61;62;63;66;68;70;85;112;125;136;137;138;139;140;141;149;151;163;171;172;173;174;175;176;177;178;179;180;181;182;183;184;185;186;187;188;189;190;191;192;193;194;195;196;197;198;199;200;201;202;203;204;205;206;207;208;209;210;211;212;213",3.12292194366455,"ok",NA,"2026-08-09 21:35:28"
"glass","SU-MCCD",0.05,213,9,1,0.647058823529412,0.823529411764706,0.384615384615385,81,1,213,"213","1;2;4;6;9;11;18;20;25;27;28;32;33;37;42;44;51;54;58;60;61;62;63;66;68;70;85;112;125;136;137;138;139;140;141;149;151;163;171;172;173;174;175;176;177;178;179;180;181;182;183;184;185;186;187;188;189;190;191;192;193;194;195;196;197;198;199;200;201;202;203;204;205;206;207;208;209;210;211;212;213",3.03520584106445,"ok",NA,"2026-08-09 21:35:31"
"glass","SU-MCCD",0.0625,213,9,1,0.647058823529412,0.823529411764706,0.384615384615385,81,1,213,"213","1;2;4;6;9;11;18;20;25;27;28;32;33;37;42;44;51;54;58;60;61;62;63;66;68;70;85;112;125;136;137;138;139;140;141;149;151;163;171;172;173;174;175;176;177;178;179;180;181;182;183;184;185;186;187;188;189;190;191;192;193;194;195;196;197;198;199;200;201;202;203;204;205;206;207;208;209;210;211;212;213",3.09225511550903,"ok",NA,"2026-08-09 21:35:34"
"glass","SU-MCCD",0.1,213,9,1,0.647058823529412,0.823529411764706,0.384615384615385,81,1,213,"213","1;2;4;6;9;11;18;20;25;27;28;32;33;37;42;44;51;54;58;60;61;62;63;66;68;70;85;112;125;136;137;138;139;140;141;149;151;163;171;172;173;174;175;176;177;178;179;180;181;182;183;184;185;186;187;188;189;190;191;192;193;194;195;196;197;198;199;200;201;202;203;204;205;206;207;208;209;210;211;212;213",3.08772420883179,"ok",NA,"2026-08-09 21:35:37"
"glass","SU-MCCD",0.15,213,9,1,0.647058823529412,0.823529411764706,0.384615384615385,81,1,213,"213","1;2;4;6;9;11;18;20;25;27;28;32;33;37;42;44;51;54;58;60;61;62;63;66;68;70;85;112;125;136;137;138;139;140;141;149;151;163;171;172;173;174;175;176;177;178;179;180;181;182;183;184;185;186;187;188;189;190;191;192;193;194;195;196;197;198;199;200;201;202;203;204;205;206;207;208;209;210;211;212;213",3.04913806915283,"ok",NA,"2026-08-09 21:35:40"
"glass","SU-MCCD",0.2,213,9,1,0.647058823529412,0.823529411764706,0.384615384615385,81,1,213,"213","1;2;4;6;9;11;18;20;25;27;28;32;33;37;42;44;51;54;58;60;61;62;63;66;68;70;85;112;125;136;137;138;139;140;141;149;151;163;171;172;173;174;175;176;177;178;179;180;181;182;183;184;185;186;187;188;189;190;191;192;193;194;195;196;197;198;199;200;201;202;203;204;205;206;207;208;209;210;211;212;213",3.06063199043274,"ok",NA,"2026-08-09 21:35:44"
"glass","SU-MCCD",0.3,213,9,1,0.647058823529412,0.823529411764706,0.384615384615385,81,1,213,"213","1;2;4;6;9;11;18;20;25;27;28;32;33;37;42;44;51;54;58;60;61;62;63;66;68;70;85;112;125;136;137;138;139;140;141;149;151;163;171;172;173;174;175;176;177;178;179;180;181;182;183;184;185;186;187;188;189;190;191;192;193;194;195;196;197;198;199;200;201;202;203;204;205;206;207;208;209;210;211;212;213",3.06176710128784,"ok",NA,"2026-08-09 21:35:47"
"glass","SUN-MCCD",0.005,213,9,0.222222222222222,0.764705882352941,0.493464052287582,0.116279069767442,50,3,65,"26;122;65","1;2;4;5;6;8;9;10;11;16;17;18;20;25;27;35;40;42;43;44;45;46;47;48;49;52;53;54;55;56;57;59;64;67;139;140;141;171;173;174;179;180;186;190;191;192;194;195;201;207",0.208287954330444,"ok",NA,"2026-08-09 21:35:47"
"glass","SUN-MCCD",0.01,213,9,0.222222222222222,0.764705882352941,0.493464052287582,0.116279069767442,50,3,65,"26;122;65","1;2;4;5;6;8;9;10;11;16;17;18;20;25;27;35;40;42;43;44;45;46;47;48;49;52;53;54;55;56;57;59;64;67;139;140;141;171;173;174;179;180;186;190;191;192;194;195;201;207",0.177387952804565,"ok",NA,"2026-08-09 21:35:47"
"glass","SUN-MCCD",0.02,213,9,0.222222222222222,0.764705882352941,0.493464052287582,0.116279069767442,50,3,65,"26;122;65","1;2;4;5;6;8;9;10;11;16;17;18;20;25;27;35;40;42;43;44;45;46;47;48;49;52;53;54;55;56;57;59;64;67;139;140;141;171;173;174;179;180;186;190;191;192;194;195;201;207",0.166780948638916,"ok",NA,"2026-08-09 21:35:47"
"glass","SUN-MCCD",0.03,213,9,0.222222222222222,0.764705882352941,0.493464052287582,0.116279069767442,50,3,65,"26;122;65","1;2;4;5;6;8;9;10;11;16;17;18;20;25;27;35;40;42;43;44;45;46;47;48;49;52;53;54;55;56;57;59;64;67;139;140;141;171;173;174;179;180;186;190;191;192;194;195;201;207",0.159255027770996,"ok",NA,"2026-08-09 21:35:48"
"glass","SUN-MCCD",0.05,213,9,1,0.53921568627451,0.769607843137255,0.323741007194245,103,1,213,"213","1;2;4;5;6;8;9;10;11;16;17;18;20;25;27;28;30;31;32;33;35;37;38;40;42;44;50;51;54;58;59;60;61;62;63;65;66;68;69;70;71;83;85;99;103;105;112;113;125;136;137;138;139;140;141;149;151;162;163;168;171;172;173;174;175;176;177;178;179;180;181;182;183;184;185;186;187;188;189;190;191;192;193;194;195;196;197;198;199;200;201;202;203;204;205;206;207;208;209;210;211;212;213",0.116233110427856,"ok",NA,"2026-08-09 21:35:48"
"glass","SUN-MCCD",0.0625,213,9,1,0.53921568627451,0.769607843137255,0.323741007194245,103,1,213,"213","1;2;4;5;6;8;9;10;11;16;17;18;20;25;27;28;30;31;32;33;35;37;38;40;42;44;50;51;54;58;59;60;61;62;63;65;66;68;69;70;71;83;85;99;103;105;112;113;125;136;137;138;139;140;141;149;151;162;163;168;171;172;173;174;175;176;177;178;179;180;181;182;183;184;185;186;187;188;189;190;191;192;193;194;195;196;197;198;199;200;201;202;203;204;205;206;207;208;209;210;211;212;213",0.114336013793945,"ok",NA,"2026-08-09 21:35:48"
"glass","SUN-MCCD",0.1,213,9,1,0.53921568627451,0.769607843137255,0.323741007194245,103,1,213,"213","1;2;4;5;6;8;9;10;11;16;17;18;20;25;27;28;30;31;32;33;35;37;38;40;42;44;50;51;54;58;59;60;61;62;63;65;66;68;69;70;71;83;85;99;103;105;112;113;125;136;137;138;139;140;141;149;151;162;163;168;171;172;173;174;175;176;177;178;179;180;181;182;183;184;185;186;187;188;189;190;191;192;193;194;195;196;197;198;199;200;201;202;203;204;205;206;207;208;209;210;211;212;213",0.111597061157227,"ok",NA,"2026-08-09 21:35:48"
"glass","SUN-MCCD",0.15,213,9,1,0.53921568627451,0.769607843137255,0.323741007194245,103,1,213,"213","1;2;4;5;6;8;9;10;11;16;17;18;20;25;27;28;30;31;32;33;35;37;38;40;42;44;50;51;54;58;59;60;61;62;63;65;66;68;69;70;71;83;85;99;103;105;112;113;125;136;137;138;139;140;141;149;151;162;163;168;171;172;173;174;175;176;177;178;179;180;181;182;183;184;185;186;187;188;189;190;191;192;193;194;195;196;197;198;199;200;201;202;203;204;205;206;207;208;209;210;211;212;213",0.112261056900024,"ok",NA,"2026-08-09 21:35:48"
"glass","SUN-MCCD",0.2,213,9,1,0.53921568627451,0.769607843137255,0.323741007194245,103,1,213,"213","1;2;4;5;6;8;9;10;11;16;17;18;20;25;27;28;30;31;32;33;35;37;38;40;42;44;50;51;54;58;59;60;61;62;63;65;66;68;69;70;71;83;85;99;103;105;112;113;125;136;137;138;139;140;141;149;151;162;163;168;171;172;173;174;175;176;177;178;179;180;181;182;183;184;185;186;187;188;189;190;191;192;193;194;195;196;197;198;199;200;201;202;203;204;205;206;207;208;209;210;211;212;213",0.117594003677368,"ok",NA,"2026-08-09 21:35:48"
"glass","SUN-MCCD",0.3,213,9,1,0.53921568627451,0.769607843137255,0.323741007194245,103,1,213,"213","1;2;4;5;6;8;9;10;11;16;17;18;20;25;27;28;30;31;32;33;35;37;38;40;42;44;50;51;54;58;59;60;61;62;63;65;66;68;69;70;71;83;85;99;103;105;112;113;125;136;137;138;139;140;141;149;151;162;163;168;171;172;173;174;175;176;177;178;179;180;181;182;183;184;185;186;187;188;189;190;191;192;193;194;195;196;197;198;199;200;201;202;203;204;205;206;207;208;209;210;211;212;213",0.120640993118286,"ok",NA,"2026-08-09 21:35:49"
"WBC","SU-MCCD",0.005,223,9,1,0.492957746478873,0.746478873239437,0.316455696202532,118,2,111.5,"78;145","2;4;6;8;12;25;31;32;34;35;37;40;45;46;47;48;49;50;55;58;63;64;68;72;73;74;78;79;80;81;82;84;86;87;88;90;91;92;94;95;96;98;99;100;101;102;104;105;107;109;110;111;112;113;122;123;124;126;128;129;130;131;132;133;134;135;137;138;139;141;142;144;147;150;151;158;159;161;163;164;168;173;176;177;178;179;181;183;185;187;190;191;193;194;195;196;197;198;199;200;201;202;205;206;207;208;211;213;214;215;216;217;218;219;220;221;222;223",3.12661004066467,"ok",NA,"2026-08-09 21:35:52"
"WBC","SU-MCCD",0.01,223,9,1,0.492957746478873,0.746478873239437,0.316455696202532,118,2,111.5,"78;145","2;4;6;8;12;25;31;32;34;35;37;40;45;46;47;48;49;50;55;58;63;64;68;72;73;74;78;79;80;81;82;84;86;87;88;90;91;92;94;95;96;98;99;100;101;102;104;105;107;109;110;111;112;113;122;123;124;126;128;129;130;131;132;133;134;135;137;138;139;141;142;144;147;150;151;158;159;161;163;164;168;173;176;177;178;179;181;183;185;187;190;191;193;194;195;196;197;198;199;200;201;202;205;206;207;208;211;213;214;215;216;217;218;219;220;221;222;223",3.12741303443909,"ok",NA,"2026-08-09 21:35:55"
"WBC","SU-MCCD",0.02,223,9,1,0.492957746478873,0.746478873239437,0.316455696202532,118,2,111.5,"78;145","2;4;6;8;12;25;31;32;34;35;37;40;45;46;47;48;49;50;55;58;63;64;68;72;73;74;78;79;80;81;82;84;86;87;88;90;91;92;94;95;96;98;99;100;101;102;104;105;107;109;110;111;112;113;122;123;124;126;128;129;130;131;132;133;134;135;137;138;139;141;142;144;147;150;151;158;159;161;163;164;168;173;176;177;178;179;181;183;185;187;190;191;193;194;195;196;197;198;199;200;201;202;205;206;207;208;211;213;214;215;216;217;218;219;220;221;222;223",3.13523507118225,"ok",NA,"2026-08-09 21:35:58"
"WBC","SU-MCCD",0.03,223,9,1,0.492957746478873,0.746478873239437,0.316455696202532,118,2,111.5,"78;145","2;4;6;8;12;25;31;32;34;35;37;40;45;46;47;48;49;50;55;58;63;64;68;72;73;74;78;79;80;81;82;84;86;87;88;90;91;92;94;95;96;98;99;100;101;102;104;105;107;109;110;111;112;113;122;123;124;126;128;129;130;131;132;133;134;135;137;138;139;141;142;144;147;150;151;158;159;161;163;164;168;173;176;177;178;179;181;183;185;187;190;191;193;194;195;196;197;198;199;200;201;202;205;206;207;208;211;213;214;215;216;217;218;219;220;221;222;223",3.10123205184937,"ok",NA,"2026-08-09 21:36:01"
"WBC","SU-MCCD",0.05,223,9,1,0.492957746478873,0.746478873239437,0.316455696202532,118,1,223,"223","2;4;5;6;8;12;25;31;32;34;37;40;45;46;47;48;49;50;55;58;63;64;68;73;74;78;79;80;81;82;83;84;86;87;88;90;91;92;94;95;96;98;99;100;102;103;104;105;107;109;110;111;112;113;115;122;123;124;126;128;129;130;131;132;133;134;135;137;138;139;141;142;144;145;147;150;158;159;161;163;164;168;173;176;177;178;179;181;183;185;187;190;191;193;194;195;196;197;199;200;201;202;205;206;207;208;211;213;214;215;216;217;218;219;220;221;222;223",3.04781293869019,"ok",NA,"2026-08-09 21:36:04"
"WBC","SU-MCCD",0.0625,223,9,1,0.492957746478873,0.746478873239437,0.316455696202532,118,1,223,"223","2;4;5;6;8;12;25;31;32;34;37;40;45;46;47;48;49;50;55;58;63;64;68;73;74;78;79;80;81;82;83;84;86;87;88;90;91;92;94;95;96;98;99;100;102;103;104;105;107;109;110;111;112;113;115;122;123;124;126;128;129;130;131;132;133;134;135;137;138;139;141;142;144;145;147;150;158;159;161;163;164;168;173;176;177;178;179;181;183;185;187;190;191;193;194;195;196;197;199;200;201;202;205;206;207;208;211;213;214;215;216;217;218;219;220;221;222;223",3.05054688453674,"ok",NA,"2026-08-09 21:36:08"
"WBC","SU-MCCD",0.1,223,9,1,0.492957746478873,0.746478873239437,0.316455696202532,118,1,223,"223","2;4;5;6;8;12;25;31;32;34;37;40;45;46;47;48;49;50;55;58;63;64;68;73;74;78;79;80;81;82;83;84;86;87;88;90;91;92;94;95;96;98;99;100;102;103;104;105;107;109;110;111;112;113;115;122;123;124;126;128;129;130;131;132;133;134;135;137;138;139;141;142;144;145;147;150;158;159;161;163;164;168;173;176;177;178;179;181;183;185;187;190;191;193;194;195;196;197;199;200;201;202;205;206;207;208;211;213;214;215;216;217;218;219;220;221;222;223",3.04496097564697,"ok",NA,"2026-08-09 21:36:11"
"WBC","SU-MCCD",0.15,223,9,1,0.492957746478873,0.746478873239437,0.316455696202532,118,1,223,"223","2;4;5;6;8;12;25;31;32;34;37;40;45;46;47;48;49;50;55;58;63;64;68;73;74;78;79;80;81;82;83;84;86;87;88;90;91;92;94;95;96;98;99;100;102;103;104;105;107;109;110;111;112;113;115;122;123;124;126;128;129;130;131;132;133;134;135;137;138;139;141;142;144;145;147;150;158;159;161;163;164;168;173;176;177;178;179;181;183;185;187;190;191;193;194;195;196;197;199;200;201;202;205;206;207;208;211;213;214;215;216;217;218;219;220;221;222;223",3.04729223251343,"ok",NA,"2026-08-09 21:36:14"
"WBC","SU-MCCD",0.2,223,9,1,0.492957746478873,0.746478873239437,0.316455696202532,118,1,223,"223","2;4;5;6;8;12;25;31;32;34;37;40;45;46;47;48;49;50;55;58;63;64;68;73;74;78;79;80;81;82;83;84;86;87;88;90;91;92;94;95;96;98;99;100;102;103;104;105;107;109;110;111;112;113;115;122;123;124;126;128;129;130;131;132;133;134;135;137;138;139;141;142;144;145;147;150;158;159;161;163;164;168;173;176;177;178;179;181;183;185;187;190;191;193;194;195;196;197;199;200;201;202;205;206;207;208;211;213;214;215;216;217;218;219;220;221;222;223",3.04078698158264,"ok",NA,"2026-08-09 21:36:17"
"WBC","SU-MCCD",0.3,223,9,1,0.492957746478873,0.746478873239437,0.316455696202532,118,1,223,"223","2;4;5;6;8;12;25;31;32;34;37;40;45;46;47;48;49;50;55;58;63;64;68;73;74;78;79;80;81;82;83;84;86;87;88;90;91;92;94;95;96;98;99;100;102;103;104;105;107;109;110;111;112;113;115;122;123;124;126;128;129;130;131;132;133;134;135;137;138;139;141;142;144;145;147;150;158;159;161;163;164;168;173;176;177;178;179;181;183;185;187;190;191;193;194;195;196;197;199;200;201;202;205;206;207;208;211;213;214;215;216;217;218;219;220;221;222;223",3.04026889801025,"ok",NA,"2026-08-09 21:36:20"
"WBC","SUN-MCCD",0.005,223,9,1,0.563380281690141,0.78169014084507,0.34965034965035,103,2,111.5,"155;68","2;4;6;8;25;31;32;34;37;40;46;47;48;49;50;55;58;63;64;68;73;74;78;79;80;82;84;86;87;88;90;91;92;94;95;96;98;99;102;104;105;107;109;110;111;112;113;122;123;126;128;129;130;131;132;133;134;135;137;138;139;141;142;144;147;150;158;159;161;163;164;168;176;177;178;179;181;183;185;187;190;191;193;194;195;196;197;200;202;205;207;208;211;214;215;216;217;218;219;220;221;222;223",0.502981901168823,"ok",NA,"2026-08-09 21:36:20"
"WBC","SUN-MCCD",0.01,223,9,1,0.563380281690141,0.78169014084507,0.34965034965035,103,2,111.5,"155;68","2;4;6;8;25;31;32;34;37;40;46;47;48;49;50;55;58;63;64;68;73;74;78;79;80;82;84;86;87;88;90;91;92;94;95;96;98;99;102;104;105;107;109;110;111;112;113;122;123;126;128;129;130;131;132;133;134;135;137;138;139;141;142;144;147;150;158;159;161;163;164;168;176;177;178;179;181;183;185;187;190;191;193;194;195;196;197;200;202;205;207;208;211;214;215;216;217;218;219;220;221;222;223",0.443985939025879,"ok",NA,"2026-08-09 21:36:21"
"WBC","SUN-MCCD",0.02,223,9,1,0.563380281690141,0.78169014084507,0.34965034965035,103,2,111.5,"155;68","2;4;6;8;25;31;32;34;37;40;46;47;48;49;50;55;58;63;64;68;73;74;78;79;80;82;84;86;87;88;90;91;92;94;95;96;98;99;102;104;105;107;109;110;111;112;113;122;123;126;128;129;130;131;132;133;134;135;137;138;139;141;142;144;147;150;158;159;161;163;164;168;176;177;178;179;181;183;185;187;190;191;193;194;195;196;197;200;202;205;207;208;211;214;215;216;217;218;219;220;221;222;223",0.440745830535889,"ok",NA,"2026-08-09 21:36:21"
"WBC","SUN-MCCD",0.03,223,9,1,0.563380281690141,0.78169014084507,0.34965034965035,103,2,111.5,"155;68","2;4;6;8;25;31;32;34;37;40;46;47;48;49;50;55;58;63;64;68;73;74;78;79;80;82;84;86;87;88;90;91;92;94;95;96;98;99;102;104;105;107;109;110;111;112;113;122;123;126;128;129;130;131;132;133;134;135;137;138;139;141;142;144;147;150;158;159;161;163;164;168;176;177;178;179;181;183;185;187;190;191;193;194;195;196;197;200;202;205;207;208;211;214;215;216;217;218;219;220;221;222;223",0.436807870864868,"ok",NA,"2026-08-09 21:36:22"
"WBC","SUN-MCCD",0.05,223,9,1,0.563380281690141,0.78169014084507,0.34965034965035,103,2,111.5,"155;68","2;4;6;8;25;31;32;34;37;40;46;47;48;49;50;55;58;63;64;68;73;74;78;79;80;82;84;86;87;88;90;91;92;94;95;96;98;99;102;104;105;107;109;110;111;112;113;122;123;126;128;129;130;131;132;133;134;135;137;138;139;141;142;144;147;150;158;159;161;163;164;168;176;177;178;179;181;183;185;187;190;191;193;194;195;196;197;200;202;205;207;208;211;214;215;216;217;218;219;220;221;222;223",0.438875913619995,"ok",NA,"2026-08-09 21:36:22"
"WBC","SUN-MCCD",0.0625,223,9,1,0.563380281690141,0.78169014084507,0.34965034965035,103,2,111.5,"155;68","2;4;6;8;25;31;32;34;37;40;46;47;48;49;50;55;58;63;64;68;73;74;78;79;80;82;84;86;87;88;90;91;92;94;95;96;98;99;102;104;105;107;109;110;111;112;113;122;123;126;128;129;130;131;132;133;134;135;137;138;139;141;142;144;147;150;158;159;161;163;164;168;176;177;178;179;181;183;185;187;190;191;193;194;195;196;197;200;202;205;207;208;211;214;215;216;217;218;219;220;221;222;223",0.435871124267578,"ok",NA,"2026-08-09 21:36:23"
"WBC","SUN-MCCD",0.1,223,9,1,0.563380281690141,0.78169014084507,0.34965034965035,103,2,111.5,"155;68","2;4;6;8;25;31;32;34;37;40;46;47;48;49;50;55;58;63;64;68;73;74;78;79;80;82;84;86;87;88;90;91;92;94;95;96;98;99;102;104;105;107;109;110;111;112;113;122;123;126;128;129;130;131;132;133;134;135;137;138;139;141;142;144;147;150;158;159;161;163;164;168;176;177;178;179;181;183;185;187;190;191;193;194;195;196;197;200;202;205;207;208;211;214;215;216;217;218;219;220;221;222;223",0.473824024200439,"ok",NA,"2026-08-09 21:36:23"
"WBC","SUN-MCCD",0.15,223,9,1,0.553990610328638,0.776995305164319,0.344827586206897,105,1,223,"223","2;4;6;8;12;25;31;32;34;37;40;46;47;48;49;50;55;58;63;64;68;73;74;78;79;80;82;84;86;87;88;90;91;92;94;95;96;98;99;100;102;104;105;107;109;110;111;112;113;122;123;124;126;128;129;130;131;132;133;134;135;137;138;139;141;142;144;147;150;158;159;161;164;168;173;176;177;178;179;181;183;185;190;191;193;194;195;196;197;200;202;205;207;208;211;214;215;216;217;218;219;220;221;222;223",0.320033073425293,"ok",NA,"2026-08-09 21:36:24"
"WBC","SUN-MCCD",0.2,223,9,1,0.553990610328638,0.776995305164319,0.344827586206897,105,1,223,"223","2;4;6;8;12;25;31;32;34;37;40;46;47;48;49;50;55;58;63;64;68;73;74;78;79;80;82;84;86;87;88;90;91;92;94;95;96;98;99;100;102;104;105;107;109;110;111;112;113;122;123;124;126;128;129;130;131;132;133;134;135;137;138;139;141;142;144;147;150;158;159;161;164;168;173;176;177;178;179;181;183;185;190;191;193;194;195;196;197;200;202;205;207;208;211;214;215;216;217;218;219;220;221;222;223",0.317966938018799,"ok",NA,"2026-08-09 21:36:24"
"WBC","SUN-MCCD",0.3,223,9,1,0.553990610328638,0.776995305164319,0.344827586206897,105,1,223,"223","2;4;6;8;12;25;31;32;34;37;40;46;47;48;49;50;55;58;63;64;68;73;74;78;79;80;82;84;86;87;88;90;91;92;94;95;96;98;99;100;102;104;105;107;109;110;111;112;113;122;123;124;126;128;129;130;131;132;133;134;135;137;138;139;141;142;144;147;150;158;159;161;164;168;173;176;177;178;179;181;183;185;190;191;193;194;195;196;197;200;202;205;207;208;211;214;215;216;217;218;219;220;221;222;223",0.320849180221558,"ok",NA,"2026-08-09 21:36:25"
"vertebral","SU-MCCD",0.005,240,6,0.133333333333333,0.852380952380952,0.492857142857143,0.129032258064516,35,2,120,"85;155","10;12;25;27;38;41;45;52;53;54;63;84;86;88;96;104;116;123;142;155;158;163;164;168;169;170;180;181;198;205;210;215;216;231;238",3.54502987861633,"ok",NA,"2026-08-09 21:36:28"
"vertebral","SU-MCCD",0.01,240,6,0.133333333333333,0.852380952380952,0.492857142857143,0.129032258064516,35,2,120,"85;155","10;12;25;27;38;41;45;52;53;54;63;84;86;88;96;104;116;123;142;155;158;163;164;168;169;170;180;181;198;205;210;215;216;231;238",3.53665804862976,"ok",NA,"2026-08-09 21:36:32"
"vertebral","SU-MCCD",0.02,240,6,0.133333333333333,0.852380952380952,0.492857142857143,0.129032258064516,35,2,120,"85;155","10;12;25;27;38;41;45;52;53;54;63;84;86;88;96;104;116;123;142;155;158;163;164;168;169;170;180;181;198;205;210;215;216;231;238",3.55163192749023,"ok",NA,"2026-08-09 21:36:35"
"vertebral","SU-MCCD",0.03,240,6,0.133333333333333,0.852380952380952,0.492857142857143,0.129032258064516,35,2,120,"85;155","10;12;25;27;38;41;45;52;53;54;63;84;86;88;96;104;116;123;142;155;158;163;164;168;169;170;180;181;198;205;210;215;216;231;238",3.51484894752502,"ok",NA,"2026-08-09 21:36:39"
"vertebral","SU-MCCD",0.05,240,6,0.133333333333333,0.852380952380952,0.492857142857143,0.129032258064516,35,2,120,"85;155","10;12;25;27;38;41;45;52;53;54;63;84;86;88;96;104;116;123;142;155;158;163;164;168;169;170;180;181;198;205;210;215;216;231;238",3.51980805397034,"ok",NA,"2026-08-09 21:36:43"
"vertebral","SU-MCCD",0.0625,240,6,0.2,0.576190476190476,0.388095238095238,0.13953488372093,95,1,240,"240","10;12;25;27;38;41;52;53;54;61;62;63;65;66;68;70;72;73;75;76;77;83;84;85;86;88;90;94;95;96;97;98;105;108;112;113;114;115;116;118;119;123;125;126;129;135;137;139;140;142;143;144;146;148;150;151;152;155;158;159;163;164;168;169;170;172;174;178;180;181;183;184;185;186;187;189;191;192;193;194;196;198;201;202;203;206;207;208;210;215;216;226;231;234;238",3.51000022888184,"ok",NA,"2026-08-09 21:36:46"
"vertebral","SU-MCCD",0.1,240,6,0.2,0.576190476190476,0.388095238095238,0.13953488372093,95,1,240,"240","10;12;25;27;38;41;52;53;54;61;62;63;65;66;68;70;72;73;75;76;77;83;84;85;86;88;90;94;95;96;97;98;105;108;112;113;114;115;116;118;119;123;125;126;129;135;137;139;140;142;143;144;146;148;150;151;152;155;158;159;163;164;168;169;170;172;174;178;180;181;183;184;185;186;187;189;191;192;193;194;196;198;201;202;203;206;207;208;210;215;216;226;231;234;238",3.50795888900757,"ok",NA,"2026-08-09 21:36:50"
"vertebral","SU-MCCD",0.15,240,6,0.2,0.576190476190476,0.388095238095238,0.13953488372093,95,1,240,"240","10;12;25;27;38;41;52;53;54;61;62;63;65;66;68;70;72;73;75;76;77;83;84;85;86;88;90;94;95;96;97;98;105;108;112;113;114;115;116;118;119;123;125;126;129;135;137;139;140;142;143;144;146;148;150;151;152;155;158;159;163;164;168;169;170;172;174;178;180;181;183;184;185;186;187;189;191;192;193;194;196;198;201;202;203;206;207;208;210;215;216;226;231;234;238",3.53944182395935,"ok",NA,"2026-08-09 21:36:53"
"vertebral","SU-MCCD",0.2,240,6,0.2,0.576190476190476,0.388095238095238,0.13953488372093,95,1,240,"240","10;12;25;27;38;41;52;53;54;61;62;63;65;66;68;70;72;73;75;76;77;83;84;85;86;88;90;94;95;96;97;98;105;108;112;113;114;115;116;118;119;123;125;126;129;135;137;139;140;142;143;144;146;148;150;151;152;155;158;159;163;164;168;169;170;172;174;178;180;181;183;184;185;186;187;189;191;192;193;194;196;198;201;202;203;206;207;208;210;215;216;226;231;234;238",3.50995898246765,"ok",NA,"2026-08-09 21:36:57"
"vertebral","SU-MCCD",0.3,240,6,0.2,0.576190476190476,0.388095238095238,0.13953488372093,95,1,240,"240","10;12;25;27;38;41;52;53;54;61;62;63;65;66;68;70;72;73;75;76;77;83;84;85;86;88;90;94;95;96;97;98;105;108;112;113;114;115;116;118;119;123;125;126;129;135;137;139;140;142;143;144;146;148;150;151;152;155;158;159;163;164;168;169;170;172;174;178;180;181;183;184;185;186;187;189;191;192;193;194;196;198;201;202;203;206;207;208;210;215;216;226;231;234;238",3.52174305915833,"ok",NA,"2026-08-09 21:37:00"
"vertebral","SUN-MCCD",0.005,240,6,0.1,0.928571428571429,0.514285714285714,0.108695652173913,18,2,120,"102;138","10;27;38;52;86;113;116;125;163;164;168;174;181;191;198;215;216;238",0.175636053085327,"ok",NA,"2026-08-09 21:37:01"
"vertebral","SUN-MCCD",0.01,240,6,0.1,0.928571428571429,0.514285714285714,0.108695652173913,18,2,120,"102;138","10;27;38;52;86;113;116;125;163;164;168;174;181;191;198;215;216;238",0.169316053390503,"ok",NA,"2026-08-09 21:37:01"
"vertebral","SUN-MCCD",0.02,240,6,0.1,0.928571428571429,0.514285714285714,0.108695652173913,18,2,120,"102;138","10;27;38;52;86;113;116;125;163;164;168;174;181;191;198;215;216;238",0.171930074691772,"ok",NA,"2026-08-09 21:37:01"
"vertebral","SUN-MCCD",0.03,240,6,0.1,0.928571428571429,0.514285714285714,0.108695652173913,18,2,120,"102;138","10;27;38;52;86;113;116;125;163;164;168;174;181;191;198;215;216;238",0.162220001220703,"ok",NA,"2026-08-09 21:37:01"
"vertebral","SUN-MCCD",0.05,240,6,0.1,0.928571428571429,0.514285714285714,0.108695652173913,18,2,120,"102;138","10;27;38;52;86;113;116;125;163;164;168;174;181;191;198;215;216;238",0.159167051315308,"ok",NA,"2026-08-09 21:37:02"
"vertebral","SUN-MCCD",0.0625,240,6,0.1,0.928571428571429,0.514285714285714,0.108695652173913,18,2,120,"102;138","10;27;38;52;86;113;116;125;163;164;168;174;181;191;198;215;216;238",0.156860113143921,"ok",NA,"2026-08-09 21:37:02"
"vertebral","SUN-MCCD",0.1,240,6,0,0.961904761904762,0.480952380952381,0,8,1,240,"240","52;86;116;163;164;168;181;198",0.130156993865967,"ok",NA,"2026-08-09 21:37:02"
"vertebral","SUN-MCCD",0.15,240,6,0,0.961904761904762,0.480952380952381,0,8,1,240,"240","52;86;116;163;164;168;181;198",0.130190849304199,"ok",NA,"2026-08-09 21:37:02"
"vertebral","SUN-MCCD",0.2,240,6,0,0.961904761904762,0.480952380952381,0,8,1,240,"240","52;86;116;163;164;168;181;198",0.126988172531128,"ok",NA,"2026-08-09 21:37:02"
"vertebral","SUN-MCCD",0.3,240,6,0,0.961904761904762,0.480952380952381,0,8,1,240,"240","52;86;116;163;164;168;181;198",0.133080959320068,"ok",NA,"2026-08-09 21:37:02"
"ecoli","SU-MCCD",0.005,336,7,0.875,0.780487804878049,0.827743902439024,0.315315315315315,79,3,128,"128;80;128","1;2;3;4;5;7;12;15;23;26;33;37;49;55;59;66;71;78;85;86;88;92;94;96;98;99;104;107;111;112;115;116;117;118;119;120;121;123;125;126;127;128;129;130;131;134;136;137;141;146;148;153;156;158;161;163;171;172;173;194;210;215;217;227;230;238;244;274;276;286;310;312;318;329;332;333;334;335;336",3.69040894508362,"ok",NA,"2026-08-09 21:37:06"
"ecoli","SU-MCCD",0.01,336,7,0.875,0.780487804878049,0.827743902439024,0.315315315315315,79,3,128,"128;80;128","1;2;3;4;5;7;12;15;23;26;33;37;49;55;59;66;71;78;85;86;88;92;94;96;98;99;104;107;111;112;115;116;117;118;119;120;121;123;125;126;127;128;129;130;131;134;136;137;141;146;148;153;156;158;161;163;171;172;173;194;210;215;217;227;230;238;244;274;276;286;310;312;318;329;332;333;334;335;336",3.64570999145508,"ok",NA,"2026-08-09 21:37:10"
"ecoli","SU-MCCD",0.02,336,7,0.875,0.780487804878049,0.827743902439024,0.315315315315315,79,3,128,"128;80;128","1;2;3;4;5;7;12;15;23;26;33;37;49;55;59;66;71;78;85;86;88;92;94;96;98;99;104;107;111;112;115;116;117;118;119;120;121;123;125;126;127;128;129;130;131;134;136;137;141;146;148;153;156;158;161;163;171;172;173;194;210;215;217;227;230;238;244;274;276;286;310;312;318;329;332;333;334;335;336",3.60479307174683,"ok",NA,"2026-08-09 21:37:14"
"ecoli","SU-MCCD",0.03,336,7,0.875,0.780487804878049,0.827743902439024,0.315315315315315,79,3,128,"128;80;128","1;2;3;4;5;7;12;15;23;26;33;37;49;55;59;66;71;78;85;86;88;92;94;96;98;99;104;107;111;112;115;116;117;118;119;120;121;123;125;126;127;128;129;130;131;134;136;137;141;146;148;153;156;158;161;163;171;172;173;194;210;215;217;227;230;238;244;274;276;286;310;312;318;329;332;333;334;335;336",3.59804081916809,"ok",NA,"2026-08-09 21:37:17"
"ecoli","SU-MCCD",0.05,336,7,0.875,0.786585365853659,0.830792682926829,0.321100917431193,77,1,336,"336","1;2;3;4;5;7;12;15;23;26;33;37;49;55;59;66;71;78;85;86;88;92;94;96;98;99;104;107;111;112;115;116;117;118;119;120;121;123;125;126;127;128;129;130;131;134;136;137;141;146;148;153;156;158;163;169;171;172;173;187;194;204;205;210;215;227;268;274;276;286;312;329;332;333;334;335;336",3.51601719856262,"ok",NA,"2026-08-09 21:37:21"
"ecoli","SU-MCCD",0.0625,336,7,0.875,0.786585365853659,0.830792682926829,0.321100917431193,77,1,336,"336","1;2;3;4;5;7;12;15;23;26;33;37;49;55;59;66;71;78;85;86;88;92;94;96;98;99;104;107;111;112;115;116;117;118;119;120;121;123;125;126;127;128;129;130;131;134;136;137;141;146;148;153;156;158;163;169;171;172;173;187;194;204;205;210;215;227;268;274;276;286;312;329;332;333;334;335;336",3.54052901268005,"ok",NA,"2026-08-09 21:37:24"
"ecoli","SU-MCCD",0.1,336,7,0.875,0.786585365853659,0.830792682926829,0.321100917431193,77,1,336,"336","1;2;3;4;5;7;12;15;23;26;33;37;49;55;59;66;71;78;85;86;88;92;94;96;98;99;104;107;111;112;115;116;117;118;119;120;121;123;125;126;127;128;129;130;131;134;136;137;141;146;148;153;156;158;163;169;171;172;173;187;194;204;205;210;215;227;268;274;276;286;312;329;332;333;334;335;336",3.51102089881897,"ok",NA,"2026-08-09 21:37:28"
"ecoli","SU-MCCD",0.15,336,7,0.875,0.786585365853659,0.830792682926829,0.321100917431193,77,1,336,"336","1;2;3;4;5;7;12;15;23;26;33;37;49;55;59;66;71;78;85;86;88;92;94;96;98;99;104;107;111;112;115;116;117;118;119;120;121;123;125;126;127;128;129;130;131;134;136;137;141;146;148;153;156;158;163;169;171;172;173;187;194;204;205;210;215;227;268;274;276;286;312;329;332;333;334;335;336",3.55304598808289,"ok",NA,"2026-08-09 21:37:32"
"ecoli","SU-MCCD",0.2,336,7,0.875,0.786585365853659,0.830792682926829,0.321100917431193,77,1,336,"336","1;2;3;4;5;7;12;15;23;26;33;37;49;55;59;66;71;78;85;86;88;92;94;96;98;99;104;107;111;112;115;116;117;118;119;120;121;123;125;126;127;128;129;130;131;134;136;137;141;146;148;153;156;158;163;169;171;172;173;187;194;204;205;210;215;227;268;274;276;286;312;329;332;333;334;335;336",3.55240893363953,"ok",NA,"2026-08-09 21:37:35"
"ecoli","SU-MCCD",0.3,336,7,0.875,0.786585365853659,0.830792682926829,0.321100917431193,77,1,336,"336","1;2;3;4;5;7;12;15;23;26;33;37;49;55;59;66;71;78;85;86;88;92;94;96;98;99;104;107;111;112;115;116;117;118;119;120;121;123;125;126;127;128;129;130;131;134;136;137;141;146;148;153;156;158;163;169;171;172;173;187;194;204;205;210;215;227;268;274;276;286;312;329;332;333;334;335;336",3.52222204208374,"ok",NA,"2026-08-09 21:37:39"
"ecoli","SUN-MCCD",0.005,336,7,0.875,0.74390243902439,0.809451219512195,0.284552845528455,91,2,168,"232;104","1;2;3;4;5;7;8;9;12;13;14;15;17;19;23;26;27;33;37;41;43;49;55;56;59;66;71;78;85;86;88;92;94;96;98;99;103;104;105;106;107;109;111;112;113;114;115;116;117;118;119;120;121;123;125;126;127;128;129;130;131;134;136;137;141;146;148;153;156;158;163;171;172;173;187;194;204;210;215;227;268;274;276;286;312;329;332;333;334;335;336",0.446972131729126,"ok",NA,"2026-08-09 21:37:39"
"ecoli","SUN-MCCD",0.01,336,7,0.875,0.74390243902439,0.809451219512195,0.284552845528455,91,2,168,"232;104","1;2;3;4;5;7;8;9;12;13;14;15;17;19;23;26;27;33;37;41;43;49;55;56;59;66;71;78;85;86;88;92;94;96;98;99;103;104;105;106;107;109;111;112;113;114;115;116;117;118;119;120;121;123;125;126;127;128;129;130;131;134;136;137;141;146;148;153;156;158;163;171;172;173;187;194;204;210;215;227;268;274;276;286;312;329;332;333;334;335;336",0.410259962081909,"ok",NA,"2026-08-09 21:37:40"
"ecoli","SUN-MCCD",0.02,336,7,0.875,0.74390243902439,0.809451219512195,0.284552845528455,91,2,168,"232;104","1;2;3;4;5;7;8;9;12;13;14;15;17;19;23;26;27;33;37;41;43;49;55;56;59;66;71;78;85;86;88;92;94;96;98;99;103;104;105;106;107;109;111;112;113;114;115;116;117;118;119;120;121;123;125;126;127;128;129;130;131;134;136;137;141;146;148;153;156;158;163;171;172;173;187;194;204;210;215;227;268;274;276;286;312;329;332;333;334;335;336",0.369891166687012,"ok",NA,"2026-08-09 21:37:40"
"ecoli","SUN-MCCD",0.03,336,7,0.875,0.74390243902439,0.809451219512195,0.284552845528455,91,2,168,"232;104","1;2;3;4;5;7;8;9;12;13;14;15;17;19;23;26;27;33;37;41;43;49;55;56;59;66;71;78;85;86;88;92;94;96;98;99;103;104;105;106;107;109;111;112;113;114;115;116;117;118;119;120;121;123;125;126;127;128;129;130;131;134;136;137;141;146;148;153;156;158;163;171;172;173;187;194;204;210;215;227;268;274;276;286;312;329;332;333;334;335;336",0.367125034332275,"ok",NA,"2026-08-09 21:37:40"
"ecoli","SUN-MCCD",0.05,336,7,0.875,0.798780487804878,0.836890243902439,0.333333333333333,73,1,336,"336","1;2;3;4;5;7;15;23;26;33;37;49;55;59;71;78;85;86;88;92;94;96;98;99;104;107;111;112;115;116;117;118;119;120;121;123;125;126;127;128;129;130;131;134;136;137;141;146;148;153;156;158;163;171;172;173;187;194;204;210;215;227;268;274;276;286;312;329;332;333;334;335;336",0.31317400932312,"ok",NA,"2026-08-09 21:37:41"
"ecoli","SUN-MCCD",0.0625,336,7,0.875,0.798780487804878,0.836890243902439,0.333333333333333,73,1,336,"336","1;2;3;4;5;7;15;23;26;33;37;49;55;59;71;78;85;86;88;92;94;96;98;99;104;107;111;112;115;116;117;118;119;120;121;123;125;126;127;128;129;130;131;134;136;137;141;146;148;153;156;158;163;171;172;173;187;194;204;210;215;227;268;274;276;286;312;329;332;333;334;335;336",0.304862976074219,"ok",NA,"2026-08-09 21:37:41"
"ecoli","SUN-MCCD",0.1,336,7,0.875,0.798780487804878,0.836890243902439,0.333333333333333,73,1,336,"336","1;2;3;4;5;7;15;23;26;33;37;49;55;59;71;78;85;86;88;92;94;96;98;99;104;107;111;112;115;116;117;118;119;120;121;123;125;126;127;128;129;130;131;134;136;137;141;146;148;153;156;158;163;171;172;173;187;194;204;210;215;227;268;274;276;286;312;329;332;333;334;335;336",0.325922012329102,"ok",NA,"2026-08-09 21:37:42"
"ecoli","SUN-MCCD",0.15,336,7,0.875,0.798780487804878,0.836890243902439,0.333333333333333,73,1,336,"336","1;2;3;4;5;7;15;23;26;33;37;49;55;59;71;78;85;86;88;92;94;96;98;99;104;107;111;112;115;116;117;118;119;120;121;123;125;126;127;128;129;130;131;134;136;137;141;146;148;153;156;158;163;171;172;173;187;194;204;210;215;227;268;274;276;286;312;329;332;333;334;335;336",0.300620079040527,"ok",NA,"2026-08-09 21:37:42"
"ecoli","SUN-MCCD",0.2,336,7,0.875,0.798780487804878,0.836890243902439,0.333333333333333,73,1,336,"336","1;2;3;4;5;7;15;23;26;33;37;49;55;59;71;78;85;86;88;92;94;96;98;99;104;107;111;112;115;116;117;118;119;120;121;123;125;126;127;128;129;130;131;134;136;137;141;146;148;153;156;158;163;171;172;173;187;194;204;210;215;227;268;274;276;286;312;329;332;333;334;335;336",0.301047086715698,"ok",NA,"2026-08-09 21:37:42"
"ecoli","SUN-MCCD",0.3,336,7,0.875,0.798780487804878,0.836890243902439,0.333333333333333,73,1,336,"336","1;2;3;4;5;7;15;23;26;33;37;49;55;59;71;78;85;86;88;92;94;96;98;99;104;107;111;112;115;116;117;118;119;120;121;123;125;126;127;128;129;130;131;134;136;137;141;146;148;153;156;158;163;171;172;173;187;194;204;210;215;227;268;274;276;286;312;329;332;333;334;335;336",0.314328908920288,"ok",NA,"2026-08-09 21:37:43"
"stamps","SU-MCCD",0.005,340,9,0.0645161290322581,0.938511326860841,0.50151372794655,0.0689655172413793,21,79,4,"7;12;9;7;7;9;7;5;5;5;7;9;5;5;4;4;4;4;4;4;4;6;6;5;6;4;5;5;7;4;17;3;3;3;4;3;4;4;4;4;4;4;4;3;3;6;5;3;9;3;3;3;3;3;3;3;4;2;2;2;2;2;2;2;2;2;5;2;2;2;2;2;2;2;2;4;2;3;2","6;13;14;23;37;54;81;150;202;207;229;231;243;273;297;299;304;305;307;311;312",5.42190408706665,"ok",NA,"2026-08-09 21:37:48"
"stamps","SU-MCCD",0.01,340,9,0.0645161290322581,0.925566343042071,0.495041236037165,0.0671140939597315,25,57,5,"9;16;9;9;8;10;7;6;5;5;7;11;5;11;4;5;4;4;5;4;4;7;6;5;9;4;5;6;10;4;24;3;5;3;5;3;4;4;4;4;4;4;4;4;3;11;5;3;12;3;3;3;3;5;3;3;4","6;13;14;23;35;54;65;81;121;135;153;158;190;202;213;214;229;296;297;299;304;305;307;311;312",4.83884000778198,"ok",NA,"2026-08-09 21:37:53"
"stamps","SU-MCCD",0.02,340,9,1,0.168284789644013,0.584142394822006,0.37621359223301,288,1,340,"340","3;4;5;6;7;10;11;12;13;15;17;18;19;20;21;22;23;24;27;28;29;30;32;33;34;35;36;37;39;40;41;45;46;47;48;49;51;52;53;54;55;56;57;58;59;61;62;63;64;68;71;72;74;75;76;78;79;82;83;84;85;86;87;88;90;91;92;93;94;95;96;97;98;99;100;101;102;103;104;105;106;107;108;109;110;111;112;113;114;115;116;117;118;119;120;121;122;123;124;125;126;127;128;129;130;131;132;133;134;135;136;137;138;139;140;141;142;143;145;146;147;148;149;151;152;153;154;155;156;157;158;160;161;162;163;164;165;166;167;168;169;171;172;173;174;175;176;177;178;179;180;181;182;183;184;185;186;187;188;189;190;191;192;193;194;195;196;197;198;199;200;201;202;203;204;205;206;207;208;209;211;213;214;216;217;218;219;221;222;223;224;225;226;227;229;230;232;233;236;237;238;239;240;241;242;245;246;248;249;250;252;253;255;259;262;264;266;267;268;269;270;272;273;275;276;277;278;279;280;281;282;283;284;285;286;287;288;289;290;291;292;293;294;295;296;297;298;299;300;301;303;304;305;306;307;308;309;310;311;312;313;314;315;316;317;318;319;320;321;322;323;324;325;326;327;328;329;330;331;332;333;334;335;336;337;338;339;340",3.20362305641174,"ok",NA,"2026-08-09 21:37:56"
"stamps","SU-MCCD",0.03,340,9,1,0.168284789644013,0.584142394822006,0.37621359223301,288,1,340,"340","3;4;5;6;7;10;11;12;13;15;17;18;19;20;21;22;23;24;27;28;29;30;32;33;34;35;36;37;39;40;41;45;46;47;48;49;51;52;53;54;55;56;57;58;59;61;62;63;64;68;71;72;74;75;76;78;79;82;83;84;85;86;87;88;90;91;92;93;94;95;96;97;98;99;100;101;102;103;104;105;106;107;108;109;110;111;112;113;114;115;116;117;118;119;120;121;122;123;124;125;126;127;128;129;130;131;132;133;134;135;136;137;138;139;140;141;142;143;145;146;147;148;149;151;152;153;154;155;156;157;158;160;161;162;163;164;165;166;167;168;169;171;172;173;174;175;176;177;178;179;180;181;182;183;184;185;186;187;188;189;190;191;192;193;194;195;196;197;198;199;200;201;202;203;204;205;206;207;208;209;211;213;214;216;217;218;219;221;222;223;224;225;226;227;229;230;232;233;236;237;238;239;240;241;242;245;246;248;249;250;252;253;255;259;262;264;266;267;268;269;270;272;273;275;276;277;278;279;280;281;282;283;284;285;286;287;288;289;290;291;292;293;294;295;296;297;298;299;300;301;303;304;305;306;307;308;309;310;311;312;313;314;315;316;317;318;319;320;321;322;323;324;325;326;327;328;329;330;331;332;333;334;335;336;337;338;339;340",3.18052005767822,"ok",NA,"2026-08-09 21:37:59"
"stamps","SU-MCCD",0.05,340,9,1,0.168284789644013,0.584142394822006,0.37621359223301,288,1,340,"340","3;4;5;6;7;10;11;12;13;15;17;18;19;20;21;22;23;24;27;28;29;30;32;33;34;35;36;37;39;40;41;45;46;47;48;49;51;52;53;54;55;56;57;58;59;61;62;63;64;68;71;72;74;75;76;78;79;82;83;84;85;86;87;88;90;91;92;93;94;95;96;97;98;99;100;101;102;103;104;105;106;107;108;109;110;111;112;113;114;115;116;117;118;119;120;121;122;123;124;125;126;127;128;129;130;131;132;133;134;135;136;137;138;139;140;141;142;143;145;146;147;148;149;151;152;153;154;155;156;157;158;160;161;162;163;164;165;166;167;168;169;171;172;173;174;175;176;177;178;179;180;181;182;183;184;185;186;187;188;189;190;191;192;193;194;195;196;197;198;199;200;201;202;203;204;205;206;207;208;209;211;213;214;216;217;218;219;221;222;223;224;225;226;227;229;230;232;233;236;237;238;239;240;241;242;245;246;248;249;250;252;253;255;259;262;264;266;267;268;269;270;272;273;275;276;277;278;279;280;281;282;283;284;285;286;287;288;289;290;291;292;293;294;295;296;297;298;299;300;301;303;304;305;306;307;308;309;310;311;312;313;314;315;316;317;318;319;320;321;322;323;324;325;326;327;328;329;330;331;332;333;334;335;336;337;338;339;340",3.20416593551636,"ok",NA,"2026-08-09 21:38:03"
"stamps","SU-MCCD",0.0625,340,9,1,0.168284789644013,0.584142394822006,0.37621359223301,288,1,340,"340","3;4;5;6;7;10;11;12;13;15;17;18;19;20;21;22;23;24;27;28;29;30;32;33;34;35;36;37;39;40;41;45;46;47;48;49;51;52;53;54;55;56;57;58;59;61;62;63;64;68;71;72;74;75;76;78;79;82;83;84;85;86;87;88;90;91;92;93;94;95;96;97;98;99;100;101;102;103;104;105;106;107;108;109;110;111;112;113;114;115;116;117;118;119;120;121;122;123;124;125;126;127;128;129;130;131;132;133;134;135;136;137;138;139;140;141;142;143;145;146;147;148;149;151;152;153;154;155;156;157;158;160;161;162;163;164;165;166;167;168;169;171;172;173;174;175;176;177;178;179;180;181;182;183;184;185;186;187;188;189;190;191;192;193;194;195;196;197;198;199;200;201;202;203;204;205;206;207;208;209;211;213;214;216;217;218;219;221;222;223;224;225;226;227;229;230;232;233;236;237;238;239;240;241;242;245;246;248;249;250;252;253;255;259;262;264;266;267;268;269;270;272;273;275;276;277;278;279;280;281;282;283;284;285;286;287;288;289;290;291;292;293;294;295;296;297;298;299;300;301;303;304;305;306;307;308;309;310;311;312;313;314;315;316;317;318;319;320;321;322;323;324;325;326;327;328;329;330;331;332;333;334;335;336;337;338;339;340",3.18731307983398,"ok",NA,"2026-08-09 21:38:06"
"stamps","SU-MCCD",0.1,340,9,1,0.168284789644013,0.584142394822006,0.37621359223301,288,1,340,"340","3;4;5;6;7;10;11;12;13;15;17;18;19;20;21;22;23;24;27;28;29;30;32;33;34;35;36;37;39;40;41;45;46;47;48;49;51;52;53;54;55;56;57;58;59;61;62;63;64;68;71;72;74;75;76;78;79;82;83;84;85;86;87;88;90;91;92;93;94;95;96;97;98;99;100;101;102;103;104;105;106;107;108;109;110;111;112;113;114;115;116;117;118;119;120;121;122;123;124;125;126;127;128;129;130;131;132;133;134;135;136;137;138;139;140;141;142;143;145;146;147;148;149;151;152;153;154;155;156;157;158;160;161;162;163;164;165;166;167;168;169;171;172;173;174;175;176;177;178;179;180;181;182;183;184;185;186;187;188;189;190;191;192;193;194;195;196;197;198;199;200;201;202;203;204;205;206;207;208;209;211;213;214;216;217;218;219;221;222;223;224;225;226;227;229;230;232;233;236;237;238;239;240;241;242;245;246;248;249;250;252;253;255;259;262;264;266;267;268;269;270;272;273;275;276;277;278;279;280;281;282;283;284;285;286;287;288;289;290;291;292;293;294;295;296;297;298;299;300;301;303;304;305;306;307;308;309;310;311;312;313;314;315;316;317;318;319;320;321;322;323;324;325;326;327;328;329;330;331;332;333;334;335;336;337;338;339;340",3.19508409500122,"ok",NA,"2026-08-09 21:38:09"
"stamps","SU-MCCD",0.15,340,9,1,0.168284789644013,0.584142394822006,0.37621359223301,288,1,340,"340","3;4;5;6;7;10;11;12;13;15;17;18;19;20;21;22;23;24;27;28;29;30;32;33;34;35;36;37;39;40;41;45;46;47;48;49;51;52;53;54;55;56;57;58;59;61;62;63;64;68;71;72;74;75;76;78;79;82;83;84;85;86;87;88;90;91;92;93;94;95;96;97;98;99;100;101;102;103;104;105;106;107;108;109;110;111;112;113;114;115;116;117;118;119;120;121;122;123;124;125;126;127;128;129;130;131;132;133;134;135;136;137;138;139;140;141;142;143;145;146;147;148;149;151;152;153;154;155;156;157;158;160;161;162;163;164;165;166;167;168;169;171;172;173;174;175;176;177;178;179;180;181;182;183;184;185;186;187;188;189;190;191;192;193;194;195;196;197;198;199;200;201;202;203;204;205;206;207;208;209;211;213;214;216;217;218;219;221;222;223;224;225;226;227;229;230;232;233;236;237;238;239;240;241;242;245;246;248;249;250;252;253;255;259;262;264;266;267;268;269;270;272;273;275;276;277;278;279;280;281;282;283;284;285;286;287;288;289;290;291;292;293;294;295;296;297;298;299;300;301;303;304;305;306;307;308;309;310;311;312;313;314;315;316;317;318;319;320;321;322;323;324;325;326;327;328;329;330;331;332;333;334;335;336;337;338;339;340",3.21686005592346,"ok",NA,"2026-08-09 21:38:12"
"stamps","SU-MCCD",0.2,340,9,1,0.168284789644013,0.584142394822006,0.37621359223301,288,1,340,"340","3;4;5;6;7;10;11;12;13;15;17;18;19;20;21;22;23;24;27;28;29;30;32;33;34;35;36;37;39;40;41;45;46;47;48;49;51;52;53;54;55;56;57;58;59;61;62;63;64;68;71;72;74;75;76;78;79;82;83;84;85;86;87;88;90;91;92;93;94;95;96;97;98;99;100;101;102;103;104;105;106;107;108;109;110;111;112;113;114;115;116;117;118;119;120;121;122;123;124;125;126;127;128;129;130;131;132;133;134;135;136;137;138;139;140;141;142;143;145;146;147;148;149;151;152;153;154;155;156;157;158;160;161;162;163;164;165;166;167;168;169;171;172;173;174;175;176;177;178;179;180;181;182;183;184;185;186;187;188;189;190;191;192;193;194;195;196;197;198;199;200;201;202;203;204;205;206;207;208;209;211;213;214;216;217;218;219;221;222;223;224;225;226;227;229;230;232;233;236;237;238;239;240;241;242;245;246;248;249;250;252;253;255;259;262;264;266;267;268;269;270;272;273;275;276;277;278;279;280;281;282;283;284;285;286;287;288;289;290;291;292;293;294;295;296;297;298;299;300;301;303;304;305;306;307;308;309;310;311;312;313;314;315;316;317;318;319;320;321;322;323;324;325;326;327;328;329;330;331;332;333;334;335;336;337;338;339;340",3.20137405395508,"ok",NA,"2026-08-09 21:38:16"
"stamps","SU-MCCD",0.3,340,9,1,0.168284789644013,0.584142394822006,0.37621359223301,288,1,340,"340","3;4;5;6;7;10;11;12;13;15;17;18;19;20;21;22;23;24;27;28;29;30;32;33;34;35;36;37;39;40;41;45;46;47;48;49;51;52;53;54;55;56;57;58;59;61;62;63;64;68;71;72;74;75;76;78;79;82;83;84;85;86;87;88;90;91;92;93;94;95;96;97;98;99;100;101;102;103;104;105;106;107;108;109;110;111;112;113;114;115;116;117;118;119;120;121;122;123;124;125;126;127;128;129;130;131;132;133;134;135;136;137;138;139;140;141;142;143;145;146;147;148;149;151;152;153;154;155;156;157;158;160;161;162;163;164;165;166;167;168;169;171;172;173;174;175;176;177;178;179;180;181;182;183;184;185;186;187;188;189;190;191;192;193;194;195;196;197;198;199;200;201;202;203;204;205;206;207;208;209;211;213;214;216;217;218;219;221;222;223;224;225;226;227;229;230;232;233;236;237;238;239;240;241;242;245;246;248;249;250;252;253;255;259;262;264;266;267;268;269;270;272;273;275;276;277;278;279;280;281;282;283;284;285;286;287;288;289;290;291;292;293;294;295;296;297;298;299;300;301;303;304;305;306;307;308;309;310;311;312;313;314;315;316;317;318;319;320;321;322;323;324;325;326;327;328;329;330;331;332;333;334;335;336;337;338;339;340",3.19937205314636,"ok",NA,"2026-08-09 21:38:19"
"stamps","SUN-MCCD",0.005,340,9,0.516129032258065,0.828478964401295,0.672303998329679,0.414507772020725,69,2,170,"291;49","3;13;18;36;54;57;71;75;85;92;94;99;103;105;106;109;118;119;121;132;135;138;140;148;155;157;160;163;164;166;167;168;185;207;232;236;237;240;242;245;266;267;275;279;285;286;288;292;294;297;299;303;306;311;312;313;321;323;325;327;328;330;331;332;333;334;335;336;339",0.368530988693237,"ok",NA,"2026-08-09 21:38:19"
"stamps","SUN-MCCD",0.01,340,9,0.516129032258065,0.828478964401295,0.672303998329679,0.414507772020725,69,2,170,"291;49","3;13;18;36;54;57;71;75;85;92;94;99;103;105;106;109;118;119;121;132;135;138;140;148;155;157;160;163;164;166;167;168;185;207;232;236;237;240;242;245;266;267;275;279;285;286;288;292;294;297;299;303;306;311;312;313;321;323;325;327;328;330;331;332;333;334;335;336;339",0.367168188095093,"ok",NA,"2026-08-09 21:38:20"
"stamps","SUN-MCCD",0.02,340,9,0.516129032258065,0.828478964401295,0.672303998329679,0.414507772020725,69,2,170,"291;49","3;13;18;36;54;57;71;75;85;92;94;99;103;105;106;109;118;119;121;132;135;138;140;148;155;157;160;163;164;166;167;168;185;207;232;236;237;240;242;245;266;267;275;279;285;286;288;292;294;297;299;303;306;311;312;313;321;323;325;327;328;330;331;332;333;334;335;336;339",0.320828914642334,"ok",NA,"2026-08-09 21:38:20"
"stamps","SUN-MCCD",0.03,340,9,0.516129032258065,0.883495145631068,0.699812088944566,0.454545454545455,52,1,340,"340","18;57;71;85;92;94;99;105;106;109;118;119;132;135;138;140;148;155;157;160;163;166;167;168;207;232;236;240;242;245;266;275;285;297;303;306;311;312;313;321;323;325;327;328;330;331;332;333;334;335;336;339",0.277601957321167,"ok",NA,"2026-08-09 21:38:20"
"stamps","SUN-MCCD",0.05,340,9,0.516129032258065,0.883495145631068,0.699812088944566,0.454545454545455,52,1,340,"340","18;57;71;85;92;94;99;105;106;109;118;119;132;135;138;140;148;155;157;160;163;166;167;168;207;232;236;240;242;245;266;275;285;297;303;306;311;312;313;321;323;325;327;328;330;331;332;333;334;335;336;339",0.281942129135132,"ok",NA,"2026-08-09 21:38:21"
"stamps","SUN-MCCD",0.0625,340,9,0.516129032258065,0.883495145631068,0.699812088944566,0.454545454545455,52,1,340,"340","18;57;71;85;92;94;99;105;106;109;118;119;132;135;138;140;148;155;157;160;163;166;167;168;207;232;236;240;242;245;266;275;285;297;303;306;311;312;313;321;323;325;327;328;330;331;332;333;334;335;336;339",0.265753984451294,"ok",NA,"2026-08-09 21:38:21"
"stamps","SUN-MCCD",0.1,340,9,0.516129032258065,0.883495145631068,0.699812088944566,0.454545454545455,52,1,340,"340","18;57;71;85;92;94;99;105;106;109;118;119;132;135;138;140;148;155;157;160;163;166;167;168;207;232;236;240;242;245;266;275;285;297;303;306;311;312;313;321;323;325;327;328;330;331;332;333;334;335;336;339",0.27475905418396,"ok",NA,"2026-08-09 21:38:21"
"stamps","SUN-MCCD",0.15,340,9,0.516129032258065,0.883495145631068,0.699812088944566,0.454545454545455,52,1,340,"340","18;57;71;85;92;94;99;105;106;109;118;119;132;135;138;140;148;155;157;160;163;166;167;168;207;232;236;240;242;245;266;275;285;297;303;306;311;312;313;321;323;325;327;328;330;331;332;333;334;335;336;339",0.274654150009155,"ok",NA,"2026-08-09 21:38:22"
"stamps","SUN-MCCD",0.2,340,9,0.516129032258065,0.883495145631068,0.699812088944566,0.454545454545455,52,1,340,"340","18;57;71;85;92;94;99;105;106;109;118;119;132;135;138;140;148;155;157;160;163;166;167;168;207;232;236;240;242;245;266;275;285;297;303;306;311;312;313;321;323;325;327;328;330;331;332;333;334;335;336;339",0.268478870391846,"ok",NA,"2026-08-09 21:38:22"
"stamps","SUN-MCCD",0.3,340,9,0.516129032258065,0.883495145631068,0.699812088944566,0.454545454545455,52,1,340,"340","18;57;71;85;92;94;99;105;106;109;118;119;132;135;138;140;148;155;157;160;163;166;167;168;207;232;236;240;242;245;266;275;285;297;303;306;311;312;313;321;323;325;327;328;330;331;332;333;334;335;336;339",0.268918991088867,"ok",NA,"2026-08-09 21:38:22"
"WDBC","SU-MCCD",0.005,367,30,0.4,0.722689075630252,0.561344537815126,0.13986013986014,103,2,183.5,"104;263","3;6;8;9;10;12;18;19;20;21;31;33;35;45;50;60;63;67;70;71;76;79;80;82;86;88;91;93;95;96;101;105;108;110;115;119;126;127;132;133;136;137;141;143;144;146;151;152;156;157;159;161;162;164;165;166;167;168;169;175;176;177;180;181;187;189;191;193;200;206;207;216;218;220;223;226;231;237;242;252;253;257;259;261;269;276;277;289;292;301;308;309;314;315;320;325;327;341;343;360;361;364;366",2.23050403594971,"ok",NA,"2026-08-09 21:38:25"
"WDBC","SU-MCCD",0.01,367,30,0.4,0.722689075630252,0.561344537815126,0.13986013986014,103,2,183.5,"104;263","3;6;8;9;10;12;18;19;20;21;31;33;35;45;50;60;63;67;70;71;76;79;80;82;86;88;91;93;95;96;101;105;108;110;115;119;126;127;132;133;136;137;141;143;144;146;151;152;156;157;159;161;162;164;165;166;167;168;169;175;176;177;180;181;187;189;191;193;200;206;207;216;218;220;223;226;231;237;242;252;253;257;259;261;269;276;277;289;292;301;308;309;314;315;320;325;327;341;343;360;361;364;366",1.9972140789032,"ok",NA,"2026-08-09 21:38:27"
"WDBC","SU-MCCD",0.02,367,30,1,0.0728291316526611,0.536414565826331,0.131233595800525,341,1,367,"367","1;2;3;4;5;6;7;8;9;10;11;12;13;14;15;16;17;18;19;20;21;23;25;26;28;29;30;31;33;34;35;36;37;38;39;40;41;42;43;44;45;46;47;48;49;50;51;52;54;55;56;57;59;60;61;62;63;64;65;66;67;68;69;70;71;72;74;76;77;78;79;80;82;83;84;85;86;87;88;89;90;91;92;93;94;95;96;97;98;99;100;101;103;104;105;106;107;108;109;110;111;112;113;114;115;116;117;119;120;121;122;123;124;125;126;127;128;129;131;132;133;134;135;136;137;138;139;140;141;142;143;144;145;146;147;148;149;151;152;153;154;155;156;157;158;159;160;161;162;163;164;165;166;167;168;169;170;171;172;173;175;176;177;178;179;180;181;182;183;184;185;186;187;188;189;190;191;192;193;194;195;196;198;199;200;201;203;205;206;207;208;209;210;211;212;213;214;215;216;217;218;219;220;221;222;224;225;226;229;230;231;232;233;234;235;236;237;238;239;240;241;242;243;245;246;247;248;249;250;251;252;253;254;256;257;259;260;261;262;263;264;265;266;267;268;269;270;271;272;273;274;275;276;277;278;279;280;281;282;283;284;285;286;287;288;289;290;292;293;295;296;297;298;299;300;301;302;303;304;305;306;307;308;309;310;311;312;313;314;315;316;317;318;319;320;321;322;323;324;325;326;327;328;329;331;332;333;334;335;336;337;338;339;340;341;342;343;344;345;346;347;348;349;350;351;352;353;354;355;356;357;358;359;360;361;362;363;364;365;366;367",1.9746470451355,"ok",NA,"2026-08-09 21:38:29"
"WDBC","SU-MCCD",0.03,367,30,1,0.0728291316526611,0.536414565826331,0.131233595800525,341,1,367,"367","1;2;3;4;5;6;7;8;9;10;11;12;13;14;15;16;17;18;19;20;21;23;25;26;28;29;30;31;33;34;35;36;37;38;39;40;41;42;43;44;45;46;47;48;49;50;51;52;54;55;56;57;59;60;61;62;63;64;65;66;67;68;69;70;71;72;74;76;77;78;79;80;82;83;84;85;86;87;88;89;90;91;92;93;94;95;96;97;98;99;100;101;103;104;105;106;107;108;109;110;111;112;113;114;115;116;117;119;120;121;122;123;124;125;126;127;128;129;131;132;133;134;135;136;137;138;139;140;141;142;143;144;145;146;147;148;149;151;152;153;154;155;156;157;158;159;160;161;162;163;164;165;166;167;168;169;170;171;172;173;175;176;177;178;179;180;181;182;183;184;185;186;187;188;189;190;191;192;193;194;195;196;198;199;200;201;203;205;206;207;208;209;210;211;212;213;214;215;216;217;218;219;220;221;222;224;225;226;229;230;231;232;233;234;235;236;237;238;239;240;241;242;243;245;246;247;248;249;250;251;252;253;254;256;257;259;260;261;262;263;264;265;266;267;268;269;270;271;272;273;274;275;276;277;278;279;280;281;282;283;284;285;286;287;288;289;290;292;293;295;296;297;298;299;300;301;302;303;304;305;306;307;308;309;310;311;312;313;314;315;316;317;318;319;320;321;322;323;324;325;326;327;328;329;331;332;333;334;335;336;337;338;339;340;341;342;343;344;345;346;347;348;349;350;351;352;353;354;355;356;357;358;359;360;361;362;363;364;365;366;367",1.99274301528931,"ok",NA,"2026-08-09 21:38:31"
"WDBC","SU-MCCD",0.05,367,30,1,0.0728291316526611,0.536414565826331,0.131233595800525,341,1,367,"367","1;2;3;4;5;6;7;8;9;10;11;12;13;14;15;16;17;18;19;20;21;23;25;26;28;29;30;31;33;34;35;36;37;38;39;40;41;42;43;44;45;46;47;48;49;50;51;52;54;55;56;57;59;60;61;62;63;64;65;66;67;68;69;70;71;72;74;76;77;78;79;80;82;83;84;85;86;87;88;89;90;91;92;93;94;95;96;97;98;99;100;101;103;104;105;106;107;108;109;110;111;112;113;114;115;116;117;119;120;121;122;123;124;125;126;127;128;129;131;132;133;134;135;136;137;138;139;140;141;142;143;144;145;146;147;148;149;151;152;153;154;155;156;157;158;159;160;161;162;163;164;165;166;167;168;169;170;171;172;173;175;176;177;178;179;180;181;182;183;184;185;186;187;188;189;190;191;192;193;194;195;196;198;199;200;201;203;205;206;207;208;209;210;211;212;213;214;215;216;217;218;219;220;221;222;224;225;226;229;230;231;232;233;234;235;236;237;238;239;240;241;242;243;245;246;247;248;249;250;251;252;253;254;256;257;259;260;261;262;263;264;265;266;267;268;269;270;271;272;273;274;275;276;277;278;279;280;281;282;283;284;285;286;287;288;289;290;292;293;295;296;297;298;299;300;301;302;303;304;305;306;307;308;309;310;311;312;313;314;315;316;317;318;319;320;321;322;323;324;325;326;327;328;329;331;332;333;334;335;336;337;338;339;340;341;342;343;344;345;346;347;348;349;350;351;352;353;354;355;356;357;358;359;360;361;362;363;364;365;366;367",2.00039601325989,"ok",NA,"2026-08-09 21:38:33"
"WDBC","SU-MCCD",0.0625,367,30,1,0.0728291316526611,0.536414565826331,0.131233595800525,341,1,367,"367","1;2;3;4;5;6;7;8;9;10;11;12;13;14;15;16;17;18;19;20;21;23;25;26;28;29;30;31;33;34;35;36;37;38;39;40;41;42;43;44;45;46;47;48;49;50;51;52;54;55;56;57;59;60;61;62;63;64;65;66;67;68;69;70;71;72;74;76;77;78;79;80;82;83;84;85;86;87;88;89;90;91;92;93;94;95;96;97;98;99;100;101;103;104;105;106;107;108;109;110;111;112;113;114;115;116;117;119;120;121;122;123;124;125;126;127;128;129;131;132;133;134;135;136;137;138;139;140;141;142;143;144;145;146;147;148;149;151;152;153;154;155;156;157;158;159;160;161;162;163;164;165;166;167;168;169;170;171;172;173;175;176;177;178;179;180;181;182;183;184;185;186;187;188;189;190;191;192;193;194;195;196;198;199;200;201;203;205;206;207;208;209;210;211;212;213;214;215;216;217;218;219;220;221;222;224;225;226;229;230;231;232;233;234;235;236;237;238;239;240;241;242;243;245;246;247;248;249;250;251;252;253;254;256;257;259;260;261;262;263;264;265;266;267;268;269;270;271;272;273;274;275;276;277;278;279;280;281;282;283;284;285;286;287;288;289;290;292;293;295;296;297;298;299;300;301;302;303;304;305;306;307;308;309;310;311;312;313;314;315;316;317;318;319;320;321;322;323;324;325;326;327;328;329;331;332;333;334;335;336;337;338;339;340;341;342;343;344;345;346;347;348;349;350;351;352;353;354;355;356;357;358;359;360;361;362;363;364;365;366;367",2.00035786628723,"ok",NA,"2026-08-09 21:38:35"
"WDBC","SU-MCCD",0.1,367,30,1,0.0728291316526611,0.536414565826331,0.131233595800525,341,1,367,"367","1;2;3;4;5;6;7;8;9;10;11;12;13;14;15;16;17;18;19;20;21;23;25;26;28;29;30;31;33;34;35;36;37;38;39;40;41;42;43;44;45;46;47;48;49;50;51;52;54;55;56;57;59;60;61;62;63;64;65;66;67;68;69;70;71;72;74;76;77;78;79;80;82;83;84;85;86;87;88;89;90;91;92;93;94;95;96;97;98;99;100;101;103;104;105;106;107;108;109;110;111;112;113;114;115;116;117;119;120;121;122;123;124;125;126;127;128;129;131;132;133;134;135;136;137;138;139;140;141;142;143;144;145;146;147;148;149;151;152;153;154;155;156;157;158;159;160;161;162;163;164;165;166;167;168;169;170;171;172;173;175;176;177;178;179;180;181;182;183;184;185;186;187;188;189;190;191;192;193;194;195;196;198;199;200;201;203;205;206;207;208;209;210;211;212;213;214;215;216;217;218;219;220;221;222;224;225;226;229;230;231;232;233;234;235;236;237;238;239;240;241;242;243;245;246;247;248;249;250;251;252;253;254;256;257;259;260;261;262;263;264;265;266;267;268;269;270;271;272;273;274;275;276;277;278;279;280;281;282;283;284;285;286;287;288;289;290;292;293;295;296;297;298;299;300;301;302;303;304;305;306;307;308;309;310;311;312;313;314;315;316;317;318;319;320;321;322;323;324;325;326;327;328;329;331;332;333;334;335;336;337;338;339;340;341;342;343;344;345;346;347;348;349;350;351;352;353;354;355;356;357;358;359;360;361;362;363;364;365;366;367",2.00368809700012,"ok",NA,"2026-08-09 21:38:37"
"WDBC","SU-MCCD",0.15,367,30,1,0.0728291316526611,0.536414565826331,0.131233595800525,341,1,367,"367","1;2;3;4;5;6;7;8;9;10;11;12;13;14;15;16;17;18;19;20;21;23;25;26;28;29;30;31;33;34;35;36;37;38;39;40;41;42;43;44;45;46;47;48;49;50;51;52;54;55;56;57;59;60;61;62;63;64;65;66;67;68;69;70;71;72;74;76;77;78;79;80;82;83;84;85;86;87;88;89;90;91;92;93;94;95;96;97;98;99;100;101;103;104;105;106;107;108;109;110;111;112;113;114;115;116;117;119;120;121;122;123;124;125;126;127;128;129;131;132;133;134;135;136;137;138;139;140;141;142;143;144;145;146;147;148;149;151;152;153;154;155;156;157;158;159;160;161;162;163;164;165;166;167;168;169;170;171;172;173;175;176;177;178;179;180;181;182;183;184;185;186;187;188;189;190;191;192;193;194;195;196;198;199;200;201;203;205;206;207;208;209;210;211;212;213;214;215;216;217;218;219;220;221;222;224;225;226;229;230;231;232;233;234;235;236;237;238;239;240;241;242;243;245;246;247;248;249;250;251;252;253;254;256;257;259;260;261;262;263;264;265;266;267;268;269;270;271;272;273;274;275;276;277;278;279;280;281;282;283;284;285;286;287;288;289;290;292;293;295;296;297;298;299;300;301;302;303;304;305;306;307;308;309;310;311;312;313;314;315;316;317;318;319;320;321;322;323;324;325;326;327;328;329;331;332;333;334;335;336;337;338;339;340;341;342;343;344;345;346;347;348;349;350;351;352;353;354;355;356;357;358;359;360;361;362;363;364;365;366;367",1.99152112007141,"ok",NA,"2026-08-09 21:38:39"
"WDBC","SU-MCCD",0.2,367,30,1,0.0728291316526611,0.536414565826331,0.131233595800525,341,1,367,"367","1;2;3;4;5;6;7;8;9;10;11;12;13;14;15;16;17;18;19;20;21;23;25;26;28;29;30;31;33;34;35;36;37;38;39;40;41;42;43;44;45;46;47;48;49;50;51;52;54;55;56;57;59;60;61;62;63;64;65;66;67;68;69;70;71;72;74;76;77;78;79;80;82;83;84;85;86;87;88;89;90;91;92;93;94;95;96;97;98;99;100;101;103;104;105;106;107;108;109;110;111;112;113;114;115;116;117;119;120;121;122;123;124;125;126;127;128;129;131;132;133;134;135;136;137;138;139;140;141;142;143;144;145;146;147;148;149;151;152;153;154;155;156;157;158;159;160;161;162;163;164;165;166;167;168;169;170;171;172;173;175;176;177;178;179;180;181;182;183;184;185;186;187;188;189;190;191;192;193;194;195;196;198;199;200;201;203;205;206;207;208;209;210;211;212;213;214;215;216;217;218;219;220;221;222;224;225;226;229;230;231;232;233;234;235;236;237;238;239;240;241;242;243;245;246;247;248;249;250;251;252;253;254;256;257;259;260;261;262;263;264;265;266;267;268;269;270;271;272;273;274;275;276;277;278;279;280;281;282;283;284;285;286;287;288;289;290;292;293;295;296;297;298;299;300;301;302;303;304;305;306;307;308;309;310;311;312;313;314;315;316;317;318;319;320;321;322;323;324;325;326;327;328;329;331;332;333;334;335;336;337;338;339;340;341;342;343;344;345;346;347;348;349;350;351;352;353;354;355;356;357;358;359;360;361;362;363;364;365;366;367",1.97900295257568,"ok",NA,"2026-08-09 21:38:41"
"WDBC","SU-MCCD",0.3,367,30,1,0.0728291316526611,0.536414565826331,0.131233595800525,341,1,367,"367","1;2;3;4;5;6;7;8;9;10;11;12;13;14;15;16;17;18;19;20;21;23;25;26;28;29;30;31;33;34;35;36;37;38;39;40;41;42;43;44;45;46;47;48;49;50;51;52;54;55;56;57;59;60;61;62;63;64;65;66;67;68;69;70;71;72;74;76;77;78;79;80;82;83;84;85;86;87;88;89;90;91;92;93;94;95;96;97;98;99;100;101;103;104;105;106;107;108;109;110;111;112;113;114;115;116;117;119;120;121;122;123;124;125;126;127;128;129;131;132;133;134;135;136;137;138;139;140;141;142;143;144;145;146;147;148;149;151;152;153;154;155;156;157;158;159;160;161;162;163;164;165;166;167;168;169;170;171;172;173;175;176;177;178;179;180;181;182;183;184;185;186;187;188;189;190;191;192;193;194;195;196;198;199;200;201;203;205;206;207;208;209;210;211;212;213;214;215;216;217;218;219;220;221;222;224;225;226;229;230;231;232;233;234;235;236;237;238;239;240;241;242;243;245;246;247;248;249;250;251;252;253;254;256;257;259;260;261;262;263;264;265;266;267;268;269;270;271;272;273;274;275;276;277;278;279;280;281;282;283;284;285;286;287;288;289;290;292;293;295;296;297;298;299;300;301;302;303;304;305;306;307;308;309;310;311;312;313;314;315;316;317;318;319;320;321;322;323;324;325;326;327;328;329;331;332;333;334;335;336;337;338;339;340;341;342;343;344;345;346;347;348;349;350;351;352;353;354;355;356;357;358;359;360;361;362;363;364;365;366;367",1.97041893005371,"ok",NA,"2026-08-09 21:38:43"
"WDBC","SUN-MCCD",0.005,367,30,1,0.324929971988796,0.662464985994398,0.171821305841924,251,1,367,"367","1;2;3;4;5;7;11;13;14;15;16;17;19;21;23;25;26;28;29;33;34;36;37;38;39;40;42;43;44;45;46;47;48;49;51;52;54;55;56;57;59;60;64;65;66;68;69;70;71;72;74;76;77;78;80;83;84;85;86;87;88;89;90;92;93;94;95;97;98;100;101;103;104;105;106;109;110;111;112;113;114;115;116;117;120;121;122;123;124;125;128;131;134;135;136;138;139;140;142;144;145;146;147;148;151;152;154;155;158;160;163;166;167;170;171;172;173;176;178;179;180;182;184;185;186;188;190;191;192;194;195;196;198;199;203;208;209;210;211;212;214;215;219;221;224;225;229;231;233;234;235;236;238;239;240;241;243;245;246;247;248;249;250;254;260;261;262;263;264;265;266;267;268;270;271;272;273;274;275;278;279;280;281;283;285;286;288;290;293;295;296;299;300;301;303;304;306;308;309;310;311;312;313;315;317;318;319;320;321;322;323;324;325;326;329;331;332;333;334;335;336;337;338;339;341;342;343;344;345;346;347;348;349;350;351;352;353;354;355;356;357;358;359;360;361;362;363;364;365;366;367",0.47597599029541,"ok",NA,"2026-08-09 21:38:43"
"WDBC","SUN-MCCD",0.01,367,30,1,0.324929971988796,0.662464985994398,0.171821305841924,251,1,367,"367","1;2;3;4;5;7;11;13;14;15;16;17;19;21;23;25;26;28;29;33;34;36;37;38;39;40;42;43;44;45;46;47;48;49;51;52;54;55;56;57;59;60;64;65;66;68;69;70;71;72;74;76;77;78;80;83;84;85;86;87;88;89;90;92;93;94;95;97;98;100;101;103;104;105;106;109;110;111;112;113;114;115;116;117;120;121;122;123;124;125;128;131;134;135;136;138;139;140;142;144;145;146;147;148;151;152;154;155;158;160;163;166;167;170;171;172;173;176;178;179;180;182;184;185;186;188;190;191;192;194;195;196;198;199;203;208;209;210;211;212;214;215;219;221;224;225;229;231;233;234;235;236;238;239;240;241;243;245;246;247;248;249;250;254;260;261;262;263;264;265;266;267;268;270;271;272;273;274;275;278;279;280;281;283;285;286;288;290;293;295;296;299;300;301;303;304;306;308;309;310;311;312;313;315;317;318;319;320;321;322;323;324;325;326;329;331;332;333;334;335;336;337;338;339;341;342;343;344;345;346;347;348;349;350;351;352;353;354;355;356;357;358;359;360;361;362;363;364;365;366;367",0.380558967590332,"ok",NA,"2026-08-09 21:38:44"
"WDBC","SUN-MCCD",0.02,367,30,1,0.324929971988796,0.662464985994398,0.171821305841924,251,1,367,"367","1;2;3;4;5;7;11;13;14;15;16;17;19;21;23;25;26;28;29;33;34;36;37;38;39;40;42;43;44;45;46;47;48;49;51;52;54;55;56;57;59;60;64;65;66;68;69;70;71;72;74;76;77;78;80;83;84;85;86;87;88;89;90;92;93;94;95;97;98;100;101;103;104;105;106;109;110;111;112;113;114;115;116;117;120;121;122;123;124;125;128;131;134;135;136;138;139;140;142;144;145;146;147;148;151;152;154;155;158;160;163;166;167;170;171;172;173;176;178;179;180;182;184;185;186;188;190;191;192;194;195;196;198;199;203;208;209;210;211;212;214;215;219;221;224;225;229;231;233;234;235;236;238;239;240;241;243;245;246;247;248;249;250;254;260;261;262;263;264;265;266;267;268;270;271;272;273;274;275;278;279;280;281;283;285;286;288;290;293;295;296;299;300;301;303;304;306;308;309;310;311;312;313;315;317;318;319;320;321;322;323;324;325;326;329;331;332;333;334;335;336;337;338;339;341;342;343;344;345;346;347;348;349;350;351;352;353;354;355;356;357;358;359;360;361;362;363;364;365;366;367",0.376046895980835,"ok",NA,"2026-08-09 21:38:44"
"WDBC","SUN-MCCD",0.03,367,30,1,0.324929971988796,0.662464985994398,0.171821305841924,251,1,367,"367","1;2;3;4;5;7;11;13;14;15;16;17;19;21;23;25;26;28;29;33;34;36;37;38;39;40;42;43;44;45;46;47;48;49;51;52;54;55;56;57;59;60;64;65;66;68;69;70;71;72;74;76;77;78;80;83;84;85;86;87;88;89;90;92;93;94;95;97;98;100;101;103;104;105;106;109;110;111;112;113;114;115;116;117;120;121;122;123;124;125;128;131;134;135;136;138;139;140;142;144;145;146;147;148;151;152;154;155;158;160;163;166;167;170;171;172;173;176;178;179;180;182;184;185;186;188;190;191;192;194;195;196;198;199;203;208;209;210;211;212;214;215;219;221;224;225;229;231;233;234;235;236;238;239;240;241;243;245;246;247;248;249;250;254;260;261;262;263;264;265;266;267;268;270;271;272;273;274;275;278;279;280;281;283;285;286;288;290;293;295;296;299;300;301;303;304;306;308;309;310;311;312;313;315;317;318;319;320;321;322;323;324;325;326;329;331;332;333;334;335;336;337;338;339;341;342;343;344;345;346;347;348;349;350;351;352;353;354;355;356;357;358;359;360;361;362;363;364;365;366;367",0.396026849746704,"ok",NA,"2026-08-09 21:38:44"
"WDBC","SUN-MCCD",0.05,367,30,1,0.324929971988796,0.662464985994398,0.171821305841924,251,1,367,"367","1;2;3;4;5;7;11;13;14;15;16;17;19;21;23;25;26;28;29;33;34;36;37;38;39;40;42;43;44;45;46;47;48;49;51;52;54;55;56;57;59;60;64;65;66;68;69;70;71;72;74;76;77;78;80;83;84;85;86;87;88;89;90;92;93;94;95;97;98;100;101;103;104;105;106;109;110;111;112;113;114;115;116;117;120;121;122;123;124;125;128;131;134;135;136;138;139;140;142;144;145;146;147;148;151;152;154;155;158;160;163;166;167;170;171;172;173;176;178;179;180;182;184;185;186;188;190;191;192;194;195;196;198;199;203;208;209;210;211;212;214;215;219;221;224;225;229;231;233;234;235;236;238;239;240;241;243;245;246;247;248;249;250;254;260;261;262;263;264;265;266;267;268;270;271;272;273;274;275;278;279;280;281;283;285;286;288;290;293;295;296;299;300;301;303;304;306;308;309;310;311;312;313;315;317;318;319;320;321;322;323;324;325;326;329;331;332;333;334;335;336;337;338;339;341;342;343;344;345;346;347;348;349;350;351;352;353;354;355;356;357;358;359;360;361;362;363;364;365;366;367",0.333864212036133,"ok",NA,"2026-08-09 21:38:45"
"WDBC","SUN-MCCD",0.0625,367,30,1,0.324929971988796,0.662464985994398,0.171821305841924,251,1,367,"367","1;2;3;4;5;7;11;13;14;15;16;17;19;21;23;25;26;28;29;33;34;36;37;38;39;40;42;43;44;45;46;47;48;49;51;52;54;55;56;57;59;60;64;65;66;68;69;70;71;72;74;76;77;78;80;83;84;85;86;87;88;89;90;92;93;94;95;97;98;100;101;103;104;105;106;109;110;111;112;113;114;115;116;117;120;121;122;123;124;125;128;131;134;135;136;138;139;140;142;144;145;146;147;148;151;152;154;155;158;160;163;166;167;170;171;172;173;176;178;179;180;182;184;185;186;188;190;191;192;194;195;196;198;199;203;208;209;210;211;212;214;215;219;221;224;225;229;231;233;234;235;236;238;239;240;241;243;245;246;247;248;249;250;254;260;261;262;263;264;265;266;267;268;270;271;272;273;274;275;278;279;280;281;283;285;286;288;290;293;295;296;299;300;301;303;304;306;308;309;310;311;312;313;315;317;318;319;320;321;322;323;324;325;326;329;331;332;333;334;335;336;337;338;339;341;342;343;344;345;346;347;348;349;350;351;352;353;354;355;356;357;358;359;360;361;362;363;364;365;366;367",0.338500022888184,"ok",NA,"2026-08-09 21:38:45"
"WDBC","SUN-MCCD",0.1,367,30,1,0.324929971988796,0.662464985994398,0.171821305841924,251,1,367,"367","1;2;3;4;5;7;11;13;14;15;16;17;19;21;23;25;26;28;29;33;34;36;37;38;39;40;42;43;44;45;46;47;48;49;51;52;54;55;56;57;59;60;64;65;66;68;69;70;71;72;74;76;77;78;80;83;84;85;86;87;88;89;90;92;93;94;95;97;98;100;101;103;104;105;106;109;110;111;112;113;114;115;116;117;120;121;122;123;124;125;128;131;134;135;136;138;139;140;142;144;145;146;147;148;151;152;154;155;158;160;163;166;167;170;171;172;173;176;178;179;180;182;184;185;186;188;190;191;192;194;195;196;198;199;203;208;209;210;211;212;214;215;219;221;224;225;229;231;233;234;235;236;238;239;240;241;243;245;246;247;248;249;250;254;260;261;262;263;264;265;266;267;268;270;271;272;273;274;275;278;279;280;281;283;285;286;288;290;293;295;296;299;300;301;303;304;306;308;309;310;311;312;313;315;317;318;319;320;321;322;323;324;325;326;329;331;332;333;334;335;336;337;338;339;341;342;343;344;345;346;347;348;349;350;351;352;353;354;355;356;357;358;359;360;361;362;363;364;365;366;367",0.339408874511719,"ok",NA,"2026-08-09 21:38:45"
"WDBC","SUN-MCCD",0.15,367,30,1,0.324929971988796,0.662464985994398,0.171821305841924,251,1,367,"367","1;2;3;4;5;7;11;13;14;15;16;17;19;21;23;25;26;28;29;33;34;36;37;38;39;40;42;43;44;45;46;47;48;49;51;52;54;55;56;57;59;60;64;65;66;68;69;70;71;72;74;76;77;78;80;83;84;85;86;87;88;89;90;92;93;94;95;97;98;100;101;103;104;105;106;109;110;111;112;113;114;115;116;117;120;121;122;123;124;125;128;131;134;135;136;138;139;140;142;144;145;146;147;148;151;152;154;155;158;160;163;166;167;170;171;172;173;176;178;179;180;182;184;185;186;188;190;191;192;194;195;196;198;199;203;208;209;210;211;212;214;215;219;221;224;225;229;231;233;234;235;236;238;239;240;241;243;245;246;247;248;249;250;254;260;261;262;263;264;265;266;267;268;270;271;272;273;274;275;278;279;280;281;283;285;286;288;290;293;295;296;299;300;301;303;304;306;308;309;310;311;312;313;315;317;318;319;320;321;322;323;324;325;326;329;331;332;333;334;335;336;337;338;339;341;342;343;344;345;346;347;348;349;350;351;352;353;354;355;356;357;358;359;360;361;362;363;364;365;366;367",0.330909013748169,"ok",NA,"2026-08-09 21:38:46"
"WDBC","SUN-MCCD",0.2,367,30,1,0.324929971988796,0.662464985994398,0.171821305841924,251,1,367,"367","1;2;3;4;5;7;11;13;14;15;16;17;19;21;23;25;26;28;29;33;34;36;37;38;39;40;42;43;44;45;46;47;48;49;51;52;54;55;56;57;59;60;64;65;66;68;69;70;71;72;74;76;77;78;80;83;84;85;86;87;88;89;90;92;93;94;95;97;98;100;101;103;104;105;106;109;110;111;112;113;114;115;116;117;120;121;122;123;124;125;128;131;134;135;136;138;139;140;142;144;145;146;147;148;151;152;154;155;158;160;163;166;167;170;171;172;173;176;178;179;180;182;184;185;186;188;190;191;192;194;195;196;198;199;203;208;209;210;211;212;214;215;219;221;224;225;229;231;233;234;235;236;238;239;240;241;243;245;246;247;248;249;250;254;260;261;262;263;264;265;266;267;268;270;271;272;273;274;275;278;279;280;281;283;285;286;288;290;293;295;296;299;300;301;303;304;306;308;309;310;311;312;313;315;317;318;319;320;321;322;323;324;325;326;329;331;332;333;334;335;336;337;338;339;341;342;343;344;345;346;347;348;349;350;351;352;353;354;355;356;357;358;359;360;361;362;363;364;365;366;367",0.352118015289307,"ok",NA,"2026-08-09 21:38:46"
"WDBC","SUN-MCCD",0.3,367,30,1,0.324929971988796,0.662464985994398,0.171821305841924,251,1,367,"367","1;2;3;4;5;7;11;13;14;15;16;17;19;21;23;25;26;28;29;33;34;36;37;38;39;40;42;43;44;45;46;47;48;49;51;52;54;55;56;57;59;60;64;65;66;68;69;70;71;72;74;76;77;78;80;83;84;85;86;87;88;89;90;92;93;94;95;97;98;100;101;103;104;105;106;109;110;111;112;113;114;115;116;117;120;121;122;123;124;125;128;131;134;135;136;138;139;140;142;144;145;146;147;148;151;152;154;155;158;160;163;166;167;170;171;172;173;176;178;179;180;182;184;185;186;188;190;191;192;194;195;196;198;199;203;208;209;210;211;212;214;215;219;221;224;225;229;231;233;234;235;236;238;239;240;241;243;245;246;247;248;249;250;254;260;261;262;263;264;265;266;267;268;270;271;272;273;274;275;278;279;280;281;283;285;286;288;290;293;295;296;299;300;301;303;304;306;308;309;310;311;312;313;315;317;318;319;320;321;322;323;324;325;326;329;331;332;333;334;335;336;337;338;339;341;342;343;344;345;346;347;348;349;350;351;352;353;354;355;356;357;358;359;360;361;362;363;364;365;366;367",0.348184823989868,"ok",NA,"2026-08-09 21:38:46"
"pima","SU-MCCD",0.005,555,8,0.381818181818182,0.72,0.550909090909091,0.275590551181102,161,3,157,"262;157;136","4;6;7;8;25;29;31;32;34;38;44;49;50;56;59;62;67;69;88;93;95;100;102;104;106;112;113;114;118;119;125;126;128;134;135;137;141;142;152;153;161;165;166;167;172;175;177;179;182;207;208;209;210;215;221;224;229;235;236;238;239;243;244;246;252;253;255;257;258;263;265;269;280;281;285;287;294;297;300;307;308;314;318;321;329;333;336;344;345;346;347;348;349;351;354;355;361;368;377;379;386;388;389;390;391;392;394;396;399;406;407;408;409;416;422;424;426;433;434;440;443;445;446;447;448;449;456;457;459;461;464;465;474;478;479;483;486;490;494;497;502;506;511;516;518;525;526;527;528;529;530;533;534;535;540;541;543;545;548;554;555",4.83465003967285,"ok",NA,"2026-08-09 21:39:00"
"pima","SU-MCCD",0.01,555,8,0.381818181818182,0.72,0.550909090909091,0.275590551181102,161,3,157,"262;157;136","4;6;7;8;25;29;31;32;34;38;44;49;50;56;59;62;67;69;88;93;95;100;102;104;106;112;113;114;118;119;125;126;128;134;135;137;141;142;152;153;161;165;166;167;172;175;177;179;182;207;208;209;210;215;221;224;229;235;236;238;239;243;244;246;252;253;255;257;258;263;265;269;280;281;285;287;294;297;300;307;308;314;318;321;329;333;336;344;345;346;347;348;349;351;354;355;361;368;377;379;386;388;389;390;391;392;394;396;399;406;407;408;409;416;422;424;426;433;434;440;443;445;446;447;448;449;456;457;459;461;464;465;474;478;479;483;486;490;494;497;502;506;511;516;518;525;526;527;528;529;530;533;534;535;540;541;543;545;548;554;555",4.51456594467163,"ok",NA,"2026-08-09 21:39:04"
"pima","SU-MCCD",0.02,555,8,0.709090909090909,0.642,0.675545454545455,0.445205479452055,218,2,277.5,"398;157","4;6;7;8;11;13;21;22;25;29;31;32;34;35;38;44;49;53;56;58;59;62;67;69;88;89;93;94;95;100;102;104;106;112;113;114;118;119;124;125;126;128;130;134;135;137;138;141;142;152;153;161;164;165;166;167;171;172;174;175;176;177;178;179;182;183;186;202;204;207;208;209;210;213;215;221;222;224;229;235;236;238;239;243;244;246;249;252;253;255;257;258;263;265;269;270;280;281;283;285;286;287;290;294;297;300;303;307;308;310;314;318;329;333;336;344;345;346;347;348;349;351;354;355;364;368;377;379;382;386;388;389;390;391;392;394;396;399;406;407;408;409;416;422;424;426;433;434;435;436;439;440;442;443;445;446;447;448;449;454;456;457;459;461;464;465;469;474;478;479;481;483;486;488;489;490;493;494;497;501;502;503;505;506;507;508;511;513;514;516;517;518;520;521;522;523;525;526;527;528;529;530;531;533;534;535;540;541;543;545;546;547;548;549;551;553;554;555",4.33989787101746,"ok",NA,"2026-08-09 21:39:09"
"pima","SU-MCCD",0.03,555,8,0.709090909090909,0.744,0.726545454545455,0.503875968992248,167,1,555,"555","4;6;7;8;11;13;21;22;25;29;31;32;34;35;38;44;49;53;58;67;69;88;89;93;94;95;100;104;112;119;124;130;134;135;137;138;142;152;153;161;164;165;166;171;174;176;177;178;179;183;186;202;204;207;210;213;215;222;224;229;235;243;244;246;249;253;255;263;265;269;270;281;283;285;286;290;294;300;303;307;308;310;314;318;333;336;344;346;348;349;354;355;364;377;379;382;386;388;389;390;391;394;406;407;424;426;434;435;436;439;440;442;443;449;454;457;461;464;465;469;474;478;481;488;489;490;493;497;501;502;503;505;506;507;508;511;513;514;516;517;518;520;521;522;523;525;526;527;528;529;530;531;533;534;535;540;541;543;545;546;547;548;549;551;553;554;555",4.33186197280884,"ok",NA,"2026-08-09 21:39:13"
"pima","SU-MCCD",0.05,555,8,0.709090909090909,0.744,0.726545454545455,0.503875968992248,167,1,555,"555","4;6;7;8;11;13;21;22;25;29;31;32;34;35;38;44;49;53;58;67;69;88;89;93;94;95;100;104;112;119;124;130;134;135;137;138;142;152;153;161;164;165;166;171;174;176;177;178;179;183;186;202;204;207;210;213;215;222;224;229;235;243;244;246;249;253;255;263;265;269;270;281;283;285;286;290;294;300;303;307;308;310;314;318;333;336;344;346;348;349;354;355;364;377;379;382;386;388;389;390;391;394;406;407;424;426;434;435;436;439;440;442;443;449;454;457;461;464;465;469;474;478;481;488;489;490;493;497;501;502;503;505;506;507;508;511;513;514;516;517;518;520;521;522;523;525;526;527;528;529;530;531;533;534;535;540;541;543;545;546;547;548;549;551;553;554;555",4.32725191116333,"ok",NA,"2026-08-09 21:39:17"
"pima","SU-MCCD",0.0625,555,8,0.709090909090909,0.744,0.726545454545455,0.503875968992248,167,1,555,"555","4;6;7;8;11;13;21;22;25;29;31;32;34;35;38;44;49;53;58;67;69;88;89;93;94;95;100;104;112;119;124;130;134;135;137;138;142;152;153;161;164;165;166;171;174;176;177;178;179;183;186;202;204;207;210;213;215;222;224;229;235;243;244;246;249;253;255;263;265;269;270;281;283;285;286;290;294;300;303;307;308;310;314;318;333;336;344;346;348;349;354;355;364;377;379;382;386;388;389;390;391;394;406;407;424;426;434;435;436;439;440;442;443;449;454;457;461;464;465;469;474;478;481;488;489;490;493;497;501;502;503;505;506;507;508;511;513;514;516;517;518;520;521;522;523;525;526;527;528;529;530;531;533;534;535;540;541;543;545;546;547;548;549;551;553;554;555",4.5649402141571,"ok",NA,"2026-08-09 21:39:22"
"pima","SU-MCCD",0.1,555,8,0.709090909090909,0.744,0.726545454545455,0.503875968992248,167,1,555,"555","4;6;7;8;11;13;21;22;25;29;31;32;34;35;38;44;49;53;58;67;69;88;89;93;94;95;100;104;112;119;124;130;134;135;137;138;142;152;153;161;164;165;166;171;174;176;177;178;179;183;186;202;204;207;210;213;215;222;224;229;235;243;244;246;249;253;255;263;265;269;270;281;283;285;286;290;294;300;303;307;308;310;314;318;333;336;344;346;348;349;354;355;364;377;379;382;386;388;389;390;391;394;406;407;424;426;434;435;436;439;440;442;443;449;454;457;461;464;465;469;474;478;481;488;489;490;493;497;501;502;503;505;506;507;508;511;513;514;516;517;518;520;521;522;523;525;526;527;528;529;530;531;533;534;535;540;541;543;545;546;547;548;549;551;553;554;555",4.68846201896667,"ok",NA,"2026-08-09 21:39:27"
"pima","SU-MCCD",0.15,555,8,0.709090909090909,0.744,0.726545454545455,0.503875968992248,167,1,555,"555","4;6;7;8;11;13;21;22;25;29;31;32;34;35;38;44;49;53;58;67;69;88;89;93;94;95;100;104;112;119;124;130;134;135;137;138;142;152;153;161;164;165;166;171;174;176;177;178;179;183;186;202;204;207;210;213;215;222;224;229;235;243;244;246;249;253;255;263;265;269;270;281;283;285;286;290;294;300;303;307;308;310;314;318;333;336;344;346;348;349;354;355;364;377;379;382;386;388;389;390;391;394;406;407;424;426;434;435;436;439;440;442;443;449;454;457;461;464;465;469;474;478;481;488;489;490;493;497;501;502;503;505;506;507;508;511;513;514;516;517;518;520;521;522;523;525;526;527;528;529;530;531;533;534;535;540;541;543;545;546;547;548;549;551;553;554;555",4.54045701026917,"ok",NA,"2026-08-09 21:39:31"
"pima","SU-MCCD",0.2,555,8,0.709090909090909,0.744,0.726545454545455,0.503875968992248,167,1,555,"555","4;6;7;8;11;13;21;22;25;29;31;32;34;35;38;44;49;53;58;67;69;88;89;93;94;95;100;104;112;119;124;130;134;135;137;138;142;152;153;161;164;165;166;171;174;176;177;178;179;183;186;202;204;207;210;213;215;222;224;229;235;243;244;246;249;253;255;263;265;269;270;281;283;285;286;290;294;300;303;307;308;310;314;318;333;336;344;346;348;349;354;355;364;377;379;382;386;388;389;390;391;394;406;407;424;426;434;435;436;439;440;442;443;449;454;457;461;464;465;469;474;478;481;488;489;490;493;497;501;502;503;505;506;507;508;511;513;514;516;517;518;520;521;522;523;525;526;527;528;529;530;531;533;534;535;540;541;543;545;546;547;548;549;551;553;554;555",4.60815906524658,"ok",NA,"2026-08-09 21:39:36"
"pima","SU-MCCD",0.3,555,8,0.709090909090909,0.744,0.726545454545455,0.503875968992248,167,1,555,"555","4;6;7;8;11;13;21;22;25;29;31;32;34;35;38;44;49;53;58;67;69;88;89;93;94;95;100;104;112;119;124;130;134;135;137;138;142;152;153;161;164;165;166;171;174;176;177;178;179;183;186;202;204;207;210;213;215;222;224;229;235;243;244;246;249;253;255;263;265;269;270;281;283;285;286;290;294;300;303;307;308;310;314;318;333;336;344;346;348;349;354;355;364;377;379;382;386;388;389;390;391;394;406;407;424;426;434;435;436;439;440;442;443;449;454;457;461;464;465;469;474;478;481;488;489;490;493;497;501;502;503;505;506;507;508;511;513;514;516;517;518;520;521;522;523;525;526;527;528;529;530;531;533;534;535;540;541;543;545;546;547;548;549;551;553;554;555",4.70110011100769,"ok",NA,"2026-08-09 21:39:41"
"pima","SUN-MCCD",0.005,555,8,0.254545454545455,0.812,0.533272727272727,0.213414634146341,108,2,277.5,"302;253","4;5;6;7;19;25;32;34;38;40;42;44;49;57;59;67;69;74;92;93;106;108;112;119;126;135;137;142;143;152;159;161;162;175;179;197;207;210;215;217;221;224;229;238;239;243;244;245;246;251;255;257;263;265;266;269;281;285;308;314;333;336;344;346;347;349;350;351;354;355;368;373;377;378;386;390;391;394;395;407;424;443;446;449;457;458;459;461;464;465;471;477;478;497;502;511;516;519;528;529;530;534;535;539;540;541;542;545",1.64826512336731,"ok",NA,"2026-08-09 21:39:42"
"pima","SUN-MCCD",0.01,555,8,0.254545454545455,0.812,0.533272727272727,0.213414634146341,108,2,277.5,"302;253","4;5;6;7;19;25;32;34;38;40;42;44;49;57;59;67;69;74;92;93;106;108;112;119;126;135;137;142;143;152;159;161;162;175;179;197;207;210;215;217;221;224;229;238;239;243;244;245;246;251;255;257;263;265;266;269;281;285;308;314;333;336;344;346;347;349;350;351;354;355;368;373;377;378;386;390;391;394;395;407;424;443;446;449;457;458;459;461;464;465;471;477;478;497;502;511;516;519;528;529;530;534;535;539;540;541;542;545",1.60575699806213,"ok",NA,"2026-08-09 21:39:44"
"pima","SUN-MCCD",0.02,555,8,0.254545454545455,0.812,0.533272727272727,0.213414634146341,108,2,277.5,"302;253","4;5;6;7;19;25;32;34;38;40;42;44;49;57;59;67;69;74;92;93;106;108;112;119;126;135;137;142;143;152;159;161;162;175;179;197;207;210;215;217;221;224;229;238;239;243;244;245;246;251;255;257;263;265;266;269;281;285;308;314;333;336;344;346;347;349;350;351;354;355;368;373;377;378;386;390;391;394;395;407;424;443;446;449;457;458;459;461;464;465;471;477;478;497;502;511;516;519;528;529;530;534;535;539;540;541;542;545",1.29162192344666,"ok",NA,"2026-08-09 21:39:45"
"pima","SUN-MCCD",0.03,555,8,0.254545454545455,0.812,0.533272727272727,0.213414634146341,108,2,277.5,"302;253","4;5;6;7;19;25;32;34;38;40;42;44;49;57;59;67;69;74;92;93;106;108;112;119;126;135;137;142;143;152;159;161;162;175;179;197;207;210;215;217;221;224;229;238;239;243;244;245;246;251;255;257;263;265;266;269;281;285;308;314;333;336;344;346;347;349;350;351;354;355;368;373;377;378;386;390;391;394;395;407;424;443;446;449;457;458;459;461;464;465;471;477;478;497;502;511;516;519;528;529;530;534;535;539;540;541;542;545",1.40939497947693,"ok",NA,"2026-08-09 21:39:47"
"pima","SUN-MCCD",0.05,555,8,0.890909090909091,0.552,0.721454545454545,0.496957403651116,273,1,555,"555","4;6;7;8;9;11;13;16;17;18;19;20;21;22;25;29;31;32;34;35;38;40;42;44;45;49;50;53;57;58;59;60;67;69;70;74;79;82;88;89;92;93;94;95;96;100;104;105;106;108;112;115;116;119;123;124;126;130;134;135;137;138;142;143;151;152;153;155;159;161;162;164;165;166;170;171;172;174;175;176;177;178;179;183;184;186;197;200;202;204;206;207;210;212;213;215;219;221;222;223;224;225;229;232;235;238;239;243;244;245;246;247;249;250;251;253;255;257;259;263;264;265;266;269;270;273;281;283;285;286;288;290;294;295;298;300;301;302;303;307;308;310;312;314;315;318;321;323;326;328;331;332;333;336;344;345;346;347;348;349;350;351;354;355;358;361;363;364;365;368;372;373;377;378;379;380;382;383;386;388;389;390;391;394;395;398;401;406;407;410;418;424;426;434;435;436;438;439;440;442;443;444;446;449;454;457;458;459;461;464;465;466;469;474;477;478;481;484;488;489;490;493;496;497;501;502;503;505;506;507;508;509;510;511;513;514;516;517;518;519;520;521;522;523;524;525;526;527;528;529;530;531;532;533;534;535;539;540;541;542;543;544;545;546;547;548;549;550;551;552;553;554;555",1.18979811668396,"ok",NA,"2026-08-09 21:39:48"
"pima","SUN-MCCD",0.0625,555,8,0.890909090909091,0.552,0.721454545454545,0.496957403651116,273,1,555,"555","4;6;7;8;9;11;13;16;17;18;19;20;21;22;25;29;31;32;34;35;38;40;42;44;45;49;50;53;57;58;59;60;67;69;70;74;79;82;88;89;92;93;94;95;96;100;104;105;106;108;112;115;116;119;123;124;126;130;134;135;137;138;142;143;151;152;153;155;159;161;162;164;165;166;170;171;172;174;175;176;177;178;179;183;184;186;197;200;202;204;206;207;210;212;213;215;219;221;222;223;224;225;229;232;235;238;239;243;244;245;246;247;249;250;251;253;255;257;259;263;264;265;266;269;270;273;281;283;285;286;288;290;294;295;298;300;301;302;303;307;308;310;312;314;315;318;321;323;326;328;331;332;333;336;344;345;346;347;348;349;350;351;354;355;358;361;363;364;365;368;372;373;377;378;379;380;382;383;386;388;389;390;391;394;395;398;401;406;407;410;418;424;426;434;435;436;438;439;440;442;443;444;446;449;454;457;458;459;461;464;465;466;469;474;477;478;481;484;488;489;490;493;496;497;501;502;503;505;506;507;508;509;510;511;513;514;516;517;518;519;520;521;522;523;524;525;526;527;528;529;530;531;532;533;534;535;539;540;541;542;543;544;545;546;547;548;549;550;551;552;553;554;555",1.29226112365723,"ok",NA,"2026-08-09 21:39:49"
"pima","SUN-MCCD",0.1,555,8,0.890909090909091,0.552,0.721454545454545,0.496957403651116,273,1,555,"555","4;6;7;8;9;11;13;16;17;18;19;20;21;22;25;29;31;32;34;35;38;40;42;44;45;49;50;53;57;58;59;60;67;69;70;74;79;82;88;89;92;93;94;95;96;100;104;105;106;108;112;115;116;119;123;124;126;130;134;135;137;138;142;143;151;152;153;155;159;161;162;164;165;166;170;171;172;174;175;176;177;178;179;183;184;186;197;200;202;204;206;207;210;212;213;215;219;221;222;223;224;225;229;232;235;238;239;243;244;245;246;247;249;250;251;253;255;257;259;263;264;265;266;269;270;273;281;283;285;286;288;290;294;295;298;300;301;302;303;307;308;310;312;314;315;318;321;323;326;328;331;332;333;336;344;345;346;347;348;349;350;351;354;355;358;361;363;364;365;368;372;373;377;378;379;380;382;383;386;388;389;390;391;394;395;398;401;406;407;410;418;424;426;434;435;436;438;439;440;442;443;444;446;449;454;457;458;459;461;464;465;466;469;474;477;478;481;484;488;489;490;493;496;497;501;502;503;505;506;507;508;509;510;511;513;514;516;517;518;519;520;521;522;523;524;525;526;527;528;529;530;531;532;533;534;535;539;540;541;542;543;544;545;546;547;548;549;550;551;552;553;554;555",1.38145518302917,"ok",NA,"2026-08-09 21:39:50"
"pima","SUN-MCCD",0.15,555,8,0.890909090909091,0.552,0.721454545454545,0.496957403651116,273,1,555,"555","4;6;7;8;9;11;13;16;17;18;19;20;21;22;25;29;31;32;34;35;38;40;42;44;45;49;50;53;57;58;59;60;67;69;70;74;79;82;88;89;92;93;94;95;96;100;104;105;106;108;112;115;116;119;123;124;126;130;134;135;137;138;142;143;151;152;153;155;159;161;162;164;165;166;170;171;172;174;175;176;177;178;179;183;184;186;197;200;202;204;206;207;210;212;213;215;219;221;222;223;224;225;229;232;235;238;239;243;244;245;246;247;249;250;251;253;255;257;259;263;264;265;266;269;270;273;281;283;285;286;288;290;294;295;298;300;301;302;303;307;308;310;312;314;315;318;321;323;326;328;331;332;333;336;344;345;346;347;348;349;350;351;354;355;358;361;363;364;365;368;372;373;377;378;379;380;382;383;386;388;389;390;391;394;395;398;401;406;407;410;418;424;426;434;435;436;438;439;440;442;443;444;446;449;454;457;458;459;461;464;465;466;469;474;477;478;481;484;488;489;490;493;496;497;501;502;503;505;506;507;508;509;510;511;513;514;516;517;518;519;520;521;522;523;524;525;526;527;528;529;530;531;532;533;534;535;539;540;541;542;543;544;545;546;547;548;549;550;551;552;553;554;555",1.26525902748108,"ok",NA,"2026-08-09 21:39:52"
"pima","SUN-MCCD",0.2,555,8,0.890909090909091,0.552,0.721454545454545,0.496957403651116,273,1,555,"555","4;6;7;8;9;11;13;16;17;18;19;20;21;22;25;29;31;32;34;35;38;40;42;44;45;49;50;53;57;58;59;60;67;69;70;74;79;82;88;89;92;93;94;95;96;100;104;105;106;108;112;115;116;119;123;124;126;130;134;135;137;138;142;143;151;152;153;155;159;161;162;164;165;166;170;171;172;174;175;176;177;178;179;183;184;186;197;200;202;204;206;207;210;212;213;215;219;221;222;223;224;225;229;232;235;238;239;243;244;245;246;247;249;250;251;253;255;257;259;263;264;265;266;269;270;273;281;283;285;286;288;290;294;295;298;300;301;302;303;307;308;310;312;314;315;318;321;323;326;328;331;332;333;336;344;345;346;347;348;349;350;351;354;355;358;361;363;364;365;368;372;373;377;378;379;380;382;383;386;388;389;390;391;394;395;398;401;406;407;410;418;424;426;434;435;436;438;439;440;442;443;444;446;449;454;457;458;459;461;464;465;466;469;474;477;478;481;484;488;489;490;493;496;497;501;502;503;505;506;507;508;509;510;511;513;514;516;517;518;519;520;521;522;523;524;525;526;527;528;529;530;531;532;533;534;535;539;540;541;542;543;544;545;546;547;548;549;550;551;552;553;554;555",1.18818616867065,"ok",NA,"2026-08-09 21:39:53"
"pima","SUN-MCCD",0.3,555,8,0.890909090909091,0.552,0.721454545454545,0.496957403651116,273,1,555,"555","4;6;7;8;9;11;13;16;17;18;19;20;21;22;25;29;31;32;34;35;38;40;42;44;45;49;50;53;57;58;59;60;67;69;70;74;79;82;88;89;92;93;94;95;96;100;104;105;106;108;112;115;116;119;123;124;126;130;134;135;137;138;142;143;151;152;153;155;159;161;162;164;165;166;170;171;172;174;175;176;177;178;179;183;184;186;197;200;202;204;206;207;210;212;213;215;219;221;222;223;224;225;229;232;235;238;239;243;244;245;246;247;249;250;251;253;255;257;259;263;264;265;266;269;270;273;281;283;285;286;288;290;294;295;298;300;301;302;303;307;308;310;312;314;315;318;321;323;326;328;331;332;333;336;344;345;346;347;348;349;350;351;354;355;358;361;363;364;365;368;372;373;377;378;379;380;382;383;386;388;389;390;391;394;395;398;401;406;407;410;418;424;426;434;435;436;438;439;440;442;443;444;446;449;454;457;458;459;461;464;465;466;469;474;477;478;481;484;488;489;490;493;496;497;501;502;503;505;506;507;508;509;510;511;513;514;516;517;518;519;520;521;522;523;524;525;526;527;528;529;530;531;532;533;534;535;539;540;541;542;543;544;545;546;547;548;549;550;551;552;553;554;555",1.20753502845764,"ok",NA,"2026-08-09 21:39:54"
"shuffle","SU-MCCD",0.005,1013,9,1,0.77,0.885,0.220338983050847,243,2,506.5,"555;458","3;4;5;6;9;14;15;17;20;22;31;35;41;47;48;59;63;64;67;77;78;90;94;100;105;108;112;117;118;121;124;130;132;137;138;148;154;155;159;165;166;171;173;174;179;184;186;187;189;191;199;204;207;209;219;223;226;227;234;237;238;239;241;274;276;283;288;289;293;305;306;323;324;326;327;329;332;335;346;348;353;356;364;369;377;386;402;409;410;418;419;421;422;427;433;434;447;449;451;464;465;469;470;476;481;492;497;501;505;511;517;518;521;523;526;528;529;531;534;536;541;551;552;563;569;571;576;584;586;593;603;608;612;614;618;622;627;630;631;633;636;644;645;649;652;657;658;664;667;669;671;678;685;693;694;697;701;702;706;710;712;719;726;727;728;730;743;744;755;761;771;772;773;776;780;783;785;788;792;796;806;812;813;814;818;827;828;837;838;839;841;842;843;845;847;849;859;860;863;871;873;875;878;879;881;896;899;901;906;911;912;915;923;927;930;931;937;939;947;951;955;958;965;967;980;983;993;996;998;1000;1001;1002;1003;1004;1005;1006;1007;1008;1009;1010;1011;1012;1013",9.71016621589661,"ok",NA,"2026-08-09 21:40:04"
"shuffle","SU-MCCD",0.01,1013,9,1,0.702,0.851,0.179063360881543,311,1,1013,"1013","3;5;6;8;9;14;15;17;20;22;31;35;37;41;44;47;48;52;59;62;63;64;67;70;73;77;90;94;100;104;105;109;112;116;117;130;131;132;137;138;145;146;148;150;151;154;155;158;159;163;164;165;171;173;174;179;180;186;187;191;198;199;204;206;207;209;219;221;223;226;227;231;232;234;237;239;240;241;243;257;263;274;275;283;288;289;293;303;305;307;308;312;323;326;327;328;329;332;334;335;336;337;339;345;346;348;349;352;356;363;364;367;368;369;374;379;387;401;402;404;409;410;411;419;421;422;427;433;434;435;436;439;443;449;451;461;465;469;470;476;479;481;483;490;492;494;497;498;501;504;505;509;511;513;515;517;518;523;526;529;532;534;536;541;546;551;552;557;559;560;569;570;571;576;579;581;584;586;592;593;594;597;612;618;622;623;624;627;631;633;635;636;642;645;648;649;652;656;657;666;667;669;670;671;677;678;679;683;685;688;692;693;697;701;702;706;710;712;719;721;722;727;728;730;734;737;743;744;748;752;761;762;764;767;769;771;772;773;776;777;780;783;785;786;789;792;796;800;806;814;815;819;822;827;828;832;837;838;841;842;843;845;846;847;853;854;859;871;879;881;896;901;906;907;911;915;917;922;923;924;927;930;944;947;948;949;951;952;955;958;970;980;983;988;991;996;998;1000;1001;1002;1003;1004;1005;1006;1007;1008;1009;1010;1011;1012;1013",9.54583477973938,"ok",NA,"2026-08-09 21:40:14"
"shuffle","SU-MCCD",0.02,1013,9,1,0.702,0.851,0.179063360881543,311,1,1013,"1013","3;5;6;8;9;14;15;17;20;22;31;35;37;41;44;47;48;52;59;62;63;64;67;70;73;77;90;94;100;104;105;109;112;116;117;130;131;132;137;138;145;146;148;150;151;154;155;158;159;163;164;165;171;173;174;179;180;186;187;191;198;199;204;206;207;209;219;221;223;226;227;231;232;234;237;239;240;241;243;257;263;274;275;283;288;289;293;303;305;307;308;312;323;326;327;328;329;332;334;335;336;337;339;345;346;348;349;352;356;363;364;367;368;369;374;379;387;401;402;404;409;410;411;419;421;422;427;433;434;435;436;439;443;449;451;461;465;469;470;476;479;481;483;490;492;494;497;498;501;504;505;509;511;513;515;517;518;523;526;529;532;534;536;541;546;551;552;557;559;560;569;570;571;576;579;581;584;586;592;593;594;597;612;618;622;623;624;627;631;633;635;636;642;645;648;649;652;656;657;666;667;669;670;671;677;678;679;683;685;688;692;693;697;701;702;706;710;712;719;721;722;727;728;730;734;737;743;744;748;752;761;762;764;767;769;771;772;773;776;777;780;783;785;786;789;792;796;800;806;814;815;819;822;827;828;832;837;838;841;842;843;845;846;847;853;854;859;871;879;881;896;901;906;907;911;915;917;922;923;924;927;930;944;947;948;949;951;952;955;958;970;980;983;988;991;996;998;1000;1001;1002;1003;1004;1005;1006;1007;1008;1009;1010;1011;1012;1013",9.43863105773926,"ok",NA,"2026-08-09 21:40:23"
"shuffle","SU-MCCD",0.03,1013,9,1,0.702,0.851,0.179063360881543,311,1,1013,"1013","3;5;6;8;9;14;15;17;20;22;31;35;37;41;44;47;48;52;59;62;63;64;67;70;73;77;90;94;100;104;105;109;112;116;117;130;131;132;137;138;145;146;148;150;151;154;155;158;159;163;164;165;171;173;174;179;180;186;187;191;198;199;204;206;207;209;219;221;223;226;227;231;232;234;237;239;240;241;243;257;263;274;275;283;288;289;293;303;305;307;308;312;323;326;327;328;329;332;334;335;336;337;339;345;346;348;349;352;356;363;364;367;368;369;374;379;387;401;402;404;409;410;411;419;421;422;427;433;434;435;436;439;443;449;451;461;465;469;470;476;479;481;483;490;492;494;497;498;501;504;505;509;511;513;515;517;518;523;526;529;532;534;536;541;546;551;552;557;559;560;569;570;571;576;579;581;584;586;592;593;594;597;612;618;622;623;624;627;631;633;635;636;642;645;648;649;652;656;657;666;667;669;670;671;677;678;679;683;685;688;692;693;697;701;702;706;710;712;719;721;722;727;728;730;734;737;743;744;748;752;761;762;764;767;769;771;772;773;776;777;780;783;785;786;789;792;796;800;806;814;815;819;822;827;828;832;837;838;841;842;843;845;846;847;853;854;859;871;879;881;896;901;906;907;911;915;917;922;923;924;927;930;944;947;948;949;951;952;955;958;970;980;983;988;991;996;998;1000;1001;1002;1003;1004;1005;1006;1007;1008;1009;1010;1011;1012;1013",9.19315481185913,"ok",NA,"2026-08-09 21:40:32"
"shuffle","SU-MCCD",0.05,1013,9,1,0.702,0.851,0.179063360881543,311,1,1013,"1013","3;5;6;8;9;14;15;17;20;22;31;35;37;41;44;47;48;52;59;62;63;64;67;70;73;77;90;94;100;104;105;109;112;116;117;130;131;132;137;138;145;146;148;150;151;154;155;158;159;163;164;165;171;173;174;179;180;186;187;191;198;199;204;206;207;209;219;221;223;226;227;231;232;234;237;239;240;241;243;257;263;274;275;283;288;289;293;303;305;307;308;312;323;326;327;328;329;332;334;335;336;337;339;345;346;348;349;352;356;363;364;367;368;369;374;379;387;401;402;404;409;410;411;419;421;422;427;433;434;435;436;439;443;449;451;461;465;469;470;476;479;481;483;490;492;494;497;498;501;504;505;509;511;513;515;517;518;523;526;529;532;534;536;541;546;551;552;557;559;560;569;570;571;576;579;581;584;586;592;593;594;597;612;618;622;623;624;627;631;633;635;636;642;645;648;649;652;656;657;666;667;669;670;671;677;678;679;683;685;688;692;693;697;701;702;706;710;712;719;721;722;727;728;730;734;737;743;744;748;752;761;762;764;767;769;771;772;773;776;777;780;783;785;786;789;792;796;800;806;814;815;819;822;827;828;832;837;838;841;842;843;845;846;847;853;854;859;871;879;881;896;901;906;907;911;915;917;922;923;924;927;930;944;947;948;949;951;952;955;958;970;980;983;988;991;996;998;1000;1001;1002;1003;1004;1005;1006;1007;1008;1009;1010;1011;1012;1013",9.09661316871643,"ok",NA,"2026-08-09 21:40:41"
"shuffle","SU-MCCD",0.0625,1013,9,1,0.702,0.851,0.179063360881543,311,1,1013,"1013","3;5;6;8;9;14;15;17;20;22;31;35;37;41;44;47;48;52;59;62;63;64;67;70;73;77;90;94;100;104;105;109;112;116;117;130;131;132;137;138;145;146;148;150;151;154;155;158;159;163;164;165;171;173;174;179;180;186;187;191;198;199;204;206;207;209;219;221;223;226;227;231;232;234;237;239;240;241;243;257;263;274;275;283;288;289;293;303;305;307;308;312;323;326;327;328;329;332;334;335;336;337;339;345;346;348;349;352;356;363;364;367;368;369;374;379;387;401;402;404;409;410;411;419;421;422;427;433;434;435;436;439;443;449;451;461;465;469;470;476;479;481;483;490;492;494;497;498;501;504;505;509;511;513;515;517;518;523;526;529;532;534;536;541;546;551;552;557;559;560;569;570;571;576;579;581;584;586;592;593;594;597;612;618;622;623;624;627;631;633;635;636;642;645;648;649;652;656;657;666;667;669;670;671;677;678;679;683;685;688;692;693;697;701;702;706;710;712;719;721;722;727;728;730;734;737;743;744;748;752;761;762;764;767;769;771;772;773;776;777;780;783;785;786;789;792;796;800;806;814;815;819;822;827;828;832;837;838;841;842;843;845;846;847;853;854;859;871;879;881;896;901;906;907;911;915;917;922;923;924;927;930;944;947;948;949;951;952;955;958;970;980;983;988;991;996;998;1000;1001;1002;1003;1004;1005;1006;1007;1008;1009;1010;1011;1012;1013",9.20961213111877,"ok",NA,"2026-08-09 21:40:51"
"shuffle","SU-MCCD",0.1,1013,9,1,0.702,0.851,0.179063360881543,311,1,1013,"1013","3;5;6;8;9;14;15;17;20;22;31;35;37;41;44;47;48;52;59;62;63;64;67;70;73;77;90;94;100;104;105;109;112;116;117;130;131;132;137;138;145;146;148;150;151;154;155;158;159;163;164;165;171;173;174;179;180;186;187;191;198;199;204;206;207;209;219;221;223;226;227;231;232;234;237;239;240;241;243;257;263;274;275;283;288;289;293;303;305;307;308;312;323;326;327;328;329;332;334;335;336;337;339;345;346;348;349;352;356;363;364;367;368;369;374;379;387;401;402;404;409;410;411;419;421;422;427;433;434;435;436;439;443;449;451;461;465;469;470;476;479;481;483;490;492;494;497;498;501;504;505;509;511;513;515;517;518;523;526;529;532;534;536;541;546;551;552;557;559;560;569;570;571;576;579;581;584;586;592;593;594;597;612;618;622;623;624;627;631;633;635;636;642;645;648;649;652;656;657;666;667;669;670;671;677;678;679;683;685;688;692;693;697;701;702;706;710;712;719;721;722;727;728;730;734;737;743;744;748;752;761;762;764;767;769;771;772;773;776;777;780;783;785;786;789;792;796;800;806;814;815;819;822;827;828;832;837;838;841;842;843;845;846;847;853;854;859;871;879;881;896;901;906;907;911;915;917;922;923;924;927;930;944;947;948;949;951;952;955;958;970;980;983;988;991;996;998;1000;1001;1002;1003;1004;1005;1006;1007;1008;1009;1010;1011;1012;1013",8.99169778823853,"ok",NA,"2026-08-09 21:41:00"
"shuffle","SU-MCCD",0.15,1013,9,1,0.702,0.851,0.179063360881543,311,1,1013,"1013","3;5;6;8;9;14;15;17;20;22;31;35;37;41;44;47;48;52;59;62;63;64;67;70;73;77;90;94;100;104;105;109;112;116;117;130;131;132;137;138;145;146;148;150;151;154;155;158;159;163;164;165;171;173;174;179;180;186;187;191;198;199;204;206;207;209;219;221;223;226;227;231;232;234;237;239;240;241;243;257;263;274;275;283;288;289;293;303;305;307;308;312;323;326;327;328;329;332;334;335;336;337;339;345;346;348;349;352;356;363;364;367;368;369;374;379;387;401;402;404;409;410;411;419;421;422;427;433;434;435;436;439;443;449;451;461;465;469;470;476;479;481;483;490;492;494;497;498;501;504;505;509;511;513;515;517;518;523;526;529;532;534;536;541;546;551;552;557;559;560;569;570;571;576;579;581;584;586;592;593;594;597;612;618;622;623;624;627;631;633;635;636;642;645;648;649;652;656;657;666;667;669;670;671;677;678;679;683;685;688;692;693;697;701;702;706;710;712;719;721;722;727;728;730;734;737;743;744;748;752;761;762;764;767;769;771;772;773;776;777;780;783;785;786;789;792;796;800;806;814;815;819;822;827;828;832;837;838;841;842;843;845;846;847;853;854;859;871;879;881;896;901;906;907;911;915;917;922;923;924;927;930;944;947;948;949;951;952;955;958;970;980;983;988;991;996;998;1000;1001;1002;1003;1004;1005;1006;1007;1008;1009;1010;1011;1012;1013",9.0961639881134,"ok",NA,"2026-08-09 21:41:09"
"shuffle","SU-MCCD",0.2,1013,9,1,0.702,0.851,0.179063360881543,311,1,1013,"1013","3;5;6;8;9;14;15;17;20;22;31;35;37;41;44;47;48;52;59;62;63;64;67;70;73;77;90;94;100;104;105;109;112;116;117;130;131;132;137;138;145;146;148;150;151;154;155;158;159;163;164;165;171;173;174;179;180;186;187;191;198;199;204;206;207;209;219;221;223;226;227;231;232;234;237;239;240;241;243;257;263;274;275;283;288;289;293;303;305;307;308;312;323;326;327;328;329;332;334;335;336;337;339;345;346;348;349;352;356;363;364;367;368;369;374;379;387;401;402;404;409;410;411;419;421;422;427;433;434;435;436;439;443;449;451;461;465;469;470;476;479;481;483;490;492;494;497;498;501;504;505;509;511;513;515;517;518;523;526;529;532;534;536;541;546;551;552;557;559;560;569;570;571;576;579;581;584;586;592;593;594;597;612;618;622;623;624;627;631;633;635;636;642;645;648;649;652;656;657;666;667;669;670;671;677;678;679;683;685;688;692;693;697;701;702;706;710;712;719;721;722;727;728;730;734;737;743;744;748;752;761;762;764;767;769;771;772;773;776;777;780;783;785;786;789;792;796;800;806;814;815;819;822;827;828;832;837;838;841;842;843;845;846;847;853;854;859;871;879;881;896;901;906;907;911;915;917;922;923;924;927;930;944;947;948;949;951;952;955;958;970;980;983;988;991;996;998;1000;1001;1002;1003;1004;1005;1006;1007;1008;1009;1010;1011;1012;1013",9.26809501647949,"ok",NA,"2026-08-09 21:41:18"
"shuffle","SU-MCCD",0.3,1013,9,1,0.702,0.851,0.179063360881543,311,1,1013,"1013","3;5;6;8;9;14;15;17;20;22;31;35;37;41;44;47;48;52;59;62;63;64;67;70;73;77;90;94;100;104;105;109;112;116;117;130;131;132;137;138;145;146;148;150;151;154;155;158;159;163;164;165;171;173;174;179;180;186;187;191;198;199;204;206;207;209;219;221;223;226;227;231;232;234;237;239;240;241;243;257;263;274;275;283;288;289;293;303;305;307;308;312;323;326;327;328;329;332;334;335;336;337;339;345;346;348;349;352;356;363;364;367;368;369;374;379;387;401;402;404;409;410;411;419;421;422;427;433;434;435;436;439;443;449;451;461;465;469;470;476;479;481;483;490;492;494;497;498;501;504;505;509;511;513;515;517;518;523;526;529;532;534;536;541;546;551;552;557;559;560;569;570;571;576;579;581;584;586;592;593;594;597;612;618;622;623;624;627;631;633;635;636;642;645;648;649;652;656;657;666;667;669;670;671;677;678;679;683;685;688;692;693;697;701;702;706;710;712;719;721;722;727;728;730;734;737;743;744;748;752;761;762;764;767;769;771;772;773;776;777;780;783;785;786;789;792;796;800;806;814;815;819;822;827;828;832;837;838;841;842;843;845;846;847;853;854;859;871;879;881;896;901;906;907;911;915;917;922;923;924;927;930;944;947;948;949;951;952;955;958;970;980;983;988;991;996;998;1000;1001;1002;1003;1004;1005;1006;1007;1008;1009;1010;1011;1012;1013",8.56912302970886,"ok",NA,"2026-08-09 21:41:27"
"shuffle","SUN-MCCD",0.005,1013,9,1,0.709,0.8545,0.182584269662921,304,55,16,"18;17;25;15;16;18;23;40;11;8;13;22;13;48;14;13;6;40;17;8;16;16;28;15;22;9;28;25;9;9;26;25;13;16;36;12;8;25;9;17;12;20;12;23;8;40;7;15;16;26;9;39;14;9;14","3;5;7;14;15;16;18;20;26;35;36;47;48;49;50;59;63;64;75;78;80;86;89;90;91;95;97;98;104;107;110;116;117;124;128;130;132;140;141;142;147;148;154;155;158;161;163;165;170;172;173;174;175;186;187;191;193;195;199;206;207;212;216;217;219;223;227;233;234;236;237;250;253;257;269;270;273;275;276;277;279;283;289;292;293;294;297;300;305;308;311;314;317;319;325;326;327;329;332;333;335;346;347;348;354;356;360;369;375;377;381;402;405;409;410;413;415;418;419;420;430;433;436;441;442;444;447;450;455;461;462;465;469;470;472;479;483;485;491;492;495;497;501;502;505;511;513;514;518;522;525;527;528;529;536;537;538;539;547;548;551;554;555;566;568;569;571;583;584;586;588;589;594;612;614;615;618;619;622;625;627;628;629;631;635;636;641;644;645;647;649;652;669;678;685;693;694;696;697;701;702;705;706;711;712;715;719;725;727;728;729;730;731;739;741;745;754;756;761;762;763;765;767;769;772;776;778;779;780;783;785;787;788;790;791;792;796;797;814;816;819;824;827;828;835;837;838;841;842;843;847;849;851;858;859;862;866;872;873;878;883;885;888;893;896;898;901;906;907;909;911;915;927;929;930;935;936;939;950;951;955;956;959;963;965;968;983;989;993;996;997;1001;1002;1003;1004;1005;1006;1007;1008;1009;1010;1011;1012;1013",8.31391596794128,"ok",NA,"2026-08-09 21:41:35"
"shuffle","SUN-MCCD",0.01,1013,9,1,0.664,0.832,0.162094763092269,349,1,1013,"1013","3;5;6;8;9;10;14;15;17;18;20;22;31;35;37;40;41;44;47;48;52;55;59;62;63;64;67;70;73;75;77;90;94;100;104;105;107;109;112;116;117;130;131;132;137;138;145;146;148;150;151;154;155;158;159;163;164;165;171;173;174;179;180;186;187;191;198;199;203;204;206;207;209;210;213;219;221;223;226;227;231;232;234;237;239;240;241;243;257;259;263;274;275;283;288;289;293;303;305;307;308;312;323;326;327;328;329;332;334;335;336;337;339;340;344;345;346;348;349;352;354;356;363;364;367;368;369;374;378;379;387;401;402;404;409;410;411;419;421;422;424;427;432;433;434;435;436;439;443;449;451;461;465;469;470;476;479;481;483;490;492;494;497;498;500;501;502;504;505;509;511;513;515;517;518;521;522;523;526;529;532;534;536;541;546;551;552;557;559;560;564;569;570;571;576;579;581;584;586;589;592;593;594;595;597;605;612;618;622;623;624;627;631;633;635;636;640;642;645;648;649;652;656;657;666;667;669;670;671;677;678;679;681;683;685;688;692;693;697;701;702;706;710;712;719;720;721;722;727;728;730;734;737;743;744;748;752;760;761;762;764;767;769;771;772;773;774;776;777;780;783;785;786;788;789;792;796;800;806;814;815;819;822;824;827;828;832;837;838;841;842;843;845;846;847;853;854;856;859;871;874;879;881;888;890;896;901;906;907;911;914;915;917;922;923;924;927;930;935;944;947;948;949;951;952;955;958;970;980;983;988;991;995;996;998;1000;1001;1002;1003;1004;1005;1006;1007;1008;1009;1010;1011;1012;1013",5.4222719669342,"ok",NA,"2026-08-09 21:41:40"
"shuffle","SUN-MCCD",0.02,1013,9,1,0.664,0.832,0.162094763092269,349,1,1013,"1013","3;5;6;8;9;10;14;15;17;18;20;22;31;35;37;40;41;44;47;48;52;55;59;62;63;64;67;70;73;75;77;90;94;100;104;105;107;109;112;116;117;130;131;132;137;138;145;146;148;150;151;154;155;158;159;163;164;165;171;173;174;179;180;186;187;191;198;199;203;204;206;207;209;210;213;219;221;223;226;227;231;232;234;237;239;240;241;243;257;259;263;274;275;283;288;289;293;303;305;307;308;312;323;326;327;328;329;332;334;335;336;337;339;340;344;345;346;348;349;352;354;356;363;364;367;368;369;374;378;379;387;401;402;404;409;410;411;419;421;422;424;427;432;433;434;435;436;439;443;449;451;461;465;469;470;476;479;481;483;490;492;494;497;498;500;501;502;504;505;509;511;513;515;517;518;521;522;523;526;529;532;534;536;541;546;551;552;557;559;560;564;569;570;571;576;579;581;584;586;589;592;593;594;595;597;605;612;618;622;623;624;627;631;633;635;636;640;642;645;648;649;652;656;657;666;667;669;670;671;677;678;679;681;683;685;688;692;693;697;701;702;706;710;712;719;720;721;722;727;728;730;734;737;743;744;748;752;760;761;762;764;767;769;771;772;773;774;776;777;780;783;785;786;788;789;792;796;800;806;814;815;819;822;824;827;828;832;837;838;841;842;843;845;846;847;853;854;856;859;871;874;879;881;888;890;896;901;906;907;911;914;915;917;922;923;924;927;930;935;944;947;948;949;951;952;955;958;970;980;983;988;991;995;996;998;1000;1001;1002;1003;1004;1005;1006;1007;1008;1009;1010;1011;1012;1013",5.42165279388428,"ok",NA,"2026-08-09 21:41:46"
"shuffle","SUN-MCCD",0.03,1013,9,1,0.664,0.832,0.162094763092269,349,1,1013,"1013","3;5;6;8;9;10;14;15;17;18;20;22;31;35;37;40;41;44;47;48;52;55;59;62;63;64;67;70;73;75;77;90;94;100;104;105;107;109;112;116;117;130;131;132;137;138;145;146;148;150;151;154;155;158;159;163;164;165;171;173;174;179;180;186;187;191;198;199;203;204;206;207;209;210;213;219;221;223;226;227;231;232;234;237;239;240;241;243;257;259;263;274;275;283;288;289;293;303;305;307;308;312;323;326;327;328;329;332;334;335;336;337;339;340;344;345;346;348;349;352;354;356;363;364;367;368;369;374;378;379;387;401;402;404;409;410;411;419;421;422;424;427;432;433;434;435;436;439;443;449;451;461;465;469;470;476;479;481;483;490;492;494;497;498;500;501;502;504;505;509;511;513;515;517;518;521;522;523;526;529;532;534;536;541;546;551;552;557;559;560;564;569;570;571;576;579;581;584;586;589;592;593;594;595;597;605;612;618;622;623;624;627;631;633;635;636;640;642;645;648;649;652;656;657;666;667;669;670;671;677;678;679;681;683;685;688;692;693;697;701;702;706;710;712;719;720;721;722;727;728;730;734;737;743;744;748;752;760;761;762;764;767;769;771;772;773;774;776;777;780;783;785;786;788;789;792;796;800;806;814;815;819;822;824;827;828;832;837;838;841;842;843;845;846;847;853;854;856;859;871;874;879;881;888;890;896;901;906;907;911;914;915;917;922;923;924;927;930;935;944;947;948;949;951;952;955;958;970;980;983;988;991;995;996;998;1000;1001;1002;1003;1004;1005;1006;1007;1008;1009;1010;1011;1012;1013",5.27895402908325,"ok",NA,"2026-08-09 21:41:51"
"shuffle","SUN-MCCD",0.05,1013,9,1,0.664,0.832,0.162094763092269,349,1,1013,"1013","3;5;6;8;9;10;14;15;17;18;20;22;31;35;37;40;41;44;47;48;52;55;59;62;63;64;67;70;73;75;77;90;94;100;104;105;107;109;112;116;117;130;131;132;137;138;145;146;148;150;151;154;155;158;159;163;164;165;171;173;174;179;180;186;187;191;198;199;203;204;206;207;209;210;213;219;221;223;226;227;231;232;234;237;239;240;241;243;257;259;263;274;275;283;288;289;293;303;305;307;308;312;323;326;327;328;329;332;334;335;336;337;339;340;344;345;346;348;349;352;354;356;363;364;367;368;369;374;378;379;387;401;402;404;409;410;411;419;421;422;424;427;432;433;434;435;436;439;443;449;451;461;465;469;470;476;479;481;483;490;492;494;497;498;500;501;502;504;505;509;511;513;515;517;518;521;522;523;526;529;532;534;536;541;546;551;552;557;559;560;564;569;570;571;576;579;581;584;586;589;592;593;594;595;597;605;612;618;622;623;624;627;631;633;635;636;640;642;645;648;649;652;656;657;666;667;669;670;671;677;678;679;681;683;685;688;692;693;697;701;702;706;710;712;719;720;721;722;727;728;730;734;737;743;744;748;752;760;761;762;764;767;769;771;772;773;774;776;777;780;783;785;786;788;789;792;796;800;806;814;815;819;822;824;827;828;832;837;838;841;842;843;845;846;847;853;854;856;859;871;874;879;881;888;890;896;901;906;907;911;914;915;917;922;923;924;927;930;935;944;947;948;949;951;952;955;958;970;980;983;988;991;995;996;998;1000;1001;1002;1003;1004;1005;1006;1007;1008;1009;1010;1011;1012;1013",5.19432997703552,"ok",NA,"2026-08-09 21:41:56"
"shuffle","SUN-MCCD",0.0625,1013,9,1,0.664,0.832,0.162094763092269,349,1,1013,"1013","3;5;6;8;9;10;14;15;17;18;20;22;31;35;37;40;41;44;47;48;52;55;59;62;63;64;67;70;73;75;77;90;94;100;104;105;107;109;112;116;117;130;131;132;137;138;145;146;148;150;151;154;155;158;159;163;164;165;171;173;174;179;180;186;187;191;198;199;203;204;206;207;209;210;213;219;221;223;226;227;231;232;234;237;239;240;241;243;257;259;263;274;275;283;288;289;293;303;305;307;308;312;323;326;327;328;329;332;334;335;336;337;339;340;344;345;346;348;349;352;354;356;363;364;367;368;369;374;378;379;387;401;402;404;409;410;411;419;421;422;424;427;432;433;434;435;436;439;443;449;451;461;465;469;470;476;479;481;483;490;492;494;497;498;500;501;502;504;505;509;511;513;515;517;518;521;522;523;526;529;532;534;536;541;546;551;552;557;559;560;564;569;570;571;576;579;581;584;586;589;592;593;594;595;597;605;612;618;622;623;624;627;631;633;635;636;640;642;645;648;649;652;656;657;666;667;669;670;671;677;678;679;681;683;685;688;692;693;697;701;702;706;710;712;719;720;721;722;727;728;730;734;737;743;744;748;752;760;761;762;764;767;769;771;772;773;774;776;777;780;783;785;786;788;789;792;796;800;806;814;815;819;822;824;827;828;832;837;838;841;842;843;845;846;847;853;854;856;859;871;874;879;881;888;890;896;901;906;907;911;914;915;917;922;923;924;927;930;935;944;947;948;949;951;952;955;958;970;980;983;988;991;995;996;998;1000;1001;1002;1003;1004;1005;1006;1007;1008;1009;1010;1011;1012;1013",5.39336085319519,"ok",NA,"2026-08-09 21:42:02"
"shuffle","SUN-MCCD",0.1,1013,9,1,0.664,0.832,0.162094763092269,349,1,1013,"1013","3;5;6;8;9;10;14;15;17;18;20;22;31;35;37;40;41;44;47;48;52;55;59;62;63;64;67;70;73;75;77;90;94;100;104;105;107;109;112;116;117;130;131;132;137;138;145;146;148;150;151;154;155;158;159;163;164;165;171;173;174;179;180;186;187;191;198;199;203;204;206;207;209;210;213;219;221;223;226;227;231;232;234;237;239;240;241;243;257;259;263;274;275;283;288;289;293;303;305;307;308;312;323;326;327;328;329;332;334;335;336;337;339;340;344;345;346;348;349;352;354;356;363;364;367;368;369;374;378;379;387;401;402;404;409;410;411;419;421;422;424;427;432;433;434;435;436;439;443;449;451;461;465;469;470;476;479;481;483;490;492;494;497;498;500;501;502;504;505;509;511;513;515;517;518;521;522;523;526;529;532;534;536;541;546;551;552;557;559;560;564;569;570;571;576;579;581;584;586;589;592;593;594;595;597;605;612;618;622;623;624;627;631;633;635;636;640;642;645;648;649;652;656;657;666;667;669;670;671;677;678;679;681;683;685;688;692;693;697;701;702;706;710;712;719;720;721;722;727;728;730;734;737;743;744;748;752;760;761;762;764;767;769;771;772;773;774;776;777;780;783;785;786;788;789;792;796;800;806;814;815;819;822;824;827;828;832;837;838;841;842;843;845;846;847;853;854;856;859;871;874;879;881;888;890;896;901;906;907;911;914;915;917;922;923;924;927;930;935;944;947;948;949;951;952;955;958;970;980;983;988;991;995;996;998;1000;1001;1002;1003;1004;1005;1006;1007;1008;1009;1010;1011;1012;1013",5.86578297615051,"ok",NA,"2026-08-09 21:42:08"
"shuffle","SUN-MCCD",0.15,1013,9,1,0.664,0.832,0.162094763092269,349,1,1013,"1013","3;5;6;8;9;10;14;15;17;18;20;22;31;35;37;40;41;44;47;48;52;55;59;62;63;64;67;70;73;75;77;90;94;100;104;105;107;109;112;116;117;130;131;132;137;138;145;146;148;150;151;154;155;158;159;163;164;165;171;173;174;179;180;186;187;191;198;199;203;204;206;207;209;210;213;219;221;223;226;227;231;232;234;237;239;240;241;243;257;259;263;274;275;283;288;289;293;303;305;307;308;312;323;326;327;328;329;332;334;335;336;337;339;340;344;345;346;348;349;352;354;356;363;364;367;368;369;374;378;379;387;401;402;404;409;410;411;419;421;422;424;427;432;433;434;435;436;439;443;449;451;461;465;469;470;476;479;481;483;490;492;494;497;498;500;501;502;504;505;509;511;513;515;517;518;521;522;523;526;529;532;534;536;541;546;551;552;557;559;560;564;569;570;571;576;579;581;584;586;589;592;593;594;595;597;605;612;618;622;623;624;627;631;633;635;636;640;642;645;648;649;652;656;657;666;667;669;670;671;677;678;679;681;683;685;688;692;693;697;701;702;706;710;712;719;720;721;722;727;728;730;734;737;743;744;748;752;760;761;762;764;767;769;771;772;773;774;776;777;780;783;785;786;788;789;792;796;800;806;814;815;819;822;824;827;828;832;837;838;841;842;843;845;846;847;853;854;856;859;871;874;879;881;888;890;896;901;906;907;911;914;915;917;922;923;924;927;930;935;944;947;948;949;951;952;955;958;970;980;983;988;991;995;996;998;1000;1001;1002;1003;1004;1005;1006;1007;1008;1009;1010;1011;1012;1013",5.8093090057373,"ok",NA,"2026-08-09 21:42:14"
"shuffle","SUN-MCCD",0.2,1013,9,1,0.664,0.832,0.162094763092269,349,1,1013,"1013","3;5;6;8;9;10;14;15;17;18;20;22;31;35;37;40;41;44;47;48;52;55;59;62;63;64;67;70;73;75;77;90;94;100;104;105;107;109;112;116;117;130;131;132;137;138;145;146;148;150;151;154;155;158;159;163;164;165;171;173;174;179;180;186;187;191;198;199;203;204;206;207;209;210;213;219;221;223;226;227;231;232;234;237;239;240;241;243;257;259;263;274;275;283;288;289;293;303;305;307;308;312;323;326;327;328;329;332;334;335;336;337;339;340;344;345;346;348;349;352;354;356;363;364;367;368;369;374;378;379;387;401;402;404;409;410;411;419;421;422;424;427;432;433;434;435;436;439;443;449;451;461;465;469;470;476;479;481;483;490;492;494;497;498;500;501;502;504;505;509;511;513;515;517;518;521;522;523;526;529;532;534;536;541;546;551;552;557;559;560;564;569;570;571;576;579;581;584;586;589;592;593;594;595;597;605;612;618;622;623;624;627;631;633;635;636;640;642;645;648;649;652;656;657;666;667;669;670;671;677;678;679;681;683;685;688;692;693;697;701;702;706;710;712;719;720;721;722;727;728;730;734;737;743;744;748;752;760;761;762;764;767;769;771;772;773;774;776;777;780;783;785;786;788;789;792;796;800;806;814;815;819;822;824;827;828;832;837;838;841;842;843;845;846;847;853;854;856;859;871;874;879;881;888;890;896;901;906;907;911;914;915;917;922;923;924;927;930;935;944;947;948;949;951;952;955;958;970;980;983;988;991;995;996;998;1000;1001;1002;1003;1004;1005;1006;1007;1008;1009;1010;1011;1012;1013",5.60465502738953,"ok",NA,"2026-08-09 21:42:19"
"shuffle","SUN-MCCD",0.3,1013,9,1,0.664,0.832,0.162094763092269,349,1,1013,"1013","3;5;6;8;9;10;14;15;17;18;20;22;31;35;37;40;41;44;47;48;52;55;59;62;63;64;67;70;73;75;77;90;94;100;104;105;107;109;112;116;117;130;131;132;137;138;145;146;148;150;151;154;155;158;159;163;164;165;171;173;174;179;180;186;187;191;198;199;203;204;206;207;209;210;213;219;221;223;226;227;231;232;234;237;239;240;241;243;257;259;263;274;275;283;288;289;293;303;305;307;308;312;323;326;327;328;329;332;334;335;336;337;339;340;344;345;346;348;349;352;354;356;363;364;367;368;369;374;378;379;387;401;402;404;409;410;411;419;421;422;424;427;432;433;434;435;436;439;443;449;451;461;465;469;470;476;479;481;483;490;492;494;497;498;500;501;502;504;505;509;511;513;515;517;518;521;522;523;526;529;532;534;536;541;546;551;552;557;559;560;564;569;570;571;576;579;581;584;586;589;592;593;594;595;597;605;612;618;622;623;624;627;631;633;635;636;640;642;645;648;649;652;656;657;666;667;669;670;671;677;678;679;681;683;685;688;692;693;697;701;702;706;710;712;719;720;721;722;727;728;730;734;737;743;744;748;752;760;761;762;764;767;769;771;772;773;774;776;777;780;783;785;786;788;789;792;796;800;806;814;815;819;822;824;827;828;832;837;838;841;842;843;845;846;847;853;854;856;859;871;874;879;881;888;890;896;901;906;907;911;914;915;917;922;923;924;927;930;935;944;947;948;949;951;952;955;958;970;980;983;988;991;995;996;998;1000;1001;1002;1003;1004;1005;1006;1007;1008;1009;1010;1011;1012;1013",5.30290913581848,"ok",NA,"2026-08-09 21:42:24"
"vowels","SU-MCCD",0.005,1452,12,1,0.376955903271693,0.688477951635846,0.207956600361664,922,2,726,"943;509","17;28;29;30;31;32;33;49;50;51;52;53;54;55;56;57;58;59;60;61;62;64;69;70;71;72;73;74;76;77;87;88;89;93;94;155;156;157;158;159;160;161;162;163;164;165;166;167;168;179;180;181;182;183;184;185;214;215;216;217;218;219;220;221;222;223;224;225;226;227;228;229;230;231;278;279;280;297;298;299;300;301;302;303;304;305;365;366;367;407;408;416;417;418;439;474;506;507;508;524;525;526;527;528;529;530;531;532;533;534;535;536;537;538;539;540;541;542;543;544;545;546;547;548;549;550;551;552;553;554;555;556;557;558;559;560;561;562;563;564;565;566;567;568;569;570;571;572;573;574;575;576;577;578;579;580;581;582;583;584;585;586;587;588;589;590;591;592;593;594;595;596;597;598;599;600;601;602;603;604;605;606;607;608;609;610;611;612;613;614;615;616;617;618;619;620;621;622;623;624;625;626;627;628;629;630;631;632;633;634;635;636;637;638;639;640;641;642;643;644;645;646;647;648;649;650;651;652;653;654;655;656;657;658;659;660;661;662;663;664;665;666;667;668;669;670;671;672;673;674;675;676;677;678;679;680;681;682;683;684;685;686;687;688;689;690;691;692;693;694;695;696;697;698;699;700;701;702;703;704;705;706;707;708;709;710;711;712;713;714;715;716;717;718;719;720;721;722;723;724;725;726;727;728;729;730;731;732;733;734;735;736;737;738;739;740;741;742;743;744;745;746;747;748;749;750;751;752;753;754;755;756;757;758;759;760;761;762;763;764;765;766;767;768;769;770;771;772;773;774;775;776;777;778;779;780;781;782;783;784;785;786;787;788;789;790;791;792;793;794;795;796;797;798;799;800;801;802;803;804;805;806;807;808;809;810;811;812;813;814;815;816;817;818;819;820;821;822;823;824;825;826;827;828;829;830;831;832;833;834;835;836;837;838;839;840;841;842;843;844;845;846;847;848;849;850;851;852;853;854;855;856;857;858;859;860;861;862;863;864;865;866;867;868;869;870;871;872;873;874;875;876;877;878;879;880;881;882;883;884;885;886;887;888;889;890;891;892;893;894;895;896;897;898;899;900;901;902;903;904;905;906;907;908;909;910;911;912;913;914;915;916;917;918;919;920;921;922;923;924;925;926;927;928;929;930;931;932;933;934;935;936;937;938;939;940;941;942;943;944;945;946;947;948;949;950;951;952;953;954;955;956;957;958;959;960;961;962;963;964;965;966;967;968;969;970;971;972;973;974;975;976;977;978;979;980;981;982;983;984;985;986;987;988;989;990;991;992;993;994;995;996;997;998;999;1000;1001;1002;1003;1004;1005;1006;1007;1008;1009;1010;1011;1012;1013;1014;1015;1016;1017;1018;1019;1020;1021;1022;1023;1024;1025;1026;1027;1028;1029;1030;1031;1032;1033;1034;1035;1036;1037;1038;1039;1040;1041;1042;1043;1044;1045;1046;1047;1048;1049;1050;1051;1052;1053;1054;1055;1056;1057;1058;1059;1060;1061;1062;1063;1064;1065;1066;1067;1068;1069;1070;1071;1074;1075;1076;1077;1078;1084;1085;1086;1087;1088;1089;1090;1091;1092;1093;1095;1096;1097;1098;1099;1100;1101;1102;1103;1104;1105;1106;1107;1108;1109;1110;1111;1112;1120;1121;1122;1123;1124;1125;1126;1133;1134;1135;1136;1137;1138;1145;1146;1147;1148;1149;1150;1151;1152;1157;1158;1159;1160;1161;1162;1163;1164;1165;1166;1170;1171;1172;1173;1174;1175;1176;1177;1187;1188;1189;1190;1191;1192;1200;1201;1202;1203;1204;1211;1212;1213;1214;1215;1216;1217;1218;1223;1224;1225;1226;1227;1228;1229;1230;1234;1235;1236;1237;1246;1247;1248;1249;1250;1251;1252;1253;1254;1257;1258;1259;1260;1261;1262;1263;1264;1269;1270;1271;1272;1273;1274;1275;1276;1277;1278;1283;1284;1285;1286;1287;1288;1289;1290;1291;1292;1293;1294;1295;1296;1297;1298;1299;1300;1301;1302;1303;1304;1305;1306;1307;1308;1312;1313;1314;1315;1316;1317;1318;1319;1320;1321;1322;1323;1324;1325;1326;1327;1328;1329;1330;1331;1332;1333;1334;1335;1336;1337;1340;1341;1342;1343;1344;1345;1346;1347;1350;1351;1352;1353;1354;1355;1356;1357;1363;1364;1365;1366;1367;1368;1369;1370;1378;1379;1380;1381;1382;1383;1384;1385;1386;1387;1388;1391;1392;1393;1394;1395;1396;1397;1398;1399;1400;1401;1402;1407;1408;1409;1410;1411;1412;1413;1414;1415;1416;1417;1418;1419;1420;1421;1422;1423;1424;1425;1426;1427;1428;1429;1430;1431;1432;1433;1434;1435;1436;1437;1438;1439;1440;1441;1442;1443;1444;1445;1446;1447;1448;1449;1450;1451;1452",19.1111760139465,"ok",NA,"2026-08-09 21:42:52"
"vowels","SU-MCCD",0.01,1452,12,1,0.316500711237553,0.658250355618777,0.19311502938707,1007,1,1452,"1452","28;29;30;31;32;33;50;51;52;53;54;55;56;57;58;59;60;61;62;64;71;72;73;74;76;77;89;93;94;156;157;158;159;160;161;162;163;164;165;166;167;168;179;180;181;182;183;184;185;214;215;216;217;218;219;220;221;222;223;224;225;226;227;228;229;230;231;299;300;301;302;303;304;305;407;408;417;418;524;525;526;527;528;529;530;531;532;533;534;535;536;537;538;539;540;541;542;543;544;545;546;547;548;549;550;551;552;553;554;555;556;557;558;559;560;561;562;563;564;565;566;567;568;569;570;571;572;573;574;575;576;577;578;579;580;581;582;583;584;585;586;587;588;589;590;591;592;593;594;595;596;597;598;599;600;601;602;603;604;605;606;607;608;609;610;611;612;613;614;615;616;617;618;619;620;621;622;623;624;625;626;627;628;629;630;631;632;633;634;635;636;637;638;639;640;641;642;643;644;645;646;647;648;649;650;651;652;653;654;655;656;657;658;659;660;661;662;663;664;665;666;667;668;669;670;671;672;673;674;675;676;677;678;679;680;681;682;683;684;685;686;687;688;689;690;691;692;693;694;695;696;697;698;699;700;701;702;703;704;705;706;707;708;709;710;711;712;713;714;715;716;717;718;719;720;721;722;723;724;725;726;727;728;729;730;731;732;733;734;735;736;737;738;739;740;741;742;743;744;745;746;747;748;749;750;751;752;753;754;755;756;757;758;759;760;761;762;763;764;765;766;767;768;769;770;771;772;773;774;775;776;777;778;779;780;781;782;783;784;785;786;787;788;789;790;791;792;793;794;795;796;797;798;799;800;801;802;803;804;805;806;807;808;809;810;811;812;813;814;815;816;817;818;819;820;821;822;823;824;825;826;827;828;829;830;831;832;833;834;835;836;837;838;839;840;841;842;843;844;845;846;847;848;849;850;851;852;853;854;855;856;857;858;859;860;861;862;863;864;865;866;867;868;869;870;871;872;873;874;875;876;877;878;879;880;881;882;883;884;885;886;887;888;889;890;891;892;893;894;895;896;897;898;899;900;901;902;903;904;905;906;907;908;909;910;911;912;913;914;915;916;917;918;919;920;921;922;923;924;925;926;927;928;929;930;931;932;933;934;935;936;937;938;939;940;941;942;943;944;945;946;947;948;949;950;951;952;953;954;955;956;957;958;959;960;961;962;963;964;965;966;967;968;969;970;971;972;973;974;975;976;977;978;979;980;981;982;983;984;985;986;987;988;989;990;991;992;993;994;995;996;997;998;999;1000;1001;1002;1003;1004;1005;1006;1007;1008;1009;1010;1011;1012;1013;1014;1015;1016;1017;1018;1019;1020;1021;1022;1023;1024;1025;1026;1027;1028;1029;1030;1031;1032;1033;1034;1035;1036;1037;1038;1039;1040;1041;1042;1043;1044;1045;1046;1047;1048;1049;1050;1051;1052;1053;1054;1055;1056;1057;1058;1059;1060;1061;1062;1063;1064;1065;1066;1067;1068;1069;1070;1071;1072;1073;1074;1075;1076;1077;1078;1079;1080;1081;1082;1083;1084;1085;1086;1087;1088;1089;1090;1091;1092;1093;1094;1095;1096;1097;1098;1099;1100;1101;1102;1103;1104;1105;1106;1107;1108;1109;1110;1111;1112;1113;1114;1115;1116;1117;1118;1119;1120;1121;1122;1123;1124;1125;1126;1127;1128;1129;1130;1131;1132;1133;1134;1135;1136;1137;1138;1139;1140;1141;1142;1143;1144;1145;1146;1147;1148;1149;1150;1151;1152;1153;1154;1155;1156;1157;1158;1159;1160;1161;1162;1163;1164;1165;1166;1167;1168;1169;1170;1171;1172;1173;1174;1175;1176;1177;1178;1179;1180;1181;1182;1183;1184;1185;1186;1187;1188;1189;1190;1191;1192;1193;1194;1195;1196;1197;1198;1199;1200;1201;1202;1203;1204;1205;1206;1207;1208;1209;1210;1211;1212;1213;1214;1215;1216;1217;1218;1219;1220;1221;1222;1223;1224;1225;1226;1227;1228;1229;1230;1231;1232;1233;1234;1235;1236;1237;1238;1239;1240;1241;1242;1243;1244;1245;1246;1247;1248;1249;1250;1251;1252;1253;1254;1255;1256;1257;1258;1259;1260;1261;1262;1263;1264;1265;1266;1267;1268;1269;1270;1271;1272;1273;1274;1275;1276;1277;1278;1279;1280;1281;1282;1283;1284;1285;1286;1287;1288;1289;1290;1291;1292;1293;1294;1295;1296;1297;1298;1299;1300;1301;1302;1303;1304;1305;1306;1307;1308;1309;1310;1311;1312;1313;1314;1315;1316;1317;1318;1319;1320;1321;1322;1323;1324;1325;1326;1327;1328;1329;1330;1331;1332;1333;1334;1335;1336;1337;1338;1339;1340;1341;1342;1343;1344;1345;1346;1347;1348;1349;1350;1351;1352;1353;1354;1355;1356;1357;1358;1359;1360;1361;1362;1363;1364;1365;1366;1367;1368;1369;1370;1371;1372;1373;1374;1375;1376;1377;1378;1379;1380;1381;1382;1383;1384;1385;1386;1387;1388;1389;1390;1391;1392;1393;1394;1395;1396;1397;1398;1399;1400;1401;1402;1403;1404;1405;1406;1407;1408;1409;1410;1411;1412;1413;1414;1415;1416;1417;1418;1419;1420;1421;1422;1423;1424;1425;1426;1427;1428;1429;1430;1431;1432;1433;1434;1435;1436;1437;1438;1439;1440;1441;1442;1443;1444;1445;1446;1447;1448;1449;1450;1451;1452",19.5840239524841,"ok",NA,"2026-08-09 21:43:11"
"vowels","SU-MCCD",0.02,1452,12,1,0.316500711237553,0.658250355618777,0.19311502938707,1007,1,1452,"1452","28;29;30;31;32;33;50;51;52;53;54;55;56;57;58;59;60;61;62;64;71;72;73;74;76;77;89;93;94;156;157;158;159;160;161;162;163;164;165;166;167;168;179;180;181;182;183;184;185;214;215;216;217;218;219;220;221;222;223;224;225;226;227;228;229;230;231;299;300;301;302;303;304;305;407;408;417;418;524;525;526;527;528;529;530;531;532;533;534;535;536;537;538;539;540;541;542;543;544;545;546;547;548;549;550;551;552;553;554;555;556;557;558;559;560;561;562;563;564;565;566;567;568;569;570;571;572;573;574;575;576;577;578;579;580;581;582;583;584;585;586;587;588;589;590;591;592;593;594;595;596;597;598;599;600;601;602;603;604;605;606;607;608;609;610;611;612;613;614;615;616;617;618;619;620;621;622;623;624;625;626;627;628;629;630;631;632;633;634;635;636;637;638;639;640;641;642;643;644;645;646;647;648;649;650;651;652;653;654;655;656;657;658;659;660;661;662;663;664;665;666;667;668;669;670;671;672;673;674;675;676;677;678;679;680;681;682;683;684;685;686;687;688;689;690;691;692;693;694;695;696;697;698;699;700;701;702;703;704;705;706;707;708;709;710;711;712;713;714;715;716;717;718;719;720;721;722;723;724;725;726;727;728;729;730;731;732;733;734;735;736;737;738;739;740;741;742;743;744;745;746;747;748;749;750;751;752;753;754;755;756;757;758;759;760;761;762;763;764;765;766;767;768;769;770;771;772;773;774;775;776;777;778;779;780;781;782;783;784;785;786;787;788;789;790;791;792;793;794;795;796;797;798;799;800;801;802;803;804;805;806;807;808;809;810;811;812;813;814;815;816;817;818;819;820;821;822;823;824;825;826;827;828;829;830;831;832;833;834;835;836;837;838;839;840;841;842;843;844;845;846;847;848;849;850;851;852;853;854;855;856;857;858;859;860;861;862;863;864;865;866;867;868;869;870;871;872;873;874;875;876;877;878;879;880;881;882;883;884;885;886;887;888;889;890;891;892;893;894;895;896;897;898;899;900;901;902;903;904;905;906;907;908;909;910;911;912;913;914;915;916;917;918;919;920;921;922;923;924;925;926;927;928;929;930;931;932;933;934;935;936;937;938;939;940;941;942;943;944;945;946;947;948;949;950;951;952;953;954;955;956;957;958;959;960;961;962;963;964;965;966;967;968;969;970;971;972;973;974;975;976;977;978;979;980;981;982;983;984;985;986;987;988;989;990;991;992;993;994;995;996;997;998;999;1000;1001;1002;1003;1004;1005;1006;1007;1008;1009;1010;1011;1012;1013;1014;1015;1016;1017;1018;1019;1020;1021;1022;1023;1024;1025;1026;1027;1028;1029;1030;1031;1032;1033;1034;1035;1036;1037;1038;1039;1040;1041;1042;1043;1044;1045;1046;1047;1048;1049;1050;1051;1052;1053;1054;1055;1056;1057;1058;1059;1060;1061;1062;1063;1064;1065;1066;1067;1068;1069;1070;1071;1072;1073;1074;1075;1076;1077;1078;1079;1080;1081;1082;1083;1084;1085;1086;1087;1088;1089;1090;1091;1092;1093;1094;1095;1096;1097;1098;1099;1100;1101;1102;1103;1104;1105;1106;1107;1108;1109;1110;1111;1112;1113;1114;1115;1116;1117;1118;1119;1120;1121;1122;1123;1124;1125;1126;1127;1128;1129;1130;1131;1132;1133;1134;1135;1136;1137;1138;1139;1140;1141;1142;1143;1144;1145;1146;1147;1148;1149;1150;1151;1152;1153;1154;1155;1156;1157;1158;1159;1160;1161;1162;1163;1164;1165;1166;1167;1168;1169;1170;1171;1172;1173;1174;1175;1176;1177;1178;1179;1180;1181;1182;1183;1184;1185;1186;1187;1188;1189;1190;1191;1192;1193;1194;1195;1196;1197;1198;1199;1200;1201;1202;1203;1204;1205;1206;1207;1208;1209;1210;1211;1212;1213;1214;1215;1216;1217;1218;1219;1220;1221;1222;1223;1224;1225;1226;1227;1228;1229;1230;1231;1232;1233;1234;1235;1236;1237;1238;1239;1240;1241;1242;1243;1244;1245;1246;1247;1248;1249;1250;1251;1252;1253;1254;1255;1256;1257;1258;1259;1260;1261;1262;1263;1264;1265;1266;1267;1268;1269;1270;1271;1272;1273;1274;1275;1276;1277;1278;1279;1280;1281;1282;1283;1284;1285;1286;1287;1288;1289;1290;1291;1292;1293;1294;1295;1296;1297;1298;1299;1300;1301;1302;1303;1304;1305;1306;1307;1308;1309;1310;1311;1312;1313;1314;1315;1316;1317;1318;1319;1320;1321;1322;1323;1324;1325;1326;1327;1328;1329;1330;1331;1332;1333;1334;1335;1336;1337;1338;1339;1340;1341;1342;1343;1344;1345;1346;1347;1348;1349;1350;1351;1352;1353;1354;1355;1356;1357;1358;1359;1360;1361;1362;1363;1364;1365;1366;1367;1368;1369;1370;1371;1372;1373;1374;1375;1376;1377;1378;1379;1380;1381;1382;1383;1384;1385;1386;1387;1388;1389;1390;1391;1392;1393;1394;1395;1396;1397;1398;1399;1400;1401;1402;1403;1404;1405;1406;1407;1408;1409;1410;1411;1412;1413;1414;1415;1416;1417;1418;1419;1420;1421;1422;1423;1424;1425;1426;1427;1428;1429;1430;1431;1432;1433;1434;1435;1436;1437;1438;1439;1440;1441;1442;1443;1444;1445;1446;1447;1448;1449;1450;1451;1452",20.2905969619751,"ok",NA,"2026-08-09 21:43:32"
"vowels","SU-MCCD",0.03,1452,12,1,0.316500711237553,0.658250355618777,0.19311502938707,1007,1,1452,"1452","28;29;30;31;32;33;50;51;52;53;54;55;56;57;58;59;60;61;62;64;71;72;73;74;76;77;89;93;94;156;157;158;159;160;161;162;163;164;165;166;167;168;179;180;181;182;183;184;185;214;215;216;217;218;219;220;221;222;223;224;225;226;227;228;229;230;231;299;300;301;302;303;304;305;407;408;417;418;524;525;526;527;528;529;530;531;532;533;534;535;536;537;538;539;540;541;542;543;544;545;546;547;548;549;550;551;552;553;554;555;556;557;558;559;560;561;562;563;564;565;566;567;568;569;570;571;572;573;574;575;576;577;578;579;580;581;582;583;584;585;586;587;588;589;590;591;592;593;594;595;596;597;598;599;600;601;602;603;604;605;606;607;608;609;610;611;612;613;614;615;616;617;618;619;620;621;622;623;624;625;626;627;628;629;630;631;632;633;634;635;636;637;638;639;640;641;642;643;644;645;646;647;648;649;650;651;652;653;654;655;656;657;658;659;660;661;662;663;664;665;666;667;668;669;670;671;672;673;674;675;676;677;678;679;680;681;682;683;684;685;686;687;688;689;690;691;692;693;694;695;696;697;698;699;700;701;702;703;704;705;706;707;708;709;710;711;712;713;714;715;716;717;718;719;720;721;722;723;724;725;726;727;728;729;730;731;732;733;734;735;736;737;738;739;740;741;742;743;744;745;746;747;748;749;750;751;752;753;754;755;756;757;758;759;760;761;762;763;764;765;766;767;768;769;770;771;772;773;774;775;776;777;778;779;780;781;782;783;784;785;786;787;788;789;790;791;792;793;794;795;796;797;798;799;800;801;802;803;804;805;806;807;808;809;810;811;812;813;814;815;816;817;818;819;820;821;822;823;824;825;826;827;828;829;830;831;832;833;834;835;836;837;838;839;840;841;842;843;844;845;846;847;848;849;850;851;852;853;854;855;856;857;858;859;860;861;862;863;864;865;866;867;868;869;870;871;872;873;874;875;876;877;878;879;880;881;882;883;884;885;886;887;888;889;890;891;892;893;894;895;896;897;898;899;900;901;902;903;904;905;906;907;908;909;910;911;912;913;914;915;916;917;918;919;920;921;922;923;924;925;926;927;928;929;930;931;932;933;934;935;936;937;938;939;940;941;942;943;944;945;946;947;948;949;950;951;952;953;954;955;956;957;958;959;960;961;962;963;964;965;966;967;968;969;970;971;972;973;974;975;976;977;978;979;980;981;982;983;984;985;986;987;988;989;990;991;992;993;994;995;996;997;998;999;1000;1001;1002;1003;1004;1005;1006;1007;1008;1009;1010;1011;1012;1013;1014;1015;1016;1017;1018;1019;1020;1021;1022;1023;1024;1025;1026;1027;1028;1029;1030;1031;1032;1033;1034;1035;1036;1037;1038;1039;1040;1041;1042;1043;1044;1045;1046;1047;1048;1049;1050;1051;1052;1053;1054;1055;1056;1057;1058;1059;1060;1061;1062;1063;1064;1065;1066;1067;1068;1069;1070;1071;1072;1073;1074;1075;1076;1077;1078;1079;1080;1081;1082;1083;1084;1085;1086;1087;1088;1089;1090;1091;1092;1093;1094;1095;1096;1097;1098;1099;1100;1101;1102;1103;1104;1105;1106;1107;1108;1109;1110;1111;1112;1113;1114;1115;1116;1117;1118;1119;1120;1121;1122;1123;1124;1125;1126;1127;1128;1129;1130;1131;1132;1133;1134;1135;1136;1137;1138;1139;1140;1141;1142;1143;1144;1145;1146;1147;1148;1149;1150;1151;1152;1153;1154;1155;1156;1157;1158;1159;1160;1161;1162;1163;1164;1165;1166;1167;1168;1169;1170;1171;1172;1173;1174;1175;1176;1177;1178;1179;1180;1181;1182;1183;1184;1185;1186;1187;1188;1189;1190;1191;1192;1193;1194;1195;1196;1197;1198;1199;1200;1201;1202;1203;1204;1205;1206;1207;1208;1209;1210;1211;1212;1213;1214;1215;1216;1217;1218;1219;1220;1221;1222;1223;1224;1225;1226;1227;1228;1229;1230;1231;1232;1233;1234;1235;1236;1237;1238;1239;1240;1241;1242;1243;1244;1245;1246;1247;1248;1249;1250;1251;1252;1253;1254;1255;1256;1257;1258;1259;1260;1261;1262;1263;1264;1265;1266;1267;1268;1269;1270;1271;1272;1273;1274;1275;1276;1277;1278;1279;1280;1281;1282;1283;1284;1285;1286;1287;1288;1289;1290;1291;1292;1293;1294;1295;1296;1297;1298;1299;1300;1301;1302;1303;1304;1305;1306;1307;1308;1309;1310;1311;1312;1313;1314;1315;1316;1317;1318;1319;1320;1321;1322;1323;1324;1325;1326;1327;1328;1329;1330;1331;1332;1333;1334;1335;1336;1337;1338;1339;1340;1341;1342;1343;1344;1345;1346;1347;1348;1349;1350;1351;1352;1353;1354;1355;1356;1357;1358;1359;1360;1361;1362;1363;1364;1365;1366;1367;1368;1369;1370;1371;1372;1373;1374;1375;1376;1377;1378;1379;1380;1381;1382;1383;1384;1385;1386;1387;1388;1389;1390;1391;1392;1393;1394;1395;1396;1397;1398;1399;1400;1401;1402;1403;1404;1405;1406;1407;1408;1409;1410;1411;1412;1413;1414;1415;1416;1417;1418;1419;1420;1421;1422;1423;1424;1425;1426;1427;1428;1429;1430;1431;1432;1433;1434;1435;1436;1437;1438;1439;1440;1441;1442;1443;1444;1445;1446;1447;1448;1449;1450;1451;1452",19.9082198143005,"ok",NA,"2026-08-09 21:43:52"
"vowels","SU-MCCD",0.05,1452,12,1,0.316500711237553,0.658250355618777,0.19311502938707,1007,1,1452,"1452","28;29;30;31;32;33;50;51;52;53;54;55;56;57;58;59;60;61;62;64;71;72;73;74;76;77;89;93;94;156;157;158;159;160;161;162;163;164;165;166;167;168;179;180;181;182;183;184;185;214;215;216;217;218;219;220;221;222;223;224;225;226;227;228;229;230;231;299;300;301;302;303;304;305;407;408;417;418;524;525;526;527;528;529;530;531;532;533;534;535;536;537;538;539;540;541;542;543;544;545;546;547;548;549;550;551;552;553;554;555;556;557;558;559;560;561;562;563;564;565;566;567;568;569;570;571;572;573;574;575;576;577;578;579;580;581;582;583;584;585;586;587;588;589;590;591;592;593;594;595;596;597;598;599;600;601;602;603;604;605;606;607;608;609;610;611;612;613;614;615;616;617;618;619;620;621;622;623;624;625;626;627;628;629;630;631;632;633;634;635;636;637;638;639;640;641;642;643;644;645;646;647;648;649;650;651;652;653;654;655;656;657;658;659;660;661;662;663;664;665;666;667;668;669;670;671;672;673;674;675;676;677;678;679;680;681;682;683;684;685;686;687;688;689;690;691;692;693;694;695;696;697;698;699;700;701;702;703;704;705;706;707;708;709;710;711;712;713;714;715;716;717;718;719;720;721;722;723;724;725;726;727;728;729;730;731;732;733;734;735;736;737;738;739;740;741;742;743;744;745;746;747;748;749;750;751;752;753;754;755;756;757;758;759;760;761;762;763;764;765;766;767;768;769;770;771;772;773;774;775;776;777;778;779;780;781;782;783;784;785;786;787;788;789;790;791;792;793;794;795;796;797;798;799;800;801;802;803;804;805;806;807;808;809;810;811;812;813;814;815;816;817;818;819;820;821;822;823;824;825;826;827;828;829;830;831;832;833;834;835;836;837;838;839;840;841;842;843;844;845;846;847;848;849;850;851;852;853;854;855;856;857;858;859;860;861;862;863;864;865;866;867;868;869;870;871;872;873;874;875;876;877;878;879;880;881;882;883;884;885;886;887;888;889;890;891;892;893;894;895;896;897;898;899;900;901;902;903;904;905;906;907;908;909;910;911;912;913;914;915;916;917;918;919;920;921;922;923;924;925;926;927;928;929;930;931;932;933;934;935;936;937;938;939;940;941;942;943;944;945;946;947;948;949;950;951;952;953;954;955;956;957;958;959;960;961;962;963;964;965;966;967;968;969;970;971;972;973;974;975;976;977;978;979;980;981;982;983;984;985;986;987;988;989;990;991;992;993;994;995;996;997;998;999;1000;1001;1002;1003;1004;1005;1006;1007;1008;1009;1010;1011;1012;1013;1014;1015;1016;1017;1018;1019;1020;1021;1022;1023;1024;1025;1026;1027;1028;1029;1030;1031;1032;1033;1034;1035;1036;1037;1038;1039;1040;1041;1042;1043;1044;1045;1046;1047;1048;1049;1050;1051;1052;1053;1054;1055;1056;1057;1058;1059;1060;1061;1062;1063;1064;1065;1066;1067;1068;1069;1070;1071;1072;1073;1074;1075;1076;1077;1078;1079;1080;1081;1082;1083;1084;1085;1086;1087;1088;1089;1090;1091;1092;1093;1094;1095;1096;1097;1098;1099;1100;1101;1102;1103;1104;1105;1106;1107;1108;1109;1110;1111;1112;1113;1114;1115;1116;1117;1118;1119;1120;1121;1122;1123;1124;1125;1126;1127;1128;1129;1130;1131;1132;1133;1134;1135;1136;1137;1138;1139;1140;1141;1142;1143;1144;1145;1146;1147;1148;1149;1150;1151;1152;1153;1154;1155;1156;1157;1158;1159;1160;1161;1162;1163;1164;1165;1166;1167;1168;1169;1170;1171;1172;1173;1174;1175;1176;1177;1178;1179;1180;1181;1182;1183;1184;1185;1186;1187;1188;1189;1190;1191;1192;1193;1194;1195;1196;1197;1198;1199;1200;1201;1202;1203;1204;1205;1206;1207;1208;1209;1210;1211;1212;1213;1214;1215;1216;1217;1218;1219;1220;1221;1222;1223;1224;1225;1226;1227;1228;1229;1230;1231;1232;1233;1234;1235;1236;1237;1238;1239;1240;1241;1242;1243;1244;1245;1246;1247;1248;1249;1250;1251;1252;1253;1254;1255;1256;1257;1258;1259;1260;1261;1262;1263;1264;1265;1266;1267;1268;1269;1270;1271;1272;1273;1274;1275;1276;1277;1278;1279;1280;1281;1282;1283;1284;1285;1286;1287;1288;1289;1290;1291;1292;1293;1294;1295;1296;1297;1298;1299;1300;1301;1302;1303;1304;1305;1306;1307;1308;1309;1310;1311;1312;1313;1314;1315;1316;1317;1318;1319;1320;1321;1322;1323;1324;1325;1326;1327;1328;1329;1330;1331;1332;1333;1334;1335;1336;1337;1338;1339;1340;1341;1342;1343;1344;1345;1346;1347;1348;1349;1350;1351;1352;1353;1354;1355;1356;1357;1358;1359;1360;1361;1362;1363;1364;1365;1366;1367;1368;1369;1370;1371;1372;1373;1374;1375;1376;1377;1378;1379;1380;1381;1382;1383;1384;1385;1386;1387;1388;1389;1390;1391;1392;1393;1394;1395;1396;1397;1398;1399;1400;1401;1402;1403;1404;1405;1406;1407;1408;1409;1410;1411;1412;1413;1414;1415;1416;1417;1418;1419;1420;1421;1422;1423;1424;1425;1426;1427;1428;1429;1430;1431;1432;1433;1434;1435;1436;1437;1438;1439;1440;1441;1442;1443;1444;1445;1446;1447;1448;1449;1450;1451;1452",20.1129250526428,"ok",NA,"2026-08-09 21:44:12"
"vowels","SU-MCCD",0.0625,1452,12,1,0.316500711237553,0.658250355618777,0.19311502938707,1007,1,1452,"1452","28;29;30;31;32;33;50;51;52;53;54;55;56;57;58;59;60;61;62;64;71;72;73;74;76;77;89;93;94;156;157;158;159;160;161;162;163;164;165;166;167;168;179;180;181;182;183;184;185;214;215;216;217;218;219;220;221;222;223;224;225;226;227;228;229;230;231;299;300;301;302;303;304;305;407;408;417;418;524;525;526;527;528;529;530;531;532;533;534;535;536;537;538;539;540;541;542;543;544;545;546;547;548;549;550;551;552;553;554;555;556;557;558;559;560;561;562;563;564;565;566;567;568;569;570;571;572;573;574;575;576;577;578;579;580;581;582;583;584;585;586;587;588;589;590;591;592;593;594;595;596;597;598;599;600;601;602;603;604;605;606;607;608;609;610;611;612;613;614;615;616;617;618;619;620;621;622;623;624;625;626;627;628;629;630;631;632;633;634;635;636;637;638;639;640;641;642;643;644;645;646;647;648;649;650;651;652;653;654;655;656;657;658;659;660;661;662;663;664;665;666;667;668;669;670;671;672;673;674;675;676;677;678;679;680;681;682;683;684;685;686;687;688;689;690;691;692;693;694;695;696;697;698;699;700;701;702;703;704;705;706;707;708;709;710;711;712;713;714;715;716;717;718;719;720;721;722;723;724;725;726;727;728;729;730;731;732;733;734;735;736;737;738;739;740;741;742;743;744;745;746;747;748;749;750;751;752;753;754;755;756;757;758;759;760;761;762;763;764;765;766;767;768;769;770;771;772;773;774;775;776;777;778;779;780;781;782;783;784;785;786;787;788;789;790;791;792;793;794;795;796;797;798;799;800;801;802;803;804;805;806;807;808;809;810;811;812;813;814;815;816;817;818;819;820;821;822;823;824;825;826;827;828;829;830;831;832;833;834;835;836;837;838;839;840;841;842;843;844;845;846;847;848;849;850;851;852;853;854;855;856;857;858;859;860;861;862;863;864;865;866;867;868;869;870;871;872;873;874;875;876;877;878;879;880;881;882;883;884;885;886;887;888;889;890;891;892;893;894;895;896;897;898;899;900;901;902;903;904;905;906;907;908;909;910;911;912;913;914;915;916;917;918;919;920;921;922;923;924;925;926;927;928;929;930;931;932;933;934;935;936;937;938;939;940;941;942;943;944;945;946;947;948;949;950;951;952;953;954;955;956;957;958;959;960;961;962;963;964;965;966;967;968;969;970;971;972;973;974;975;976;977;978;979;980;981;982;983;984;985;986;987;988;989;990;991;992;993;994;995;996;997;998;999;1000;1001;1002;1003;1004;1005;1006;1007;1008;1009;1010;1011;1012;1013;1014;1015;1016;1017;1018;1019;1020;1021;1022;1023;1024;1025;1026;1027;1028;1029;1030;1031;1032;1033;1034;1035;1036;1037;1038;1039;1040;1041;1042;1043;1044;1045;1046;1047;1048;1049;1050;1051;1052;1053;1054;1055;1056;1057;1058;1059;1060;1061;1062;1063;1064;1065;1066;1067;1068;1069;1070;1071;1072;1073;1074;1075;1076;1077;1078;1079;1080;1081;1082;1083;1084;1085;1086;1087;1088;1089;1090;1091;1092;1093;1094;1095;1096;1097;1098;1099;1100;1101;1102;1103;1104;1105;1106;1107;1108;1109;1110;1111;1112;1113;1114;1115;1116;1117;1118;1119;1120;1121;1122;1123;1124;1125;1126;1127;1128;1129;1130;1131;1132;1133;1134;1135;1136;1137;1138;1139;1140;1141;1142;1143;1144;1145;1146;1147;1148;1149;1150;1151;1152;1153;1154;1155;1156;1157;1158;1159;1160;1161;1162;1163;1164;1165;1166;1167;1168;1169;1170;1171;1172;1173;1174;1175;1176;1177;1178;1179;1180;1181;1182;1183;1184;1185;1186;1187;1188;1189;1190;1191;1192;1193;1194;1195;1196;1197;1198;1199;1200;1201;1202;1203;1204;1205;1206;1207;1208;1209;1210;1211;1212;1213;1214;1215;1216;1217;1218;1219;1220;1221;1222;1223;1224;1225;1226;1227;1228;1229;1230;1231;1232;1233;1234;1235;1236;1237;1238;1239;1240;1241;1242;1243;1244;1245;1246;1247;1248;1249;1250;1251;1252;1253;1254;1255;1256;1257;1258;1259;1260;1261;1262;1263;1264;1265;1266;1267;1268;1269;1270;1271;1272;1273;1274;1275;1276;1277;1278;1279;1280;1281;1282;1283;1284;1285;1286;1287;1288;1289;1290;1291;1292;1293;1294;1295;1296;1297;1298;1299;1300;1301;1302;1303;1304;1305;1306;1307;1308;1309;1310;1311;1312;1313;1314;1315;1316;1317;1318;1319;1320;1321;1322;1323;1324;1325;1326;1327;1328;1329;1330;1331;1332;1333;1334;1335;1336;1337;1338;1339;1340;1341;1342;1343;1344;1345;1346;1347;1348;1349;1350;1351;1352;1353;1354;1355;1356;1357;1358;1359;1360;1361;1362;1363;1364;1365;1366;1367;1368;1369;1370;1371;1372;1373;1374;1375;1376;1377;1378;1379;1380;1381;1382;1383;1384;1385;1386;1387;1388;1389;1390;1391;1392;1393;1394;1395;1396;1397;1398;1399;1400;1401;1402;1403;1404;1405;1406;1407;1408;1409;1410;1411;1412;1413;1414;1415;1416;1417;1418;1419;1420;1421;1422;1423;1424;1425;1426;1427;1428;1429;1430;1431;1432;1433;1434;1435;1436;1437;1438;1439;1440;1441;1442;1443;1444;1445;1446;1447;1448;1449;1450;1451;1452",20.0503430366516,"ok",NA,"2026-08-09 21:44:32"
"vowels","SU-MCCD",0.1,1452,12,1,0.316500711237553,0.658250355618777,0.19311502938707,1007,1,1452,"1452","28;29;30;31;32;33;50;51;52;53;54;55;56;57;58;59;60;61;62;64;71;72;73;74;76;77;89;93;94;156;157;158;159;160;161;162;163;164;165;166;167;168;179;180;181;182;183;184;185;214;215;216;217;218;219;220;221;222;223;224;225;226;227;228;229;230;231;299;300;301;302;303;304;305;407;408;417;418;524;525;526;527;528;529;530;531;532;533;534;535;536;537;538;539;540;541;542;543;544;545;546;547;548;549;550;551;552;553;554;555;556;557;558;559;560;561;562;563;564;565;566;567;568;569;570;571;572;573;574;575;576;577;578;579;580;581;582;583;584;585;586;587;588;589;590;591;592;593;594;595;596;597;598;599;600;601;602;603;604;605;606;607;608;609;610;611;612;613;614;615;616;617;618;619;620;621;622;623;624;625;626;627;628;629;630;631;632;633;634;635;636;637;638;639;640;641;642;643;644;645;646;647;648;649;650;651;652;653;654;655;656;657;658;659;660;661;662;663;664;665;666;667;668;669;670;671;672;673;674;675;676;677;678;679;680;681;682;683;684;685;686;687;688;689;690;691;692;693;694;695;696;697;698;699;700;701;702;703;704;705;706;707;708;709;710;711;712;713;714;715;716;717;718;719;720;721;722;723;724;725;726;727;728;729;730;731;732;733;734;735;736;737;738;739;740;741;742;743;744;745;746;747;748;749;750;751;752;753;754;755;756;757;758;759;760;761;762;763;764;765;766;767;768;769;770;771;772;773;774;775;776;777;778;779;780;781;782;783;784;785;786;787;788;789;790;791;792;793;794;795;796;797;798;799;800;801;802;803;804;805;806;807;808;809;810;811;812;813;814;815;816;817;818;819;820;821;822;823;824;825;826;827;828;829;830;831;832;833;834;835;836;837;838;839;840;841;842;843;844;845;846;847;848;849;850;851;852;853;854;855;856;857;858;859;860;861;862;863;864;865;866;867;868;869;870;871;872;873;874;875;876;877;878;879;880;881;882;883;884;885;886;887;888;889;890;891;892;893;894;895;896;897;898;899;900;901;902;903;904;905;906;907;908;909;910;911;912;913;914;915;916;917;918;919;920;921;922;923;924;925;926;927;928;929;930;931;932;933;934;935;936;937;938;939;940;941;942;943;944;945;946;947;948;949;950;951;952;953;954;955;956;957;958;959;960;961;962;963;964;965;966;967;968;969;970;971;972;973;974;975;976;977;978;979;980;981;982;983;984;985;986;987;988;989;990;991;992;993;994;995;996;997;998;999;1000;1001;1002;1003;1004;1005;1006;1007;1008;1009;1010;1011;1012;1013;1014;1015;1016;1017;1018;1019;1020;1021;1022;1023;1024;1025;1026;1027;1028;1029;1030;1031;1032;1033;1034;1035;1036;1037;1038;1039;1040;1041;1042;1043;1044;1045;1046;1047;1048;1049;1050;1051;1052;1053;1054;1055;1056;1057;1058;1059;1060;1061;1062;1063;1064;1065;1066;1067;1068;1069;1070;1071;1072;1073;1074;1075;1076;1077;1078;1079;1080;1081;1082;1083;1084;1085;1086;1087;1088;1089;1090;1091;1092;1093;1094;1095;1096;1097;1098;1099;1100;1101;1102;1103;1104;1105;1106;1107;1108;1109;1110;1111;1112;1113;1114;1115;1116;1117;1118;1119;1120;1121;1122;1123;1124;1125;1126;1127;1128;1129;1130;1131;1132;1133;1134;1135;1136;1137;1138;1139;1140;1141;1142;1143;1144;1145;1146;1147;1148;1149;1150;1151;1152;1153;1154;1155;1156;1157;1158;1159;1160;1161;1162;1163;1164;1165;1166;1167;1168;1169;1170;1171;1172;1173;1174;1175;1176;1177;1178;1179;1180;1181;1182;1183;1184;1185;1186;1187;1188;1189;1190;1191;1192;1193;1194;1195;1196;1197;1198;1199;1200;1201;1202;1203;1204;1205;1206;1207;1208;1209;1210;1211;1212;1213;1214;1215;1216;1217;1218;1219;1220;1221;1222;1223;1224;1225;1226;1227;1228;1229;1230;1231;1232;1233;1234;1235;1236;1237;1238;1239;1240;1241;1242;1243;1244;1245;1246;1247;1248;1249;1250;1251;1252;1253;1254;1255;1256;1257;1258;1259;1260;1261;1262;1263;1264;1265;1266;1267;1268;1269;1270;1271;1272;1273;1274;1275;1276;1277;1278;1279;1280;1281;1282;1283;1284;1285;1286;1287;1288;1289;1290;1291;1292;1293;1294;1295;1296;1297;1298;1299;1300;1301;1302;1303;1304;1305;1306;1307;1308;1309;1310;1311;1312;1313;1314;1315;1316;1317;1318;1319;1320;1321;1322;1323;1324;1325;1326;1327;1328;1329;1330;1331;1332;1333;1334;1335;1336;1337;1338;1339;1340;1341;1342;1343;1344;1345;1346;1347;1348;1349;1350;1351;1352;1353;1354;1355;1356;1357;1358;1359;1360;1361;1362;1363;1364;1365;1366;1367;1368;1369;1370;1371;1372;1373;1374;1375;1376;1377;1378;1379;1380;1381;1382;1383;1384;1385;1386;1387;1388;1389;1390;1391;1392;1393;1394;1395;1396;1397;1398;1399;1400;1401;1402;1403;1404;1405;1406;1407;1408;1409;1410;1411;1412;1413;1414;1415;1416;1417;1418;1419;1420;1421;1422;1423;1424;1425;1426;1427;1428;1429;1430;1431;1432;1433;1434;1435;1436;1437;1438;1439;1440;1441;1442;1443;1444;1445;1446;1447;1448;1449;1450;1451;1452",20.1456010341644,"ok",NA,"2026-08-09 21:44:52"
"vowels","SU-MCCD",0.15,1452,12,1,0.316500711237553,0.658250355618777,0.19311502938707,1007,1,1452,"1452","28;29;30;31;32;33;50;51;52;53;54;55;56;57;58;59;60;61;62;64;71;72;73;74;76;77;89;93;94;156;157;158;159;160;161;162;163;164;165;166;167;168;179;180;181;182;183;184;185;214;215;216;217;218;219;220;221;222;223;224;225;226;227;228;229;230;231;299;300;301;302;303;304;305;407;408;417;418;524;525;526;527;528;529;530;531;532;533;534;535;536;537;538;539;540;541;542;543;544;545;546;547;548;549;550;551;552;553;554;555;556;557;558;559;560;561;562;563;564;565;566;567;568;569;570;571;572;573;574;575;576;577;578;579;580;581;582;583;584;585;586;587;588;589;590;591;592;593;594;595;596;597;598;599;600;601;602;603;604;605;606;607;608;609;610;611;612;613;614;615;616;617;618;619;620;621;622;623;624;625;626;627;628;629;630;631;632;633;634;635;636;637;638;639;640;641;642;643;644;645;646;647;648;649;650;651;652;653;654;655;656;657;658;659;660;661;662;663;664;665;666;667;668;669;670;671;672;673;674;675;676;677;678;679;680;681;682;683;684;685;686;687;688;689;690;691;692;693;694;695;696;697;698;699;700;701;702;703;704;705;706;707;708;709;710;711;712;713;714;715;716;717;718;719;720;721;722;723;724;725;726;727;728;729;730;731;732;733;734;735;736;737;738;739;740;741;742;743;744;745;746;747;748;749;750;751;752;753;754;755;756;757;758;759;760;761;762;763;764;765;766;767;768;769;770;771;772;773;774;775;776;777;778;779;780;781;782;783;784;785;786;787;788;789;790;791;792;793;794;795;796;797;798;799;800;801;802;803;804;805;806;807;808;809;810;811;812;813;814;815;816;817;818;819;820;821;822;823;824;825;826;827;828;829;830;831;832;833;834;835;836;837;838;839;840;841;842;843;844;845;846;847;848;849;850;851;852;853;854;855;856;857;858;859;860;861;862;863;864;865;866;867;868;869;870;871;872;873;874;875;876;877;878;879;880;881;882;883;884;885;886;887;888;889;890;891;892;893;894;895;896;897;898;899;900;901;902;903;904;905;906;907;908;909;910;911;912;913;914;915;916;917;918;919;920;921;922;923;924;925;926;927;928;929;930;931;932;933;934;935;936;937;938;939;940;941;942;943;944;945;946;947;948;949;950;951;952;953;954;955;956;957;958;959;960;961;962;963;964;965;966;967;968;969;970;971;972;973;974;975;976;977;978;979;980;981;982;983;984;985;986;987;988;989;990;991;992;993;994;995;996;997;998;999;1000;1001;1002;1003;1004;1005;1006;1007;1008;1009;1010;1011;1012;1013;1014;1015;1016;1017;1018;1019;1020;1021;1022;1023;1024;1025;1026;1027;1028;1029;1030;1031;1032;1033;1034;1035;1036;1037;1038;1039;1040;1041;1042;1043;1044;1045;1046;1047;1048;1049;1050;1051;1052;1053;1054;1055;1056;1057;1058;1059;1060;1061;1062;1063;1064;1065;1066;1067;1068;1069;1070;1071;1072;1073;1074;1075;1076;1077;1078;1079;1080;1081;1082;1083;1084;1085;1086;1087;1088;1089;1090;1091;1092;1093;1094;1095;1096;1097;1098;1099;1100;1101;1102;1103;1104;1105;1106;1107;1108;1109;1110;1111;1112;1113;1114;1115;1116;1117;1118;1119;1120;1121;1122;1123;1124;1125;1126;1127;1128;1129;1130;1131;1132;1133;1134;1135;1136;1137;1138;1139;1140;1141;1142;1143;1144;1145;1146;1147;1148;1149;1150;1151;1152;1153;1154;1155;1156;1157;1158;1159;1160;1161;1162;1163;1164;1165;1166;1167;1168;1169;1170;1171;1172;1173;1174;1175;1176;1177;1178;1179;1180;1181;1182;1183;1184;1185;1186;1187;1188;1189;1190;1191;1192;1193;1194;1195;1196;1197;1198;1199;1200;1201;1202;1203;1204;1205;1206;1207;1208;1209;1210;1211;1212;1213;1214;1215;1216;1217;1218;1219;1220;1221;1222;1223;1224;1225;1226;1227;1228;1229;1230;1231;1232;1233;1234;1235;1236;1237;1238;1239;1240;1241;1242;1243;1244;1245;1246;1247;1248;1249;1250;1251;1252;1253;1254;1255;1256;1257;1258;1259;1260;1261;1262;1263;1264;1265;1266;1267;1268;1269;1270;1271;1272;1273;1274;1275;1276;1277;1278;1279;1280;1281;1282;1283;1284;1285;1286;1287;1288;1289;1290;1291;1292;1293;1294;1295;1296;1297;1298;1299;1300;1301;1302;1303;1304;1305;1306;1307;1308;1309;1310;1311;1312;1313;1314;1315;1316;1317;1318;1319;1320;1321;1322;1323;1324;1325;1326;1327;1328;1329;1330;1331;1332;1333;1334;1335;1336;1337;1338;1339;1340;1341;1342;1343;1344;1345;1346;1347;1348;1349;1350;1351;1352;1353;1354;1355;1356;1357;1358;1359;1360;1361;1362;1363;1364;1365;1366;1367;1368;1369;1370;1371;1372;1373;1374;1375;1376;1377;1378;1379;1380;1381;1382;1383;1384;1385;1386;1387;1388;1389;1390;1391;1392;1393;1394;1395;1396;1397;1398;1399;1400;1401;1402;1403;1404;1405;1406;1407;1408;1409;1410;1411;1412;1413;1414;1415;1416;1417;1418;1419;1420;1421;1422;1423;1424;1425;1426;1427;1428;1429;1430;1431;1432;1433;1434;1435;1436;1437;1438;1439;1440;1441;1442;1443;1444;1445;1446;1447;1448;1449;1450;1451;1452",20.1219799518585,"ok",NA,"2026-08-09 21:45:12"
"vowels","SU-MCCD",0.2,1452,12,1,0.316500711237553,0.658250355618777,0.19311502938707,1007,1,1452,"1452","28;29;30;31;32;33;50;51;52;53;54;55;56;57;58;59;60;61;62;64;71;72;73;74;76;77;89;93;94;156;157;158;159;160;161;162;163;164;165;166;167;168;179;180;181;182;183;184;185;214;215;216;217;218;219;220;221;222;223;224;225;226;227;228;229;230;231;299;300;301;302;303;304;305;407;408;417;418;524;525;526;527;528;529;530;531;532;533;534;535;536;537;538;539;540;541;542;543;544;545;546;547;548;549;550;551;552;553;554;555;556;557;558;559;560;561;562;563;564;565;566;567;568;569;570;571;572;573;574;575;576;577;578;579;580;581;582;583;584;585;586;587;588;589;590;591;592;593;594;595;596;597;598;599;600;601;602;603;604;605;606;607;608;609;610;611;612;613;614;615;616;617;618;619;620;621;622;623;624;625;626;627;628;629;630;631;632;633;634;635;636;637;638;639;640;641;642;643;644;645;646;647;648;649;650;651;652;653;654;655;656;657;658;659;660;661;662;663;664;665;666;667;668;669;670;671;672;673;674;675;676;677;678;679;680;681;682;683;684;685;686;687;688;689;690;691;692;693;694;695;696;697;698;699;700;701;702;703;704;705;706;707;708;709;710;711;712;713;714;715;716;717;718;719;720;721;722;723;724;725;726;727;728;729;730;731;732;733;734;735;736;737;738;739;740;741;742;743;744;745;746;747;748;749;750;751;752;753;754;755;756;757;758;759;760;761;762;763;764;765;766;767;768;769;770;771;772;773;774;775;776;777;778;779;780;781;782;783;784;785;786;787;788;789;790;791;792;793;794;795;796;797;798;799;800;801;802;803;804;805;806;807;808;809;810;811;812;813;814;815;816;817;818;819;820;821;822;823;824;825;826;827;828;829;830;831;832;833;834;835;836;837;838;839;840;841;842;843;844;845;846;847;848;849;850;851;852;853;854;855;856;857;858;859;860;861;862;863;864;865;866;867;868;869;870;871;872;873;874;875;876;877;878;879;880;881;882;883;884;885;886;887;888;889;890;891;892;893;894;895;896;897;898;899;900;901;902;903;904;905;906;907;908;909;910;911;912;913;914;915;916;917;918;919;920;921;922;923;924;925;926;927;928;929;930;931;932;933;934;935;936;937;938;939;940;941;942;943;944;945;946;947;948;949;950;951;952;953;954;955;956;957;958;959;960;961;962;963;964;965;966;967;968;969;970;971;972;973;974;975;976;977;978;979;980;981;982;983;984;985;986;987;988;989;990;991;992;993;994;995;996;997;998;999;1000;1001;1002;1003;1004;1005;1006;1007;1008;1009;1010;1011;1012;1013;1014;1015;1016;1017;1018;1019;1020;1021;1022;1023;1024;1025;1026;1027;1028;1029;1030;1031;1032;1033;1034;1035;1036;1037;1038;1039;1040;1041;1042;1043;1044;1045;1046;1047;1048;1049;1050;1051;1052;1053;1054;1055;1056;1057;1058;1059;1060;1061;1062;1063;1064;1065;1066;1067;1068;1069;1070;1071;1072;1073;1074;1075;1076;1077;1078;1079;1080;1081;1082;1083;1084;1085;1086;1087;1088;1089;1090;1091;1092;1093;1094;1095;1096;1097;1098;1099;1100;1101;1102;1103;1104;1105;1106;1107;1108;1109;1110;1111;1112;1113;1114;1115;1116;1117;1118;1119;1120;1121;1122;1123;1124;1125;1126;1127;1128;1129;1130;1131;1132;1133;1134;1135;1136;1137;1138;1139;1140;1141;1142;1143;1144;1145;1146;1147;1148;1149;1150;1151;1152;1153;1154;1155;1156;1157;1158;1159;1160;1161;1162;1163;1164;1165;1166;1167;1168;1169;1170;1171;1172;1173;1174;1175;1176;1177;1178;1179;1180;1181;1182;1183;1184;1185;1186;1187;1188;1189;1190;1191;1192;1193;1194;1195;1196;1197;1198;1199;1200;1201;1202;1203;1204;1205;1206;1207;1208;1209;1210;1211;1212;1213;1214;1215;1216;1217;1218;1219;1220;1221;1222;1223;1224;1225;1226;1227;1228;1229;1230;1231;1232;1233;1234;1235;1236;1237;1238;1239;1240;1241;1242;1243;1244;1245;1246;1247;1248;1249;1250;1251;1252;1253;1254;1255;1256;1257;1258;1259;1260;1261;1262;1263;1264;1265;1266;1267;1268;1269;1270;1271;1272;1273;1274;1275;1276;1277;1278;1279;1280;1281;1282;1283;1284;1285;1286;1287;1288;1289;1290;1291;1292;1293;1294;1295;1296;1297;1298;1299;1300;1301;1302;1303;1304;1305;1306;1307;1308;1309;1310;1311;1312;1313;1314;1315;1316;1317;1318;1319;1320;1321;1322;1323;1324;1325;1326;1327;1328;1329;1330;1331;1332;1333;1334;1335;1336;1337;1338;1339;1340;1341;1342;1343;1344;1345;1346;1347;1348;1349;1350;1351;1352;1353;1354;1355;1356;1357;1358;1359;1360;1361;1362;1363;1364;1365;1366;1367;1368;1369;1370;1371;1372;1373;1374;1375;1376;1377;1378;1379;1380;1381;1382;1383;1384;1385;1386;1387;1388;1389;1390;1391;1392;1393;1394;1395;1396;1397;1398;1399;1400;1401;1402;1403;1404;1405;1406;1407;1408;1409;1410;1411;1412;1413;1414;1415;1416;1417;1418;1419;1420;1421;1422;1423;1424;1425;1426;1427;1428;1429;1430;1431;1432;1433;1434;1435;1436;1437;1438;1439;1440;1441;1442;1443;1444;1445;1446;1447;1448;1449;1450;1451;1452",20.2862091064453,"ok",NA,"2026-08-09 21:45:33"
"vowels","SU-MCCD",0.3,1452,12,1,0.316500711237553,0.658250355618777,0.19311502938707,1007,1,1452,"1452","28;29;30;31;32;33;50;51;52;53;54;55;56;57;58;59;60;61;62;64;71;72;73;74;76;77;89;93;94;156;157;158;159;160;161;162;163;164;165;166;167;168;179;180;181;182;183;184;185;214;215;216;217;218;219;220;221;222;223;224;225;226;227;228;229;230;231;299;300;301;302;303;304;305;407;408;417;418;524;525;526;527;528;529;530;531;532;533;534;535;536;537;538;539;540;541;542;543;544;545;546;547;548;549;550;551;552;553;554;555;556;557;558;559;560;561;562;563;564;565;566;567;568;569;570;571;572;573;574;575;576;577;578;579;580;581;582;583;584;585;586;587;588;589;590;591;592;593;594;595;596;597;598;599;600;601;602;603;604;605;606;607;608;609;610;611;612;613;614;615;616;617;618;619;620;621;622;623;624;625;626;627;628;629;630;631;632;633;634;635;636;637;638;639;640;641;642;643;644;645;646;647;648;649;650;651;652;653;654;655;656;657;658;659;660;661;662;663;664;665;666;667;668;669;670;671;672;673;674;675;676;677;678;679;680;681;682;683;684;685;686;687;688;689;690;691;692;693;694;695;696;697;698;699;700;701;702;703;704;705;706;707;708;709;710;711;712;713;714;715;716;717;718;719;720;721;722;723;724;725;726;727;728;729;730;731;732;733;734;735;736;737;738;739;740;741;742;743;744;745;746;747;748;749;750;751;752;753;754;755;756;757;758;759;760;761;762;763;764;765;766;767;768;769;770;771;772;773;774;775;776;777;778;779;780;781;782;783;784;785;786;787;788;789;790;791;792;793;794;795;796;797;798;799;800;801;802;803;804;805;806;807;808;809;810;811;812;813;814;815;816;817;818;819;820;821;822;823;824;825;826;827;828;829;830;831;832;833;834;835;836;837;838;839;840;841;842;843;844;845;846;847;848;849;850;851;852;853;854;855;856;857;858;859;860;861;862;863;864;865;866;867;868;869;870;871;872;873;874;875;876;877;878;879;880;881;882;883;884;885;886;887;888;889;890;891;892;893;894;895;896;897;898;899;900;901;902;903;904;905;906;907;908;909;910;911;912;913;914;915;916;917;918;919;920;921;922;923;924;925;926;927;928;929;930;931;932;933;934;935;936;937;938;939;940;941;942;943;944;945;946;947;948;949;950;951;952;953;954;955;956;957;958;959;960;961;962;963;964;965;966;967;968;969;970;971;972;973;974;975;976;977;978;979;980;981;982;983;984;985;986;987;988;989;990;991;992;993;994;995;996;997;998;999;1000;1001;1002;1003;1004;1005;1006;1007;1008;1009;1010;1011;1012;1013;1014;1015;1016;1017;1018;1019;1020;1021;1022;1023;1024;1025;1026;1027;1028;1029;1030;1031;1032;1033;1034;1035;1036;1037;1038;1039;1040;1041;1042;1043;1044;1045;1046;1047;1048;1049;1050;1051;1052;1053;1054;1055;1056;1057;1058;1059;1060;1061;1062;1063;1064;1065;1066;1067;1068;1069;1070;1071;1072;1073;1074;1075;1076;1077;1078;1079;1080;1081;1082;1083;1084;1085;1086;1087;1088;1089;1090;1091;1092;1093;1094;1095;1096;1097;1098;1099;1100;1101;1102;1103;1104;1105;1106;1107;1108;1109;1110;1111;1112;1113;1114;1115;1116;1117;1118;1119;1120;1121;1122;1123;1124;1125;1126;1127;1128;1129;1130;1131;1132;1133;1134;1135;1136;1137;1138;1139;1140;1141;1142;1143;1144;1145;1146;1147;1148;1149;1150;1151;1152;1153;1154;1155;1156;1157;1158;1159;1160;1161;1162;1163;1164;1165;1166;1167;1168;1169;1170;1171;1172;1173;1174;1175;1176;1177;1178;1179;1180;1181;1182;1183;1184;1185;1186;1187;1188;1189;1190;1191;1192;1193;1194;1195;1196;1197;1198;1199;1200;1201;1202;1203;1204;1205;1206;1207;1208;1209;1210;1211;1212;1213;1214;1215;1216;1217;1218;1219;1220;1221;1222;1223;1224;1225;1226;1227;1228;1229;1230;1231;1232;1233;1234;1235;1236;1237;1238;1239;1240;1241;1242;1243;1244;1245;1246;1247;1248;1249;1250;1251;1252;1253;1254;1255;1256;1257;1258;1259;1260;1261;1262;1263;1264;1265;1266;1267;1268;1269;1270;1271;1272;1273;1274;1275;1276;1277;1278;1279;1280;1281;1282;1283;1284;1285;1286;1287;1288;1289;1290;1291;1292;1293;1294;1295;1296;1297;1298;1299;1300;1301;1302;1303;1304;1305;1306;1307;1308;1309;1310;1311;1312;1313;1314;1315;1316;1317;1318;1319;1320;1321;1322;1323;1324;1325;1326;1327;1328;1329;1330;1331;1332;1333;1334;1335;1336;1337;1338;1339;1340;1341;1342;1343;1344;1345;1346;1347;1348;1349;1350;1351;1352;1353;1354;1355;1356;1357;1358;1359;1360;1361;1362;1363;1364;1365;1366;1367;1368;1369;1370;1371;1372;1373;1374;1375;1376;1377;1378;1379;1380;1381;1382;1383;1384;1385;1386;1387;1388;1389;1390;1391;1392;1393;1394;1395;1396;1397;1398;1399;1400;1401;1402;1403;1404;1405;1406;1407;1408;1409;1410;1411;1412;1413;1414;1415;1416;1417;1418;1419;1420;1421;1422;1423;1424;1425;1426;1427;1428;1429;1430;1431;1432;1433;1434;1435;1436;1437;1438;1439;1440;1441;1442;1443;1444;1445;1446;1447;1448;1449;1450;1451;1452",19.6465380191803,"ok",NA,"2026-08-09 21:45:52"
"vowels","SUN-MCCD",0.005,1452,12,0.978260869565217,0.678520625889047,0.828390747727132,0.330396475770925,497,2,726,"540;912","1;2;3;4;5;6;7;8;18;19;20;21;22;23;24;25;26;27;28;34;35;36;37;38;39;40;41;50;51;52;53;54;55;56;57;58;59;60;61;62;71;72;73;74;75;89;90;91;92;93;94;95;102;103;104;105;106;107;108;109;110;111;112;113;118;119;120;121;122;123;124;125;135;136;137;138;139;140;141;142;143;144;145;146;147;156;157;158;159;160;161;162;163;164;165;166;167;168;169;170;179;180;181;182;183;184;185;186;187;198;199;200;201;202;203;204;205;206;207;208;209;214;215;216;217;218;219;220;221;222;223;224;225;226;227;228;229;230;231;232;233;234;235;236;237;238;239;240;241;242;250;251;252;253;254;255;256;257;265;266;267;268;269;270;281;282;283;284;285;286;287;288;289;290;299;300;301;302;303;304;305;306;307;308;318;319;320;321;322;323;324;325;334;335;336;337;338;350;351;352;353;368;369;370;371;372;382;383;384;385;386;398;399;400;401;402;403;404;405;406;407;408;417;418;419;420;421;422;423;424;425;426;440;441;442;443;444;457;458;459;475;476;477;478;479;480;481;482;483;491;492;493;494;495;496;497;509;510;511;512;513;514;515;516;517;518;524;525;526;527;528;529;530;531;532;533;534;535;536;537;538;539;548;549;550;551;552;553;554;565;566;567;568;570;586;588;594;607;608;609;610;611;612;613;630;631;632;633;634;635;636;637;638;639;640;641;648;666;667;668;669;670;671;672;673;674;675;676;677;678;679;699;705;706;722;723;796;797;798;834;835;836;837;844;845;846;847;848;849;857;892;893;895;896;915;928;929;930;931;936;946;968;991;992;993;1016;1030;1031;1032;1033;1034;1035;1036;1037;1038;1040;1041;1042;1043;1044;1045;1046;1047;1048;1049;1050;1051;1052;1053;1054;1055;1056;1057;1058;1060;1061;1062;1063;1064;1065;1066;1074;1084;1085;1086;1087;1095;1096;1097;1098;1099;1100;1111;1112;1157;1158;1159;1160;1161;1162;1163;1164;1165;1166;1204;1215;1216;1217;1269;1270;1276;1291;1292;1293;1294;1295;1296;1297;1312;1313;1319;1323;1325;1326;1336;1337;1378;1379;1380;1391;1392;1402;1407;1408;1409;1410;1411;1412;1413;1414;1415;1416;1417;1418;1419;1420;1421;1422;1423;1424;1425;1426;1427;1428;1429;1430;1432;1433;1434;1435;1436;1437;1438;1439;1440;1441;1442;1443;1444;1445;1446;1447;1448;1449;1450;1451;1452",17.0517330169678,"ok",NA,"2026-08-09 21:46:09"
"vowels","SUN-MCCD",0.01,1452,12,0.978260869565217,0.562588904694168,0.770424887129693,0.266587677725118,660,1,1452,"1452","28;50;51;52;53;54;55;61;62;71;72;73;74;89;168;214;215;216;217;218;219;220;221;222;223;224;225;226;227;228;229;230;231;417;418;524;525;526;527;528;529;530;531;532;533;534;535;536;537;538;539;540;541;542;543;547;548;549;550;551;552;553;554;555;556;557;558;559;560;561;562;563;564;565;566;567;568;569;570;571;572;573;574;575;576;577;578;579;580;581;582;583;584;585;586;587;588;589;590;591;592;593;594;595;596;597;598;599;600;601;602;603;604;605;606;607;608;609;610;611;612;613;614;615;616;617;618;619;620;621;622;623;624;625;626;627;628;629;630;631;632;633;634;635;636;637;638;639;640;641;642;643;644;645;646;647;648;649;650;651;652;653;654;655;656;657;658;659;660;661;662;663;664;665;666;667;668;669;670;671;672;673;674;675;676;677;678;679;680;681;682;683;684;685;686;687;688;689;690;691;692;693;694;695;696;697;698;699;700;701;702;703;704;705;706;707;708;709;710;711;712;713;714;715;716;717;718;719;720;721;722;723;724;725;726;727;728;729;730;731;732;733;734;735;736;737;738;739;740;741;742;743;744;745;746;747;748;749;750;751;752;753;754;755;756;757;758;759;760;761;762;763;764;765;766;767;768;769;770;771;772;773;774;775;776;777;778;779;780;781;782;783;784;785;786;787;788;789;790;791;792;793;794;795;796;797;798;799;800;801;802;803;804;805;806;807;808;809;810;811;812;813;814;815;816;817;818;819;820;821;822;823;824;825;826;827;828;829;830;831;832;833;834;835;836;837;840;841;842;843;844;845;846;847;848;849;850;851;852;853;854;855;856;857;858;859;860;861;862;863;864;865;866;867;868;869;870;871;872;873;874;875;876;877;878;879;880;881;882;883;884;885;886;887;888;889;890;891;892;893;894;895;896;897;898;899;900;901;902;903;904;905;906;907;908;909;910;911;912;913;914;915;916;917;918;919;920;921;922;923;924;925;926;927;928;929;930;931;932;933;934;935;936;937;938;939;940;941;942;943;944;945;946;947;948;949;950;951;952;953;954;955;956;957;958;959;960;961;962;963;964;965;966;967;968;969;970;971;972;973;974;975;976;977;978;979;980;981;982;983;984;985;986;987;988;989;990;991;992;993;994;995;996;997;998;999;1000;1001;1002;1003;1004;1005;1006;1007;1008;1009;1010;1011;1012;1013;1014;1015;1016;1017;1018;1019;1020;1021;1022;1023;1024;1025;1026;1027;1028;1029;1030;1031;1032;1033;1034;1035;1036;1037;1038;1040;1041;1042;1043;1044;1045;1046;1047;1048;1049;1050;1051;1052;1053;1054;1055;1056;1057;1058;1060;1061;1062;1084;1085;1086;1095;1096;1097;1098;1099;1100;1111;1112;1157;1158;1159;1160;1161;1162;1163;1164;1165;1166;1216;1269;1270;1291;1292;1293;1294;1295;1296;1297;1312;1313;1323;1325;1326;1336;1337;1363;1364;1365;1366;1378;1379;1380;1391;1392;1402;1407;1408;1409;1410;1411;1412;1413;1414;1415;1416;1417;1418;1419;1420;1421;1422;1423;1424;1425;1426;1427;1428;1429;1430;1432;1433;1434;1435;1436;1437;1438;1439;1440;1441;1442;1443;1444;1445;1446;1447;1448;1449;1450;1451;1452",16.2370610237122,"ok",NA,"2026-08-09 21:46:26"
"vowels","SUN-MCCD",0.02,1452,12,0.978260869565217,0.562588904694168,0.770424887129693,0.266587677725118,660,1,1452,"1452","28;50;51;52;53;54;55;61;62;71;72;73;74;89;168;214;215;216;217;218;219;220;221;222;223;224;225;226;227;228;229;230;231;417;418;524;525;526;527;528;529;530;531;532;533;534;535;536;537;538;539;540;541;542;543;547;548;549;550;551;552;553;554;555;556;557;558;559;560;561;562;563;564;565;566;567;568;569;570;571;572;573;574;575;576;577;578;579;580;581;582;583;584;585;586;587;588;589;590;591;592;593;594;595;596;597;598;599;600;601;602;603;604;605;606;607;608;609;610;611;612;613;614;615;616;617;618;619;620;621;622;623;624;625;626;627;628;629;630;631;632;633;634;635;636;637;638;639;640;641;642;643;644;645;646;647;648;649;650;651;652;653;654;655;656;657;658;659;660;661;662;663;664;665;666;667;668;669;670;671;672;673;674;675;676;677;678;679;680;681;682;683;684;685;686;687;688;689;690;691;692;693;694;695;696;697;698;699;700;701;702;703;704;705;706;707;708;709;710;711;712;713;714;715;716;717;718;719;720;721;722;723;724;725;726;727;728;729;730;731;732;733;734;735;736;737;738;739;740;741;742;743;744;745;746;747;748;749;750;751;752;753;754;755;756;757;758;759;760;761;762;763;764;765;766;767;768;769;770;771;772;773;774;775;776;777;778;779;780;781;782;783;784;785;786;787;788;789;790;791;792;793;794;795;796;797;798;799;800;801;802;803;804;805;806;807;808;809;810;811;812;813;814;815;816;817;818;819;820;821;822;823;824;825;826;827;828;829;830;831;832;833;834;835;836;837;840;841;842;843;844;845;846;847;848;849;850;851;852;853;854;855;856;857;858;859;860;861;862;863;864;865;866;867;868;869;870;871;872;873;874;875;876;877;878;879;880;881;882;883;884;885;886;887;888;889;890;891;892;893;894;895;896;897;898;899;900;901;902;903;904;905;906;907;908;909;910;911;912;913;914;915;916;917;918;919;920;921;922;923;924;925;926;927;928;929;930;931;932;933;934;935;936;937;938;939;940;941;942;943;944;945;946;947;948;949;950;951;952;953;954;955;956;957;958;959;960;961;962;963;964;965;966;967;968;969;970;971;972;973;974;975;976;977;978;979;980;981;982;983;984;985;986;987;988;989;990;991;992;993;994;995;996;997;998;999;1000;1001;1002;1003;1004;1005;1006;1007;1008;1009;1010;1011;1012;1013;1014;1015;1016;1017;1018;1019;1020;1021;1022;1023;1024;1025;1026;1027;1028;1029;1030;1031;1032;1033;1034;1035;1036;1037;1038;1040;1041;1042;1043;1044;1045;1046;1047;1048;1049;1050;1051;1052;1053;1054;1055;1056;1057;1058;1060;1061;1062;1084;1085;1086;1095;1096;1097;1098;1099;1100;1111;1112;1157;1158;1159;1160;1161;1162;1163;1164;1165;1166;1216;1269;1270;1291;1292;1293;1294;1295;1296;1297;1312;1313;1323;1325;1326;1336;1337;1363;1364;1365;1366;1378;1379;1380;1391;1392;1402;1407;1408;1409;1410;1411;1412;1413;1414;1415;1416;1417;1418;1419;1420;1421;1422;1423;1424;1425;1426;1427;1428;1429;1430;1432;1433;1434;1435;1436;1437;1438;1439;1440;1441;1442;1443;1444;1445;1446;1447;1448;1449;1450;1451;1452",16.5072212219238,"ok",NA,"2026-08-09 21:46:42"
"vowels","SUN-MCCD",0.03,1452,12,0.978260869565217,0.562588904694168,0.770424887129693,0.266587677725118,660,1,1452,"1452","28;50;51;52;53;54;55;61;62;71;72;73;74;89;168;214;215;216;217;218;219;220;221;222;223;224;225;226;227;228;229;230;231;417;418;524;525;526;527;528;529;530;531;532;533;534;535;536;537;538;539;540;541;542;543;547;548;549;550;551;552;553;554;555;556;557;558;559;560;561;562;563;564;565;566;567;568;569;570;571;572;573;574;575;576;577;578;579;580;581;582;583;584;585;586;587;588;589;590;591;592;593;594;595;596;597;598;599;600;601;602;603;604;605;606;607;608;609;610;611;612;613;614;615;616;617;618;619;620;621;622;623;624;625;626;627;628;629;630;631;632;633;634;635;636;637;638;639;640;641;642;643;644;645;646;647;648;649;650;651;652;653;654;655;656;657;658;659;660;661;662;663;664;665;666;667;668;669;670;671;672;673;674;675;676;677;678;679;680;681;682;683;684;685;686;687;688;689;690;691;692;693;694;695;696;697;698;699;700;701;702;703;704;705;706;707;708;709;710;711;712;713;714;715;716;717;718;719;720;721;722;723;724;725;726;727;728;729;730;731;732;733;734;735;736;737;738;739;740;741;742;743;744;745;746;747;748;749;750;751;752;753;754;755;756;757;758;759;760;761;762;763;764;765;766;767;768;769;770;771;772;773;774;775;776;777;778;779;780;781;782;783;784;785;786;787;788;789;790;791;792;793;794;795;796;797;798;799;800;801;802;803;804;805;806;807;808;809;810;811;812;813;814;815;816;817;818;819;820;821;822;823;824;825;826;827;828;829;830;831;832;833;834;835;836;837;840;841;842;843;844;845;846;847;848;849;850;851;852;853;854;855;856;857;858;859;860;861;862;863;864;865;866;867;868;869;870;871;872;873;874;875;876;877;878;879;880;881;882;883;884;885;886;887;888;889;890;891;892;893;894;895;896;897;898;899;900;901;902;903;904;905;906;907;908;909;910;911;912;913;914;915;916;917;918;919;920;921;922;923;924;925;926;927;928;929;930;931;932;933;934;935;936;937;938;939;940;941;942;943;944;945;946;947;948;949;950;951;952;953;954;955;956;957;958;959;960;961;962;963;964;965;966;967;968;969;970;971;972;973;974;975;976;977;978;979;980;981;982;983;984;985;986;987;988;989;990;991;992;993;994;995;996;997;998;999;1000;1001;1002;1003;1004;1005;1006;1007;1008;1009;1010;1011;1012;1013;1014;1015;1016;1017;1018;1019;1020;1021;1022;1023;1024;1025;1026;1027;1028;1029;1030;1031;1032;1033;1034;1035;1036;1037;1038;1040;1041;1042;1043;1044;1045;1046;1047;1048;1049;1050;1051;1052;1053;1054;1055;1056;1057;1058;1060;1061;1062;1084;1085;1086;1095;1096;1097;1098;1099;1100;1111;1112;1157;1158;1159;1160;1161;1162;1163;1164;1165;1166;1216;1269;1270;1291;1292;1293;1294;1295;1296;1297;1312;1313;1323;1325;1326;1336;1337;1363;1364;1365;1366;1378;1379;1380;1391;1392;1402;1407;1408;1409;1410;1411;1412;1413;1414;1415;1416;1417;1418;1419;1420;1421;1422;1423;1424;1425;1426;1427;1428;1429;1430;1432;1433;1434;1435;1436;1437;1438;1439;1440;1441;1442;1443;1444;1445;1446;1447;1448;1449;1450;1451;1452",16.8405928611755,"ok",NA,"2026-08-09 21:46:59"
"vowels","SUN-MCCD",0.05,1452,12,0.978260869565217,0.562588904694168,0.770424887129693,0.266587677725118,660,1,1452,"1452","28;50;51;52;53;54;55;61;62;71;72;73;74;89;168;214;215;216;217;218;219;220;221;222;223;224;225;226;227;228;229;230;231;417;418;524;525;526;527;528;529;530;531;532;533;534;535;536;537;538;539;540;541;542;543;547;548;549;550;551;552;553;554;555;556;557;558;559;560;561;562;563;564;565;566;567;568;569;570;571;572;573;574;575;576;577;578;579;580;581;582;583;584;585;586;587;588;589;590;591;592;593;594;595;596;597;598;599;600;601;602;603;604;605;606;607;608;609;610;611;612;613;614;615;616;617;618;619;620;621;622;623;624;625;626;627;628;629;630;631;632;633;634;635;636;637;638;639;640;641;642;643;644;645;646;647;648;649;650;651;652;653;654;655;656;657;658;659;660;661;662;663;664;665;666;667;668;669;670;671;672;673;674;675;676;677;678;679;680;681;682;683;684;685;686;687;688;689;690;691;692;693;694;695;696;697;698;699;700;701;702;703;704;705;706;707;708;709;710;711;712;713;714;715;716;717;718;719;720;721;722;723;724;725;726;727;728;729;730;731;732;733;734;735;736;737;738;739;740;741;742;743;744;745;746;747;748;749;750;751;752;753;754;755;756;757;758;759;760;761;762;763;764;765;766;767;768;769;770;771;772;773;774;775;776;777;778;779;780;781;782;783;784;785;786;787;788;789;790;791;792;793;794;795;796;797;798;799;800;801;802;803;804;805;806;807;808;809;810;811;812;813;814;815;816;817;818;819;820;821;822;823;824;825;826;827;828;829;830;831;832;833;834;835;836;837;840;841;842;843;844;845;846;847;848;849;850;851;852;853;854;855;856;857;858;859;860;861;862;863;864;865;866;867;868;869;870;871;872;873;874;875;876;877;878;879;880;881;882;883;884;885;886;887;888;889;890;891;892;893;894;895;896;897;898;899;900;901;902;903;904;905;906;907;908;909;910;911;912;913;914;915;916;917;918;919;920;921;922;923;924;925;926;927;928;929;930;931;932;933;934;935;936;937;938;939;940;941;942;943;944;945;946;947;948;949;950;951;952;953;954;955;956;957;958;959;960;961;962;963;964;965;966;967;968;969;970;971;972;973;974;975;976;977;978;979;980;981;982;983;984;985;986;987;988;989;990;991;992;993;994;995;996;997;998;999;1000;1001;1002;1003;1004;1005;1006;1007;1008;1009;1010;1011;1012;1013;1014;1015;1016;1017;1018;1019;1020;1021;1022;1023;1024;1025;1026;1027;1028;1029;1030;1031;1032;1033;1034;1035;1036;1037;1038;1040;1041;1042;1043;1044;1045;1046;1047;1048;1049;1050;1051;1052;1053;1054;1055;1056;1057;1058;1060;1061;1062;1084;1085;1086;1095;1096;1097;1098;1099;1100;1111;1112;1157;1158;1159;1160;1161;1162;1163;1164;1165;1166;1216;1269;1270;1291;1292;1293;1294;1295;1296;1297;1312;1313;1323;1325;1326;1336;1337;1363;1364;1365;1366;1378;1379;1380;1391;1392;1402;1407;1408;1409;1410;1411;1412;1413;1414;1415;1416;1417;1418;1419;1420;1421;1422;1423;1424;1425;1426;1427;1428;1429;1430;1432;1433;1434;1435;1436;1437;1438;1439;1440;1441;1442;1443;1444;1445;1446;1447;1448;1449;1450;1451;1452",17.174143075943,"ok",NA,"2026-08-09 21:47:16"
"vowels","SUN-MCCD",0.0625,1452,12,0.978260869565217,0.562588904694168,0.770424887129693,0.266587677725118,660,1,1452,"1452","28;50;51;52;53;54;55;61;62;71;72;73;74;89;168;214;215;216;217;218;219;220;221;222;223;224;225;226;227;228;229;230;231;417;418;524;525;526;527;528;529;530;531;532;533;534;535;536;537;538;539;540;541;542;543;547;548;549;550;551;552;553;554;555;556;557;558;559;560;561;562;563;564;565;566;567;568;569;570;571;572;573;574;575;576;577;578;579;580;581;582;583;584;585;586;587;588;589;590;591;592;593;594;595;596;597;598;599;600;601;602;603;604;605;606;607;608;609;610;611;612;613;614;615;616;617;618;619;620;621;622;623;624;625;626;627;628;629;630;631;632;633;634;635;636;637;638;639;640;641;642;643;644;645;646;647;648;649;650;651;652;653;654;655;656;657;658;659;660;661;662;663;664;665;666;667;668;669;670;671;672;673;674;675;676;677;678;679;680;681;682;683;684;685;686;687;688;689;690;691;692;693;694;695;696;697;698;699;700;701;702;703;704;705;706;707;708;709;710;711;712;713;714;715;716;717;718;719;720;721;722;723;724;725;726;727;728;729;730;731;732;733;734;735;736;737;738;739;740;741;742;743;744;745;746;747;748;749;750;751;752;753;754;755;756;757;758;759;760;761;762;763;764;765;766;767;768;769;770;771;772;773;774;775;776;777;778;779;780;781;782;783;784;785;786;787;788;789;790;791;792;793;794;795;796;797;798;799;800;801;802;803;804;805;806;807;808;809;810;811;812;813;814;815;816;817;818;819;820;821;822;823;824;825;826;827;828;829;830;831;832;833;834;835;836;837;840;841;842;843;844;845;846;847;848;849;850;851;852;853;854;855;856;857;858;859;860;861;862;863;864;865;866;867;868;869;870;871;872;873;874;875;876;877;878;879;880;881;882;883;884;885;886;887;888;889;890;891;892;893;894;895;896;897;898;899;900;901;902;903;904;905;906;907;908;909;910;911;912;913;914;915;916;917;918;919;920;921;922;923;924;925;926;927;928;929;930;931;932;933;934;935;936;937;938;939;940;941;942;943;944;945;946;947;948;949;950;951;952;953;954;955;956;957;958;959;960;961;962;963;964;965;966;967;968;969;970;971;972;973;974;975;976;977;978;979;980;981;982;983;984;985;986;987;988;989;990;991;992;993;994;995;996;997;998;999;1000;1001;1002;1003;1004;1005;1006;1007;1008;1009;1010;1011;1012;1013;1014;1015;1016;1017;1018;1019;1020;1021;1022;1023;1024;1025;1026;1027;1028;1029;1030;1031;1032;1033;1034;1035;1036;1037;1038;1040;1041;1042;1043;1044;1045;1046;1047;1048;1049;1050;1051;1052;1053;1054;1055;1056;1057;1058;1060;1061;1062;1084;1085;1086;1095;1096;1097;1098;1099;1100;1111;1112;1157;1158;1159;1160;1161;1162;1163;1164;1165;1166;1216;1269;1270;1291;1292;1293;1294;1295;1296;1297;1312;1313;1323;1325;1326;1336;1337;1363;1364;1365;1366;1378;1379;1380;1391;1392;1402;1407;1408;1409;1410;1411;1412;1413;1414;1415;1416;1417;1418;1419;1420;1421;1422;1423;1424;1425;1426;1427;1428;1429;1430;1432;1433;1434;1435;1436;1437;1438;1439;1440;1441;1442;1443;1444;1445;1446;1447;1448;1449;1450;1451;1452",16.2453880310059,"ok",NA,"2026-08-09 21:47:32"
"vowels","SUN-MCCD",0.1,1452,12,0.978260869565217,0.562588904694168,0.770424887129693,0.266587677725118,660,1,1452,"1452","28;50;51;52;53;54;55;61;62;71;72;73;74;89;168;214;215;216;217;218;219;220;221;222;223;224;225;226;227;228;229;230;231;417;418;524;525;526;527;528;529;530;531;532;533;534;535;536;537;538;539;540;541;542;543;547;548;549;550;551;552;553;554;555;556;557;558;559;560;561;562;563;564;565;566;567;568;569;570;571;572;573;574;575;576;577;578;579;580;581;582;583;584;585;586;587;588;589;590;591;592;593;594;595;596;597;598;599;600;601;602;603;604;605;606;607;608;609;610;611;612;613;614;615;616;617;618;619;620;621;622;623;624;625;626;627;628;629;630;631;632;633;634;635;636;637;638;639;640;641;642;643;644;645;646;647;648;649;650;651;652;653;654;655;656;657;658;659;660;661;662;663;664;665;666;667;668;669;670;671;672;673;674;675;676;677;678;679;680;681;682;683;684;685;686;687;688;689;690;691;692;693;694;695;696;697;698;699;700;701;702;703;704;705;706;707;708;709;710;711;712;713;714;715;716;717;718;719;720;721;722;723;724;725;726;727;728;729;730;731;732;733;734;735;736;737;738;739;740;741;742;743;744;745;746;747;748;749;750;751;752;753;754;755;756;757;758;759;760;761;762;763;764;765;766;767;768;769;770;771;772;773;774;775;776;777;778;779;780;781;782;783;784;785;786;787;788;789;790;791;792;793;794;795;796;797;798;799;800;801;802;803;804;805;806;807;808;809;810;811;812;813;814;815;816;817;818;819;820;821;822;823;824;825;826;827;828;829;830;831;832;833;834;835;836;837;840;841;842;843;844;845;846;847;848;849;850;851;852;853;854;855;856;857;858;859;860;861;862;863;864;865;866;867;868;869;870;871;872;873;874;875;876;877;878;879;880;881;882;883;884;885;886;887;888;889;890;891;892;893;894;895;896;897;898;899;900;901;902;903;904;905;906;907;908;909;910;911;912;913;914;915;916;917;918;919;920;921;922;923;924;925;926;927;928;929;930;931;932;933;934;935;936;937;938;939;940;941;942;943;944;945;946;947;948;949;950;951;952;953;954;955;956;957;958;959;960;961;962;963;964;965;966;967;968;969;970;971;972;973;974;975;976;977;978;979;980;981;982;983;984;985;986;987;988;989;990;991;992;993;994;995;996;997;998;999;1000;1001;1002;1003;1004;1005;1006;1007;1008;1009;1010;1011;1012;1013;1014;1015;1016;1017;1018;1019;1020;1021;1022;1023;1024;1025;1026;1027;1028;1029;1030;1031;1032;1033;1034;1035;1036;1037;1038;1040;1041;1042;1043;1044;1045;1046;1047;1048;1049;1050;1051;1052;1053;1054;1055;1056;1057;1058;1060;1061;1062;1084;1085;1086;1095;1096;1097;1098;1099;1100;1111;1112;1157;1158;1159;1160;1161;1162;1163;1164;1165;1166;1216;1269;1270;1291;1292;1293;1294;1295;1296;1297;1312;1313;1323;1325;1326;1336;1337;1363;1364;1365;1366;1378;1379;1380;1391;1392;1402;1407;1408;1409;1410;1411;1412;1413;1414;1415;1416;1417;1418;1419;1420;1421;1422;1423;1424;1425;1426;1427;1428;1429;1430;1432;1433;1434;1435;1436;1437;1438;1439;1440;1441;1442;1443;1444;1445;1446;1447;1448;1449;1450;1451;1452",16.1951169967651,"ok",NA,"2026-08-09 21:47:49"
"vowels","SUN-MCCD",0.15,1452,12,0.978260869565217,0.562588904694168,0.770424887129693,0.266587677725118,660,1,1452,"1452","28;50;51;52;53;54;55;61;62;71;72;73;74;89;168;214;215;216;217;218;219;220;221;222;223;224;225;226;227;228;229;230;231;417;418;524;525;526;527;528;529;530;531;532;533;534;535;536;537;538;539;540;541;542;543;547;548;549;550;551;552;553;554;555;556;557;558;559;560;561;562;563;564;565;566;567;568;569;570;571;572;573;574;575;576;577;578;579;580;581;582;583;584;585;586;587;588;589;590;591;592;593;594;595;596;597;598;599;600;601;602;603;604;605;606;607;608;609;610;611;612;613;614;615;616;617;618;619;620;621;622;623;624;625;626;627;628;629;630;631;632;633;634;635;636;637;638;639;640;641;642;643;644;645;646;647;648;649;650;651;652;653;654;655;656;657;658;659;660;661;662;663;664;665;666;667;668;669;670;671;672;673;674;675;676;677;678;679;680;681;682;683;684;685;686;687;688;689;690;691;692;693;694;695;696;697;698;699;700;701;702;703;704;705;706;707;708;709;710;711;712;713;714;715;716;717;718;719;720;721;722;723;724;725;726;727;728;729;730;731;732;733;734;735;736;737;738;739;740;741;742;743;744;745;746;747;748;749;750;751;752;753;754;755;756;757;758;759;760;761;762;763;764;765;766;767;768;769;770;771;772;773;774;775;776;777;778;779;780;781;782;783;784;785;786;787;788;789;790;791;792;793;794;795;796;797;798;799;800;801;802;803;804;805;806;807;808;809;810;811;812;813;814;815;816;817;818;819;820;821;822;823;824;825;826;827;828;829;830;831;832;833;834;835;836;837;840;841;842;843;844;845;846;847;848;849;850;851;852;853;854;855;856;857;858;859;860;861;862;863;864;865;866;867;868;869;870;871;872;873;874;875;876;877;878;879;880;881;882;883;884;885;886;887;888;889;890;891;892;893;894;895;896;897;898;899;900;901;902;903;904;905;906;907;908;909;910;911;912;913;914;915;916;917;918;919;920;921;922;923;924;925;926;927;928;929;930;931;932;933;934;935;936;937;938;939;940;941;942;943;944;945;946;947;948;949;950;951;952;953;954;955;956;957;958;959;960;961;962;963;964;965;966;967;968;969;970;971;972;973;974;975;976;977;978;979;980;981;982;983;984;985;986;987;988;989;990;991;992;993;994;995;996;997;998;999;1000;1001;1002;1003;1004;1005;1006;1007;1008;1009;1010;1011;1012;1013;1014;1015;1016;1017;1018;1019;1020;1021;1022;1023;1024;1025;1026;1027;1028;1029;1030;1031;1032;1033;1034;1035;1036;1037;1038;1040;1041;1042;1043;1044;1045;1046;1047;1048;1049;1050;1051;1052;1053;1054;1055;1056;1057;1058;1060;1061;1062;1084;1085;1086;1095;1096;1097;1098;1099;1100;1111;1112;1157;1158;1159;1160;1161;1162;1163;1164;1165;1166;1216;1269;1270;1291;1292;1293;1294;1295;1296;1297;1312;1313;1323;1325;1326;1336;1337;1363;1364;1365;1366;1378;1379;1380;1391;1392;1402;1407;1408;1409;1410;1411;1412;1413;1414;1415;1416;1417;1418;1419;1420;1421;1422;1423;1424;1425;1426;1427;1428;1429;1430;1432;1433;1434;1435;1436;1437;1438;1439;1440;1441;1442;1443;1444;1445;1446;1447;1448;1449;1450;1451;1452",16.2793300151825,"ok",NA,"2026-08-09 21:48:05"
"vowels","SUN-MCCD",0.2,1452,12,0.978260869565217,0.562588904694168,0.770424887129693,0.266587677725118,660,1,1452,"1452","28;50;51;52;53;54;55;61;62;71;72;73;74;89;168;214;215;216;217;218;219;220;221;222;223;224;225;226;227;228;229;230;231;417;418;524;525;526;527;528;529;530;531;532;533;534;535;536;537;538;539;540;541;542;543;547;548;549;550;551;552;553;554;555;556;557;558;559;560;561;562;563;564;565;566;567;568;569;570;571;572;573;574;575;576;577;578;579;580;581;582;583;584;585;586;587;588;589;590;591;592;593;594;595;596;597;598;599;600;601;602;603;604;605;606;607;608;609;610;611;612;613;614;615;616;617;618;619;620;621;622;623;624;625;626;627;628;629;630;631;632;633;634;635;636;637;638;639;640;641;642;643;644;645;646;647;648;649;650;651;652;653;654;655;656;657;658;659;660;661;662;663;664;665;666;667;668;669;670;671;672;673;674;675;676;677;678;679;680;681;682;683;684;685;686;687;688;689;690;691;692;693;694;695;696;697;698;699;700;701;702;703;704;705;706;707;708;709;710;711;712;713;714;715;716;717;718;719;720;721;722;723;724;725;726;727;728;729;730;731;732;733;734;735;736;737;738;739;740;741;742;743;744;745;746;747;748;749;750;751;752;753;754;755;756;757;758;759;760;761;762;763;764;765;766;767;768;769;770;771;772;773;774;775;776;777;778;779;780;781;782;783;784;785;786;787;788;789;790;791;792;793;794;795;796;797;798;799;800;801;802;803;804;805;806;807;808;809;810;811;812;813;814;815;816;817;818;819;820;821;822;823;824;825;826;827;828;829;830;831;832;833;834;835;836;837;840;841;842;843;844;845;846;847;848;849;850;851;852;853;854;855;856;857;858;859;860;861;862;863;864;865;866;867;868;869;870;871;872;873;874;875;876;877;878;879;880;881;882;883;884;885;886;887;888;889;890;891;892;893;894;895;896;897;898;899;900;901;902;903;904;905;906;907;908;909;910;911;912;913;914;915;916;917;918;919;920;921;922;923;924;925;926;927;928;929;930;931;932;933;934;935;936;937;938;939;940;941;942;943;944;945;946;947;948;949;950;951;952;953;954;955;956;957;958;959;960;961;962;963;964;965;966;967;968;969;970;971;972;973;974;975;976;977;978;979;980;981;982;983;984;985;986;987;988;989;990;991;992;993;994;995;996;997;998;999;1000;1001;1002;1003;1004;1005;1006;1007;1008;1009;1010;1011;1012;1013;1014;1015;1016;1017;1018;1019;1020;1021;1022;1023;1024;1025;1026;1027;1028;1029;1030;1031;1032;1033;1034;1035;1036;1037;1038;1040;1041;1042;1043;1044;1045;1046;1047;1048;1049;1050;1051;1052;1053;1054;1055;1056;1057;1058;1060;1061;1062;1084;1085;1086;1095;1096;1097;1098;1099;1100;1111;1112;1157;1158;1159;1160;1161;1162;1163;1164;1165;1166;1216;1269;1270;1291;1292;1293;1294;1295;1296;1297;1312;1313;1323;1325;1326;1336;1337;1363;1364;1365;1366;1378;1379;1380;1391;1392;1402;1407;1408;1409;1410;1411;1412;1413;1414;1415;1416;1417;1418;1419;1420;1421;1422;1423;1424;1425;1426;1427;1428;1429;1430;1432;1433;1434;1435;1436;1437;1438;1439;1440;1441;1442;1443;1444;1445;1446;1447;1448;1449;1450;1451;1452",14.8907198905945,"ok",NA,"2026-08-09 21:48:20"
"vowels","SUN-MCCD",0.3,1452,12,0.978260869565217,0.562588904694168,0.770424887129693,0.266587677725118,660,1,1452,"1452","28;50;51;52;53;54;55;61;62;71;72;73;74;89;168;214;215;216;217;218;219;220;221;222;223;224;225;226;227;228;229;230;231;417;418;524;525;526;527;528;529;530;531;532;533;534;535;536;537;538;539;540;541;542;543;547;548;549;550;551;552;553;554;555;556;557;558;559;560;561;562;563;564;565;566;567;568;569;570;571;572;573;574;575;576;577;578;579;580;581;582;583;584;585;586;587;588;589;590;591;592;593;594;595;596;597;598;599;600;601;602;603;604;605;606;607;608;609;610;611;612;613;614;615;616;617;618;619;620;621;622;623;624;625;626;627;628;629;630;631;632;633;634;635;636;637;638;639;640;641;642;643;644;645;646;647;648;649;650;651;652;653;654;655;656;657;658;659;660;661;662;663;664;665;666;667;668;669;670;671;672;673;674;675;676;677;678;679;680;681;682;683;684;685;686;687;688;689;690;691;692;693;694;695;696;697;698;699;700;701;702;703;704;705;706;707;708;709;710;711;712;713;714;715;716;717;718;719;720;721;722;723;724;725;726;727;728;729;730;731;732;733;734;735;736;737;738;739;740;741;742;743;744;745;746;747;748;749;750;751;752;753;754;755;756;757;758;759;760;761;762;763;764;765;766;767;768;769;770;771;772;773;774;775;776;777;778;779;780;781;782;783;784;785;786;787;788;789;790;791;792;793;794;795;796;797;798;799;800;801;802;803;804;805;806;807;808;809;810;811;812;813;814;815;816;817;818;819;820;821;822;823;824;825;826;827;828;829;830;831;832;833;834;835;836;837;840;841;842;843;844;845;846;847;848;849;850;851;852;853;854;855;856;857;858;859;860;861;862;863;864;865;866;867;868;869;870;871;872;873;874;875;876;877;878;879;880;881;882;883;884;885;886;887;888;889;890;891;892;893;894;895;896;897;898;899;900;901;902;903;904;905;906;907;908;909;910;911;912;913;914;915;916;917;918;919;920;921;922;923;924;925;926;927;928;929;930;931;932;933;934;935;936;937;938;939;940;941;942;943;944;945;946;947;948;949;950;951;952;953;954;955;956;957;958;959;960;961;962;963;964;965;966;967;968;969;970;971;972;973;974;975;976;977;978;979;980;981;982;983;984;985;986;987;988;989;990;991;992;993;994;995;996;997;998;999;1000;1001;1002;1003;1004;1005;1006;1007;1008;1009;1010;1011;1012;1013;1014;1015;1016;1017;1018;1019;1020;1021;1022;1023;1024;1025;1026;1027;1028;1029;1030;1031;1032;1033;1034;1035;1036;1037;1038;1040;1041;1042;1043;1044;1045;1046;1047;1048;1049;1050;1051;1052;1053;1054;1055;1056;1057;1058;1060;1061;1062;1084;1085;1086;1095;1096;1097;1098;1099;1100;1111;1112;1157;1158;1159;1160;1161;1162;1163;1164;1165;1166;1216;1269;1270;1291;1292;1293;1294;1295;1296;1297;1312;1313;1323;1325;1326;1336;1337;1363;1364;1365;1366;1378;1379;1380;1391;1392;1402;1407;1408;1409;1410;1411;1412;1413;1414;1415;1416;1417;1418;1419;1420;1421;1422;1423;1424;1425;1426;1427;1428;1429;1430;1432;1433;1434;1435;1436;1437;1438;1439;1440;1441;1442;1443;1444;1445;1446;1447;1448;1449;1450;1451;1452",14.6684999465942,"ok",NA,"2026-08-09 21:48:35"
"PenDigits","SU-MCCD",0.0625,3200,16,1,0.0792452830188679,0.539622641509434,0.0330250990752972,2948,1,3200,"3200","1;2;3;4;5;6;7;8;9;10;11;12;13;14;15;16;17;19;21;22;24;25;26;27;28;29;30;31;32;33;34;35;36;37;39;40;41;42;43;44;45;46;47;48;49;50;52;53;54;55;56;57;58;59;60;61;62;63;64;65;66;67;68;69;70;71;72;73;74;75;76;77;78;79;80;82;83;84;85;86;87;88;89;90;91;92;93;94;95;96;97;98;99;101;102;103;104;106;107;108;109;110;111;112;113;114;115;116;117;118;119;120;121;122;123;124;125;126;127;128;129;131;132;133;134;135;136;137;138;139;140;141;142;143;144;146;147;148;149;150;151;152;153;154;155;156;157;158;159;160;161;162;163;164;165;166;167;168;169;170;171;172;173;174;175;176;177;178;179;180;181;182;183;184;185;186;187;188;189;190;191;192;193;194;196;197;198;199;200;201;202;203;204;205;206;207;208;209;210;211;212;213;214;215;216;217;218;221;222;223;224;225;226;228;229;230;231;232;233;234;235;236;237;238;239;240;241;242;243;244;245;247;248;249;250;251;252;253;254;258;259;260;261;262;263;264;265;266;267;268;269;270;271;272;273;274;275;277;278;280;281;282;283;285;286;287;288;289;290;291;292;293;294;295;296;297;298;299;300;301;303;304;305;306;307;308;309;310;311;312;313;314;315;316;317;318;319;320;322;323;324;325;326;327;329;330;331;332;333;334;335;336;337;338;340;341;342;343;344;345;346;347;348;349;350;351;352;354;355;356;357;358;359;360;361;362;363;364;365;366;367;368;369;370;371;373;374;375;376;377;378;379;380;382;383;384;385;386;387;388;389;391;392;393;394;395;396;397;398;399;400;401;402;404;405;406;407;408;409;410;412;413;414;415;416;417;418;419;420;421;422;423;424;425;426;427;428;429;430;431;432;433;434;435;436;437;438;439;440;441;442;443;444;445;446;447;448;449;450;451;452;453;454;456;457;458;459;461;462;463;464;465;466;467;470;471;472;473;474;475;476;477;478;479;480;481;482;483;484;485;487;488;490;491;492;493;494;495;496;497;498;499;500;501;502;503;504;505;506;507;508;509;510;511;512;513;514;515;516;517;518;519;520;521;522;523;524;526;527;528;529;530;531;532;534;535;536;537;539;540;541;542;543;545;546;547;548;550;551;552;553;554;555;556;557;558;559;560;561;565;566;567;568;569;570;571;572;573;574;575;576;577;578;579;580;582;583;584;585;586;587;588;589;590;591;592;593;594;595;596;597;598;600;601;602;603;604;605;606;607;608;609;610;611;612;613;615;616;617;618;619;620;621;623;624;625;626;627;628;629;630;631;632;633;634;635;636;637;638;639;641;642;643;644;645;647;648;649;650;651;652;653;654;656;657;659;660;661;662;663;664;665;666;667;668;669;670;671;672;673;675;676;677;678;679;681;682;683;684;685;686;687;688;689;690;691;693;694;695;696;697;698;699;700;701;702;703;705;706;707;708;709;710;711;712;713;714;715;716;717;718;719;721;722;723;724;725;726;727;729;731;732;733;735;736;737;738;739;740;741;742;743;744;745;746;747;748;749;750;751;753;754;755;756;757;758;759;760;761;762;763;764;765;766;767;768;769;770;771;772;773;774;775;776;777;778;779;780;781;783;784;785;786;788;789;790;791;792;793;794;795;796;798;799;800;801;802;803;805;806;807;808;809;810;811;812;813;814;815;816;817;818;819;820;821;823;825;826;827;828;829;830;831;832;833;834;835;836;837;839;840;841;842;843;844;845;846;847;848;849;850;852;853;854;856;857;858;859;861;862;863;864;865;866;867;868;869;870;871;872;873;875;876;877;879;880;881;882;884;885;886;887;888;889;890;891;892;893;894;895;896;897;898;899;900;901;902;903;904;905;906;907;908;909;910;912;913;914;915;916;917;918;919;920;921;922;923;924;925;926;927;928;929;930;931;932;933;934;935;936;937;938;939;940;941;942;943;944;946;947;948;949;950;952;953;954;955;956;957;958;960;961;962;963;964;965;966;967;968;970;971;972;974;975;976;977;978;979;980;981;982;983;984;985;986;987;988;990;991;992;993;994;995;996;997;998;999;1000;1001;1002;1003;1004;1005;1006;1007;1008;1009;1010;1011;1012;1013;1014;1015;1017;1018;1019;1020;1021;1022;1023;1024;1025;1026;1027;1028;1029;1030;1031;1032;1033;1034;1035;1036;1037;1038;1039;1040;1041;1042;1043;1044;1045;1046;1047;1048;1049;1050;1051;1052;1053;1054;1056;1057;1058;1059;1060;1061;1063;1064;1065;1066;1067;1068;1069;1070;1071;1072;1073;1074;1075;1076;1077;1078;1079;1080;1081;1082;1083;1084;1085;1086;1087;1088;1089;1090;1091;1092;1093;1094;1096;1097;1098;1099;1100;1101;1102;1103;1104;1107;1108;1109;1110;1111;1112;1113;1114;1115;1116;1117;1118;1119;1120;1121;1122;1123;1124;1125;1126;1127;1129;1130;1131;1132;1133;1134;1135;1136;1137;1139;1140;1141;1142;1143;1144;1145;1146;1147;1148;1149;1150;1151;1152;1153;1154;1155;1156;1157;1158;1159;1160;1161;1162;1163;1164;1165;1166;1167;1168;1169;1170;1171;1172;1173;1174;1175;1176;1177;1179;1181;1182;1183;1184;1185;1186;1188;1189;1190;1191;1192;1193;1194;1195;1196;1197;1198;1199;1200;1201;1202;1203;1204;1205;1206;1207;1208;1209;1210;1211;1212;1213;1214;1215;1216;1217;1218;1219;1221;1222;1223;1224;1225;1226;1227;1228;1229;1230;1232;1235;1236;1237;1239;1240;1241;1242;1243;1244;1245;1246;1247;1248;1249;1250;1251;1252;1253;1254;1255;1256;1257;1258;1259;1260;1261;1262;1263;1264;1265;1266;1267;1269;1270;1272;1273;1274;1275;1276;1277;1278;1279;1280;1281;1282;1283;1284;1285;1286;1287;1288;1289;1290;1291;1292;1293;1294;1295;1296;1297;1298;1299;1301;1302;1303;1304;1305;1306;1307;1308;1309;1310;1311;1312;1313;1314;1315;1316;1317;1318;1319;1320;1322;1323;1324;1325;1326;1327;1328;1329;1330;1332;1333;1334;1335;1336;1337;1339;1340;1341;1342;1343;1345;1346;1347;1348;1349;1350;1351;1352;1355;1356;1357;1358;1359;1360;1361;1362;1363;1364;1365;1366;1367;1368;1370;1371;1372;1373;1374;1375;1376;1377;1378;1379;1380;1381;1383;1384;1387;1389;1390;1391;1392;1393;1394;1395;1396;1397;1398;1399;1400;1401;1402;1403;1404;1405;1406;1407;1408;1409;1411;1412;1414;1415;1416;1417;1418;1419;1420;1421;1422;1423;1424;1425;1427;1428;1429;1430;1431;1432;1433;1434;1435;1436;1437;1438;1439;1440;1441;1442;1443;1444;1445;1446;1447;1448;1449;1450;1451;1452;1454;1455;1456;1457;1458;1459;1461;1462;1463;1464;1465;1466;1467;1468;1469;1470;1473;1474;1475;1476;1477;1478;1479;1480;1481;1482;1483;1484;1485;1486;1487;1488;1489;1490;1491;1492;1494;1495;1496;1497;1498;1499;1500;1501;1502;1503;1504;1505;1506;1507;1508;1509;1510;1511;1512;1513;1514;1515;1516;1517;1518;1519;1520;1521;1522;1523;1524;1525;1526;1527;1528;1529;1530;1531;1532;1533;1534;1536;1537;1538;1539;1540;1541;1542;1543;1544;1545;1546;1547;1548;1549;1550;1551;1552;1553;1554;1555;1556;1557;1558;1559;1561;1562;1563;1564;1565;1566;1567;1568;1569;1570;1571;1573;1574;1575;1576;1577;1578;1579;1580;1581;1582;1583;1584;1585;1586;1587;1588;1589;1590;1591;1592;1593;1594;1595;1596;1597;1598;1599;1600;1601;1602;1603;1604;1605;1606;1607;1608;1609;1611;1612;1613;1614;1616;1617;1618;1619;1620;1621;1622;1623;1624;1625;1626;1627;1628;1629;1630;1631;1632;1633;1634;1635;1636;1637;1638;1639;1640;1641;1642;1643;1644;1645;1646;1647;1648;1649;1650;1651;1653;1654;1655;1656;1657;1658;1659;1660;1661;1662;1663;1664;1667;1668;1670;1671;1672;1673;1674;1675;1676;1677;1678;1679;1681;1683;1684;1685;1686;1687;1688;1689;1690;1691;1692;1693;1694;1695;1696;1697;1698;1699;1700;1701;1702;1703;1704;1705;1706;1707;1708;1709;1710;1711;1712;1713;1714;1715;1716;1717;1718;1719;1720;1721;1722;1723;1724;1725;1726;1727;1728;1729;1730;1731;1732;1733;1734;1735;1736;1737;1738;1740;1741;1742;1743;1744;1745;1746;1747;1749;1750;1751;1752;1754;1755;1756;1757;1758;1759;1760;1762;1763;1764;1765;1766;1767;1768;1769;1770;1771;1772;1773;1774;1775;1776;1777;1778;1779;1780;1781;1782;1783;1784;1785;1786;1787;1788;1789;1790;1791;1792;1793;1794;1795;1797;1798;1799;1801;1802;1803;1804;1805;1806;1807;1808;1810;1811;1812;1813;1814;1815;1817;1819;1820;1821;1822;1823;1824;1825;1826;1827;1828;1829;1830;1831;1832;1833;1834;1835;1836;1837;1838;1839;1840;1841;1842;1843;1844;1845;1846;1847;1848;1849;1850;1851;1852;1853;1854;1855;1856;1857;1858;1859;1860;1861;1862;1863;1864;1865;1866;1867;1868;1869;1870;1871;1872;1873;1874;1875;1876;1877;1878;1879;1880;1881;1882;1883;1884;1886;1887;1888;1889;1890;1891;1892;1893;1894;1896;1897;1898;1899;1900;1901;1902;1903;1904;1905;1907;1908;1909;1910;1911;1912;1913;1914;1915;1916;1917;1918;1919;1920;1921;1922;1923;1924;1925;1926;1928;1930;1931;1932;1933;1934;1935;1937;1938;1939;1940;1941;1942;1943;1944;1945;1946;1947;1948;1949;1950;1951;1952;1953;1954;1956;1957;1958;1959;1960;1961;1962;1963;1964;1965;1966;1967;1968;1969;1970;1971;1972;1973;1974;1975;1977;1978;1980;1981;1983;1984;1985;1986;1987;1988;1989;1990;1991;1992;1993;1995;1996;1997;1998;1999;2000;2001;2002;2003;2004;2005;2006;2007;2008;2009;2010;2011;2012;2013;2014;2015;2016;2017;2018;2019;2020;2021;2022;2023;2024;2026;2027;2028;2029;2030;2031;2032;2034;2036;2037;2038;2039;2040;2042;2043;2044;2045;2046;2047;2048;2049;2050;2052;2053;2055;2056;2057;2058;2059;2060;2061;2062;2063;2064;2065;2066;2067;2068;2069;2070;2071;2072;2073;2074;2075;2077;2078;2079;2081;2082;2084;2086;2087;2088;2089;2090;2091;2092;2093;2094;2095;2096;2097;2098;2099;2100;2101;2102;2103;2104;2105;2106;2107;2109;2111;2112;2113;2114;2116;2117;2118;2119;2120;2121;2122;2123;2124;2125;2126;2127;2129;2130;2131;2133;2134;2135;2136;2137;2138;2139;2140;2141;2142;2143;2144;2145;2146;2147;2148;2149;2150;2151;2152;2153;2154;2155;2156;2157;2158;2159;2160;2161;2162;2163;2164;2165;2166;2167;2168;2169;2170;2171;2172;2173;2174;2176;2177;2178;2179;2180;2181;2182;2183;2186;2187;2188;2190;2191;2192;2193;2194;2195;2196;2197;2198;2199;2200;2201;2202;2203;2204;2205;2207;2208;2209;2210;2211;2212;2213;2214;2215;2216;2217;2218;2219;2220;2221;2222;2223;2224;2225;2226;2227;2228;2229;2230;2231;2232;2233;2234;2235;2236;2237;2238;2239;2240;2241;2242;2243;2244;2245;2246;2247;2250;2251;2252;2253;2254;2255;2256;2257;2258;2259;2261;2262;2263;2264;2265;2266;2267;2270;2272;2273;2274;2275;2276;2277;2278;2279;2280;2281;2283;2284;2285;2286;2288;2289;2290;2291;2292;2293;2294;2295;2296;2297;2298;2299;2300;2301;2302;2304;2305;2306;2307;2308;2309;2310;2311;2312;2313;2314;2315;2316;2317;2318;2319;2322;2323;2324;2325;2326;2327;2328;2329;2330;2331;2332;2333;2334;2335;2336;2337;2338;2339;2340;2341;2342;2343;2344;2345;2346;2347;2348;2349;2350;2352;2353;2354;2355;2356;2357;2358;2359;2360;2361;2362;2363;2365;2366;2367;2368;2369;2370;2371;2373;2374;2375;2376;2378;2379;2380;2381;2382;2383;2386;2388;2390;2391;2392;2393;2394;2395;2396;2397;2399;2400;2401;2403;2404;2406;2407;2408;2409;2410;2411;2412;2413;2414;2415;2416;2418;2419;2420;2422;2423;2424;2425;2426;2427;2428;2429;2430;2431;2432;2433;2434;2435;2436;2438;2439;2440;2442;2443;2444;2445;2446;2447;2448;2449;2450;2451;2452;2453;2454;2455;2456;2457;2458;2459;2460;2461;2462;2463;2464;2465;2467;2468;2469;2470;2471;2472;2473;2474;2475;2476;2477;2479;2480;2481;2482;2483;2484;2485;2486;2487;2488;2489;2490;2491;2492;2493;2495;2496;2497;2498;2499;2500;2501;2502;2503;2504;2505;2506;2507;2508;2509;2510;2511;2512;2513;2514;2515;2516;2518;2519;2520;2521;2522;2523;2524;2525;2526;2527;2529;2530;2531;2532;2533;2534;2535;2536;2537;2538;2539;2540;2541;2542;2543;2544;2545;2546;2547;2548;2549;2550;2552;2553;2554;2556;2557;2558;2559;2560;2561;2562;2563;2565;2566;2567;2568;2569;2570;2571;2572;2573;2574;2575;2576;2577;2578;2580;2581;2582;2583;2584;2585;2586;2587;2588;2590;2591;2592;2593;2594;2595;2596;2597;2598;2599;2600;2601;2602;2603;2604;2605;2606;2607;2608;2609;2610;2611;2612;2613;2614;2615;2616;2617;2618;2619;2620;2621;2622;2624;2625;2626;2627;2628;2629;2630;2631;2632;2633;2634;2635;2636;2637;2638;2639;2641;2643;2644;2645;2646;2647;2648;2650;2651;2652;2653;2654;2655;2656;2657;2658;2659;2660;2662;2663;2664;2665;2666;2667;2668;2669;2670;2671;2672;2673;2674;2675;2676;2677;2678;2679;2680;2681;2682;2683;2684;2685;2686;2687;2688;2689;2691;2692;2693;2694;2695;2696;2697;2698;2701;2702;2703;2704;2705;2706;2707;2708;2709;2710;2711;2712;2713;2714;2715;2716;2717;2718;2719;2720;2721;2722;2723;2724;2725;2726;2727;2728;2729;2730;2732;2733;2734;2736;2737;2738;2739;2740;2741;2742;2744;2745;2746;2747;2748;2749;2750;2751;2753;2754;2755;2756;2758;2759;2760;2762;2763;2764;2765;2766;2767;2768;2770;2771;2772;2773;2774;2776;2777;2778;2779;2780;2781;2782;2783;2784;2785;2786;2787;2788;2789;2790;2791;2792;2793;2794;2795;2796;2797;2798;2799;2800;2801;2802;2803;2804;2805;2806;2807;2809;2810;2811;2812;2813;2814;2815;2816;2817;2818;2819;2820;2821;2822;2825;2826;2827;2828;2829;2830;2831;2833;2834;2835;2836;2837;2838;2839;2840;2841;2842;2843;2844;2845;2846;2847;2848;2849;2850;2851;2852;2853;2854;2855;2856;2857;2858;2859;2860;2861;2862;2863;2864;2865;2866;2867;2868;2869;2870;2871;2872;2873;2874;2875;2876;2877;2878;2881;2882;2884;2885;2886;2887;2888;2889;2890;2891;2892;2893;2894;2895;2896;2897;2898;2899;2900;2901;2902;2903;2904;2905;2906;2907;2908;2909;2910;2912;2913;2914;2915;2917;2918;2919;2920;2921;2922;2923;2924;2925;2926;2927;2928;2929;2930;2931;2932;2933;2934;2935;2936;2937;2938;2939;2940;2941;2942;2943;2944;2945;2947;2948;2949;2950;2951;2952;2953;2954;2956;2957;2958;2959;2960;2961;2962;2963;2964;2965;2966;2967;2968;2969;2970;2971;2972;2973;2974;2975;2976;2977;2978;2980;2981;2982;2983;2984;2985;2986;2987;2988;2989;2990;2991;2992;2993;2995;2996;2997;2999;3000;3001;3002;3003;3004;3005;3006;3007;3008;3009;3010;3011;3012;3013;3014;3015;3016;3017;3018;3019;3020;3022;3023;3024;3025;3026;3027;3029;3030;3031;3032;3034;3035;3036;3037;3038;3039;3040;3041;3042;3044;3045;3047;3048;3049;3050;3051;3052;3053;3054;3055;3056;3057;3058;3059;3060;3061;3062;3063;3064;3065;3066;3067;3068;3069;3071;3072;3073;3074;3075;3076;3077;3078;3079;3080;3081;3082;3083;3084;3086;3087;3090;3091;3092;3093;3094;3096;3097;3098;3099;3100;3101;3102;3103;3104;3105;3106;3107;3109;3110;3111;3112;3113;3114;3115;3116;3117;3118;3119;3121;3122;3123;3124;3125;3126;3127;3128;3129;3130;3131;3132;3133;3134;3135;3136;3137;3138;3139;3140;3141;3142;3143;3145;3146;3147;3148;3149;3150;3151;3154;3155;3156;3157;3158;3159;3160;3161;3162;3163;3164;3165;3166;3167;3168;3169;3170;3171;3172;3173;3174;3175;3176;3177;3178;3179;3180;3181;3182;3183;3184;3185;3186;3187;3188;3189;3190;3191;3192;3193;3194;3195;3196;3197;3198;3199;3200",198.288835048676,"ok",NA,"2026-08-09 21:53:08"
"PenDigits","SUN-MCCD",0.0625,3200,16,1,0.0792452830188679,0.539622641509434,0.0330250990752972,2948,1,3200,"3200","1;2;3;4;5;6;7;8;9;10;11;12;13;14;15;16;17;19;21;22;24;25;26;27;28;29;30;31;32;33;34;35;36;37;39;40;41;42;43;44;45;46;47;48;49;50;52;53;54;55;56;57;58;59;60;61;62;63;64;65;66;67;68;69;70;71;72;73;74;75;76;77;78;79;80;82;83;84;85;86;87;88;89;90;91;92;93;94;95;96;97;98;99;101;102;103;104;106;107;108;109;110;111;112;113;114;115;116;117;118;119;120;121;122;123;124;125;126;127;128;129;131;132;133;134;135;136;137;138;139;140;141;142;143;144;146;147;148;149;150;151;152;153;154;155;156;157;158;159;160;161;162;163;164;165;166;167;168;169;170;171;172;173;174;175;176;177;178;179;180;181;182;183;184;185;186;187;188;189;190;191;192;193;194;196;197;198;199;200;201;202;203;204;205;206;207;208;209;210;211;212;213;214;215;216;217;218;221;222;223;224;225;226;228;229;230;231;232;233;234;235;236;237;238;239;240;241;242;243;244;245;247;248;249;250;251;252;253;254;258;259;260;261;262;263;264;265;266;267;268;269;270;271;272;273;274;275;277;278;280;281;282;283;285;286;287;288;289;290;291;292;293;294;295;296;297;298;299;300;301;303;304;305;306;307;308;309;310;311;312;313;314;315;316;317;318;319;320;322;323;324;325;326;327;329;330;331;332;333;334;335;336;337;338;340;341;342;343;344;345;346;347;348;349;350;351;352;354;355;356;357;358;359;360;361;362;363;364;365;366;367;368;369;370;371;373;374;375;376;377;378;379;380;382;383;384;385;386;387;388;389;391;392;393;394;395;396;397;398;399;400;401;402;404;405;406;407;408;409;410;412;413;414;415;416;417;418;419;420;421;422;423;424;425;426;427;428;429;430;431;432;433;434;435;436;437;438;439;440;441;442;443;444;445;446;447;448;449;450;451;452;453;454;456;457;458;459;461;462;463;464;465;466;467;470;471;472;473;474;475;476;477;478;479;480;481;482;483;484;485;487;488;490;491;492;493;494;495;496;497;498;499;500;501;502;503;504;505;506;507;508;509;510;511;512;513;514;515;516;517;518;519;520;521;522;523;524;526;527;528;529;530;531;532;534;535;536;537;539;540;541;542;543;545;546;547;548;550;551;552;553;554;555;556;557;558;559;560;561;565;566;567;568;569;570;571;572;573;574;575;576;577;578;579;580;582;583;584;585;586;587;588;589;590;591;592;593;594;595;596;597;598;600;601;602;603;604;605;606;607;608;609;610;611;612;613;615;616;617;618;619;620;621;623;624;625;626;627;628;629;630;631;632;633;634;635;636;637;638;639;641;642;643;644;645;647;648;649;650;651;652;653;654;656;657;659;660;661;662;663;664;665;666;667;668;669;670;671;672;673;675;676;677;678;679;681;682;683;684;685;686;687;688;689;690;691;693;694;695;696;697;698;699;700;701;702;703;705;706;707;708;709;710;711;712;713;714;715;716;717;718;719;721;722;723;724;725;726;727;729;731;732;733;735;736;737;738;739;740;741;742;743;744;745;746;747;748;749;750;751;753;754;755;756;757;758;759;760;761;762;763;764;765;766;767;768;769;770;771;772;773;774;775;776;777;778;779;780;781;783;784;785;786;788;789;790;791;792;793;794;795;796;798;799;800;801;802;803;805;806;807;808;809;810;811;812;813;814;815;816;817;818;819;820;821;823;825;826;827;828;829;830;831;832;833;834;835;836;837;839;840;841;842;843;844;845;846;847;848;849;850;852;853;854;856;857;858;859;861;862;863;864;865;866;867;868;869;870;871;872;873;875;876;877;879;880;881;882;884;885;886;887;888;889;890;891;892;893;894;895;896;897;898;899;900;901;902;903;904;905;906;907;908;909;910;912;913;914;915;916;917;918;919;920;921;922;923;924;925;926;927;928;929;930;931;932;933;934;935;936;937;938;939;940;941;942;943;944;946;947;948;949;950;952;953;954;955;956;957;958;960;961;962;963;964;965;966;967;968;970;971;972;974;975;976;977;978;979;980;981;982;983;984;985;986;987;988;990;991;992;993;994;995;996;997;998;999;1000;1001;1002;1003;1004;1005;1006;1007;1008;1009;1010;1011;1012;1013;1014;1015;1017;1018;1019;1020;1021;1022;1023;1024;1025;1026;1027;1028;1029;1030;1031;1032;1033;1034;1035;1036;1037;1038;1039;1040;1041;1042;1043;1044;1045;1046;1047;1048;1049;1050;1051;1052;1053;1054;1056;1057;1058;1059;1060;1061;1063;1064;1065;1066;1067;1068;1069;1070;1071;1072;1073;1074;1075;1076;1077;1078;1079;1080;1081;1082;1083;1084;1085;1086;1087;1088;1089;1090;1091;1092;1093;1094;1096;1097;1098;1099;1100;1101;1102;1103;1104;1107;1108;1109;1110;1111;1112;1113;1114;1115;1116;1117;1118;1119;1120;1121;1122;1123;1124;1125;1126;1127;1129;1130;1131;1132;1133;1134;1135;1136;1137;1139;1140;1141;1142;1143;1144;1145;1146;1147;1148;1149;1150;1151;1152;1153;1154;1155;1156;1157;1158;1159;1160;1161;1162;1163;1164;1165;1166;1167;1168;1169;1170;1171;1172;1173;1174;1175;1176;1177;1179;1181;1182;1183;1184;1185;1186;1188;1189;1190;1191;1192;1193;1194;1195;1196;1197;1198;1199;1200;1201;1202;1203;1204;1205;1206;1207;1208;1209;1210;1211;1212;1213;1214;1215;1216;1217;1218;1219;1221;1222;1223;1224;1225;1226;1227;1228;1229;1230;1232;1235;1236;1237;1239;1240;1241;1242;1243;1244;1245;1246;1247;1248;1249;1250;1251;1252;1253;1254;1255;1256;1257;1258;1259;1260;1261;1262;1263;1264;1265;1266;1267;1269;1270;1272;1273;1274;1275;1276;1277;1278;1279;1280;1281;1282;1283;1284;1285;1286;1287;1288;1289;1290;1291;1292;1293;1294;1295;1296;1297;1298;1299;1301;1302;1303;1304;1305;1306;1307;1308;1309;1310;1311;1312;1313;1314;1315;1316;1317;1318;1319;1320;1322;1323;1324;1325;1326;1327;1328;1329;1330;1332;1333;1334;1335;1336;1337;1339;1340;1341;1342;1343;1345;1346;1347;1348;1349;1350;1351;1352;1355;1356;1357;1358;1359;1360;1361;1362;1363;1364;1365;1366;1367;1368;1370;1371;1372;1373;1374;1375;1376;1377;1378;1379;1380;1381;1383;1384;1387;1389;1390;1391;1392;1393;1394;1395;1396;1397;1398;1399;1400;1401;1402;1403;1404;1405;1406;1407;1408;1409;1411;1412;1414;1415;1416;1417;1418;1419;1420;1421;1422;1423;1424;1425;1427;1428;1429;1430;1431;1432;1433;1434;1435;1436;1437;1438;1439;1440;1441;1442;1443;1444;1445;1446;1447;1448;1449;1450;1451;1452;1454;1455;1456;1457;1458;1459;1461;1462;1463;1464;1465;1466;1467;1468;1469;1470;1473;1474;1475;1476;1477;1478;1479;1480;1481;1482;1483;1484;1485;1486;1487;1488;1489;1490;1491;1492;1494;1495;1496;1497;1498;1499;1500;1501;1502;1503;1504;1505;1506;1507;1508;1509;1510;1511;1512;1513;1514;1515;1516;1517;1518;1519;1520;1521;1522;1523;1524;1525;1526;1527;1528;1529;1530;1531;1532;1533;1534;1536;1537;1538;1539;1540;1541;1542;1543;1544;1545;1546;1547;1548;1549;1550;1551;1552;1553;1554;1555;1556;1557;1558;1559;1561;1562;1563;1564;1565;1566;1567;1568;1569;1570;1571;1573;1574;1575;1576;1577;1578;1579;1580;1581;1582;1583;1584;1585;1586;1587;1588;1589;1590;1591;1592;1593;1594;1595;1596;1597;1598;1599;1600;1601;1602;1603;1604;1605;1606;1607;1608;1609;1611;1612;1613;1614;1616;1617;1618;1619;1620;1621;1622;1623;1624;1625;1626;1627;1628;1629;1630;1631;1632;1633;1634;1635;1636;1637;1638;1639;1640;1641;1642;1643;1644;1645;1646;1647;1648;1649;1650;1651;1653;1654;1655;1656;1657;1658;1659;1660;1661;1662;1663;1664;1667;1668;1670;1671;1672;1673;1674;1675;1676;1677;1678;1679;1681;1683;1684;1685;1686;1687;1688;1689;1690;1691;1692;1693;1694;1695;1696;1697;1698;1699;1700;1701;1702;1703;1704;1705;1706;1707;1708;1709;1710;1711;1712;1713;1714;1715;1716;1717;1718;1719;1720;1721;1722;1723;1724;1725;1726;1727;1728;1729;1730;1731;1732;1733;1734;1735;1736;1737;1738;1740;1741;1742;1743;1744;1745;1746;1747;1749;1750;1751;1752;1754;1755;1756;1757;1758;1759;1760;1762;1763;1764;1765;1766;1767;1768;1769;1770;1771;1772;1773;1774;1775;1776;1777;1778;1779;1780;1781;1782;1783;1784;1785;1786;1787;1788;1789;1790;1791;1792;1793;1794;1795;1797;1798;1799;1801;1802;1803;1804;1805;1806;1807;1808;1810;1811;1812;1813;1814;1815;1817;1819;1820;1821;1822;1823;1824;1825;1826;1827;1828;1829;1830;1831;1832;1833;1834;1835;1836;1837;1838;1839;1840;1841;1842;1843;1844;1845;1846;1847;1848;1849;1850;1851;1852;1853;1854;1855;1856;1857;1858;1859;1860;1861;1862;1863;1864;1865;1866;1867;1868;1869;1870;1871;1872;1873;1874;1875;1876;1877;1878;1879;1880;1881;1882;1883;1884;1886;1887;1888;1889;1890;1891;1892;1893;1894;1896;1897;1898;1899;1900;1901;1902;1903;1904;1905;1907;1908;1909;1910;1911;1912;1913;1914;1915;1916;1917;1918;1919;1920;1921;1922;1923;1924;1925;1926;1928;1930;1931;1932;1933;1934;1935;1937;1938;1939;1940;1941;1942;1943;1944;1945;1946;1947;1948;1949;1950;1951;1952;1953;1954;1956;1957;1958;1959;1960;1961;1962;1963;1964;1965;1966;1967;1968;1969;1970;1971;1972;1973;1974;1975;1977;1978;1980;1981;1983;1984;1985;1986;1987;1988;1989;1990;1991;1992;1993;1995;1996;1997;1998;1999;2000;2001;2002;2003;2004;2005;2006;2007;2008;2009;2010;2011;2012;2013;2014;2015;2016;2017;2018;2019;2020;2021;2022;2023;2024;2026;2027;2028;2029;2030;2031;2032;2034;2036;2037;2038;2039;2040;2042;2043;2044;2045;2046;2047;2048;2049;2050;2052;2053;2055;2056;2057;2058;2059;2060;2061;2062;2063;2064;2065;2066;2067;2068;2069;2070;2071;2072;2073;2074;2075;2077;2078;2079;2081;2082;2084;2086;2087;2088;2089;2090;2091;2092;2093;2094;2095;2096;2097;2098;2099;2100;2101;2102;2103;2104;2105;2106;2107;2109;2111;2112;2113;2114;2116;2117;2118;2119;2120;2121;2122;2123;2124;2125;2126;2127;2129;2130;2131;2133;2134;2135;2136;2137;2138;2139;2140;2141;2142;2143;2144;2145;2146;2147;2148;2149;2150;2151;2152;2153;2154;2155;2156;2157;2158;2159;2160;2161;2162;2163;2164;2165;2166;2167;2168;2169;2170;2171;2172;2173;2174;2176;2177;2178;2179;2180;2181;2182;2183;2186;2187;2188;2190;2191;2192;2193;2194;2195;2196;2197;2198;2199;2200;2201;2202;2203;2204;2205;2207;2208;2209;2210;2211;2212;2213;2214;2215;2216;2217;2218;2219;2220;2221;2222;2223;2224;2225;2226;2227;2228;2229;2230;2231;2232;2233;2234;2235;2236;2237;2238;2239;2240;2241;2242;2243;2244;2245;2246;2247;2250;2251;2252;2253;2254;2255;2256;2257;2258;2259;2261;2262;2263;2264;2265;2266;2267;2270;2272;2273;2274;2275;2276;2277;2278;2279;2280;2281;2283;2284;2285;2286;2288;2289;2290;2291;2292;2293;2294;2295;2296;2297;2298;2299;2300;2301;2302;2304;2305;2306;2307;2308;2309;2310;2311;2312;2313;2314;2315;2316;2317;2318;2319;2322;2323;2324;2325;2326;2327;2328;2329;2330;2331;2332;2333;2334;2335;2336;2337;2338;2339;2340;2341;2342;2343;2344;2345;2346;2347;2348;2349;2350;2352;2353;2354;2355;2356;2357;2358;2359;2360;2361;2362;2363;2365;2366;2367;2368;2369;2370;2371;2373;2374;2375;2376;2378;2379;2380;2381;2382;2383;2386;2388;2390;2391;2392;2393;2394;2395;2396;2397;2399;2400;2401;2403;2404;2406;2407;2408;2409;2410;2411;2412;2413;2414;2415;2416;2418;2419;2420;2422;2423;2424;2425;2426;2427;2428;2429;2430;2431;2432;2433;2434;2435;2436;2438;2439;2440;2442;2443;2444;2445;2446;2447;2448;2449;2450;2451;2452;2453;2454;2455;2456;2457;2458;2459;2460;2461;2462;2463;2464;2465;2467;2468;2469;2470;2471;2472;2473;2474;2475;2476;2477;2479;2480;2481;2482;2483;2484;2485;2486;2487;2488;2489;2490;2491;2492;2493;2495;2496;2497;2498;2499;2500;2501;2502;2503;2504;2505;2506;2507;2508;2509;2510;2511;2512;2513;2514;2515;2516;2518;2519;2520;2521;2522;2523;2524;2525;2526;2527;2529;2530;2531;2532;2533;2534;2535;2536;2537;2538;2539;2540;2541;2542;2543;2544;2545;2546;2547;2548;2549;2550;2552;2553;2554;2556;2557;2558;2559;2560;2561;2562;2563;2565;2566;2567;2568;2569;2570;2571;2572;2573;2574;2575;2576;2577;2578;2580;2581;2582;2583;2584;2585;2586;2587;2588;2590;2591;2592;2593;2594;2595;2596;2597;2598;2599;2600;2601;2602;2603;2604;2605;2606;2607;2608;2609;2610;2611;2612;2613;2614;2615;2616;2617;2618;2619;2620;2621;2622;2624;2625;2626;2627;2628;2629;2630;2631;2632;2633;2634;2635;2636;2637;2638;2639;2641;2643;2644;2645;2646;2647;2648;2650;2651;2652;2653;2654;2655;2656;2657;2658;2659;2660;2662;2663;2664;2665;2666;2667;2668;2669;2670;2671;2672;2673;2674;2675;2676;2677;2678;2679;2680;2681;2682;2683;2684;2685;2686;2687;2688;2689;2691;2692;2693;2694;2695;2696;2697;2698;2701;2702;2703;2704;2705;2706;2707;2708;2709;2710;2711;2712;2713;2714;2715;2716;2717;2718;2719;2720;2721;2722;2723;2724;2725;2726;2727;2728;2729;2730;2732;2733;2734;2736;2737;2738;2739;2740;2741;2742;2744;2745;2746;2747;2748;2749;2750;2751;2753;2754;2755;2756;2758;2759;2760;2762;2763;2764;2765;2766;2767;2768;2770;2771;2772;2773;2774;2776;2777;2778;2779;2780;2781;2782;2783;2784;2785;2786;2787;2788;2789;2790;2791;2792;2793;2794;2795;2796;2797;2798;2799;2800;2801;2802;2803;2804;2805;2806;2807;2809;2810;2811;2812;2813;2814;2815;2816;2817;2818;2819;2820;2821;2822;2825;2826;2827;2828;2829;2830;2831;2833;2834;2835;2836;2837;2838;2839;2840;2841;2842;2843;2844;2845;2846;2847;2848;2849;2850;2851;2852;2853;2854;2855;2856;2857;2858;2859;2860;2861;2862;2863;2864;2865;2866;2867;2868;2869;2870;2871;2872;2873;2874;2875;2876;2877;2878;2881;2882;2884;2885;2886;2887;2888;2889;2890;2891;2892;2893;2894;2895;2896;2897;2898;2899;2900;2901;2902;2903;2904;2905;2906;2907;2908;2909;2910;2912;2913;2914;2915;2917;2918;2919;2920;2921;2922;2923;2924;2925;2926;2927;2928;2929;2930;2931;2932;2933;2934;2935;2936;2937;2938;2939;2940;2941;2942;2943;2944;2945;2947;2948;2949;2950;2951;2952;2953;2954;2956;2957;2958;2959;2960;2961;2962;2963;2964;2965;2966;2967;2968;2969;2970;2971;2972;2973;2974;2975;2976;2977;2978;2980;2981;2982;2983;2984;2985;2986;2987;2988;2989;2990;2991;2992;2993;2995;2996;2997;2999;3000;3001;3002;3003;3004;3005;3006;3007;3008;3009;3010;3011;3012;3013;3014;3015;3016;3017;3018;3019;3020;3022;3023;3024;3025;3026;3027;3029;3030;3031;3032;3034;3035;3036;3037;3038;3039;3040;3041;3042;3044;3045;3047;3048;3049;3050;3051;3052;3053;3054;3055;3056;3057;3058;3059;3060;3061;3062;3063;3064;3065;3066;3067;3068;3069;3071;3072;3073;3074;3075;3076;3077;3078;3079;3080;3081;3082;3083;3084;3086;3087;3090;3091;3092;3093;3094;3096;3097;3098;3099;3100;3101;3102;3103;3104;3105;3106;3107;3109;3110;3111;3112;3113;3114;3115;3116;3117;3118;3119;3121;3122;3123;3124;3125;3126;3127;3128;3129;3130;3131;3132;3133;3134;3135;3136;3137;3138;3139;3140;3141;3142;3143;3145;3146;3147;3148;3149;3150;3151;3154;3155;3156;3157;3158;3159;3160;3161;3162;3163;3164;3165;3166;3167;3168;3169;3170;3171;3172;3173;3174;3175;3176;3177;3178;3179;3180;3181;3182;3183;3184;3185;3186;3187;3188;3189;3190;3191;3192;3193;3194;3195;3196;3197;3198;3199;3200",198.501097917557,"ok",NA,"2026-08-09 21:56:26"
"PenDigits","SU-MCCD",0.02,3200,16,1,0.0792452830188679,0.539622641509434,0.0330250990752972,2948,1,3200,"3200","1;2;3;4;5;6;7;8;9;10;11;12;13;14;15;16;17;19;21;22;24;25;26;27;28;29;30;31;32;33;34;35;36;37;39;40;41;42;43;44;45;46;47;48;49;50;52;53;54;55;56;57;58;59;60;61;62;63;64;65;66;67;68;69;70;71;72;73;74;75;76;77;78;79;80;82;83;84;85;86;87;88;89;90;91;92;93;94;95;96;97;98;99;101;102;103;104;106;107;108;109;110;111;112;113;114;115;116;117;118;119;120;121;122;123;124;125;126;127;128;129;131;132;133;134;135;136;137;138;139;140;141;142;143;144;146;147;148;149;150;151;152;153;154;155;156;157;158;159;160;161;162;163;164;165;166;167;168;169;170;171;172;173;174;175;176;177;178;179;180;181;182;183;184;185;186;187;188;189;190;191;192;193;194;196;197;198;199;200;201;202;203;204;205;206;207;208;209;210;211;212;213;214;215;216;217;218;221;222;223;224;225;226;228;229;230;231;232;233;234;235;236;237;238;239;240;241;242;243;244;245;247;248;249;250;251;252;253;254;258;259;260;261;262;263;264;265;266;267;268;269;270;271;272;273;274;275;277;278;280;281;282;283;285;286;287;288;289;290;291;292;293;294;295;296;297;298;299;300;301;303;304;305;306;307;308;309;310;311;312;313;314;315;316;317;318;319;320;322;323;324;325;326;327;329;330;331;332;333;334;335;336;337;338;340;341;342;343;344;345;346;347;348;349;350;351;352;354;355;356;357;358;359;360;361;362;363;364;365;366;367;368;369;370;371;373;374;375;376;377;378;379;380;382;383;384;385;386;387;388;389;391;392;393;394;395;396;397;398;399;400;401;402;404;405;406;407;408;409;410;412;413;414;415;416;417;418;419;420;421;422;423;424;425;426;427;428;429;430;431;432;433;434;435;436;437;438;439;440;441;442;443;444;445;446;447;448;449;450;451;452;453;454;456;457;458;459;461;462;463;464;465;466;467;470;471;472;473;474;475;476;477;478;479;480;481;482;483;484;485;487;488;490;491;492;493;494;495;496;497;498;499;500;501;502;503;504;505;506;507;508;509;510;511;512;513;514;515;516;517;518;519;520;521;522;523;524;526;527;528;529;530;531;532;534;535;536;537;539;540;541;542;543;545;546;547;548;550;551;552;553;554;555;556;557;558;559;560;561;565;566;567;568;569;570;571;572;573;574;575;576;577;578;579;580;582;583;584;585;586;587;588;589;590;591;592;593;594;595;596;597;598;600;601;602;603;604;605;606;607;608;609;610;611;612;613;615;616;617;618;619;620;621;623;624;625;626;627;628;629;630;631;632;633;634;635;636;637;638;639;641;642;643;644;645;647;648;649;650;651;652;653;654;656;657;659;660;661;662;663;664;665;666;667;668;669;670;671;672;673;675;676;677;678;679;681;682;683;684;685;686;687;688;689;690;691;693;694;695;696;697;698;699;700;701;702;703;705;706;707;708;709;710;711;712;713;714;715;716;717;718;719;721;722;723;724;725;726;727;729;731;732;733;735;736;737;738;739;740;741;742;743;744;745;746;747;748;749;750;751;753;754;755;756;757;758;759;760;761;762;763;764;765;766;767;768;769;770;771;772;773;774;775;776;777;778;779;780;781;783;784;785;786;788;789;790;791;792;793;794;795;796;798;799;800;801;802;803;805;806;807;808;809;810;811;812;813;814;815;816;817;818;819;820;821;823;825;826;827;828;829;830;831;832;833;834;835;836;837;839;840;841;842;843;844;845;846;847;848;849;850;852;853;854;856;857;858;859;861;862;863;864;865;866;867;868;869;870;871;872;873;875;876;877;879;880;881;882;884;885;886;887;888;889;890;891;892;893;894;895;896;897;898;899;900;901;902;903;904;905;906;907;908;909;910;912;913;914;915;916;917;918;919;920;921;922;923;924;925;926;927;928;929;930;931;932;933;934;935;936;937;938;939;940;941;942;943;944;946;947;948;949;950;952;953;954;955;956;957;958;960;961;962;963;964;965;966;967;968;970;971;972;974;975;976;977;978;979;980;981;982;983;984;985;986;987;988;990;991;992;993;994;995;996;997;998;999;1000;1001;1002;1003;1004;1005;1006;1007;1008;1009;1010;1011;1012;1013;1014;1015;1017;1018;1019;1020;1021;1022;1023;1024;1025;1026;1027;1028;1029;1030;1031;1032;1033;1034;1035;1036;1037;1038;1039;1040;1041;1042;1043;1044;1045;1046;1047;1048;1049;1050;1051;1052;1053;1054;1056;1057;1058;1059;1060;1061;1063;1064;1065;1066;1067;1068;1069;1070;1071;1072;1073;1074;1075;1076;1077;1078;1079;1080;1081;1082;1083;1084;1085;1086;1087;1088;1089;1090;1091;1092;1093;1094;1096;1097;1098;1099;1100;1101;1102;1103;1104;1107;1108;1109;1110;1111;1112;1113;1114;1115;1116;1117;1118;1119;1120;1121;1122;1123;1124;1125;1126;1127;1129;1130;1131;1132;1133;1134;1135;1136;1137;1139;1140;1141;1142;1143;1144;1145;1146;1147;1148;1149;1150;1151;1152;1153;1154;1155;1156;1157;1158;1159;1160;1161;1162;1163;1164;1165;1166;1167;1168;1169;1170;1171;1172;1173;1174;1175;1176;1177;1179;1181;1182;1183;1184;1185;1186;1188;1189;1190;1191;1192;1193;1194;1195;1196;1197;1198;1199;1200;1201;1202;1203;1204;1205;1206;1207;1208;1209;1210;1211;1212;1213;1214;1215;1216;1217;1218;1219;1221;1222;1223;1224;1225;1226;1227;1228;1229;1230;1232;1235;1236;1237;1239;1240;1241;1242;1243;1244;1245;1246;1247;1248;1249;1250;1251;1252;1253;1254;1255;1256;1257;1258;1259;1260;1261;1262;1263;1264;1265;1266;1267;1269;1270;1272;1273;1274;1275;1276;1277;1278;1279;1280;1281;1282;1283;1284;1285;1286;1287;1288;1289;1290;1291;1292;1293;1294;1295;1296;1297;1298;1299;1301;1302;1303;1304;1305;1306;1307;1308;1309;1310;1311;1312;1313;1314;1315;1316;1317;1318;1319;1320;1322;1323;1324;1325;1326;1327;1328;1329;1330;1332;1333;1334;1335;1336;1337;1339;1340;1341;1342;1343;1345;1346;1347;1348;1349;1350;1351;1352;1355;1356;1357;1358;1359;1360;1361;1362;1363;1364;1365;1366;1367;1368;1370;1371;1372;1373;1374;1375;1376;1377;1378;1379;1380;1381;1383;1384;1387;1389;1390;1391;1392;1393;1394;1395;1396;1397;1398;1399;1400;1401;1402;1403;1404;1405;1406;1407;1408;1409;1411;1412;1414;1415;1416;1417;1418;1419;1420;1421;1422;1423;1424;1425;1427;1428;1429;1430;1431;1432;1433;1434;1435;1436;1437;1438;1439;1440;1441;1442;1443;1444;1445;1446;1447;1448;1449;1450;1451;1452;1454;1455;1456;1457;1458;1459;1461;1462;1463;1464;1465;1466;1467;1468;1469;1470;1473;1474;1475;1476;1477;1478;1479;1480;1481;1482;1483;1484;1485;1486;1487;1488;1489;1490;1491;1492;1494;1495;1496;1497;1498;1499;1500;1501;1502;1503;1504;1505;1506;1507;1508;1509;1510;1511;1512;1513;1514;1515;1516;1517;1518;1519;1520;1521;1522;1523;1524;1525;1526;1527;1528;1529;1530;1531;1532;1533;1534;1536;1537;1538;1539;1540;1541;1542;1543;1544;1545;1546;1547;1548;1549;1550;1551;1552;1553;1554;1555;1556;1557;1558;1559;1561;1562;1563;1564;1565;1566;1567;1568;1569;1570;1571;1573;1574;1575;1576;1577;1578;1579;1580;1581;1582;1583;1584;1585;1586;1587;1588;1589;1590;1591;1592;1593;1594;1595;1596;1597;1598;1599;1600;1601;1602;1603;1604;1605;1606;1607;1608;1609;1611;1612;1613;1614;1616;1617;1618;1619;1620;1621;1622;1623;1624;1625;1626;1627;1628;1629;1630;1631;1632;1633;1634;1635;1636;1637;1638;1639;1640;1641;1642;1643;1644;1645;1646;1647;1648;1649;1650;1651;1653;1654;1655;1656;1657;1658;1659;1660;1661;1662;1663;1664;1667;1668;1670;1671;1672;1673;1674;1675;1676;1677;1678;1679;1681;1683;1684;1685;1686;1687;1688;1689;1690;1691;1692;1693;1694;1695;1696;1697;1698;1699;1700;1701;1702;1703;1704;1705;1706;1707;1708;1709;1710;1711;1712;1713;1714;1715;1716;1717;1718;1719;1720;1721;1722;1723;1724;1725;1726;1727;1728;1729;1730;1731;1732;1733;1734;1735;1736;1737;1738;1740;1741;1742;1743;1744;1745;1746;1747;1749;1750;1751;1752;1754;1755;1756;1757;1758;1759;1760;1762;1763;1764;1765;1766;1767;1768;1769;1770;1771;1772;1773;1774;1775;1776;1777;1778;1779;1780;1781;1782;1783;1784;1785;1786;1787;1788;1789;1790;1791;1792;1793;1794;1795;1797;1798;1799;1801;1802;1803;1804;1805;1806;1807;1808;1810;1811;1812;1813;1814;1815;1817;1819;1820;1821;1822;1823;1824;1825;1826;1827;1828;1829;1830;1831;1832;1833;1834;1835;1836;1837;1838;1839;1840;1841;1842;1843;1844;1845;1846;1847;1848;1849;1850;1851;1852;1853;1854;1855;1856;1857;1858;1859;1860;1861;1862;1863;1864;1865;1866;1867;1868;1869;1870;1871;1872;1873;1874;1875;1876;1877;1878;1879;1880;1881;1882;1883;1884;1886;1887;1888;1889;1890;1891;1892;1893;1894;1896;1897;1898;1899;1900;1901;1902;1903;1904;1905;1907;1908;1909;1910;1911;1912;1913;1914;1915;1916;1917;1918;1919;1920;1921;1922;1923;1924;1925;1926;1928;1930;1931;1932;1933;1934;1935;1937;1938;1939;1940;1941;1942;1943;1944;1945;1946;1947;1948;1949;1950;1951;1952;1953;1954;1956;1957;1958;1959;1960;1961;1962;1963;1964;1965;1966;1967;1968;1969;1970;1971;1972;1973;1974;1975;1977;1978;1980;1981;1983;1984;1985;1986;1987;1988;1989;1990;1991;1992;1993;1995;1996;1997;1998;1999;2000;2001;2002;2003;2004;2005;2006;2007;2008;2009;2010;2011;2012;2013;2014;2015;2016;2017;2018;2019;2020;2021;2022;2023;2024;2026;2027;2028;2029;2030;2031;2032;2034;2036;2037;2038;2039;2040;2042;2043;2044;2045;2046;2047;2048;2049;2050;2052;2053;2055;2056;2057;2058;2059;2060;2061;2062;2063;2064;2065;2066;2067;2068;2069;2070;2071;2072;2073;2074;2075;2077;2078;2079;2081;2082;2084;2086;2087;2088;2089;2090;2091;2092;2093;2094;2095;2096;2097;2098;2099;2100;2101;2102;2103;2104;2105;2106;2107;2109;2111;2112;2113;2114;2116;2117;2118;2119;2120;2121;2122;2123;2124;2125;2126;2127;2129;2130;2131;2133;2134;2135;2136;2137;2138;2139;2140;2141;2142;2143;2144;2145;2146;2147;2148;2149;2150;2151;2152;2153;2154;2155;2156;2157;2158;2159;2160;2161;2162;2163;2164;2165;2166;2167;2168;2169;2170;2171;2172;2173;2174;2176;2177;2178;2179;2180;2181;2182;2183;2186;2187;2188;2190;2191;2192;2193;2194;2195;2196;2197;2198;2199;2200;2201;2202;2203;2204;2205;2207;2208;2209;2210;2211;2212;2213;2214;2215;2216;2217;2218;2219;2220;2221;2222;2223;2224;2225;2226;2227;2228;2229;2230;2231;2232;2233;2234;2235;2236;2237;2238;2239;2240;2241;2242;2243;2244;2245;2246;2247;2250;2251;2252;2253;2254;2255;2256;2257;2258;2259;2261;2262;2263;2264;2265;2266;2267;2270;2272;2273;2274;2275;2276;2277;2278;2279;2280;2281;2283;2284;2285;2286;2288;2289;2290;2291;2292;2293;2294;2295;2296;2297;2298;2299;2300;2301;2302;2304;2305;2306;2307;2308;2309;2310;2311;2312;2313;2314;2315;2316;2317;2318;2319;2322;2323;2324;2325;2326;2327;2328;2329;2330;2331;2332;2333;2334;2335;2336;2337;2338;2339;2340;2341;2342;2343;2344;2345;2346;2347;2348;2349;2350;2352;2353;2354;2355;2356;2357;2358;2359;2360;2361;2362;2363;2365;2366;2367;2368;2369;2370;2371;2373;2374;2375;2376;2378;2379;2380;2381;2382;2383;2386;2388;2390;2391;2392;2393;2394;2395;2396;2397;2399;2400;2401;2403;2404;2406;2407;2408;2409;2410;2411;2412;2413;2414;2415;2416;2418;2419;2420;2422;2423;2424;2425;2426;2427;2428;2429;2430;2431;2432;2433;2434;2435;2436;2438;2439;2440;2442;2443;2444;2445;2446;2447;2448;2449;2450;2451;2452;2453;2454;2455;2456;2457;2458;2459;2460;2461;2462;2463;2464;2465;2467;2468;2469;2470;2471;2472;2473;2474;2475;2476;2477;2479;2480;2481;2482;2483;2484;2485;2486;2487;2488;2489;2490;2491;2492;2493;2495;2496;2497;2498;2499;2500;2501;2502;2503;2504;2505;2506;2507;2508;2509;2510;2511;2512;2513;2514;2515;2516;2518;2519;2520;2521;2522;2523;2524;2525;2526;2527;2529;2530;2531;2532;2533;2534;2535;2536;2537;2538;2539;2540;2541;2542;2543;2544;2545;2546;2547;2548;2549;2550;2552;2553;2554;2556;2557;2558;2559;2560;2561;2562;2563;2565;2566;2567;2568;2569;2570;2571;2572;2573;2574;2575;2576;2577;2578;2580;2581;2582;2583;2584;2585;2586;2587;2588;2590;2591;2592;2593;2594;2595;2596;2597;2598;2599;2600;2601;2602;2603;2604;2605;2606;2607;2608;2609;2610;2611;2612;2613;2614;2615;2616;2617;2618;2619;2620;2621;2622;2624;2625;2626;2627;2628;2629;2630;2631;2632;2633;2634;2635;2636;2637;2638;2639;2641;2643;2644;2645;2646;2647;2648;2650;2651;2652;2653;2654;2655;2656;2657;2658;2659;2660;2662;2663;2664;2665;2666;2667;2668;2669;2670;2671;2672;2673;2674;2675;2676;2677;2678;2679;2680;2681;2682;2683;2684;2685;2686;2687;2688;2689;2691;2692;2693;2694;2695;2696;2697;2698;2701;2702;2703;2704;2705;2706;2707;2708;2709;2710;2711;2712;2713;2714;2715;2716;2717;2718;2719;2720;2721;2722;2723;2724;2725;2726;2727;2728;2729;2730;2732;2733;2734;2736;2737;2738;2739;2740;2741;2742;2744;2745;2746;2747;2748;2749;2750;2751;2753;2754;2755;2756;2758;2759;2760;2762;2763;2764;2765;2766;2767;2768;2770;2771;2772;2773;2774;2776;2777;2778;2779;2780;2781;2782;2783;2784;2785;2786;2787;2788;2789;2790;2791;2792;2793;2794;2795;2796;2797;2798;2799;2800;2801;2802;2803;2804;2805;2806;2807;2809;2810;2811;2812;2813;2814;2815;2816;2817;2818;2819;2820;2821;2822;2825;2826;2827;2828;2829;2830;2831;2833;2834;2835;2836;2837;2838;2839;2840;2841;2842;2843;2844;2845;2846;2847;2848;2849;2850;2851;2852;2853;2854;2855;2856;2857;2858;2859;2860;2861;2862;2863;2864;2865;2866;2867;2868;2869;2870;2871;2872;2873;2874;2875;2876;2877;2878;2881;2882;2884;2885;2886;2887;2888;2889;2890;2891;2892;2893;2894;2895;2896;2897;2898;2899;2900;2901;2902;2903;2904;2905;2906;2907;2908;2909;2910;2912;2913;2914;2915;2917;2918;2919;2920;2921;2922;2923;2924;2925;2926;2927;2928;2929;2930;2931;2932;2933;2934;2935;2936;2937;2938;2939;2940;2941;2942;2943;2944;2945;2947;2948;2949;2950;2951;2952;2953;2954;2956;2957;2958;2959;2960;2961;2962;2963;2964;2965;2966;2967;2968;2969;2970;2971;2972;2973;2974;2975;2976;2977;2978;2980;2981;2982;2983;2984;2985;2986;2987;2988;2989;2990;2991;2992;2993;2995;2996;2997;2999;3000;3001;3002;3003;3004;3005;3006;3007;3008;3009;3010;3011;3012;3013;3014;3015;3016;3017;3018;3019;3020;3022;3023;3024;3025;3026;3027;3029;3030;3031;3032;3034;3035;3036;3037;3038;3039;3040;3041;3042;3044;3045;3047;3048;3049;3050;3051;3052;3053;3054;3055;3056;3057;3058;3059;3060;3061;3062;3063;3064;3065;3066;3067;3068;3069;3071;3072;3073;3074;3075;3076;3077;3078;3079;3080;3081;3082;3083;3084;3086;3087;3090;3091;3092;3093;3094;3096;3097;3098;3099;3100;3101;3102;3103;3104;3105;3106;3107;3109;3110;3111;3112;3113;3114;3115;3116;3117;3118;3119;3121;3122;3123;3124;3125;3126;3127;3128;3129;3130;3131;3132;3133;3134;3135;3136;3137;3138;3139;3140;3141;3142;3143;3145;3146;3147;3148;3149;3150;3151;3154;3155;3156;3157;3158;3159;3160;3161;3162;3163;3164;3165;3166;3167;3168;3169;3170;3171;3172;3173;3174;3175;3176;3177;3178;3179;3180;3181;3182;3183;3184;3185;3186;3187;3188;3189;3190;3191;3192;3193;3194;3195;3196;3197;3198;3199;3200",200.81213593483,"ok",NA,"2026-08-09 21:59:58"
"PenDigits","SUN-MCCD",0.02,3200,16,1,0.0792452830188679,0.539622641509434,0.0330250990752972,2948,1,3200,"3200","1;2;3;4;5;6;7;8;9;10;11;12;13;14;15;16;17;19;21;22;24;25;26;27;28;29;30;31;32;33;34;35;36;37;39;40;41;42;43;44;45;46;47;48;49;50;52;53;54;55;56;57;58;59;60;61;62;63;64;65;66;67;68;69;70;71;72;73;74;75;76;77;78;79;80;82;83;84;85;86;87;88;89;90;91;92;93;94;95;96;97;98;99;101;102;103;104;106;107;108;109;110;111;112;113;114;115;116;117;118;119;120;121;122;123;124;125;126;127;128;129;131;132;133;134;135;136;137;138;139;140;141;142;143;144;146;147;148;149;150;151;152;153;154;155;156;157;158;159;160;161;162;163;164;165;166;167;168;169;170;171;172;173;174;175;176;177;178;179;180;181;182;183;184;185;186;187;188;189;190;191;192;193;194;196;197;198;199;200;201;202;203;204;205;206;207;208;209;210;211;212;213;214;215;216;217;218;221;222;223;224;225;226;228;229;230;231;232;233;234;235;236;237;238;239;240;241;242;243;244;245;247;248;249;250;251;252;253;254;258;259;260;261;262;263;264;265;266;267;268;269;270;271;272;273;274;275;277;278;280;281;282;283;285;286;287;288;289;290;291;292;293;294;295;296;297;298;299;300;301;303;304;305;306;307;308;309;310;311;312;313;314;315;316;317;318;319;320;322;323;324;325;326;327;329;330;331;332;333;334;335;336;337;338;340;341;342;343;344;345;346;347;348;349;350;351;352;354;355;356;357;358;359;360;361;362;363;364;365;366;367;368;369;370;371;373;374;375;376;377;378;379;380;382;383;384;385;386;387;388;389;391;392;393;394;395;396;397;398;399;400;401;402;404;405;406;407;408;409;410;412;413;414;415;416;417;418;419;420;421;422;423;424;425;426;427;428;429;430;431;432;433;434;435;436;437;438;439;440;441;442;443;444;445;446;447;448;449;450;451;452;453;454;456;457;458;459;461;462;463;464;465;466;467;470;471;472;473;474;475;476;477;478;479;480;481;482;483;484;485;487;488;490;491;492;493;494;495;496;497;498;499;500;501;502;503;504;505;506;507;508;509;510;511;512;513;514;515;516;517;518;519;520;521;522;523;524;526;527;528;529;530;531;532;534;535;536;537;539;540;541;542;543;545;546;547;548;550;551;552;553;554;555;556;557;558;559;560;561;565;566;567;568;569;570;571;572;573;574;575;576;577;578;579;580;582;583;584;585;586;587;588;589;590;591;592;593;594;595;596;597;598;600;601;602;603;604;605;606;607;608;609;610;611;612;613;615;616;617;618;619;620;621;623;624;625;626;627;628;629;630;631;632;633;634;635;636;637;638;639;641;642;643;644;645;647;648;649;650;651;652;653;654;656;657;659;660;661;662;663;664;665;666;667;668;669;670;671;672;673;675;676;677;678;679;681;682;683;684;685;686;687;688;689;690;691;693;694;695;696;697;698;699;700;701;702;703;705;706;707;708;709;710;711;712;713;714;715;716;717;718;719;721;722;723;724;725;726;727;729;731;732;733;735;736;737;738;739;740;741;742;743;744;745;746;747;748;749;750;751;753;754;755;756;757;758;759;760;761;762;763;764;765;766;767;768;769;770;771;772;773;774;775;776;777;778;779;780;781;783;784;785;786;788;789;790;791;792;793;794;795;796;798;799;800;801;802;803;805;806;807;808;809;810;811;812;813;814;815;816;817;818;819;820;821;823;825;826;827;828;829;830;831;832;833;834;835;836;837;839;840;841;842;843;844;845;846;847;848;849;850;852;853;854;856;857;858;859;861;862;863;864;865;866;867;868;869;870;871;872;873;875;876;877;879;880;881;882;884;885;886;887;888;889;890;891;892;893;894;895;896;897;898;899;900;901;902;903;904;905;906;907;908;909;910;912;913;914;915;916;917;918;919;920;921;922;923;924;925;926;927;928;929;930;931;932;933;934;935;936;937;938;939;940;941;942;943;944;946;947;948;949;950;952;953;954;955;956;957;958;960;961;962;963;964;965;966;967;968;970;971;972;974;975;976;977;978;979;980;981;982;983;984;985;986;987;988;990;991;992;993;994;995;996;997;998;999;1000;1001;1002;1003;1004;1005;1006;1007;1008;1009;1010;1011;1012;1013;1014;1015;1017;1018;1019;1020;1021;1022;1023;1024;1025;1026;1027;1028;1029;1030;1031;1032;1033;1034;1035;1036;1037;1038;1039;1040;1041;1042;1043;1044;1045;1046;1047;1048;1049;1050;1051;1052;1053;1054;1056;1057;1058;1059;1060;1061;1063;1064;1065;1066;1067;1068;1069;1070;1071;1072;1073;1074;1075;1076;1077;1078;1079;1080;1081;1082;1083;1084;1085;1086;1087;1088;1089;1090;1091;1092;1093;1094;1096;1097;1098;1099;1100;1101;1102;1103;1104;1107;1108;1109;1110;1111;1112;1113;1114;1115;1116;1117;1118;1119;1120;1121;1122;1123;1124;1125;1126;1127;1129;1130;1131;1132;1133;1134;1135;1136;1137;1139;1140;1141;1142;1143;1144;1145;1146;1147;1148;1149;1150;1151;1152;1153;1154;1155;1156;1157;1158;1159;1160;1161;1162;1163;1164;1165;1166;1167;1168;1169;1170;1171;1172;1173;1174;1175;1176;1177;1179;1181;1182;1183;1184;1185;1186;1188;1189;1190;1191;1192;1193;1194;1195;1196;1197;1198;1199;1200;1201;1202;1203;1204;1205;1206;1207;1208;1209;1210;1211;1212;1213;1214;1215;1216;1217;1218;1219;1221;1222;1223;1224;1225;1226;1227;1228;1229;1230;1232;1235;1236;1237;1239;1240;1241;1242;1243;1244;1245;1246;1247;1248;1249;1250;1251;1252;1253;1254;1255;1256;1257;1258;1259;1260;1261;1262;1263;1264;1265;1266;1267;1269;1270;1272;1273;1274;1275;1276;1277;1278;1279;1280;1281;1282;1283;1284;1285;1286;1287;1288;1289;1290;1291;1292;1293;1294;1295;1296;1297;1298;1299;1301;1302;1303;1304;1305;1306;1307;1308;1309;1310;1311;1312;1313;1314;1315;1316;1317;1318;1319;1320;1322;1323;1324;1325;1326;1327;1328;1329;1330;1332;1333;1334;1335;1336;1337;1339;1340;1341;1342;1343;1345;1346;1347;1348;1349;1350;1351;1352;1355;1356;1357;1358;1359;1360;1361;1362;1363;1364;1365;1366;1367;1368;1370;1371;1372;1373;1374;1375;1376;1377;1378;1379;1380;1381;1383;1384;1387;1389;1390;1391;1392;1393;1394;1395;1396;1397;1398;1399;1400;1401;1402;1403;1404;1405;1406;1407;1408;1409;1411;1412;1414;1415;1416;1417;1418;1419;1420;1421;1422;1423;1424;1425;1427;1428;1429;1430;1431;1432;1433;1434;1435;1436;1437;1438;1439;1440;1441;1442;1443;1444;1445;1446;1447;1448;1449;1450;1451;1452;1454;1455;1456;1457;1458;1459;1461;1462;1463;1464;1465;1466;1467;1468;1469;1470;1473;1474;1475;1476;1477;1478;1479;1480;1481;1482;1483;1484;1485;1486;1487;1488;1489;1490;1491;1492;1494;1495;1496;1497;1498;1499;1500;1501;1502;1503;1504;1505;1506;1507;1508;1509;1510;1511;1512;1513;1514;1515;1516;1517;1518;1519;1520;1521;1522;1523;1524;1525;1526;1527;1528;1529;1530;1531;1532;1533;1534;1536;1537;1538;1539;1540;1541;1542;1543;1544;1545;1546;1547;1548;1549;1550;1551;1552;1553;1554;1555;1556;1557;1558;1559;1561;1562;1563;1564;1565;1566;1567;1568;1569;1570;1571;1573;1574;1575;1576;1577;1578;1579;1580;1581;1582;1583;1584;1585;1586;1587;1588;1589;1590;1591;1592;1593;1594;1595;1596;1597;1598;1599;1600;1601;1602;1603;1604;1605;1606;1607;1608;1609;1611;1612;1613;1614;1616;1617;1618;1619;1620;1621;1622;1623;1624;1625;1626;1627;1628;1629;1630;1631;1632;1633;1634;1635;1636;1637;1638;1639;1640;1641;1642;1643;1644;1645;1646;1647;1648;1649;1650;1651;1653;1654;1655;1656;1657;1658;1659;1660;1661;1662;1663;1664;1667;1668;1670;1671;1672;1673;1674;1675;1676;1677;1678;1679;1681;1683;1684;1685;1686;1687;1688;1689;1690;1691;1692;1693;1694;1695;1696;1697;1698;1699;1700;1701;1702;1703;1704;1705;1706;1707;1708;1709;1710;1711;1712;1713;1714;1715;1716;1717;1718;1719;1720;1721;1722;1723;1724;1725;1726;1727;1728;1729;1730;1731;1732;1733;1734;1735;1736;1737;1738;1740;1741;1742;1743;1744;1745;1746;1747;1749;1750;1751;1752;1754;1755;1756;1757;1758;1759;1760;1762;1763;1764;1765;1766;1767;1768;1769;1770;1771;1772;1773;1774;1775;1776;1777;1778;1779;1780;1781;1782;1783;1784;1785;1786;1787;1788;1789;1790;1791;1792;1793;1794;1795;1797;1798;1799;1801;1802;1803;1804;1805;1806;1807;1808;1810;1811;1812;1813;1814;1815;1817;1819;1820;1821;1822;1823;1824;1825;1826;1827;1828;1829;1830;1831;1832;1833;1834;1835;1836;1837;1838;1839;1840;1841;1842;1843;1844;1845;1846;1847;1848;1849;1850;1851;1852;1853;1854;1855;1856;1857;1858;1859;1860;1861;1862;1863;1864;1865;1866;1867;1868;1869;1870;1871;1872;1873;1874;1875;1876;1877;1878;1879;1880;1881;1882;1883;1884;1886;1887;1888;1889;1890;1891;1892;1893;1894;1896;1897;1898;1899;1900;1901;1902;1903;1904;1905;1907;1908;1909;1910;1911;1912;1913;1914;1915;1916;1917;1918;1919;1920;1921;1922;1923;1924;1925;1926;1928;1930;1931;1932;1933;1934;1935;1937;1938;1939;1940;1941;1942;1943;1944;1945;1946;1947;1948;1949;1950;1951;1952;1953;1954;1956;1957;1958;1959;1960;1961;1962;1963;1964;1965;1966;1967;1968;1969;1970;1971;1972;1973;1974;1975;1977;1978;1980;1981;1983;1984;1985;1986;1987;1988;1989;1990;1991;1992;1993;1995;1996;1997;1998;1999;2000;2001;2002;2003;2004;2005;2006;2007;2008;2009;2010;2011;2012;2013;2014;2015;2016;2017;2018;2019;2020;2021;2022;2023;2024;2026;2027;2028;2029;2030;2031;2032;2034;2036;2037;2038;2039;2040;2042;2043;2044;2045;2046;2047;2048;2049;2050;2052;2053;2055;2056;2057;2058;2059;2060;2061;2062;2063;2064;2065;2066;2067;2068;2069;2070;2071;2072;2073;2074;2075;2077;2078;2079;2081;2082;2084;2086;2087;2088;2089;2090;2091;2092;2093;2094;2095;2096;2097;2098;2099;2100;2101;2102;2103;2104;2105;2106;2107;2109;2111;2112;2113;2114;2116;2117;2118;2119;2120;2121;2122;2123;2124;2125;2126;2127;2129;2130;2131;2133;2134;2135;2136;2137;2138;2139;2140;2141;2142;2143;2144;2145;2146;2147;2148;2149;2150;2151;2152;2153;2154;2155;2156;2157;2158;2159;2160;2161;2162;2163;2164;2165;2166;2167;2168;2169;2170;2171;2172;2173;2174;2176;2177;2178;2179;2180;2181;2182;2183;2186;2187;2188;2190;2191;2192;2193;2194;2195;2196;2197;2198;2199;2200;2201;2202;2203;2204;2205;2207;2208;2209;2210;2211;2212;2213;2214;2215;2216;2217;2218;2219;2220;2221;2222;2223;2224;2225;2226;2227;2228;2229;2230;2231;2232;2233;2234;2235;2236;2237;2238;2239;2240;2241;2242;2243;2244;2245;2246;2247;2250;2251;2252;2253;2254;2255;2256;2257;2258;2259;2261;2262;2263;2264;2265;2266;2267;2270;2272;2273;2274;2275;2276;2277;2278;2279;2280;2281;2283;2284;2285;2286;2288;2289;2290;2291;2292;2293;2294;2295;2296;2297;2298;2299;2300;2301;2302;2304;2305;2306;2307;2308;2309;2310;2311;2312;2313;2314;2315;2316;2317;2318;2319;2322;2323;2324;2325;2326;2327;2328;2329;2330;2331;2332;2333;2334;2335;2336;2337;2338;2339;2340;2341;2342;2343;2344;2345;2346;2347;2348;2349;2350;2352;2353;2354;2355;2356;2357;2358;2359;2360;2361;2362;2363;2365;2366;2367;2368;2369;2370;2371;2373;2374;2375;2376;2378;2379;2380;2381;2382;2383;2386;2388;2390;2391;2392;2393;2394;2395;2396;2397;2399;2400;2401;2403;2404;2406;2407;2408;2409;2410;2411;2412;2413;2414;2415;2416;2418;2419;2420;2422;2423;2424;2425;2426;2427;2428;2429;2430;2431;2432;2433;2434;2435;2436;2438;2439;2440;2442;2443;2444;2445;2446;2447;2448;2449;2450;2451;2452;2453;2454;2455;2456;2457;2458;2459;2460;2461;2462;2463;2464;2465;2467;2468;2469;2470;2471;2472;2473;2474;2475;2476;2477;2479;2480;2481;2482;2483;2484;2485;2486;2487;2488;2489;2490;2491;2492;2493;2495;2496;2497;2498;2499;2500;2501;2502;2503;2504;2505;2506;2507;2508;2509;2510;2511;2512;2513;2514;2515;2516;2518;2519;2520;2521;2522;2523;2524;2525;2526;2527;2529;2530;2531;2532;2533;2534;2535;2536;2537;2538;2539;2540;2541;2542;2543;2544;2545;2546;2547;2548;2549;2550;2552;2553;2554;2556;2557;2558;2559;2560;2561;2562;2563;2565;2566;2567;2568;2569;2570;2571;2572;2573;2574;2575;2576;2577;2578;2580;2581;2582;2583;2584;2585;2586;2587;2588;2590;2591;2592;2593;2594;2595;2596;2597;2598;2599;2600;2601;2602;2603;2604;2605;2606;2607;2608;2609;2610;2611;2612;2613;2614;2615;2616;2617;2618;2619;2620;2621;2622;2624;2625;2626;2627;2628;2629;2630;2631;2632;2633;2634;2635;2636;2637;2638;2639;2641;2643;2644;2645;2646;2647;2648;2650;2651;2652;2653;2654;2655;2656;2657;2658;2659;2660;2662;2663;2664;2665;2666;2667;2668;2669;2670;2671;2672;2673;2674;2675;2676;2677;2678;2679;2680;2681;2682;2683;2684;2685;2686;2687;2688;2689;2691;2692;2693;2694;2695;2696;2697;2698;2701;2702;2703;2704;2705;2706;2707;2708;2709;2710;2711;2712;2713;2714;2715;2716;2717;2718;2719;2720;2721;2722;2723;2724;2725;2726;2727;2728;2729;2730;2732;2733;2734;2736;2737;2738;2739;2740;2741;2742;2744;2745;2746;2747;2748;2749;2750;2751;2753;2754;2755;2756;2758;2759;2760;2762;2763;2764;2765;2766;2767;2768;2770;2771;2772;2773;2774;2776;2777;2778;2779;2780;2781;2782;2783;2784;2785;2786;2787;2788;2789;2790;2791;2792;2793;2794;2795;2796;2797;2798;2799;2800;2801;2802;2803;2804;2805;2806;2807;2809;2810;2811;2812;2813;2814;2815;2816;2817;2818;2819;2820;2821;2822;2825;2826;2827;2828;2829;2830;2831;2833;2834;2835;2836;2837;2838;2839;2840;2841;2842;2843;2844;2845;2846;2847;2848;2849;2850;2851;2852;2853;2854;2855;2856;2857;2858;2859;2860;2861;2862;2863;2864;2865;2866;2867;2868;2869;2870;2871;2872;2873;2874;2875;2876;2877;2878;2881;2882;2884;2885;2886;2887;2888;2889;2890;2891;2892;2893;2894;2895;2896;2897;2898;2899;2900;2901;2902;2903;2904;2905;2906;2907;2908;2909;2910;2912;2913;2914;2915;2917;2918;2919;2920;2921;2922;2923;2924;2925;2926;2927;2928;2929;2930;2931;2932;2933;2934;2935;2936;2937;2938;2939;2940;2941;2942;2943;2944;2945;2947;2948;2949;2950;2951;2952;2953;2954;2956;2957;2958;2959;2960;2961;2962;2963;2964;2965;2966;2967;2968;2969;2970;2971;2972;2973;2974;2975;2976;2977;2978;2980;2981;2982;2983;2984;2985;2986;2987;2988;2989;2990;2991;2992;2993;2995;2996;2997;2999;3000;3001;3002;3003;3004;3005;3006;3007;3008;3009;3010;3011;3012;3013;3014;3015;3016;3017;3018;3019;3020;3022;3023;3024;3025;3026;3027;3029;3030;3031;3032;3034;3035;3036;3037;3038;3039;3040;3041;3042;3044;3045;3047;3048;3049;3050;3051;3052;3053;3054;3055;3056;3057;3058;3059;3060;3061;3062;3063;3064;3065;3066;3067;3068;3069;3071;3072;3073;3074;3075;3076;3077;3078;3079;3080;3081;3082;3083;3084;3086;3087;3090;3091;3092;3093;3094;3096;3097;3098;3099;3100;3101;3102;3103;3104;3105;3106;3107;3109;3110;3111;3112;3113;3114;3115;3116;3117;3118;3119;3121;3122;3123;3124;3125;3126;3127;3128;3129;3130;3131;3132;3133;3134;3135;3136;3137;3138;3139;3140;3141;3142;3143;3145;3146;3147;3148;3149;3150;3151;3154;3155;3156;3157;3158;3159;3160;3161;3162;3163;3164;3165;3166;3167;3168;3169;3170;3171;3172;3173;3174;3175;3176;3177;3178;3179;3180;3181;3182;3183;3184;3185;3186;3187;3188;3189;3190;3191;3192;3193;3194;3195;3196;3197;3198;3199;3200",199.122470855713,"ok",NA,"2026-08-09 22:03:17"
"PenDigits","SU-MCCD",0.005,3200,16,1,0.0792452830188679,0.539622641509434,0.0330250990752972,2948,1,3200,"3200","1;2;3;4;5;6;7;8;9;10;11;12;13;14;15;16;17;19;21;22;24;25;26;27;28;29;30;31;32;33;34;35;36;37;39;40;41;42;43;44;45;46;47;48;49;50;52;53;54;55;56;57;58;59;60;61;62;63;64;65;66;67;68;69;70;71;72;73;74;75;76;77;78;79;80;82;83;84;85;86;87;88;89;90;91;92;93;94;95;96;97;98;99;101;102;103;104;106;107;108;109;110;111;112;113;114;115;116;117;118;119;120;121;122;123;124;125;126;127;128;129;131;132;133;134;135;136;137;138;139;140;141;142;143;144;146;147;148;149;150;151;152;153;154;155;156;157;158;159;160;161;162;163;164;165;166;167;168;169;170;171;172;173;174;175;176;177;178;179;180;181;182;183;184;185;186;187;188;189;190;191;192;193;194;196;197;198;199;200;201;202;203;204;205;206;207;208;209;210;211;212;213;214;215;216;217;218;221;222;223;224;225;226;228;229;230;231;232;233;234;235;236;237;238;239;240;241;242;243;244;245;247;248;249;250;251;252;253;254;258;259;260;261;262;263;264;265;266;267;268;269;270;271;272;273;274;275;277;278;280;281;282;283;285;286;287;288;289;290;291;292;293;294;295;296;297;298;299;300;301;303;304;305;306;307;308;309;310;311;312;313;314;315;316;317;318;319;320;322;323;324;325;326;327;329;330;331;332;333;334;335;336;337;338;340;341;342;343;344;345;346;347;348;349;350;351;352;354;355;356;357;358;359;360;361;362;363;364;365;366;367;368;369;370;371;373;374;375;376;377;378;379;380;382;383;384;385;386;387;388;389;391;392;393;394;395;396;397;398;399;400;401;402;404;405;406;407;408;409;410;412;413;414;415;416;417;418;419;420;421;422;423;424;425;426;427;428;429;430;431;432;433;434;435;436;437;438;439;440;441;442;443;444;445;446;447;448;449;450;451;452;453;454;456;457;458;459;461;462;463;464;465;466;467;470;471;472;473;474;475;476;477;478;479;480;481;482;483;484;485;487;488;490;491;492;493;494;495;496;497;498;499;500;501;502;503;504;505;506;507;508;509;510;511;512;513;514;515;516;517;518;519;520;521;522;523;524;526;527;528;529;530;531;532;534;535;536;537;539;540;541;542;543;545;546;547;548;550;551;552;553;554;555;556;557;558;559;560;561;565;566;567;568;569;570;571;572;573;574;575;576;577;578;579;580;582;583;584;585;586;587;588;589;590;591;592;593;594;595;596;597;598;600;601;602;603;604;605;606;607;608;609;610;611;612;613;615;616;617;618;619;620;621;623;624;625;626;627;628;629;630;631;632;633;634;635;636;637;638;639;641;642;643;644;645;647;648;649;650;651;652;653;654;656;657;659;660;661;662;663;664;665;666;667;668;669;670;671;672;673;675;676;677;678;679;681;682;683;684;685;686;687;688;689;690;691;693;694;695;696;697;698;699;700;701;702;703;705;706;707;708;709;710;711;712;713;714;715;716;717;718;719;721;722;723;724;725;726;727;729;731;732;733;735;736;737;738;739;740;741;742;743;744;745;746;747;748;749;750;751;753;754;755;756;757;758;759;760;761;762;763;764;765;766;767;768;769;770;771;772;773;774;775;776;777;778;779;780;781;783;784;785;786;788;789;790;791;792;793;794;795;796;798;799;800;801;802;803;805;806;807;808;809;810;811;812;813;814;815;816;817;818;819;820;821;823;825;826;827;828;829;830;831;832;833;834;835;836;837;839;840;841;842;843;844;845;846;847;848;849;850;852;853;854;856;857;858;859;861;862;863;864;865;866;867;868;869;870;871;872;873;875;876;877;879;880;881;882;884;885;886;887;888;889;890;891;892;893;894;895;896;897;898;899;900;901;902;903;904;905;906;907;908;909;910;912;913;914;915;916;917;918;919;920;921;922;923;924;925;926;927;928;929;930;931;932;933;934;935;936;937;938;939;940;941;942;943;944;946;947;948;949;950;952;953;954;955;956;957;958;960;961;962;963;964;965;966;967;968;970;971;972;974;975;976;977;978;979;980;981;982;983;984;985;986;987;988;990;991;992;993;994;995;996;997;998;999;1000;1001;1002;1003;1004;1005;1006;1007;1008;1009;1010;1011;1012;1013;1014;1015;1017;1018;1019;1020;1021;1022;1023;1024;1025;1026;1027;1028;1029;1030;1031;1032;1033;1034;1035;1036;1037;1038;1039;1040;1041;1042;1043;1044;1045;1046;1047;1048;1049;1050;1051;1052;1053;1054;1056;1057;1058;1059;1060;1061;1063;1064;1065;1066;1067;1068;1069;1070;1071;1072;1073;1074;1075;1076;1077;1078;1079;1080;1081;1082;1083;1084;1085;1086;1087;1088;1089;1090;1091;1092;1093;1094;1096;1097;1098;1099;1100;1101;1102;1103;1104;1107;1108;1109;1110;1111;1112;1113;1114;1115;1116;1117;1118;1119;1120;1121;1122;1123;1124;1125;1126;1127;1129;1130;1131;1132;1133;1134;1135;1136;1137;1139;1140;1141;1142;1143;1144;1145;1146;1147;1148;1149;1150;1151;1152;1153;1154;1155;1156;1157;1158;1159;1160;1161;1162;1163;1164;1165;1166;1167;1168;1169;1170;1171;1172;1173;1174;1175;1176;1177;1179;1181;1182;1183;1184;1185;1186;1188;1189;1190;1191;1192;1193;1194;1195;1196;1197;1198;1199;1200;1201;1202;1203;1204;1205;1206;1207;1208;1209;1210;1211;1212;1213;1214;1215;1216;1217;1218;1219;1221;1222;1223;1224;1225;1226;1227;1228;1229;1230;1232;1235;1236;1237;1239;1240;1241;1242;1243;1244;1245;1246;1247;1248;1249;1250;1251;1252;1253;1254;1255;1256;1257;1258;1259;1260;1261;1262;1263;1264;1265;1266;1267;1269;1270;1272;1273;1274;1275;1276;1277;1278;1279;1280;1281;1282;1283;1284;1285;1286;1287;1288;1289;1290;1291;1292;1293;1294;1295;1296;1297;1298;1299;1301;1302;1303;1304;1305;1306;1307;1308;1309;1310;1311;1312;1313;1314;1315;1316;1317;1318;1319;1320;1322;1323;1324;1325;1326;1327;1328;1329;1330;1332;1333;1334;1335;1336;1337;1339;1340;1341;1342;1343;1345;1346;1347;1348;1349;1350;1351;1352;1355;1356;1357;1358;1359;1360;1361;1362;1363;1364;1365;1366;1367;1368;1370;1371;1372;1373;1374;1375;1376;1377;1378;1379;1380;1381;1383;1384;1387;1389;1390;1391;1392;1393;1394;1395;1396;1397;1398;1399;1400;1401;1402;1403;1404;1405;1406;1407;1408;1409;1411;1412;1414;1415;1416;1417;1418;1419;1420;1421;1422;1423;1424;1425;1427;1428;1429;1430;1431;1432;1433;1434;1435;1436;1437;1438;1439;1440;1441;1442;1443;1444;1445;1446;1447;1448;1449;1450;1451;1452;1454;1455;1456;1457;1458;1459;1461;1462;1463;1464;1465;1466;1467;1468;1469;1470;1473;1474;1475;1476;1477;1478;1479;1480;1481;1482;1483;1484;1485;1486;1487;1488;1489;1490;1491;1492;1494;1495;1496;1497;1498;1499;1500;1501;1502;1503;1504;1505;1506;1507;1508;1509;1510;1511;1512;1513;1514;1515;1516;1517;1518;1519;1520;1521;1522;1523;1524;1525;1526;1527;1528;1529;1530;1531;1532;1533;1534;1536;1537;1538;1539;1540;1541;1542;1543;1544;1545;1546;1547;1548;1549;1550;1551;1552;1553;1554;1555;1556;1557;1558;1559;1561;1562;1563;1564;1565;1566;1567;1568;1569;1570;1571;1573;1574;1575;1576;1577;1578;1579;1580;1581;1582;1583;1584;1585;1586;1587;1588;1589;1590;1591;1592;1593;1594;1595;1596;1597;1598;1599;1600;1601;1602;1603;1604;1605;1606;1607;1608;1609;1611;1612;1613;1614;1616;1617;1618;1619;1620;1621;1622;1623;1624;1625;1626;1627;1628;1629;1630;1631;1632;1633;1634;1635;1636;1637;1638;1639;1640;1641;1642;1643;1644;1645;1646;1647;1648;1649;1650;1651;1653;1654;1655;1656;1657;1658;1659;1660;1661;1662;1663;1664;1667;1668;1670;1671;1672;1673;1674;1675;1676;1677;1678;1679;1681;1683;1684;1685;1686;1687;1688;1689;1690;1691;1692;1693;1694;1695;1696;1697;1698;1699;1700;1701;1702;1703;1704;1705;1706;1707;1708;1709;1710;1711;1712;1713;1714;1715;1716;1717;1718;1719;1720;1721;1722;1723;1724;1725;1726;1727;1728;1729;1730;1731;1732;1733;1734;1735;1736;1737;1738;1740;1741;1742;1743;1744;1745;1746;1747;1749;1750;1751;1752;1754;1755;1756;1757;1758;1759;1760;1762;1763;1764;1765;1766;1767;1768;1769;1770;1771;1772;1773;1774;1775;1776;1777;1778;1779;1780;1781;1782;1783;1784;1785;1786;1787;1788;1789;1790;1791;1792;1793;1794;1795;1797;1798;1799;1801;1802;1803;1804;1805;1806;1807;1808;1810;1811;1812;1813;1814;1815;1817;1819;1820;1821;1822;1823;1824;1825;1826;1827;1828;1829;1830;1831;1832;1833;1834;1835;1836;1837;1838;1839;1840;1841;1842;1843;1844;1845;1846;1847;1848;1849;1850;1851;1852;1853;1854;1855;1856;1857;1858;1859;1860;1861;1862;1863;1864;1865;1866;1867;1868;1869;1870;1871;1872;1873;1874;1875;1876;1877;1878;1879;1880;1881;1882;1883;1884;1886;1887;1888;1889;1890;1891;1892;1893;1894;1896;1897;1898;1899;1900;1901;1902;1903;1904;1905;1907;1908;1909;1910;1911;1912;1913;1914;1915;1916;1917;1918;1919;1920;1921;1922;1923;1924;1925;1926;1928;1930;1931;1932;1933;1934;1935;1937;1938;1939;1940;1941;1942;1943;1944;1945;1946;1947;1948;1949;1950;1951;1952;1953;1954;1956;1957;1958;1959;1960;1961;1962;1963;1964;1965;1966;1967;1968;1969;1970;1971;1972;1973;1974;1975;1977;1978;1980;1981;1983;1984;1985;1986;1987;1988;1989;1990;1991;1992;1993;1995;1996;1997;1998;1999;2000;2001;2002;2003;2004;2005;2006;2007;2008;2009;2010;2011;2012;2013;2014;2015;2016;2017;2018;2019;2020;2021;2022;2023;2024;2026;2027;2028;2029;2030;2031;2032;2034;2036;2037;2038;2039;2040;2042;2043;2044;2045;2046;2047;2048;2049;2050;2052;2053;2055;2056;2057;2058;2059;2060;2061;2062;2063;2064;2065;2066;2067;2068;2069;2070;2071;2072;2073;2074;2075;2077;2078;2079;2081;2082;2084;2086;2087;2088;2089;2090;2091;2092;2093;2094;2095;2096;2097;2098;2099;2100;2101;2102;2103;2104;2105;2106;2107;2109;2111;2112;2113;2114;2116;2117;2118;2119;2120;2121;2122;2123;2124;2125;2126;2127;2129;2130;2131;2133;2134;2135;2136;2137;2138;2139;2140;2141;2142;2143;2144;2145;2146;2147;2148;2149;2150;2151;2152;2153;2154;2155;2156;2157;2158;2159;2160;2161;2162;2163;2164;2165;2166;2167;2168;2169;2170;2171;2172;2173;2174;2176;2177;2178;2179;2180;2181;2182;2183;2186;2187;2188;2190;2191;2192;2193;2194;2195;2196;2197;2198;2199;2200;2201;2202;2203;2204;2205;2207;2208;2209;2210;2211;2212;2213;2214;2215;2216;2217;2218;2219;2220;2221;2222;2223;2224;2225;2226;2227;2228;2229;2230;2231;2232;2233;2234;2235;2236;2237;2238;2239;2240;2241;2242;2243;2244;2245;2246;2247;2250;2251;2252;2253;2254;2255;2256;2257;2258;2259;2261;2262;2263;2264;2265;2266;2267;2270;2272;2273;2274;2275;2276;2277;2278;2279;2280;2281;2283;2284;2285;2286;2288;2289;2290;2291;2292;2293;2294;2295;2296;2297;2298;2299;2300;2301;2302;2304;2305;2306;2307;2308;2309;2310;2311;2312;2313;2314;2315;2316;2317;2318;2319;2322;2323;2324;2325;2326;2327;2328;2329;2330;2331;2332;2333;2334;2335;2336;2337;2338;2339;2340;2341;2342;2343;2344;2345;2346;2347;2348;2349;2350;2352;2353;2354;2355;2356;2357;2358;2359;2360;2361;2362;2363;2365;2366;2367;2368;2369;2370;2371;2373;2374;2375;2376;2378;2379;2380;2381;2382;2383;2386;2388;2390;2391;2392;2393;2394;2395;2396;2397;2399;2400;2401;2403;2404;2406;2407;2408;2409;2410;2411;2412;2413;2414;2415;2416;2418;2419;2420;2422;2423;2424;2425;2426;2427;2428;2429;2430;2431;2432;2433;2434;2435;2436;2438;2439;2440;2442;2443;2444;2445;2446;2447;2448;2449;2450;2451;2452;2453;2454;2455;2456;2457;2458;2459;2460;2461;2462;2463;2464;2465;2467;2468;2469;2470;2471;2472;2473;2474;2475;2476;2477;2479;2480;2481;2482;2483;2484;2485;2486;2487;2488;2489;2490;2491;2492;2493;2495;2496;2497;2498;2499;2500;2501;2502;2503;2504;2505;2506;2507;2508;2509;2510;2511;2512;2513;2514;2515;2516;2518;2519;2520;2521;2522;2523;2524;2525;2526;2527;2529;2530;2531;2532;2533;2534;2535;2536;2537;2538;2539;2540;2541;2542;2543;2544;2545;2546;2547;2548;2549;2550;2552;2553;2554;2556;2557;2558;2559;2560;2561;2562;2563;2565;2566;2567;2568;2569;2570;2571;2572;2573;2574;2575;2576;2577;2578;2580;2581;2582;2583;2584;2585;2586;2587;2588;2590;2591;2592;2593;2594;2595;2596;2597;2598;2599;2600;2601;2602;2603;2604;2605;2606;2607;2608;2609;2610;2611;2612;2613;2614;2615;2616;2617;2618;2619;2620;2621;2622;2624;2625;2626;2627;2628;2629;2630;2631;2632;2633;2634;2635;2636;2637;2638;2639;2641;2643;2644;2645;2646;2647;2648;2650;2651;2652;2653;2654;2655;2656;2657;2658;2659;2660;2662;2663;2664;2665;2666;2667;2668;2669;2670;2671;2672;2673;2674;2675;2676;2677;2678;2679;2680;2681;2682;2683;2684;2685;2686;2687;2688;2689;2691;2692;2693;2694;2695;2696;2697;2698;2701;2702;2703;2704;2705;2706;2707;2708;2709;2710;2711;2712;2713;2714;2715;2716;2717;2718;2719;2720;2721;2722;2723;2724;2725;2726;2727;2728;2729;2730;2732;2733;2734;2736;2737;2738;2739;2740;2741;2742;2744;2745;2746;2747;2748;2749;2750;2751;2753;2754;2755;2756;2758;2759;2760;2762;2763;2764;2765;2766;2767;2768;2770;2771;2772;2773;2774;2776;2777;2778;2779;2780;2781;2782;2783;2784;2785;2786;2787;2788;2789;2790;2791;2792;2793;2794;2795;2796;2797;2798;2799;2800;2801;2802;2803;2804;2805;2806;2807;2809;2810;2811;2812;2813;2814;2815;2816;2817;2818;2819;2820;2821;2822;2825;2826;2827;2828;2829;2830;2831;2833;2834;2835;2836;2837;2838;2839;2840;2841;2842;2843;2844;2845;2846;2847;2848;2849;2850;2851;2852;2853;2854;2855;2856;2857;2858;2859;2860;2861;2862;2863;2864;2865;2866;2867;2868;2869;2870;2871;2872;2873;2874;2875;2876;2877;2878;2881;2882;2884;2885;2886;2887;2888;2889;2890;2891;2892;2893;2894;2895;2896;2897;2898;2899;2900;2901;2902;2903;2904;2905;2906;2907;2908;2909;2910;2912;2913;2914;2915;2917;2918;2919;2920;2921;2922;2923;2924;2925;2926;2927;2928;2929;2930;2931;2932;2933;2934;2935;2936;2937;2938;2939;2940;2941;2942;2943;2944;2945;2947;2948;2949;2950;2951;2952;2953;2954;2956;2957;2958;2959;2960;2961;2962;2963;2964;2965;2966;2967;2968;2969;2970;2971;2972;2973;2974;2975;2976;2977;2978;2980;2981;2982;2983;2984;2985;2986;2987;2988;2989;2990;2991;2992;2993;2995;2996;2997;2999;3000;3001;3002;3003;3004;3005;3006;3007;3008;3009;3010;3011;3012;3013;3014;3015;3016;3017;3018;3019;3020;3022;3023;3024;3025;3026;3027;3029;3030;3031;3032;3034;3035;3036;3037;3038;3039;3040;3041;3042;3044;3045;3047;3048;3049;3050;3051;3052;3053;3054;3055;3056;3057;3058;3059;3060;3061;3062;3063;3064;3065;3066;3067;3068;3069;3071;3072;3073;3074;3075;3076;3077;3078;3079;3080;3081;3082;3083;3084;3086;3087;3090;3091;3092;3093;3094;3096;3097;3098;3099;3100;3101;3102;3103;3104;3105;3106;3107;3109;3110;3111;3112;3113;3114;3115;3116;3117;3118;3119;3121;3122;3123;3124;3125;3126;3127;3128;3129;3130;3131;3132;3133;3134;3135;3136;3137;3138;3139;3140;3141;3142;3143;3145;3146;3147;3148;3149;3150;3151;3154;3155;3156;3157;3158;3159;3160;3161;3162;3163;3164;3165;3166;3167;3168;3169;3170;3171;3172;3173;3174;3175;3176;3177;3178;3179;3180;3181;3182;3183;3184;3185;3186;3187;3188;3189;3190;3191;3192;3193;3194;3195;3196;3197;3198;3199;3200",217.228214025497,"ok",NA,"2026-08-09 22:07:04"
"PenDigits","SU-MCCD",0.3,3200,16,1,0.0792452830188679,0.539622641509434,0.0330250990752972,2948,1,3200,"3200","1;2;3;4;5;6;7;8;9;10;11;12;13;14;15;16;17;19;21;22;24;25;26;27;28;29;30;31;32;33;34;35;36;37;39;40;41;42;43;44;45;46;47;48;49;50;52;53;54;55;56;57;58;59;60;61;62;63;64;65;66;67;68;69;70;71;72;73;74;75;76;77;78;79;80;82;83;84;85;86;87;88;89;90;91;92;93;94;95;96;97;98;99;101;102;103;104;106;107;108;109;110;111;112;113;114;115;116;117;118;119;120;121;122;123;124;125;126;127;128;129;131;132;133;134;135;136;137;138;139;140;141;142;143;144;146;147;148;149;150;151;152;153;154;155;156;157;158;159;160;161;162;163;164;165;166;167;168;169;170;171;172;173;174;175;176;177;178;179;180;181;182;183;184;185;186;187;188;189;190;191;192;193;194;196;197;198;199;200;201;202;203;204;205;206;207;208;209;210;211;212;213;214;215;216;217;218;221;222;223;224;225;226;228;229;230;231;232;233;234;235;236;237;238;239;240;241;242;243;244;245;247;248;249;250;251;252;253;254;258;259;260;261;262;263;264;265;266;267;268;269;270;271;272;273;274;275;277;278;280;281;282;283;285;286;287;288;289;290;291;292;293;294;295;296;297;298;299;300;301;303;304;305;306;307;308;309;310;311;312;313;314;315;316;317;318;319;320;322;323;324;325;326;327;329;330;331;332;333;334;335;336;337;338;340;341;342;343;344;345;346;347;348;349;350;351;352;354;355;356;357;358;359;360;361;362;363;364;365;366;367;368;369;370;371;373;374;375;376;377;378;379;380;382;383;384;385;386;387;388;389;391;392;393;394;395;396;397;398;399;400;401;402;404;405;406;407;408;409;410;412;413;414;415;416;417;418;419;420;421;422;423;424;425;426;427;428;429;430;431;432;433;434;435;436;437;438;439;440;441;442;443;444;445;446;447;448;449;450;451;452;453;454;456;457;458;459;461;462;463;464;465;466;467;470;471;472;473;474;475;476;477;478;479;480;481;482;483;484;485;487;488;490;491;492;493;494;495;496;497;498;499;500;501;502;503;504;505;506;507;508;509;510;511;512;513;514;515;516;517;518;519;520;521;522;523;524;526;527;528;529;530;531;532;534;535;536;537;539;540;541;542;543;545;546;547;548;550;551;552;553;554;555;556;557;558;559;560;561;565;566;567;568;569;570;571;572;573;574;575;576;577;578;579;580;582;583;584;585;586;587;588;589;590;591;592;593;594;595;596;597;598;600;601;602;603;604;605;606;607;608;609;610;611;612;613;615;616;617;618;619;620;621;623;624;625;626;627;628;629;630;631;632;633;634;635;636;637;638;639;641;642;643;644;645;647;648;649;650;651;652;653;654;656;657;659;660;661;662;663;664;665;666;667;668;669;670;671;672;673;675;676;677;678;679;681;682;683;684;685;686;687;688;689;690;691;693;694;695;696;697;698;699;700;701;702;703;705;706;707;708;709;710;711;712;713;714;715;716;717;718;719;721;722;723;724;725;726;727;729;731;732;733;735;736;737;738;739;740;741;742;743;744;745;746;747;748;749;750;751;753;754;755;756;757;758;759;760;761;762;763;764;765;766;767;768;769;770;771;772;773;774;775;776;777;778;779;780;781;783;784;785;786;788;789;790;791;792;793;794;795;796;798;799;800;801;802;803;805;806;807;808;809;810;811;812;813;814;815;816;817;818;819;820;821;823;825;826;827;828;829;830;831;832;833;834;835;836;837;839;840;841;842;843;844;845;846;847;848;849;850;852;853;854;856;857;858;859;861;862;863;864;865;866;867;868;869;870;871;872;873;875;876;877;879;880;881;882;884;885;886;887;888;889;890;891;892;893;894;895;896;897;898;899;900;901;902;903;904;905;906;907;908;909;910;912;913;914;915;916;917;918;919;920;921;922;923;924;925;926;927;928;929;930;931;932;933;934;935;936;937;938;939;940;941;942;943;944;946;947;948;949;950;952;953;954;955;956;957;958;960;961;962;963;964;965;966;967;968;970;971;972;974;975;976;977;978;979;980;981;982;983;984;985;986;987;988;990;991;992;993;994;995;996;997;998;999;1000;1001;1002;1003;1004;1005;1006;1007;1008;1009;1010;1011;1012;1013;1014;1015;1017;1018;1019;1020;1021;1022;1023;1024;1025;1026;1027;1028;1029;1030;1031;1032;1033;1034;1035;1036;1037;1038;1039;1040;1041;1042;1043;1044;1045;1046;1047;1048;1049;1050;1051;1052;1053;1054;1056;1057;1058;1059;1060;1061;1063;1064;1065;1066;1067;1068;1069;1070;1071;1072;1073;1074;1075;1076;1077;1078;1079;1080;1081;1082;1083;1084;1085;1086;1087;1088;1089;1090;1091;1092;1093;1094;1096;1097;1098;1099;1100;1101;1102;1103;1104;1107;1108;1109;1110;1111;1112;1113;1114;1115;1116;1117;1118;1119;1120;1121;1122;1123;1124;1125;1126;1127;1129;1130;1131;1132;1133;1134;1135;1136;1137;1139;1140;1141;1142;1143;1144;1145;1146;1147;1148;1149;1150;1151;1152;1153;1154;1155;1156;1157;1158;1159;1160;1161;1162;1163;1164;1165;1166;1167;1168;1169;1170;1171;1172;1173;1174;1175;1176;1177;1179;1181;1182;1183;1184;1185;1186;1188;1189;1190;1191;1192;1193;1194;1195;1196;1197;1198;1199;1200;1201;1202;1203;1204;1205;1206;1207;1208;1209;1210;1211;1212;1213;1214;1215;1216;1217;1218;1219;1221;1222;1223;1224;1225;1226;1227;1228;1229;1230;1232;1235;1236;1237;1239;1240;1241;1242;1243;1244;1245;1246;1247;1248;1249;1250;1251;1252;1253;1254;1255;1256;1257;1258;1259;1260;1261;1262;1263;1264;1265;1266;1267;1269;1270;1272;1273;1274;1275;1276;1277;1278;1279;1280;1281;1282;1283;1284;1285;1286;1287;1288;1289;1290;1291;1292;1293;1294;1295;1296;1297;1298;1299;1301;1302;1303;1304;1305;1306;1307;1308;1309;1310;1311;1312;1313;1314;1315;1316;1317;1318;1319;1320;1322;1323;1324;1325;1326;1327;1328;1329;1330;1332;1333;1334;1335;1336;1337;1339;1340;1341;1342;1343;1345;1346;1347;1348;1349;1350;1351;1352;1355;1356;1357;1358;1359;1360;1361;1362;1363;1364;1365;1366;1367;1368;1370;1371;1372;1373;1374;1375;1376;1377;1378;1379;1380;1381;1383;1384;1387;1389;1390;1391;1392;1393;1394;1395;1396;1397;1398;1399;1400;1401;1402;1403;1404;1405;1406;1407;1408;1409;1411;1412;1414;1415;1416;1417;1418;1419;1420;1421;1422;1423;1424;1425;1427;1428;1429;1430;1431;1432;1433;1434;1435;1436;1437;1438;1439;1440;1441;1442;1443;1444;1445;1446;1447;1448;1449;1450;1451;1452;1454;1455;1456;1457;1458;1459;1461;1462;1463;1464;1465;1466;1467;1468;1469;1470;1473;1474;1475;1476;1477;1478;1479;1480;1481;1482;1483;1484;1485;1486;1487;1488;1489;1490;1491;1492;1494;1495;1496;1497;1498;1499;1500;1501;1502;1503;1504;1505;1506;1507;1508;1509;1510;1511;1512;1513;1514;1515;1516;1517;1518;1519;1520;1521;1522;1523;1524;1525;1526;1527;1528;1529;1530;1531;1532;1533;1534;1536;1537;1538;1539;1540;1541;1542;1543;1544;1545;1546;1547;1548;1549;1550;1551;1552;1553;1554;1555;1556;1557;1558;1559;1561;1562;1563;1564;1565;1566;1567;1568;1569;1570;1571;1573;1574;1575;1576;1577;1578;1579;1580;1581;1582;1583;1584;1585;1586;1587;1588;1589;1590;1591;1592;1593;1594;1595;1596;1597;1598;1599;1600;1601;1602;1603;1604;1605;1606;1607;1608;1609;1611;1612;1613;1614;1616;1617;1618;1619;1620;1621;1622;1623;1624;1625;1626;1627;1628;1629;1630;1631;1632;1633;1634;1635;1636;1637;1638;1639;1640;1641;1642;1643;1644;1645;1646;1647;1648;1649;1650;1651;1653;1654;1655;1656;1657;1658;1659;1660;1661;1662;1663;1664;1667;1668;1670;1671;1672;1673;1674;1675;1676;1677;1678;1679;1681;1683;1684;1685;1686;1687;1688;1689;1690;1691;1692;1693;1694;1695;1696;1697;1698;1699;1700;1701;1702;1703;1704;1705;1706;1707;1708;1709;1710;1711;1712;1713;1714;1715;1716;1717;1718;1719;1720;1721;1722;1723;1724;1725;1726;1727;1728;1729;1730;1731;1732;1733;1734;1735;1736;1737;1738;1740;1741;1742;1743;1744;1745;1746;1747;1749;1750;1751;1752;1754;1755;1756;1757;1758;1759;1760;1762;1763;1764;1765;1766;1767;1768;1769;1770;1771;1772;1773;1774;1775;1776;1777;1778;1779;1780;1781;1782;1783;1784;1785;1786;1787;1788;1789;1790;1791;1792;1793;1794;1795;1797;1798;1799;1801;1802;1803;1804;1805;1806;1807;1808;1810;1811;1812;1813;1814;1815;1817;1819;1820;1821;1822;1823;1824;1825;1826;1827;1828;1829;1830;1831;1832;1833;1834;1835;1836;1837;1838;1839;1840;1841;1842;1843;1844;1845;1846;1847;1848;1849;1850;1851;1852;1853;1854;1855;1856;1857;1858;1859;1860;1861;1862;1863;1864;1865;1866;1867;1868;1869;1870;1871;1872;1873;1874;1875;1876;1877;1878;1879;1880;1881;1882;1883;1884;1886;1887;1888;1889;1890;1891;1892;1893;1894;1896;1897;1898;1899;1900;1901;1902;1903;1904;1905;1907;1908;1909;1910;1911;1912;1913;1914;1915;1916;1917;1918;1919;1920;1921;1922;1923;1924;1925;1926;1928;1930;1931;1932;1933;1934;1935;1937;1938;1939;1940;1941;1942;1943;1944;1945;1946;1947;1948;1949;1950;1951;1952;1953;1954;1956;1957;1958;1959;1960;1961;1962;1963;1964;1965;1966;1967;1968;1969;1970;1971;1972;1973;1974;1975;1977;1978;1980;1981;1983;1984;1985;1986;1987;1988;1989;1990;1991;1992;1993;1995;1996;1997;1998;1999;2000;2001;2002;2003;2004;2005;2006;2007;2008;2009;2010;2011;2012;2013;2014;2015;2016;2017;2018;2019;2020;2021;2022;2023;2024;2026;2027;2028;2029;2030;2031;2032;2034;2036;2037;2038;2039;2040;2042;2043;2044;2045;2046;2047;2048;2049;2050;2052;2053;2055;2056;2057;2058;2059;2060;2061;2062;2063;2064;2065;2066;2067;2068;2069;2070;2071;2072;2073;2074;2075;2077;2078;2079;2081;2082;2084;2086;2087;2088;2089;2090;2091;2092;2093;2094;2095;2096;2097;2098;2099;2100;2101;2102;2103;2104;2105;2106;2107;2109;2111;2112;2113;2114;2116;2117;2118;2119;2120;2121;2122;2123;2124;2125;2126;2127;2129;2130;2131;2133;2134;2135;2136;2137;2138;2139;2140;2141;2142;2143;2144;2145;2146;2147;2148;2149;2150;2151;2152;2153;2154;2155;2156;2157;2158;2159;2160;2161;2162;2163;2164;2165;2166;2167;2168;2169;2170;2171;2172;2173;2174;2176;2177;2178;2179;2180;2181;2182;2183;2186;2187;2188;2190;2191;2192;2193;2194;2195;2196;2197;2198;2199;2200;2201;2202;2203;2204;2205;2207;2208;2209;2210;2211;2212;2213;2214;2215;2216;2217;2218;2219;2220;2221;2222;2223;2224;2225;2226;2227;2228;2229;2230;2231;2232;2233;2234;2235;2236;2237;2238;2239;2240;2241;2242;2243;2244;2245;2246;2247;2250;2251;2252;2253;2254;2255;2256;2257;2258;2259;2261;2262;2263;2264;2265;2266;2267;2270;2272;2273;2274;2275;2276;2277;2278;2279;2280;2281;2283;2284;2285;2286;2288;2289;2290;2291;2292;2293;2294;2295;2296;2297;2298;2299;2300;2301;2302;2304;2305;2306;2307;2308;2309;2310;2311;2312;2313;2314;2315;2316;2317;2318;2319;2322;2323;2324;2325;2326;2327;2328;2329;2330;2331;2332;2333;2334;2335;2336;2337;2338;2339;2340;2341;2342;2343;2344;2345;2346;2347;2348;2349;2350;2352;2353;2354;2355;2356;2357;2358;2359;2360;2361;2362;2363;2365;2366;2367;2368;2369;2370;2371;2373;2374;2375;2376;2378;2379;2380;2381;2382;2383;2386;2388;2390;2391;2392;2393;2394;2395;2396;2397;2399;2400;2401;2403;2404;2406;2407;2408;2409;2410;2411;2412;2413;2414;2415;2416;2418;2419;2420;2422;2423;2424;2425;2426;2427;2428;2429;2430;2431;2432;2433;2434;2435;2436;2438;2439;2440;2442;2443;2444;2445;2446;2447;2448;2449;2450;2451;2452;2453;2454;2455;2456;2457;2458;2459;2460;2461;2462;2463;2464;2465;2467;2468;2469;2470;2471;2472;2473;2474;2475;2476;2477;2479;2480;2481;2482;2483;2484;2485;2486;2487;2488;2489;2490;2491;2492;2493;2495;2496;2497;2498;2499;2500;2501;2502;2503;2504;2505;2506;2507;2508;2509;2510;2511;2512;2513;2514;2515;2516;2518;2519;2520;2521;2522;2523;2524;2525;2526;2527;2529;2530;2531;2532;2533;2534;2535;2536;2537;2538;2539;2540;2541;2542;2543;2544;2545;2546;2547;2548;2549;2550;2552;2553;2554;2556;2557;2558;2559;2560;2561;2562;2563;2565;2566;2567;2568;2569;2570;2571;2572;2573;2574;2575;2576;2577;2578;2580;2581;2582;2583;2584;2585;2586;2587;2588;2590;2591;2592;2593;2594;2595;2596;2597;2598;2599;2600;2601;2602;2603;2604;2605;2606;2607;2608;2609;2610;2611;2612;2613;2614;2615;2616;2617;2618;2619;2620;2621;2622;2624;2625;2626;2627;2628;2629;2630;2631;2632;2633;2634;2635;2636;2637;2638;2639;2641;2643;2644;2645;2646;2647;2648;2650;2651;2652;2653;2654;2655;2656;2657;2658;2659;2660;2662;2663;2664;2665;2666;2667;2668;2669;2670;2671;2672;2673;2674;2675;2676;2677;2678;2679;2680;2681;2682;2683;2684;2685;2686;2687;2688;2689;2691;2692;2693;2694;2695;2696;2697;2698;2701;2702;2703;2704;2705;2706;2707;2708;2709;2710;2711;2712;2713;2714;2715;2716;2717;2718;2719;2720;2721;2722;2723;2724;2725;2726;2727;2728;2729;2730;2732;2733;2734;2736;2737;2738;2739;2740;2741;2742;2744;2745;2746;2747;2748;2749;2750;2751;2753;2754;2755;2756;2758;2759;2760;2762;2763;2764;2765;2766;2767;2768;2770;2771;2772;2773;2774;2776;2777;2778;2779;2780;2781;2782;2783;2784;2785;2786;2787;2788;2789;2790;2791;2792;2793;2794;2795;2796;2797;2798;2799;2800;2801;2802;2803;2804;2805;2806;2807;2809;2810;2811;2812;2813;2814;2815;2816;2817;2818;2819;2820;2821;2822;2825;2826;2827;2828;2829;2830;2831;2833;2834;2835;2836;2837;2838;2839;2840;2841;2842;2843;2844;2845;2846;2847;2848;2849;2850;2851;2852;2853;2854;2855;2856;2857;2858;2859;2860;2861;2862;2863;2864;2865;2866;2867;2868;2869;2870;2871;2872;2873;2874;2875;2876;2877;2878;2881;2882;2884;2885;2886;2887;2888;2889;2890;2891;2892;2893;2894;2895;2896;2897;2898;2899;2900;2901;2902;2903;2904;2905;2906;2907;2908;2909;2910;2912;2913;2914;2915;2917;2918;2919;2920;2921;2922;2923;2924;2925;2926;2927;2928;2929;2930;2931;2932;2933;2934;2935;2936;2937;2938;2939;2940;2941;2942;2943;2944;2945;2947;2948;2949;2950;2951;2952;2953;2954;2956;2957;2958;2959;2960;2961;2962;2963;2964;2965;2966;2967;2968;2969;2970;2971;2972;2973;2974;2975;2976;2977;2978;2980;2981;2982;2983;2984;2985;2986;2987;2988;2989;2990;2991;2992;2993;2995;2996;2997;2999;3000;3001;3002;3003;3004;3005;3006;3007;3008;3009;3010;3011;3012;3013;3014;3015;3016;3017;3018;3019;3020;3022;3023;3024;3025;3026;3027;3029;3030;3031;3032;3034;3035;3036;3037;3038;3039;3040;3041;3042;3044;3045;3047;3048;3049;3050;3051;3052;3053;3054;3055;3056;3057;3058;3059;3060;3061;3062;3063;3064;3065;3066;3067;3068;3069;3071;3072;3073;3074;3075;3076;3077;3078;3079;3080;3081;3082;3083;3084;3086;3087;3090;3091;3092;3093;3094;3096;3097;3098;3099;3100;3101;3102;3103;3104;3105;3106;3107;3109;3110;3111;3112;3113;3114;3115;3116;3117;3118;3119;3121;3122;3123;3124;3125;3126;3127;3128;3129;3130;3131;3132;3133;3134;3135;3136;3137;3138;3139;3140;3141;3142;3143;3145;3146;3147;3148;3149;3150;3151;3154;3155;3156;3157;3158;3159;3160;3161;3162;3163;3164;3165;3166;3167;3168;3169;3170;3171;3172;3173;3174;3175;3176;3177;3178;3179;3180;3181;3182;3183;3184;3185;3186;3187;3188;3189;3190;3191;3192;3193;3194;3195;3196;3197;3198;3199;3200",209.859656095505,"ok",NA,"2026-08-09 22:10:34"
"PenDigits","SUN-MCCD",0.005,3200,16,1,0.0792452830188679,0.539622641509434,0.0330250990752972,2948,1,3200,"3200","1;2;3;4;5;6;7;8;9;10;11;12;13;14;15;16;17;19;21;22;24;25;26;27;28;29;30;31;32;33;34;35;36;37;39;40;41;42;43;44;45;46;47;48;49;50;52;53;54;55;56;57;58;59;60;61;62;63;64;65;66;67;68;69;70;71;72;73;74;75;76;77;78;79;80;82;83;84;85;86;87;88;89;90;91;92;93;94;95;96;97;98;99;101;102;103;104;106;107;108;109;110;111;112;113;114;115;116;117;118;119;120;121;122;123;124;125;126;127;128;129;131;132;133;134;135;136;137;138;139;140;141;142;143;144;146;147;148;149;150;151;152;153;154;155;156;157;158;159;160;161;162;163;164;165;166;167;168;169;170;171;172;173;174;175;176;177;178;179;180;181;182;183;184;185;186;187;188;189;190;191;192;193;194;196;197;198;199;200;201;202;203;204;205;206;207;208;209;210;211;212;213;214;215;216;217;218;221;222;223;224;225;226;228;229;230;231;232;233;234;235;236;237;238;239;240;241;242;243;244;245;247;248;249;250;251;252;253;254;258;259;260;261;262;263;264;265;266;267;268;269;270;271;272;273;274;275;277;278;280;281;282;283;285;286;287;288;289;290;291;292;293;294;295;296;297;298;299;300;301;303;304;305;306;307;308;309;310;311;312;313;314;315;316;317;318;319;320;322;323;324;325;326;327;329;330;331;332;333;334;335;336;337;338;340;341;342;343;344;345;346;347;348;349;350;351;352;354;355;356;357;358;359;360;361;362;363;364;365;366;367;368;369;370;371;373;374;375;376;377;378;379;380;382;383;384;385;386;387;388;389;391;392;393;394;395;396;397;398;399;400;401;402;404;405;406;407;408;409;410;412;413;414;415;416;417;418;419;420;421;422;423;424;425;426;427;428;429;430;431;432;433;434;435;436;437;438;439;440;441;442;443;444;445;446;447;448;449;450;451;452;453;454;456;457;458;459;461;462;463;464;465;466;467;470;471;472;473;474;475;476;477;478;479;480;481;482;483;484;485;487;488;490;491;492;493;494;495;496;497;498;499;500;501;502;503;504;505;506;507;508;509;510;511;512;513;514;515;516;517;518;519;520;521;522;523;524;526;527;528;529;530;531;532;534;535;536;537;539;540;541;542;543;545;546;547;548;550;551;552;553;554;555;556;557;558;559;560;561;565;566;567;568;569;570;571;572;573;574;575;576;577;578;579;580;582;583;584;585;586;587;588;589;590;591;592;593;594;595;596;597;598;600;601;602;603;604;605;606;607;608;609;610;611;612;613;615;616;617;618;619;620;621;623;624;625;626;627;628;629;630;631;632;633;634;635;636;637;638;639;641;642;643;644;645;647;648;649;650;651;652;653;654;656;657;659;660;661;662;663;664;665;666;667;668;669;670;671;672;673;675;676;677;678;679;681;682;683;684;685;686;687;688;689;690;691;693;694;695;696;697;698;699;700;701;702;703;705;706;707;708;709;710;711;712;713;714;715;716;717;718;719;721;722;723;724;725;726;727;729;731;732;733;735;736;737;738;739;740;741;742;743;744;745;746;747;748;749;750;751;753;754;755;756;757;758;759;760;761;762;763;764;765;766;767;768;769;770;771;772;773;774;775;776;777;778;779;780;781;783;784;785;786;788;789;790;791;792;793;794;795;796;798;799;800;801;802;803;805;806;807;808;809;810;811;812;813;814;815;816;817;818;819;820;821;823;825;826;827;828;829;830;831;832;833;834;835;836;837;839;840;841;842;843;844;845;846;847;848;849;850;852;853;854;856;857;858;859;861;862;863;864;865;866;867;868;869;870;871;872;873;875;876;877;879;880;881;882;884;885;886;887;888;889;890;891;892;893;894;895;896;897;898;899;900;901;902;903;904;905;906;907;908;909;910;912;913;914;915;916;917;918;919;920;921;922;923;924;925;926;927;928;929;930;931;932;933;934;935;936;937;938;939;940;941;942;943;944;946;947;948;949;950;952;953;954;955;956;957;958;960;961;962;963;964;965;966;967;968;970;971;972;974;975;976;977;978;979;980;981;982;983;984;985;986;987;988;990;991;992;993;994;995;996;997;998;999;1000;1001;1002;1003;1004;1005;1006;1007;1008;1009;1010;1011;1012;1013;1014;1015;1017;1018;1019;1020;1021;1022;1023;1024;1025;1026;1027;1028;1029;1030;1031;1032;1033;1034;1035;1036;1037;1038;1039;1040;1041;1042;1043;1044;1045;1046;1047;1048;1049;1050;1051;1052;1053;1054;1056;1057;1058;1059;1060;1061;1063;1064;1065;1066;1067;1068;1069;1070;1071;1072;1073;1074;1075;1076;1077;1078;1079;1080;1081;1082;1083;1084;1085;1086;1087;1088;1089;1090;1091;1092;1093;1094;1096;1097;1098;1099;1100;1101;1102;1103;1104;1107;1108;1109;1110;1111;1112;1113;1114;1115;1116;1117;1118;1119;1120;1121;1122;1123;1124;1125;1126;1127;1129;1130;1131;1132;1133;1134;1135;1136;1137;1139;1140;1141;1142;1143;1144;1145;1146;1147;1148;1149;1150;1151;1152;1153;1154;1155;1156;1157;1158;1159;1160;1161;1162;1163;1164;1165;1166;1167;1168;1169;1170;1171;1172;1173;1174;1175;1176;1177;1179;1181;1182;1183;1184;1185;1186;1188;1189;1190;1191;1192;1193;1194;1195;1196;1197;1198;1199;1200;1201;1202;1203;1204;1205;1206;1207;1208;1209;1210;1211;1212;1213;1214;1215;1216;1217;1218;1219;1221;1222;1223;1224;1225;1226;1227;1228;1229;1230;1232;1235;1236;1237;1239;1240;1241;1242;1243;1244;1245;1246;1247;1248;1249;1250;1251;1252;1253;1254;1255;1256;1257;1258;1259;1260;1261;1262;1263;1264;1265;1266;1267;1269;1270;1272;1273;1274;1275;1276;1277;1278;1279;1280;1281;1282;1283;1284;1285;1286;1287;1288;1289;1290;1291;1292;1293;1294;1295;1296;1297;1298;1299;1301;1302;1303;1304;1305;1306;1307;1308;1309;1310;1311;1312;1313;1314;1315;1316;1317;1318;1319;1320;1322;1323;1324;1325;1326;1327;1328;1329;1330;1332;1333;1334;1335;1336;1337;1339;1340;1341;1342;1343;1345;1346;1347;1348;1349;1350;1351;1352;1355;1356;1357;1358;1359;1360;1361;1362;1363;1364;1365;1366;1367;1368;1370;1371;1372;1373;1374;1375;1376;1377;1378;1379;1380;1381;1383;1384;1387;1389;1390;1391;1392;1393;1394;1395;1396;1397;1398;1399;1400;1401;1402;1403;1404;1405;1406;1407;1408;1409;1411;1412;1414;1415;1416;1417;1418;1419;1420;1421;1422;1423;1424;1425;1427;1428;1429;1430;1431;1432;1433;1434;1435;1436;1437;1438;1439;1440;1441;1442;1443;1444;1445;1446;1447;1448;1449;1450;1451;1452;1454;1455;1456;1457;1458;1459;1461;1462;1463;1464;1465;1466;1467;1468;1469;1470;1473;1474;1475;1476;1477;1478;1479;1480;1481;1482;1483;1484;1485;1486;1487;1488;1489;1490;1491;1492;1494;1495;1496;1497;1498;1499;1500;1501;1502;1503;1504;1505;1506;1507;1508;1509;1510;1511;1512;1513;1514;1515;1516;1517;1518;1519;1520;1521;1522;1523;1524;1525;1526;1527;1528;1529;1530;1531;1532;1533;1534;1536;1537;1538;1539;1540;1541;1542;1543;1544;1545;1546;1547;1548;1549;1550;1551;1552;1553;1554;1555;1556;1557;1558;1559;1561;1562;1563;1564;1565;1566;1567;1568;1569;1570;1571;1573;1574;1575;1576;1577;1578;1579;1580;1581;1582;1583;1584;1585;1586;1587;1588;1589;1590;1591;1592;1593;1594;1595;1596;1597;1598;1599;1600;1601;1602;1603;1604;1605;1606;1607;1608;1609;1611;1612;1613;1614;1616;1617;1618;1619;1620;1621;1622;1623;1624;1625;1626;1627;1628;1629;1630;1631;1632;1633;1634;1635;1636;1637;1638;1639;1640;1641;1642;1643;1644;1645;1646;1647;1648;1649;1650;1651;1653;1654;1655;1656;1657;1658;1659;1660;1661;1662;1663;1664;1667;1668;1670;1671;1672;1673;1674;1675;1676;1677;1678;1679;1681;1683;1684;1685;1686;1687;1688;1689;1690;1691;1692;1693;1694;1695;1696;1697;1698;1699;1700;1701;1702;1703;1704;1705;1706;1707;1708;1709;1710;1711;1712;1713;1714;1715;1716;1717;1718;1719;1720;1721;1722;1723;1724;1725;1726;1727;1728;1729;1730;1731;1732;1733;1734;1735;1736;1737;1738;1740;1741;1742;1743;1744;1745;1746;1747;1749;1750;1751;1752;1754;1755;1756;1757;1758;1759;1760;1762;1763;1764;1765;1766;1767;1768;1769;1770;1771;1772;1773;1774;1775;1776;1777;1778;1779;1780;1781;1782;1783;1784;1785;1786;1787;1788;1789;1790;1791;1792;1793;1794;1795;1797;1798;1799;1801;1802;1803;1804;1805;1806;1807;1808;1810;1811;1812;1813;1814;1815;1817;1819;1820;1821;1822;1823;1824;1825;1826;1827;1828;1829;1830;1831;1832;1833;1834;1835;1836;1837;1838;1839;1840;1841;1842;1843;1844;1845;1846;1847;1848;1849;1850;1851;1852;1853;1854;1855;1856;1857;1858;1859;1860;1861;1862;1863;1864;1865;1866;1867;1868;1869;1870;1871;1872;1873;1874;1875;1876;1877;1878;1879;1880;1881;1882;1883;1884;1886;1887;1888;1889;1890;1891;1892;1893;1894;1896;1897;1898;1899;1900;1901;1902;1903;1904;1905;1907;1908;1909;1910;1911;1912;1913;1914;1915;1916;1917;1918;1919;1920;1921;1922;1923;1924;1925;1926;1928;1930;1931;1932;1933;1934;1935;1937;1938;1939;1940;1941;1942;1943;1944;1945;1946;1947;1948;1949;1950;1951;1952;1953;1954;1956;1957;1958;1959;1960;1961;1962;1963;1964;1965;1966;1967;1968;1969;1970;1971;1972;1973;1974;1975;1977;1978;1980;1981;1983;1984;1985;1986;1987;1988;1989;1990;1991;1992;1993;1995;1996;1997;1998;1999;2000;2001;2002;2003;2004;2005;2006;2007;2008;2009;2010;2011;2012;2013;2014;2015;2016;2017;2018;2019;2020;2021;2022;2023;2024;2026;2027;2028;2029;2030;2031;2032;2034;2036;2037;2038;2039;2040;2042;2043;2044;2045;2046;2047;2048;2049;2050;2052;2053;2055;2056;2057;2058;2059;2060;2061;2062;2063;2064;2065;2066;2067;2068;2069;2070;2071;2072;2073;2074;2075;2077;2078;2079;2081;2082;2084;2086;2087;2088;2089;2090;2091;2092;2093;2094;2095;2096;2097;2098;2099;2100;2101;2102;2103;2104;2105;2106;2107;2109;2111;2112;2113;2114;2116;2117;2118;2119;2120;2121;2122;2123;2124;2125;2126;2127;2129;2130;2131;2133;2134;2135;2136;2137;2138;2139;2140;2141;2142;2143;2144;2145;2146;2147;2148;2149;2150;2151;2152;2153;2154;2155;2156;2157;2158;2159;2160;2161;2162;2163;2164;2165;2166;2167;2168;2169;2170;2171;2172;2173;2174;2176;2177;2178;2179;2180;2181;2182;2183;2186;2187;2188;2190;2191;2192;2193;2194;2195;2196;2197;2198;2199;2200;2201;2202;2203;2204;2205;2207;2208;2209;2210;2211;2212;2213;2214;2215;2216;2217;2218;2219;2220;2221;2222;2223;2224;2225;2226;2227;2228;2229;2230;2231;2232;2233;2234;2235;2236;2237;2238;2239;2240;2241;2242;2243;2244;2245;2246;2247;2250;2251;2252;2253;2254;2255;2256;2257;2258;2259;2261;2262;2263;2264;2265;2266;2267;2270;2272;2273;2274;2275;2276;2277;2278;2279;2280;2281;2283;2284;2285;2286;2288;2289;2290;2291;2292;2293;2294;2295;2296;2297;2298;2299;2300;2301;2302;2304;2305;2306;2307;2308;2309;2310;2311;2312;2313;2314;2315;2316;2317;2318;2319;2322;2323;2324;2325;2326;2327;2328;2329;2330;2331;2332;2333;2334;2335;2336;2337;2338;2339;2340;2341;2342;2343;2344;2345;2346;2347;2348;2349;2350;2352;2353;2354;2355;2356;2357;2358;2359;2360;2361;2362;2363;2365;2366;2367;2368;2369;2370;2371;2373;2374;2375;2376;2378;2379;2380;2381;2382;2383;2386;2388;2390;2391;2392;2393;2394;2395;2396;2397;2399;2400;2401;2403;2404;2406;2407;2408;2409;2410;2411;2412;2413;2414;2415;2416;2418;2419;2420;2422;2423;2424;2425;2426;2427;2428;2429;2430;2431;2432;2433;2434;2435;2436;2438;2439;2440;2442;2443;2444;2445;2446;2447;2448;2449;2450;2451;2452;2453;2454;2455;2456;2457;2458;2459;2460;2461;2462;2463;2464;2465;2467;2468;2469;2470;2471;2472;2473;2474;2475;2476;2477;2479;2480;2481;2482;2483;2484;2485;2486;2487;2488;2489;2490;2491;2492;2493;2495;2496;2497;2498;2499;2500;2501;2502;2503;2504;2505;2506;2507;2508;2509;2510;2511;2512;2513;2514;2515;2516;2518;2519;2520;2521;2522;2523;2524;2525;2526;2527;2529;2530;2531;2532;2533;2534;2535;2536;2537;2538;2539;2540;2541;2542;2543;2544;2545;2546;2547;2548;2549;2550;2552;2553;2554;2556;2557;2558;2559;2560;2561;2562;2563;2565;2566;2567;2568;2569;2570;2571;2572;2573;2574;2575;2576;2577;2578;2580;2581;2582;2583;2584;2585;2586;2587;2588;2590;2591;2592;2593;2594;2595;2596;2597;2598;2599;2600;2601;2602;2603;2604;2605;2606;2607;2608;2609;2610;2611;2612;2613;2614;2615;2616;2617;2618;2619;2620;2621;2622;2624;2625;2626;2627;2628;2629;2630;2631;2632;2633;2634;2635;2636;2637;2638;2639;2641;2643;2644;2645;2646;2647;2648;2650;2651;2652;2653;2654;2655;2656;2657;2658;2659;2660;2662;2663;2664;2665;2666;2667;2668;2669;2670;2671;2672;2673;2674;2675;2676;2677;2678;2679;2680;2681;2682;2683;2684;2685;2686;2687;2688;2689;2691;2692;2693;2694;2695;2696;2697;2698;2701;2702;2703;2704;2705;2706;2707;2708;2709;2710;2711;2712;2713;2714;2715;2716;2717;2718;2719;2720;2721;2722;2723;2724;2725;2726;2727;2728;2729;2730;2732;2733;2734;2736;2737;2738;2739;2740;2741;2742;2744;2745;2746;2747;2748;2749;2750;2751;2753;2754;2755;2756;2758;2759;2760;2762;2763;2764;2765;2766;2767;2768;2770;2771;2772;2773;2774;2776;2777;2778;2779;2780;2781;2782;2783;2784;2785;2786;2787;2788;2789;2790;2791;2792;2793;2794;2795;2796;2797;2798;2799;2800;2801;2802;2803;2804;2805;2806;2807;2809;2810;2811;2812;2813;2814;2815;2816;2817;2818;2819;2820;2821;2822;2825;2826;2827;2828;2829;2830;2831;2833;2834;2835;2836;2837;2838;2839;2840;2841;2842;2843;2844;2845;2846;2847;2848;2849;2850;2851;2852;2853;2854;2855;2856;2857;2858;2859;2860;2861;2862;2863;2864;2865;2866;2867;2868;2869;2870;2871;2872;2873;2874;2875;2876;2877;2878;2881;2882;2884;2885;2886;2887;2888;2889;2890;2891;2892;2893;2894;2895;2896;2897;2898;2899;2900;2901;2902;2903;2904;2905;2906;2907;2908;2909;2910;2912;2913;2914;2915;2917;2918;2919;2920;2921;2922;2923;2924;2925;2926;2927;2928;2929;2930;2931;2932;2933;2934;2935;2936;2937;2938;2939;2940;2941;2942;2943;2944;2945;2947;2948;2949;2950;2951;2952;2953;2954;2956;2957;2958;2959;2960;2961;2962;2963;2964;2965;2966;2967;2968;2969;2970;2971;2972;2973;2974;2975;2976;2977;2978;2980;2981;2982;2983;2984;2985;2986;2987;2988;2989;2990;2991;2992;2993;2995;2996;2997;2999;3000;3001;3002;3003;3004;3005;3006;3007;3008;3009;3010;3011;3012;3013;3014;3015;3016;3017;3018;3019;3020;3022;3023;3024;3025;3026;3027;3029;3030;3031;3032;3034;3035;3036;3037;3038;3039;3040;3041;3042;3044;3045;3047;3048;3049;3050;3051;3052;3053;3054;3055;3056;3057;3058;3059;3060;3061;3062;3063;3064;3065;3066;3067;3068;3069;3071;3072;3073;3074;3075;3076;3077;3078;3079;3080;3081;3082;3083;3084;3086;3087;3090;3091;3092;3093;3094;3096;3097;3098;3099;3100;3101;3102;3103;3104;3105;3106;3107;3109;3110;3111;3112;3113;3114;3115;3116;3117;3118;3119;3121;3122;3123;3124;3125;3126;3127;3128;3129;3130;3131;3132;3133;3134;3135;3136;3137;3138;3139;3140;3141;3142;3143;3145;3146;3147;3148;3149;3150;3151;3154;3155;3156;3157;3158;3159;3160;3161;3162;3163;3164;3165;3166;3167;3168;3169;3170;3171;3172;3173;3174;3175;3176;3177;3178;3179;3180;3181;3182;3183;3184;3185;3186;3187;3188;3189;3190;3191;3192;3193;3194;3195;3196;3197;3198;3199;3200",191.184036970139,"ok",NA,"2026-08-09 22:13:46"
