"dataset","method","alpha_token","alpha_q","alpha","alpha_source","base_token","variant","n","d","n_outliers","TPR","TNR","BA","F2","n_flagged","n_clusters","flagged_idx","elapsed_sec","s_min","status","note","timestamp"
"hepatitis","U-MCCD","900",0.9,0.1,"derived","999","RK",74,19,7,0.428571428571429,0.850746268656716,0.639658848614073,0.365853658536585,13,27,"32;33;35;44;48;52;57;59;61;65;68;71;73",8.44737100601196,NA,"ok",NA,"2026-08-09 21:33:41"
"hepatitis","U-MCCD","950",0.95,0.05,"derived","999","RK",74,19,7,0.428571428571429,0.850746268656716,0.639658848614073,0.365853658536585,13,26,"32;33;35;44;48;52;57;59;61;65;68;71;73",3.27595806121826,NA,"ok",NA,"2026-08-09 21:33:44"
"hepatitis","U-MCCD","990",0.99,0.01,"derived","999","RK",74,19,7,0.142857142857143,0.776119402985075,0.459488272921109,0.113636363636364,16,2,"3;7;9;10;14;18;27;28;32;38;42;43;54;62;63;73",2.94982600212097,NA,"ok",NA,"2026-08-09 21:33:47"
"hepatitis","U-MCCD","999",0.999,0.001,"derived","999","RK",74,19,7,0.285714285714286,0.91044776119403,0.598081023454158,0.277777777777778,8,12,"32;38;54;57;62;65;68;73",0.0964899063110352,NA,"ok",NA,"2026-08-09 21:33:48"
"hepatitis","SU-MCCD","900",0.9,0.1,"derived","999","RK",74,19,7,1,0.0298507462686567,0.514925373134328,0.35,72,1,"2;3;4;5;6;7;8;9;10;11;12;13;14;15;16;17;18;19;20;21;22;23;24;25;26;27;28;29;30;31;32;33;34;35;36;38;39;40;41;42;43;44;45;46;47;48;49;50;51;52;53;54;55;56;57;58;59;60;61;62;63;64;65;66;67;68;69;70;71;72;73;74",0.0523641109466553,0.0625,"ok",NA,"2026-08-09 21:33:48"
"hepatitis","SU-MCCD","950",0.95,0.05,"derived","999","RK",74,19,7,1,0.447761194029851,0.723880597014925,0.486111111111111,44,1,"2;3;6;9;10;11;14;16;17;19;20;22;24;28;30;35;38;39;43;44;47;48;49;50;51;52;53;54;55;57;58;59;60;62;63;64;67;68;69;70;71;72;73;74",0.0324149131774902,0.0625,"ok",NA,"2026-08-09 21:33:48"
"hepatitis","SU-MCCD","990",0.99,0.01,"derived","999","RK",74,19,7,1,0.417910447761194,0.708955223880597,0.472972972972973,46,1,"2;3;6;9;10;11;14;16;17;19;20;22;24;28;30;32;35;38;39;43;44;47;48;49;50;51;52;53;54;55;57;58;59;60;62;63;64;66;67;68;69;70;71;72;73;74",0.0315639972686768,0.0625,"ok",NA,"2026-08-09 21:33:48"
"hepatitis","SU-MCCD","999",0.999,0.001,"derived","999","RK",74,19,7,0.285714285714286,0.925373134328358,0.605543710021322,0.285714285714286,7,1,"28;38;54;63;67;68;73",0.0354568958282471,0.0625,"ok",NA,"2026-08-09 21:33:48"
"hepatitis","UN-MCCD","99",0.99,0.01,"disk","99","NN",74,19,7,0.714285714285714,0.656716417910448,0.685501066098081,0.446428571428572,28,1,"6;11;16;19;22;24;28;30;38;39;47;49;50;51;54;55;57;58;59;60;63;64;67;68;70;71;72;73",0.0771269798278809,NA,"ok",NA,"2026-08-09 21:33:48"
"hepatitis","UN-MCCD","999",0.999,0.001,"disk","999","NN",74,19,7,0.714285714285714,0.656716417910448,0.685501066098081,0.446428571428572,28,1,"6;11;16;19;22;24;28;30;38;39;47;49;50;51;54;55;57;58;59;60;63;64;67;68;70;71;72;73",0.0195760726928711,NA,"ok",NA,"2026-08-09 21:33:48"
"hepatitis","SUN-MCCD","99",0.99,0.01,"disk","99","NN",74,19,7,0.714285714285714,0.656716417910448,0.685501066098081,0.446428571428572,28,1,"6;11;16;19;22;24;28;30;38;39;47;49;50;51;54;55;57;58;59;60;63;64;67;68;70;71;72;73",0.041363000869751,0.0625,"ok",NA,"2026-08-09 21:33:48"
"hepatitis","SUN-MCCD","999",0.999,0.001,"disk","999","NN",74,19,7,0.714285714285714,0.656716417910448,0.685501066098081,0.446428571428572,28,1,"6;11;16;19;22;24;28;30;38;39;47;49;50;51;54;55;57;58;59;60;63;64;67;68;70;71;72;73",0.0204029083251953,0.0625,"ok",NA,"2026-08-09 21:33:48"
"lymphography","U-MCCD","900",0.9,0.1,"derived","999","RK",148,18,6,0.333333333333333,0.936619718309859,0.634976525821596,0.285714285714286,11,60,"16;29;33;54;69;83;86;88;92;145;148",24.694384098053,NA,"ok",NA,"2026-08-09 21:34:30"
"lymphography","U-MCCD","950",0.95,0.05,"derived","999","RK",148,18,6,0,0.936619718309859,0.46830985915493,0,9,57,"16;29;33;54;69;73;86;88;92",4.24635887145996,NA,"ok",NA,"2026-08-09 21:34:35"
"lymphography","U-MCCD","990",0.99,0.01,"derived","999","RK",148,18,6,0.166666666666667,0.915492957746479,0.541079812206573,0.135135135135135,13,49,"22;44;54;61;69;76;77;92;102;120;127;135;145",4.14875316619873,NA,"ok",NA,"2026-08-09 21:34:39"
"lymphography","U-MCCD","999",0.999,0.001,"derived","999","RK",148,18,6,1,0.901408450704225,0.950704225352113,0.681818181818182,20,3,"1;17;21;24;41;42;49;54;56;61;69;87;102;124;143;144;145;146;147;148",0.130817890167236,NA,"ok",NA,"2026-08-09 21:34:39"
"lymphography","SU-MCCD","900",0.9,0.1,"derived","999","RK",148,18,6,1,0.119718309859155,0.559859154929577,0.193548387096774,131,1,"1;2;3;4;5;7;8;9;10;11;12;13;14;15;16;17;18;19;20;21;22;23;24;25;27;28;29;30;32;35;36;37;38;39;40;41;42;43;44;46;48;49;50;51;52;53;54;55;56;57;60;61;62;63;64;65;66;67;68;69;70;71;72;73;75;76;77;78;79;80;81;82;83;84;85;86;87;88;89;90;91;92;93;94;95;96;97;98;99;100;101;102;103;104;105;107;108;109;110;111;112;113;114;116;117;118;119;120;121;122;123;124;125;127;128;129;131;132;135;136;138;139;140;141;142;143;144;145;146;147;148",0.119825839996338,0.0625,"ok",NA,"2026-08-09 21:34:39"
"lymphography","SU-MCCD","950",0.95,0.05,"derived","999","RK",148,18,6,1,0.957746478873239,0.97887323943662,0.833333333333333,12,1,"21;61;69;87;102;124;143;144;145;146;147;148",0.0695760250091553,0.0625,"ok",NA,"2026-08-09 21:34:39"
"lymphography","SU-MCCD","990",0.99,0.01,"derived","999","RK",148,18,6,1,0.894366197183099,0.947183098591549,0.666666666666667,21,1,"21;24;41;54;56;61;69;85;87;89;90;102;104;121;124;143;144;145;146;147;148",0.0892469882965088,0.0625,"ok",NA,"2026-08-09 21:34:39"
"lymphography","SU-MCCD","999",0.999,0.001,"derived","999","RK",148,18,6,1,0.922535211267606,0.961267605633803,0.731707317073171,17,1,"21;24;41;54;56;61;69;85;87;102;124;143;144;145;146;147;148",0.0892238616943359,0.0625,"ok",NA,"2026-08-09 21:34:40"
"lymphography","UN-MCCD","99",0.99,0.01,"disk","99","NN",148,18,6,1,0.859154929577465,0.929577464788732,0.6,26,2,"20;21;24;41;52;54;56;61;69;85;87;89;90;95;102;104;117;121;124;125;143;144;145;146;147;148",0.135318994522095,NA,"ok",NA,"2026-08-09 21:34:40"
"lymphography","UN-MCCD","999",0.999,0.001,"disk","999","NN",148,18,6,1,0.859154929577465,0.929577464788732,0.6,26,2,"20;21;24;41;52;54;56;61;69;85;87;89;90;95;102;104;117;121;124;125;143;144;145;146;147;148",0.0804970264434814,NA,"ok",NA,"2026-08-09 21:34:40"
"lymphography","SUN-MCCD","99",0.99,0.01,"disk","99","NN",148,18,6,1,0.880281690140845,0.940140845070423,0.638297872340426,23,1,"20;21;24;41;54;56;61;69;85;87;89;90;102;104;117;121;124;143;144;145;146;147;148",0.071199893951416,0.0625,"ok",NA,"2026-08-09 21:34:40"
"lymphography","SUN-MCCD","999",0.999,0.001,"disk","999","NN",148,18,6,1,0.880281690140845,0.940140845070423,0.638297872340426,23,1,"20;21;24;41;54;56;61;69;85;87;89;90;102;104;117;121;124;143;144;145;146;147;148",0.0515480041503906,0.0625,"ok",NA,"2026-08-09 21:34:40"
"vertebral","U-MCCD","900",0.9,0.1,"derived","99","RK",240,6,30,0.2,0.814285714285714,0.507142857142857,0.181818181818182,45,3,"6;10;11;12;18;25;26;27;28;29;37;38;39;41;52;53;54;74;80;84;86;89;95;96;113;116;123;142;144;163;164;168;169;174;180;181;191;196;198;215;221;222;228;238;239",9.86795997619629,NA,"ok",NA,"2026-08-09 21:34:50"
"vertebral","U-MCCD","950",0.95,0.05,"derived","99","RK",240,6,30,0.233333333333333,0.552380952380952,0.392857142857143,0.158371040723982,101,2,"10;27;38;52;61;62;65;66;68;69;72;73;75;76;77;81;82;83;84;85;86;91;93;95;96;97;98;99;101;103;105;108;112;113;114;115;116;118;119;123;125;127;129;130;133;135;136;137;138;139;140;141;142;143;144;146;147;150;151;152;157;161;163;164;168;169;172;174;177;178;179;180;181;183;184;185;186;187;189;190;191;192;193;194;196;198;201;202;203;204;206;207;208;209;215;216;218;226;234;238;240",3.50755190849304,NA,"ok",NA,"2026-08-09 21:34:54"
"vertebral","U-MCCD","990",0.99,0.01,"derived","99","RK",240,6,30,0.433333333333333,0.638095238095238,0.535714285714286,0.311004784688995,89,2,"6;10;11;12;18;25;26;27;28;29;32;37;38;41;45;52;53;54;56;61;63;65;66;72;74;75;76;77;84;85;86;88;89;95;96;100;104;108;113;115;116;118;119;121;123;129;131;135;142;144;146;152;155;158;163;164;165;168;169;170;173;174;180;181;184;191;192;193;196;198;201;202;203;205;207;210;211;214;215;216;221;222;224;228;229;231;235;236;238",0.529436111450195,NA,"ok",NA,"2026-08-09 21:34:54"
"vertebral","U-MCCD","999",0.999,0.001,"derived","99","RK",240,6,30,0.4,0.728571428571429,0.564285714285714,0.317460317460317,69,3,"6;10;11;12;18;25;26;27;28;29;35;37;38;39;41;52;53;54;63;65;68;70;80;84;86;88;94;96;113;114;116;123;125;126;139;140;142;148;150;151;152;158;159;163;164;168;169;170;172;174;178;180;181;187;191;196;198;215;216;220;221;222;228;229;231;233;235;238;239",4.46964716911316,NA,"ok",NA,"2026-08-09 21:34:59"
"vertebral","U-MCCD","999",0.999,0.001,"disk","999","RK",240,6,30,0.4,0.623809523809524,0.511904761904762,0.28436018957346,91,2,"6;10;11;12;18;25;26;27;28;29;32;35;37;38;39;41;52;53;54;61;63;65;66;68;72;73;75;76;77;80;83;84;85;86;88;94;95;96;97;108;113;114;115;116;118;119;123;125;129;135;142;144;146;150;151;152;163;164;168;169;170;172;174;178;180;181;183;184;187;191;192;193;196;198;201;202;203;206;207;215;216;220;221;222;228;229;231;233;235;238;239",149.64593911171,NA,"ok",NA,"2026-08-09 21:37:28"
"vertebral","SU-MCCD","900",0.9,0.1,"derived","99","RK",240,6,30,0.633333333333333,0.185714285714286,0.40952380952381,0.306451612903226,190,1,"1;3;4;6;10;11;12;18;23;25;26;27;28;29;32;35;37;38;39;41;45;52;53;54;56;61;62;63;64;65;66;67;68;69;70;71;72;73;74;75;76;77;78;79;81;82;83;84;85;86;88;89;90;91;92;93;94;95;96;97;98;99;100;101;102;103;104;105;107;108;109;110;111;112;113;114;115;116;117;118;119;120;121;122;123;124;125;126;127;128;129;130;131;132;133;134;135;136;137;138;139;140;141;142;143;144;145;146;147;148;149;150;151;152;153;155;156;157;158;159;160;161;162;163;164;165;166;167;168;169;170;171;172;173;174;175;176;177;178;179;180;181;182;183;184;185;186;187;188;189;190;191;192;193;194;195;196;197;198;199;200;201;202;203;204;205;206;207;208;209;210;212;214;215;216;218;220;221;222;223;224;226;228;229;231;233;234;235;238;240",0.208631992340088,0.0625,"ok",NA,"2026-08-09 21:37:29"
"vertebral","SU-MCCD","950",0.95,0.05,"derived","99","RK",240,6,30,0.566666666666667,0.204761904761905,0.385714285714286,0.279605263157895,184,1,"1;6;10;11;12;18;23;25;27;28;29;32;35;37;38;39;41;45;52;53;54;56;61;62;63;64;65;66;67;68;69;70;71;72;73;74;75;76;77;78;79;81;82;83;84;85;86;88;90;91;92;93;94;95;96;97;98;99;100;101;102;103;104;105;107;108;109;110;111;112;113;114;115;116;117;118;119;120;121;122;123;124;125;126;127;128;129;130;131;132;133;134;135;136;137;138;139;140;141;142;143;144;145;146;147;148;149;150;151;152;153;155;156;157;158;159;160;161;162;163;164;165;166;167;168;169;170;171;172;173;174;175;176;177;178;179;180;181;182;183;184;185;186;187;188;189;190;191;192;193;194;195;196;197;198;199;200;201;202;203;204;205;206;207;208;209;210;212;214;215;216;218;221;222;223;224;226;228;229;231;234;235;238;240",0.252426147460938,0.0625,"ok",NA,"2026-08-09 21:37:29"
"vertebral","SU-MCCD","990",0.99,0.01,"derived","99","RK",240,6,30,0.2,0.576190476190476,0.388095238095238,0.13953488372093,95,1,"10;12;25;27;38;41;52;53;54;61;62;63;65;66;68;70;72;73;75;76;77;83;84;85;86;88;90;94;95;96;97;98;105;108;112;113;114;115;116;118;119;123;125;126;129;135;137;139;140;142;143;144;146;148;150;151;152;155;158;159;163;164;168;169;170;172;174;178;180;181;183;184;185;186;187;189;191;192;193;194;196;198;201;202;203;206;207;208;210;215;216;226;231;234;238",0.482746124267578,0.0625,"ok",NA,"2026-08-09 21:37:30"
"vertebral","SU-MCCD","999",0.999,0.001,"derived","99","RK",240,6,30,0.233333333333333,0.828571428571429,0.530952380952381,0.214723926380368,43,3,"10;12;18;25;27;28;35;37;38;39;41;52;53;54;65;76;84;86;96;113;116;119;123;135;142;144;163;164;168;169;174;180;181;196;198;201;215;216;221;228;229;235;238",1.07035899162292,0.0625,"ok",NA,"2026-08-09 21:37:31"
"vertebral","SU-MCCD","999",0.999,0.001,"disk","999","RK",240,6,30,0.266666666666667,0.723809523809524,0.495238095238095,0.21505376344086,66,2,"10;12;18;25;27;28;32;37;38;39;41;52;53;54;61;63;65;66;72;75;76;77;84;85;86;88;95;96;108;113;115;116;118;119;123;129;135;142;144;146;152;163;164;168;169;174;180;181;184;191;192;193;196;198;201;202;203;207;215;216;221;222;228;229;235;238",3.98415207862854,0.0625,"ok",NA,"2026-08-09 21:37:35"
"vertebral","UN-MCCD","95",0.95,0.05,"disk","95","NN",240,6,30,0.0333333333333333,0.914285714285714,0.473809523809524,0.0359712230215827,19,2,"10;27;38;52;86;96;113;116;142;163;164;168;174;180;181;191;196;198;238",0.162837028503418,NA,"ok",NA,"2026-08-09 21:37:35"
"vertebral","UN-MCCD","99",0.99,0.01,"disk","99","NN",240,6,30,0.0333333333333333,0.914285714285714,0.473809523809524,0.0359712230215827,19,2,"10;27;38;52;86;96;113;116;142;163;164;168;174;180;181;191;196;198;238",0.167991876602173,NA,"ok",NA,"2026-08-09 21:37:35"
"vertebral","SUN-MCCD","95",0.95,0.05,"disk","95","NN",240,6,30,0.1,0.928571428571429,0.514285714285714,0.108695652173913,18,2,"10;27;38;52;86;113;116;125;163;164;168;174;181;191;198;215;216;238",0.172039031982422,0.0625,"ok",NA,"2026-08-09 21:37:35"
"vertebral","SUN-MCCD","99",0.99,0.01,"disk","99","NN",240,6,30,0.1,0.928571428571429,0.514285714285714,0.108695652173913,18,2,"10;27;38;52;86;113;116;125;163;164;168;174;181;191;198;215;216;238",0.160729885101318,0.0625,"ok",NA,"2026-08-09 21:37:36"
"ecoli","U-MCCD","900",0.9,0.1,"derived","99","RK",336,7,8,0.75,0.789634146341463,0.769817073170732,0.280373831775701,75,3,"1;2;3;4;5;7;8;9;10;12;13;14;15;17;19;20;22;23;25;26;27;33;36;37;41;43;48;49;55;56;59;66;71;78;84;85;86;88;95;96;97;98;99;104;105;106;107;108;110;111;112;113;115;116;117;119;121;123;124;125;130;136;138;140;146;151;152;153;158;163;168;215;227;312;335",10.3405220508575,NA,"ok",NA,"2026-08-09 21:37:57"
"ecoli","U-MCCD","950",0.95,0.05,"derived","99","RK",336,7,8,0.875,0.530487804878049,0.702743902439024,0.181347150259067,161,2,"1;2;3;4;5;7;9;12;14;15;17;19;23;26;27;33;37;41;49;55;56;59;66;71;78;85;86;88;92;94;96;98;99;104;105;106;107;111;112;113;115;116;117;118;119;120;121;122;123;124;125;126;127;128;129;130;131;132;133;134;135;136;137;138;139;140;141;142;143;144;145;146;147;148;149;150;153;154;155;156;158;159;161;163;164;165;166;169;171;172;173;174;175;179;180;181;182;184;185;186;187;188;189;191;192;194;195;196;197;202;203;204;205;206;207;208;209;210;215;216;217;219;222;223;227;228;229;230;234;237;238;240;244;255;256;265;266;267;268;271;274;276;285;286;288;290;299;303;310;312;318;320;322;323;329;330;332;333;334;335;336",3.86599898338318,NA,"ok",NA,"2026-08-09 21:38:01"
"ecoli","U-MCCD","990",0.99,0.01,"derived","99","RK",336,7,8,0.875,0.664634146341463,0.769817073170732,0.23489932885906,117,3,"1;2;3;4;5;7;9;12;14;15;17;19;23;26;27;33;37;41;49;55;56;59;66;71;78;85;86;88;92;94;96;98;99;104;105;107;111;112;113;115;116;117;118;119;120;121;123;124;125;126;127;128;129;130;131;134;135;136;137;138;140;141;145;146;148;151;152;153;156;157;158;161;162;163;167;168;169;170;171;172;173;185;187;188;194;202;204;205;206;210;215;217;218;219;227;230;234;238;241;244;250;265;268;274;276;285;286;310;312;318;323;329;332;333;334;335;336",0.727949857711792,NA,"ok",NA,"2026-08-09 21:38:02"
"ecoli","U-MCCD","999",0.999,0.001,"derived","99","RK",336,7,8,0.875,0.560975609756098,0.717987804878049,0.191256830601093,151,2,"1;2;3;4;5;7;8;9;12;14;15;17;19;23;26;27;33;37;41;49;55;56;59;66;71;78;85;86;88;92;94;96;98;99;104;105;106;107;111;112;113;114;115;116;117;118;119;120;121;122;123;124;125;126;127;128;129;130;131;132;133;134;135;136;137;138;139;140;141;142;143;144;145;146;147;148;149;150;151;152;153;154;155;156;157;158;159;161;162;163;164;166;167;168;169;170;171;172;173;174;175;179;181;182;185;187;188;191;192;194;195;196;202;203;204;205;206;207;208;210;215;216;217;219;227;228;229;230;234;237;238;244;255;256;265;267;268;274;276;285;286;310;312;318;323;329;332;333;334;335;336",3.99391198158264,NA,"ok",NA,"2026-08-09 21:38:06"
"ecoli","U-MCCD","999",0.999,0.001,"disk","999","RK",336,7,8,0.875,0.560975609756098,0.717987804878049,0.191256830601093,151,2,"1;2;3;4;5;7;8;9;12;14;15;17;19;23;26;27;33;37;41;49;55;56;59;66;71;78;85;86;88;92;94;96;98;99;104;105;106;107;111;112;113;114;115;116;117;118;119;120;121;122;123;124;125;126;127;128;129;130;131;132;133;134;135;136;137;138;139;140;141;142;143;144;145;146;147;148;149;150;151;152;153;154;155;156;157;158;159;161;162;163;164;166;167;168;169;170;171;172;173;174;175;179;181;182;185;187;188;191;192;194;195;196;202;203;204;205;206;207;208;210;215;216;217;219;227;228;229;230;234;237;238;244;255;256;265;267;268;274;276;285;286;310;312;318;323;329;332;333;334;335;336",3.9980628490448,NA,"ok",NA,"2026-08-09 21:38:10"
"ecoli","SU-MCCD","900",0.9,0.1,"derived","99","RK",336,7,8,1,0.378048780487805,0.689024390243902,0.163934426229508,212,1,"1;2;3;4;5;6;7;8;9;10;11;12;13;14;15;16;17;18;19;20;21;22;23;24;25;26;27;28;29;30;31;32;33;34;35;36;37;38;39;40;41;42;43;44;45;46;47;48;49;50;51;52;53;54;55;56;57;58;59;60;61;62;63;64;65;66;67;68;69;70;71;72;73;74;75;76;77;78;79;80;81;82;83;84;85;86;87;88;89;90;91;92;93;94;95;96;97;98;99;100;101;102;103;104;105;106;107;108;109;110;111;112;113;114;115;116;117;118;119;120;121;122;123;124;125;126;127;128;129;130;131;133;134;135;136;137;138;139;140;141;142;143;144;145;146;147;148;150;153;154;155;156;158;159;163;164;166;169;171;172;173;175;179;181;182;185;187;188;191;192;194;195;196;202;203;204;205;206;207;208;210;215;216;217;219;227;228;229;230;234;237;238;244;255;256;265;267;268;274;276;285;286;310;312;318;323;329;332;333;334;335;336",0.3660569190979,0.0625,"ok",NA,"2026-08-09 21:38:10"
"ecoli","SU-MCCD","950",0.95,0.05,"derived","99","RK",336,7,8,1,0.521341463414634,0.760670731707317,0.203045685279188,165,1,"1;2;3;4;5;6;7;8;9;10;11;12;13;14;15;16;17;18;19;20;21;22;23;24;25;26;27;28;29;30;31;32;33;34;35;36;37;38;39;40;41;42;43;44;45;46;47;48;49;50;51;52;53;54;55;56;57;58;59;60;61;62;63;64;65;66;67;68;69;70;71;72;73;74;75;76;77;78;79;80;81;82;83;84;85;86;87;88;89;90;91;92;93;94;95;96;97;98;99;100;101;102;103;104;105;106;107;108;109;110;111;112;113;114;115;116;117;118;119;120;121;123;125;126;127;128;129;130;131;134;135;136;137;141;146;148;153;156;158;163;169;171;172;173;187;194;204;205;210;215;227;230;268;274;276;286;310;312;318;329;332;333;334;335;336",0.406105041503906,0.0625,"ok",NA,"2026-08-09 21:38:11"
"ecoli","SU-MCCD","990",0.99,0.01,"derived","99","RK",336,7,8,0.875,0.786585365853659,0.830792682926829,0.321100917431193,77,1,"1;2;3;4;5;7;12;15;23;26;33;37;49;55;59;66;71;78;85;86;88;92;94;96;98;99;104;107;111;112;115;116;117;118;119;120;121;123;125;126;127;128;129;130;131;134;136;137;141;146;148;153;156;158;163;169;171;172;173;187;194;204;205;210;215;227;268;274;276;286;312;329;332;333;334;335;336",0.586660146713257,0.0625,"ok",NA,"2026-08-09 21:38:11"
"ecoli","SU-MCCD","999",0.999,0.001,"derived","99","RK",336,7,8,1,0.420731707317073,0.710365853658537,0.173913043478261,198,1,"1;2;3;4;5;6;7;8;9;10;11;12;13;14;15;16;17;18;19;20;21;22;23;24;25;26;27;28;29;30;31;32;33;34;35;36;37;38;39;40;41;42;43;44;45;46;47;48;49;50;51;52;53;54;55;56;57;58;59;60;61;62;63;64;65;66;67;68;69;70;71;72;73;74;75;76;77;78;79;80;81;82;83;84;85;86;87;88;89;90;91;92;93;94;95;96;97;98;99;100;101;102;103;104;105;106;107;108;109;110;111;112;113;114;115;116;117;118;119;120;121;122;123;124;125;126;127;128;129;130;131;133;134;135;136;137;138;140;141;142;143;145;146;147;148;150;153;154;155;156;158;159;163;164;169;171;172;173;181;182;185;187;188;191;194;195;196;202;203;204;205;206;207;210;215;217;219;227;230;234;238;244;256;268;274;276;285;286;310;312;318;323;329;332;333;334;335;336",0.885732889175415,0.0625,"ok",NA,"2026-08-09 21:38:12"
"ecoli","SU-MCCD","999",0.999,0.001,"disk","999","RK",336,7,8,0.875,0.753048780487805,0.814024390243902,0.291666666666667,88,1,"1;2;3;4;5;7;9;12;15;17;19;23;26;27;33;37;41;49;55;56;59;66;71;78;85;86;88;92;94;96;98;99;104;105;107;111;112;113;115;116;117;118;119;120;121;123;125;126;127;128;129;130;131;134;135;136;137;141;146;148;153;156;158;163;169;171;172;173;187;194;204;205;210;215;227;230;268;274;276;286;312;318;329;332;333;334;335;336",3.90896701812744,0.0625,"ok",NA,"2026-08-09 21:38:16"
"ecoli","UN-MCCD","95",0.95,0.05,"disk","95","NN",336,7,8,0.875,0.670731707317073,0.772865853658537,0.238095238095238,115,2,"1;2;3;4;5;7;8;9;10;12;13;14;15;16;17;19;20;22;23;25;26;27;33;36;37;41;42;43;48;49;55;56;59;66;71;74;75;76;78;81;84;85;86;88;92;94;96;97;98;99;100;102;103;104;105;106;107;109;110;111;112;113;114;115;116;117;118;119;120;121;123;125;126;127;128;129;130;131;134;135;136;137;141;146;148;153;156;158;163;169;171;172;173;187;194;204;205;210;215;227;230;244;268;274;276;286;310;312;318;329;332;333;334;335;336",0.443672895431519,NA,"ok",NA,"2026-08-09 21:38:17"
"ecoli","UN-MCCD","99",0.99,0.01,"disk","99","NN",336,7,8,0.875,0.670731707317073,0.772865853658537,0.238095238095238,115,2,"1;2;3;4;5;7;8;9;10;12;13;14;15;16;17;19;20;22;23;25;26;27;33;36;37;41;42;43;48;49;55;56;59;66;71;74;75;76;78;81;84;85;86;88;92;94;96;97;98;99;100;102;103;104;105;106;107;109;110;111;112;113;114;115;116;117;118;119;120;121;123;125;126;127;128;129;130;131;134;135;136;137;141;146;148;153;156;158;163;169;171;172;173;187;194;204;205;210;215;227;230;244;268;274;276;286;310;312;318;329;332;333;334;335;336",0.381061792373657,NA,"ok",NA,"2026-08-09 21:38:17"
"ecoli","SUN-MCCD","95",0.95,0.05,"disk","95","NN",336,7,8,0.875,0.798780487804878,0.836890243902439,0.333333333333333,73,1,"1;2;3;4;5;7;15;23;26;33;37;49;55;59;71;78;85;86;88;92;94;96;98;99;104;107;111;112;115;116;117;118;119;120;121;123;125;126;127;128;129;130;131;134;136;137;141;146;148;153;156;158;163;171;172;173;187;194;204;210;215;227;268;274;276;286;312;329;332;333;334;335;336",0.333017110824585,0.0625,"ok",NA,"2026-08-09 21:38:18"
"ecoli","SUN-MCCD","99",0.99,0.01,"disk","99","NN",336,7,8,0.875,0.798780487804878,0.836890243902439,0.333333333333333,73,1,"1;2;3;4;5;7;15;23;26;33;37;49;55;59;71;78;85;86;88;92;94;96;98;99;104;107;111;112;115;116;117;118;119;120;121;123;125;126;127;128;129;130;131;134;136;137;141;146;148;153;156;158;163;171;172;173;187;194;204;210;215;227;268;274;276;286;312;329;332;333;334;335;336",0.305330991744995,0.0625,"ok",NA,"2026-08-09 21:38:18"
"WDBC","U-MCCD","900",0.9,0.1,"derived","999","RK",367,30,10,1,0.464985994397759,0.73249299719888,0.20746887966805,201,2,"3;4;5;13;14;15;16;17;19;21;23;25;26;28;29;33;34;36;38;39;40;42;43;44;45;46;47;48;49;51;52;54;55;57;59;60;62;64;65;68;69;70;72;74;77;78;80;83;85;86;87;88;89;90;94;95;100;101;103;104;105;107;109;111;112;113;114;115;117;120;121;122;124;125;128;131;134;135;139;140;142;144;146;147;148;152;154;155;158;160;166;167;170;171;172;173;178;179;182;184;185;186;188;190;191;192;194;195;196;198;203;208;209;211;212;214;215;219;221;224;225;229;230;234;236;238;239;241;245;247;248;250;254;260;262;263;266;268;270;271;274;278;279;280;281;283;285;286;288;290;293;295;296;300;301;303;304;306;308;309;310;311;312;313;317;318;319;322;323;324;326;329;331;332;333;334;335;336;339;342;344;346;348;350;351;352;353;354;355;356;357;358;359;360;361;362;363;364;365;366;367",8.4260470867157,NA,"ok",NA,"2026-08-09 21:38:26"
"WDBC","U-MCCD","950",0.95,0.05,"derived","999","RK",367,30,10,1,0.464985994397759,0.73249299719888,0.20746887966805,201,2,"3;4;5;13;14;15;16;17;19;21;23;25;26;28;29;33;34;36;38;39;40;42;43;44;45;46;47;48;49;51;52;54;55;57;59;60;62;64;65;68;69;70;72;74;77;78;80;83;85;86;87;88;89;90;94;95;100;101;103;104;105;107;109;111;112;113;114;115;117;120;121;122;124;125;128;131;134;135;139;140;142;144;146;147;148;152;154;155;158;160;166;167;170;171;172;173;178;179;182;184;185;186;188;190;191;192;194;195;196;198;203;208;209;211;212;214;215;219;221;224;225;229;230;234;236;238;239;241;245;247;248;250;254;260;262;263;266;268;270;271;274;278;279;280;281;283;285;286;288;290;293;295;296;300;301;303;304;306;308;309;310;311;312;313;317;318;319;322;323;324;326;329;331;332;333;334;335;336;339;342;344;346;348;350;351;352;353;354;355;356;357;358;359;360;361;362;363;364;365;366;367",3.90134406089783,NA,"ok",NA,"2026-08-09 21:38:30"
"WDBC","U-MCCD","990",0.99,0.01,"derived","999","RK",367,30,10,0.9,0.588235294117647,0.744117647058824,0.229591836734694,156,2,"3;4;5;8;11;12;14;15;16;18;19;21;23;31;33;34;36;37;44;45;49;57;60;61;64;65;68;69;70;71;74;76;80;83;84;85;86;87;88;89;90;91;92;93;94;95;100;110;112;113;114;115;116;117;119;120;121;122;123;124;134;135;136;139;141;142;143;144;145;146;151;152;154;156;160;163;166;167;169;170;171;176;179;180;187;191;192;194;198;199;203;209;210;214;219;221;231;232;236;238;241;243;245;248;249;260;261;262;266;272;273;274;275;278;280;281;283;285;296;299;300;301;303;306;308;309;311;316;319;320;322;325;326;332;333;334;336;341;343;345;347;348;351;352;354;356;357;359;360;361;362;363;364;365;366;367",3.90479016304016,NA,"ok",NA,"2026-08-09 21:38:34"
"WDBC","U-MCCD","999",0.999,0.001,"derived","999","RK",367,30,10,0.5,0.714285714285714,0.607142857142857,0.170068027210884,107,2,"3;6;8;9;10;12;18;19;20;21;31;33;35;45;49;50;60;63;67;70;71;76;79;80;82;86;88;91;93;95;96;101;105;108;110;115;119;126;127;132;133;136;137;141;143;144;146;151;152;156;157;159;161;162;164;165;166;167;168;169;175;176;177;180;181;187;189;191;193;200;206;207;216;218;220;223;226;231;237;242;252;253;257;259;261;269;276;277;289;292;301;308;309;314;315;319;320;325;327;334;341;343;360;361;364;366;367",0.69759202003479,NA,"ok",NA,"2026-08-09 21:38:35"
"WDBC","SU-MCCD","900",0.9,0.1,"derived","999","RK",367,30,10,1,0.484593837535014,0.742296918767507,0.213675213675214,194,1,"2;3;4;5;13;14;15;16;17;19;21;23;25;26;28;29;33;34;36;38;39;40;42;43;44;45;46;47;48;49;51;52;54;57;59;60;64;65;68;69;70;74;77;78;80;83;85;86;87;88;89;90;94;95;100;101;103;104;105;106;109;111;112;113;114;115;117;120;121;122;124;125;128;131;134;135;139;140;142;144;146;147;152;154;155;158;160;166;167;170;171;172;173;178;179;182;184;185;188;190;191;192;194;195;196;198;203;208;209;211;212;214;215;219;221;224;225;229;234;236;238;239;241;245;247;248;250;254;260;262;263;266;268;270;271;274;278;279;280;281;283;285;286;288;293;295;296;300;301;303;304;306;308;309;310;311;312;313;317;319;322;323;324;326;329;331;332;333;334;335;336;339;342;344;346;348;350;351;352;353;354;355;356;357;358;359;360;361;362;363;364;365;366;367",0.430037021636963,0.0625,"ok",NA,"2026-08-09 21:38:35"
"WDBC","SU-MCCD","950",0.95,0.05,"derived","999","RK",367,30,10,1,0.484593837535014,0.742296918767507,0.213675213675214,194,1,"2;3;4;5;13;14;15;16;17;19;21;23;25;26;28;29;33;34;36;38;39;40;42;43;44;45;46;47;48;49;51;52;54;57;59;60;64;65;68;69;70;74;77;78;80;83;85;86;87;88;89;90;94;95;100;101;103;104;105;106;109;111;112;113;114;115;117;120;121;122;124;125;128;131;134;135;139;140;142;144;146;147;152;154;155;158;160;166;167;170;171;172;173;178;179;182;184;185;188;190;191;192;194;195;196;198;203;208;209;211;212;214;215;219;221;224;225;229;234;236;238;239;241;245;247;248;250;254;260;262;263;266;268;270;271;274;278;279;280;281;283;285;286;288;293;295;296;300;301;303;304;306;308;309;310;311;312;313;317;319;322;323;324;326;329;331;332;333;334;335;336;339;342;344;346;348;350;351;352;353;354;355;356;357;358;359;360;361;362;363;364;365;366;367",0.389087200164795,0.0625,"ok",NA,"2026-08-09 21:38:36"
"WDBC","SU-MCCD","990",0.99,0.01,"derived","999","RK",367,30,10,1,0.263305322128852,0.631652661064426,0.159744408945687,273,1,"1;2;3;4;5;6;7;8;11;12;13;14;15;16;17;18;19;21;23;25;26;28;29;31;33;34;36;37;38;39;40;42;43;44;45;46;47;48;49;51;52;54;55;56;57;59;60;61;64;65;66;68;69;70;71;72;74;76;77;78;80;83;84;85;86;87;88;89;90;91;92;93;94;95;97;98;100;101;103;104;105;106;109;110;111;112;113;114;115;116;117;119;120;121;122;123;124;125;128;131;134;135;136;138;139;140;141;142;143;144;145;146;147;148;151;152;154;155;156;158;160;163;165;166;167;169;170;171;172;173;176;178;179;180;182;184;185;186;188;190;191;192;194;195;196;198;199;203;208;209;210;211;212;213;214;215;216;217;219;221;224;225;229;231;232;233;234;235;236;238;239;240;241;243;245;246;247;248;249;250;251;254;260;261;262;263;264;265;266;267;268;270;271;272;273;274;275;278;279;280;281;282;283;284;285;286;287;288;290;293;295;296;299;300;301;303;304;306;308;309;310;311;312;313;315;317;318;319;320;321;322;323;324;325;326;328;329;331;332;333;334;335;336;337;338;339;341;342;343;344;345;346;347;348;349;350;351;352;353;354;355;356;357;358;359;360;361;362;363;364;365;366;367",0.397310972213745,0.0625,"ok",NA,"2026-08-09 21:38:36"
"WDBC","SU-MCCD","999",0.999,0.001,"derived","999","RK",367,30,10,1,0.0728291316526611,0.536414565826331,0.131233595800525,341,1,"1;2;3;4;5;6;7;8;9;10;11;12;13;14;15;16;17;18;19;20;21;23;25;26;28;29;30;31;33;34;35;36;37;38;39;40;41;42;43;44;45;46;47;48;49;50;51;52;54;55;56;57;59;60;61;62;63;64;65;66;67;68;69;70;71;72;74;76;77;78;79;80;82;83;84;85;86;87;88;89;90;91;92;93;94;95;96;97;98;99;100;101;103;104;105;106;107;108;109;110;111;112;113;114;115;116;117;119;120;121;122;123;124;125;126;127;128;129;131;132;133;134;135;136;137;138;139;140;141;142;143;144;145;146;147;148;149;151;152;153;154;155;156;157;158;159;160;161;162;163;164;165;166;167;168;169;170;171;172;173;175;176;177;178;179;180;181;182;183;184;185;186;187;188;189;190;191;192;193;194;195;196;198;199;200;201;203;205;206;207;208;209;210;211;212;213;214;215;216;217;218;219;220;221;222;224;225;226;229;230;231;232;233;234;235;236;237;238;239;240;241;242;243;245;246;247;248;249;250;251;252;253;254;256;257;259;260;261;262;263;264;265;266;267;268;269;270;271;272;273;274;275;276;277;278;279;280;281;282;283;284;285;286;287;288;289;290;292;293;295;296;297;298;299;300;301;302;303;304;305;306;307;308;309;310;311;312;313;314;315;316;317;318;319;320;321;322;323;324;325;326;327;328;329;331;332;333;334;335;336;337;338;339;340;341;342;343;344;345;346;347;348;349;350;351;352;353;354;355;356;357;358;359;360;361;362;363;364;365;366;367",0.410485029220581,0.0625,"ok",NA,"2026-08-09 21:38:37"
"WDBC","UN-MCCD","999",0.999,0.001,"disk","999","NN",367,30,10,1,0.182072829131653,0.591036414565826,0.146198830409357,302,1,"1;2;3;4;5;6;7;8;10;11;12;13;14;15;16;17;18;19;20;21;23;25;26;28;29;31;33;34;36;37;38;39;40;42;43;44;45;46;47;48;49;51;52;54;55;56;57;59;60;61;62;63;64;65;66;68;69;70;71;72;74;76;77;78;80;82;83;84;85;86;87;88;89;90;91;92;93;94;95;97;98;99;100;101;103;104;105;106;107;109;110;111;112;113;114;115;116;117;119;120;121;122;123;124;125;127;128;131;132;134;135;136;138;139;140;141;142;143;144;145;146;147;148;151;152;154;155;156;157;158;159;160;161;162;163;165;166;167;168;169;170;171;172;173;175;176;177;178;179;180;181;182;183;184;185;186;188;189;190;191;192;193;194;195;196;198;199;200;203;208;209;210;211;212;213;214;215;216;217;219;221;222;224;225;226;229;230;231;232;233;234;235;236;237;238;239;240;241;243;245;246;247;248;249;250;251;252;253;254;260;261;262;263;264;265;266;267;268;270;271;272;273;274;275;278;279;280;281;282;283;284;285;286;287;288;290;293;295;296;297;299;300;301;303;304;306;308;309;310;311;312;313;315;316;317;318;319;320;321;322;323;324;325;326;328;329;331;332;333;334;335;336;337;338;339;341;342;343;344;345;346;347;348;349;350;351;352;353;354;355;356;357;358;359;360;361;362;363;364;365;366;367",0.602699041366577,NA,"ok",NA,"2026-08-09 21:38:37"
"WDBC","SUN-MCCD","999",0.999,0.001,"disk","999","NN",367,30,10,1,0.324929971988796,0.662464985994398,0.171821305841924,251,1,"1;2;3;4;5;7;11;13;14;15;16;17;19;21;23;25;26;28;29;33;34;36;37;38;39;40;42;43;44;45;46;47;48;49;51;52;54;55;56;57;59;60;64;65;66;68;69;70;71;72;74;76;77;78;80;83;84;85;86;87;88;89;90;92;93;94;95;97;98;100;101;103;104;105;106;109;110;111;112;113;114;115;116;117;120;121;122;123;124;125;128;131;134;135;136;138;139;140;142;144;145;146;147;148;151;152;154;155;158;160;163;166;167;170;171;172;173;176;178;179;180;182;184;185;186;188;190;191;192;194;195;196;198;199;203;208;209;210;211;212;214;215;219;221;224;225;229;231;233;234;235;236;238;239;240;241;243;245;246;247;248;249;250;254;260;261;262;263;264;265;266;267;268;270;271;272;273;274;275;278;279;280;281;283;285;286;288;290;293;295;296;299;300;301;303;304;306;308;309;310;311;312;313;315;317;318;319;320;321;322;323;324;325;326;329;331;332;333;334;335;336;337;338;339;341;342;343;344;345;346;347;348;349;350;351;352;353;354;355;356;357;358;359;360;361;362;363;364;365;366;367",0.360198974609375,0.0625,"ok",NA,"2026-08-09 21:38:38"
"glass","U-MCCD","900",0.9,0.1,"derived","99","RK",213,9,9,1,0.544117647058823,0.772058823529412,0.326086956521739,102,2,"1;2;4;6;9;11;18;20;25;27;28;30;31;32;33;35;37;38;40;42;44;50;51;54;56;58;59;60;61;62;63;65;66;68;69;70;71;83;84;85;99;103;105;112;113;114;125;135;136;137;138;139;140;141;149;151;162;163;168;171;172;173;174;175;176;177;178;179;180;181;182;183;184;185;186;187;188;189;190;191;192;193;194;195;196;197;198;199;200;201;202;203;204;205;206;207;208;209;210;211;212;213",9.60021090507507,NA,"ok",NA,"2026-08-09 21:39:02"
"glass","U-MCCD","950",0.95,0.05,"derived","99","RK",213,9,9,1,0.352941176470588,0.676470588235294,0.254237288135593,141,2,"1;2;3;4;5;6;7;8;9;10;11;12;13;14;15;16;17;18;19;20;21;22;23;24;25;26;27;28;29;30;31;32;33;34;35;36;37;38;39;40;41;42;43;44;45;46;47;48;49;50;51;52;53;54;55;56;57;58;59;60;61;62;63;64;65;66;67;68;69;70;71;83;84;85;99;103;105;107;111;112;113;114;125;133;135;136;137;138;139;140;141;149;151;159;161;162;163;168;171;172;173;174;175;176;177;178;179;180;181;182;183;184;185;186;187;188;189;190;191;192;193;194;195;196;197;198;199;200;201;202;203;204;205;206;207;208;209;210;211;212;213",3.52768707275391,NA,"ok",NA,"2026-08-09 21:39:06"
"glass","U-MCCD","990",0.99,0.01,"derived","99","RK",213,9,9,1,0.441176470588235,0.720588235294118,0.283018867924528,123,4,"1;2;3;4;5;6;7;8;9;10;11;12;16;17;18;20;22;25;27;28;30;31;32;33;35;37;38;40;41;42;44;46;47;49;50;51;52;54;55;56;57;58;59;62;63;64;65;66;67;69;71;72;78;83;84;85;97;99;103;104;105;106;107;111;112;113;114;125;132;133;135;136;137;138;139;140;141;144;149;151;159;161;162;163;168;169;170;171;172;173;174;175;176;177;178;179;180;181;182;183;184;185;186;187;188;189;190;191;192;193;194;195;196;201;203;205;206;207;209;210;211;212;213",0.295598983764648,NA,"ok",NA,"2026-08-09 21:39:06"
"glass","U-MCCD","999",0.999,0.001,"derived","99","RK",213,9,9,1,0.593137254901961,0.79656862745098,0.3515625,92,2,"1;2;4;5;6;8;9;10;11;16;17;18;20;22;25;27;28;30;31;32;33;35;37;38;40;42;44;51;54;58;60;61;62;63;66;68;70;85;112;125;136;137;138;139;140;141;149;151;163;171;172;173;174;175;176;177;178;179;180;181;182;183;184;185;186;187;188;189;190;191;192;193;194;195;196;197;198;199;200;201;202;203;204;205;206;207;208;209;210;211;212;213",3.48317003250122,NA,"ok",NA,"2026-08-09 21:39:10"
"glass","U-MCCD","999",0.999,0.001,"disk","999","RK",213,9,9,1,0.593137254901961,0.79656862745098,0.3515625,92,2,"1;2;4;5;6;8;9;10;11;16;17;18;20;22;25;27;28;30;31;32;33;35;37;38;40;42;44;51;54;58;60;61;62;63;66;68;70;85;112;125;136;137;138;139;140;141;149;151;163;171;172;173;174;175;176;177;178;179;180;181;182;183;184;185;186;187;188;189;190;191;192;193;194;195;196;197;198;199;200;201;202;203;204;205;206;207;208;209;210;211;212;213",3.10925793647766,NA,"ok",NA,"2026-08-09 21:39:13"
"glass","SU-MCCD","900",0.9,0.1,"derived","99","RK",213,9,9,1,0.509803921568627,0.754901960784314,0.310344827586207,109,1,"1;2;3;4;5;6;7;8;9;10;11;16;17;18;20;25;27;28;30;31;32;33;35;37;38;40;42;44;50;51;54;56;58;59;60;61;62;63;65;66;68;69;70;71;83;84;85;99;103;105;112;113;114;125;135;136;137;138;139;140;141;149;151;162;163;168;171;172;173;174;175;176;177;178;179;180;181;182;183;184;185;186;187;188;189;190;191;192;193;194;195;196;197;198;199;200;201;202;203;204;205;206;207;208;209;210;211;212;213",0.15639591217041,0.0625,"ok",NA,"2026-08-09 21:39:13"
"glass","SU-MCCD","950",0.95,0.05,"derived","99","RK",213,9,9,1,0.495098039215686,0.747549019607843,0.304054054054054,112,1,"1;2;3;4;5;6;7;8;9;10;11;16;17;18;20;22;25;27;28;30;31;32;33;35;37;38;40;42;44;50;51;54;56;58;59;60;61;62;63;65;66;68;69;70;71;83;84;85;99;103;105;111;112;113;114;125;135;136;137;138;139;140;141;149;151;159;162;163;168;171;172;173;174;175;176;177;178;179;180;181;182;183;184;185;186;187;188;189;190;191;192;193;194;195;196;197;198;199;200;201;202;203;204;205;206;207;208;209;210;211;212;213",0.177852869033813,0.0625,"ok",NA,"2026-08-09 21:39:13"
"glass","SU-MCCD","990",0.99,0.01,"derived","99","RK",213,9,9,1,0.647058823529412,0.823529411764706,0.384615384615385,81,1,"1;2;4;6;9;11;18;20;25;27;28;32;33;37;42;44;51;54;58;60;61;62;63;66;68;70;85;112;125;136;137;138;139;140;141;149;151;163;171;172;173;174;175;176;177;178;179;180;181;182;183;184;185;186;187;188;189;190;191;192;193;194;195;196;197;198;199;200;201;202;203;204;205;206;207;208;209;210;211;212;213",0.191536903381348,0.0625,"ok",NA,"2026-08-09 21:39:14"
"glass","SU-MCCD","999",0.999,0.001,"derived","99","RK",213,9,9,1,0.549019607843137,0.774509803921569,0.328467153284672,101,1,"1;2;4;5;6;8;9;10;11;16;17;18;20;25;27;28;30;31;32;33;37;38;40;42;44;50;51;54;58;59;60;61;62;63;65;66;68;69;70;83;85;99;103;105;112;113;125;136;137;138;139;140;141;149;151;162;163;168;171;172;173;174;175;176;177;178;179;180;181;182;183;184;185;186;187;188;189;190;191;192;193;194;195;196;197;198;199;200;201;202;203;204;205;206;207;208;209;210;211;212;213",0.307112216949463,0.0625,"ok",NA,"2026-08-09 21:39:14"
"glass","SU-MCCD","999",0.999,0.001,"disk","999","RK",213,9,9,1,0.549019607843137,0.774509803921569,0.328467153284672,101,1,"1;2;4;5;6;8;9;10;11;16;17;18;20;25;27;28;30;31;32;33;37;38;40;42;44;50;51;54;58;59;60;61;62;63;65;66;68;69;70;83;85;99;103;105;112;113;125;136;137;138;139;140;141;149;151;162;163;168;171;172;173;174;175;176;177;178;179;180;181;182;183;184;185;186;187;188;189;190;191;192;193;194;195;196;197;198;199;200;201;202;203;204;205;206;207;208;209;210;211;212;213",3.07877206802368,0.0625,"ok",NA,"2026-08-09 21:39:17"
"glass","UN-MCCD","95",0.95,0.05,"disk","95","NN",213,9,9,0.222222222222222,0.764705882352941,0.493464052287582,0.116279069767442,50,3,"1;2;4;5;6;8;9;10;11;16;17;18;20;25;27;35;40;42;43;44;45;46;47;48;49;52;53;54;55;56;57;59;64;67;139;140;141;171;173;174;179;180;186;190;191;192;194;195;201;207",0.237635135650635,NA,"ok",NA,"2026-08-09 21:39:17"
"glass","UN-MCCD","99",0.99,0.01,"disk","99","NN",213,9,9,0.222222222222222,0.764705882352941,0.493464052287582,0.116279069767442,50,3,"1;2;4;5;6;8;9;10;11;16;17;18;20;25;27;35;40;42;43;44;45;46;47;48;49;52;53;54;55;56;57;59;64;67;139;140;141;171;173;174;179;180;186;190;191;192;194;195;201;207",0.183210134506226,NA,"ok",NA,"2026-08-09 21:39:17"
"glass","SUN-MCCD","95",0.95,0.05,"disk","95","NN",213,9,9,1,0.53921568627451,0.769607843137255,0.323741007194245,103,1,"1;2;4;5;6;8;9;10;11;16;17;18;20;25;27;28;30;31;32;33;35;37;38;40;42;44;50;51;54;58;59;60;61;62;63;65;66;68;69;70;71;83;85;99;103;105;112;113;125;136;137;138;139;140;141;149;151;162;163;168;171;172;173;174;175;176;177;178;179;180;181;182;183;184;185;186;187;188;189;190;191;192;193;194;195;196;197;198;199;200;201;202;203;204;205;206;207;208;209;210;211;212;213",0.140207052230835,0.0625,"ok",NA,"2026-08-09 21:39:18"
"glass","SUN-MCCD","99",0.99,0.01,"disk","99","NN",213,9,9,1,0.53921568627451,0.769607843137255,0.323741007194245,103,1,"1;2;4;5;6;8;9;10;11;16;17;18;20;25;27;28;30;31;32;33;35;37;38;40;42;44;50;51;54;58;59;60;61;62;63;65;66;68;69;70;71;83;85;99;103;105;112;113;125;136;137;138;139;140;141;149;151;162;163;168;171;172;173;174;175;176;177;178;179;180;181;182;183;184;185;186;187;188;189;190;191;192;193;194;195;196;197;198;199;200;201;202;203;204;205;206;207;208;209;210;211;212;213",0.117336988449097,0.0625,"ok",NA,"2026-08-09 21:39:18"
"WBC","U-MCCD","900",0.9,0.1,"derived","99","RK",223,9,10,0.3,0.938967136150235,0.619483568075117,0.267857142857143,16,46,"8;18;25;55;63;78;91;95;130;132;133;190;207;216;219;221",12.4390430450439,NA,"ok",NA,"2026-08-09 21:39:30"
"WBC","U-MCCD","950",0.95,0.05,"derived","99","RK",223,9,10,1,0.492957746478873,0.746478873239437,0.316455696202532,118,2,"2;4;6;8;12;25;31;32;34;35;37;40;45;46;47;48;49;50;55;58;63;64;68;72;73;74;78;79;80;81;82;84;86;87;88;90;91;92;94;95;96;98;99;100;101;102;104;105;107;109;110;111;112;113;122;123;124;126;128;129;130;131;132;133;134;135;137;138;139;141;142;144;147;150;151;158;159;161;163;164;168;173;176;177;178;179;181;183;185;187;190;191;193;194;195;196;197;198;199;200;201;202;205;206;207;208;211;213;214;215;216;217;218;219;220;221;222;223",4.47128915786743,NA,"ok",NA,"2026-08-09 21:39:35"
"WBC","U-MCCD","990",0.99,0.01,"derived","99","RK",223,9,10,1,0.492957746478873,0.746478873239437,0.316455696202532,118,2,"2;4;6;8;12;25;31;32;34;35;37;40;45;46;47;48;49;50;55;58;63;64;68;72;73;74;78;79;80;81;82;84;86;87;88;90;91;92;94;95;96;98;99;100;101;102;104;105;107;109;110;111;112;113;122;123;124;126;128;129;130;131;132;133;134;135;137;138;139;141;142;144;147;150;151;158;159;161;163;164;168;173;176;177;178;179;181;183;185;187;190;191;193;194;195;196;197;198;199;200;201;202;205;206;207;208;211;213;214;215;216;217;218;219;220;221;222;223",0.490535020828247,NA,"ok",NA,"2026-08-09 21:39:35"
"WBC","U-MCCD","999",0.999,0.001,"derived","99","RK",223,9,10,1,0.535211267605634,0.767605633802817,0.335570469798658,109,2,"2;4;6;8;12;25;31;32;34;37;40;45;46;47;48;49;50;55;58;63;64;68;73;74;78;79;80;82;84;86;87;88;90;91;92;94;95;96;98;99;100;102;104;105;107;109;110;111;112;113;122;123;124;126;128;129;130;131;132;133;134;135;137;138;139;141;142;144;147;150;158;159;161;163;164;168;173;176;177;178;179;181;183;185;187;190;191;193;194;195;196;197;200;201;202;205;207;208;211;214;215;216;217;218;219;220;221;222;223",4.44266700744629,NA,"ok",NA,"2026-08-09 21:39:40"
"WBC","U-MCCD","999",0.999,0.001,"disk","999","RK",223,9,10,1,0.535211267605634,0.767605633802817,0.335570469798658,109,2,"2;4;6;8;12;25;31;32;34;37;40;45;46;47;48;49;50;55;58;63;64;68;73;74;78;79;80;82;84;86;87;88;90;91;92;94;95;96;98;99;100;102;104;105;107;109;110;111;112;113;122;123;124;126;128;129;130;131;132;133;134;135;137;138;139;141;142;144;147;150;158;159;161;163;164;168;173;176;177;178;179;181;183;185;187;190;191;193;194;195;196;197;200;201;202;205;207;208;211;214;215;216;217;218;219;220;221;222;223",3.44510412216187,NA,"ok",NA,"2026-08-09 21:39:43"
"WBC","SU-MCCD","900",0.9,0.1,"derived","99","RK",223,9,10,1,0.492957746478873,0.746478873239437,0.316455696202532,118,1,"2;4;5;6;8;12;25;31;32;34;37;40;45;46;47;48;49;50;55;58;63;64;68;73;74;78;79;80;81;82;83;84;86;87;88;90;91;92;94;95;96;98;99;100;102;103;104;105;107;109;110;111;112;113;115;122;123;124;126;128;129;130;131;132;133;134;135;137;138;139;141;142;144;145;147;150;158;159;161;163;164;168;173;176;177;178;179;181;183;185;187;190;191;193;194;195;196;197;199;200;201;202;205;206;207;208;211;213;214;215;216;217;218;219;220;221;222;223",0.398836135864258,0.0625,"ok",NA,"2026-08-09 21:39:44"
"WBC","SU-MCCD","950",0.95,0.05,"derived","99","RK",223,9,10,1,0.492957746478873,0.746478873239437,0.316455696202532,118,1,"2;4;5;6;8;12;25;31;32;34;37;40;45;46;47;48;49;50;55;58;63;64;68;73;74;78;79;80;81;82;83;84;86;87;88;90;91;92;94;95;96;98;99;100;102;103;104;105;107;109;110;111;112;113;115;122;123;124;126;128;129;130;131;132;133;134;135;137;138;139;141;142;144;145;147;150;158;159;161;163;164;168;173;176;177;178;179;181;183;185;187;190;191;193;194;195;196;197;199;200;201;202;205;206;207;208;211;213;214;215;216;217;218;219;220;221;222;223",0.354532957077026,0.0625,"ok",NA,"2026-08-09 21:39:44"
"WBC","SU-MCCD","990",0.99,0.01,"derived","99","RK",223,9,10,1,0.492957746478873,0.746478873239437,0.316455696202532,118,1,"2;4;5;6;8;12;25;31;32;34;37;40;45;46;47;48;49;50;55;58;63;64;68;73;74;78;79;80;81;82;83;84;86;87;88;90;91;92;94;95;96;98;99;100;102;103;104;105;107;109;110;111;112;113;115;122;123;124;126;128;129;130;131;132;133;134;135;137;138;139;141;142;144;145;147;150;158;159;161;163;164;168;173;176;177;178;179;181;183;185;187;190;191;193;194;195;196;197;199;200;201;202;205;206;207;208;211;213;214;215;216;217;218;219;220;221;222;223",0.401652812957764,0.0625,"ok",NA,"2026-08-09 21:39:44"
"WBC","SU-MCCD","999",0.999,0.001,"derived","99","RK",223,9,10,1,0.633802816901408,0.816901408450704,0.390625,88,2,"2;4;6;8;12;25;31;32;37;40;45;46;47;48;49;50;55;63;68;73;78;79;80;82;84;86;87;90;91;92;94;95;99;100;102;104;105;109;110;112;113;122;124;126;128;129;130;131;132;133;134;135;138;139;141;142;144;147;158;159;161;164;173;177;178;183;185;187;190;191;193;194;196;197;201;202;205;211;214;215;216;217;218;219;220;221;222;223",0.570923089981079,0.0625,"ok",NA,"2026-08-09 21:39:45"
"WBC","SU-MCCD","999",0.999,0.001,"disk","999","RK",223,9,10,1,0.633802816901408,0.816901408450704,0.390625,88,2,"2;4;6;8;12;25;31;32;37;40;45;46;47;48;49;50;55;63;68;73;78;79;80;82;84;86;87;90;91;92;94;95;99;100;102;104;105;109;110;112;113;122;124;126;128;129;130;131;132;133;134;135;138;139;141;142;144;147;158;159;161;164;173;177;178;183;185;187;190;191;193;194;196;197;201;202;205;211;214;215;216;217;218;219;220;221;222;223",3.2682638168335,0.0625,"ok",NA,"2026-08-09 21:39:48"
"WBC","UN-MCCD","95",0.95,0.05,"disk","95","NN",223,9,10,1,0.497652582159624,0.748826291079812,0.318471337579618,117,2,"2;4;5;6;8;12;25;31;32;34;37;40;45;46;47;48;49;50;55;58;63;64;68;73;74;78;79;80;81;82;83;84;86;87;88;90;91;92;94;95;96;98;99;100;102;104;105;107;109;110;111;112;113;115;122;123;124;126;128;129;130;131;132;133;134;135;137;138;139;141;142;144;145;147;150;158;159;161;163;164;168;173;176;177;178;179;181;183;185;187;190;191;193;194;195;196;197;199;200;201;202;205;206;207;208;211;213;214;215;216;217;218;219;220;221;222;223",0.210645914077759,NA,"ok",NA,"2026-08-09 21:39:48"
"WBC","UN-MCCD","99",0.99,0.01,"disk","99","NN",223,9,10,1,0.497652582159624,0.748826291079812,0.318471337579618,117,2,"2;4;5;6;8;12;25;31;32;34;37;40;45;46;47;48;49;50;55;58;63;64;68;73;74;78;79;80;81;82;83;84;86;87;88;90;91;92;94;95;96;98;99;100;102;104;105;107;109;110;111;112;113;115;122;123;124;126;128;129;130;131;132;133;134;135;137;138;139;141;142;144;145;147;150;158;159;161;163;164;168;173;176;177;178;179;181;183;185;187;190;191;193;194;195;196;197;199;200;201;202;205;206;207;208;211;213;214;215;216;217;218;219;220;221;222;223",0.202753067016602,NA,"ok",NA,"2026-08-09 21:39:49"
"WBC","SUN-MCCD","95",0.95,0.05,"disk","95","NN",223,9,10,1,0.563380281690141,0.78169014084507,0.34965034965035,103,2,"2;4;6;8;25;31;32;34;37;40;46;47;48;49;50;55;58;63;64;68;73;74;78;79;80;82;84;86;87;88;90;91;92;94;95;96;98;99;102;104;105;107;109;110;111;112;113;122;123;126;128;129;130;131;132;133;134;135;137;138;139;141;142;144;147;150;158;159;161;163;164;168;176;177;178;179;181;183;185;187;190;191;193;194;195;196;197;200;202;205;207;208;211;214;215;216;217;218;219;220;221;222;223",0.57935094833374,0.0625,"ok",NA,"2026-08-09 21:39:49"
"WBC","SUN-MCCD","99",0.99,0.01,"disk","99","NN",223,9,10,1,0.563380281690141,0.78169014084507,0.34965034965035,103,2,"2;4;6;8;25;31;32;34;37;40;46;47;48;49;50;55;58;63;64;68;73;74;78;79;80;82;84;86;87;88;90;91;92;94;95;96;98;99;102;104;105;107;109;110;111;112;113;122;123;126;128;129;130;131;132;133;134;135;137;138;139;141;142;144;147;150;158;159;161;163;164;168;176;177;178;179;181;183;185;187;190;191;193;194;195;196;197;200;202;205;207;208;211;214;215;216;217;218;219;220;221;222;223",0.627180814743042,0.0625,"ok",NA,"2026-08-09 21:39:50"
"stamps","U-MCCD","900",0.9,0.1,"derived","99","RK",340,9,31,0.193548387096774,0.867313915857605,0.53043115147719,0.175438596491228,47,94,"6;12;15;23;30;36;52;59;69;78;90;91;149;152;156;177;188;203;207;216;219;224;234;236;237;242;249;257;261;265;266;267;273;280;284;294;295;298;304;305;307;311;312;326;330;332;340",13.7299618721008,NA,"ok",NA,"2026-08-09 21:40:04"
"stamps","U-MCCD","950",0.95,0.05,"derived","99","RK",340,9,31,1,0.673139158576052,0.836569579288026,0.60546875,132,2,"13;18;32;34;37;51;53;54;55;57;58;59;61;62;71;85;88;92;94;99;102;103;104;105;106;109;110;118;119;120;121;122;124;126;131;132;134;135;138;139;140;147;148;151;152;153;155;157;160;163;166;167;168;169;174;177;178;179;182;183;185;186;187;188;189;193;194;195;196;197;199;201;204;207;219;226;227;232;236;240;242;245;266;275;277;279;280;282;283;285;287;288;289;296;297;298;299;300;303;306;307;310;311;312;313;314;315;316;317;318;319;320;321;322;323;324;325;326;327;328;329;330;331;332;333;334;335;336;337;338;339;340",4.83862686157227,NA,"ok",NA,"2026-08-09 21:40:09"
"stamps","U-MCCD","990",0.99,0.01,"derived","99","RK",340,9,31,0.0645161290322581,0.957928802588997,0.511222465810627,0.0719424460431655,15,79,"14;23;54;81;150;202;207;229;243;273;297;305;307;311;312",2.94244694709778,NA,"ok",NA,"2026-08-09 21:40:12"
"stamps","U-MCCD","999",0.999,0.001,"derived","99","RK",340,9,31,0.483870967741935,0.822006472491909,0.652938720116922,0.38659793814433,70,4,"12;17;18;21;54;57;58;71;85;88;90;91;92;94;99;103;105;106;109;118;119;121;132;134;135;138;139;140;148;155;157;160;163;166;167;168;177;185;207;232;236;240;242;245;266;275;277;279;280;285;288;297;303;306;307;311;312;313;321;323;325;327;328;330;331;332;333;334;335;336",4.73533797264099,NA,"ok",NA,"2026-08-09 21:40:16"
"stamps","U-MCCD","999",0.999,0.001,"disk","999","RK",340,9,31,0.483870967741935,0.838187702265372,0.661029335003654,0.396825396825397,65,3,"12;18;54;57;58;71;85;88;92;94;99;103;105;106;109;118;119;121;132;134;135;138;139;140;148;155;157;160;163;166;167;168;177;185;207;232;236;240;242;245;266;275;277;279;280;285;288;297;303;306;311;312;313;321;323;325;327;328;330;331;332;333;334;335;336",3.61139297485352,NA,"ok",NA,"2026-08-09 21:40:20"
"stamps","SU-MCCD","900",0.9,0.1,"derived","99","RK",340,9,31,1,0.210355987055016,0.605177993527508,0.388471177944862,275,1,"3;4;5;6;7;10;11;12;13;15;17;18;19;20;21;22;23;27;28;29;30;32;33;34;35;36;37;39;40;41;45;46;47;48;49;51;52;53;54;55;56;57;58;59;61;62;63;64;71;72;74;75;76;78;79;82;83;84;85;86;87;88;90;91;92;93;94;95;96;97;98;99;100;101;102;103;104;105;106;107;108;109;110;111;112;113;114;115;116;117;118;119;120;121;122;123;124;125;126;127;128;129;130;131;132;133;134;135;136;137;138;139;140;141;142;143;145;147;148;149;151;152;153;154;155;156;157;158;160;161;162;163;164;165;166;167;168;169;171;172;173;174;175;176;177;178;179;180;181;182;183;184;185;186;187;188;189;190;192;193;194;195;196;197;198;199;200;201;202;203;204;205;206;207;208;209;211;213;214;217;218;219;221;222;223;224;225;226;227;229;232;233;236;237;239;240;241;242;245;248;249;252;262;266;267;268;269;270;272;273;275;276;277;278;279;280;281;282;283;284;285;286;287;288;289;290;291;292;293;294;295;296;297;298;299;300;301;303;304;305;306;307;308;309;310;311;312;313;314;315;316;317;318;319;320;321;322;323;324;325;326;327;328;329;330;331;332;333;334;335;336;337;338;339;340",0.392774105072021,0.0625,"ok",NA,"2026-08-09 21:40:20"
"stamps","SU-MCCD","950",0.95,0.05,"derived","99","RK",340,9,31,1,0.724919093851133,0.862459546925566,0.645833333333333,116,1,"18;32;34;37;51;53;57;58;61;62;71;85;88;92;94;99;102;103;104;105;106;109;110;118;119;121;122;126;131;132;134;135;138;139;140;147;148;151;152;153;155;157;160;163;166;167;168;169;177;178;183;185;186;188;189;194;195;197;199;204;207;219;232;236;240;242;245;266;275;277;279;280;282;283;285;287;288;289;296;297;298;300;303;306;307;310;311;312;313;314;315;316;317;318;319;320;321;322;323;324;325;326;327;328;329;330;331;332;333;334;335;336;337;338;339;340",0.462836027145386,0.0625,"ok",NA,"2026-08-09 21:40:21"
"stamps","SU-MCCD","990",0.99,0.01,"derived","99","RK",340,9,31,1,0.168284789644013,0.584142394822006,0.37621359223301,288,1,"3;4;5;6;7;10;11;12;13;15;17;18;19;20;21;22;23;24;27;28;29;30;32;33;34;35;36;37;39;40;41;45;46;47;48;49;51;52;53;54;55;56;57;58;59;61;62;63;64;68;71;72;74;75;76;78;79;82;83;84;85;86;87;88;90;91;92;93;94;95;96;97;98;99;100;101;102;103;104;105;106;107;108;109;110;111;112;113;114;115;116;117;118;119;120;121;122;123;124;125;126;127;128;129;130;131;132;133;134;135;136;137;138;139;140;141;142;143;145;146;147;148;149;151;152;153;154;155;156;157;158;160;161;162;163;164;165;166;167;168;169;171;172;173;174;175;176;177;178;179;180;181;182;183;184;185;186;187;188;189;190;191;192;193;194;195;196;197;198;199;200;201;202;203;204;205;206;207;208;209;211;213;214;216;217;218;219;221;222;223;224;225;226;227;229;230;232;233;236;237;238;239;240;241;242;245;246;248;249;250;252;253;255;259;262;264;266;267;268;269;270;272;273;275;276;277;278;279;280;281;282;283;284;285;286;287;288;289;290;291;292;293;294;295;296;297;298;299;300;301;303;304;305;306;307;308;309;310;311;312;313;314;315;316;317;318;319;320;321;322;323;324;325;326;327;328;329;330;331;332;333;334;335;336;337;338;339;340",0.456614971160889,0.0625,"ok",NA,"2026-08-09 21:40:21"
"stamps","SU-MCCD","999",0.999,0.001,"derived","99","RK",340,9,31,0.516129032258065,0.883495145631068,0.699812088944566,0.454545454545455,52,1,"18;57;71;85;92;94;99;105;106;109;118;119;132;135;138;140;148;155;157;160;163;166;167;168;207;232;236;240;242;245;266;275;285;297;303;306;311;312;313;321;323;325;327;328;330;331;332;333;334;335;336;339",0.711918830871582,0.0625,"ok",NA,"2026-08-09 21:40:22"
"stamps","SU-MCCD","999",0.999,0.001,"disk","999","RK",340,9,31,0.516129032258065,0.883495145631068,0.699812088944566,0.454545454545455,52,1,"18;57;71;85;92;94;99;105;106;109;118;119;132;135;138;140;148;155;157;160;163;166;167;168;207;232;236;240;242;245;266;275;285;297;303;306;311;312;313;321;323;325;327;328;330;331;332;333;334;335;336;339",3.58835601806641,0.0625,"ok",NA,"2026-08-09 21:40:26"
"stamps","UN-MCCD","95",0.95,0.05,"disk","95","NN",340,9,31,0.483870967741935,0.812297734627832,0.648084351184884,0.380710659898477,73,2,"3;13;18;36;54;57;58;71;75;85;88;94;99;103;105;106;109;118;119;121;132;135;138;139;140;148;155;157;160;163;164;166;167;168;177;185;207;232;236;237;240;242;245;266;267;275;277;279;280;285;286;288;292;294;297;299;303;306;311;312;313;321;323;325;327;328;330;331;332;333;334;335;336",0.486695051193237,NA,"ok",NA,"2026-08-09 21:40:26"
"stamps","UN-MCCD","99",0.99,0.01,"disk","99","NN",340,9,31,0.483870967741935,0.812297734627832,0.648084351184884,0.380710659898477,73,2,"3;13;18;36;54;57;58;71;75;85;88;94;99;103;105;106;109;118;119;121;132;135;138;139;140;148;155;157;160;163;164;166;167;168;177;185;207;232;236;237;240;242;245;266;267;275;277;279;280;285;286;288;292;294;297;299;303;306;311;312;313;321;323;325;327;328;330;331;332;333;334;335;336",0.55836820602417,NA,"ok",NA,"2026-08-09 21:40:27"
"stamps","SUN-MCCD","95",0.95,0.05,"disk","95","NN",340,9,31,0.516129032258065,0.883495145631068,0.699812088944566,0.454545454545455,52,1,"18;57;71;85;92;94;99;105;106;109;118;119;132;135;138;140;148;155;157;160;163;166;167;168;207;232;236;240;242;245;266;275;285;297;303;306;311;312;313;321;323;325;327;328;330;331;332;333;334;335;336;339",0.303470134735107,0.0625,"ok",NA,"2026-08-09 21:40:27"
"stamps","SUN-MCCD","99",0.99,0.01,"disk","99","NN",340,9,31,0.516129032258065,0.883495145631068,0.699812088944566,0.454545454545455,52,1,"18;57;71;85;92;94;99;105;106;109;118;119;132;135;138;140;148;155;157;160;163;166;167;168;207;232;236;240;242;245;266;275;285;297;303;306;311;312;313;321;323;325;327;328;330;331;332;333;334;335;336;339",0.32943320274353,0.0625,"ok",NA,"2026-08-09 21:40:27"
"pima","U-MCCD","900",0.9,0.1,"derived","99","RK",555,8,55,0.454545454545455,0.798,0.626272727272727,0.361271676300578,126,2,"4;6;7;11;13;21;22;25;29;31;32;34;35;38;44;49;53;67;69;89;93;95;100;112;119;124;135;137;142;152;153;161;162;164;171;174;177;179;183;186;197;202;204;207;210;215;224;229;235;238;246;249;255;263;265;269;270;281;283;285;290;300;303;307;308;310;314;332;333;336;344;346;348;349;354;355;364;382;386;389;390;394;406;407;424;426;434;435;436;442;443;449;454;457;461;465;474;478;481;488;497;501;502;507;508;513;514;516;519;520;522;523;528;529;530;533;534;535;540;541;545;546;547;548;549;555",11.0478072166443,NA,"ok",NA,"2026-08-09 21:42:56"
"pima","U-MCCD","950",0.95,0.05,"derived","99","RK",555,8,55,0.527272727272727,0.632,0.579636363636364,0.334872979214781,213,3,"4;6;7;8;11;13;14;17;19;21;23;25;26;29;30;31;32;34;36;38;39;40;41;44;48;49;53;56;59;63;64;65;69;70;77;80;84;92;93;95;98;100;106;108;112;113;118;119;126;128;131;134;135;137;141;142;143;147;150;152;153;156;159;161;164;166;170;172;175;179;181;183;184;193;202;206;207;210;214;215;220;224;226;229;232;235;238;239;242;243;244;246;247;248;251;252;255;257;258;259;263;264;265;268;269;281;283;285;287;292;294;295;296;297;300;303;304;307;308;313;314;333;336;340;342;345;346;347;348;349;350;354;355;362;364;377;378;382;384;386;388;389;390;391;392;394;395;396;398;406;407;408;410;411;412;417;424;426;430;434;435;436;441;442;443;445;446;447;449;453;455;457;461;462;464;465;467;470;474;477;488;490;494;497;502;504;506;507;508;509;510;511;513;514;516;518;522;523;525;528;529;530;532;533;534;540;541;542;543;545;547;548;555",5.01866006851196,NA,"ok",NA,"2026-08-09 21:43:01"
"pima","U-MCCD","990",0.99,0.01,"derived","99","RK",555,8,55,0.6,0.678,0.639,0.398550724637681,194,3,"4;6;7;11;13;16;21;25;29;31;32;34;35;38;44;49;53;56;58;59;67;69;82;88;93;94;95;100;102;104;105;112;113;114;118;119;123;124;125;126;128;130;134;135;137;138;141;142;152;153;161;164;165;166;167;176;177;178;179;182;183;202;207;208;209;210;213;215;221;222;224;229;235;236;238;239;243;246;250;252;255;257;258;263;265;269;270;280;281;283;285;286;287;288;294;297;300;302;303;307;308;314;329;333;336;344;346;347;348;349;354;355;364;368;379;382;386;388;389;390;391;392;394;396;399;406;407;408;409;416;422;424;426;434;435;436;439;442;443;445;447;448;449;456;457;461;464;465;469;474;478;479;483;484;486;488;489;490;493;494;497;502;503;505;506;507;508;511;513;514;516;517;518;521;522;523;528;529;530;531;533;534;540;541;543;545;547;548;549;551;552;553;554;555",1.88077592849731,NA,"ok",NA,"2026-08-09 21:43:03"
"pima","U-MCCD","999",0.999,0.001,"derived","99","RK",555,8,55,0.981818181818182,0.356,0.668909090909091,0.453020134228188,376,2,"3;4;5;6;7;8;9;11;12;13;15;16;17;18;19;20;21;22;23;25;29;31;32;34;35;38;40;41;42;44;45;48;49;50;53;56;57;58;59;60;62;64;65;67;69;70;73;74;77;79;80;82;87;88;89;90;92;93;94;95;96;98;99;100;102;104;105;106;108;109;110;111;112;115;116;117;119;120;121;122;123;124;125;126;127;128;130;134;135;136;137;138;141;142;143;145;147;150;151;152;153;154;155;156;159;161;162;164;165;166;167;169;170;171;172;174;175;176;177;178;179;183;184;186;187;188;190;193;195;197;200;202;204;206;207;208;209;210;211;212;213;214;215;217;218;219;221;222;223;224;225;229;232;235;238;239;242;243;244;245;246;247;248;249;250;251;252;253;255;257;258;259;263;264;265;266;268;269;270;271;273;278;281;283;285;286;287;288;290;291;294;295;296;298;299;300;301;302;303;307;308;310;312;314;315;316;318;319;321;323;326;327;328;329;331;332;333;336;337;340;342;344;345;346;347;348;349;350;351;354;355;358;361;363;364;365;368;371;372;373;374;377;378;379;380;382;383;385;386;388;389;390;391;392;393;394;395;397;398;399;401;402;403;406;407;409;410;411;412;413;416;417;418;419;422;423;424;426;431;434;435;436;438;439;440;442;443;444;445;446;447;449;451;452;454;456;457;458;459;461;464;465;466;467;468;469;471;473;474;477;478;479;481;484;486;488;489;490;493;494;496;497;501;502;503;504;505;506;507;508;509;510;511;513;514;515;516;517;518;519;520;521;522;523;524;525;526;527;528;529;530;531;532;533;534;535;536;537;538;539;540;541;542;543;544;545;546;547;548;549;550;551;552;553;554;555",7.49278211593628,NA,"ok",NA,"2026-08-09 21:43:10"
"pima","U-MCCD","999",0.999,0.001,"disk","999","RK",555,8,55,0.981818181818182,0.356,0.668909090909091,0.453020134228188,376,2,"3;4;5;6;7;8;9;11;12;13;15;16;17;18;19;20;21;22;23;25;29;31;32;34;35;38;40;41;42;44;45;48;49;50;53;56;57;58;59;60;62;64;65;67;69;70;73;74;77;79;80;82;87;88;89;90;92;93;94;95;96;98;99;100;104;105;106;108;109;110;111;112;115;116;117;119;120;121;122;123;124;125;126;127;128;130;134;135;136;137;138;141;142;143;145;147;150;151;152;153;154;155;156;159;161;162;164;165;166;167;169;170;171;172;174;175;176;177;178;179;183;184;186;187;188;190;193;195;197;200;202;204;206;207;208;209;210;211;212;213;214;215;217;218;219;221;222;223;224;225;228;229;232;235;238;239;242;243;244;245;246;247;248;249;250;251;252;253;255;257;258;259;263;264;265;266;268;269;270;271;273;278;281;283;285;286;287;288;290;291;294;295;296;298;299;300;301;302;303;307;308;310;312;314;315;316;318;319;321;323;326;327;328;329;331;332;333;336;337;340;342;344;345;346;347;348;349;350;351;354;355;358;361;363;364;365;368;371;372;373;374;377;378;379;380;382;383;385;386;388;389;390;391;392;393;394;395;397;398;399;401;402;403;406;407;409;410;411;412;413;416;417;418;419;422;423;424;426;431;434;435;436;438;439;440;442;443;444;445;446;447;449;451;452;454;456;457;458;459;461;464;465;466;467;468;469;471;473;474;477;478;479;481;484;486;488;489;490;493;494;496;497;501;502;503;504;505;506;507;508;509;510;511;513;514;515;516;517;518;519;520;521;522;523;524;525;526;527;528;529;530;531;532;533;534;535;536;537;538;539;540;541;542;543;544;545;546;547;548;549;550;551;552;553;554;555",5.80843997001648,NA,"ok",NA,"2026-08-09 21:43:16"
"pima","SU-MCCD","900",0.9,0.1,"derived","99","RK",555,8,55,0.727272727272727,0.73,0.728636363636364,0.506329113924051,175,1,"4;6;7;8;11;13;21;22;25;29;31;32;34;35;38;44;49;53;58;67;69;88;89;93;94;95;100;104;112;119;124;130;134;135;137;138;142;152;153;161;164;165;166;171;172;174;176;177;178;179;183;186;197;202;204;207;210;213;215;222;224;229;232;235;243;244;246;249;253;255;263;265;269;270;281;283;285;286;290;294;300;303;307;308;310;314;318;332;333;336;344;345;346;347;348;349;351;354;355;364;377;379;382;386;388;389;390;391;394;406;407;424;426;434;435;436;439;440;442;443;449;454;457;461;464;465;469;474;478;481;488;489;490;493;497;501;502;503;505;506;507;508;511;513;514;516;517;518;519;520;521;522;523;525;526;527;528;529;530;531;533;534;535;540;541;543;545;546;547;548;549;551;553;554;555",1.30014300346375,0.0625,"ok",NA,"2026-08-09 21:43:17"
"pima","SU-MCCD","950",0.95,0.05,"derived","99","RK",555,8,55,0.327272727272727,0.858,0.592636363636364,0.29126213592233,89,1,"4;6;7;11;13;21;25;29;31;32;34;38;44;49;53;69;93;100;119;135;137;142;152;153;161;164;179;183;202;207;210;215;224;229;246;255;263;265;281;283;285;300;303;307;308;314;333;336;346;348;349;354;355;364;382;386;390;394;407;424;434;435;436;442;443;449;457;461;474;488;497;502;507;508;513;514;516;522;523;528;529;530;534;540;541;545;547;548;555",1.38294076919556,0.0625,"ok",NA,"2026-08-09 21:43:19"
"pima","SU-MCCD","990",0.99,0.01,"derived","99","RK",555,8,55,0.709090909090909,0.744,0.726545454545455,0.503875968992248,167,1,"4;6;7;8;11;13;21;22;25;29;31;32;34;35;38;44;49;53;58;67;69;88;89;93;94;95;100;104;112;119;124;130;134;135;137;138;142;152;153;161;164;165;166;171;174;176;177;178;179;183;186;202;204;207;210;213;215;222;224;229;235;243;244;246;249;253;255;263;265;269;270;281;283;285;286;290;294;300;303;307;308;310;314;318;333;336;344;346;348;349;354;355;364;377;379;382;386;388;389;390;391;394;406;407;424;426;434;435;436;439;440;442;443;449;454;457;461;464;465;469;474;478;481;488;489;490;493;497;501;502;503;505;506;507;508;511;513;514;516;517;518;520;521;522;523;525;526;527;528;529;530;531;533;534;535;540;541;543;545;546;547;548;549;551;553;554;555",1.7919020652771,0.0625,"ok",NA,"2026-08-09 21:43:21"
"pima","SU-MCCD","999",0.999,0.001,"derived","99","RK",555,8,55,0.818181818181818,0.63,0.724090909090909,0.5,230,1,"4;6;7;8;9;11;13;16;17;18;21;22;25;29;31;32;34;35;38;42;44;49;50;53;58;59;60;67;69;79;82;88;89;92;93;94;95;96;100;104;105;106;112;116;119;123;124;130;134;135;137;138;142;151;152;153;155;161;164;165;166;170;171;172;174;176;177;178;179;183;186;197;200;202;204;206;207;210;212;213;215;221;222;223;224;225;229;232;235;243;244;246;247;249;250;253;255;263;265;269;270;281;283;285;286;288;290;294;295;298;300;302;303;307;308;310;314;315;318;321;323;326;328;331;332;333;336;344;345;346;347;348;349;351;354;355;358;361;363;364;365;377;379;380;382;383;386;388;389;390;391;394;398;401;406;407;418;424;426;434;435;436;439;440;442;443;444;449;454;457;459;461;464;465;469;474;478;481;484;488;489;490;493;496;497;501;502;503;505;506;507;508;509;510;511;513;514;516;517;518;519;520;521;522;523;525;526;527;528;529;530;531;533;534;535;540;541;543;544;545;546;547;548;549;550;551;552;553;554;555",3.4123158454895,0.0625,"ok",NA,"2026-08-09 21:43:24"
"pima","SU-MCCD","999",0.999,0.001,"disk","999","RK",555,8,55,0.818181818181818,0.63,0.724090909090909,0.5,230,1,"4;6;7;8;9;11;13;16;17;18;21;22;25;29;31;32;34;35;38;42;44;49;50;53;58;59;60;67;69;79;82;88;89;92;93;94;95;96;100;104;105;106;112;116;119;123;124;130;134;135;137;138;142;151;152;153;155;161;164;165;166;170;171;172;174;176;177;178;179;183;186;197;200;202;204;206;207;210;212;213;215;221;222;223;224;225;229;232;235;243;244;246;247;249;250;253;255;263;265;269;270;281;283;285;286;288;290;294;295;298;300;302;303;307;308;310;314;315;318;321;323;326;328;331;332;333;336;344;345;346;347;348;349;351;354;355;358;361;363;364;365;377;379;380;382;383;386;388;389;390;391;394;398;401;406;407;418;424;426;434;435;436;439;440;442;443;444;449;454;457;459;461;464;465;469;474;478;481;484;488;489;490;493;496;497;501;502;503;505;506;507;508;509;510;511;513;514;516;517;518;519;520;521;522;523;525;526;527;528;529;530;531;533;534;535;540;541;543;544;545;546;547;548;549;550;551;552;553;554;555",5.74747490882874,0.0625,"ok",NA,"2026-08-09 21:43:30"
"pima","UN-MCCD","95",0.95,0.05,"disk","95","NN",555,8,55,0.290909090909091,0.782,0.536454545454546,0.231884057971014,125,2,"4;5;6;7;19;25;32;34;38;40;42;44;49;53;57;59;67;69;74;92;93;100;106;108;112;119;126;128;135;137;142;143;152;153;159;161;162;175;179;197;202;207;209;210;215;217;221;224;229;238;239;243;244;245;246;251;255;257;263;265;266;269;281;285;296;300;307;308;314;333;336;344;346;347;349;350;351;354;355;368;373;377;378;386;388;390;391;394;395;406;407;424;434;435;442;443;446;449;457;458;459;461;464;465;471;477;478;488;497;502;511;516;519;522;528;529;530;534;535;539;540;541;542;545;548",1.68095684051514,NA,"ok",NA,"2026-08-09 21:43:32"
"pima","UN-MCCD","99",0.99,0.01,"disk","99","NN",555,8,55,0.290909090909091,0.782,0.536454545454546,0.231884057971014,125,2,"4;5;6;7;19;25;32;34;38;40;42;44;49;53;57;59;67;69;74;92;93;100;106;108;112;119;126;128;135;137;142;143;152;153;159;161;162;175;179;197;202;207;209;210;215;217;221;224;229;238;239;243;244;245;246;251;255;257;263;265;266;269;281;285;296;300;307;308;314;333;336;344;346;347;349;350;351;354;355;368;373;377;378;386;388;390;391;394;395;406;407;424;434;435;442;443;446;449;457;458;459;461;464;465;471;477;478;488;497;502;511;516;519;522;528;529;530;534;535;539;540;541;542;545;548",1.59360504150391,NA,"ok",NA,"2026-08-09 21:43:33"
"pima","SUN-MCCD","95",0.95,0.05,"disk","95","NN",555,8,55,0.890909090909091,0.552,0.721454545454545,0.496957403651116,273,1,"4;6;7;8;9;11;13;16;17;18;19;20;21;22;25;29;31;32;34;35;38;40;42;44;45;49;50;53;57;58;59;60;67;69;70;74;79;82;88;89;92;93;94;95;96;100;104;105;106;108;112;115;116;119;123;124;126;130;134;135;137;138;142;143;151;152;153;155;159;161;162;164;165;166;170;171;172;174;175;176;177;178;179;183;184;186;197;200;202;204;206;207;210;212;213;215;219;221;222;223;224;225;229;232;235;238;239;243;244;245;246;247;249;250;251;253;255;257;259;263;264;265;266;269;270;273;281;283;285;286;288;290;294;295;298;300;301;302;303;307;308;310;312;314;315;318;321;323;326;328;331;332;333;336;344;345;346;347;348;349;350;351;354;355;358;361;363;364;365;368;372;373;377;378;379;380;382;383;386;388;389;390;391;394;395;398;401;406;407;410;418;424;426;434;435;436;438;439;440;442;443;444;446;449;454;457;458;459;461;464;465;466;469;474;477;478;481;484;488;489;490;493;496;497;501;502;503;505;506;507;508;509;510;511;513;514;516;517;518;519;520;521;522;523;524;525;526;527;528;529;530;531;532;533;534;535;539;540;541;542;543;544;545;546;547;548;549;550;551;552;553;554;555",1.24450302124023,0.0625,"ok",NA,"2026-08-09 21:43:34"
"pima","SUN-MCCD","99",0.99,0.01,"disk","99","NN",555,8,55,0.890909090909091,0.552,0.721454545454545,0.496957403651116,273,1,"4;6;7;8;9;11;13;16;17;18;19;20;21;22;25;29;31;32;34;35;38;40;42;44;45;49;50;53;57;58;59;60;67;69;70;74;79;82;88;89;92;93;94;95;96;100;104;105;106;108;112;115;116;119;123;124;126;130;134;135;137;138;142;143;151;152;153;155;159;161;162;164;165;166;170;171;172;174;175;176;177;178;179;183;184;186;197;200;202;204;206;207;210;212;213;215;219;221;222;223;224;225;229;232;235;238;239;243;244;245;246;247;249;250;251;253;255;257;259;263;264;265;266;269;270;273;281;283;285;286;288;290;294;295;298;300;301;302;303;307;308;310;312;314;315;318;321;323;326;328;331;332;333;336;344;345;346;347;348;349;350;351;354;355;358;361;363;364;365;368;372;373;377;378;379;380;382;383;386;388;389;390;391;394;395;398;401;406;407;410;418;424;426;434;435;436;438;439;440;442;443;444;446;449;454;457;458;459;461;464;465;466;469;474;477;478;481;484;488;489;490;493;496;497;501;502;503;505;506;507;508;509;510;511;513;514;516;517;518;519;520;521;522;523;524;525;526;527;528;529;530;531;532;533;534;535;539;540;541;542;543;544;545;546;547;548;549;550;551;552;553;554;555",1.1974151134491,0.0625,"ok",NA,"2026-08-09 21:43:36"
"shuffle","U-MCCD","900",0.9,0.1,"derived","99","RK",1013,9,13,0,0.918,0.459,0,82,343,"46;62;86;110;129;168;191;194;198;247;250;268;270;286;300;301;322;325;337;340;349;357;368;373;393;413;435;438;442;448;450;454;484;487;499;513;516;534;554;558;574;577;581;582;590;618;627;632;635;637;662;664;677;678;679;687;716;720;732;752;754;765;779;793;805;808;815;824;835;859;871;887;890;916;918;919;953;956;981;986;995;999",32.2691941261292,NA,"ok",NA,"2026-08-09 21:44:21"
"shuffle","U-MCCD","950",0.95,0.05,"derived","99","RK",1013,9,13,0,0.94,0.47,0,60,315,"46;49;76;191;200;244;250;270;278;300;308;325;337;340;368;373;415;424;429;438;442;487;499;500;513;574;577;581;589;590;602;617;618;627;637;673;677;678;687;716;720;729;752;759;791;793;815;817;824;834;835;846;859;877;885;887;914;956;981;995",23.9562590122223,NA,"ok",NA,"2026-08-09 21:44:45"
"shuffle","U-MCCD","990",0.99,0.01,"derived","99","RK",1013,9,13,1,0.775,0.8875,0.224137931034483,238,2,"3;4;5;6;9;14;15;17;20;22;31;41;47;48;59;63;64;67;77;78;90;94;105;108;112;117;118;121;124;130;132;137;138;148;154;155;159;165;166;173;174;179;184;186;187;189;191;199;204;207;209;219;223;226;227;234;237;238;239;241;274;276;283;288;289;293;305;306;323;324;326;327;329;332;335;346;348;353;356;364;377;386;402;409;410;418;419;421;422;427;433;434;447;449;451;464;465;469;470;476;481;492;497;501;505;511;517;518;521;523;526;528;529;531;534;536;541;551;552;563;569;571;576;584;586;593;603;608;612;614;618;622;627;630;631;633;636;644;645;649;652;657;658;664;667;669;671;678;685;693;694;697;701;702;706;710;712;719;726;727;728;730;743;744;755;761;771;772;773;776;780;783;785;788;792;796;806;812;813;814;818;827;828;837;838;839;841;842;843;845;847;849;859;860;863;873;875;878;879;881;896;899;901;906;911;912;915;923;927;930;931;937;939;947;951;955;958;965;967;980;983;993;996;998;1000;1001;1002;1003;1004;1005;1006;1007;1008;1009;1010;1011;1012;1013",10.3924441337585,NA,"ok",NA,"2026-08-09 21:44:55"
"shuffle","U-MCCD","999",0.999,0.001,"derived","99","RK",1013,9,13,1,0.744,0.872,0.202492211838006,269,62,"3;5;8;14;16;18;20;26;42;47;48;49;50;55;59;63;64;73;84;85;90;94;95;100;103;105;112;113;116;117;123;128;130;132;141;148;151;155;158;161;163;171;172;173;174;175;186;187;191;194;198;199;207;208;216;219;223;227;233;234;237;241;250;253;256;265;267;269;274;275;277;283;284;285;289;293;300;301;305;308;322;325;326;327;329;332;335;346;348;356;363;369;385;390;392;395;396;401;402;409;415;419;421;423;427;430;431;432;433;434;436;453;460;461;465;469;470;479;482;483;492;496;501;502;505;511;513;517;521;522;523;527;529;536;538;541;548;554;562;569;571;586;587;588;589;593;612;618;619;622;623;625;627;628;629;631;634;635;636;642;645;649;650;652;657;659;667;669;678;685;689;693;694;697;701;702;705;706;710;718;719;722;725;727;728;730;737;739;743;745;748;752;756;761;762;767;771;772;776;777;778;780;783;785;787;788;791;792;796;803;814;820;824;827;828;835;837;838;841;842;843;845;847;857;858;866;871;881;885;888;894;895;896;897;901;906;907;911;914;915;923;925;927;929;930;938;951;952;955;959;961;969;980;983;996;998;1001;1002;1003;1004;1005;1006;1007;1008;1009;1010;1011;1012;1013",15.3178670406342,NA,"ok",NA,"2026-08-09 21:45:10"
"shuffle","U-MCCD","999",0.999,0.001,"disk","999","RK",1013,9,13,0.153846153846154,0.963,0.558423076923077,0.10989010989011,39,214,"1;38;95;119;123;163;194;200;218;254;300;308;325;358;360;437;500;542;618;629;634;650;687;724;732;737;752;762;781;801;835;851;907;914;953;956;998;1004;1010",19.8351769447327,NA,"ok",NA,"2026-08-09 21:45:30"
"shuffle","SU-MCCD","900",0.9,0.1,"derived","99","RK",1013,9,13,1,0.709,0.8545,0.182584269662921,304,1,"3;5;6;8;9;14;15;17;20;22;31;37;41;44;47;48;52;59;62;63;64;67;70;77;90;94;104;105;109;112;116;117;130;131;132;137;138;145;146;148;150;151;154;155;158;159;163;164;165;173;174;179;180;186;187;191;198;199;204;206;207;209;219;221;223;226;227;231;232;234;237;239;240;241;243;257;263;274;275;283;288;289;293;303;305;307;308;312;323;326;327;328;329;332;334;335;336;337;339;345;346;348;349;352;356;363;364;367;368;374;379;387;401;402;404;409;410;411;419;421;422;427;433;434;435;436;439;443;449;451;461;465;469;470;476;479;481;483;490;492;494;497;498;501;504;505;509;511;513;515;517;518;523;526;529;532;534;536;541;546;551;552;557;559;560;569;570;571;576;579;581;584;586;592;593;594;597;612;618;622;623;624;627;631;633;635;642;645;648;649;652;656;657;666;667;669;670;671;677;678;679;683;685;688;692;693;697;701;702;706;710;712;719;721;722;727;728;730;734;737;743;744;748;752;761;762;764;767;769;771;772;773;776;777;780;783;785;786;789;792;796;800;806;814;815;819;822;827;828;832;837;838;841;842;843;845;846;847;853;854;859;879;881;896;901;906;907;911;915;917;922;923;924;927;930;944;947;948;949;951;952;955;958;970;980;983;988;991;996;998;1000;1001;1002;1003;1004;1005;1006;1007;1008;1009;1010;1011;1012;1013",6.2999439239502,0.0625,"ok",NA,"2026-08-09 21:45:36"
"shuffle","SU-MCCD","950",0.95,0.05,"derived","99","RK",1013,9,13,1,0.057,0.5285,0.064484126984127,956,1,"1;2;3;4;5;6;7;8;9;10;11;12;13;14;15;16;17;18;19;20;21;22;23;24;25;26;27;29;31;32;33;34;35;36;37;38;39;40;41;42;43;44;45;46;47;48;49;50;51;52;53;54;55;56;57;58;59;60;61;62;63;64;65;66;67;68;69;70;71;72;73;74;75;76;77;78;79;80;81;82;83;84;85;86;87;88;89;90;92;93;94;95;96;97;98;99;100;102;103;104;105;106;107;108;109;110;111;112;113;114;116;117;118;119;120;121;122;123;124;125;126;127;128;129;130;131;132;133;134;135;137;138;139;140;141;143;144;145;146;147;148;149;150;151;152;153;154;155;156;158;159;160;161;162;163;164;165;166;168;169;170;171;172;173;174;175;176;177;178;179;180;181;182;184;185;186;187;188;189;190;191;192;193;194;195;196;197;198;199;200;201;202;203;204;205;206;207;208;209;210;211;212;213;214;215;216;217;219;221;222;223;224;225;226;227;228;229;230;231;232;233;234;235;236;237;238;239;240;241;243;244;245;247;248;249;250;251;253;254;255;256;257;258;259;260;262;263;264;265;266;267;268;269;270;271;273;274;275;276;277;278;279;280;281;282;283;284;285;287;288;289;290;291;293;294;295;296;297;298;299;300;301;302;303;305;306;307;308;311;312;313;314;315;316;317;318;319;320;321;322;323;324;325;326;327;328;329;330;331;332;333;334;335;336;337;339;340;341;342;343;344;345;346;347;348;349;350;351;352;353;354;356;357;359;360;361;362;363;364;365;366;367;368;369;370;371;372;373;374;375;376;377;378;379;380;381;382;384;385;386;387;388;389;390;391;392;393;394;395;396;397;398;399;400;401;402;404;405;406;407;408;409;410;411;412;413;414;415;416;417;418;419;420;421;422;423;424;425;426;427;428;429;430;431;432;433;434;435;436;437;438;439;440;441;442;443;444;445;446;447;448;449;450;451;452;453;454;455;456;457;458;459;460;461;462;463;464;465;467;468;469;470;471;472;473;474;475;476;477;479;480;481;482;483;484;485;486;488;489;490;491;492;493;494;495;496;497;498;499;500;501;502;504;505;506;507;508;509;510;511;512;513;514;515;517;518;519;520;521;522;523;524;525;526;527;528;529;530;531;532;533;534;535;536;537;538;539;540;541;542;543;544;545;546;547;548;550;551;552;553;554;555;556;557;558;559;560;561;562;563;564;565;566;567;568;569;570;571;572;574;575;576;578;579;580;581;582;583;584;585;586;587;588;589;590;592;593;594;595;596;597;598;599;600;601;602;603;604;605;606;607;608;609;610;611;612;614;615;616;617;618;619;620;621;622;623;624;625;626;627;628;629;630;631;632;633;634;635;636;637;638;639;640;641;642;644;645;646;647;648;649;650;651;652;653;654;655;656;657;658;659;660;661;662;663;664;665;666;667;669;670;671;672;673;674;675;676;677;678;679;680;681;682;683;684;685;686;687;688;689;690;691;692;693;694;695;696;697;698;700;701;702;703;704;705;706;707;708;709;710;711;712;714;715;716;717;718;719;720;721;722;723;724;725;726;727;728;729;730;731;732;733;734;735;737;738;739;740;741;742;743;744;745;746;747;748;751;752;753;755;756;758;759;760;761;762;763;764;765;766;767;768;769;770;771;772;773;774;775;776;777;778;779;780;781;782;783;784;785;786;787;788;789;791;792;793;794;795;796;797;798;800;801;802;803;804;805;806;807;808;809;810;812;813;814;815;816;817;818;819;820;821;822;823;824;825;826;827;828;829;830;831;832;833;834;835;836;837;838;839;840;841;842;843;844;845;846;847;848;849;850;852;853;854;855;856;857;858;859;860;861;862;863;865;866;867;868;869;871;872;873;874;875;876;877;878;879;880;881;882;883;884;885;886;887;888;889;890;891;892;893;894;895;896;897;898;899;900;901;902;905;906;907;908;909;910;911;912;914;915;916;917;918;919;920;921;922;923;924;925;926;927;928;929;930;931;932;933;934;935;936;937;938;939;940;941;942;943;944;945;946;947;948;949;950;951;952;953;954;955;956;957;958;959;960;961;962;963;964;965;966;967;968;969;970;971;972;973;974;975;977;978;979;980;981;982;983;984;985;986;987;988;989;990;991;992;993;994;995;996;997;998;1000;1001;1002;1003;1004;1005;1006;1007;1008;1009;1010;1011;1012;1013",5.94705986976624,0.0625,"ok",NA,"2026-08-09 21:45:42"
"shuffle","SU-MCCD","990",0.99,0.01,"derived","99","RK",1013,9,13,1,0.702,0.851,0.179063360881543,311,1,"3;5;6;8;9;14;15;17;20;22;31;35;37;41;44;47;48;52;59;62;63;64;67;70;73;77;90;94;100;104;105;109;112;116;117;130;131;132;137;138;145;146;148;150;151;154;155;158;159;163;164;165;171;173;174;179;180;186;187;191;198;199;204;206;207;209;219;221;223;226;227;231;232;234;237;239;240;241;243;257;263;274;275;283;288;289;293;303;305;307;308;312;323;326;327;328;329;332;334;335;336;337;339;345;346;348;349;352;356;363;364;367;368;369;374;379;387;401;402;404;409;410;411;419;421;422;427;433;434;435;436;439;443;449;451;461;465;469;470;476;479;481;483;490;492;494;497;498;501;504;505;509;511;513;515;517;518;523;526;529;532;534;536;541;546;551;552;557;559;560;569;570;571;576;579;581;584;586;592;593;594;597;612;618;622;623;624;627;631;633;635;636;642;645;648;649;652;656;657;666;667;669;670;671;677;678;679;683;685;688;692;693;697;701;702;706;710;712;719;721;722;727;728;730;734;737;743;744;748;752;761;762;764;767;769;771;772;773;776;777;780;783;785;786;789;792;796;800;806;814;815;819;822;827;828;832;837;838;841;842;843;845;846;847;853;854;859;871;879;881;896;901;906;907;911;915;917;922;923;924;927;930;944;947;948;949;951;952;955;958;970;980;983;988;991;996;998;1000;1001;1002;1003;1004;1005;1006;1007;1008;1009;1010;1011;1012;1013",6.15861296653748,0.0625,"ok",NA,"2026-08-09 21:45:49"
"shuffle","SU-MCCD","999",0.999,0.001,"derived","99","RK",1013,9,13,1,0.709,0.8545,0.182584269662921,304,1,"3;5;6;8;9;14;15;17;20;22;31;37;41;44;47;48;52;59;62;63;64;67;70;77;90;94;104;105;109;112;116;117;130;131;132;137;138;145;146;148;150;151;154;155;158;159;163;164;165;173;174;179;180;186;187;191;198;199;204;206;207;209;219;221;223;226;227;231;232;234;237;239;240;241;243;257;263;274;275;283;288;289;293;303;305;307;308;312;323;326;327;328;329;332;334;335;336;337;339;345;346;348;349;352;356;363;364;367;368;374;379;387;401;402;404;409;410;411;419;421;422;427;433;434;435;436;439;443;449;451;461;465;469;470;476;479;481;483;490;492;494;497;498;501;504;505;509;511;513;515;517;518;523;526;529;532;534;536;541;546;551;552;557;559;560;569;570;571;576;579;581;584;586;592;593;594;597;612;618;622;623;624;627;631;633;635;642;645;648;649;652;656;657;666;667;669;670;671;677;678;679;683;685;688;692;693;697;701;702;706;710;712;719;721;722;727;728;730;734;737;743;744;748;752;761;762;764;767;769;771;772;773;776;777;780;783;785;786;789;792;796;800;806;814;815;819;822;827;828;832;837;838;841;842;843;845;846;847;853;854;859;879;881;896;901;906;907;911;915;917;922;923;924;927;930;944;947;948;949;951;952;955;958;970;980;983;988;991;996;998;1000;1001;1002;1003;1004;1005;1006;1007;1008;1009;1010;1011;1012;1013",6.14375591278076,0.0625,"ok",NA,"2026-08-09 21:45:55"
"shuffle","SU-MCCD","999",0.999,0.001,"disk","999","RK",1013,9,13,1,0.47,0.735,0.109243697478992,543,1,"3;5;6;8;9;10;12;14;15;17;18;19;20;22;26;31;32;34;35;37;40;41;44;47;48;51;52;54;55;59;60;62;63;64;67;68;70;73;74;75;77;78;79;81;84;86;87;88;90;94;95;97;100;103;104;105;107;109;110;112;114;116;117;119;124;127;128;130;131;132;137;138;145;146;148;149;150;151;153;154;155;158;159;160;161;163;164;165;168;169;170;171;172;173;174;176;177;179;180;181;185;186;187;188;191;193;198;199;201;203;204;205;206;207;209;210;213;217;219;221;223;226;227;229;231;232;234;237;239;240;241;243;245;248;249;250;255;256;257;259;262;263;269;271;273;274;275;276;280;283;284;288;289;293;296;303;305;307;308;312;314;317;318;319;323;326;327;328;329;330;331;332;333;334;335;336;337;339;340;344;345;346;347;348;349;350;352;354;356;359;363;364;367;368;369;370;374;377;378;379;385;387;392;396;401;402;404;405;407;409;410;411;413;416;417;418;419;421;422;424;426;427;428;429;432;433;434;435;436;438;439;442;443;444;445;447;448;449;450;451;455;461;462;465;467;468;469;470;471;474;475;476;479;480;481;483;484;486;489;490;492;494;495;497;498;499;500;501;502;504;505;506;509;511;512;513;514;515;517;518;521;522;523;525;526;528;529;530;532;534;536;537;541;544;546;550;551;552;554;557;559;560;564;567;568;569;570;571;572;576;579;581;584;585;586;589;592;593;594;595;596;597;600;604;605;606;612;614;618;622;623;624;625;627;631;632;633;634;635;636;637;640;642;644;645;648;649;652;654;656;657;660;663;666;667;669;670;671;673;674;676;677;678;679;681;682;683;685;687;688;692;693;694;695;697;701;702;704;705;706;707;710;712;714;715;716;717;719;720;721;722;725;727;728;730;733;734;737;739;743;744;747;748;752;760;761;762;764;767;768;769;771;772;773;774;776;777;778;780;783;785;786;787;788;789;791;792;796;800;801;806;814;815;816;819;820;822;824;825;827;828;829;832;833;835;837;838;841;842;843;844;845;846;847;849;850;853;854;855;856;859;862;866;868;871;873;874;878;879;881;882;883;886;888;889;890;891;892;896;901;906;907;908;909;910;911;914;915;917;922;923;924;927;929;930;932;934;935;939;944;947;948;949;950;951;952;954;955;958;959;964;965;968;969;970;972;978;979;980;981;983;984;986;988;991;993;995;996;998;1000;1001;1002;1003;1004;1005;1006;1007;1008;1009;1010;1011;1012;1013",8.6216459274292,0.0625,"ok",NA,"2026-08-09 21:46:03"
"shuffle","UN-MCCD","95",0.95,0.05,"disk","95","NN",1013,9,13,1,0.709,0.8545,0.182584269662921,304,57,"3;5;7;14;15;16;18;20;26;35;47;48;49;50;55;59;63;64;75;78;80;86;90;91;95;96;97;98;105;107;110;112;116;117;123;124;128;130;132;140;141;142;147;148;154;155;158;161;163;165;170;172;173;174;175;186;187;191;195;199;206;207;212;216;219;223;227;233;234;236;237;250;253;257;269;270;273;275;276;277;283;289;292;293;294;297;300;305;308;311;314;325;326;327;329;332;333;335;346;348;354;356;360;369;375;377;390;402;405;409;410;415;418;419;420;430;433;436;441;447;450;455;461;462;465;469;470;472;479;483;485;491;492;495;496;497;501;502;505;511;513;514;517;518;522;523;525;528;529;536;537;538;539;547;548;551;554;555;566;568;569;571;583;584;586;588;589;594;612;614;615;618;619;622;625;627;628;629;631;635;636;641;644;645;647;649;652;669;678;685;689;693;694;696;697;699;701;702;705;706;711;712;719;725;727;728;729;730;731;739;741;745;754;756;761;762;763;765;767;769;772;776;778;779;780;783;785;787;788;790;791;792;796;797;814;816;819;824;827;828;835;837;838;841;842;843;845;847;849;851;858;859;862;866;872;873;878;881;883;885;888;893;896;897;898;901;906;907;911;915;916;927;929;930;935;936;938;939;950;951;955;956;959;963;965;983;987;989;993;996;997;1001;1002;1003;1004;1005;1006;1007;1008;1009;1010;1011;1012;1013",11.4761519432068,NA,"ok",NA,"2026-08-09 21:46:15"
"shuffle","UN-MCCD","99",0.99,0.01,"disk","99","NN",1013,9,13,1,0.709,0.8545,0.182584269662921,304,57,"3;5;7;14;15;16;18;20;26;35;47;48;49;50;55;59;63;64;75;78;80;86;90;91;95;96;97;98;105;107;110;112;116;117;123;124;128;130;132;140;141;142;147;148;154;155;158;161;163;165;170;172;173;174;175;186;187;191;195;199;206;207;212;216;219;223;227;233;234;236;237;250;253;257;269;270;273;275;276;277;283;289;292;293;294;297;300;305;308;311;314;325;326;327;329;332;333;335;346;348;354;356;360;369;375;377;390;402;405;409;410;415;418;419;420;430;433;436;441;447;450;455;461;462;465;469;470;472;479;483;485;491;492;495;496;497;501;502;505;511;513;514;517;518;522;523;525;528;529;536;537;538;539;547;548;551;554;555;566;568;569;571;583;584;586;588;589;594;612;614;615;618;619;622;625;627;628;629;631;635;636;641;644;645;647;649;652;669;678;685;689;693;694;696;697;699;701;702;705;706;711;712;719;725;727;728;729;730;731;739;741;745;754;756;761;762;763;765;767;769;772;776;778;779;780;783;785;787;788;790;791;792;796;797;814;816;819;824;827;828;835;837;838;841;842;843;845;847;849;851;858;859;862;866;872;873;878;881;883;885;888;893;896;897;898;901;906;907;911;915;916;927;929;930;935;936;938;939;950;951;955;956;959;963;965;983;987;989;993;996;997;1001;1002;1003;1004;1005;1006;1007;1008;1009;1010;1011;1012;1013",11.4816708564758,NA,"ok",NA,"2026-08-09 21:46:26"
"shuffle","SUN-MCCD","95",0.95,0.05,"disk","95","NN",1013,9,13,1,0.664,0.832,0.162094763092269,349,1,"3;5;6;8;9;10;14;15;17;18;20;22;31;35;37;40;41;44;47;48;52;55;59;62;63;64;67;70;73;75;77;90;94;100;104;105;107;109;112;116;117;130;131;132;137;138;145;146;148;150;151;154;155;158;159;163;164;165;171;173;174;179;180;186;187;191;198;199;203;204;206;207;209;210;213;219;221;223;226;227;231;232;234;237;239;240;241;243;257;259;263;274;275;283;288;289;293;303;305;307;308;312;323;326;327;328;329;332;334;335;336;337;339;340;344;345;346;348;349;352;354;356;363;364;367;368;369;374;378;379;387;401;402;404;409;410;411;419;421;422;424;427;432;433;434;435;436;439;443;449;451;461;465;469;470;476;479;481;483;490;492;494;497;498;500;501;502;504;505;509;511;513;515;517;518;521;522;523;526;529;532;534;536;541;546;551;552;557;559;560;564;569;570;571;576;579;581;584;586;589;592;593;594;595;597;605;612;618;622;623;624;627;631;633;635;636;640;642;645;648;649;652;656;657;666;667;669;670;671;677;678;679;681;683;685;688;692;693;697;701;702;706;710;712;719;720;721;722;727;728;730;734;737;743;744;748;752;760;761;762;764;767;769;771;772;773;774;776;777;780;783;785;786;788;789;792;796;800;806;814;815;819;822;824;827;828;832;837;838;841;842;843;845;846;847;853;854;856;859;871;874;879;881;888;890;896;901;906;907;911;914;915;917;922;923;924;927;930;935;944;947;948;949;951;952;955;958;970;980;983;988;991;995;996;998;1000;1001;1002;1003;1004;1005;1006;1007;1008;1009;1010;1011;1012;1013",5.78917908668518,0.0625,"ok",NA,"2026-08-09 21:46:32"
"shuffle","SUN-MCCD","99",0.99,0.01,"disk","99","NN",1013,9,13,1,0.664,0.832,0.162094763092269,349,1,"3;5;6;8;9;10;14;15;17;18;20;22;31;35;37;40;41;44;47;48;52;55;59;62;63;64;67;70;73;75;77;90;94;100;104;105;107;109;112;116;117;130;131;132;137;138;145;146;148;150;151;154;155;158;159;163;164;165;171;173;174;179;180;186;187;191;198;199;203;204;206;207;209;210;213;219;221;223;226;227;231;232;234;237;239;240;241;243;257;259;263;274;275;283;288;289;293;303;305;307;308;312;323;326;327;328;329;332;334;335;336;337;339;340;344;345;346;348;349;352;354;356;363;364;367;368;369;374;378;379;387;401;402;404;409;410;411;419;421;422;424;427;432;433;434;435;436;439;443;449;451;461;465;469;470;476;479;481;483;490;492;494;497;498;500;501;502;504;505;509;511;513;515;517;518;521;522;523;526;529;532;534;536;541;546;551;552;557;559;560;564;569;570;571;576;579;581;584;586;589;592;593;594;595;597;605;612;618;622;623;624;627;631;633;635;636;640;642;645;648;649;652;656;657;666;667;669;670;671;677;678;679;681;683;685;688;692;693;697;701;702;706;710;712;719;720;721;722;727;728;730;734;737;743;744;748;752;760;761;762;764;767;769;771;772;773;774;776;777;780;783;785;786;788;789;792;796;800;806;814;815;819;822;824;827;828;832;837;838;841;842;843;845;846;847;853;854;856;859;871;874;879;881;888;890;896;901;906;907;911;914;915;917;922;923;924;927;930;935;944;947;948;949;951;952;955;958;970;980;983;988;991;995;996;998;1000;1001;1002;1003;1004;1005;1006;1007;1008;1009;1010;1011;1012;1013",6.12565493583679,0.0625,"ok",NA,"2026-08-09 21:46:38"
"vowels","U-MCCD","900",0.9,0.1,"derived","999","RK",1452,12,46,0.369565217391304,0.896870554765292,0.633217886078298,0.245664739884393,162,540,"1;23;28;38;46;60;67;75;82;99;109;117;122;123;124;128;137;178;214;217;225;237;246;256;264;267;272;274;275;278;281;284;298;301;334;338;349;367;386;398;403;406;428;447;452;453;457;474;475;490;499;500;521;527;535;548;552;559;562;572;577;624;628;629;635;647;659;677;692;704;707;710;715;718;721;732;738;743;749;752;758;775;806;809;810;813;822;826;881;882;885;891;909;926;928;932;936;939;963;974;997;1008;1016;1018;1022;1029;1038;1039;1042;1043;1051;1060;1061;1088;1102;1109;1114;1117;1124;1148;1151;1155;1156;1163;1172;1175;1199;1202;1213;1226;1237;1248;1259;1262;1282;1293;1320;1323;1324;1373;1386;1387;1401;1402;1404;1410;1414;1415;1417;1423;1425;1426;1430;1431;1434;1436;1440;1443;1444;1448;1450;1452",58.03741979599,NA,"ok",NA,"2026-08-09 21:47:37"
"vowels","U-MCCD","950",0.95,0.05,"derived","999","RK",1452,12,46,0.260869565217391,0.90398293029872,0.582426247758056,0.181268882175227,147,459,"5;23;28;36;46;67;75;78;79;99;105;123;124;168;175;188;204;213;214;217;225;235;237;239;246;264;267;273;274;278;281;287;291;294;323;324;327;349;358;367;372;381;397;398;406;436;451;452;474;475;500;501;521;530;539;540;595;613;614;615;624;628;635;647;659;663;667;670;677;689;692;693;704;710;713;721;725;744;752;753;756;810;825;848;861;862;881;882;891;919;928;935;936;947;964;978;983;998;1004;1016;1022;1027;1034;1043;1090;1094;1100;1101;1105;1117;1124;1136;1155;1156;1163;1172;1175;1202;1213;1216;1242;1243;1248;1259;1275;1282;1323;1324;1347;1367;1368;1372;1384;1402;1404;1410;1416;1423;1425;1430;1431;1433;1438;1440;1448;1450;1452",44.2616498470306,NA,"ok",NA,"2026-08-09 21:48:21"
"vowels","U-MCCD","990",0.99,0.01,"derived","999","RK",1452,12,46,0.956521739130435,0.838549075391181,0.897535407260808,0.483516483516484,271,4,"26;27;28;29;30;31;32;50;51;52;53;54;55;56;57;59;60;61;62;63;64;65;66;71;72;73;74;76;77;78;79;89;93;94;95;96;97;98;113;145;146;147;156;157;158;159;160;161;162;163;164;165;166;167;168;179;180;181;182;183;184;185;186;187;206;207;208;214;215;216;217;218;219;220;221;222;223;224;225;226;227;228;229;230;231;273;288;291;299;300;301;302;303;304;305;306;307;308;309;310;311;312;313;314;315;316;317;324;405;406;407;408;417;418;481;524;525;526;527;528;529;530;531;532;533;534;535;536;537;538;539;554;555;570;594;607;608;609;613;641;666;836;837;937;938;1030;1031;1032;1033;1034;1035;1040;1041;1042;1043;1044;1045;1046;1047;1048;1049;1050;1051;1052;1053;1054;1055;1084;1095;1096;1097;1098;1099;1100;1106;1133;1145;1146;1171;1211;1223;1224;1234;1246;1247;1257;1258;1259;1269;1270;1271;1272;1273;1283;1284;1285;1286;1298;1299;1300;1301;1312;1313;1325;1326;1327;1328;1329;1330;1331;1340;1350;1351;1363;1364;1365;1378;1379;1380;1381;1391;1392;1393;1394;1395;1396;1397;1407;1409;1410;1411;1412;1413;1414;1415;1416;1417;1418;1419;1420;1421;1422;1423;1424;1425;1426;1427;1428;1430;1431;1432;1433;1434;1435;1436;1437;1438;1439;1440;1441;1442;1443;1444;1445;1446;1447;1448;1449;1450;1451;1452",31.2560679912567,NA,"ok",NA,"2026-08-09 21:48:52"
"vowels","U-MCCD","999",0.999,0.001,"derived","999","RK",1452,12,46,1,0.327169274537696,0.663584637268848,0.195578231292517,992,2,"17;18;19;20;21;26;27;28;29;30;31;32;33;34;35;36;49;50;51;52;53;54;55;56;57;58;59;60;61;62;63;64;65;66;67;68;69;70;71;72;73;74;75;76;77;78;79;87;88;89;93;94;95;96;97;98;113;118;119;121;147;155;156;157;158;159;160;161;162;163;164;165;166;167;168;179;180;181;182;183;184;185;186;187;206;207;208;214;215;216;217;218;219;220;221;222;223;224;225;226;227;228;229;230;231;234;278;279;280;282;283;291;297;298;299;300;301;302;303;304;305;306;307;308;309;310;311;312;313;314;315;316;317;365;366;367;407;408;416;417;418;439;474;481;492;493;494;506;507;508;524;525;526;527;528;529;530;531;532;533;534;535;536;537;538;539;540;541;542;543;544;545;546;547;548;549;550;551;552;553;554;555;556;557;558;559;560;561;562;563;564;565;566;567;568;569;570;571;572;573;574;575;576;577;578;579;580;581;582;583;584;585;586;587;588;589;590;591;592;593;594;595;596;597;598;599;600;601;602;603;604;605;606;607;608;609;610;611;612;613;614;615;616;617;618;619;620;621;622;623;624;625;626;627;628;629;630;631;632;633;634;635;636;637;638;639;640;641;642;643;644;645;646;647;648;649;650;651;652;653;654;655;656;657;658;659;660;661;662;663;664;665;666;667;668;669;670;671;672;673;674;675;676;677;678;679;680;681;682;683;684;685;686;687;688;689;690;691;692;693;694;695;696;697;698;699;700;701;702;703;704;705;706;707;708;709;710;711;712;713;714;715;716;717;718;719;720;721;722;723;724;725;726;727;728;729;730;731;732;733;734;735;736;737;738;739;740;741;742;743;744;745;746;747;748;749;750;751;752;753;754;755;756;757;758;759;760;761;762;763;764;765;766;767;768;769;770;771;772;773;774;775;776;777;778;779;780;781;782;783;784;785;786;787;788;789;790;791;792;793;794;795;796;797;798;799;800;801;802;803;804;805;806;807;808;809;810;811;812;813;814;815;816;817;818;819;820;821;822;823;824;825;826;827;828;829;830;831;832;833;834;835;836;837;838;839;840;841;842;843;844;845;846;847;848;849;850;851;852;853;854;855;856;857;858;859;860;861;862;863;864;865;866;867;868;869;870;871;872;873;874;875;876;877;878;879;880;881;882;883;884;885;886;887;888;889;890;891;892;893;894;895;896;897;898;899;900;901;902;903;904;905;906;907;908;909;910;911;912;913;914;915;916;917;918;919;920;921;922;923;924;925;926;927;928;929;930;931;932;933;934;935;936;937;938;939;940;941;942;943;944;945;946;947;948;949;950;951;952;953;954;955;956;957;958;959;960;961;962;963;964;965;966;967;968;969;970;971;972;973;974;975;976;977;978;979;980;981;982;983;984;985;986;987;988;989;990;991;992;993;994;995;996;997;998;999;1000;1001;1002;1003;1004;1005;1006;1007;1008;1009;1010;1011;1012;1013;1014;1015;1016;1017;1018;1019;1020;1021;1022;1023;1024;1025;1026;1027;1028;1029;1030;1031;1032;1033;1034;1035;1036;1037;1038;1039;1040;1041;1042;1043;1044;1045;1046;1047;1048;1049;1050;1051;1052;1053;1054;1055;1056;1057;1058;1059;1060;1061;1062;1063;1064;1065;1066;1067;1068;1069;1070;1071;1072;1074;1075;1076;1077;1078;1084;1085;1086;1087;1088;1089;1090;1091;1092;1093;1095;1096;1097;1098;1099;1100;1101;1102;1103;1104;1105;1106;1107;1108;1109;1110;1111;1112;1118;1119;1120;1121;1122;1123;1124;1125;1126;1133;1134;1135;1136;1137;1138;1145;1146;1147;1148;1149;1150;1151;1152;1157;1158;1159;1160;1161;1162;1163;1164;1165;1166;1168;1170;1171;1172;1173;1174;1175;1176;1177;1187;1188;1189;1190;1191;1192;1193;1194;1200;1201;1202;1203;1204;1205;1206;1207;1209;1210;1211;1212;1213;1214;1215;1216;1217;1218;1220;1221;1222;1223;1224;1225;1226;1227;1228;1229;1230;1232;1234;1235;1236;1237;1246;1247;1248;1249;1250;1251;1252;1253;1254;1257;1258;1259;1260;1261;1262;1263;1264;1269;1270;1271;1272;1273;1274;1275;1276;1277;1278;1283;1284;1285;1286;1287;1288;1289;1290;1291;1292;1293;1294;1295;1296;1297;1298;1299;1300;1301;1302;1303;1304;1305;1306;1307;1308;1312;1313;1314;1315;1316;1317;1318;1319;1320;1321;1322;1323;1324;1325;1326;1327;1328;1329;1330;1331;1332;1333;1334;1335;1336;1337;1338;1340;1341;1342;1343;1344;1345;1346;1347;1348;1350;1351;1352;1353;1354;1355;1356;1357;1363;1364;1365;1366;1367;1368;1369;1370;1371;1378;1379;1380;1381;1382;1383;1384;1385;1386;1387;1388;1389;1391;1392;1393;1394;1395;1396;1397;1398;1399;1400;1401;1402;1407;1408;1409;1410;1411;1412;1413;1414;1415;1416;1417;1418;1419;1420;1421;1422;1423;1424;1425;1426;1427;1428;1429;1430;1431;1432;1433;1434;1435;1436;1437;1438;1439;1440;1441;1442;1443;1444;1445;1446;1447;1448;1449;1450;1451;1452",24.6398010253906,NA,"ok",NA,"2026-08-09 21:49:17"
"vowels","SU-MCCD","900",0.9,0.1,"derived","999","RK",1452,12,46,1,0.207681365576102,0.603840682788051,0.171130952380952,1160,1,"18;19;20;21;22;23;24;25;26;27;28;29;30;31;32;33;34;35;36;37;38;39;46;50;51;52;53;54;55;56;57;58;59;60;61;62;63;64;65;66;67;68;69;70;71;72;73;74;75;76;77;78;79;80;81;89;90;91;92;93;94;95;96;97;98;99;100;101;112;113;118;119;120;121;145;146;147;148;149;150;151;152;153;154;155;156;157;158;159;160;161;162;163;164;165;166;167;168;169;170;171;172;173;174;175;176;177;178;179;180;181;182;183;184;185;186;187;198;199;200;201;206;207;208;209;214;215;216;217;218;219;220;221;222;223;224;225;226;227;228;229;230;231;232;233;234;238;243;265;266;267;268;269;270;271;272;274;278;279;280;282;283;284;285;286;287;288;291;299;300;301;302;303;304;305;306;307;308;309;310;311;312;313;314;315;316;317;325;326;327;328;329;330;331;398;400;401;402;403;404;405;406;407;408;409;410;417;418;419;420;421;437;438;439;440;441;474;480;481;491;492;493;494;495;496;497;498;500;506;507;508;524;525;526;527;528;529;530;531;532;533;534;535;536;537;538;539;540;541;542;543;544;545;546;547;548;549;550;551;552;553;554;555;556;557;558;559;560;561;562;563;564;565;566;567;568;569;570;571;572;573;574;575;576;577;578;579;580;581;582;583;584;585;586;587;588;589;590;591;592;593;594;595;596;597;598;599;600;601;602;603;604;605;606;607;608;609;610;611;612;613;614;615;616;617;618;619;620;621;622;623;624;625;626;627;628;629;630;631;632;633;634;635;636;637;638;639;640;641;642;643;644;645;646;647;648;649;650;651;652;653;654;655;656;657;658;659;660;661;662;663;664;665;666;667;668;669;670;671;672;673;674;675;676;677;678;679;680;681;682;683;684;685;686;687;688;689;690;691;692;693;694;695;696;697;698;699;700;701;702;703;704;705;706;707;708;709;710;711;712;713;714;715;716;717;718;719;720;721;722;723;724;725;726;727;728;729;730;731;732;733;734;735;736;737;738;739;740;741;742;743;744;745;746;747;748;749;750;751;752;753;754;755;756;757;758;759;760;761;762;763;764;765;766;767;768;769;770;771;772;773;774;775;776;777;778;779;780;781;782;783;784;785;786;787;788;789;790;791;792;793;794;795;796;797;798;799;800;801;802;803;804;805;806;807;808;809;810;811;812;813;814;815;816;817;818;819;820;821;822;823;824;825;826;827;828;829;830;831;832;833;834;835;836;837;838;839;840;841;842;843;844;845;846;847;848;849;850;851;852;853;854;855;856;857;858;859;860;861;862;863;864;865;866;867;868;869;870;871;872;873;874;875;876;877;878;879;880;881;882;883;884;885;886;887;888;889;890;891;892;893;894;895;896;897;898;899;900;901;902;903;904;905;906;907;908;909;910;911;912;913;914;915;916;917;918;919;920;921;922;923;924;925;926;927;928;929;930;931;932;933;934;935;936;937;938;939;940;941;942;943;944;945;946;947;948;949;950;951;952;953;954;955;956;957;958;959;960;961;962;963;964;965;966;967;968;969;970;971;972;973;974;975;976;977;978;979;980;981;982;983;984;985;986;987;988;989;990;991;992;993;994;995;996;997;998;999;1000;1001;1002;1003;1004;1005;1006;1007;1008;1009;1010;1011;1012;1013;1014;1015;1016;1017;1018;1019;1020;1021;1022;1023;1024;1025;1026;1027;1028;1029;1030;1031;1032;1033;1034;1035;1036;1037;1038;1039;1040;1041;1042;1043;1044;1045;1046;1047;1048;1049;1050;1051;1052;1053;1054;1055;1056;1057;1058;1059;1060;1061;1062;1063;1064;1065;1066;1067;1068;1069;1070;1071;1072;1073;1074;1075;1076;1077;1078;1079;1080;1081;1082;1083;1084;1085;1086;1087;1088;1089;1090;1091;1092;1093;1094;1095;1096;1097;1098;1099;1100;1101;1102;1103;1104;1105;1106;1107;1108;1109;1110;1111;1112;1113;1114;1115;1116;1117;1118;1119;1120;1121;1122;1123;1124;1125;1126;1127;1128;1129;1130;1131;1132;1133;1134;1135;1136;1137;1138;1139;1140;1141;1142;1143;1144;1145;1146;1147;1148;1149;1150;1151;1152;1153;1154;1155;1156;1157;1158;1159;1160;1161;1162;1163;1164;1165;1166;1167;1168;1169;1170;1171;1172;1173;1174;1175;1176;1177;1178;1179;1180;1181;1182;1183;1184;1185;1186;1187;1188;1189;1190;1191;1192;1193;1194;1195;1196;1197;1198;1199;1200;1201;1202;1203;1204;1205;1206;1207;1208;1209;1210;1211;1212;1213;1214;1215;1216;1217;1218;1219;1220;1221;1222;1223;1224;1225;1226;1227;1228;1229;1230;1231;1232;1233;1234;1235;1236;1237;1238;1239;1240;1241;1242;1243;1244;1245;1246;1247;1248;1249;1250;1251;1252;1253;1254;1255;1256;1257;1258;1259;1260;1261;1262;1263;1264;1265;1266;1267;1268;1269;1270;1271;1272;1273;1274;1275;1276;1277;1278;1279;1280;1281;1282;1283;1284;1285;1286;1287;1288;1289;1290;1291;1292;1293;1294;1295;1296;1297;1298;1299;1300;1301;1302;1303;1304;1305;1306;1307;1308;1309;1310;1311;1312;1313;1314;1315;1316;1317;1318;1319;1320;1321;1322;1323;1324;1325;1326;1327;1328;1329;1330;1331;1332;1333;1334;1335;1336;1337;1338;1339;1340;1341;1342;1343;1344;1345;1346;1347;1348;1349;1350;1351;1352;1353;1354;1355;1356;1357;1358;1359;1360;1361;1362;1363;1364;1365;1366;1367;1368;1369;1370;1371;1372;1373;1374;1375;1376;1377;1378;1379;1380;1381;1382;1383;1384;1385;1386;1387;1388;1389;1390;1391;1392;1393;1394;1395;1396;1397;1398;1399;1400;1401;1402;1403;1404;1405;1406;1407;1408;1409;1410;1411;1412;1413;1414;1415;1416;1417;1418;1419;1420;1421;1422;1423;1424;1425;1426;1427;1428;1429;1430;1431;1432;1433;1434;1435;1436;1437;1438;1439;1440;1441;1442;1443;1444;1445;1446;1447;1448;1449;1450;1451;1452",15.8917729854584,0.0625,"ok",NA,"2026-08-09 21:49:33"
"vowels","SU-MCCD","950",0.95,0.05,"derived","999","RK",1452,12,46,0.978260869565217,0.334281650071124,0.656271259818171,0.1931330472103,981,1,"28;29;30;31;32;33;50;51;52;53;54;55;56;57;61;62;64;71;72;73;74;89;93;94;168;214;215;216;217;218;219;220;221;222;223;224;225;226;227;228;229;230;231;299;300;301;302;303;304;407;408;417;418;524;525;526;527;528;529;530;531;532;533;534;535;536;537;538;539;540;541;542;543;544;545;546;547;548;549;550;551;552;553;554;555;556;557;558;559;560;561;562;563;564;565;566;567;568;569;570;571;572;573;574;575;576;577;578;579;580;581;582;583;584;585;586;587;588;589;590;591;592;593;594;595;596;597;598;599;600;601;602;603;604;605;606;607;608;609;610;611;612;613;614;615;616;617;618;619;620;621;622;623;624;625;626;627;628;629;630;631;632;633;634;635;636;637;638;639;640;641;642;643;644;645;646;647;648;649;650;651;652;653;654;655;656;657;658;659;660;661;662;663;664;665;666;667;668;669;670;671;672;673;674;675;676;677;678;679;680;681;682;683;684;685;686;687;688;689;690;691;692;693;694;695;696;697;698;699;700;701;702;703;704;705;706;707;708;709;710;711;712;713;714;715;716;717;718;719;720;721;722;723;724;725;726;727;728;729;730;731;732;733;734;735;736;737;738;739;740;741;742;743;744;745;746;747;748;749;750;751;752;753;754;755;756;757;758;759;760;761;762;763;764;765;766;767;768;769;770;771;772;773;774;775;776;777;778;779;780;781;782;783;784;785;786;787;788;789;790;791;792;793;794;795;796;797;798;799;800;801;802;803;804;805;806;807;808;809;810;811;812;813;814;815;816;817;818;819;820;821;822;823;824;825;826;827;828;829;830;831;832;833;834;835;836;837;838;839;840;841;842;843;844;845;846;847;848;849;850;851;852;853;854;855;856;857;858;859;860;861;862;863;864;865;866;867;868;869;870;871;872;873;874;875;876;877;878;879;880;881;882;883;884;885;886;887;888;889;890;891;892;893;894;895;896;897;898;899;900;901;902;903;904;905;906;907;908;909;910;911;912;913;914;915;916;917;918;919;920;921;922;923;924;925;926;927;928;929;930;931;932;933;934;935;936;937;938;939;940;941;942;943;944;945;946;947;948;949;950;951;952;953;954;955;956;957;958;959;960;961;962;963;964;965;966;967;968;969;970;971;972;973;974;975;976;977;978;979;980;981;982;983;984;985;986;987;988;989;990;991;992;993;994;995;996;997;998;999;1000;1001;1002;1003;1004;1005;1006;1007;1008;1009;1010;1011;1012;1013;1014;1015;1016;1017;1018;1019;1020;1021;1022;1023;1024;1025;1026;1027;1028;1029;1030;1031;1032;1033;1034;1035;1036;1037;1038;1039;1040;1041;1042;1043;1044;1045;1046;1047;1048;1049;1050;1051;1052;1053;1054;1055;1056;1057;1058;1059;1060;1061;1062;1063;1064;1065;1066;1067;1068;1069;1070;1071;1072;1073;1074;1075;1076;1077;1078;1079;1080;1081;1082;1083;1084;1085;1086;1087;1088;1089;1090;1091;1092;1093;1094;1095;1096;1097;1098;1099;1100;1101;1102;1103;1104;1105;1106;1107;1108;1109;1110;1111;1112;1113;1114;1115;1116;1117;1118;1119;1120;1121;1122;1123;1124;1125;1126;1127;1128;1129;1130;1131;1132;1133;1134;1135;1136;1137;1138;1139;1140;1141;1142;1143;1144;1145;1146;1147;1148;1149;1150;1151;1152;1153;1154;1155;1156;1157;1158;1159;1160;1161;1162;1163;1164;1165;1166;1167;1168;1169;1170;1171;1172;1173;1174;1175;1176;1177;1178;1179;1180;1181;1182;1183;1184;1185;1186;1187;1188;1189;1190;1191;1192;1193;1194;1195;1196;1197;1198;1199;1200;1201;1202;1203;1204;1205;1206;1207;1208;1209;1210;1211;1212;1213;1214;1215;1216;1217;1218;1219;1220;1221;1222;1223;1224;1225;1226;1227;1228;1229;1230;1231;1232;1233;1234;1235;1236;1237;1238;1239;1240;1241;1242;1243;1244;1245;1246;1247;1248;1249;1250;1251;1252;1253;1254;1255;1256;1257;1258;1259;1260;1261;1262;1263;1264;1265;1266;1267;1268;1269;1270;1271;1272;1273;1274;1275;1276;1277;1278;1279;1280;1281;1282;1283;1284;1285;1286;1287;1288;1289;1290;1291;1292;1293;1294;1295;1296;1297;1298;1299;1300;1301;1302;1303;1304;1305;1306;1307;1308;1309;1310;1311;1312;1313;1314;1315;1316;1317;1318;1319;1320;1321;1322;1323;1324;1325;1326;1327;1328;1329;1330;1331;1332;1333;1334;1335;1336;1337;1338;1339;1340;1341;1342;1343;1344;1345;1346;1347;1348;1349;1350;1351;1352;1353;1354;1355;1356;1357;1358;1359;1360;1361;1362;1363;1364;1365;1366;1367;1368;1369;1370;1371;1372;1373;1374;1375;1376;1377;1378;1379;1380;1381;1382;1383;1384;1385;1386;1387;1388;1389;1390;1391;1392;1393;1394;1395;1396;1397;1398;1399;1400;1401;1402;1403;1404;1405;1406;1407;1408;1409;1410;1411;1412;1413;1414;1415;1416;1417;1418;1419;1420;1421;1422;1423;1424;1425;1426;1427;1428;1429;1430;1432;1433;1434;1435;1436;1437;1438;1439;1440;1441;1442;1443;1444;1445;1446;1447;1448;1449;1450;1451;1452",15.7987132072449,0.0625,"ok",NA,"2026-08-09 21:49:48"
"vowels","SU-MCCD","990",0.99,0.01,"derived","999","RK",1452,12,46,1,0.275960170697013,0.637980085348506,0.184294871794872,1064,1,"18;19;20;21;26;27;28;29;30;31;32;33;34;35;36;50;51;52;53;54;55;56;57;58;59;60;61;62;63;64;65;66;67;68;69;70;71;72;73;74;75;76;77;78;79;89;93;94;95;96;97;98;113;118;119;121;147;156;157;158;159;160;161;162;163;164;165;166;167;168;179;180;181;182;183;184;185;186;187;206;207;208;214;215;216;217;218;219;220;221;222;223;224;225;226;227;228;229;230;231;234;278;279;280;282;283;291;299;300;301;302;303;304;305;306;307;308;309;310;311;312;313;314;315;316;317;407;408;417;418;474;481;492;493;494;524;525;526;527;528;529;530;531;532;533;534;535;536;537;538;539;540;541;542;543;544;545;546;547;548;549;550;551;552;553;554;555;556;557;558;559;560;561;562;563;564;565;566;567;568;569;570;571;572;573;574;575;576;577;578;579;580;581;582;583;584;585;586;587;588;589;590;591;592;593;594;595;596;597;598;599;600;601;602;603;604;605;606;607;608;609;610;611;612;613;614;615;616;617;618;619;620;621;622;623;624;625;626;627;628;629;630;631;632;633;634;635;636;637;638;639;640;641;642;643;644;645;646;647;648;649;650;651;652;653;654;655;656;657;658;659;660;661;662;663;664;665;666;667;668;669;670;671;672;673;674;675;676;677;678;679;680;681;682;683;684;685;686;687;688;689;690;691;692;693;694;695;696;697;698;699;700;701;702;703;704;705;706;707;708;709;710;711;712;713;714;715;716;717;718;719;720;721;722;723;724;725;726;727;728;729;730;731;732;733;734;735;736;737;738;739;740;741;742;743;744;745;746;747;748;749;750;751;752;753;754;755;756;757;758;759;760;761;762;763;764;765;766;767;768;769;770;771;772;773;774;775;776;777;778;779;780;781;782;783;784;785;786;787;788;789;790;791;792;793;794;795;796;797;798;799;800;801;802;803;804;805;806;807;808;809;810;811;812;813;814;815;816;817;818;819;820;821;822;823;824;825;826;827;828;829;830;831;832;833;834;835;836;837;838;839;840;841;842;843;844;845;846;847;848;849;850;851;852;853;854;855;856;857;858;859;860;861;862;863;864;865;866;867;868;869;870;871;872;873;874;875;876;877;878;879;880;881;882;883;884;885;886;887;888;889;890;891;892;893;894;895;896;897;898;899;900;901;902;903;904;905;906;907;908;909;910;911;912;913;914;915;916;917;918;919;920;921;922;923;924;925;926;927;928;929;930;931;932;933;934;935;936;937;938;939;940;941;942;943;944;945;946;947;948;949;950;951;952;953;954;955;956;957;958;959;960;961;962;963;964;965;966;967;968;969;970;971;972;973;974;975;976;977;978;979;980;981;982;983;984;985;986;987;988;989;990;991;992;993;994;995;996;997;998;999;1000;1001;1002;1003;1004;1005;1006;1007;1008;1009;1010;1011;1012;1013;1014;1015;1016;1017;1018;1019;1020;1021;1022;1023;1024;1025;1026;1027;1028;1029;1030;1031;1032;1033;1034;1035;1036;1037;1038;1039;1040;1041;1042;1043;1044;1045;1046;1047;1048;1049;1050;1051;1052;1053;1054;1055;1056;1057;1058;1059;1060;1061;1062;1063;1064;1065;1066;1067;1068;1069;1070;1071;1072;1073;1074;1075;1076;1077;1078;1079;1080;1081;1082;1083;1084;1085;1086;1087;1088;1089;1090;1091;1092;1093;1094;1095;1096;1097;1098;1099;1100;1101;1102;1103;1104;1105;1106;1107;1108;1109;1110;1111;1112;1113;1114;1115;1116;1117;1118;1119;1120;1121;1122;1123;1124;1125;1126;1127;1128;1129;1130;1131;1132;1133;1134;1135;1136;1137;1138;1139;1140;1141;1142;1143;1144;1145;1146;1147;1148;1149;1150;1151;1152;1153;1154;1155;1156;1157;1158;1159;1160;1161;1162;1163;1164;1165;1166;1167;1168;1169;1170;1171;1172;1173;1174;1175;1176;1177;1178;1179;1180;1181;1182;1183;1184;1185;1186;1187;1188;1189;1190;1191;1192;1193;1194;1195;1196;1197;1198;1199;1200;1201;1202;1203;1204;1205;1206;1207;1208;1209;1210;1211;1212;1213;1214;1215;1216;1217;1218;1219;1220;1221;1222;1223;1224;1225;1226;1227;1228;1229;1230;1231;1232;1233;1234;1235;1236;1237;1238;1239;1240;1241;1242;1243;1244;1245;1246;1247;1248;1249;1250;1251;1252;1253;1254;1255;1256;1257;1258;1259;1260;1261;1262;1263;1264;1265;1266;1267;1268;1269;1270;1271;1272;1273;1274;1275;1276;1277;1278;1279;1280;1281;1282;1283;1284;1285;1286;1287;1288;1289;1290;1291;1292;1293;1294;1295;1296;1297;1298;1299;1300;1301;1302;1303;1304;1305;1306;1307;1308;1309;1310;1311;1312;1313;1314;1315;1316;1317;1318;1319;1320;1321;1322;1323;1324;1325;1326;1327;1328;1329;1330;1331;1332;1333;1334;1335;1336;1337;1338;1339;1340;1341;1342;1343;1344;1345;1346;1347;1348;1349;1350;1351;1352;1353;1354;1355;1356;1357;1358;1359;1360;1361;1362;1363;1364;1365;1366;1367;1368;1369;1370;1371;1372;1373;1374;1375;1376;1377;1378;1379;1380;1381;1382;1383;1384;1385;1386;1387;1388;1389;1390;1391;1392;1393;1394;1395;1396;1397;1398;1399;1400;1401;1402;1403;1404;1405;1406;1407;1408;1409;1410;1411;1412;1413;1414;1415;1416;1417;1418;1419;1420;1421;1422;1423;1424;1425;1426;1427;1428;1429;1430;1431;1432;1433;1434;1435;1436;1437;1438;1439;1440;1441;1442;1443;1444;1445;1446;1447;1448;1449;1450;1451;1452",16.8486220836639,0.0625,"ok",NA,"2026-08-09 21:50:05"
"vowels","SU-MCCD","999",0.999,0.001,"derived","999","RK",1452,12,46,1,0.316500711237553,0.658250355618777,0.19311502938707,1007,1,"28;29;30;31;32;33;50;51;52;53;54;55;56;57;58;59;60;61;62;64;71;72;73;74;76;77;89;93;94;156;157;158;159;160;161;162;163;164;165;166;167;168;179;180;181;182;183;184;185;214;215;216;217;218;219;220;221;222;223;224;225;226;227;228;229;230;231;299;300;301;302;303;304;305;407;408;417;418;524;525;526;527;528;529;530;531;532;533;534;535;536;537;538;539;540;541;542;543;544;545;546;547;548;549;550;551;552;553;554;555;556;557;558;559;560;561;562;563;564;565;566;567;568;569;570;571;572;573;574;575;576;577;578;579;580;581;582;583;584;585;586;587;588;589;590;591;592;593;594;595;596;597;598;599;600;601;602;603;604;605;606;607;608;609;610;611;612;613;614;615;616;617;618;619;620;621;622;623;624;625;626;627;628;629;630;631;632;633;634;635;636;637;638;639;640;641;642;643;644;645;646;647;648;649;650;651;652;653;654;655;656;657;658;659;660;661;662;663;664;665;666;667;668;669;670;671;672;673;674;675;676;677;678;679;680;681;682;683;684;685;686;687;688;689;690;691;692;693;694;695;696;697;698;699;700;701;702;703;704;705;706;707;708;709;710;711;712;713;714;715;716;717;718;719;720;721;722;723;724;725;726;727;728;729;730;731;732;733;734;735;736;737;738;739;740;741;742;743;744;745;746;747;748;749;750;751;752;753;754;755;756;757;758;759;760;761;762;763;764;765;766;767;768;769;770;771;772;773;774;775;776;777;778;779;780;781;782;783;784;785;786;787;788;789;790;791;792;793;794;795;796;797;798;799;800;801;802;803;804;805;806;807;808;809;810;811;812;813;814;815;816;817;818;819;820;821;822;823;824;825;826;827;828;829;830;831;832;833;834;835;836;837;838;839;840;841;842;843;844;845;846;847;848;849;850;851;852;853;854;855;856;857;858;859;860;861;862;863;864;865;866;867;868;869;870;871;872;873;874;875;876;877;878;879;880;881;882;883;884;885;886;887;888;889;890;891;892;893;894;895;896;897;898;899;900;901;902;903;904;905;906;907;908;909;910;911;912;913;914;915;916;917;918;919;920;921;922;923;924;925;926;927;928;929;930;931;932;933;934;935;936;937;938;939;940;941;942;943;944;945;946;947;948;949;950;951;952;953;954;955;956;957;958;959;960;961;962;963;964;965;966;967;968;969;970;971;972;973;974;975;976;977;978;979;980;981;982;983;984;985;986;987;988;989;990;991;992;993;994;995;996;997;998;999;1000;1001;1002;1003;1004;1005;1006;1007;1008;1009;1010;1011;1012;1013;1014;1015;1016;1017;1018;1019;1020;1021;1022;1023;1024;1025;1026;1027;1028;1029;1030;1031;1032;1033;1034;1035;1036;1037;1038;1039;1040;1041;1042;1043;1044;1045;1046;1047;1048;1049;1050;1051;1052;1053;1054;1055;1056;1057;1058;1059;1060;1061;1062;1063;1064;1065;1066;1067;1068;1069;1070;1071;1072;1073;1074;1075;1076;1077;1078;1079;1080;1081;1082;1083;1084;1085;1086;1087;1088;1089;1090;1091;1092;1093;1094;1095;1096;1097;1098;1099;1100;1101;1102;1103;1104;1105;1106;1107;1108;1109;1110;1111;1112;1113;1114;1115;1116;1117;1118;1119;1120;1121;1122;1123;1124;1125;1126;1127;1128;1129;1130;1131;1132;1133;1134;1135;1136;1137;1138;1139;1140;1141;1142;1143;1144;1145;1146;1147;1148;1149;1150;1151;1152;1153;1154;1155;1156;1157;1158;1159;1160;1161;1162;1163;1164;1165;1166;1167;1168;1169;1170;1171;1172;1173;1174;1175;1176;1177;1178;1179;1180;1181;1182;1183;1184;1185;1186;1187;1188;1189;1190;1191;1192;1193;1194;1195;1196;1197;1198;1199;1200;1201;1202;1203;1204;1205;1206;1207;1208;1209;1210;1211;1212;1213;1214;1215;1216;1217;1218;1219;1220;1221;1222;1223;1224;1225;1226;1227;1228;1229;1230;1231;1232;1233;1234;1235;1236;1237;1238;1239;1240;1241;1242;1243;1244;1245;1246;1247;1248;1249;1250;1251;1252;1253;1254;1255;1256;1257;1258;1259;1260;1261;1262;1263;1264;1265;1266;1267;1268;1269;1270;1271;1272;1273;1274;1275;1276;1277;1278;1279;1280;1281;1282;1283;1284;1285;1286;1287;1288;1289;1290;1291;1292;1293;1294;1295;1296;1297;1298;1299;1300;1301;1302;1303;1304;1305;1306;1307;1308;1309;1310;1311;1312;1313;1314;1315;1316;1317;1318;1319;1320;1321;1322;1323;1324;1325;1326;1327;1328;1329;1330;1331;1332;1333;1334;1335;1336;1337;1338;1339;1340;1341;1342;1343;1344;1345;1346;1347;1348;1349;1350;1351;1352;1353;1354;1355;1356;1357;1358;1359;1360;1361;1362;1363;1364;1365;1366;1367;1368;1369;1370;1371;1372;1373;1374;1375;1376;1377;1378;1379;1380;1381;1382;1383;1384;1385;1386;1387;1388;1389;1390;1391;1392;1393;1394;1395;1396;1397;1398;1399;1400;1401;1402;1403;1404;1405;1406;1407;1408;1409;1410;1411;1412;1413;1414;1415;1416;1417;1418;1419;1420;1421;1422;1423;1424;1425;1426;1427;1428;1429;1430;1431;1432;1433;1434;1435;1436;1437;1438;1439;1440;1441;1442;1443;1444;1445;1446;1447;1448;1449;1450;1451;1452",17.2595510482788,0.0625,"ok",NA,"2026-08-09 21:50:23"
"vowels","UN-MCCD","99",0.99,0.01,"disk","99","NN",1452,12,46,1,0.541251778093883,0.770625889046942,0.262857142857143,691,2,"1;2;3;4;5;6;7;8;18;19;20;21;22;23;24;25;26;27;28;29;30;31;32;33;34;35;36;37;38;39;40;41;50;51;52;53;54;55;56;57;58;59;60;61;62;64;71;72;73;74;75;76;77;89;90;91;92;93;94;95;102;103;104;105;106;107;108;109;110;111;112;113;118;119;120;121;122;123;124;125;135;136;137;138;139;140;141;142;143;144;145;146;147;156;157;158;159;160;161;162;163;164;165;166;167;168;169;170;179;180;181;182;183;184;185;186;187;198;199;200;201;202;203;204;205;206;207;208;209;214;215;216;217;218;219;220;221;222;223;224;225;226;227;228;229;230;231;232;233;234;235;236;237;238;239;240;241;242;250;251;252;253;254;255;256;257;265;266;267;268;269;270;281;282;283;284;285;286;287;288;289;290;299;300;301;302;303;304;305;306;307;308;318;319;320;321;322;323;324;325;334;335;336;337;338;350;351;352;353;368;369;370;371;372;382;383;384;385;386;398;399;400;401;402;403;404;405;406;407;408;417;418;419;420;421;422;423;424;425;426;440;441;442;443;444;457;458;459;475;476;477;478;479;480;481;482;483;491;492;493;494;495;496;497;509;510;511;512;513;514;515;516;517;518;524;525;526;527;528;529;530;531;532;533;534;535;536;537;538;539;548;549;550;551;552;553;554;565;566;567;568;570;586;588;594;602;603;607;608;609;610;611;612;613;630;631;632;633;634;635;636;637;638;639;640;641;648;666;667;668;669;670;671;672;673;674;675;676;677;678;679;699;705;706;719;722;723;796;797;798;807;834;835;836;837;844;845;846;847;848;849;857;862;882;892;893;894;895;896;915;927;928;929;930;931;936;946;968;991;992;993;1016;1030;1031;1032;1033;1034;1035;1036;1037;1038;1039;1040;1041;1042;1043;1044;1045;1046;1047;1048;1049;1050;1051;1052;1053;1054;1055;1056;1057;1058;1059;1060;1061;1062;1063;1064;1065;1066;1067;1068;1069;1070;1071;1072;1073;1074;1075;1076;1077;1078;1079;1080;1081;1082;1083;1084;1085;1086;1087;1088;1089;1090;1091;1092;1093;1094;1095;1096;1097;1098;1099;1100;1101;1102;1103;1104;1105;1109;1110;1111;1112;1113;1114;1115;1116;1117;1118;1119;1125;1126;1127;1128;1129;1130;1131;1132;1136;1137;1138;1139;1140;1141;1142;1143;1144;1150;1151;1152;1153;1154;1155;1156;1157;1158;1159;1160;1161;1162;1163;1164;1165;1166;1167;1168;1169;1178;1179;1180;1181;1182;1183;1184;1185;1186;1192;1193;1194;1195;1196;1197;1198;1199;1204;1205;1206;1207;1208;1209;1210;1215;1216;1217;1218;1219;1220;1221;1222;1229;1230;1231;1232;1233;1240;1241;1242;1243;1244;1245;1250;1251;1252;1253;1254;1255;1256;1260;1262;1263;1264;1265;1266;1267;1268;1269;1270;1276;1277;1278;1279;1280;1281;1282;1290;1291;1292;1293;1294;1295;1296;1297;1304;1305;1306;1307;1308;1309;1310;1311;1312;1313;1319;1320;1321;1322;1323;1324;1325;1326;1335;1336;1337;1338;1339;1342;1343;1344;1345;1346;1347;1348;1349;1356;1357;1358;1359;1360;1361;1362;1370;1371;1372;1373;1374;1375;1376;1377;1378;1379;1380;1384;1385;1386;1387;1388;1389;1390;1391;1392;1401;1402;1403;1404;1405;1406;1407;1408;1409;1410;1411;1412;1413;1414;1415;1416;1417;1418;1419;1420;1421;1422;1423;1424;1425;1426;1427;1428;1429;1430;1431;1432;1433;1434;1435;1436;1437;1438;1439;1440;1441;1442;1443;1444;1445;1446;1447;1448;1449;1450;1451;1452",24.5800769329071,NA,"ok",NA,"2026-08-09 21:50:47"
"vowels","UN-MCCD","999",0.999,0.001,"disk","999","NN",1452,12,46,1,0.541251778093883,0.770625889046942,0.262857142857143,691,2,"1;2;3;4;5;6;7;8;18;19;20;21;22;23;24;25;26;27;28;29;30;31;32;33;34;35;36;37;38;39;40;41;50;51;52;53;54;55;56;57;58;59;60;61;62;64;71;72;73;74;75;76;77;89;90;91;92;93;94;95;102;103;104;105;106;107;108;109;110;111;112;113;118;119;120;121;122;123;124;125;135;136;137;138;139;140;141;142;143;144;145;146;147;156;157;158;159;160;161;162;163;164;165;166;167;168;169;170;179;180;181;182;183;184;185;186;187;198;199;200;201;202;203;204;205;206;207;208;209;214;215;216;217;218;219;220;221;222;223;224;225;226;227;228;229;230;231;232;233;234;235;236;237;238;239;240;241;242;250;251;252;253;254;255;256;257;265;266;267;268;269;270;281;282;283;284;285;286;287;288;289;290;299;300;301;302;303;304;305;306;307;308;318;319;320;321;322;323;324;325;334;335;336;337;338;350;351;352;353;368;369;370;371;372;382;383;384;385;386;398;399;400;401;402;403;404;405;406;407;408;417;418;419;420;421;422;423;424;425;426;440;441;442;443;444;457;458;459;475;476;477;478;479;480;481;482;483;491;492;493;494;495;496;497;509;510;511;512;513;514;515;516;517;518;524;525;526;527;528;529;530;531;532;533;534;535;536;537;538;539;548;549;550;551;552;553;554;565;566;567;568;570;586;588;594;602;603;607;608;609;610;611;612;613;630;631;632;633;634;635;636;637;638;639;640;641;648;666;667;668;669;670;671;672;673;674;675;676;677;678;679;699;705;706;719;722;723;796;797;798;807;834;835;836;837;844;845;846;847;848;849;857;862;882;892;893;894;895;896;915;927;928;929;930;931;936;946;968;991;992;993;1016;1030;1031;1032;1033;1034;1035;1036;1037;1038;1039;1040;1041;1042;1043;1044;1045;1046;1047;1048;1049;1050;1051;1052;1053;1054;1055;1056;1057;1058;1059;1060;1061;1062;1063;1064;1065;1066;1067;1068;1069;1070;1071;1072;1073;1074;1075;1076;1077;1078;1079;1080;1081;1082;1083;1084;1085;1086;1087;1088;1089;1090;1091;1092;1093;1094;1095;1096;1097;1098;1099;1100;1101;1102;1103;1104;1105;1109;1110;1111;1112;1113;1114;1115;1116;1117;1118;1119;1125;1126;1127;1128;1129;1130;1131;1132;1136;1137;1138;1139;1140;1141;1142;1143;1144;1150;1151;1152;1153;1154;1155;1156;1157;1158;1159;1160;1161;1162;1163;1164;1165;1166;1167;1168;1169;1178;1179;1180;1181;1182;1183;1184;1185;1186;1192;1193;1194;1195;1196;1197;1198;1199;1204;1205;1206;1207;1208;1209;1210;1215;1216;1217;1218;1219;1220;1221;1222;1229;1230;1231;1232;1233;1240;1241;1242;1243;1244;1245;1250;1251;1252;1253;1254;1255;1256;1260;1262;1263;1264;1265;1266;1267;1268;1269;1270;1276;1277;1278;1279;1280;1281;1282;1290;1291;1292;1293;1294;1295;1296;1297;1304;1305;1306;1307;1308;1309;1310;1311;1312;1313;1319;1320;1321;1322;1323;1324;1325;1326;1335;1336;1337;1338;1339;1342;1343;1344;1345;1346;1347;1348;1349;1356;1357;1358;1359;1360;1361;1362;1370;1371;1372;1373;1374;1375;1376;1377;1378;1379;1380;1384;1385;1386;1387;1388;1389;1390;1391;1392;1401;1402;1403;1404;1405;1406;1407;1408;1409;1410;1411;1412;1413;1414;1415;1416;1417;1418;1419;1420;1421;1422;1423;1424;1425;1426;1427;1428;1429;1430;1431;1432;1433;1434;1435;1436;1437;1438;1439;1440;1441;1442;1443;1444;1445;1446;1447;1448;1449;1450;1451;1452",24.8158161640167,NA,"ok",NA,"2026-08-09 21:51:12"
"vowels","SUN-MCCD","99",0.99,0.01,"disk","99","NN",1452,12,46,0.978260869565217,0.562588904694168,0.770424887129693,0.266587677725118,660,1,"28;50;51;52;53;54;55;61;62;71;72;73;74;89;168;214;215;216;217;218;219;220;221;222;223;224;225;226;227;228;229;230;231;417;418;524;525;526;527;528;529;530;531;532;533;534;535;536;537;538;539;540;541;542;543;547;548;549;550;551;552;553;554;555;556;557;558;559;560;561;562;563;564;565;566;567;568;569;570;571;572;573;574;575;576;577;578;579;580;581;582;583;584;585;586;587;588;589;590;591;592;593;594;595;596;597;598;599;600;601;602;603;604;605;606;607;608;609;610;611;612;613;614;615;616;617;618;619;620;621;622;623;624;625;626;627;628;629;630;631;632;633;634;635;636;637;638;639;640;641;642;643;644;645;646;647;648;649;650;651;652;653;654;655;656;657;658;659;660;661;662;663;664;665;666;667;668;669;670;671;672;673;674;675;676;677;678;679;680;681;682;683;684;685;686;687;688;689;690;691;692;693;694;695;696;697;698;699;700;701;702;703;704;705;706;707;708;709;710;711;712;713;714;715;716;717;718;719;720;721;722;723;724;725;726;727;728;729;730;731;732;733;734;735;736;737;738;739;740;741;742;743;744;745;746;747;748;749;750;751;752;753;754;755;756;757;758;759;760;761;762;763;764;765;766;767;768;769;770;771;772;773;774;775;776;777;778;779;780;781;782;783;784;785;786;787;788;789;790;791;792;793;794;795;796;797;798;799;800;801;802;803;804;805;806;807;808;809;810;811;812;813;814;815;816;817;818;819;820;821;822;823;824;825;826;827;828;829;830;831;832;833;834;835;836;837;840;841;842;843;844;845;846;847;848;849;850;851;852;853;854;855;856;857;858;859;860;861;862;863;864;865;866;867;868;869;870;871;872;873;874;875;876;877;878;879;880;881;882;883;884;885;886;887;888;889;890;891;892;893;894;895;896;897;898;899;900;901;902;903;904;905;906;907;908;909;910;911;912;913;914;915;916;917;918;919;920;921;922;923;924;925;926;927;928;929;930;931;932;933;934;935;936;937;938;939;940;941;942;943;944;945;946;947;948;949;950;951;952;953;954;955;956;957;958;959;960;961;962;963;964;965;966;967;968;969;970;971;972;973;974;975;976;977;978;979;980;981;982;983;984;985;986;987;988;989;990;991;992;993;994;995;996;997;998;999;1000;1001;1002;1003;1004;1005;1006;1007;1008;1009;1010;1011;1012;1013;1014;1015;1016;1017;1018;1019;1020;1021;1022;1023;1024;1025;1026;1027;1028;1029;1030;1031;1032;1033;1034;1035;1036;1037;1038;1040;1041;1042;1043;1044;1045;1046;1047;1048;1049;1050;1051;1052;1053;1054;1055;1056;1057;1058;1060;1061;1062;1084;1085;1086;1095;1096;1097;1098;1099;1100;1111;1112;1157;1158;1159;1160;1161;1162;1163;1164;1165;1166;1216;1269;1270;1291;1292;1293;1294;1295;1296;1297;1312;1313;1323;1325;1326;1336;1337;1363;1364;1365;1366;1378;1379;1380;1391;1392;1402;1407;1408;1409;1410;1411;1412;1413;1414;1415;1416;1417;1418;1419;1420;1421;1422;1423;1424;1425;1426;1427;1428;1429;1430;1432;1433;1434;1435;1436;1437;1438;1439;1440;1441;1442;1443;1444;1445;1446;1447;1448;1449;1450;1451;1452",15.6335489749908,0.0625,"ok",NA,"2026-08-09 21:51:28"
"vowels","SUN-MCCD","999",0.999,0.001,"disk","999","NN",1452,12,46,0.978260869565217,0.562588904694168,0.770424887129693,0.266587677725118,660,1,"28;50;51;52;53;54;55;61;62;71;72;73;74;89;168;214;215;216;217;218;219;220;221;222;223;224;225;226;227;228;229;230;231;417;418;524;525;526;527;528;529;530;531;532;533;534;535;536;537;538;539;540;541;542;543;547;548;549;550;551;552;553;554;555;556;557;558;559;560;561;562;563;564;565;566;567;568;569;570;571;572;573;574;575;576;577;578;579;580;581;582;583;584;585;586;587;588;589;590;591;592;593;594;595;596;597;598;599;600;601;602;603;604;605;606;607;608;609;610;611;612;613;614;615;616;617;618;619;620;621;622;623;624;625;626;627;628;629;630;631;632;633;634;635;636;637;638;639;640;641;642;643;644;645;646;647;648;649;650;651;652;653;654;655;656;657;658;659;660;661;662;663;664;665;666;667;668;669;670;671;672;673;674;675;676;677;678;679;680;681;682;683;684;685;686;687;688;689;690;691;692;693;694;695;696;697;698;699;700;701;702;703;704;705;706;707;708;709;710;711;712;713;714;715;716;717;718;719;720;721;722;723;724;725;726;727;728;729;730;731;732;733;734;735;736;737;738;739;740;741;742;743;744;745;746;747;748;749;750;751;752;753;754;755;756;757;758;759;760;761;762;763;764;765;766;767;768;769;770;771;772;773;774;775;776;777;778;779;780;781;782;783;784;785;786;787;788;789;790;791;792;793;794;795;796;797;798;799;800;801;802;803;804;805;806;807;808;809;810;811;812;813;814;815;816;817;818;819;820;821;822;823;824;825;826;827;828;829;830;831;832;833;834;835;836;837;840;841;842;843;844;845;846;847;848;849;850;851;852;853;854;855;856;857;858;859;860;861;862;863;864;865;866;867;868;869;870;871;872;873;874;875;876;877;878;879;880;881;882;883;884;885;886;887;888;889;890;891;892;893;894;895;896;897;898;899;900;901;902;903;904;905;906;907;908;909;910;911;912;913;914;915;916;917;918;919;920;921;922;923;924;925;926;927;928;929;930;931;932;933;934;935;936;937;938;939;940;941;942;943;944;945;946;947;948;949;950;951;952;953;954;955;956;957;958;959;960;961;962;963;964;965;966;967;968;969;970;971;972;973;974;975;976;977;978;979;980;981;982;983;984;985;986;987;988;989;990;991;992;993;994;995;996;997;998;999;1000;1001;1002;1003;1004;1005;1006;1007;1008;1009;1010;1011;1012;1013;1014;1015;1016;1017;1018;1019;1020;1021;1022;1023;1024;1025;1026;1027;1028;1029;1030;1031;1032;1033;1034;1035;1036;1037;1038;1040;1041;1042;1043;1044;1045;1046;1047;1048;1049;1050;1051;1052;1053;1054;1055;1056;1057;1058;1060;1061;1062;1084;1085;1086;1095;1096;1097;1098;1099;1100;1111;1112;1157;1158;1159;1160;1161;1162;1163;1164;1165;1166;1216;1269;1270;1291;1292;1293;1294;1295;1296;1297;1312;1313;1323;1325;1326;1336;1337;1363;1364;1365;1366;1378;1379;1380;1391;1392;1402;1407;1408;1409;1410;1411;1412;1413;1414;1415;1416;1417;1418;1419;1420;1421;1422;1423;1424;1425;1426;1427;1428;1429;1430;1432;1433;1434;1435;1436;1437;1438;1439;1440;1441;1442;1443;1444;1445;1446;1447;1448;1449;1450;1451;1452",15.9474020004272,0.0625,"ok",NA,"2026-08-09 21:51:44"
"pageblocks","UN-MCCD","99",0.99,0.01,"disk","99","NN",4795,10,510,NA,NA,NA,NA,NA,NA,"",900.059020042419,NA,"timeout","reached elapsed time limit","2026-08-09 22:07:07"
"pageblocks","U-MCCD","900",0.9,0.1,"derived","999","RK",4795,10,NA,NA,NA,NA,NA,NA,NA,"",NA,NA,"not_run","not run: measured cost. UN-MCCD on pageblocks (n=4795,d=10) exceeded the 900s cell timeout (see the status=timeout row). Detector cost is ~O(n^3): U-MCCD on vowels (n=1452) took 58s, so n=3200-4819 projects to 600-2100s per cell and 8-14 cells per data set, i.e. 2-8h per data set. Outside the WP2a compute budget.","2026-08-09 22:13:00"
"pageblocks","U-MCCD","950",0.95,0.05,"derived","999","RK",4795,10,NA,NA,NA,NA,NA,NA,NA,"",NA,NA,"not_run","not run: measured cost. UN-MCCD on pageblocks (n=4795,d=10) exceeded the 900s cell timeout (see the status=timeout row). Detector cost is ~O(n^3): U-MCCD on vowels (n=1452) took 58s, so n=3200-4819 projects to 600-2100s per cell and 8-14 cells per data set, i.e. 2-8h per data set. Outside the WP2a compute budget.","2026-08-09 22:13:00"
"pageblocks","U-MCCD","990",0.99,0.01,"derived","999","RK",4795,10,NA,NA,NA,NA,NA,NA,NA,"",NA,NA,"not_run","not run: measured cost. UN-MCCD on pageblocks (n=4795,d=10) exceeded the 900s cell timeout (see the status=timeout row). Detector cost is ~O(n^3): U-MCCD on vowels (n=1452) took 58s, so n=3200-4819 projects to 600-2100s per cell and 8-14 cells per data set, i.e. 2-8h per data set. Outside the WP2a compute budget.","2026-08-09 22:13:00"
"pageblocks","U-MCCD","999",0.999,0.001,"derived","999","RK",4795,10,NA,NA,NA,NA,NA,NA,NA,"",NA,NA,"not_run","not run: measured cost. UN-MCCD on pageblocks (n=4795,d=10) exceeded the 900s cell timeout (see the status=timeout row). Detector cost is ~O(n^3): U-MCCD on vowels (n=1452) took 58s, so n=3200-4819 projects to 600-2100s per cell and 8-14 cells per data set, i.e. 2-8h per data set. Outside the WP2a compute budget.","2026-08-09 22:13:00"
"pageblocks","U-MCCD","99",0.99,0.01,"disk","99","RK",4795,10,NA,NA,NA,NA,NA,NA,NA,"",NA,NA,"not_run","not run: measured cost. UN-MCCD on pageblocks (n=4795,d=10) exceeded the 900s cell timeout (see the status=timeout row). Detector cost is ~O(n^3): U-MCCD on vowels (n=1452) took 58s, so n=3200-4819 projects to 600-2100s per cell and 8-14 cells per data set, i.e. 2-8h per data set. Outside the WP2a compute budget.","2026-08-09 22:13:00"
"pageblocks","SU-MCCD","900",0.9,0.1,"derived","999","RK",4795,10,NA,NA,NA,NA,NA,NA,NA,"",NA,0.0625,"not_run","not run: measured cost. UN-MCCD on pageblocks (n=4795,d=10) exceeded the 900s cell timeout (see the status=timeout row). Detector cost is ~O(n^3): U-MCCD on vowels (n=1452) took 58s, so n=3200-4819 projects to 600-2100s per cell and 8-14 cells per data set, i.e. 2-8h per data set. Outside the WP2a compute budget.","2026-08-09 22:13:00"
"pageblocks","SU-MCCD","950",0.95,0.05,"derived","999","RK",4795,10,NA,NA,NA,NA,NA,NA,NA,"",NA,0.0625,"not_run","not run: measured cost. UN-MCCD on pageblocks (n=4795,d=10) exceeded the 900s cell timeout (see the status=timeout row). Detector cost is ~O(n^3): U-MCCD on vowels (n=1452) took 58s, so n=3200-4819 projects to 600-2100s per cell and 8-14 cells per data set, i.e. 2-8h per data set. Outside the WP2a compute budget.","2026-08-09 22:13:00"
"pageblocks","SU-MCCD","990",0.99,0.01,"derived","999","RK",4795,10,NA,NA,NA,NA,NA,NA,NA,"",NA,0.0625,"not_run","not run: measured cost. UN-MCCD on pageblocks (n=4795,d=10) exceeded the 900s cell timeout (see the status=timeout row). Detector cost is ~O(n^3): U-MCCD on vowels (n=1452) took 58s, so n=3200-4819 projects to 600-2100s per cell and 8-14 cells per data set, i.e. 2-8h per data set. Outside the WP2a compute budget.","2026-08-09 22:13:00"
"pageblocks","SU-MCCD","999",0.999,0.001,"derived","999","RK",4795,10,NA,NA,NA,NA,NA,NA,NA,"",NA,0.0625,"not_run","not run: measured cost. UN-MCCD on pageblocks (n=4795,d=10) exceeded the 900s cell timeout (see the status=timeout row). Detector cost is ~O(n^3): U-MCCD on vowels (n=1452) took 58s, so n=3200-4819 projects to 600-2100s per cell and 8-14 cells per data set, i.e. 2-8h per data set. Outside the WP2a compute budget.","2026-08-09 22:13:00"
"pageblocks","SU-MCCD","99",0.99,0.01,"disk","99","RK",4795,10,NA,NA,NA,NA,NA,NA,NA,"",NA,0.0625,"not_run","not run: measured cost. UN-MCCD on pageblocks (n=4795,d=10) exceeded the 900s cell timeout (see the status=timeout row). Detector cost is ~O(n^3): U-MCCD on vowels (n=1452) took 58s, so n=3200-4819 projects to 600-2100s per cell and 8-14 cells per data set, i.e. 2-8h per data set. Outside the WP2a compute budget.","2026-08-09 22:13:00"
"pageblocks","UN-MCCD","999",0.999,0.001,"disk","999","NN",4795,10,NA,NA,NA,NA,NA,NA,NA,"",NA,NA,"not_run","not run: measured cost. UN-MCCD on pageblocks (n=4795,d=10) exceeded the 900s cell timeout (see the status=timeout row). Detector cost is ~O(n^3): U-MCCD on vowels (n=1452) took 58s, so n=3200-4819 projects to 600-2100s per cell and 8-14 cells per data set, i.e. 2-8h per data set. Outside the WP2a compute budget.","2026-08-09 22:13:00"
"pageblocks","SUN-MCCD","99",0.99,0.01,"disk","99","NN",4795,10,NA,NA,NA,NA,NA,NA,NA,"",NA,0.0625,"not_run","not run: measured cost. UN-MCCD on pageblocks (n=4795,d=10) exceeded the 900s cell timeout (see the status=timeout row). Detector cost is ~O(n^3): U-MCCD on vowels (n=1452) took 58s, so n=3200-4819 projects to 600-2100s per cell and 8-14 cells per data set, i.e. 2-8h per data set. Outside the WP2a compute budget.","2026-08-09 22:13:00"
"pageblocks","SUN-MCCD","999",0.999,0.001,"disk","999","NN",4795,10,NA,NA,NA,NA,NA,NA,NA,"",NA,0.0625,"not_run","not run: measured cost. UN-MCCD on pageblocks (n=4795,d=10) exceeded the 900s cell timeout (see the status=timeout row). Detector cost is ~O(n^3): U-MCCD on vowels (n=1452) took 58s, so n=3200-4819 projects to 600-2100s per cell and 8-14 cells per data set, i.e. 2-8h per data set. Outside the WP2a compute budget.","2026-08-09 22:13:00"
"wilt","U-MCCD","900",0.9,0.1,"derived","99","RK",4819,5,NA,NA,NA,NA,NA,NA,NA,"",NA,NA,"not_run","not run: measured cost. UN-MCCD on pageblocks (n=4795,d=10) exceeded the 900s cell timeout (see the status=timeout row). Detector cost is ~O(n^3): U-MCCD on vowels (n=1452) took 58s, so n=3200-4819 projects to 600-2100s per cell and 8-14 cells per data set, i.e. 2-8h per data set. Outside the WP2a compute budget.","2026-08-09 22:13:00"
"wilt","U-MCCD","950",0.95,0.05,"derived","99","RK",4819,5,NA,NA,NA,NA,NA,NA,NA,"",NA,NA,"not_run","not run: measured cost. UN-MCCD on pageblocks (n=4795,d=10) exceeded the 900s cell timeout (see the status=timeout row). Detector cost is ~O(n^3): U-MCCD on vowels (n=1452) took 58s, so n=3200-4819 projects to 600-2100s per cell and 8-14 cells per data set, i.e. 2-8h per data set. Outside the WP2a compute budget.","2026-08-09 22:13:00"
"wilt","U-MCCD","990",0.99,0.01,"derived","99","RK",4819,5,NA,NA,NA,NA,NA,NA,NA,"",NA,NA,"not_run","not run: measured cost. UN-MCCD on pageblocks (n=4795,d=10) exceeded the 900s cell timeout (see the status=timeout row). Detector cost is ~O(n^3): U-MCCD on vowels (n=1452) took 58s, so n=3200-4819 projects to 600-2100s per cell and 8-14 cells per data set, i.e. 2-8h per data set. Outside the WP2a compute budget.","2026-08-09 22:13:00"
"wilt","U-MCCD","999",0.999,0.001,"derived","99","RK",4819,5,NA,NA,NA,NA,NA,NA,NA,"",NA,NA,"not_run","not run: measured cost. UN-MCCD on pageblocks (n=4795,d=10) exceeded the 900s cell timeout (see the status=timeout row). Detector cost is ~O(n^3): U-MCCD on vowels (n=1452) took 58s, so n=3200-4819 projects to 600-2100s per cell and 8-14 cells per data set, i.e. 2-8h per data set. Outside the WP2a compute budget.","2026-08-09 22:13:00"
"wilt","U-MCCD","999",0.999,0.001,"disk","999","RK",4819,5,NA,NA,NA,NA,NA,NA,NA,"",NA,NA,"not_run","not run: measured cost. UN-MCCD on pageblocks (n=4795,d=10) exceeded the 900s cell timeout (see the status=timeout row). Detector cost is ~O(n^3): U-MCCD on vowels (n=1452) took 58s, so n=3200-4819 projects to 600-2100s per cell and 8-14 cells per data set, i.e. 2-8h per data set. Outside the WP2a compute budget.","2026-08-09 22:13:00"
"wilt","SU-MCCD","900",0.9,0.1,"derived","99","RK",4819,5,NA,NA,NA,NA,NA,NA,NA,"",NA,0.0625,"not_run","not run: measured cost. UN-MCCD on pageblocks (n=4795,d=10) exceeded the 900s cell timeout (see the status=timeout row). Detector cost is ~O(n^3): U-MCCD on vowels (n=1452) took 58s, so n=3200-4819 projects to 600-2100s per cell and 8-14 cells per data set, i.e. 2-8h per data set. Outside the WP2a compute budget.","2026-08-09 22:13:00"
"wilt","SU-MCCD","950",0.95,0.05,"derived","99","RK",4819,5,NA,NA,NA,NA,NA,NA,NA,"",NA,0.0625,"not_run","not run: measured cost. UN-MCCD on pageblocks (n=4795,d=10) exceeded the 900s cell timeout (see the status=timeout row). Detector cost is ~O(n^3): U-MCCD on vowels (n=1452) took 58s, so n=3200-4819 projects to 600-2100s per cell and 8-14 cells per data set, i.e. 2-8h per data set. Outside the WP2a compute budget.","2026-08-09 22:13:00"
"wilt","SU-MCCD","990",0.99,0.01,"derived","99","RK",4819,5,NA,NA,NA,NA,NA,NA,NA,"",NA,0.0625,"not_run","not run: measured cost. UN-MCCD on pageblocks (n=4795,d=10) exceeded the 900s cell timeout (see the status=timeout row). Detector cost is ~O(n^3): U-MCCD on vowels (n=1452) took 58s, so n=3200-4819 projects to 600-2100s per cell and 8-14 cells per data set, i.e. 2-8h per data set. Outside the WP2a compute budget.","2026-08-09 22:13:00"
"wilt","SU-MCCD","999",0.999,0.001,"derived","99","RK",4819,5,NA,NA,NA,NA,NA,NA,NA,"",NA,0.0625,"not_run","not run: measured cost. UN-MCCD on pageblocks (n=4795,d=10) exceeded the 900s cell timeout (see the status=timeout row). Detector cost is ~O(n^3): U-MCCD on vowels (n=1452) took 58s, so n=3200-4819 projects to 600-2100s per cell and 8-14 cells per data set, i.e. 2-8h per data set. Outside the WP2a compute budget.","2026-08-09 22:13:00"
"wilt","SU-MCCD","999",0.999,0.001,"disk","999","RK",4819,5,NA,NA,NA,NA,NA,NA,NA,"",NA,0.0625,"not_run","not run: measured cost. UN-MCCD on pageblocks (n=4795,d=10) exceeded the 900s cell timeout (see the status=timeout row). Detector cost is ~O(n^3): U-MCCD on vowels (n=1452) took 58s, so n=3200-4819 projects to 600-2100s per cell and 8-14 cells per data set, i.e. 2-8h per data set. Outside the WP2a compute budget.","2026-08-09 22:13:00"
"wilt","UN-MCCD","90",0.9,0.1,"disk","90","NN",4819,5,NA,NA,NA,NA,NA,NA,NA,"",NA,NA,"not_run","not run: measured cost. UN-MCCD on pageblocks (n=4795,d=10) exceeded the 900s cell timeout (see the status=timeout row). Detector cost is ~O(n^3): U-MCCD on vowels (n=1452) took 58s, so n=3200-4819 projects to 600-2100s per cell and 8-14 cells per data set, i.e. 2-8h per data set. Outside the WP2a compute budget.","2026-08-09 22:13:00"
"wilt","UN-MCCD","95",0.95,0.05,"disk","95","NN",4819,5,NA,NA,NA,NA,NA,NA,NA,"",NA,NA,"not_run","not run: measured cost. UN-MCCD on pageblocks (n=4795,d=10) exceeded the 900s cell timeout (see the status=timeout row). Detector cost is ~O(n^3): U-MCCD on vowels (n=1452) took 58s, so n=3200-4819 projects to 600-2100s per cell and 8-14 cells per data set, i.e. 2-8h per data set. Outside the WP2a compute budget.","2026-08-09 22:13:00"
"wilt","SUN-MCCD","90",0.9,0.1,"disk","90","NN",4819,5,NA,NA,NA,NA,NA,NA,NA,"",NA,0.0625,"not_run","not run: measured cost. UN-MCCD on pageblocks (n=4795,d=10) exceeded the 900s cell timeout (see the status=timeout row). Detector cost is ~O(n^3): U-MCCD on vowels (n=1452) took 58s, so n=3200-4819 projects to 600-2100s per cell and 8-14 cells per data set, i.e. 2-8h per data set. Outside the WP2a compute budget.","2026-08-09 22:13:00"
"wilt","SUN-MCCD","95",0.95,0.05,"disk","95","NN",4819,5,NA,NA,NA,NA,NA,NA,NA,"",NA,0.0625,"not_run","not run: measured cost. UN-MCCD on pageblocks (n=4795,d=10) exceeded the 900s cell timeout (see the status=timeout row). Detector cost is ~O(n^3): U-MCCD on vowels (n=1452) took 58s, so n=3200-4819 projects to 600-2100s per cell and 8-14 cells per data set, i.e. 2-8h per data set. Outside the WP2a compute budget.","2026-08-09 22:13:00"
"PenDigits","U-MCCD","900",0.9,0.1,"derived","999","RK",3200,16,NA,NA,NA,NA,NA,NA,NA,"",NA,NA,"not_run","not run: measured cost. UN-MCCD on pageblocks (n=4795,d=10) exceeded the 900s cell timeout (see the status=timeout row). Detector cost is ~O(n^3): U-MCCD on vowels (n=1452) took 58s, so n=3200-4819 projects to 600-2100s per cell and 8-14 cells per data set, i.e. 2-8h per data set. Outside the WP2a compute budget.","2026-08-09 22:13:00"
"PenDigits","U-MCCD","950",0.95,0.05,"derived","999","RK",3200,16,NA,NA,NA,NA,NA,NA,NA,"",NA,NA,"not_run","not run: measured cost. UN-MCCD on pageblocks (n=4795,d=10) exceeded the 900s cell timeout (see the status=timeout row). Detector cost is ~O(n^3): U-MCCD on vowels (n=1452) took 58s, so n=3200-4819 projects to 600-2100s per cell and 8-14 cells per data set, i.e. 2-8h per data set. Outside the WP2a compute budget.","2026-08-09 22:13:00"
"PenDigits","U-MCCD","990",0.99,0.01,"derived","999","RK",3200,16,NA,NA,NA,NA,NA,NA,NA,"",NA,NA,"not_run","not run: measured cost. UN-MCCD on pageblocks (n=4795,d=10) exceeded the 900s cell timeout (see the status=timeout row). Detector cost is ~O(n^3): U-MCCD on vowels (n=1452) took 58s, so n=3200-4819 projects to 600-2100s per cell and 8-14 cells per data set, i.e. 2-8h per data set. Outside the WP2a compute budget.","2026-08-09 22:13:00"
"PenDigits","U-MCCD","999",0.999,0.001,"derived","999","RK",3200,16,NA,NA,NA,NA,NA,NA,NA,"",NA,NA,"not_run","not run: measured cost. UN-MCCD on pageblocks (n=4795,d=10) exceeded the 900s cell timeout (see the status=timeout row). Detector cost is ~O(n^3): U-MCCD on vowels (n=1452) took 58s, so n=3200-4819 projects to 600-2100s per cell and 8-14 cells per data set, i.e. 2-8h per data set. Outside the WP2a compute budget.","2026-08-09 22:13:01"
"PenDigits","SU-MCCD","900",0.9,0.1,"derived","999","RK",3200,16,NA,NA,NA,NA,NA,NA,NA,"",NA,0.0625,"not_run","not run: measured cost. UN-MCCD on pageblocks (n=4795,d=10) exceeded the 900s cell timeout (see the status=timeout row). Detector cost is ~O(n^3): U-MCCD on vowels (n=1452) took 58s, so n=3200-4819 projects to 600-2100s per cell and 8-14 cells per data set, i.e. 2-8h per data set. Outside the WP2a compute budget.","2026-08-09 22:13:01"
"PenDigits","SU-MCCD","950",0.95,0.05,"derived","999","RK",3200,16,NA,NA,NA,NA,NA,NA,NA,"",NA,0.0625,"not_run","not run: measured cost. UN-MCCD on pageblocks (n=4795,d=10) exceeded the 900s cell timeout (see the status=timeout row). Detector cost is ~O(n^3): U-MCCD on vowels (n=1452) took 58s, so n=3200-4819 projects to 600-2100s per cell and 8-14 cells per data set, i.e. 2-8h per data set. Outside the WP2a compute budget.","2026-08-09 22:13:01"
"PenDigits","SU-MCCD","990",0.99,0.01,"derived","999","RK",3200,16,NA,NA,NA,NA,NA,NA,NA,"",NA,0.0625,"not_run","not run: measured cost. UN-MCCD on pageblocks (n=4795,d=10) exceeded the 900s cell timeout (see the status=timeout row). Detector cost is ~O(n^3): U-MCCD on vowels (n=1452) took 58s, so n=3200-4819 projects to 600-2100s per cell and 8-14 cells per data set, i.e. 2-8h per data set. Outside the WP2a compute budget.","2026-08-09 22:13:01"
"PenDigits","SU-MCCD","999",0.999,0.001,"derived","999","RK",3200,16,NA,NA,NA,NA,NA,NA,NA,"",NA,0.0625,"not_run","not run: measured cost. UN-MCCD on pageblocks (n=4795,d=10) exceeded the 900s cell timeout (see the status=timeout row). Detector cost is ~O(n^3): U-MCCD on vowels (n=1452) took 58s, so n=3200-4819 projects to 600-2100s per cell and 8-14 cells per data set, i.e. 2-8h per data set. Outside the WP2a compute budget.","2026-08-09 22:13:01"
"PenDigits","UN-MCCD","99",0.99,0.01,"disk","99","NN",3200,16,NA,NA,NA,NA,NA,NA,NA,"",NA,NA,"not_run","not run: measured cost. UN-MCCD on pageblocks (n=4795,d=10) exceeded the 900s cell timeout (see the status=timeout row). Detector cost is ~O(n^3): U-MCCD on vowels (n=1452) took 58s, so n=3200-4819 projects to 600-2100s per cell and 8-14 cells per data set, i.e. 2-8h per data set. Outside the WP2a compute budget.","2026-08-09 22:13:01"
"PenDigits","UN-MCCD","999",0.999,0.001,"disk","999","NN",3200,16,NA,NA,NA,NA,NA,NA,NA,"",NA,NA,"not_run","not run: measured cost. UN-MCCD on pageblocks (n=4795,d=10) exceeded the 900s cell timeout (see the status=timeout row). Detector cost is ~O(n^3): U-MCCD on vowels (n=1452) took 58s, so n=3200-4819 projects to 600-2100s per cell and 8-14 cells per data set, i.e. 2-8h per data set. Outside the WP2a compute budget.","2026-08-09 22:13:01"
"PenDigits","SUN-MCCD","99",0.99,0.01,"disk","99","NN",3200,16,NA,NA,NA,NA,NA,NA,NA,"",NA,0.0625,"not_run","not run: measured cost. UN-MCCD on pageblocks (n=4795,d=10) exceeded the 900s cell timeout (see the status=timeout row). Detector cost is ~O(n^3): U-MCCD on vowels (n=1452) took 58s, so n=3200-4819 projects to 600-2100s per cell and 8-14 cells per data set, i.e. 2-8h per data set. Outside the WP2a compute budget.","2026-08-09 22:13:01"
"PenDigits","SUN-MCCD","999",0.999,0.001,"disk","999","NN",3200,16,NA,NA,NA,NA,NA,NA,NA,"",NA,0.0625,"not_run","not run: measured cost. UN-MCCD on pageblocks (n=4795,d=10) exceeded the 900s cell timeout (see the status=timeout row). Detector cost is ~O(n^3): U-MCCD on vowels (n=1452) took 58s, so n=3200-4819 projects to 600-2100s per cell and 8-14 cells per data set, i.e. 2-8h per data set. Outside the WP2a compute budget.","2026-08-09 22:13:01"
"waveform","U-MCCD","900",0.9,0.1,"derived","999","RK",3443,21,NA,NA,NA,NA,NA,NA,NA,"",NA,NA,"not_run","not run: measured cost. UN-MCCD on pageblocks (n=4795,d=10) exceeded the 900s cell timeout (see the status=timeout row). Detector cost is ~O(n^3): U-MCCD on vowels (n=1452) took 58s, so n=3200-4819 projects to 600-2100s per cell and 8-14 cells per data set, i.e. 2-8h per data set. Outside the WP2a compute budget.","2026-08-09 22:13:01"
"waveform","U-MCCD","950",0.95,0.05,"derived","999","RK",3443,21,NA,NA,NA,NA,NA,NA,NA,"",NA,NA,"not_run","not run: measured cost. UN-MCCD on pageblocks (n=4795,d=10) exceeded the 900s cell timeout (see the status=timeout row). Detector cost is ~O(n^3): U-MCCD on vowels (n=1452) took 58s, so n=3200-4819 projects to 600-2100s per cell and 8-14 cells per data set, i.e. 2-8h per data set. Outside the WP2a compute budget.","2026-08-09 22:13:01"
"waveform","U-MCCD","990",0.99,0.01,"derived","999","RK",3443,21,NA,NA,NA,NA,NA,NA,NA,"",NA,NA,"not_run","not run: measured cost. UN-MCCD on pageblocks (n=4795,d=10) exceeded the 900s cell timeout (see the status=timeout row). Detector cost is ~O(n^3): U-MCCD on vowels (n=1452) took 58s, so n=3200-4819 projects to 600-2100s per cell and 8-14 cells per data set, i.e. 2-8h per data set. Outside the WP2a compute budget.","2026-08-09 22:13:01"
"waveform","U-MCCD","999",0.999,0.001,"derived","999","RK",3443,21,NA,NA,NA,NA,NA,NA,NA,"",NA,NA,"not_run","not run: measured cost. UN-MCCD on pageblocks (n=4795,d=10) exceeded the 900s cell timeout (see the status=timeout row). Detector cost is ~O(n^3): U-MCCD on vowels (n=1452) took 58s, so n=3200-4819 projects to 600-2100s per cell and 8-14 cells per data set, i.e. 2-8h per data set. Outside the WP2a compute budget.","2026-08-09 22:13:01"
"waveform","SU-MCCD","900",0.9,0.1,"derived","999","RK",3443,21,NA,NA,NA,NA,NA,NA,NA,"",NA,0.0625,"not_run","not run: measured cost. UN-MCCD on pageblocks (n=4795,d=10) exceeded the 900s cell timeout (see the status=timeout row). Detector cost is ~O(n^3): U-MCCD on vowels (n=1452) took 58s, so n=3200-4819 projects to 600-2100s per cell and 8-14 cells per data set, i.e. 2-8h per data set. Outside the WP2a compute budget.","2026-08-09 22:13:01"
"waveform","SU-MCCD","950",0.95,0.05,"derived","999","RK",3443,21,NA,NA,NA,NA,NA,NA,NA,"",NA,0.0625,"not_run","not run: measured cost. UN-MCCD on pageblocks (n=4795,d=10) exceeded the 900s cell timeout (see the status=timeout row). Detector cost is ~O(n^3): U-MCCD on vowels (n=1452) took 58s, so n=3200-4819 projects to 600-2100s per cell and 8-14 cells per data set, i.e. 2-8h per data set. Outside the WP2a compute budget.","2026-08-09 22:13:01"
"waveform","SU-MCCD","990",0.99,0.01,"derived","999","RK",3443,21,NA,NA,NA,NA,NA,NA,NA,"",NA,0.0625,"not_run","not run: measured cost. UN-MCCD on pageblocks (n=4795,d=10) exceeded the 900s cell timeout (see the status=timeout row). Detector cost is ~O(n^3): U-MCCD on vowels (n=1452) took 58s, so n=3200-4819 projects to 600-2100s per cell and 8-14 cells per data set, i.e. 2-8h per data set. Outside the WP2a compute budget.","2026-08-09 22:13:01"
"waveform","SU-MCCD","999",0.999,0.001,"derived","999","RK",3443,21,NA,NA,NA,NA,NA,NA,NA,"",NA,0.0625,"not_run","not run: measured cost. UN-MCCD on pageblocks (n=4795,d=10) exceeded the 900s cell timeout (see the status=timeout row). Detector cost is ~O(n^3): U-MCCD on vowels (n=1452) took 58s, so n=3200-4819 projects to 600-2100s per cell and 8-14 cells per data set, i.e. 2-8h per data set. Outside the WP2a compute budget.","2026-08-09 22:13:01"
"waveform","UN-MCCD","99",0.99,0.01,"disk","99","NN",3443,21,NA,NA,NA,NA,NA,NA,NA,"",NA,NA,"not_run","not run: measured cost. UN-MCCD on pageblocks (n=4795,d=10) exceeded the 900s cell timeout (see the status=timeout row). Detector cost is ~O(n^3): U-MCCD on vowels (n=1452) took 58s, so n=3200-4819 projects to 600-2100s per cell and 8-14 cells per data set, i.e. 2-8h per data set. Outside the WP2a compute budget.","2026-08-09 22:13:01"
"waveform","UN-MCCD","999",0.999,0.001,"disk","999","NN",3443,21,NA,NA,NA,NA,NA,NA,NA,"",NA,NA,"not_run","not run: measured cost. UN-MCCD on pageblocks (n=4795,d=10) exceeded the 900s cell timeout (see the status=timeout row). Detector cost is ~O(n^3): U-MCCD on vowels (n=1452) took 58s, so n=3200-4819 projects to 600-2100s per cell and 8-14 cells per data set, i.e. 2-8h per data set. Outside the WP2a compute budget.","2026-08-09 22:13:01"
"waveform","SUN-MCCD","99",0.99,0.01,"disk","99","NN",3443,21,NA,NA,NA,NA,NA,NA,NA,"",NA,0.0625,"not_run","not run: measured cost. UN-MCCD on pageblocks (n=4795,d=10) exceeded the 900s cell timeout (see the status=timeout row). Detector cost is ~O(n^3): U-MCCD on vowels (n=1452) took 58s, so n=3200-4819 projects to 600-2100s per cell and 8-14 cells per data set, i.e. 2-8h per data set. Outside the WP2a compute budget.","2026-08-09 22:13:01"
"waveform","SUN-MCCD","999",0.999,0.001,"disk","999","NN",3443,21,NA,NA,NA,NA,NA,NA,NA,"",NA,0.0625,"not_run","not run: measured cost. UN-MCCD on pageblocks (n=4795,d=10) exceeded the 900s cell timeout (see the status=timeout row). Detector cost is ~O(n^3): U-MCCD on vowels (n=1452) took 58s, so n=3200-4819 projects to 600-2100s per cell and 8-14 cells per data set, i.e. 2-8h per data set. Outside the WP2a compute budget.","2026-08-09 22:13:01"
"thyroid","U-MCCD","900",0.9,0.1,"derived","99","RK",3656,6,NA,NA,NA,NA,NA,NA,NA,"",NA,NA,"not_run","not run: measured cost. UN-MCCD on pageblocks (n=4795,d=10) exceeded the 900s cell timeout (see the status=timeout row). Detector cost is ~O(n^3): U-MCCD on vowels (n=1452) took 58s, so n=3200-4819 projects to 600-2100s per cell and 8-14 cells per data set, i.e. 2-8h per data set. Outside the WP2a compute budget.","2026-08-09 22:13:01"
"thyroid","U-MCCD","950",0.95,0.05,"derived","99","RK",3656,6,NA,NA,NA,NA,NA,NA,NA,"",NA,NA,"not_run","not run: measured cost. UN-MCCD on pageblocks (n=4795,d=10) exceeded the 900s cell timeout (see the status=timeout row). Detector cost is ~O(n^3): U-MCCD on vowels (n=1452) took 58s, so n=3200-4819 projects to 600-2100s per cell and 8-14 cells per data set, i.e. 2-8h per data set. Outside the WP2a compute budget.","2026-08-09 22:13:01"
"thyroid","U-MCCD","990",0.99,0.01,"derived","99","RK",3656,6,NA,NA,NA,NA,NA,NA,NA,"",NA,NA,"not_run","not run: measured cost. UN-MCCD on pageblocks (n=4795,d=10) exceeded the 900s cell timeout (see the status=timeout row). Detector cost is ~O(n^3): U-MCCD on vowels (n=1452) took 58s, so n=3200-4819 projects to 600-2100s per cell and 8-14 cells per data set, i.e. 2-8h per data set. Outside the WP2a compute budget.","2026-08-09 22:13:01"
"thyroid","U-MCCD","999",0.999,0.001,"derived","99","RK",3656,6,NA,NA,NA,NA,NA,NA,NA,"",NA,NA,"not_run","not run: measured cost. UN-MCCD on pageblocks (n=4795,d=10) exceeded the 900s cell timeout (see the status=timeout row). Detector cost is ~O(n^3): U-MCCD on vowels (n=1452) took 58s, so n=3200-4819 projects to 600-2100s per cell and 8-14 cells per data set, i.e. 2-8h per data set. Outside the WP2a compute budget.","2026-08-09 22:13:01"
"thyroid","U-MCCD","999",0.999,0.001,"disk","999","RK",3656,6,NA,NA,NA,NA,NA,NA,NA,"",NA,NA,"not_run","not run: measured cost. UN-MCCD on pageblocks (n=4795,d=10) exceeded the 900s cell timeout (see the status=timeout row). Detector cost is ~O(n^3): U-MCCD on vowels (n=1452) took 58s, so n=3200-4819 projects to 600-2100s per cell and 8-14 cells per data set, i.e. 2-8h per data set. Outside the WP2a compute budget.","2026-08-09 22:13:01"
"thyroid","SU-MCCD","900",0.9,0.1,"derived","99","RK",3656,6,NA,NA,NA,NA,NA,NA,NA,"",NA,0.0625,"not_run","not run: measured cost. UN-MCCD on pageblocks (n=4795,d=10) exceeded the 900s cell timeout (see the status=timeout row). Detector cost is ~O(n^3): U-MCCD on vowels (n=1452) took 58s, so n=3200-4819 projects to 600-2100s per cell and 8-14 cells per data set, i.e. 2-8h per data set. Outside the WP2a compute budget.","2026-08-09 22:13:01"
"thyroid","SU-MCCD","950",0.95,0.05,"derived","99","RK",3656,6,NA,NA,NA,NA,NA,NA,NA,"",NA,0.0625,"not_run","not run: measured cost. UN-MCCD on pageblocks (n=4795,d=10) exceeded the 900s cell timeout (see the status=timeout row). Detector cost is ~O(n^3): U-MCCD on vowels (n=1452) took 58s, so n=3200-4819 projects to 600-2100s per cell and 8-14 cells per data set, i.e. 2-8h per data set. Outside the WP2a compute budget.","2026-08-09 22:13:01"
"thyroid","SU-MCCD","990",0.99,0.01,"derived","99","RK",3656,6,NA,NA,NA,NA,NA,NA,NA,"",NA,0.0625,"not_run","not run: measured cost. UN-MCCD on pageblocks (n=4795,d=10) exceeded the 900s cell timeout (see the status=timeout row). Detector cost is ~O(n^3): U-MCCD on vowels (n=1452) took 58s, so n=3200-4819 projects to 600-2100s per cell and 8-14 cells per data set, i.e. 2-8h per data set. Outside the WP2a compute budget.","2026-08-09 22:13:01"
"thyroid","SU-MCCD","999",0.999,0.001,"derived","99","RK",3656,6,NA,NA,NA,NA,NA,NA,NA,"",NA,0.0625,"not_run","not run: measured cost. UN-MCCD on pageblocks (n=4795,d=10) exceeded the 900s cell timeout (see the status=timeout row). Detector cost is ~O(n^3): U-MCCD on vowels (n=1452) took 58s, so n=3200-4819 projects to 600-2100s per cell and 8-14 cells per data set, i.e. 2-8h per data set. Outside the WP2a compute budget.","2026-08-09 22:13:01"
"thyroid","SU-MCCD","999",0.999,0.001,"disk","999","RK",3656,6,NA,NA,NA,NA,NA,NA,NA,"",NA,0.0625,"not_run","not run: measured cost. UN-MCCD on pageblocks (n=4795,d=10) exceeded the 900s cell timeout (see the status=timeout row). Detector cost is ~O(n^3): U-MCCD on vowels (n=1452) took 58s, so n=3200-4819 projects to 600-2100s per cell and 8-14 cells per data set, i.e. 2-8h per data set. Outside the WP2a compute budget.","2026-08-09 22:13:01"
"thyroid","UN-MCCD","95",0.95,0.05,"disk","95","NN",3656,6,NA,NA,NA,NA,NA,NA,NA,"",NA,NA,"not_run","not run: measured cost. UN-MCCD on pageblocks (n=4795,d=10) exceeded the 900s cell timeout (see the status=timeout row). Detector cost is ~O(n^3): U-MCCD on vowels (n=1452) took 58s, so n=3200-4819 projects to 600-2100s per cell and 8-14 cells per data set, i.e. 2-8h per data set. Outside the WP2a compute budget.","2026-08-09 22:13:01"
"thyroid","UN-MCCD","99",0.99,0.01,"disk","99","NN",3656,6,NA,NA,NA,NA,NA,NA,NA,"",NA,NA,"not_run","not run: measured cost. UN-MCCD on pageblocks (n=4795,d=10) exceeded the 900s cell timeout (see the status=timeout row). Detector cost is ~O(n^3): U-MCCD on vowels (n=1452) took 58s, so n=3200-4819 projects to 600-2100s per cell and 8-14 cells per data set, i.e. 2-8h per data set. Outside the WP2a compute budget.","2026-08-09 22:13:01"
"thyroid","SUN-MCCD","95",0.95,0.05,"disk","95","NN",3656,6,NA,NA,NA,NA,NA,NA,NA,"",NA,0.0625,"not_run","not run: measured cost. UN-MCCD on pageblocks (n=4795,d=10) exceeded the 900s cell timeout (see the status=timeout row). Detector cost is ~O(n^3): U-MCCD on vowels (n=1452) took 58s, so n=3200-4819 projects to 600-2100s per cell and 8-14 cells per data set, i.e. 2-8h per data set. Outside the WP2a compute budget.","2026-08-09 22:13:01"
"thyroid","SUN-MCCD","99",0.99,0.01,"disk","99","NN",3656,6,NA,NA,NA,NA,NA,NA,NA,"",NA,0.0625,"not_run","not run: measured cost. UN-MCCD on pageblocks (n=4795,d=10) exceeded the 900s cell timeout (see the status=timeout row). Detector cost is ~O(n^3): U-MCCD on vowels (n=1452) took 58s, so n=3200-4819 projects to 600-2100s per cell and 8-14 cells per data set, i.e. 2-8h per data set. Outside the WP2a compute budget.","2026-08-09 22:13:01"
