"dataset","method","direction","n","d","TPR","TNR","BA","F2","n_flagged","n_clusters","flagged_idx","elapsed_sec","status","note","nnradi_calls","nnradi_method_received","radii_sig","radii_mean","timestamp"
"hepatitis","UN-MCCD","ascend",74,19,0.714285714285714,0.656716417910448,0.685501066098081,0.446428571428572,28,1,"6;11;16;19;22;24;28;30;38;39;47;49;50;51;54;55;57;58;59;60;63;64;67;68;70;71;72;73",0.127208948135376,"ok",NA,1,"ascend","0;0;0;0;0;0;0;0;0;0;0;0;0;0;0;0;0;0;0;0;0;0;0;0;0;0;0.89923414;1.57218983;1.58031881;1.89402126;1.91350439;2.05248236;2.31026923;2.62796521;2.97659059;3.1384183;3.14491279;3.15551852;3.17241007;3.18110355;3.18666385;3.24617926;3.43930625;3.59242233;3.65251435;3.67936811;3.68232713;3.8595282;3.93028491;3.93370099;3.95382675;3.97907067;3.98443202;4.16626045;4.25472388;4.29402543;4.37976891;4.37999642;4.56518054;4.58974557;4.62700544;4.70072984;4.70397464;4.73454487;4.92752251;5.04161176;5.0768024;5.19357851;5.26090103;5.46884476;5.60049473;5.77435584;5.89653676;6.35464966",2.50986240301545,"2026-08-09 21:33:42"
"hepatitis","UN-MCCD","descend",74,19,0.714285714285714,0.656716417910448,0.685501066098081,0.446428571428572,28,1,"6;11;16;19;22;24;28;30;38;39;47;49;50;51;54;55;57;58;59;60;63;64;67;68;70;71;72;73",0.393794059753418,"ok",NA,1,"descend","0;0;0;0;0;0;0;0;0;0;0;0;0;0;0;0;0;0;0;0;0;0;0;0;0;0;0;0;0;0;0;0;0;0;0;0;0;0;0;0;0;0;0;0;0;0;0;0;0;0;0;0;0;0;0;0;1.89402126;3.18666385;3.59242233;3.93370099;3.95382675;3.97907067;3.98443202;4.37999642;4.56518054;4.62700544;4.70072984;4.70397464;4.73454487;4.92752251;5.04161176;5.19357851;5.60049473;6.35464966",1.07234360528533,"2026-08-09 21:33:42"
"hepatitis","SUN-MCCD","ascend",74,19,0.714285714285714,0.656716417910448,0.685501066098081,0.446428571428572,28,1,"6;11;16;19;22;24;28;30;38;39;47;49;50;51;54;55;57;58;59;60;63;64;67;68;70;71;72;73",0.0362989902496338,"ok",NA,1,"ascend","0;0;0;0;0;0;0;0;0;0;0;0;0;0;0;0;0;0;0;0;0;0;0;0;0;0;0.89923414;1.57218983;1.58031881;1.89402126;1.91350439;2.05248236;2.31026923;2.62796521;2.97659059;3.1384183;3.14491279;3.15551852;3.17241007;3.18110355;3.18666385;3.24617926;3.43930625;3.59242233;3.65251435;3.67936811;3.68232713;3.8595282;3.93028491;3.93370099;3.95382675;3.97907067;3.98443202;4.16626045;4.25472388;4.29402543;4.37976891;4.37999642;4.56518054;4.58974557;4.62700544;4.70072984;4.70397464;4.73454487;4.92752251;5.04161176;5.0768024;5.19357851;5.26090103;5.46884476;5.60049473;5.77435584;5.89653676;6.35464966",2.50986240301545,"2026-08-09 21:33:42"
"hepatitis","SUN-MCCD","descend",74,19,0.714285714285714,0.656716417910448,0.685501066098081,0.446428571428572,28,1,"6;11;16;19;22;24;28;30;38;39;47;49;50;51;54;55;57;58;59;60;63;64;67;68;70;71;72;73",0.365675926208496,"ok",NA,1,"descend","0;0;0;0;0;0;0;0;0;0;0;0;0;0;0;0;0;0;0;0;0;0;0;0;0;0;0;0;0;0;0;0;0;0;0;0;0;0;0;0;0;0;0;0;0;0;0;0;0;0;0;0;0;0;0;0;1.89402126;3.18666385;3.59242233;3.93370099;3.95382675;3.97907067;3.98443202;4.37999642;4.56518054;4.62700544;4.70072984;4.70397464;4.73454487;4.92752251;5.04161176;5.19357851;5.60049473;6.35464966",1.07234360528533,"2026-08-09 21:33:43"
"lymphography","UN-MCCD","ascend",148,18,1,0.859154929577465,0.929577464788732,0.6,26,2,"20;21;24;41;52;54;56;61;69;85;87;89;90;95;102;104;117;121;124;125;143;144;145;146;147;148",0.165418863296509,"ok",NA,1,"ascend","0;0;0;0;0;0;0;0;0;0;0;0;0;0;0;0;0;0;0;0;0;0;0;0;0;0;0;0;0;0;0;0;0;0;0;0;0;0;0.2378431;0.27200467;0.27735525;0.350187;0.350187;0.35163624;0.35163624;0.35427931;0.36180051;0.36265586;0.37954737;0.38391995;0.39662912;0.40003288;0.41502165;0.43348721;0.44024134;0.44024134;0.44100218;0.44205552;0.45199258;0.48356268;0.49813774;0.50572927;0.50572927;0.50791882;0.50814127;0.52629834;0.52629834;0.53777761;0.56615003;0.56615003;0.57592406;0.57592406;0.58368322;0.59781439;0.59985122;0.61341498;0.62019559;0.62741309;0.62821582;0.63473877;0.64274953;0.64936628;0.67698635;0.67927712;0.67927712;0.68386136;0.68798493;0.70024406;0.71803087;0.77006984;0.77976366;0.80049999;1.00815651;1.01015254;1.01093082;1.01093082;1.0115442;1.0184114;1.01936104;1.02203702;1.02483771;1.0268755;1.0268755;1.02717968;1.02723104;1.02790988;1.02790988;1.02910352;1.0312503;1.03161031;1.03763665;1.0400157;1.0400157;1.04194334;1.04280166;1.04302168;1.04396446;1.04491555;1.04561249;1.05497547;1.05497547;1.05658608;1.06832275;1.06847731;1.06934177;1.06951666;1.07019468;1.07116503;1.08086525;1.09198393;1.09977151;1.09984421;1.10316338;1.10427058;1.10427058;1.10829241;1.11019837;1.1151796;1.11794927;1.35537944;1.40950862;1.40950862;1.41844018;1.47921617;1.89981276;2.1657265;2.22936762;2.46238977",0.631566655168587,"2026-08-09 21:33:55"
"lymphography","UN-MCCD","descend",148,18,1,0.859154929577465,0.929577464788732,0.6,26,2,"20;21;24;41;52;54;56;61;69;85;87;89;90;95;102;104;117;121;124;125;143;144;145;146;147;148",3.08633494377136,"ok",NA,1,"descend","0;0;0;0;0;0;0;0;0;0;0;0;0;0;0;0;0;0;0;0;0;0;0;0;0;0;0;0;0;0;0;0;0;0;0;0;0;0;0;0;0;0;0;0;0;0;0;0;0;0;0;0;0;0;0;0;0;0;0;0;0;0;0;0;0;0;0;0;0;0;0;0;0;0;0;0;0;0;0;0;0;0;0;0;0;0;0;0;0;0;0;0;0;0;0;0;0;0;0;0;0;0;0;0;0;0;0;0;0;0;0;0;0;0;0;0.350187;0.36180051;0.43348721;0.44024134;0.58368322;1.01093082;1.0268755;1.0268755;1.02790988;1.02790988;1.02910352;1.03161031;1.04194334;1.04302168;1.04491555;1.05497547;1.05497547;1.05595895;1.06847731;1.08086525;1.09123337;1.09198393;1.09984421;1.10409001;1.10427058;1.10427058;1.10829241;1.11019837;1.1151796;1.11794927;1.40950862;2.1657265;2.22936762",0.234105829614967,"2026-08-09 21:33:58"
"lymphography","SUN-MCCD","ascend",148,18,1,0.880281690140845,0.940140845070423,0.638297872340426,23,1,"20;21;24;41;54;56;61;69;85;87;89;90;102;104;117;121;124;143;144;145;146;147;148",0.0658140182495117,"ok",NA,1,"ascend","0;0;0;0;0;0;0;0;0;0;0;0;0;0;0;0;0;0;0;0;0;0;0;0;0;0;0;0;0;0;0;0;0;0;0;0;0;0;0.2378431;0.27200467;0.27735525;0.350187;0.350187;0.35163624;0.35163624;0.35427931;0.36180051;0.36265586;0.37954737;0.38391995;0.39662912;0.40003288;0.41502165;0.43348721;0.44024134;0.44024134;0.44100218;0.44205552;0.45199258;0.48356268;0.49813774;0.50572927;0.50572927;0.50791882;0.50814127;0.52629834;0.52629834;0.53777761;0.56615003;0.56615003;0.57592406;0.57592406;0.58368322;0.59781439;0.59985122;0.61341498;0.62019559;0.62741309;0.62821582;0.63473877;0.64274953;0.64936628;0.67698635;0.67927712;0.67927712;0.68386136;0.68798493;0.70024406;0.71803087;0.77006984;0.77976366;0.80049999;1.00815651;1.01015254;1.01093082;1.01093082;1.0115442;1.0184114;1.01936104;1.02203702;1.02483771;1.0268755;1.0268755;1.02717968;1.02723104;1.02790988;1.02790988;1.02910352;1.0312503;1.03161031;1.03763665;1.0400157;1.0400157;1.04194334;1.04280166;1.04302168;1.04396446;1.04491555;1.04561249;1.05497547;1.05497547;1.05658608;1.06832275;1.06847731;1.06934177;1.06951666;1.07019468;1.07116503;1.08086525;1.09198393;1.09977151;1.09984421;1.10316338;1.10427058;1.10427058;1.10829241;1.11019837;1.1151796;1.11794927;1.35537944;1.40950862;1.40950862;1.41844018;1.47921617;1.89981276;2.1657265;2.22936762;2.46238977",0.631566655168587,"2026-08-09 21:33:58"
"lymphography","SUN-MCCD","descend",148,18,1,0.880281690140845,0.940140845070423,0.638297872340426,23,1,"20;21;24;41;54;56;61;69;85;87;89;90;102;104;117;121;124;143;144;145;146;147;148",3.18875598907471,"ok",NA,1,"descend","0;0;0;0;0;0;0;0;0;0;0;0;0;0;0;0;0;0;0;0;0;0;0;0;0;0;0;0;0;0;0;0;0;0;0;0;0;0;0;0;0;0;0;0;0;0;0;0;0;0;0;0;0;0;0;0;0;0;0;0;0;0;0;0;0;0;0;0;0;0;0;0;0;0;0;0;0;0;0;0;0;0;0;0;0;0;0;0;0;0;0;0;0;0;0;0;0;0;0;0;0;0;0;0;0;0;0;0;0;0;0;0;0;0;0;0.350187;0.36180051;0.43348721;0.44024134;0.58368322;1.01093082;1.0268755;1.0268755;1.02790988;1.02790988;1.02910352;1.03161031;1.04194334;1.04302168;1.04491555;1.05497547;1.05497547;1.05595895;1.06847731;1.08086525;1.09123337;1.09198393;1.09984421;1.10409001;1.10427058;1.10427058;1.10829241;1.11019837;1.1151796;1.11794927;1.40950862;2.1657265;2.22936762",0.234105829614967,"2026-08-09 21:34:01"
"glass","UN-MCCD","ascend",213,9,0.222222222222222,0.764705882352941,0.493464052287582,0.116279069767442,50,3,"1;2;4;5;6;8;9;10;11;16;17;18;20;25;27;35;40;42;43;44;45;46;47;48;49;52;53;54;55;56;57;59;64;67;139;140;141;171;173;174;179;180;186;190;191;192;194;195;201;207",0.152359962463379,"ok",NA,1,"ascend","0;0;0;0;0;0;0;0;0;0;0;0;0;0;0;0;0;0;0;0;0;0;0;0;0;0;0;0;0;0;0;0;0;0;0;0;0;0;0;0;0;0;0;0;0;0;0;0;0;0;0;0;0;0;0;0;0;0;0;0;0;0;0;0;0;0;0.13358973;0.13396412;0.16946709;0.21242772;0.24049635;0.24429281;0.24538991;0.24538991;0.30007501;0.31497608;0.31554296;0.31554296;0.3186479;0.3186479;0.31866455;0.32154679;0.32205605;0.32205605;0.32565679;0.33329272;0.33352343;0.33352343;0.33515079;0.34822762;0.36003152;0.36482846;0.36796096;0.3805073;0.38590079;0.39603833;0.39692221;0.39700728;0.39700728;0.40359303;0.40617315;0.41828463;0.41828463;0.42124308;0.42660615;0.43807841;0.43807841;0.43816001;0.44545009;0.45868877;0.46189618;0.46915627;0.48111243;0.48122657;0.49452526;0.50343145;0.51792601;0.51892732;0.54245421;0.54245421;0.55066361;0.55066361;0.55758806;0.55758806;0.5674765;0.57469008;0.58710665;0.59415898;0.59573474;0.60051231;0.60430134;0.62236747;0.63270295;0.64868285;0.67291721;0.68029246;0.69775413;0.71891167;0.73164422;0.73164422;0.7325299;0.74661422;0.74832321;0.74942614;0.75197493;0.75289472;0.75348293;0.75361233;0.76193987;0.76906336;0.77535697;0.7756191;0.78347509;0.79105405;0.79233301;0.81896449;0.82850877;0.82913859;0.83355469;0.83611758;0.83970781;0.86103086;0.87064925;0.87828258;0.88406907;0.88929273;0.89002188;0.90626887;0.90758578;0.91412808;0.92409038;0.93240238;0.94466987;0.94767181;0.95173064;0.96212008;0.97298913;0.97742256;1.06199194;1.07825299;1.13047743;1.13753103;1.17906354;1.2145206;1.32065999;1.35183538;1.35183538;1.50660427;1.52045725;1.54062613;1.64768967;1.71982852;1.76165954;1.82530509;1.9706124;2.00470258;2.07521656;2.14711577;2.29550789;2.35957399;2.43771781;2.45216504;2.53873572;2.68072686;2.81728252;2.83952756;2.84596835;3.43603704;4.0452219;4.07834133;4.24017027;8.52737027;8.63271626",0.710153384010475,"2026-08-09 21:34:01"
"glass","UN-MCCD","descend",213,9,1,0.0980392156862745,0.549019607843137,0.196506550218341,193,1,"1;2;3;4;5;6;7;8;9;10;11;12;13;14;15;16;17;18;19;20;21;22;23;24;25;26;27;28;29;30;31;32;33;34;35;36;37;38;39;40;41;42;43;44;45;46;47;48;49;50;51;52;53;54;55;56;57;58;59;60;61;62;63;64;65;66;67;68;69;70;71;72;73;74;75;76;77;78;83;84;85;88;96;97;99;103;104;105;106;107;108;110;111;112;113;114;115;116;117;118;119;120;121;122;123;124;125;126;127;128;129;130;131;132;133;134;135;136;137;138;139;140;141;142;143;144;145;146;147;148;149;151;152;153;154;155;156;157;158;159;160;161;162;163;164;166;167;168;169;170;171;172;173;174;175;176;177;178;179;180;181;182;183;184;185;186;187;188;189;190;191;192;193;194;195;196;197;198;199;200;201;202;203;204;205;206;207;208;209;210;211;212;213",10.6201279163361,"ok",NA,1,"descend","0;0;0;0;0;0;0;0;0;0;0;0;0;0;0;0;0;0;0;0;0;0;0;0;0;0;0;0;0;0;0;0;0;0;0;0;0;0;0;0;0;0;0;0;0;0;0;0;0;0;0;0;0;0;0;0;0;0;0;0;0;0;0;0;0;0;0;0;0;0;0;0;0;0;0;0;0;0;0;0;0;0;0;0;0;0;0;0;0;0;0;0;0;0;0;0;0;0;0;0;0;0;0;0;0;0;0;0;0;0;0;0;0;0;0;0;0;0;0;0;0;0;0;0;0;0;0;0;0;0;0;0;0;0;0;0;0;0;0;0;0;0;0.21242772;0.31497608;0.31497608;0.31554296;0.3186479;0.31866455;0.31866455;0.32154679;0.32565679;0.36482846;0.36739401;0.3805073;0.39603833;0.39692221;0.40617315;0.40966833;0.42124308;0.43807841;0.44545009;0.45114962;0.45868877;0.47144207;0.48902813;0.51892732;0.54245421;0.55066361;0.57469008;0.58710665;0.59743028;0.62236747;0.64868285;0.65849382;0.68029246;0.69775413;0.71891167;0.71891167;0.72286444;0.73164422;0.74661422;0.75197493;0.75289472;0.75361233;0.77535697;0.7756191;0.79233301;0.81099536;0.81896449;0.83611758;0.83970781;0.87064925;0.87828258;0.88406907;0.88929273;0.89002188;0.90626887;0.91412808;0.93240238;0.94767181;0.96212008;0.97298913;1.10321821;1.13047743;1.2145206;1.50660427;1.52045725;1.84641472;1.9706124;2.29550789;2.68072686;4.07834133;4.24017027",0.284122290678743,"2026-08-09 21:34:12"
"glass","SUN-MCCD","ascend",213,9,1,0.53921568627451,0.769607843137255,0.323741007194245,103,1,"1;2;4;5;6;8;9;10;11;16;17;18;20;25;27;28;30;31;32;33;35;37;38;40;42;44;50;51;54;58;59;60;61;62;63;65;66;68;69;70;71;83;85;99;103;105;112;113;125;136;137;138;139;140;141;149;151;162;163;168;171;172;173;174;175;176;177;178;179;180;181;182;183;184;185;186;187;188;189;190;191;192;193;194;195;196;197;198;199;200;201;202;203;204;205;206;207;208;209;210;211;212;213",0.102668762207031,"ok",NA,1,"ascend","0;0;0;0;0;0;0;0;0;0;0;0;0;0;0;0;0;0;0;0;0;0;0;0;0;0;0;0;0;0;0;0;0;0;0;0;0;0;0;0;0;0;0;0;0;0;0;0;0;0;0;0;0;0;0;0;0;0;0;0;0;0;0;0;0;0;0.13358973;0.13396412;0.16946709;0.21242772;0.24049635;0.24429281;0.24538991;0.24538991;0.30007501;0.31497608;0.31554296;0.31554296;0.3186479;0.3186479;0.31866455;0.32154679;0.32205605;0.32205605;0.32565679;0.33329272;0.33352343;0.33352343;0.33515079;0.34822762;0.36003152;0.36482846;0.36796096;0.3805073;0.38590079;0.39603833;0.39692221;0.39700728;0.39700728;0.40359303;0.40617315;0.41828463;0.41828463;0.42124308;0.42660615;0.43807841;0.43807841;0.43816001;0.44545009;0.45868877;0.46189618;0.46915627;0.48111243;0.48122657;0.49452526;0.50343145;0.51792601;0.51892732;0.54245421;0.54245421;0.55066361;0.55066361;0.55758806;0.55758806;0.5674765;0.57469008;0.58710665;0.59415898;0.59573474;0.60051231;0.60430134;0.62236747;0.63270295;0.64868285;0.67291721;0.68029246;0.69775413;0.71891167;0.73164422;0.73164422;0.7325299;0.74661422;0.74832321;0.74942614;0.75197493;0.75289472;0.75348293;0.75361233;0.76193987;0.76906336;0.77535697;0.7756191;0.78347509;0.79105405;0.79233301;0.81896449;0.82850877;0.82913859;0.83355469;0.83611758;0.83970781;0.86103086;0.87064925;0.87828258;0.88406907;0.88929273;0.89002188;0.90626887;0.90758578;0.91412808;0.92409038;0.93240238;0.94466987;0.94767181;0.95173064;0.96212008;0.97298913;0.97742256;1.06199194;1.07825299;1.13047743;1.13753103;1.17906354;1.2145206;1.32065999;1.35183538;1.35183538;1.50660427;1.52045725;1.54062613;1.64768967;1.71982852;1.76165954;1.82530509;1.9706124;2.00470258;2.07521656;2.14711577;2.29550789;2.35957399;2.43771781;2.45216504;2.53873572;2.68072686;2.81728252;2.83952756;2.84596835;3.43603704;4.0452219;4.07834133;4.24017027;8.52737027;8.63271626",0.710153384010475,"2026-08-09 21:34:12"
"glass","SUN-MCCD","descend",213,9,1,0.0980392156862745,0.549019607843137,0.196506550218341,193,1,"1;2;3;4;5;6;7;8;9;10;11;12;13;14;15;16;17;18;19;20;21;22;23;24;25;26;27;28;29;30;31;32;33;34;35;36;37;38;39;40;41;42;43;44;45;46;47;48;49;50;51;52;53;54;55;56;57;58;59;60;61;62;63;64;65;66;67;68;69;70;71;72;73;74;75;76;77;78;83;84;85;88;96;97;99;103;104;105;106;107;108;110;111;112;113;114;115;116;117;118;119;120;121;122;123;124;125;126;127;128;129;130;131;132;133;134;135;136;137;138;139;140;141;142;143;144;145;146;147;148;149;151;152;153;154;155;156;157;158;159;160;161;162;163;164;166;167;168;169;170;171;172;173;174;175;176;177;178;179;180;181;182;183;184;185;186;187;188;189;190;191;192;193;194;195;196;197;198;199;200;201;202;203;204;205;206;207;208;209;210;211;212;213",10.5207681655884,"ok",NA,1,"descend","0;0;0;0;0;0;0;0;0;0;0;0;0;0;0;0;0;0;0;0;0;0;0;0;0;0;0;0;0;0;0;0;0;0;0;0;0;0;0;0;0;0;0;0;0;0;0;0;0;0;0;0;0;0;0;0;0;0;0;0;0;0;0;0;0;0;0;0;0;0;0;0;0;0;0;0;0;0;0;0;0;0;0;0;0;0;0;0;0;0;0;0;0;0;0;0;0;0;0;0;0;0;0;0;0;0;0;0;0;0;0;0;0;0;0;0;0;0;0;0;0;0;0;0;0;0;0;0;0;0;0;0;0;0;0;0;0;0;0;0;0;0;0.21242772;0.31497608;0.31497608;0.31554296;0.3186479;0.31866455;0.31866455;0.32154679;0.32565679;0.36482846;0.36739401;0.3805073;0.39603833;0.39692221;0.40617315;0.40966833;0.42124308;0.43807841;0.44545009;0.45114962;0.45868877;0.47144207;0.48902813;0.51892732;0.54245421;0.55066361;0.57469008;0.58710665;0.59743028;0.62236747;0.64868285;0.65849382;0.68029246;0.69775413;0.71891167;0.71891167;0.72286444;0.73164422;0.74661422;0.75197493;0.75289472;0.75361233;0.77535697;0.7756191;0.79233301;0.81099536;0.81896449;0.83611758;0.83970781;0.87064925;0.87828258;0.88406907;0.88929273;0.89002188;0.90626887;0.91412808;0.93240238;0.94767181;0.96212008;0.97298913;1.10321821;1.13047743;1.2145206;1.50660427;1.52045725;1.84641472;1.9706124;2.29550789;2.68072686;4.07834133;4.24017027",0.284122290678743,"2026-08-09 21:34:23"
"WBC","UN-MCCD","ascend",223,9,1,0.497652582159624,0.748826291079812,0.318471337579618,117,2,"2;4;5;6;8;12;25;31;32;34;37;40;45;46;47;48;49;50;55;58;63;64;68;73;74;78;79;80;81;82;83;84;86;87;88;90;91;92;94;95;96;98;99;100;102;104;105;107;109;110;111;112;113;115;122;123;124;126;128;129;130;131;132;133;134;135;137;138;139;141;142;144;145;147;150;158;159;161;163;164;168;173;176;177;178;179;181;183;185;187;190;191;193;194;195;196;197;199;200;201;202;205;206;207;208;211;213;214;215;216;217;218;219;220;221;222;223",0.149049043655396,"ok",NA,1,"ascend","0;0;0;0;0;0;0;0;0;0;0;0;0;0;0;0;0;0;0;0;0;0;0;0;0;0;0;0;0;0;0;0;0;0;0;0;0;0;0;0;0;0;0;0;0;0;0;0;0;0;0;0.11111111;0.11111111;0.11111111;0.11111111;0.11111111;0.11111111;0.11111111;0.11111111;0.11111111;0.11111111;0.11111111;0.11111111;0.11111111;0.11111111;0.11111111;0.11111111;0.11111111;0.11111111;0.11111111;0.11111111;0.11111111;0.11111111;0.11111111;0.11111111;0.11111111;0.11111111;0.11111111;0.11111111;0.11111111;0.11111111;0.11111111;0.11111111;0.11111111;0.11111111;0.11111111;0.11111111;0.11111111;0.15713484;0.15713484;0.15713484;0.15713484;0.15713484;0.15713484;0.15713484;0.15713484;0.15713484;0.15713484;0.15713484;0.15713484;0.15713484;0.15713484;0.15713484;0.15713484;0.15713484;0.15713484;0.15713484;0.15713484;0.15713484;0.15713484;0.15713484;0.15713484;0.15713484;0.15713484;0.15713484;0.15713484;0.15713484;0.15713484;0.15713484;0.15713484;0.15713484;0.15713484;0.15713484;0.15713484;0.15713484;0.15713484;0.15713484;0.15713484;0.15713484;0.15713484;0.15713484;0.15713484;0.15713484;0.15713484;0.15713484;0.15713484;0.15713484;0.15713484;0.15713484;0.15713484;0.15713484;0.15713484;0.15713484;0.15713484;0.15713484;0.15713484;0.15713484;0.15713484;0.15713484;0.15713484;0.15713484;0.15713484;0.15713484;0.15713484;0.15713484;0.15713484;0.15713484;0.15713484;0.15713484;0.19245009;0.19245009;0.19245009;0.19245009;0.19245009;0.19245009;0.19245009;0.19245009;0.19245009;0.19245009;0.19245009;0.19245009;0.19245009;0.19245009;0.19245009;0.22222222;0.22222222;0.22222222;0.22222222;0.248452;0.248452;0.248452;0.248452;0.27216553;0.27216553;0.27216553;0.29397237;0.29397237;0.31426968;0.31426968;0.31426968;0.31426968;0.33333333;0.33333333;0.35136418;0.35136418;0.35136418;0.36851387;0.36851387;0.36851387;0.36851387;0.36851387;0.38490018;0.41573971;0.43033148;0.43033148;0.43033148;0.53287017;0.62853936;0.62853936;0.62853936;0.6758625;0.69388867;0.69388867;0.77777778;0.77777778;0.79349205;0.8089011;0.81649658;0.82402205;0.85346064;0.86780552;1.46143849;1.6292087",0.190341366351177,"2026-08-09 21:34:23"
"WBC","UN-MCCD","descend",223,9,1,0.497652582159624,0.748826291079812,0.318471337579618,117,2,"2;4;5;6;8;12;25;31;32;34;37;40;45;46;47;48;49;50;55;58;63;64;68;73;74;78;79;80;81;82;83;84;86;87;88;90;91;92;94;95;96;98;99;100;102;104;105;107;109;110;111;112;113;115;122;123;124;126;128;129;130;131;132;133;134;135;137;138;139;141;142;144;145;147;150;158;159;161;163;164;168;173;176;177;178;179;181;183;185;187;190;191;193;194;195;196;197;199;200;201;202;205;206;207;208;211;213;214;215;216;217;218;219;220;221;222;223",12.6737010478973,"ok",NA,1,"descend","0;0;0;0;0;0;0;0;0;0;0;0;0;0;0;0;0;0;0;0;0;0;0;0;0;0;0;0;0;0;0;0;0;0;0;0;0;0;0;0;0;0;0;0;0;0;0;0;0;0;0;0;0;0;0;0;0;0;0;0;0;0;0;0;0;0;0;0;0;0;0;0;0;0;0;0;0;0;0;0;0;0;0;0;0;0;0;0;0;0;0;0;0;0;0;0;0;0;0;0;0;0;0.11111111;0.11111111;0.11111111;0.11111111;0.11111111;0.11111111;0.11111111;0.11111111;0.11111111;0.11111111;0.11111111;0.11111111;0.11111111;0.11111111;0.11111111;0.11111111;0.11111111;0.11111111;0.11111111;0.11111111;0.11111111;0.11111111;0.15713484;0.15713484;0.15713484;0.15713484;0.15713484;0.15713484;0.15713484;0.15713484;0.15713484;0.15713484;0.15713484;0.15713484;0.15713484;0.15713484;0.15713484;0.15713484;0.15713484;0.15713484;0.15713484;0.15713484;0.15713484;0.15713484;0.15713484;0.15713484;0.15713484;0.15713484;0.15713484;0.15713484;0.15713484;0.15713484;0.15713484;0.15713484;0.15713484;0.15713484;0.15713484;0.15713484;0.15713484;0.15713484;0.15713484;0.15713484;0.15713484;0.15713484;0.15713484;0.15713484;0.15713484;0.15713484;0.15713484;0.15713484;0.15713484;0.15713484;0.15713484;0.15713484;0.15713484;0.15713484;0.15713484;0.15713484;0.15713484;0.15713484;0.15713484;0.15713484;0.15713484;0.15713484;0.19245009;0.19245009;0.19245009;0.19245009;0.19245009;0.19245009;0.19245009;0.19245009;0.19245009;0.22222222;0.22222222;0.22222222;0.22222222;0.248452;0.248452;0.248452;0.27216553;0.29397237;0.29397237;0.31426968;0.33333333;0.36851387;0.36851387;0.38490018;0.40061681;0.43033148;0.62853936;0.6758625;0.6758625;0.77777778;0.79349205;0.8089011;0.81649658;0.85346064;0.86780552;1.46143849;1.6292087",0.130056210459167,"2026-08-09 21:34:36"
"WBC","SUN-MCCD","ascend",223,9,1,0.563380281690141,0.78169014084507,0.34965034965035,103,2,"2;4;6;8;25;31;32;34;37;40;46;47;48;49;50;55;58;63;64;68;73;74;78;79;80;82;84;86;87;88;90;91;92;94;95;96;98;99;102;104;105;107;109;110;111;112;113;122;123;126;128;129;130;131;132;133;134;135;137;138;139;141;142;144;147;150;158;159;161;163;164;168;176;177;178;179;181;183;185;187;190;191;193;194;195;196;197;200;202;205;207;208;211;214;215;216;217;218;219;220;221;222;223",0.41956901550293,"ok",NA,1,"ascend","0;0;0;0;0;0;0;0;0;0;0;0;0;0;0;0;0;0;0;0;0;0;0;0;0;0;0;0;0;0;0;0;0;0;0;0;0;0;0;0;0;0;0;0;0;0;0;0;0;0;0;0.11111111;0.11111111;0.11111111;0.11111111;0.11111111;0.11111111;0.11111111;0.11111111;0.11111111;0.11111111;0.11111111;0.11111111;0.11111111;0.11111111;0.11111111;0.11111111;0.11111111;0.11111111;0.11111111;0.11111111;0.11111111;0.11111111;0.11111111;0.11111111;0.11111111;0.11111111;0.11111111;0.11111111;0.11111111;0.11111111;0.11111111;0.11111111;0.11111111;0.11111111;0.11111111;0.11111111;0.11111111;0.15713484;0.15713484;0.15713484;0.15713484;0.15713484;0.15713484;0.15713484;0.15713484;0.15713484;0.15713484;0.15713484;0.15713484;0.15713484;0.15713484;0.15713484;0.15713484;0.15713484;0.15713484;0.15713484;0.15713484;0.15713484;0.15713484;0.15713484;0.15713484;0.15713484;0.15713484;0.15713484;0.15713484;0.15713484;0.15713484;0.15713484;0.15713484;0.15713484;0.15713484;0.15713484;0.15713484;0.15713484;0.15713484;0.15713484;0.15713484;0.15713484;0.15713484;0.15713484;0.15713484;0.15713484;0.15713484;0.15713484;0.15713484;0.15713484;0.15713484;0.15713484;0.15713484;0.15713484;0.15713484;0.15713484;0.15713484;0.15713484;0.15713484;0.15713484;0.15713484;0.15713484;0.15713484;0.15713484;0.15713484;0.15713484;0.15713484;0.15713484;0.15713484;0.15713484;0.15713484;0.15713484;0.19245009;0.19245009;0.19245009;0.19245009;0.19245009;0.19245009;0.19245009;0.19245009;0.19245009;0.19245009;0.19245009;0.19245009;0.19245009;0.19245009;0.19245009;0.22222222;0.22222222;0.22222222;0.22222222;0.248452;0.248452;0.248452;0.248452;0.27216553;0.27216553;0.27216553;0.29397237;0.29397237;0.31426968;0.31426968;0.31426968;0.31426968;0.33333333;0.33333333;0.35136418;0.35136418;0.35136418;0.36851387;0.36851387;0.36851387;0.36851387;0.36851387;0.38490018;0.41573971;0.43033148;0.43033148;0.43033148;0.53287017;0.62853936;0.62853936;0.62853936;0.6758625;0.69388867;0.69388867;0.77777778;0.77777778;0.79349205;0.8089011;0.81649658;0.82402205;0.85346064;0.86780552;1.46143849;1.6292087",0.190341366351177,"2026-08-09 21:34:36"
"WBC","SUN-MCCD","descend",223,9,1,0.553990610328638,0.776995305164319,0.344827586206897,105,2,"2;4;6;8;12;25;31;32;34;37;40;46;47;48;49;50;55;58;63;64;68;73;74;78;79;80;82;84;86;87;88;90;91;92;94;95;96;98;99;100;102;104;105;107;109;110;111;112;113;122;123;126;128;129;130;131;132;133;134;135;137;138;139;141;142;144;147;150;158;159;161;163;164;168;176;177;178;179;181;183;185;187;190;191;193;194;195;196;197;200;202;205;207;208;211;214;215;216;217;218;219;220;221;222;223",13.9602570533752,"ok",NA,1,"descend","0;0;0;0;0;0;0;0;0;0;0;0;0;0;0;0;0;0;0;0;0;0;0;0;0;0;0;0;0;0;0;0;0;0;0;0;0;0;0;0;0;0;0;0;0;0;0;0;0;0;0;0;0;0;0;0;0;0;0;0;0;0;0;0;0;0;0;0;0;0;0;0;0;0;0;0;0;0;0;0;0;0;0;0;0;0;0;0;0;0;0;0;0;0;0;0;0;0;0;0;0;0;0.11111111;0.11111111;0.11111111;0.11111111;0.11111111;0.11111111;0.11111111;0.11111111;0.11111111;0.11111111;0.11111111;0.11111111;0.11111111;0.11111111;0.11111111;0.11111111;0.11111111;0.11111111;0.11111111;0.11111111;0.11111111;0.11111111;0.15713484;0.15713484;0.15713484;0.15713484;0.15713484;0.15713484;0.15713484;0.15713484;0.15713484;0.15713484;0.15713484;0.15713484;0.15713484;0.15713484;0.15713484;0.15713484;0.15713484;0.15713484;0.15713484;0.15713484;0.15713484;0.15713484;0.15713484;0.15713484;0.15713484;0.15713484;0.15713484;0.15713484;0.15713484;0.15713484;0.15713484;0.15713484;0.15713484;0.15713484;0.15713484;0.15713484;0.15713484;0.15713484;0.15713484;0.15713484;0.15713484;0.15713484;0.15713484;0.15713484;0.15713484;0.15713484;0.15713484;0.15713484;0.15713484;0.15713484;0.15713484;0.15713484;0.15713484;0.15713484;0.15713484;0.15713484;0.15713484;0.15713484;0.15713484;0.15713484;0.15713484;0.15713484;0.19245009;0.19245009;0.19245009;0.19245009;0.19245009;0.19245009;0.19245009;0.19245009;0.19245009;0.22222222;0.22222222;0.22222222;0.22222222;0.248452;0.248452;0.248452;0.27216553;0.29397237;0.29397237;0.31426968;0.33333333;0.36851387;0.36851387;0.38490018;0.40061681;0.43033148;0.62853936;0.6758625;0.6758625;0.77777778;0.79349205;0.8089011;0.81649658;0.85346064;0.86780552;1.46143849;1.6292087",0.130056210459167,"2026-08-09 21:34:50"
"vertebral","UN-MCCD","ascend",240,6,0.0333333333333333,0.914285714285714,0.473809523809524,0.0359712230215827,19,2,"10;27;38;52;86;96;113;116;142;163;164;168;174;180;181;191;196;198;238",0.152776002883911,"ok",NA,1,"ascend","0;0;0;0;0;0;0;0;0;0;0;0;0;0;0;0;0;0;0;0;0;0;0;0;0;0;0;0.45043887;0.45043887;0.45800401;0.4639813;0.4860344;0.52371135;0.53522218;0.5446406;0.58466067;0.59320044;0.60980509;0.62183079;0.63678279;0.64188555;0.64581063;0.64581063;0.66156195;0.66376934;0.66472203;0.67307011;0.677011;0.69925475;0.69937659;0.70108874;0.70860546;0.70930465;0.71304288;0.7141531;0.71439119;0.71541667;0.72142419;0.72412308;0.72513109;0.72720619;0.73915642;0.74592942;0.74611175;0.75386098;0.7542913;0.7542913;0.75440719;0.75508993;0.75545705;0.75578887;0.75928593;0.75928593;0.76123375;0.76208605;0.76521584;0.76601537;0.78135869;0.78627263;0.78981503;0.78981503;0.79121329;0.79929346;0.80557374;0.81000113;0.81072416;0.81143982;0.81190734;0.81649876;0.818373;0.83188534;0.83316075;0.84493639;0.8453941;0.84638006;0.84840637;0.84965129;0.85338015;0.85458777;0.85552847;0.85601041;0.86486614;0.86894549;0.87126542;0.87275281;0.87303564;0.87778643;0.87778643;0.88136368;0.88535147;0.88535147;0.88555515;0.8859254;0.89065316;0.89926146;0.89926146;0.90083411;0.90665476;0.90747162;0.90852055;0.92117899;0.92610699;0.9366102;0.94115037;0.94456641;0.9511148;0.96262608;0.96691306;0.97907531;0.98790329;0.9936528;0.99464235;0.99835264;1.00018843;1.00376623;1.00376623;1.01200453;1.01455344;1.02051248;1.0213185;1.02657292;1.03198869;1.0332807;1.04298274;1.04555434;1.05141833;1.05170037;1.06222688;1.06905177;1.07554223;1.07923414;1.08400107;1.08807821;1.08857785;1.10412541;1.10593828;1.11943626;1.12031326;1.12694823;1.12698031;1.12926729;1.12954648;1.13141079;1.13827109;1.15044554;1.15273098;1.15680322;1.15709437;1.17491616;1.18850667;1.18862191;1.18906825;1.19108501;1.19147715;1.1941578;1.20985888;1.21800295;1.221416;1.22386887;1.22488455;1.23855537;1.23940893;1.23947484;1.24407809;1.25001718;1.26786491;1.28283593;1.30129946;1.30690984;1.3077087;1.31301708;1.31406781;1.31728016;1.34385599;1.35097435;1.3557223;1.35718647;1.36655188;1.37237575;1.38829814;1.39101565;1.39985427;1.40099429;1.45085908;1.45718216;1.4606408;1.46586014;1.47347207;1.48034703;1.48158581;1.48746062;1.52955601;1.54023949;1.54115525;1.57340562;1.5746904;1.60158151;1.60892543;1.63551895;1.63994306;1.71998573;1.74754693;1.74965216;1.7532703;1.76924063;1.80059502;1.80059502;1.85965578;1.87127919;1.87769115;1.88420174;1.88713033;1.9403759;1.98688614;2.21360703;2.21433354;2.36685514;2.39388246;2.46641048;2.96880268",0.96448260541465,"2026-08-09 21:34:50"
"vertebral","UN-MCCD","descend",240,6,0.0333333333333333,0.776190476190476,0.404761904761905,0.0297619047619048,48,2,"10;27;38;52;61;65;66;72;75;76;77;84;85;86;94;95;96;108;113;115;116;118;119;123;125;129;135;142;144;146;163;164;168;169;172;174;180;181;184;191;192;193;196;198;202;203;207;238",16.1842679977417,"ok",NA,1,"descend","0;0;0;0;0;0;0;0;0;0;0;0;0;0;0;0;0;0;0;0;0;0;0;0;0;0;0;0;0;0;0;0;0;0;0;0;0;0;0;0;0;0;0;0;0;0;0;0;0;0;0;0;0;0;0;0;0.45043887;0.52371135;0.53522218;0.5446406;0.60082386;0.60980509;0.62183079;0.66156195;0.67307011;0.677011;0.70108874;0.70860546;0.7141531;0.71439119;0.71742562;0.72142419;0.72412308;0.72513109;0.72720619;0.72888678;0.73915642;0.74158922;0.74592942;0.7542913;0.75440719;0.75508993;0.75545705;0.75578887;0.75726184;0.75928593;0.75928593;0.76123375;0.76521584;0.76601537;0.76749933;0.7789076;0.78135869;0.78627263;0.78981503;0.78981503;0.80557374;0.80734907;0.81072416;0.81190734;0.81649876;0.81678994;0.82363825;0.8453941;0.84840637;0.8533304;0.85552847;0.85601041;0.86380123;0.86486614;0.86557162;0.86894549;0.87126542;0.87778643;0.88229712;0.88435382;0.88535147;0.88555515;0.8859254;0.89065316;0.89926146;0.89926146;0.90083411;0.90747162;0.91239367;0.92610699;0.92698884;0.94456641;0.94665983;0.9511148;0.96262608;0.96866091;0.97907531;0.98120579;0.9936528;0.99464235;0.99464235;1.00376623;1.00376623;1.01455344;1.0213185;1.02359299;1.02657292;1.02918869;1.0332807;1.03797954;1.04445268;1.05168863;1.05221487;1.06222688;1.06990174;1.07280134;1.07554223;1.07923414;1.08857785;1.0968274;1.09744103;1.10412541;1.10593828;1.11044603;1.12031326;1.12038172;1.12926729;1.12954648;1.13122448;1.13472979;1.13766545;1.15044554;1.15709437;1.15850268;1.16356315;1.17491616;1.18167826;1.182067;1.18420435;1.18862191;1.18906825;1.1941578;1.19997428;1.21800295;1.221416;1.22215511;1.22386887;1.22488455;1.22488812;1.23855537;1.24407809;1.24964959;1.25001718;1.2631752;1.26873743;1.2725271;1.27401831;1.27401831;1.28283593;1.28690947;1.30022256;1.30129946;1.30529312;1.30690984;1.3077087;1.31301708;1.32759559;1.34890636;1.3557223;1.36672882;1.38829814;1.39101565;1.39101565;1.39985427;1.40099429;1.44775116;1.45388626;1.45718216;1.46586014;1.47138929;1.47347207;1.47865947;1.48158581;1.5205241;1.52593575;1.54023949;1.54115525;1.5746904;1.60158151;1.60205269;1.63551895;1.63994306;1.74754693;1.74965216;1.7532703;1.80059502;1.85965578;1.87127919;1.88420174;1.89737004;1.9403759;1.98688614;2.21360703;2.96880268",0.842803190421633,"2026-08-09 21:35:07"
"vertebral","SUN-MCCD","ascend",240,6,0.1,0.928571428571429,0.514285714285714,0.108695652173913,18,2,"10;27;38;52;86;113;116;125;163;164;168;174;181;191;198;215;216;238",0.147690773010254,"ok",NA,1,"ascend","0;0;0;0;0;0;0;0;0;0;0;0;0;0;0;0;0;0;0;0;0;0;0;0;0;0;0;0.45043887;0.45043887;0.45800401;0.4639813;0.4860344;0.52371135;0.53522218;0.5446406;0.58466067;0.59320044;0.60980509;0.62183079;0.63678279;0.64188555;0.64581063;0.64581063;0.66156195;0.66376934;0.66472203;0.67307011;0.677011;0.69925475;0.69937659;0.70108874;0.70860546;0.70930465;0.71304288;0.7141531;0.71439119;0.71541667;0.72142419;0.72412308;0.72513109;0.72720619;0.73915642;0.74592942;0.74611175;0.75386098;0.7542913;0.7542913;0.75440719;0.75508993;0.75545705;0.75578887;0.75928593;0.75928593;0.76123375;0.76208605;0.76521584;0.76601537;0.78135869;0.78627263;0.78981503;0.78981503;0.79121329;0.79929346;0.80557374;0.81000113;0.81072416;0.81143982;0.81190734;0.81649876;0.818373;0.83188534;0.83316075;0.84493639;0.8453941;0.84638006;0.84840637;0.84965129;0.85338015;0.85458777;0.85552847;0.85601041;0.86486614;0.86894549;0.87126542;0.87275281;0.87303564;0.87778643;0.87778643;0.88136368;0.88535147;0.88535147;0.88555515;0.8859254;0.89065316;0.89926146;0.89926146;0.90083411;0.90665476;0.90747162;0.90852055;0.92117899;0.92610699;0.9366102;0.94115037;0.94456641;0.9511148;0.96262608;0.96691306;0.97907531;0.98790329;0.9936528;0.99464235;0.99835264;1.00018843;1.00376623;1.00376623;1.01200453;1.01455344;1.02051248;1.0213185;1.02657292;1.03198869;1.0332807;1.04298274;1.04555434;1.05141833;1.05170037;1.06222688;1.06905177;1.07554223;1.07923414;1.08400107;1.08807821;1.08857785;1.10412541;1.10593828;1.11943626;1.12031326;1.12694823;1.12698031;1.12926729;1.12954648;1.13141079;1.13827109;1.15044554;1.15273098;1.15680322;1.15709437;1.17491616;1.18850667;1.18862191;1.18906825;1.19108501;1.19147715;1.1941578;1.20985888;1.21800295;1.221416;1.22386887;1.22488455;1.23855537;1.23940893;1.23947484;1.24407809;1.25001718;1.26786491;1.28283593;1.30129946;1.30690984;1.3077087;1.31301708;1.31406781;1.31728016;1.34385599;1.35097435;1.3557223;1.35718647;1.36655188;1.37237575;1.38829814;1.39101565;1.39985427;1.40099429;1.45085908;1.45718216;1.4606408;1.46586014;1.47347207;1.48034703;1.48158581;1.48746062;1.52955601;1.54023949;1.54115525;1.57340562;1.5746904;1.60158151;1.60892543;1.63551895;1.63994306;1.71998573;1.74754693;1.74965216;1.7532703;1.76924063;1.80059502;1.80059502;1.85965578;1.87127919;1.87769115;1.88420174;1.88713033;1.9403759;1.98688614;2.21360703;2.21433354;2.36685514;2.39388246;2.46641048;2.96880268",0.96448260541465,"2026-08-09 21:35:07"
"vertebral","SUN-MCCD","descend",240,6,0,0.928571428571429,0.464285714285714,0,15,2,"52;84;86;96;116;123;142;163;164;168;169;180;181;196;198",17.1402869224548,"ok",NA,1,"descend","0;0;0;0;0;0;0;0;0;0;0;0;0;0;0;0;0;0;0;0;0;0;0;0;0;0;0;0;0;0;0;0;0;0;0;0;0;0;0;0;0;0;0;0;0;0;0;0;0;0;0;0;0;0;0;0;0.45043887;0.52371135;0.53522218;0.5446406;0.60082386;0.60980509;0.62183079;0.66156195;0.67307011;0.677011;0.70108874;0.70860546;0.7141531;0.71439119;0.71742562;0.72142419;0.72412308;0.72513109;0.72720619;0.72888678;0.73915642;0.74158922;0.74592942;0.7542913;0.75440719;0.75508993;0.75545705;0.75578887;0.75726184;0.75928593;0.75928593;0.76123375;0.76521584;0.76601537;0.76749933;0.7789076;0.78135869;0.78627263;0.78981503;0.78981503;0.80557374;0.80734907;0.81072416;0.81190734;0.81649876;0.81678994;0.82363825;0.8453941;0.84840637;0.8533304;0.85552847;0.85601041;0.86380123;0.86486614;0.86557162;0.86894549;0.87126542;0.87778643;0.88229712;0.88435382;0.88535147;0.88555515;0.8859254;0.89065316;0.89926146;0.89926146;0.90083411;0.90747162;0.91239367;0.92610699;0.92698884;0.94456641;0.94665983;0.9511148;0.96262608;0.96866091;0.97907531;0.98120579;0.9936528;0.99464235;0.99464235;1.00376623;1.00376623;1.01455344;1.0213185;1.02359299;1.02657292;1.02918869;1.0332807;1.03797954;1.04445268;1.05168863;1.05221487;1.06222688;1.06990174;1.07280134;1.07554223;1.07923414;1.08857785;1.0968274;1.09744103;1.10412541;1.10593828;1.11044603;1.12031326;1.12038172;1.12926729;1.12954648;1.13122448;1.13472979;1.13766545;1.15044554;1.15709437;1.15850268;1.16356315;1.17491616;1.18167826;1.182067;1.18420435;1.18862191;1.18906825;1.1941578;1.19997428;1.21800295;1.221416;1.22215511;1.22386887;1.22488455;1.22488812;1.23855537;1.24407809;1.24964959;1.25001718;1.2631752;1.26873743;1.2725271;1.27401831;1.27401831;1.28283593;1.28690947;1.30022256;1.30129946;1.30529312;1.30690984;1.3077087;1.31301708;1.32759559;1.34890636;1.3557223;1.36672882;1.38829814;1.39101565;1.39101565;1.39985427;1.40099429;1.44775116;1.45388626;1.45718216;1.46586014;1.47138929;1.47347207;1.47865947;1.48158581;1.5205241;1.52593575;1.54023949;1.54115525;1.5746904;1.60158151;1.60205269;1.63551895;1.63994306;1.74754693;1.74965216;1.7532703;1.80059502;1.85965578;1.87127919;1.88420174;1.89737004;1.9403759;1.98688614;2.21360703;2.96880268",0.842803190421633,"2026-08-09 21:35:24"
"ecoli","UN-MCCD","ascend",336,7,0.875,0.670731707317073,0.772865853658537,0.238095238095238,115,2,"1;2;3;4;5;7;8;9;10;12;13;14;15;16;17;19;20;22;23;25;26;27;33;36;37;41;42;43;48;49;55;56;59;66;71;74;75;76;78;81;84;85;86;88;92;94;96;97;98;99;100;102;103;104;105;106;107;109;110;111;112;113;114;115;116;117;118;119;120;121;123;125;126;127;128;129;130;131;134;135;136;137;141;146;148;153;156;158;163;169;171;172;173;187;194;204;205;210;215;227;230;244;268;274;276;286;310;312;318;329;332;333;334;335;336",0.482558965682983,"ok",NA,1,"ascend","0;0;0;0;0;0;0;0;0;0;0;0;0;0;0;0;0;0;0;0;0;0;0;0;0;0;0;0;0;0;0;0;0;0;0;0;0;0;0;0;0;0;0;0;0;0;0;0;0;0.03872983;0.04358899;0.04795832;0.04795832;0.04795832;0.05656854;0.05830952;0.0591608;0.06082763;0.06164414;0.06403124;0.0678233;0.0678233;0.06928203;0.07;0.0728011;0.07416198;0.07416198;0.07615773;0.07681146;0.07681146;0.07874008;0.07937254;0.08;0.08062258;0.08062258;0.08185353;0.08185353;0.08185353;0.08246211;0.08246211;0.08246211;0.08246211;0.08246211;0.08306624;0.08544004;0.08602325;0.08602325;0.08602325;0.08602325;0.08660254;0.08888194;0.08888194;0.08944272;0.08944272;0.09055385;0.09055385;0.09055385;0.09110434;0.09219544;0.09219544;0.09327379;0.09380832;0.09433981;0.09486833;0.09486833;0.09539392;0.09539392;0.09539392;0.09539392;0.09539392;0.09539392;0.09539392;0.09539392;0.09539392;0.09643651;0.09643651;0.0969536;0.09848858;0.09899495;0.09899495;0.09899495;0.09949874;0.1;0.10049876;0.10049876;0.10049876;0.10148892;0.10148892;0.1029563;0.1029563;0.1034408;0.1034408;0.1034408;0.1034408;0.10535654;0.10677078;0.10723805;0.10723805;0.10723805;0.10723805;0.1086278;0.1086278;0.1086278;0.1086278;0.10908712;0.10908712;0.10908712;0.11;0.11;0.11;0.11;0.11090537;0.11090537;0.11090537;0.11090537;0.11135529;0.11269428;0.11269428;0.11401754;0.11401754;0.11445523;0.11445523;0.11445523;0.11489125;0.11489125;0.11532563;0.11532563;0.11532563;0.11532563;0.11575837;0.1161895;0.117047;0.1174734;0.1174734;0.11789826;0.1183216;0.1183216;0.1183216;0.11874342;0.11958261;0.12;0.12083046;0.12083046;0.12124356;0.12165525;0.12247449;0.12288206;0.12288206;0.12288206;0.12288206;0.12328828;0.12489996;0.12529964;0.12529964;0.12569805;0.1260952;0.12649111;0.12649111;0.12649111;0.12727922;0.12767145;0.12767145;0.12884099;0.12922848;0.12922848;0.13;0.13;0.13038405;0.13076697;0.13076697;0.13076697;0.13076697;0.13076697;0.13076697;0.13152946;0.13190906;0.13190906;0.13190906;0.13228757;0.13266499;0.13341664;0.13341664;0.13453624;0.13453624;0.13490738;0.13601471;0.13601471;0.13638182;0.13674794;0.13674794;0.13711309;0.13747727;0.13784049;0.13784049;0.13820275;0.13820275;0.13820275;0.13892444;0.13928388;0.14;0.14035669;0.14071247;0.14071247;0.14106736;0.14142136;0.1421267;0.14247807;0.14247807;0.14247807;0.14387495;0.14525839;0.1459452;0.14628739;0.14662878;0.14764823;0.14899664;0.14899664;0.14933185;0.15132746;0.15132746;0.15165751;0.15165751;0.15491933;0.15524175;0.15556349;0.15652476;0.15716234;0.15716234;0.15811388;0.15905974;0.16;0.16124515;0.16155494;0.16217275;0.16217275;0.16278821;0.16309506;0.16340135;0.16431677;0.16431677;0.16492423;0.16552945;0.16552945;0.16822604;0.17029386;0.17204651;0.17349352;0.17406895;0.17464249;0.17492856;0.17578396;0.17606817;0.17691806;0.17832555;0.17860571;0.17888544;0.18138357;0.18220867;0.18220867;0.18248288;0.18520259;0.18601075;0.18627936;0.19052559;0.19078784;0.19235384;0.19235384;0.1926136;0.19287302;0.1954482;0.1954482;0.19824228;0.19924859;0.19949937;0.20223748;0.20248457;0.20469489;0.20469489;0.20518285;0.20639767;0.20663978;0.20856654;0.2116601;0.21354157;0.21354157;0.22135944;0.24617067;0.25826343;0.26495283;0.27982137;0.29342802;0.31543621;0.3324154;0.3324154;0.39484174;0.41976184",0.113474294257613,"2026-08-09 21:35:24"
"ecoli","UN-MCCD","descend",336,7,0.875,0.673780487804878,0.774390243902439,0.23972602739726,114,2,"1;2;3;4;5;7;8;9;10;12;13;14;15;16;17;19;20;22;23;25;26;27;33;36;37;41;42;43;48;49;55;56;59;66;71;74;75;76;78;81;84;85;86;88;92;94;96;97;98;99;100;102;103;104;105;106;107;109;110;111;112;113;114;115;116;117;118;119;120;121;123;125;126;127;128;129;130;131;134;135;136;137;141;146;148;153;156;158;163;169;171;172;173;187;194;204;205;210;215;227;230;268;274;276;286;310;312;318;329;332;333;334;335;336",61.8508870601654,"ok",NA,1,"descend","0;0;0;0;0;0;0;0;0;0;0;0;0;0;0;0;0;0;0;0;0;0;0;0;0;0;0;0;0;0;0;0;0;0;0;0;0;0;0;0;0;0;0;0;0;0;0;0;0;0;0;0;0;0;0;0;0;0;0;0;0;0;0;0;0;0;0;0;0;0;0;0;0;0;0;0;0;0;0;0;0;0;0;0;0;0;0;0;0;0;0;0;0;0;0;0;0;0;0;0;0;0;0;0;0;0;0;0;0;0;0;0;0;0;0;0;0;0;0;0;0;0.06082763;0.0678233;0.0678233;0.07;0.0728011;0.07416198;0.07681146;0.07681146;0.07874008;0.07874008;0.07937254;0.08;0.08;0.08;0.08185353;0.08185353;0.08246211;0.08246211;0.08306624;0.0842615;0.0842615;0.08544004;0.08602325;0.08660254;0.08888194;0.08944272;0.09055385;0.09055385;0.09327379;0.09380832;0.09486833;0.09486833;0.09539392;0.09539392;0.09539392;0.09539392;0.09591663;0.09643651;0.09643651;0.09643651;0.09797959;0.09848858;0.09848858;0.09899495;0.09899495;0.1;0.10049876;0.10049876;0.10148892;0.10148892;0.1029563;0.1034408;0.1034408;0.1034408;0.1034408;0.10392305;0.10535654;0.10677078;0.10677078;0.10723805;0.10723805;0.1086278;0.1086278;0.10908712;0.10908712;0.10954451;0.11;0.11;0.11090537;0.11090537;0.11090537;0.11090537;0.11135529;0.11269428;0.11269428;0.11401754;0.11401754;0.11401754;0.11401754;0.11401754;0.11401754;0.11445523;0.11489125;0.11532563;0.11532563;0.11532563;0.11532563;0.1161895;0.11661904;0.117047;0.1174734;0.1174734;0.1174734;0.1183216;0.1183216;0.1183216;0.11916375;0.11958261;0.12;0.12083046;0.12083046;0.12083046;0.12165525;0.12165525;0.12206556;0.12247449;0.12247449;0.12288206;0.12288206;0.12328828;0.12529964;0.12529964;0.12569805;0.1260952;0.12649111;0.12649111;0.12649111;0.12727922;0.12767145;0.12922848;0.12922848;0.13;0.13038405;0.13076697;0.13076697;0.13076697;0.13114877;0.13152946;0.13190906;0.13228757;0.13266499;0.13341664;0.13490738;0.13601471;0.13638182;0.13638182;0.13638182;0.13674794;0.13747727;0.13747727;0.13784049;0.13784049;0.13820275;0.13820275;0.13892444;0.13928388;0.1396424;0.14071247;0.14106736;0.1421267;0.14387495;0.14525839;0.1456022;0.1459452;0.14628739;0.1473092;0.14899664;0.1496663;0.15066519;0.15066519;0.15099669;0.15165751;0.15198684;0.15491933;0.15524175;0.15556349;0.15652476;0.15716234;0.15716234;0.15811388;0.15905974;0.15968719;0.16;0.16217275;0.16278821;0.16340135;0.16431677;0.16552945;0.16552945;0.16552945;0.16703293;0.168523;0.16911535;0.17175564;0.17204651;0.17349352;0.17464249;0.17578396;0.18138357;0.18220867;0.18220867;0.18275667;0.18520259;0.18520259;0.18601075;0.19052559;0.19052559;0.19078784;0.19235384;0.19416488;0.20149442;0.20469489;0.20518285;0.20639767;0.20663978;0.20856654;0.21071308;0.2116601;0.21354157;0.24556058;0.26495283;0.2745906;0.29342802;0.3324154;0.52115257",0.0851458295830336,"2026-08-09 21:36:26"
"ecoli","SUN-MCCD","ascend",336,7,0.875,0.798780487804878,0.836890243902439,0.333333333333333,73,1,"1;2;3;4;5;7;15;23;26;33;37;49;55;59;71;78;85;86;88;92;94;96;98;99;104;107;111;112;115;116;117;118;119;120;121;123;125;126;127;128;129;130;131;134;136;137;141;146;148;153;156;158;163;171;172;173;187;194;204;210;215;227;268;274;276;286;312;329;332;333;334;335;336",0.2606360912323,"ok",NA,1,"ascend","0;0;0;0;0;0;0;0;0;0;0;0;0;0;0;0;0;0;0;0;0;0;0;0;0;0;0;0;0;0;0;0;0;0;0;0;0;0;0;0;0;0;0;0;0;0;0;0;0;0.03872983;0.04358899;0.04795832;0.04795832;0.04795832;0.05656854;0.05830952;0.0591608;0.06082763;0.06164414;0.06403124;0.0678233;0.0678233;0.06928203;0.07;0.0728011;0.07416198;0.07416198;0.07615773;0.07681146;0.07681146;0.07874008;0.07937254;0.08;0.08062258;0.08062258;0.08185353;0.08185353;0.08185353;0.08246211;0.08246211;0.08246211;0.08246211;0.08246211;0.08306624;0.08544004;0.08602325;0.08602325;0.08602325;0.08602325;0.08660254;0.08888194;0.08888194;0.08944272;0.08944272;0.09055385;0.09055385;0.09055385;0.09110434;0.09219544;0.09219544;0.09327379;0.09380832;0.09433981;0.09486833;0.09486833;0.09539392;0.09539392;0.09539392;0.09539392;0.09539392;0.09539392;0.09539392;0.09539392;0.09539392;0.09643651;0.09643651;0.0969536;0.09848858;0.09899495;0.09899495;0.09899495;0.09949874;0.1;0.10049876;0.10049876;0.10049876;0.10148892;0.10148892;0.1029563;0.1029563;0.1034408;0.1034408;0.1034408;0.1034408;0.10535654;0.10677078;0.10723805;0.10723805;0.10723805;0.10723805;0.1086278;0.1086278;0.1086278;0.1086278;0.10908712;0.10908712;0.10908712;0.11;0.11;0.11;0.11;0.11090537;0.11090537;0.11090537;0.11090537;0.11135529;0.11269428;0.11269428;0.11401754;0.11401754;0.11445523;0.11445523;0.11445523;0.11489125;0.11489125;0.11532563;0.11532563;0.11532563;0.11532563;0.11575837;0.1161895;0.117047;0.1174734;0.1174734;0.11789826;0.1183216;0.1183216;0.1183216;0.11874342;0.11958261;0.12;0.12083046;0.12083046;0.12124356;0.12165525;0.12247449;0.12288206;0.12288206;0.12288206;0.12288206;0.12328828;0.12489996;0.12529964;0.12529964;0.12569805;0.1260952;0.12649111;0.12649111;0.12649111;0.12727922;0.12767145;0.12767145;0.12884099;0.12922848;0.12922848;0.13;0.13;0.13038405;0.13076697;0.13076697;0.13076697;0.13076697;0.13076697;0.13076697;0.13152946;0.13190906;0.13190906;0.13190906;0.13228757;0.13266499;0.13341664;0.13341664;0.13453624;0.13453624;0.13490738;0.13601471;0.13601471;0.13638182;0.13674794;0.13674794;0.13711309;0.13747727;0.13784049;0.13784049;0.13820275;0.13820275;0.13820275;0.13892444;0.13928388;0.14;0.14035669;0.14071247;0.14071247;0.14106736;0.14142136;0.1421267;0.14247807;0.14247807;0.14247807;0.14387495;0.14525839;0.1459452;0.14628739;0.14662878;0.14764823;0.14899664;0.14899664;0.14933185;0.15132746;0.15132746;0.15165751;0.15165751;0.15491933;0.15524175;0.15556349;0.15652476;0.15716234;0.15716234;0.15811388;0.15905974;0.16;0.16124515;0.16155494;0.16217275;0.16217275;0.16278821;0.16309506;0.16340135;0.16431677;0.16431677;0.16492423;0.16552945;0.16552945;0.16822604;0.17029386;0.17204651;0.17349352;0.17406895;0.17464249;0.17492856;0.17578396;0.17606817;0.17691806;0.17832555;0.17860571;0.17888544;0.18138357;0.18220867;0.18220867;0.18248288;0.18520259;0.18601075;0.18627936;0.19052559;0.19078784;0.19235384;0.19235384;0.1926136;0.19287302;0.1954482;0.1954482;0.19824228;0.19924859;0.19949937;0.20223748;0.20248457;0.20469489;0.20469489;0.20518285;0.20639767;0.20663978;0.20856654;0.2116601;0.21354157;0.21354157;0.22135944;0.24617067;0.25826343;0.26495283;0.27982137;0.29342802;0.31543621;0.3324154;0.3324154;0.39484174;0.41976184",0.113474294257613,"2026-08-09 21:36:27"
"ecoli","SUN-MCCD","descend",336,7,0.875,0.753048780487805,0.814024390243902,0.291666666666667,88,1,"1;2;3;4;5;7;9;12;15;17;19;23;26;27;33;37;41;49;55;56;59;66;71;78;85;86;88;92;94;96;98;99;104;105;107;111;112;113;115;116;117;118;119;120;121;123;125;126;127;128;129;130;131;134;135;136;137;141;146;148;153;156;158;163;169;171;172;173;187;194;204;205;210;215;227;230;268;274;276;286;312;318;329;332;333;334;335;336",59.4444189071655,"ok",NA,1,"descend","0;0;0;0;0;0;0;0;0;0;0;0;0;0;0;0;0;0;0;0;0;0;0;0;0;0;0;0;0;0;0;0;0;0;0;0;0;0;0;0;0;0;0;0;0;0;0;0;0;0;0;0;0;0;0;0;0;0;0;0;0;0;0;0;0;0;0;0;0;0;0;0;0;0;0;0;0;0;0;0;0;0;0;0;0;0;0;0;0;0;0;0;0;0;0;0;0;0;0;0;0;0;0;0;0;0;0;0;0;0;0;0;0;0;0;0;0;0;0;0;0;0.06082763;0.0678233;0.0678233;0.07;0.0728011;0.07416198;0.07681146;0.07681146;0.07874008;0.07874008;0.07937254;0.08;0.08;0.08;0.08185353;0.08185353;0.08246211;0.08246211;0.08306624;0.0842615;0.0842615;0.08544004;0.08602325;0.08660254;0.08888194;0.08944272;0.09055385;0.09055385;0.09327379;0.09380832;0.09486833;0.09486833;0.09539392;0.09539392;0.09539392;0.09539392;0.09591663;0.09643651;0.09643651;0.09643651;0.09797959;0.09848858;0.09848858;0.09899495;0.09899495;0.1;0.10049876;0.10049876;0.10148892;0.10148892;0.1029563;0.1034408;0.1034408;0.1034408;0.1034408;0.10392305;0.10535654;0.10677078;0.10677078;0.10723805;0.10723805;0.1086278;0.1086278;0.10908712;0.10908712;0.10954451;0.11;0.11;0.11090537;0.11090537;0.11090537;0.11090537;0.11135529;0.11269428;0.11269428;0.11401754;0.11401754;0.11401754;0.11401754;0.11401754;0.11401754;0.11445523;0.11489125;0.11532563;0.11532563;0.11532563;0.11532563;0.1161895;0.11661904;0.117047;0.1174734;0.1174734;0.1174734;0.1183216;0.1183216;0.1183216;0.11916375;0.11958261;0.12;0.12083046;0.12083046;0.12083046;0.12165525;0.12165525;0.12206556;0.12247449;0.12247449;0.12288206;0.12288206;0.12328828;0.12529964;0.12529964;0.12569805;0.1260952;0.12649111;0.12649111;0.12649111;0.12727922;0.12767145;0.12922848;0.12922848;0.13;0.13038405;0.13076697;0.13076697;0.13076697;0.13114877;0.13152946;0.13190906;0.13228757;0.13266499;0.13341664;0.13490738;0.13601471;0.13638182;0.13638182;0.13638182;0.13674794;0.13747727;0.13747727;0.13784049;0.13784049;0.13820275;0.13820275;0.13892444;0.13928388;0.1396424;0.14071247;0.14106736;0.1421267;0.14387495;0.14525839;0.1456022;0.1459452;0.14628739;0.1473092;0.14899664;0.1496663;0.15066519;0.15066519;0.15099669;0.15165751;0.15198684;0.15491933;0.15524175;0.15556349;0.15652476;0.15716234;0.15716234;0.15811388;0.15905974;0.15968719;0.16;0.16217275;0.16278821;0.16340135;0.16431677;0.16552945;0.16552945;0.16552945;0.16703293;0.168523;0.16911535;0.17175564;0.17204651;0.17349352;0.17464249;0.17578396;0.18138357;0.18220867;0.18220867;0.18275667;0.18520259;0.18520259;0.18601075;0.19052559;0.19052559;0.19078784;0.19235384;0.19416488;0.20149442;0.20469489;0.20518285;0.20639767;0.20663978;0.20856654;0.21071308;0.2116601;0.21354157;0.24556058;0.26495283;0.2745906;0.29342802;0.3324154;0.52115257",0.0851458295830336,"2026-08-09 21:37:26"
"stamps","UN-MCCD","ascend",340,9,0.483870967741935,0.812297734627832,0.648084351184884,0.380710659898477,73,2,"3;13;18;36;54;57;58;71;75;85;88;94;99;103;105;106;109;118;119;121;132;135;138;139;140;148;155;157;160;163;164;166;167;168;177;185;207;232;236;237;240;242;245;266;267;275;277;279;280;285;286;288;292;294;297;299;303;306;311;312;313;321;323;325;327;328;330;331;332;333;334;335;336",0.372294902801514,"ok",NA,1,"ascend","0;0;0;0;0;0;0;0;0;0;0;0;0;0;0;0;0;0;0;0;0;0;0;0;0;0;0;0;0;0;0;0;0;0;0;0;0;0;0;0;0;0;0;0;0;0;0;0;0;0;0;0;0;0;0;0;0;0;0;0;0;0;0;0;0;0;0;0;0;0;0;0;0;0;0;0;0;0;0;0;0;0;0;0;0;0;0;0;0;0;0;0;0;0;0;0;0;0;0;0;0;0;0;0.0533822;0.06145777;0.06310187;0.0635604;0.06415121;0.06415121;0.06572468;0.06572468;0.06759976;0.0680336;0.06841279;0.0736845;0.07456026;0.07471588;0.07867924;0.08027183;0.08027183;0.08063912;0.08129058;0.08161871;0.0820369;0.08203953;0.08272723;0.08275603;0.08343179;0.08373426;0.08389851;0.08598174;0.08598174;0.08810275;0.08810275;0.08962484;0.09029402;0.09050576;0.09164834;0.09300428;0.09413267;0.09515652;0.09515652;0.09532858;0.09637511;0.09691512;0.09691512;0.09709733;0.09826706;0.09831234;0.0989274;0.09899333;0.09950317;0.09985103;0.10119059;0.10119059;0.10120586;0.10128275;0.10249112;0.10304475;0.1036288;0.1036288;0.10381949;0.10390529;0.10417245;0.10424671;0.1059373;0.10612079;0.10654177;0.1070529;0.10706678;0.10706678;0.10784707;0.10800242;0.10807633;0.10987379;0.11073063;0.11092956;0.11136335;0.11141758;0.11167387;0.11224362;0.11543227;0.11562455;0.11651309;0.11673467;0.11816746;0.11888568;0.11928859;0.11940867;0.11944828;0.11958323;0.11958323;0.11988874;0.12264502;0.12307564;0.1242624;0.12534688;0.1255493;0.12565237;0.1260281;0.1261832;0.12652972;0.1270137;0.12805469;0.12848864;0.12866171;0.12881718;0.12881718;0.13076434;0.13139377;0.13139377;0.13157253;0.1320689;0.13390821;0.1339836;0.13473639;0.13516217;0.13518061;0.13518061;0.13565698;0.13614407;0.13624403;0.13625451;0.13625607;0.13743788;0.13776995;0.14203823;0.14204289;0.1421382;0.14337751;0.14337751;0.14422582;0.14481573;0.1448628;0.1472031;0.14758581;0.14767614;0.14825476;0.14869997;0.15184438;0.15186982;0.15265889;0.15568391;0.15583379;0.15631258;0.15832399;0.1590709;0.16096961;0.16142783;0.16152406;0.16197159;0.16326633;0.16390486;0.16417253;0.16542988;0.16760236;0.16930055;0.16931054;0.16938641;0.16938641;0.17094144;0.17095742;0.17137664;0.17699378;0.17774724;0.17881468;0.17883009;0.17883009;0.17898133;0.18049635;0.18066957;0.18069695;0.18126165;0.18163386;0.18584364;0.18689292;0.18834409;0.18901059;0.19007219;0.19330785;0.19504435;0.19530863;0.19546043;0.19610392;0.19641132;0.19642994;0.19800801;0.19800801;0.198311;0.19880042;0.2011451;0.2034409;0.20528387;0.20740683;0.20768224;0.20778501;0.20823475;0.21352564;0.21542453;0.21857484;0.21910177;0.22017008;0.22331818;0.22389765;0.22613755;0.22692023;0.22735729;0.2297961;0.23006534;0.2301452;0.2334493;0.23713354;0.23713354;0.24375986;0.24460668;0.24814499;0.24990959;0.2506173;0.25168311;0.25168311;0.25598521;0.25649325;0.26134265;0.26134265;0.26572327;0.27003597;0.27637928;0.27836282;0.28166082;0.29630944;0.29957148;0.30093167;0.30643495;0.30927555;0.32385568;0.37671404;0.4564502;0.62070236;0.62777362;0.97990414",0.111265586809955,"2026-08-09 21:37:27"
"stamps","UN-MCCD","descend",340,9,0.032258064516129,0.928802588996764,0.480530326756446,0.0340136054421769,23,36,"28;56;66;99;103;105;106;109;118;119;121;131;167;168;182;185;193;222;240;279;295;297;311",64.5266020298004,"ok",NA,1,"descend","0;0;0;0;0;0;0;0;0;0;0;0;0;0;0;0;0;0;0;0;0;0;0;0;0;0;0;0;0;0;0;0;0;0;0;0;0;0;0;0;0;0;0;0;0;0;0;0;0;0;0;0;0;0;0;0;0;0;0;0;0;0;0;0;0;0;0;0;0;0;0;0;0;0;0;0;0;0;0;0;0;0;0;0;0;0;0;0;0;0;0;0;0;0;0;0;0;0;0;0;0;0;0;0;0;0;0;0;0;0;0;0;0;0;0;0;0;0;0;0;0;0;0;0;0;0;0;0;0;0;0;0;0;0;0;0;0;0;0;0;0;0;0;0;0;0;0;0;0;0;0;0;0;0;0;0;0;0;0;0;0;0;0;0;0;0;0;0;0;0;0;0;0;0;0;0;0;0;0;0;0;0;0;0;0;0;0;0;0;0;0;0;0;0;0;0;0;0;0;0;0;0;0;0;0.06145777;0.0635604;0.06415121;0.06415121;0.06572468;0.06572468;0.0736845;0.08027183;0.08598174;0.08598174;0.08609481;0.08810275;0.08810275;0.08861956;0.09050576;0.09164834;0.09164834;0.09176985;0.09300428;0.09532858;0.09541073;0.09691512;0.09709733;0.09826706;0.09950317;0.09985103;0.10119059;0.10249112;0.10304475;0.10390529;0.10424671;0.10612079;0.10784707;0.10793516;0.10800242;0.10971751;0.11073063;0.11224362;0.11339155;0.11420257;0.11556868;0.11626399;0.11663317;0.11730732;0.11816746;0.11958323;0.12307564;0.1242624;0.12534688;0.12565237;0.1260281;0.12848864;0.12866171;0.13076434;0.13139377;0.1320689;0.13309995;0.13390821;0.13459025;0.13518061;0.13518061;0.13625451;0.13625607;0.13651284;0.13776995;0.14203823;0.1421382;0.14337751;0.14456868;0.14481573;0.1448628;0.1472031;0.14758581;0.14767614;0.14825476;0.14825476;0.14869997;0.15186982;0.15568391;0.15832399;0.1590709;0.16142783;0.16152406;0.16197159;0.16326633;0.16359312;0.16359312;0.16390486;0.1642001;0.17095742;0.17550591;0.17568091;0.17699378;0.17883009;0.17898133;0.17912537;0.18049635;0.18066957;0.18069695;0.18163386;0.18502768;0.18584364;0.18834409;0.1886526;0.19007219;0.19530863;0.19610392;0.19800801;0.198311;0.2011451;0.20332943;0.2034409;0.20449799;0.20528387;0.20768224;0.20823475;0.21077988;0.21857484;0.22017008;0.22400001;0.22692023;0.2334493;0.23713354;0.24990959;0.2506173;0.25168311;0.25598521;0.25649325;0.27836282;0.28166082;0.29630944;0.30484577;0.30643495;0.30927555;0.37671404;0.62070236",0.06268362834266,"2026-08-09 21:38:31"
"stamps","SUN-MCCD","ascend",340,9,0.516129032258065,0.883495145631068,0.699812088944566,0.454545454545455,52,1,"18;57;71;85;92;94;99;105;106;109;118;119;132;135;138;140;148;155;157;160;163;166;167;168;207;232;236;240;242;245;266;275;285;297;303;306;311;312;313;321;323;325;327;328;330;331;332;333;334;335;336;339",0.259085178375244,"ok",NA,1,"ascend","0;0;0;0;0;0;0;0;0;0;0;0;0;0;0;0;0;0;0;0;0;0;0;0;0;0;0;0;0;0;0;0;0;0;0;0;0;0;0;0;0;0;0;0;0;0;0;0;0;0;0;0;0;0;0;0;0;0;0;0;0;0;0;0;0;0;0;0;0;0;0;0;0;0;0;0;0;0;0;0;0;0;0;0;0;0;0;0;0;0;0;0;0;0;0;0;0;0;0;0;0;0;0;0.0533822;0.06145777;0.06310187;0.0635604;0.06415121;0.06415121;0.06572468;0.06572468;0.06759976;0.0680336;0.06841279;0.0736845;0.07456026;0.07471588;0.07867924;0.08027183;0.08027183;0.08063912;0.08129058;0.08161871;0.0820369;0.08203953;0.08272723;0.08275603;0.08343179;0.08373426;0.08389851;0.08598174;0.08598174;0.08810275;0.08810275;0.08962484;0.09029402;0.09050576;0.09164834;0.09300428;0.09413267;0.09515652;0.09515652;0.09532858;0.09637511;0.09691512;0.09691512;0.09709733;0.09826706;0.09831234;0.0989274;0.09899333;0.09950317;0.09985103;0.10119059;0.10119059;0.10120586;0.10128275;0.10249112;0.10304475;0.1036288;0.1036288;0.10381949;0.10390529;0.10417245;0.10424671;0.1059373;0.10612079;0.10654177;0.1070529;0.10706678;0.10706678;0.10784707;0.10800242;0.10807633;0.10987379;0.11073063;0.11092956;0.11136335;0.11141758;0.11167387;0.11224362;0.11543227;0.11562455;0.11651309;0.11673467;0.11816746;0.11888568;0.11928859;0.11940867;0.11944828;0.11958323;0.11958323;0.11988874;0.12264502;0.12307564;0.1242624;0.12534688;0.1255493;0.12565237;0.1260281;0.1261832;0.12652972;0.1270137;0.12805469;0.12848864;0.12866171;0.12881718;0.12881718;0.13076434;0.13139377;0.13139377;0.13157253;0.1320689;0.13390821;0.1339836;0.13473639;0.13516217;0.13518061;0.13518061;0.13565698;0.13614407;0.13624403;0.13625451;0.13625607;0.13743788;0.13776995;0.14203823;0.14204289;0.1421382;0.14337751;0.14337751;0.14422582;0.14481573;0.1448628;0.1472031;0.14758581;0.14767614;0.14825476;0.14869997;0.15184438;0.15186982;0.15265889;0.15568391;0.15583379;0.15631258;0.15832399;0.1590709;0.16096961;0.16142783;0.16152406;0.16197159;0.16326633;0.16390486;0.16417253;0.16542988;0.16760236;0.16930055;0.16931054;0.16938641;0.16938641;0.17094144;0.17095742;0.17137664;0.17699378;0.17774724;0.17881468;0.17883009;0.17883009;0.17898133;0.18049635;0.18066957;0.18069695;0.18126165;0.18163386;0.18584364;0.18689292;0.18834409;0.18901059;0.19007219;0.19330785;0.19504435;0.19530863;0.19546043;0.19610392;0.19641132;0.19642994;0.19800801;0.19800801;0.198311;0.19880042;0.2011451;0.2034409;0.20528387;0.20740683;0.20768224;0.20778501;0.20823475;0.21352564;0.21542453;0.21857484;0.21910177;0.22017008;0.22331818;0.22389765;0.22613755;0.22692023;0.22735729;0.2297961;0.23006534;0.2301452;0.2334493;0.23713354;0.23713354;0.24375986;0.24460668;0.24814499;0.24990959;0.2506173;0.25168311;0.25168311;0.25598521;0.25649325;0.26134265;0.26134265;0.26572327;0.27003597;0.27637928;0.27836282;0.28166082;0.29630944;0.29957148;0.30093167;0.30643495;0.30927555;0.32385568;0.37671404;0.4564502;0.62070236;0.62777362;0.97990414",0.111265586809955,"2026-08-09 21:38:32"
"stamps","SUN-MCCD","descend",340,9,0.516129032258065,0.883495145631068,0.699812088944566,0.454545454545455,52,1,"18;57;71;85;92;94;99;105;106;109;118;119;132;135;138;140;148;155;157;160;163;166;167;168;207;232;236;240;242;245;266;275;285;297;303;306;311;312;313;321;323;325;327;328;330;331;332;333;334;335;336;339",65.4050159454346,"ok",NA,1,"descend","0;0;0;0;0;0;0;0;0;0;0;0;0;0;0;0;0;0;0;0;0;0;0;0;0;0;0;0;0;0;0;0;0;0;0;0;0;0;0;0;0;0;0;0;0;0;0;0;0;0;0;0;0;0;0;0;0;0;0;0;0;0;0;0;0;0;0;0;0;0;0;0;0;0;0;0;0;0;0;0;0;0;0;0;0;0;0;0;0;0;0;0;0;0;0;0;0;0;0;0;0;0;0;0;0;0;0;0;0;0;0;0;0;0;0;0;0;0;0;0;0;0;0;0;0;0;0;0;0;0;0;0;0;0;0;0;0;0;0;0;0;0;0;0;0;0;0;0;0;0;0;0;0;0;0;0;0;0;0;0;0;0;0;0;0;0;0;0;0;0;0;0;0;0;0;0;0;0;0;0;0;0;0;0;0;0;0;0;0;0;0;0;0;0;0;0;0;0;0;0;0;0;0;0;0.06145777;0.0635604;0.06415121;0.06415121;0.06572468;0.06572468;0.0736845;0.08027183;0.08598174;0.08598174;0.08609481;0.08810275;0.08810275;0.08861956;0.09050576;0.09164834;0.09164834;0.09176985;0.09300428;0.09532858;0.09541073;0.09691512;0.09709733;0.09826706;0.09950317;0.09985103;0.10119059;0.10249112;0.10304475;0.10390529;0.10424671;0.10612079;0.10784707;0.10793516;0.10800242;0.10971751;0.11073063;0.11224362;0.11339155;0.11420257;0.11556868;0.11626399;0.11663317;0.11730732;0.11816746;0.11958323;0.12307564;0.1242624;0.12534688;0.12565237;0.1260281;0.12848864;0.12866171;0.13076434;0.13139377;0.1320689;0.13309995;0.13390821;0.13459025;0.13518061;0.13518061;0.13625451;0.13625607;0.13651284;0.13776995;0.14203823;0.1421382;0.14337751;0.14456868;0.14481573;0.1448628;0.1472031;0.14758581;0.14767614;0.14825476;0.14825476;0.14869997;0.15186982;0.15568391;0.15832399;0.1590709;0.16142783;0.16152406;0.16197159;0.16326633;0.16359312;0.16359312;0.16390486;0.1642001;0.17095742;0.17550591;0.17568091;0.17699378;0.17883009;0.17898133;0.17912537;0.18049635;0.18066957;0.18069695;0.18163386;0.18502768;0.18584364;0.18834409;0.1886526;0.19007219;0.19530863;0.19610392;0.19800801;0.198311;0.2011451;0.20332943;0.2034409;0.20449799;0.20528387;0.20768224;0.20823475;0.21077988;0.21857484;0.22017008;0.22400001;0.22692023;0.2334493;0.23713354;0.24990959;0.2506173;0.25168311;0.25598521;0.25649325;0.27836282;0.28166082;0.29630944;0.30484577;0.30643495;0.30927555;0.37671404;0.62070236",0.06268362834266,"2026-08-09 21:39:37"
"WDBC","UN-MCCD","ascend",367,30,1,0.182072829131653,0.591036414565826,0.146198830409357,302,1,"1;2;3;4;5;6;7;8;10;11;12;13;14;15;16;17;18;19;20;21;23;25;26;28;29;31;33;34;36;37;38;39;40;42;43;44;45;46;47;48;49;51;52;54;55;56;57;59;60;61;62;63;64;65;66;68;69;70;71;72;74;76;77;78;80;82;83;84;85;86;87;88;89;90;91;92;93;94;95;97;98;99;100;101;103;104;105;106;107;109;110;111;112;113;114;115;116;117;119;120;121;122;123;124;125;127;128;131;132;134;135;136;138;139;140;141;142;143;144;145;146;147;148;151;152;154;155;156;157;158;159;160;161;162;163;165;166;167;168;169;170;171;172;173;175;176;177;178;179;180;181;182;183;184;185;186;188;189;190;191;192;193;194;195;196;198;199;200;203;208;209;210;211;212;213;214;215;216;217;219;221;222;224;225;226;229;230;231;232;233;234;235;236;237;238;239;240;241;243;245;246;247;248;249;250;251;252;253;254;260;261;262;263;264;265;266;267;268;270;271;272;273;274;275;278;279;280;281;282;283;284;285;286;287;288;290;293;295;296;297;299;300;301;303;304;306;308;309;310;311;312;313;315;316;317;318;319;320;321;322;323;324;325;326;328;329;331;332;333;334;335;336;337;338;339;341;342;343;344;345;346;347;348;349;350;351;352;353;354;355;356;357;358;359;360;361;362;363;364;365;366;367",0.542879104614258,"ok",NA,1,"ascend","0;0;0;0;0;0;0;0;0;0;0;0;0;0;0;0;0;0;0;0;0;0;0;0;0;0;0;0;0;0;0;0;0;0;0;0;0;0;0;0;0;0;0;0;0;0;0;0;0;0;0;0;0;0;0;0;0;0;0;0;0;0;0;0;0;0;0;0;0;0;0;0;0;0;0;0;0;0;0;0;0;0;0;0;0;0;0;0;0;0;0;0;0;0;0;0;0;0;0;0;0;0;0;0;0;0;0;0.20666355;0.22109031;0.23103784;0.2314949;0.2314949;0.23407108;0.24227685;0.24692508;0.2477485;0.24908576;0.25327354;0.2536055;0.25574463;0.25574463;0.25582092;0.26084587;0.2608927;0.26213059;0.26213059;0.26239327;0.2638187;0.2638187;0.26435081;0.26523762;0.26545223;0.26547866;0.26558241;0.26788795;0.26823658;0.26963687;0.2697008;0.27174144;0.27231658;0.27231658;0.27374716;0.27374716;0.2738824;0.27524816;0.27959927;0.27959927;0.28023804;0.28058377;0.28274207;0.28312828;0.28378818;0.28412689;0.28446387;0.28470434;0.28470434;0.28482066;0.28626929;0.28628916;0.28657079;0.28881892;0.28918441;0.29032731;0.29035084;0.29045937;0.29045937;0.29196568;0.29218041;0.29240041;0.29289163;0.29324538;0.29356327;0.29370418;0.29370418;0.29450853;0.29503911;0.29513886;0.29595613;0.29700217;0.29716702;0.29751307;0.29765834;0.29947556;0.2998157;0.30082758;0.3011713;0.3011713;0.30141173;0.3022577;0.30273953;0.30332702;0.30332702;0.30383536;0.30460025;0.30581195;0.30585983;0.30627573;0.30787872;0.30888406;0.31013784;0.31023718;0.3104294;0.31050818;0.31062449;0.31090944;0.31096218;0.31219343;0.31254017;0.31503096;0.31666657;0.31668715;0.31668715;0.31701009;0.31780467;0.31780467;0.31842902;0.31905282;0.31918712;0.31971076;0.31987402;0.31997841;0.32016659;0.32070891;0.32129532;0.32187624;0.3221238;0.32217126;0.32295433;0.32295433;0.32501781;0.32511675;0.32611311;0.32695434;0.32695434;0.32710482;0.32710482;0.32860472;0.32935363;0.32964377;0.33174203;0.33372177;0.33488986;0.33497772;0.33519899;0.33613022;0.33690874;0.33706554;0.33777648;0.34032663;0.34100501;0.34155244;0.34257184;0.34516529;0.34628373;0.34639283;0.35100325;0.35183062;0.35429226;0.35466013;0.35466013;0.35494135;0.35622468;0.356899;0.356899;0.3586601;0.35871316;0.35911288;0.35972492;0.36053985;0.36533695;0.36619865;0.36680973;0.37059842;0.37193429;0.37746847;0.37794972;0.37821027;0.37865112;0.37921522;0.38074997;0.38451242;0.38454582;0.38502605;0.38832869;0.39029775;0.39273594;0.39722579;0.39803863;0.39838704;0.3989328;0.39930517;0.40155405;0.40237208;0.40237208;0.4023967;0.40251212;0.4071376;0.41150294;0.41188537;0.41279354;0.41440489;0.41457887;0.41587613;0.4180384;0.41830592;0.41830592;0.41894592;0.42141703;0.4227549;0.42456987;0.42506686;0.42506686;0.42631739;0.42705732;0.43002172;0.43273213;0.43446812;0.43668808;0.43740838;0.44120102;0.44609919;0.4461222;0.44617675;0.44650476;0.44650476;0.44766598;0.45414859;0.4563735;0.45936896;0.48153629;0.48211788;0.48370449;0.49439305;0.50311988;0.50656146;0.51055677;0.51069966;0.51190332;0.5128509;0.5156678;0.5156678;0.52091974;0.52648277;0.53517374;0.53716878;0.53953908;0.542754;0.54668742;0.55127437;0.5684191;0.56883524;0.57269456;0.62218959;0.63357542;0.63657973;0.66691544;0.6999387;0.70396934;0.70642763;0.71379934;0.7566066;0.77458855;0.83774696;0.85217237;0.89622154;1.00285663;1.03929274",0.264407489161867,"2026-08-09 21:39:38"
"WDBC","UN-MCCD","descend",367,30,1,0.182072829131653,0.591036414565826,0.146198830409357,302,1,"1;2;3;4;5;6;7;8;10;11;12;13;14;15;16;17;18;19;20;21;23;25;26;28;29;31;33;34;36;37;38;39;40;42;43;44;45;46;47;48;49;51;52;54;55;56;57;59;60;61;62;63;64;65;66;68;69;70;71;72;74;76;77;78;80;82;83;84;85;86;87;88;89;90;91;92;93;94;95;97;98;99;100;101;103;104;105;106;107;109;110;111;112;113;114;115;116;117;119;120;121;122;123;124;125;127;128;131;132;134;135;136;138;139;140;141;142;143;144;145;146;147;148;151;152;154;155;156;157;158;159;160;161;162;163;165;166;167;168;169;170;171;172;173;175;176;177;178;179;180;181;182;183;184;185;186;188;189;190;191;192;193;194;195;196;198;199;200;203;208;209;210;211;212;213;214;215;216;217;219;221;222;224;225;226;229;230;231;232;233;234;235;236;237;238;239;240;241;243;245;246;247;248;249;250;251;252;253;254;260;261;262;263;264;265;266;267;268;270;271;272;273;274;275;278;279;280;281;282;283;284;285;286;287;288;290;293;295;296;297;299;300;301;303;304;306;308;309;310;311;312;313;315;316;317;318;319;320;321;322;323;324;325;326;328;329;331;332;333;334;335;336;337;338;339;341;342;343;344;345;346;347;348;349;350;351;352;353;354;355;356;357;358;359;360;361;362;363;364;365;366;367",96.3208200931549,"ok",NA,1,"descend","0;0;0;0;0;0;0;0;0;0;0;0;0;0;0;0;0;0;0;0;0;0;0;0;0;0;0;0;0;0;0;0;0;0;0;0;0;0;0;0;0;0;0;0;0;0;0;0;0;0;0;0;0;0;0;0;0;0;0;0;0;0;0;0;0;0;0;0;0;0;0;0;0;0;0;0;0;0;0;0;0;0;0;0;0;0;0;0;0;0;0;0;0;0;0;0;0;0;0;0;0;0;0;0;0;0;0;0;0;0;0;0;0;0;0;0;0;0;0;0;0;0;0;0;0;0;0;0;0;0;0;0;0;0;0;0;0;0;0;0;0;0;0;0;0;0;0;0;0;0;0;0;0;0;0;0;0;0;0;0;0;0;0;0;0;0;0;0;0;0;0;0;0;0;0;0;0;0;0;0;0;0;0;0;0;0;0;0;0;0;0;0;0;0;0;0;0;0;0;0;0;0;0;0;0;0;0;0;0;0;0;0;0;0;0;0;0;0;0;0.2314949;0.23325358;0.24220151;0.24635748;0.25574463;0.25796675;0.25952341;0.26084587;0.2620935;0.26213059;0.26239327;0.26239327;0.2638187;0.2638187;0.2647231;0.26545223;0.26547866;0.26547866;0.26558241;0.26582836;0.26788795;0.26823658;0.27174144;0.27231658;0.27372322;0.27374716;0.27401712;0.28023804;0.28058377;0.28274207;0.28470434;0.28475543;0.28482066;0.28628916;0.29032731;0.29045937;0.29196568;0.29196568;0.29240041;0.29370418;0.29370418;0.29542788;0.29595613;0.29716702;0.29751307;0.29765834;0.29846086;0.29947556;0.30084262;0.30332702;0.30332702;0.30344435;0.3041202;0.3041202;0.30428473;0.30460025;0.30585983;0.3072115;0.30787872;0.30818056;0.30860512;0.30863341;0.31013784;0.31023718;0.31050818;0.31062449;0.31062449;0.31096218;0.31115947;0.31319673;0.31668715;0.31780467;0.31823349;0.31852242;0.31905282;0.31918712;0.32016659;0.32070891;0.3221238;0.32302829;0.32501781;0.32511675;0.32695434;0.32710482;0.32710482;0.32772207;0.32887624;0.32964377;0.33313361;0.33690874;0.34155244;0.34257184;0.34595378;0.34628373;0.35183062;0.35494135;0.356899;0.36118093;0.36253509;0.36619865;0.37030588;0.37053108;0.37059842;0.37338905;0.37438377;0.37572717;0.38000607;0.38617595;0.38832869;0.39273594;0.39838704;0.39838704;0.39930517;0.4023967;0.4071376;0.40868628;0.40983725;0.41252548;0.41279354;0.41425671;0.41457887;0.4180384;0.42231747;0.4227549;0.42506686;0.42705732;0.43002172;0.43318974;0.43446812;0.43668808;0.43740838;0.43740838;0.43781324;0.44120102;0.44239849;0.44609919;0.44617675;0.44650476;0.51814969;0.51927874;0.52648277;0.53517374;0.55127437;0.57269456;0.66038393;0.67362264;0.70642763;0.95240267",0.141156615206778,"2026-08-09 21:41:14"
"WDBC","SUN-MCCD","ascend",367,30,1,0.324929971988796,0.662464985994398,0.171821305841924,251,1,"1;2;3;4;5;7;11;13;14;15;16;17;19;21;23;25;26;28;29;33;34;36;37;38;39;40;42;43;44;45;46;47;48;49;51;52;54;55;56;57;59;60;64;65;66;68;69;70;71;72;74;76;77;78;80;83;84;85;86;87;88;89;90;92;93;94;95;97;98;100;101;103;104;105;106;109;110;111;112;113;114;115;116;117;120;121;122;123;124;125;128;131;134;135;136;138;139;140;142;144;145;146;147;148;151;152;154;155;158;160;163;166;167;170;171;172;173;176;178;179;180;182;184;185;186;188;190;191;192;194;195;196;198;199;203;208;209;210;211;212;214;215;219;221;224;225;229;231;233;234;235;236;238;239;240;241;243;245;246;247;248;249;250;254;260;261;262;263;264;265;266;267;268;270;271;272;273;274;275;278;279;280;281;283;285;286;288;290;293;295;296;299;300;301;303;304;306;308;309;310;311;312;313;315;317;318;319;320;321;322;323;324;325;326;329;331;332;333;334;335;336;337;338;339;341;342;343;344;345;346;347;348;349;350;351;352;353;354;355;356;357;358;359;360;361;362;363;364;365;366;367",0.422349214553833,"ok",NA,1,"ascend","0;0;0;0;0;0;0;0;0;0;0;0;0;0;0;0;0;0;0;0;0;0;0;0;0;0;0;0;0;0;0;0;0;0;0;0;0;0;0;0;0;0;0;0;0;0;0;0;0;0;0;0;0;0;0;0;0;0;0;0;0;0;0;0;0;0;0;0;0;0;0;0;0;0;0;0;0;0;0;0;0;0;0;0;0;0;0;0;0;0;0;0;0;0;0;0;0;0;0;0;0;0;0;0;0;0;0;0.20666355;0.22109031;0.23103784;0.2314949;0.2314949;0.23407108;0.24227685;0.24692508;0.2477485;0.24908576;0.25327354;0.2536055;0.25574463;0.25574463;0.25582092;0.26084587;0.2608927;0.26213059;0.26213059;0.26239327;0.2638187;0.2638187;0.26435081;0.26523762;0.26545223;0.26547866;0.26558241;0.26788795;0.26823658;0.26963687;0.2697008;0.27174144;0.27231658;0.27231658;0.27374716;0.27374716;0.2738824;0.27524816;0.27959927;0.27959927;0.28023804;0.28058377;0.28274207;0.28312828;0.28378818;0.28412689;0.28446387;0.28470434;0.28470434;0.28482066;0.28626929;0.28628916;0.28657079;0.28881892;0.28918441;0.29032731;0.29035084;0.29045937;0.29045937;0.29196568;0.29218041;0.29240041;0.29289163;0.29324538;0.29356327;0.29370418;0.29370418;0.29450853;0.29503911;0.29513886;0.29595613;0.29700217;0.29716702;0.29751307;0.29765834;0.29947556;0.2998157;0.30082758;0.3011713;0.3011713;0.30141173;0.3022577;0.30273953;0.30332702;0.30332702;0.30383536;0.30460025;0.30581195;0.30585983;0.30627573;0.30787872;0.30888406;0.31013784;0.31023718;0.3104294;0.31050818;0.31062449;0.31090944;0.31096218;0.31219343;0.31254017;0.31503096;0.31666657;0.31668715;0.31668715;0.31701009;0.31780467;0.31780467;0.31842902;0.31905282;0.31918712;0.31971076;0.31987402;0.31997841;0.32016659;0.32070891;0.32129532;0.32187624;0.3221238;0.32217126;0.32295433;0.32295433;0.32501781;0.32511675;0.32611311;0.32695434;0.32695434;0.32710482;0.32710482;0.32860472;0.32935363;0.32964377;0.33174203;0.33372177;0.33488986;0.33497772;0.33519899;0.33613022;0.33690874;0.33706554;0.33777648;0.34032663;0.34100501;0.34155244;0.34257184;0.34516529;0.34628373;0.34639283;0.35100325;0.35183062;0.35429226;0.35466013;0.35466013;0.35494135;0.35622468;0.356899;0.356899;0.3586601;0.35871316;0.35911288;0.35972492;0.36053985;0.36533695;0.36619865;0.36680973;0.37059842;0.37193429;0.37746847;0.37794972;0.37821027;0.37865112;0.37921522;0.38074997;0.38451242;0.38454582;0.38502605;0.38832869;0.39029775;0.39273594;0.39722579;0.39803863;0.39838704;0.3989328;0.39930517;0.40155405;0.40237208;0.40237208;0.4023967;0.40251212;0.4071376;0.41150294;0.41188537;0.41279354;0.41440489;0.41457887;0.41587613;0.4180384;0.41830592;0.41830592;0.41894592;0.42141703;0.4227549;0.42456987;0.42506686;0.42506686;0.42631739;0.42705732;0.43002172;0.43273213;0.43446812;0.43668808;0.43740838;0.44120102;0.44609919;0.4461222;0.44617675;0.44650476;0.44650476;0.44766598;0.45414859;0.4563735;0.45936896;0.48153629;0.48211788;0.48370449;0.49439305;0.50311988;0.50656146;0.51055677;0.51069966;0.51190332;0.5128509;0.5156678;0.5156678;0.52091974;0.52648277;0.53517374;0.53716878;0.53953908;0.542754;0.54668742;0.55127437;0.5684191;0.56883524;0.57269456;0.62218959;0.63357542;0.63657973;0.66691544;0.6999387;0.70396934;0.70642763;0.71379934;0.7566066;0.77458855;0.83774696;0.85217237;0.89622154;1.00285663;1.03929274",0.264407489161867,"2026-08-09 21:41:14"
"WDBC","SUN-MCCD","descend",367,30,1,0.324929971988796,0.662464985994398,0.171821305841924,251,1,"1;2;3;4;5;7;11;13;14;15;16;17;19;21;23;25;26;28;29;33;34;36;37;38;39;40;42;43;44;45;46;47;48;49;51;52;54;55;56;57;59;60;64;65;66;68;69;70;71;72;74;76;77;78;80;83;84;85;86;87;88;89;90;92;93;94;95;97;98;100;101;103;104;105;106;109;110;111;112;113;114;115;116;117;120;121;122;123;124;125;128;131;134;135;136;138;139;140;142;144;145;146;147;148;151;152;154;155;158;160;163;166;167;170;171;172;173;176;178;179;180;182;184;185;186;188;190;191;192;194;195;196;198;199;203;208;209;210;211;212;214;215;219;221;224;225;229;231;233;234;235;236;238;239;240;241;243;245;246;247;248;249;250;254;260;261;262;263;264;265;266;267;268;270;271;272;273;274;275;278;279;280;281;283;285;286;288;290;293;295;296;299;300;301;303;304;306;308;309;310;311;312;313;315;317;318;319;320;321;322;323;324;325;326;329;331;332;333;334;335;336;337;338;339;341;342;343;344;345;346;347;348;349;350;351;352;353;354;355;356;357;358;359;360;361;362;363;364;365;366;367",86.6304750442505,"ok",NA,1,"descend","0;0;0;0;0;0;0;0;0;0;0;0;0;0;0;0;0;0;0;0;0;0;0;0;0;0;0;0;0;0;0;0;0;0;0;0;0;0;0;0;0;0;0;0;0;0;0;0;0;0;0;0;0;0;0;0;0;0;0;0;0;0;0;0;0;0;0;0;0;0;0;0;0;0;0;0;0;0;0;0;0;0;0;0;0;0;0;0;0;0;0;0;0;0;0;0;0;0;0;0;0;0;0;0;0;0;0;0;0;0;0;0;0;0;0;0;0;0;0;0;0;0;0;0;0;0;0;0;0;0;0;0;0;0;0;0;0;0;0;0;0;0;0;0;0;0;0;0;0;0;0;0;0;0;0;0;0;0;0;0;0;0;0;0;0;0;0;0;0;0;0;0;0;0;0;0;0;0;0;0;0;0;0;0;0;0;0;0;0;0;0;0;0;0;0;0;0;0;0;0;0;0;0;0;0;0;0;0;0;0;0;0;0;0;0;0;0;0;0;0.2314949;0.23325358;0.24220151;0.24635748;0.25574463;0.25796675;0.25952341;0.26084587;0.2620935;0.26213059;0.26239327;0.26239327;0.2638187;0.2638187;0.2647231;0.26545223;0.26547866;0.26547866;0.26558241;0.26582836;0.26788795;0.26823658;0.27174144;0.27231658;0.27372322;0.27374716;0.27401712;0.28023804;0.28058377;0.28274207;0.28470434;0.28475543;0.28482066;0.28628916;0.29032731;0.29045937;0.29196568;0.29196568;0.29240041;0.29370418;0.29370418;0.29542788;0.29595613;0.29716702;0.29751307;0.29765834;0.29846086;0.29947556;0.30084262;0.30332702;0.30332702;0.30344435;0.3041202;0.3041202;0.30428473;0.30460025;0.30585983;0.3072115;0.30787872;0.30818056;0.30860512;0.30863341;0.31013784;0.31023718;0.31050818;0.31062449;0.31062449;0.31096218;0.31115947;0.31319673;0.31668715;0.31780467;0.31823349;0.31852242;0.31905282;0.31918712;0.32016659;0.32070891;0.3221238;0.32302829;0.32501781;0.32511675;0.32695434;0.32710482;0.32710482;0.32772207;0.32887624;0.32964377;0.33313361;0.33690874;0.34155244;0.34257184;0.34595378;0.34628373;0.35183062;0.35494135;0.356899;0.36118093;0.36253509;0.36619865;0.37030588;0.37053108;0.37059842;0.37338905;0.37438377;0.37572717;0.38000607;0.38617595;0.38832869;0.39273594;0.39838704;0.39838704;0.39930517;0.4023967;0.4071376;0.40868628;0.40983725;0.41252548;0.41279354;0.41425671;0.41457887;0.4180384;0.42231747;0.4227549;0.42506686;0.42705732;0.43002172;0.43318974;0.43446812;0.43668808;0.43740838;0.43740838;0.43781324;0.44120102;0.44239849;0.44609919;0.44617675;0.44650476;0.51814969;0.51927874;0.52648277;0.53517374;0.55127437;0.57269456;0.66038393;0.67362264;0.70642763;0.95240267",0.141156615206778,"2026-08-09 21:42:41"
"shuffle","UN-MCCD","ascend",1013,9,1,0.709,0.8545,0.182584269662921,304,57,"3;5;7;14;15;16;18;20;26;35;47;48;49;50;55;59;63;64;75;78;80;86;90;91;95;96;97;98;105;107;110;112;116;117;123;124;128;130;132;140;141;142;147;148;154;155;158;161;163;165;170;172;173;174;175;186;187;191;195;199;206;207;212;216;219;223;227;233;234;236;237;250;253;257;269;270;273;275;276;277;283;289;292;293;294;297;300;305;308;311;314;325;326;327;329;332;333;335;346;348;354;356;360;369;375;377;390;402;405;409;410;415;418;419;420;430;433;436;441;447;450;455;461;462;465;469;470;472;479;483;485;491;492;495;496;497;501;502;505;511;513;514;517;518;522;523;525;528;529;536;537;538;539;547;548;551;554;555;566;568;569;571;583;584;586;588;589;594;612;614;615;618;619;622;625;627;628;629;631;635;636;641;644;645;647;649;652;669;678;685;689;693;694;696;697;699;701;702;705;706;711;712;719;725;727;728;729;730;731;739;741;745;754;756;761;762;763;765;767;769;772;776;778;779;780;783;785;787;788;790;791;792;796;797;814;816;819;824;827;828;835;837;838;841;842;843;845;847;849;851;858;859;862;866;872;873;878;881;883;885;888;893;896;897;898;901;906;907;911;915;916;927;929;930;935;936;938;939;950;951;955;956;959;963;965;983;987;989;993;996;997;1001;1002;1003;1004;1005;1006;1007;1008;1009;1010;1011;1012;1013",9.60617399215698,"ok",NA,1,"ascend","0;0;0;0;0;0;0;0;0;0;0;0;0;0;0;0;0;0;0;0;0;0;0;0;0;0;0;0;0;0;0;0;0;0;0;0;0;0;0;0;0;0;0;0;0;0;0;0;0;0;0;0;0;0;0;0;0;0;0;0;0;0;0;0;0;0;0;0;0;0;0;0;0;0;0;0;0;0;0;0;0;0;0;0;0;0;0;0;0;0;0;0;0;0;0;0;0;0;0;0;0;0;0;0;0;0;0;0;0;0;0;0;0;0;0;0;0;0;0;0;0;0;0;0;0;0;0;0;0;0;0;0;0;0;0;0;0;0;0;0;0;0;0;0;0;0;0;0;0;0;0;0;0;0;0;0;0;0;0;0;0;0;0;0;0;0;0;0;0;0;0;0;0;0;0;0;0;0;0;0;0;0;0;0;0;0;0;0;0;0;0;0;0;0;0;0;0;0;0;0;0;0;0;0;0;0;0;0;0;0;0;0;0;0;0;0;0;0;0;0;0;0;0;0;0;0;0;0;0;0;0;0;0;0;0;0;0;0;0;0;0;0;0;0;0;0;0;0;0;0;0;0;0;0;0;0;0;0;0;0;0;0;0;0;0;0;0;0;0;0;0;0;0;0;0;0;0;0;0;0;0;0;0;0;0;0;0;0;0;0;0;0;0;0;0;0;0;0;0;0;0;0;0;0.02295774;0.02466741;0.02713187;0.02921894;0.03841402;0.04436523;0.04436523;0.04480487;0.05008961;0.05246262;0.05463317;0.05483213;0.05833477;0.05843788;0.05891555;0.07266129;0.07275115;0.07290068;0.07776179;0.07776179;0.07798553;0.07798553;0.07798553;0.07873596;0.07873596;0.07873596;0.0795067;0.07971317;0.07985363;0.0802617;0.08233273;0.08380099;0.08380099;0.08670743;0.08711111;0.08896147;0.08896147;0.08905935;0.08921067;0.09030258;0.09066345;0.09066363;0.09081964;0.09107109;0.09139336;0.09180216;0.09256545;0.09366249;0.09480029;0.09494344;0.0964321;0.09719263;0.09825458;0.09825458;0.0990773;0.09984755;0.10006581;0.10041799;0.10530697;0.10611929;0.10671297;0.10686096;0.10686096;0.10772367;0.10979065;0.10979065;0.11282402;0.11376026;0.114003;0.11528167;0.11543587;0.11830421;0.11880023;0.1204508;0.1206698;0.12068785;0.12068785;0.12086642;0.1210135;0.12305276;0.12316527;0.12496081;0.12503734;0.12503734;0.12529041;0.12529575;0.12529575;0.12603327;0.12624137;0.12634936;0.12808971;0.12911016;0.12916147;0.12927501;0.12927501;0.13201411;0.13230932;0.13239547;0.13239547;0.13248127;0.13248127;0.13258867;0.13332739;0.13398203;0.13444909;0.13499804;0.13499804;0.13702137;0.13702137;0.13719557;0.13835009;0.13868028;0.13868028;0.13881889;0.13882115;0.13985317;0.13987913;0.13987913;0.14030406;0.14078444;0.141485;0.14162347;0.14162347;0.14182836;0.1418325;0.1418904;0.14299476;0.14301605;0.14301605;0.14354004;0.14355521;0.14360071;0.14360071;0.14367653;0.1437826;0.1437826;0.14408523;0.14414505;0.14428159;0.14468396;0.14469901;0.14474416;0.14476383;0.14482558;0.14482733;0.14490711;0.14490711;0.14494622;0.1450598;0.14514788;0.14522486;0.14544084;0.14554904;0.14554904;0.14567723;0.14567723;0.14570856;0.14599542;0.14618151;0.14648375;0.14653135;0.14691429;0.14691429;0.14751388;0.14760486;0.14786001;0.14806272;0.14820282;0.14829788;0.14848753;0.14878174;0.14896503;0.14899049;0.14924943;0.15043846;0.15070492;0.15124399;0.15135384;0.15202865;0.152729;0.15275426;0.15303905;0.15316067;0.15328089;0.15333761;0.15333761;0.1538046;0.15460617;0.15471997;0.15498319;0.15508115;0.15524324;0.15536177;0.15545559;0.15557627;0.15562032;0.15570551;0.15630591;0.15741534;0.15781729;0.15782674;0.15784054;0.15784054;0.15804738;0.15828256;0.15831656;0.15886783;0.15886884;0.15975858;0.15980151;0.16023287;0.16092178;0.16118674;0.16143279;0.16153168;0.16191739;0.16191775;0.16200473;0.16207193;0.16209251;0.16209251;0.16211779;0.16211779;0.16217115;0.16217115;0.16218458;0.16222486;0.16228679;0.16245077;0.16249956;0.16257503;0.16257503;0.16278153;0.16278559;0.16320763;0.16320763;0.16341951;0.16369693;0.1637993;0.16394375;0.16415794;0.16438156;0.16465427;0.16465427;0.16534869;0.16575553;0.16622782;0.16628016;0.16742395;0.16803447;0.16814457;0.16818137;0.16840916;0.1684574;0.16887239;0.16911965;0.16911965;0.16945122;0.16945122;0.16985513;0.16985513;0.17030332;0.17033899;0.17037455;0.17046949;0.17047153;0.17069903;0.17178738;0.17180006;0.17210404;0.17210404;0.17220028;0.17224319;0.17240749;0.17268677;0.17278349;0.17357128;0.17384991;0.17391146;0.17461664;0.17541307;0.17579495;0.17584709;0.1759313;0.17614441;0.17624051;0.17634032;0.17653685;0.17658583;0.17760782;0.1778177;0.17796357;0.17821768;0.17853482;0.17859096;0.17859096;0.17860315;0.17913283;0.17932749;0.17939107;0.18020317;0.18020317;0.18117236;0.18125881;0.18207676;0.18207676;0.18239992;0.18265888;0.18374497;0.18384141;0.18407057;0.18431303;0.18436072;0.1843752;0.18486098;0.18507951;0.1858207;0.18613161;0.18633841;0.18633841;0.18665708;0.18667303;0.18667303;0.18676494;0.18708495;0.18742881;0.1876932;0.18811628;0.18811628;0.18822392;0.18856776;0.18897157;0.18897157;0.18973953;0.19019678;0.19052552;0.19074623;0.19113166;0.19177779;0.19213922;0.19218619;0.19358299;0.19383473;0.1941087;0.1941723;0.19417472;0.19481404;0.1951924;0.19678203;0.19680285;0.19683464;0.19690243;0.19786836;0.19866391;0.19866429;0.19896007;0.19955905;0.19959808;0.19972434;0.20046145;0.20077247;0.20100521;0.20169515;0.20169515;0.20206781;0.20218714;0.2026477;0.20338975;0.20338975;0.20358264;0.20366693;0.20372175;0.20417292;0.20417292;0.20446867;0.20491425;0.20570549;0.20622617;0.2069873;0.20730301;0.20757715;0.20953804;0.20969445;0.20969445;0.21037595;0.21037595;0.21113974;0.21149359;0.21160382;0.21242896;0.21352972;0.21357891;0.21371025;0.21399018;0.21410915;0.21417301;0.21447503;0.21505922;0.21505922;0.21562256;0.21597571;0.21675622;0.21719504;0.21732816;0.21734614;0.21819234;0.2188914;0.21900189;0.21949325;0.22011289;0.22011289;0.22012134;0.22027162;0.22164604;0.22265979;0.222772;0.22433078;0.2248556;0.22541548;0.22544962;0.22544962;0.22608075;0.22721702;0.22815137;0.22830406;0.22939272;0.22948727;0.22978437;0.22996099;0.22996099;0.23057079;0.23142318;0.23233355;0.23236339;0.23267077;0.23339482;0.23355457;0.23355457;0.23384964;0.23397862;0.23401469;0.2342918;0.23456682;0.23585464;0.23586631;0.2361616;0.2361616;0.23634553;0.2363863;0.23656021;0.23656778;0.23669617;0.23764318;0.23789353;0.23917377;0.23949006;0.23954637;0.24003473;0.24025294;0.24129896;0.24228617;0.24238073;0.24251056;0.24296563;0.24296563;0.24297314;0.24309085;0.24316098;0.24327453;0.24340446;0.2434628;0.2434628;0.243521;0.2439492;0.24447918;0.24466108;0.24504022;0.24504758;0.24504758;0.24523054;0.24592742;0.24616439;0.24624075;0.24624075;0.24629509;0.24699562;0.24719732;0.24868718;0.24952816;0.25020606;0.251044;0.25177031;0.25189755;0.25211325;0.25227097;0.25288807;0.25301722;0.25371646;0.25515548;0.2552738;0.25681344;0.25686979;0.25952239;0.26332668;0.26362141;0.26529159;0.26571672;0.26577486;0.26790457;0.26951266;0.26973623;0.26982482;0.27026599;0.27042504;0.27048946;0.27102114;0.27242649;0.27294568;0.27463474;0.27729382;0.27767919;0.27809173;0.27822174;0.28180836;0.28246281;0.28246281;0.28401201;0.28549983;0.28720143;0.28726967;0.28740534;0.28817045;0.28817045;0.2889652;0.2889652;0.28903303;0.28974442;0.29040538;0.29056585;0.2929601;0.29593256;0.2961442;0.29670393;0.29724927;0.29724927;0.29841928;0.30002266;0.30003042;0.30057725;0.30103517;0.30103517;0.30474227;0.30723833;0.30789894;0.30789894;0.30877957;0.310185;0.31104667;0.31160847;0.31222625;0.31240171;0.3151365;0.31582593;0.31886134;0.31944996;0.31947472;0.31947472;0.3206462;0.32072579;0.32072579;0.32164675;0.32224016;0.32226277;0.32251353;0.32524575;0.32612884;0.32702615;0.32799122;0.32909621;0.33207667;0.33282725;0.33403988;0.33404973;0.33576577;0.33768238;0.33817836;0.33866549;0.33988561;0.34022322;0.34061627;0.34227229;0.34406788;0.34592067;0.34607364;0.34669148;0.34715083;0.34719901;0.3475126;0.34845992;0.35035846;0.35091322;0.35178089;0.3520018;0.353404;0.35659421;0.35745533;0.36171511;0.36184003;0.36184003;0.36419843;0.36730994;0.36943346;0.37193726;0.37323575;0.37325401;0.37375549;0.37419841;0.37738099;0.37771666;0.37893484;0.38011897;0.38069078;0.38145382;0.38761455;0.38792429;0.38792429;0.39376756;0.39917168;0.39980988;0.40596938;0.41740228;0.41890556;0.42216699;0.42216699;0.42216699;0.42243251;0.42284635;0.42442813;0.42493938;0.42685365;0.42706182;0.42928824;0.42969717;0.43284539;0.43344159;0.43418129;0.43872285;0.44445871;0.45051604;0.45399028;0.45701458;0.45873791;0.46072203;0.46810514;0.47229885;0.47442501;0.47463578;0.48039165;0.48163005;0.48861511;0.48895239;0.4901644;0.49040481;0.49062104;0.49335029;0.49335029;0.49544143;0.50026381;0.5028935;0.50333379;0.51393606;0.52331861;0.52595612;0.52595612;0.52679959;0.53599498;0.55239232;0.56081426;0.56123437;0.56713776;0.56898096;0.57261609;0.57902737;0.5848773;0.60514296;0.61181503;0.61214779;0.63934461;0.64322262;0.6529181;0.68661594;0.70714602;0.78347843;0.78913372;0.81949607;0.84589868;0.99609037;0.99686211;1.00127111;1.05459708;1.26278279;2.0023182;2.07435442;2.21273038;2.7412439;4.30641156;4.98354158;5.88446206;6.10333781;6.165527",0.199382036466857,"2026-08-09 21:43:05"
"shuffle","UN-MCCD","descend",1013,9,NA,NA,NA,NA,NA,NA,"",480.043241977692,"timeout","reached elapsed time limit",0,NA,NA,NA,"2026-08-09 21:51:05"
"vowels","UN-MCCD","ascend",1452,12,1,0.541251778093883,0.770625889046942,0.262857142857143,691,2,"1;2;3;4;5;6;7;8;18;19;20;21;22;23;24;25;26;27;28;29;30;31;32;33;34;35;36;37;38;39;40;41;50;51;52;53;54;55;56;57;58;59;60;61;62;64;71;72;73;74;75;76;77;89;90;91;92;93;94;95;102;103;104;105;106;107;108;109;110;111;112;113;118;119;120;121;122;123;124;125;135;136;137;138;139;140;141;142;143;144;145;146;147;156;157;158;159;160;161;162;163;164;165;166;167;168;169;170;179;180;181;182;183;184;185;186;187;198;199;200;201;202;203;204;205;206;207;208;209;214;215;216;217;218;219;220;221;222;223;224;225;226;227;228;229;230;231;232;233;234;235;236;237;238;239;240;241;242;250;251;252;253;254;255;256;257;265;266;267;268;269;270;281;282;283;284;285;286;287;288;289;290;299;300;301;302;303;304;305;306;307;308;318;319;320;321;322;323;324;325;334;335;336;337;338;350;351;352;353;368;369;370;371;372;382;383;384;385;386;398;399;400;401;402;403;404;405;406;407;408;417;418;419;420;421;422;423;424;425;426;440;441;442;443;444;457;458;459;475;476;477;478;479;480;481;482;483;491;492;493;494;495;496;497;509;510;511;512;513;514;515;516;517;518;524;525;526;527;528;529;530;531;532;533;534;535;536;537;538;539;548;549;550;551;552;553;554;565;566;567;568;570;586;588;594;602;603;607;608;609;610;611;612;613;630;631;632;633;634;635;636;637;638;639;640;641;648;666;667;668;669;670;671;672;673;674;675;676;677;678;679;699;705;706;719;722;723;796;797;798;807;834;835;836;837;844;845;846;847;848;849;857;862;882;892;893;894;895;896;915;927;928;929;930;931;936;946;968;991;992;993;1016;1030;1031;1032;1033;1034;1035;1036;1037;1038;1039;1040;1041;1042;1043;1044;1045;1046;1047;1048;1049;1050;1051;1052;1053;1054;1055;1056;1057;1058;1059;1060;1061;1062;1063;1064;1065;1066;1067;1068;1069;1070;1071;1072;1073;1074;1075;1076;1077;1078;1079;1080;1081;1082;1083;1084;1085;1086;1087;1088;1089;1090;1091;1092;1093;1094;1095;1096;1097;1098;1099;1100;1101;1102;1103;1104;1105;1109;1110;1111;1112;1113;1114;1115;1116;1117;1118;1119;1125;1126;1127;1128;1129;1130;1131;1132;1136;1137;1138;1139;1140;1141;1142;1143;1144;1150;1151;1152;1153;1154;1155;1156;1157;1158;1159;1160;1161;1162;1163;1164;1165;1166;1167;1168;1169;1178;1179;1180;1181;1182;1183;1184;1185;1186;1192;1193;1194;1195;1196;1197;1198;1199;1204;1205;1206;1207;1208;1209;1210;1215;1216;1217;1218;1219;1220;1221;1222;1229;1230;1231;1232;1233;1240;1241;1242;1243;1244;1245;1250;1251;1252;1253;1254;1255;1256;1260;1262;1263;1264;1265;1266;1267;1268;1269;1270;1276;1277;1278;1279;1280;1281;1282;1290;1291;1292;1293;1294;1295;1296;1297;1304;1305;1306;1307;1308;1309;1310;1311;1312;1313;1319;1320;1321;1322;1323;1324;1325;1326;1335;1336;1337;1338;1339;1342;1343;1344;1345;1346;1347;1348;1349;1356;1357;1358;1359;1360;1361;1362;1370;1371;1372;1373;1374;1375;1376;1377;1378;1379;1380;1384;1385;1386;1387;1388;1389;1390;1391;1392;1401;1402;1403;1404;1405;1406;1407;1408;1409;1410;1411;1412;1413;1414;1415;1416;1417;1418;1419;1420;1421;1422;1423;1424;1425;1426;1427;1428;1429;1430;1431;1432;1433;1434;1435;1436;1437;1438;1439;1440;1441;1442;1443;1444;1445;1446;1447;1448;1449;1450;1451;1452",21.7626559734344,"ok",NA,1,"ascend","0;0;0;0;0;0;0;0;0;0;0;0;0;0;0;0;0;0;0;0;0;0;0;0;0;0;0;0;0;0;0;0;0;0;0;0;0;0;0;0;0;0;0;0;0;0;0;0;0;0;0;0;0;0;0;0;0;0;0;0;0;0;0;0;0;0;0;0;0;0;0;0;0;0;0;0;0;0;0;0;0;0;0;0;0;0;0;0;0;0;0;0;0;0;0;0;0;0;0;0;0;0;0;0;0;0;0;0;0;0;0;0;0;0;0;0;0;0;0;0;0;0;0;0;0;0;0;0;0;0;0;0;0;0;0;0;0;0;0;0;0;0;0;0;0;0;0;0;0;0;0;0;0;0;0;0;0;0;0;0;0;0;0;0;0;0;0;0;0;0;0;0;0;0;0;0;0;0;0;0;0;0;0;0;0;0;0;0;0;0;0;0;0;0;0;0.31879751;0.32452946;0.37213691;0.37348046;0.38311396;0.3914867;0.40499284;0.41130078;0.41597368;0.41691118;0.41840678;0.45902801;0.45902801;0.4630072;0.46665747;0.47356499;0.47883063;0.48714036;0.51420786;0.51420786;0.52432377;0.53080059;0.53080059;0.53453895;0.54166021;0.54166021;0.55180583;0.55373408;0.55882319;0.55901667;0.56086326;0.56087207;0.56163656;0.57120208;0.57148344;0.57611341;0.57611341;0.58043625;0.58074392;0.58074392;0.58347421;0.58503366;0.58721335;0.59097846;0.59608795;0.59624589;0.60911707;0.6092592;0.61064359;0.61279838;0.61865386;0.61992557;0.62285344;0.62414892;0.63544148;0.64197896;0.64788629;0.65052739;0.65194692;0.65194692;0.65615443;0.65744367;0.65744367;0.65967343;0.66124173;0.66124173;0.66686657;0.67788383;0.68053223;0.68053223;0.68111464;0.68120691;0.68157631;0.6820028;0.68213523;0.68954128;0.69006355;0.69158764;0.69482238;0.69559953;0.69729702;0.69729702;0.70504095;0.70731879;0.70890744;0.71539211;0.7214463;0.72154088;0.72200447;0.72205259;0.72235918;0.72265776;0.72265776;0.72345241;0.72615243;0.72764415;0.72773316;0.72773316;0.72908168;0.72937023;0.72971066;0.7298762;0.73280015;0.73438341;0.73957133;0.74084142;0.74138338;0.74336088;0.74531928;0.74531928;0.75102646;0.75173646;0.75239302;0.75396205;0.75633803;0.75742768;0.75748022;0.76182523;0.76367474;0.76367474;0.76476636;0.7648452;0.76677244;0.76806544;0.77116598;0.77120332;0.77425612;0.7745616;0.77479344;0.77753085;0.77799671;0.77946768;0.77963828;0.78031383;0.78068405;0.78246926;0.78300126;0.78324894;0.78354754;0.78376798;0.78572881;0.78629431;0.78698424;0.78722553;0.78722553;0.78728693;0.78919647;0.79203817;0.79293351;0.79314438;0.79553892;0.79820398;0.79826356;0.79826356;0.79909991;0.7992244;0.79977208;0.8008945;0.80292877;0.80718081;0.80718081;0.80726261;0.80789326;0.80879641;0.80879641;0.81236983;0.81255133;0.81281891;0.81437045;0.81532905;0.81532905;0.81592233;0.81874035;0.81993317;0.82078511;0.82108325;0.82302352;0.82587103;0.82715411;0.82715411;0.82731588;0.82771288;0.82908809;0.82973075;0.83010489;0.83030652;0.83088136;0.83233971;0.83264361;0.83327776;0.83500654;0.83572761;0.83574108;0.83599473;0.83599473;0.83648321;0.83655815;0.83785077;0.83785077;0.83917794;0.83979516;0.8408533;0.84110075;0.84154289;0.84357257;0.84424243;0.84447413;0.84504612;0.84552753;0.84553739;0.84553739;0.84858941;0.8497051;0.84998306;0.850071;0.85014261;0.85014261;0.85142474;0.85142474;0.85218576;0.8540184;0.8540184;0.85413936;0.85415284;0.85421671;0.85561849;0.8558232;0.85595107;0.8561701;0.86042469;0.86063568;0.86183719;0.86200164;0.86249952;0.86249952;0.86276195;0.86683364;0.86687944;0.86730952;0.86730952;0.86817663;0.86817663;0.86910284;0.86976886;0.86982229;0.87200316;0.87200316;0.87276403;0.87283401;0.87301659;0.87457405;0.87578461;0.878012;0.87991856;0.88061487;0.88214078;0.88226033;0.88413606;0.88444854;0.88457051;0.88509608;0.88522677;0.88614027;0.88626996;0.88663784;0.88716139;0.887556;0.887556;0.88805235;0.890379;0.89283019;0.892863;0.89316142;0.89374704;0.89541095;0.89594342;0.89594714;0.8959786;0.89634033;0.89663643;0.89931423;0.90106227;0.90289965;0.90290467;0.90314765;0.90334953;0.90505004;0.90505004;0.90519628;0.90608808;0.9072797;0.9072797;0.90779008;0.90782382;0.90855235;0.91189114;0.91209284;0.91263158;0.91397773;0.9140968;0.91415871;0.9159436;0.91651235;0.91695483;0.91770024;0.91926489;0.92050055;0.92068094;0.92086708;0.92095752;0.92098743;0.922601;0.92498704;0.92565071;0.92583363;0.92652541;0.9268618;0.92695717;0.92755709;0.92774886;0.92824918;0.92874402;0.92972407;0.93043203;0.93131781;0.93132388;0.93184784;0.93192957;0.93196952;0.93196952;0.93310356;0.93433;0.93467439;0.93560953;0.93594498;0.93736352;0.9400455;0.94013415;0.94069548;0.94194184;0.9422945;0.94256042;0.94301676;0.94455429;0.94458152;0.945407;0.94604857;0.94605321;0.9461305;0.9461305;0.94614886;0.94848042;0.95213974;0.95291301;0.95373621;0.95373621;0.95384252;0.95514278;0.95533184;0.95686809;0.95688092;0.95688092;0.95728378;0.95728378;0.95832249;0.95832956;0.95939382;0.95973281;0.95974818;0.96030605;0.96129056;0.96444935;0.96517094;0.96663165;0.96804474;0.96847667;0.96869803;0.96956022;0.97299514;0.97341617;0.97343093;0.97414855;0.97562812;0.97748782;0.97748782;0.97795672;0.97795672;0.97860094;0.97880327;0.97994078;0.97997655;0.98011242;0.98130939;0.98209712;0.98209712;0.98234717;0.98311134;0.98408335;0.98456865;0.98456865;0.98515684;0.98662488;0.98699577;0.98704112;0.98755952;0.98880338;0.98943356;0.99006152;0.99027051;0.99054139;0.99112007;0.99194581;0.9936564;0.99543188;0.99591;0.9966311;0.9966311;0.9970564;0.99715438;0.99772478;0.99772478;0.99792961;0.9989813;0.99948062;1.00059465;1.00059465;1.00125536;1.00239739;1.00351731;1.00354724;1.00354724;1.0054914;1.0054914;1.00633414;1.00641025;1.00656968;1.00775658;1.00946151;1.00973686;1.01095438;1.01154081;1.01160532;1.01190954;1.01234078;1.01269078;1.01281483;1.01329619;1.01562593;1.01763619;1.01844479;1.01889978;1.01951138;1.01978302;1.02187151;1.0223293;1.02268365;1.02280417;1.02339787;1.02339787;1.02465223;1.02563963;1.02771044;1.02814848;1.02919812;1.02962851;1.03038961;1.03057692;1.03059313;1.03059313;1.03241765;1.03269694;1.03321026;1.03349156;1.03455117;1.03465985;1.03615089;1.03705374;1.04017879;1.04054509;1.0405735;1.0429034;1.04391019;1.04422458;1.04474858;1.04474858;1.04634216;1.04820332;1.04887309;1.05006939;1.05032585;1.05045212;1.05235248;1.05265388;1.05316585;1.05316585;1.05332224;1.05347932;1.05373244;1.05397971;1.05464509;1.05503636;1.05503636;1.05544202;1.05718867;1.05726841;1.05937779;1.05952501;1.0595807;1.06138397;1.06154229;1.06393792;1.06445075;1.06453048;1.06611469;1.06661376;1.06833638;1.06924213;1.06964782;1.0698439;1.07201697;1.07201697;1.07251999;1.07388251;1.07415706;1.07446059;1.07527214;1.07545876;1.07545876;1.07551602;1.07557044;1.07602222;1.07655155;1.0769057;1.07695594;1.07781771;1.07795166;1.08007121;1.08030667;1.08034711;1.08098111;1.08106714;1.08178979;1.08190677;1.08205734;1.08218324;1.08221241;1.08253526;1.08452576;1.08464571;1.08743222;1.08797893;1.08815933;1.08821626;1.09090133;1.0912057;1.09437353;1.09466593;1.09510399;1.09569449;1.09641536;1.09655424;1.09664167;1.09699316;1.09706785;1.09750773;1.09751834;1.09983659;1.10121534;1.10121534;1.10455956;1.10458811;1.10481478;1.10481478;1.10527116;1.10555533;1.10566887;1.10664177;1.106736;1.10726283;1.10729989;1.10732318;1.10770047;1.10782353;1.10847782;1.10867594;1.11061872;1.11120137;1.11272333;1.11295517;1.11502528;1.11512968;1.11651421;1.11674701;1.11681849;1.1184526;1.11872847;1.11889521;1.12006532;1.12113698;1.12264028;1.12366792;1.12425125;1.12534321;1.12540741;1.12550861;1.12572306;1.12590334;1.12664177;1.12675987;1.12704063;1.12738707;1.12738707;1.12764236;1.12790405;1.12790405;1.12879392;1.12954578;1.13372122;1.13389278;1.13433275;1.13524544;1.13527093;1.13570402;1.13576785;1.13576785;1.13586102;1.13625353;1.13669994;1.13751727;1.13971429;1.1399045;1.14076833;1.14099775;1.14207553;1.14207553;1.14257853;1.14363634;1.14416009;1.14436407;1.14491811;1.1456742;1.14627123;1.14655312;1.14699149;1.14768538;1.14774419;1.1479446;1.14813987;1.14813987;1.14845997;1.14926637;1.14931756;1.14990953;1.15076852;1.15079241;1.15191005;1.15191005;1.15191433;1.15236526;1.15236526;1.15242947;1.15283897;1.15378336;1.15406121;1.15406121;1.15697548;1.15742129;1.15774917;1.15853008;1.15988291;1.16040307;1.16151064;1.16157096;1.1616534;1.16188486;1.16273511;1.16400455;1.16409389;1.1646928;1.16547618;1.1656892;1.16576082;1.16588183;1.16612212;1.16779251;1.16883566;1.17025846;1.17117099;1.17273678;1.17409786;1.17430962;1.17450888;1.17467323;1.17593796;1.17627677;1.17660404;1.17774398;1.17778736;1.17809852;1.17897799;1.18172681;1.18172681;1.18272498;1.18300781;1.18302479;1.18321868;1.1842781;1.18606364;1.18683121;1.18705695;1.18707637;1.18758768;1.18767611;1.18822619;1.18944799;1.18960244;1.19048933;1.19096068;1.19181452;1.19181452;1.19332374;1.19435773;1.1944949;1.1946024;1.19562929;1.19676588;1.19739721;1.19849679;1.19962503;1.20191481;1.20304641;1.20383572;1.20568995;1.20678494;1.20705341;1.20854856;1.20854856;1.20912198;1.20912198;1.21080297;1.21143264;1.21273629;1.21277698;1.21333236;1.21488206;1.21503589;1.21591969;1.21600588;1.21754856;1.21856833;1.21989076;1.22040708;1.22152969;1.22155956;1.22168103;1.22168103;1.2255819;1.22569027;1.22704033;1.22800934;1.22812896;1.22830338;1.22834179;1.22887792;1.22887792;1.2292687;1.22986458;1.2299609;1.23051622;1.23084417;1.2318768;1.23436455;1.23529361;1.23533869;1.23578999;1.23660515;1.23791205;1.23800196;1.23800196;1.24075366;1.24100325;1.24221766;1.24221766;1.24238746;1.24356751;1.24558437;1.24674466;1.24748641;1.24748641;1.24788298;1.24788298;1.2486035;1.24892986;1.24911213;1.24956112;1.24956112;1.24968473;1.25038721;1.25149448;1.25331883;1.25331883;1.25437787;1.25498766;1.25618493;1.25651089;1.25658686;1.25696724;1.25722161;1.25785503;1.2590196;1.2591912;1.26139982;1.26143938;1.26143938;1.26284304;1.26316893;1.26316893;1.26337327;1.26388108;1.26466989;1.267198;1.26761934;1.26770299;1.26838949;1.26844067;1.27026438;1.27241119;1.27241119;1.27297765;1.27338695;1.27364892;1.27546001;1.27550177;1.27594889;1.27722335;1.27774778;1.2802061;1.28099222;1.28314727;1.28337001;1.28461177;1.28461177;1.284741;1.28487043;1.28605318;1.28614057;1.28658524;1.28857991;1.28950011;1.28977472;1.28985401;1.29367997;1.29479541;1.29523063;1.29547907;1.29553839;1.2964934;1.29669117;1.29670509;1.29707074;1.29709323;1.29763749;1.29785421;1.30119024;1.3015557;1.3015557;1.30205049;1.30461959;1.30535229;1.30615377;1.30662151;1.30751041;1.30815197;1.30866473;1.30943023;1.31007645;1.31250238;1.31250238;1.31419511;1.31419511;1.31513786;1.31579657;1.31580227;1.31605355;1.3162029;1.31676394;1.31696591;1.31817569;1.31949604;1.31949604;1.31983935;1.31983935;1.32123313;1.32210524;1.32230419;1.32337843;1.32353586;1.32353586;1.3252635;1.32571941;1.32580201;1.32745412;1.32866954;1.32871815;1.32874629;1.32890709;1.32921666;1.33101298;1.33184818;1.33210357;1.33332991;1.33361192;1.33390784;1.3348464;1.33567224;1.33613867;1.33654876;1.33853706;1.33890697;1.33923381;1.33926163;1.34019306;1.34074013;1.34107617;1.34199468;1.34234165;1.34289679;1.34339807;1.34465007;1.34465007;1.34603438;1.34800796;1.34820736;1.34996613;1.35006262;1.35070724;1.35187957;1.35376303;1.35405708;1.35406296;1.35415495;1.3571141;1.35793347;1.35985098;1.36088249;1.36121515;1.3615401;1.36354369;1.36357043;1.3662629;1.36713537;1.36726878;1.3675748;1.36786678;1.36786678;1.37164397;1.37233085;1.37261029;1.37518914;1.37528326;1.37602204;1.37671882;1.37751984;1.38086394;1.38102146;1.38112038;1.38225616;1.38261354;1.38268348;1.38369465;1.38418192;1.3856195;1.3856195;1.38660034;1.38665438;1.38671991;1.38789107;1.38842809;1.3891921;1.38994192;1.39004108;1.39074246;1.39241014;1.39281549;1.39316581;1.3931922;1.39429346;1.39447445;1.39452662;1.39479915;1.39483312;1.39574222;1.39637813;1.39670934;1.39814502;1.39839136;1.39951823;1.40170927;1.40238607;1.40393186;1.40437151;1.40444979;1.40451962;1.40451962;1.40551136;1.40551136;1.40603471;1.40819824;1.41061508;1.41065072;1.41065072;1.41107806;1.41506776;1.41695108;1.41833471;1.41833471;1.41835583;1.41984289;1.42244661;1.42353125;1.42355572;1.42393019;1.42608991;1.42834771;1.42878579;1.42953385;1.42953385;1.42968367;1.4306446;1.43130973;1.43236643;1.43270729;1.43326417;1.43363625;1.43445408;1.43531418;1.43536627;1.43696037;1.43760371;1.43861637;1.44106748;1.441672;1.44412493;1.44428463;1.44467873;1.44545655;1.44561282;1.44618484;1.44711488;1.44960342;1.45148728;1.45215789;1.45245702;1.4567081;1.45741187;1.45851852;1.4596296;1.46110484;1.46646006;1.46703799;1.46723064;1.46977575;1.46990547;1.47110179;1.47129847;1.47310514;1.47345886;1.47371674;1.47562255;1.47756491;1.47862433;1.47986813;1.48150209;1.48153759;1.4816717;1.48231807;1.48279415;1.48317379;1.48384539;1.4839592;1.48492267;1.48581351;1.48626565;1.4869293;1.49317483;1.49564716;1.49728113;1.49750939;1.4981579;1.49915957;1.49934486;1.49946025;1.49964729;1.50019224;1.50183385;1.50299228;1.50369171;1.50451748;1.50451748;1.50510049;1.50664057;1.50709993;1.50956951;1.51091008;1.51145185;1.5127951;1.51379684;1.51742078;1.52089837;1.52106833;1.52260584;1.52675879;1.52679649;1.53139172;1.53205977;1.53717353;1.53764968;1.53890761;1.53894844;1.54385871;1.54663135;1.54800286;1.54805004;1.55065651;1.55140581;1.55441863;1.55591397;1.5607452;1.56295069;1.5675797;1.56827771;1.56866156;1.56918001;1.56932154;1.56961434;1.57187825;1.57371828;1.57471884;1.57614345;1.57668422;1.57770344;1.58027206;1.58132269;1.58252253;1.58583328;1.59099367;1.59101645;1.59176152;1.59228564;1.59422315;1.59599927;1.59781997;1.59846791;1.59953812;1.60583501;1.60744642;1.61792091;1.61971909;1.62367968;1.62429261;1.63062618;1.632772;1.63524706;1.63570041;1.63673808;1.64105868;1.64732673;1.65563068;1.65577946;1.66117539;1.66204988;1.66435212;1.66464526;1.66788386;1.66894906;1.67213751;1.67837322;1.6825021;1.68295368;1.68824825;1.69255597;1.70135171;1.70755203;1.71257668;1.71422238;1.72008797;1.72332994;1.72384049;1.72529029;1.72835528;1.72930195;1.73048297;1.73243868;1.733382;1.74215473;1.74430678;1.75593343;1.75593343;1.75720061;1.75720061;1.76307404;1.7652939;1.76714611;1.77146315;1.77821357;1.79763883;1.80698015;1.80843915;1.81423364;1.81990287;1.82624776;1.84378369;1.84428206;1.85403631;1.8565745;1.85853799;1.86030943;1.86364346;1.8725328;1.87256047;1.89767276;1.90271838;1.9225086;1.93463759;1.93496764;1.94490896;1.96073979;1.99371275;1.99770175;2.00162162;2.0209259;2.02661341;2.03226534;2.0483919;2.08209249;2.08439721;2.10162485;2.10167973;2.24506793;2.24586252;2.25603721;2.28567044;2.28957289;2.29648639;2.34851622;2.36731392;2.37517882;2.40287469;2.47342152;2.48845132;2.5043513;2.7052869;2.71428185;2.76624814;2.78651124;2.88064221;2.9238631",1.00653276786345,"2026-08-09 21:51:52"
"vowels","SUN-MCCD","ascend",1452,12,0.978260869565217,0.562588904694168,0.770424887129693,0.266587677725118,660,1,"28;50;51;52;53;54;55;61;62;71;72;73;74;89;168;214;215;216;217;218;219;220;221;222;223;224;225;226;227;228;229;230;231;417;418;524;525;526;527;528;529;530;531;532;533;534;535;536;537;538;539;540;541;542;543;547;548;549;550;551;552;553;554;555;556;557;558;559;560;561;562;563;564;565;566;567;568;569;570;571;572;573;574;575;576;577;578;579;580;581;582;583;584;585;586;587;588;589;590;591;592;593;594;595;596;597;598;599;600;601;602;603;604;605;606;607;608;609;610;611;612;613;614;615;616;617;618;619;620;621;622;623;624;625;626;627;628;629;630;631;632;633;634;635;636;637;638;639;640;641;642;643;644;645;646;647;648;649;650;651;652;653;654;655;656;657;658;659;660;661;662;663;664;665;666;667;668;669;670;671;672;673;674;675;676;677;678;679;680;681;682;683;684;685;686;687;688;689;690;691;692;693;694;695;696;697;698;699;700;701;702;703;704;705;706;707;708;709;710;711;712;713;714;715;716;717;718;719;720;721;722;723;724;725;726;727;728;729;730;731;732;733;734;735;736;737;738;739;740;741;742;743;744;745;746;747;748;749;750;751;752;753;754;755;756;757;758;759;760;761;762;763;764;765;766;767;768;769;770;771;772;773;774;775;776;777;778;779;780;781;782;783;784;785;786;787;788;789;790;791;792;793;794;795;796;797;798;799;800;801;802;803;804;805;806;807;808;809;810;811;812;813;814;815;816;817;818;819;820;821;822;823;824;825;826;827;828;829;830;831;832;833;834;835;836;837;840;841;842;843;844;845;846;847;848;849;850;851;852;853;854;855;856;857;858;859;860;861;862;863;864;865;866;867;868;869;870;871;872;873;874;875;876;877;878;879;880;881;882;883;884;885;886;887;888;889;890;891;892;893;894;895;896;897;898;899;900;901;902;903;904;905;906;907;908;909;910;911;912;913;914;915;916;917;918;919;920;921;922;923;924;925;926;927;928;929;930;931;932;933;934;935;936;937;938;939;940;941;942;943;944;945;946;947;948;949;950;951;952;953;954;955;956;957;958;959;960;961;962;963;964;965;966;967;968;969;970;971;972;973;974;975;976;977;978;979;980;981;982;983;984;985;986;987;988;989;990;991;992;993;994;995;996;997;998;999;1000;1001;1002;1003;1004;1005;1006;1007;1008;1009;1010;1011;1012;1013;1014;1015;1016;1017;1018;1019;1020;1021;1022;1023;1024;1025;1026;1027;1028;1029;1030;1031;1032;1033;1034;1035;1036;1037;1038;1040;1041;1042;1043;1044;1045;1046;1047;1048;1049;1050;1051;1052;1053;1054;1055;1056;1057;1058;1060;1061;1062;1084;1085;1086;1095;1096;1097;1098;1099;1100;1111;1112;1157;1158;1159;1160;1161;1162;1163;1164;1165;1166;1216;1269;1270;1291;1292;1293;1294;1295;1296;1297;1312;1313;1323;1325;1326;1336;1337;1363;1364;1365;1366;1378;1379;1380;1391;1392;1402;1407;1408;1409;1410;1411;1412;1413;1414;1415;1416;1417;1418;1419;1420;1421;1422;1423;1424;1425;1426;1427;1428;1429;1430;1432;1433;1434;1435;1436;1437;1438;1439;1440;1441;1442;1443;1444;1445;1446;1447;1448;1449;1450;1451;1452",13.7511928081512,"ok",NA,1,"ascend","0;0;0;0;0;0;0;0;0;0;0;0;0;0;0;0;0;0;0;0;0;0;0;0;0;0;0;0;0;0;0;0;0;0;0;0;0;0;0;0;0;0;0;0;0;0;0;0;0;0;0;0;0;0;0;0;0;0;0;0;0;0;0;0;0;0;0;0;0;0;0;0;0;0;0;0;0;0;0;0;0;0;0;0;0;0;0;0;0;0;0;0;0;0;0;0;0;0;0;0;0;0;0;0;0;0;0;0;0;0;0;0;0;0;0;0;0;0;0;0;0;0;0;0;0;0;0;0;0;0;0;0;0;0;0;0;0;0;0;0;0;0;0;0;0;0;0;0;0;0;0;0;0;0;0;0;0;0;0;0;0;0;0;0;0;0;0;0;0;0;0;0;0;0;0;0;0;0;0;0;0;0;0;0;0;0;0;0;0;0;0;0;0;0;0;0.31879751;0.32452946;0.37213691;0.37348046;0.38311396;0.3914867;0.40499284;0.41130078;0.41597368;0.41691118;0.41840678;0.45902801;0.45902801;0.4630072;0.46665747;0.47356499;0.47883063;0.48714036;0.51420786;0.51420786;0.52432377;0.53080059;0.53080059;0.53453895;0.54166021;0.54166021;0.55180583;0.55373408;0.55882319;0.55901667;0.56086326;0.56087207;0.56163656;0.57120208;0.57148344;0.57611341;0.57611341;0.58043625;0.58074392;0.58074392;0.58347421;0.58503366;0.58721335;0.59097846;0.59608795;0.59624589;0.60911707;0.6092592;0.61064359;0.61279838;0.61865386;0.61992557;0.62285344;0.62414892;0.63544148;0.64197896;0.64788629;0.65052739;0.65194692;0.65194692;0.65615443;0.65744367;0.65744367;0.65967343;0.66124173;0.66124173;0.66686657;0.67788383;0.68053223;0.68053223;0.68111464;0.68120691;0.68157631;0.6820028;0.68213523;0.68954128;0.69006355;0.69158764;0.69482238;0.69559953;0.69729702;0.69729702;0.70504095;0.70731879;0.70890744;0.71539211;0.7214463;0.72154088;0.72200447;0.72205259;0.72235918;0.72265776;0.72265776;0.72345241;0.72615243;0.72764415;0.72773316;0.72773316;0.72908168;0.72937023;0.72971066;0.7298762;0.73280015;0.73438341;0.73957133;0.74084142;0.74138338;0.74336088;0.74531928;0.74531928;0.75102646;0.75173646;0.75239302;0.75396205;0.75633803;0.75742768;0.75748022;0.76182523;0.76367474;0.76367474;0.76476636;0.7648452;0.76677244;0.76806544;0.77116598;0.77120332;0.77425612;0.7745616;0.77479344;0.77753085;0.77799671;0.77946768;0.77963828;0.78031383;0.78068405;0.78246926;0.78300126;0.78324894;0.78354754;0.78376798;0.78572881;0.78629431;0.78698424;0.78722553;0.78722553;0.78728693;0.78919647;0.79203817;0.79293351;0.79314438;0.79553892;0.79820398;0.79826356;0.79826356;0.79909991;0.7992244;0.79977208;0.8008945;0.80292877;0.80718081;0.80718081;0.80726261;0.80789326;0.80879641;0.80879641;0.81236983;0.81255133;0.81281891;0.81437045;0.81532905;0.81532905;0.81592233;0.81874035;0.81993317;0.82078511;0.82108325;0.82302352;0.82587103;0.82715411;0.82715411;0.82731588;0.82771288;0.82908809;0.82973075;0.83010489;0.83030652;0.83088136;0.83233971;0.83264361;0.83327776;0.83500654;0.83572761;0.83574108;0.83599473;0.83599473;0.83648321;0.83655815;0.83785077;0.83785077;0.83917794;0.83979516;0.8408533;0.84110075;0.84154289;0.84357257;0.84424243;0.84447413;0.84504612;0.84552753;0.84553739;0.84553739;0.84858941;0.8497051;0.84998306;0.850071;0.85014261;0.85014261;0.85142474;0.85142474;0.85218576;0.8540184;0.8540184;0.85413936;0.85415284;0.85421671;0.85561849;0.8558232;0.85595107;0.8561701;0.86042469;0.86063568;0.86183719;0.86200164;0.86249952;0.86249952;0.86276195;0.86683364;0.86687944;0.86730952;0.86730952;0.86817663;0.86817663;0.86910284;0.86976886;0.86982229;0.87200316;0.87200316;0.87276403;0.87283401;0.87301659;0.87457405;0.87578461;0.878012;0.87991856;0.88061487;0.88214078;0.88226033;0.88413606;0.88444854;0.88457051;0.88509608;0.88522677;0.88614027;0.88626996;0.88663784;0.88716139;0.887556;0.887556;0.88805235;0.890379;0.89283019;0.892863;0.89316142;0.89374704;0.89541095;0.89594342;0.89594714;0.8959786;0.89634033;0.89663643;0.89931423;0.90106227;0.90289965;0.90290467;0.90314765;0.90334953;0.90505004;0.90505004;0.90519628;0.90608808;0.9072797;0.9072797;0.90779008;0.90782382;0.90855235;0.91189114;0.91209284;0.91263158;0.91397773;0.9140968;0.91415871;0.9159436;0.91651235;0.91695483;0.91770024;0.91926489;0.92050055;0.92068094;0.92086708;0.92095752;0.92098743;0.922601;0.92498704;0.92565071;0.92583363;0.92652541;0.9268618;0.92695717;0.92755709;0.92774886;0.92824918;0.92874402;0.92972407;0.93043203;0.93131781;0.93132388;0.93184784;0.93192957;0.93196952;0.93196952;0.93310356;0.93433;0.93467439;0.93560953;0.93594498;0.93736352;0.9400455;0.94013415;0.94069548;0.94194184;0.9422945;0.94256042;0.94301676;0.94455429;0.94458152;0.945407;0.94604857;0.94605321;0.9461305;0.9461305;0.94614886;0.94848042;0.95213974;0.95291301;0.95373621;0.95373621;0.95384252;0.95514278;0.95533184;0.95686809;0.95688092;0.95688092;0.95728378;0.95728378;0.95832249;0.95832956;0.95939382;0.95973281;0.95974818;0.96030605;0.96129056;0.96444935;0.96517094;0.96663165;0.96804474;0.96847667;0.96869803;0.96956022;0.97299514;0.97341617;0.97343093;0.97414855;0.97562812;0.97748782;0.97748782;0.97795672;0.97795672;0.97860094;0.97880327;0.97994078;0.97997655;0.98011242;0.98130939;0.98209712;0.98209712;0.98234717;0.98311134;0.98408335;0.98456865;0.98456865;0.98515684;0.98662488;0.98699577;0.98704112;0.98755952;0.98880338;0.98943356;0.99006152;0.99027051;0.99054139;0.99112007;0.99194581;0.9936564;0.99543188;0.99591;0.9966311;0.9966311;0.9970564;0.99715438;0.99772478;0.99772478;0.99792961;0.9989813;0.99948062;1.00059465;1.00059465;1.00125536;1.00239739;1.00351731;1.00354724;1.00354724;1.0054914;1.0054914;1.00633414;1.00641025;1.00656968;1.00775658;1.00946151;1.00973686;1.01095438;1.01154081;1.01160532;1.01190954;1.01234078;1.01269078;1.01281483;1.01329619;1.01562593;1.01763619;1.01844479;1.01889978;1.01951138;1.01978302;1.02187151;1.0223293;1.02268365;1.02280417;1.02339787;1.02339787;1.02465223;1.02563963;1.02771044;1.02814848;1.02919812;1.02962851;1.03038961;1.03057692;1.03059313;1.03059313;1.03241765;1.03269694;1.03321026;1.03349156;1.03455117;1.03465985;1.03615089;1.03705374;1.04017879;1.04054509;1.0405735;1.0429034;1.04391019;1.04422458;1.04474858;1.04474858;1.04634216;1.04820332;1.04887309;1.05006939;1.05032585;1.05045212;1.05235248;1.05265388;1.05316585;1.05316585;1.05332224;1.05347932;1.05373244;1.05397971;1.05464509;1.05503636;1.05503636;1.05544202;1.05718867;1.05726841;1.05937779;1.05952501;1.0595807;1.06138397;1.06154229;1.06393792;1.06445075;1.06453048;1.06611469;1.06661376;1.06833638;1.06924213;1.06964782;1.0698439;1.07201697;1.07201697;1.07251999;1.07388251;1.07415706;1.07446059;1.07527214;1.07545876;1.07545876;1.07551602;1.07557044;1.07602222;1.07655155;1.0769057;1.07695594;1.07781771;1.07795166;1.08007121;1.08030667;1.08034711;1.08098111;1.08106714;1.08178979;1.08190677;1.08205734;1.08218324;1.08221241;1.08253526;1.08452576;1.08464571;1.08743222;1.08797893;1.08815933;1.08821626;1.09090133;1.0912057;1.09437353;1.09466593;1.09510399;1.09569449;1.09641536;1.09655424;1.09664167;1.09699316;1.09706785;1.09750773;1.09751834;1.09983659;1.10121534;1.10121534;1.10455956;1.10458811;1.10481478;1.10481478;1.10527116;1.10555533;1.10566887;1.10664177;1.106736;1.10726283;1.10729989;1.10732318;1.10770047;1.10782353;1.10847782;1.10867594;1.11061872;1.11120137;1.11272333;1.11295517;1.11502528;1.11512968;1.11651421;1.11674701;1.11681849;1.1184526;1.11872847;1.11889521;1.12006532;1.12113698;1.12264028;1.12366792;1.12425125;1.12534321;1.12540741;1.12550861;1.12572306;1.12590334;1.12664177;1.12675987;1.12704063;1.12738707;1.12738707;1.12764236;1.12790405;1.12790405;1.12879392;1.12954578;1.13372122;1.13389278;1.13433275;1.13524544;1.13527093;1.13570402;1.13576785;1.13576785;1.13586102;1.13625353;1.13669994;1.13751727;1.13971429;1.1399045;1.14076833;1.14099775;1.14207553;1.14207553;1.14257853;1.14363634;1.14416009;1.14436407;1.14491811;1.1456742;1.14627123;1.14655312;1.14699149;1.14768538;1.14774419;1.1479446;1.14813987;1.14813987;1.14845997;1.14926637;1.14931756;1.14990953;1.15076852;1.15079241;1.15191005;1.15191005;1.15191433;1.15236526;1.15236526;1.15242947;1.15283897;1.15378336;1.15406121;1.15406121;1.15697548;1.15742129;1.15774917;1.15853008;1.15988291;1.16040307;1.16151064;1.16157096;1.1616534;1.16188486;1.16273511;1.16400455;1.16409389;1.1646928;1.16547618;1.1656892;1.16576082;1.16588183;1.16612212;1.16779251;1.16883566;1.17025846;1.17117099;1.17273678;1.17409786;1.17430962;1.17450888;1.17467323;1.17593796;1.17627677;1.17660404;1.17774398;1.17778736;1.17809852;1.17897799;1.18172681;1.18172681;1.18272498;1.18300781;1.18302479;1.18321868;1.1842781;1.18606364;1.18683121;1.18705695;1.18707637;1.18758768;1.18767611;1.18822619;1.18944799;1.18960244;1.19048933;1.19096068;1.19181452;1.19181452;1.19332374;1.19435773;1.1944949;1.1946024;1.19562929;1.19676588;1.19739721;1.19849679;1.19962503;1.20191481;1.20304641;1.20383572;1.20568995;1.20678494;1.20705341;1.20854856;1.20854856;1.20912198;1.20912198;1.21080297;1.21143264;1.21273629;1.21277698;1.21333236;1.21488206;1.21503589;1.21591969;1.21600588;1.21754856;1.21856833;1.21989076;1.22040708;1.22152969;1.22155956;1.22168103;1.22168103;1.2255819;1.22569027;1.22704033;1.22800934;1.22812896;1.22830338;1.22834179;1.22887792;1.22887792;1.2292687;1.22986458;1.2299609;1.23051622;1.23084417;1.2318768;1.23436455;1.23529361;1.23533869;1.23578999;1.23660515;1.23791205;1.23800196;1.23800196;1.24075366;1.24100325;1.24221766;1.24221766;1.24238746;1.24356751;1.24558437;1.24674466;1.24748641;1.24748641;1.24788298;1.24788298;1.2486035;1.24892986;1.24911213;1.24956112;1.24956112;1.24968473;1.25038721;1.25149448;1.25331883;1.25331883;1.25437787;1.25498766;1.25618493;1.25651089;1.25658686;1.25696724;1.25722161;1.25785503;1.2590196;1.2591912;1.26139982;1.26143938;1.26143938;1.26284304;1.26316893;1.26316893;1.26337327;1.26388108;1.26466989;1.267198;1.26761934;1.26770299;1.26838949;1.26844067;1.27026438;1.27241119;1.27241119;1.27297765;1.27338695;1.27364892;1.27546001;1.27550177;1.27594889;1.27722335;1.27774778;1.2802061;1.28099222;1.28314727;1.28337001;1.28461177;1.28461177;1.284741;1.28487043;1.28605318;1.28614057;1.28658524;1.28857991;1.28950011;1.28977472;1.28985401;1.29367997;1.29479541;1.29523063;1.29547907;1.29553839;1.2964934;1.29669117;1.29670509;1.29707074;1.29709323;1.29763749;1.29785421;1.30119024;1.3015557;1.3015557;1.30205049;1.30461959;1.30535229;1.30615377;1.30662151;1.30751041;1.30815197;1.30866473;1.30943023;1.31007645;1.31250238;1.31250238;1.31419511;1.31419511;1.31513786;1.31579657;1.31580227;1.31605355;1.3162029;1.31676394;1.31696591;1.31817569;1.31949604;1.31949604;1.31983935;1.31983935;1.32123313;1.32210524;1.32230419;1.32337843;1.32353586;1.32353586;1.3252635;1.32571941;1.32580201;1.32745412;1.32866954;1.32871815;1.32874629;1.32890709;1.32921666;1.33101298;1.33184818;1.33210357;1.33332991;1.33361192;1.33390784;1.3348464;1.33567224;1.33613867;1.33654876;1.33853706;1.33890697;1.33923381;1.33926163;1.34019306;1.34074013;1.34107617;1.34199468;1.34234165;1.34289679;1.34339807;1.34465007;1.34465007;1.34603438;1.34800796;1.34820736;1.34996613;1.35006262;1.35070724;1.35187957;1.35376303;1.35405708;1.35406296;1.35415495;1.3571141;1.35793347;1.35985098;1.36088249;1.36121515;1.3615401;1.36354369;1.36357043;1.3662629;1.36713537;1.36726878;1.3675748;1.36786678;1.36786678;1.37164397;1.37233085;1.37261029;1.37518914;1.37528326;1.37602204;1.37671882;1.37751984;1.38086394;1.38102146;1.38112038;1.38225616;1.38261354;1.38268348;1.38369465;1.38418192;1.3856195;1.3856195;1.38660034;1.38665438;1.38671991;1.38789107;1.38842809;1.3891921;1.38994192;1.39004108;1.39074246;1.39241014;1.39281549;1.39316581;1.3931922;1.39429346;1.39447445;1.39452662;1.39479915;1.39483312;1.39574222;1.39637813;1.39670934;1.39814502;1.39839136;1.39951823;1.40170927;1.40238607;1.40393186;1.40437151;1.40444979;1.40451962;1.40451962;1.40551136;1.40551136;1.40603471;1.40819824;1.41061508;1.41065072;1.41065072;1.41107806;1.41506776;1.41695108;1.41833471;1.41833471;1.41835583;1.41984289;1.42244661;1.42353125;1.42355572;1.42393019;1.42608991;1.42834771;1.42878579;1.42953385;1.42953385;1.42968367;1.4306446;1.43130973;1.43236643;1.43270729;1.43326417;1.43363625;1.43445408;1.43531418;1.43536627;1.43696037;1.43760371;1.43861637;1.44106748;1.441672;1.44412493;1.44428463;1.44467873;1.44545655;1.44561282;1.44618484;1.44711488;1.44960342;1.45148728;1.45215789;1.45245702;1.4567081;1.45741187;1.45851852;1.4596296;1.46110484;1.46646006;1.46703799;1.46723064;1.46977575;1.46990547;1.47110179;1.47129847;1.47310514;1.47345886;1.47371674;1.47562255;1.47756491;1.47862433;1.47986813;1.48150209;1.48153759;1.4816717;1.48231807;1.48279415;1.48317379;1.48384539;1.4839592;1.48492267;1.48581351;1.48626565;1.4869293;1.49317483;1.49564716;1.49728113;1.49750939;1.4981579;1.49915957;1.49934486;1.49946025;1.49964729;1.50019224;1.50183385;1.50299228;1.50369171;1.50451748;1.50451748;1.50510049;1.50664057;1.50709993;1.50956951;1.51091008;1.51145185;1.5127951;1.51379684;1.51742078;1.52089837;1.52106833;1.52260584;1.52675879;1.52679649;1.53139172;1.53205977;1.53717353;1.53764968;1.53890761;1.53894844;1.54385871;1.54663135;1.54800286;1.54805004;1.55065651;1.55140581;1.55441863;1.55591397;1.5607452;1.56295069;1.5675797;1.56827771;1.56866156;1.56918001;1.56932154;1.56961434;1.57187825;1.57371828;1.57471884;1.57614345;1.57668422;1.57770344;1.58027206;1.58132269;1.58252253;1.58583328;1.59099367;1.59101645;1.59176152;1.59228564;1.59422315;1.59599927;1.59781997;1.59846791;1.59953812;1.60583501;1.60744642;1.61792091;1.61971909;1.62367968;1.62429261;1.63062618;1.632772;1.63524706;1.63570041;1.63673808;1.64105868;1.64732673;1.65563068;1.65577946;1.66117539;1.66204988;1.66435212;1.66464526;1.66788386;1.66894906;1.67213751;1.67837322;1.6825021;1.68295368;1.68824825;1.69255597;1.70135171;1.70755203;1.71257668;1.71422238;1.72008797;1.72332994;1.72384049;1.72529029;1.72835528;1.72930195;1.73048297;1.73243868;1.733382;1.74215473;1.74430678;1.75593343;1.75593343;1.75720061;1.75720061;1.76307404;1.7652939;1.76714611;1.77146315;1.77821357;1.79763883;1.80698015;1.80843915;1.81423364;1.81990287;1.82624776;1.84378369;1.84428206;1.85403631;1.8565745;1.85853799;1.86030943;1.86364346;1.8725328;1.87256047;1.89767276;1.90271838;1.9225086;1.93463759;1.93496764;1.94490896;1.96073979;1.99371275;1.99770175;2.00162162;2.0209259;2.02661341;2.03226534;2.0483919;2.08209249;2.08439721;2.10162485;2.10167973;2.24506793;2.24586252;2.25603721;2.28567044;2.28957289;2.29648639;2.34851622;2.36731392;2.37517882;2.40287469;2.47342152;2.48845132;2.5043513;2.7052869;2.71428185;2.76624814;2.78651124;2.88064221;2.9238631",1.00653276786345,"2026-08-09 21:52:06"
"PenDigits","UN-MCCD","ascend",3200,16,1,0.103459119496855,0.551729559748428,0.0338868180277872,2871,2,"1;2;3;4;5;6;7;8;10;11;12;13;14;15;16;17;19;21;22;24;25;26;27;28;29;30;31;32;33;34;35;36;37;39;40;41;42;43;44;45;46;47;48;49;50;52;53;54;55;56;57;58;59;60;61;62;63;64;65;66;67;69;70;71;72;73;74;75;76;77;78;79;80;82;83;84;85;86;87;88;89;90;91;92;93;94;95;96;97;98;99;101;102;103;104;106;107;108;109;110;111;112;113;114;115;116;117;118;119;120;121;122;123;124;125;126;127;128;129;131;132;133;134;135;136;137;138;139;140;141;142;143;144;146;147;148;149;150;151;152;153;154;155;156;157;158;159;160;161;162;163;164;165;166;167;168;169;171;172;173;174;175;176;177;178;179;180;181;182;183;184;186;187;188;189;190;191;192;193;194;196;197;198;199;200;201;202;203;204;205;207;209;210;211;212;213;214;216;217;218;221;222;223;224;225;226;228;229;230;231;232;233;234;235;237;238;239;240;241;242;243;244;245;247;248;249;250;251;252;253;254;258;259;260;261;262;263;264;265;266;267;268;269;270;271;272;273;274;275;277;278;280;281;282;283;285;286;287;288;289;290;291;292;293;294;295;296;297;298;299;300;301;303;304;305;306;307;308;309;310;311;312;313;314;315;316;317;318;319;320;322;323;324;325;326;327;329;330;331;332;333;334;335;336;337;338;340;341;342;343;344;345;346;347;348;349;350;351;352;354;355;356;357;358;359;360;361;362;363;364;365;366;367;368;369;370;371;373;374;375;376;377;378;380;382;383;384;385;386;387;388;389;391;392;393;394;395;396;397;398;399;400;401;402;404;406;407;408;409;412;413;414;415;416;417;418;419;420;421;422;423;424;425;426;427;428;429;430;431;432;433;434;435;436;437;438;439;440;441;442;443;444;445;446;447;448;449;450;451;452;453;454;456;457;458;459;461;462;463;464;465;466;467;470;471;472;473;474;475;476;477;478;479;480;481;482;483;484;485;487;488;490;491;492;493;494;495;496;497;498;499;500;501;502;503;504;505;506;507;508;509;510;511;512;513;514;515;516;517;518;519;521;522;523;524;526;527;528;529;530;531;532;534;535;536;537;539;540;541;542;543;545;546;547;548;550;551;552;553;554;555;556;557;558;559;560;561;565;566;567;568;569;571;572;573;575;576;577;578;579;580;582;583;584;585;586;587;588;589;590;591;592;593;594;595;596;597;598;600;601;603;604;605;606;607;608;609;610;611;612;613;615;616;617;618;619;620;621;623;624;625;626;627;628;629;630;631;632;633;634;635;636;637;638;639;641;642;643;644;645;647;648;649;650;651;652;653;654;656;657;659;660;661;662;663;664;665;666;667;668;669;670;671;672;673;675;676;677;678;679;681;682;683;684;685;686;687;688;689;690;691;693;694;695;696;698;699;700;701;702;703;705;706;707;708;709;710;711;712;713;714;715;716;717;718;719;721;722;723;724;725;726;727;729;731;732;733;735;736;737;738;739;740;741;742;743;744;745;746;747;748;750;751;753;754;755;756;757;758;759;760;761;762;763;764;766;767;768;769;770;771;772;773;774;775;776;777;778;779;780;781;783;784;785;786;788;789;790;791;792;793;794;795;796;798;799;800;801;802;803;805;806;807;808;809;810;811;812;813;814;815;816;817;818;819;820;821;823;825;826;827;828;829;830;831;832;833;834;835;836;837;839;840;841;842;843;844;845;846;847;848;849;850;852;853;854;856;857;858;859;861;862;863;864;865;866;867;868;869;870;871;872;873;875;876;877;879;880;881;882;884;885;886;887;888;889;890;891;893;894;895;896;897;898;899;900;901;902;903;904;905;906;907;908;909;910;912;913;914;916;917;918;919;920;921;922;923;924;925;926;927;928;929;930;931;932;933;934;935;936;937;938;939;940;941;942;943;944;947;948;949;952;953;954;955;956;957;958;960;961;962;963;964;965;966;968;970;971;972;974;975;976;977;978;979;980;981;982;983;984;985;986;987;988;990;991;992;993;994;995;996;997;998;999;1000;1001;1003;1004;1005;1006;1007;1008;1009;1010;1011;1012;1013;1014;1015;1017;1018;1019;1020;1021;1022;1023;1025;1026;1027;1028;1029;1030;1031;1032;1033;1034;1035;1036;1037;1038;1039;1040;1041;1042;1043;1044;1045;1046;1047;1048;1049;1050;1051;1052;1053;1054;1056;1057;1058;1059;1060;1061;1063;1064;1065;1066;1067;1068;1069;1070;1071;1072;1073;1074;1075;1076;1077;1078;1079;1080;1081;1082;1083;1084;1085;1086;1087;1089;1090;1091;1092;1093;1094;1096;1097;1098;1099;1100;1101;1102;1104;1107;1108;1109;1110;1111;1112;1113;1114;1115;1116;1117;1118;1119;1120;1121;1122;1123;1124;1125;1126;1127;1129;1130;1131;1132;1133;1134;1135;1136;1137;1139;1140;1141;1142;1143;1144;1145;1146;1147;1148;1151;1152;1153;1154;1155;1156;1157;1158;1159;1160;1161;1162;1163;1164;1165;1166;1167;1168;1169;1170;1171;1172;1173;1174;1175;1176;1177;1179;1181;1182;1183;1184;1185;1186;1188;1189;1190;1191;1192;1193;1194;1195;1196;1198;1199;1200;1201;1202;1203;1204;1205;1206;1207;1208;1209;1210;1211;1212;1213;1214;1215;1216;1217;1218;1219;1221;1222;1223;1224;1225;1226;1227;1228;1229;1230;1235;1236;1237;1239;1240;1241;1242;1243;1244;1245;1246;1247;1248;1249;1250;1251;1252;1253;1254;1255;1256;1258;1260;1261;1262;1263;1264;1265;1266;1267;1269;1270;1272;1273;1274;1275;1276;1277;1278;1279;1280;1281;1282;1283;1284;1285;1286;1287;1288;1289;1290;1291;1292;1293;1294;1295;1296;1297;1298;1299;1301;1302;1303;1304;1305;1306;1307;1308;1309;1310;1311;1312;1313;1314;1315;1316;1317;1318;1319;1320;1322;1323;1324;1325;1326;1327;1328;1329;1330;1332;1333;1334;1335;1336;1337;1339;1340;1341;1342;1343;1345;1346;1348;1349;1350;1351;1352;1355;1356;1357;1358;1359;1360;1361;1362;1363;1364;1365;1366;1367;1368;1370;1371;1372;1373;1374;1375;1376;1377;1378;1379;1380;1381;1383;1384;1389;1390;1391;1392;1393;1394;1395;1396;1397;1398;1399;1400;1401;1402;1403;1404;1405;1406;1407;1408;1409;1411;1412;1414;1415;1416;1417;1418;1419;1420;1421;1422;1423;1424;1427;1428;1429;1430;1431;1432;1433;1434;1435;1436;1437;1438;1439;1440;1441;1442;1443;1444;1445;1446;1447;1448;1449;1450;1451;1452;1454;1455;1456;1458;1459;1461;1462;1463;1464;1465;1466;1467;1468;1469;1470;1473;1474;1475;1476;1477;1478;1479;1480;1481;1482;1483;1484;1485;1486;1487;1488;1489;1490;1491;1492;1494;1495;1496;1497;1498;1499;1500;1501;1502;1503;1504;1505;1506;1507;1508;1510;1511;1512;1513;1514;1515;1516;1517;1518;1519;1520;1521;1522;1523;1524;1525;1526;1527;1528;1529;1530;1531;1532;1533;1536;1537;1538;1539;1540;1541;1542;1543;1544;1545;1546;1547;1548;1550;1551;1552;1553;1554;1555;1556;1557;1558;1559;1561;1562;1563;1564;1565;1566;1567;1568;1569;1570;1571;1573;1574;1575;1576;1577;1578;1579;1580;1581;1582;1583;1584;1585;1586;1587;1588;1589;1590;1591;1592;1593;1594;1595;1596;1597;1598;1599;1600;1601;1603;1604;1605;1606;1607;1608;1609;1611;1612;1613;1614;1616;1617;1618;1620;1621;1622;1623;1624;1625;1626;1627;1628;1629;1630;1631;1632;1633;1634;1635;1636;1637;1638;1639;1640;1641;1643;1645;1646;1647;1648;1649;1650;1651;1653;1654;1655;1656;1657;1658;1659;1660;1661;1662;1663;1664;1667;1668;1670;1671;1672;1673;1674;1675;1676;1677;1678;1679;1681;1683;1684;1685;1686;1687;1688;1689;1690;1691;1692;1693;1694;1695;1696;1697;1698;1699;1700;1701;1702;1703;1704;1705;1706;1707;1708;1709;1710;1711;1712;1713;1714;1715;1716;1717;1718;1719;1720;1721;1722;1723;1724;1725;1726;1727;1728;1729;1730;1731;1732;1733;1734;1735;1736;1737;1738;1740;1741;1742;1743;1744;1745;1746;1747;1749;1750;1752;1754;1755;1756;1757;1758;1759;1760;1762;1763;1764;1765;1766;1767;1768;1769;1770;1771;1772;1773;1774;1775;1776;1777;1778;1779;1780;1781;1782;1783;1784;1785;1786;1787;1788;1789;1790;1791;1792;1793;1794;1795;1797;1798;1799;1801;1802;1803;1804;1805;1806;1807;1808;1810;1811;1812;1813;1814;1815;1817;1819;1821;1822;1823;1824;1825;1826;1828;1829;1830;1831;1832;1833;1834;1835;1836;1837;1838;1839;1840;1841;1842;1843;1844;1845;1846;1847;1849;1850;1851;1852;1853;1854;1855;1856;1857;1858;1859;1860;1861;1862;1863;1864;1865;1866;1867;1868;1869;1870;1871;1872;1873;1874;1875;1876;1877;1878;1879;1880;1881;1882;1883;1884;1886;1887;1888;1889;1890;1891;1892;1893;1894;1896;1897;1898;1899;1901;1902;1903;1904;1905;1907;1908;1909;1910;1911;1912;1913;1914;1915;1916;1918;1919;1920;1921;1922;1923;1924;1925;1926;1928;1930;1931;1932;1933;1934;1935;1937;1938;1939;1940;1941;1942;1943;1944;1945;1946;1947;1948;1949;1950;1951;1952;1953;1954;1956;1957;1958;1959;1960;1961;1962;1963;1964;1965;1966;1967;1968;1969;1970;1971;1972;1973;1974;1975;1977;1978;1980;1981;1984;1985;1986;1987;1988;1989;1990;1991;1992;1993;1995;1996;1997;1999;2000;2001;2002;2003;2004;2005;2006;2007;2008;2009;2011;2012;2013;2014;2015;2016;2017;2018;2019;2020;2021;2022;2023;2024;2026;2027;2028;2029;2030;2031;2032;2034;2036;2037;2038;2039;2040;2042;2043;2044;2045;2046;2047;2048;2049;2050;2053;2055;2056;2057;2058;2059;2060;2061;2062;2063;2064;2065;2066;2067;2068;2069;2070;2071;2072;2073;2074;2075;2077;2078;2079;2081;2082;2084;2086;2087;2088;2089;2090;2091;2092;2093;2094;2095;2096;2097;2098;2099;2100;2101;2102;2103;2104;2106;2109;2111;2112;2113;2114;2116;2117;2118;2119;2120;2121;2122;2123;2124;2125;2126;2127;2129;2130;2131;2132;2133;2134;2135;2136;2137;2138;2139;2140;2141;2142;2143;2144;2145;2146;2147;2148;2149;2150;2151;2152;2153;2154;2155;2156;2157;2158;2159;2160;2161;2162;2163;2164;2165;2166;2167;2168;2169;2170;2171;2172;2173;2174;2176;2177;2178;2179;2181;2182;2183;2186;2187;2188;2190;2191;2192;2193;2194;2195;2196;2197;2198;2199;2200;2201;2202;2203;2204;2205;2207;2208;2209;2210;2211;2212;2213;2214;2215;2216;2217;2218;2219;2220;2221;2222;2223;2224;2225;2226;2227;2228;2229;2230;2231;2232;2233;2234;2235;2236;2237;2238;2239;2240;2241;2242;2243;2244;2245;2246;2247;2250;2251;2252;2253;2254;2255;2256;2257;2258;2259;2261;2262;2263;2264;2265;2266;2267;2270;2272;2273;2274;2275;2276;2277;2278;2279;2281;2283;2284;2285;2286;2288;2289;2290;2291;2292;2293;2294;2295;2296;2297;2298;2299;2300;2301;2302;2304;2305;2306;2307;2308;2309;2310;2311;2312;2313;2314;2315;2316;2318;2319;2322;2323;2324;2325;2326;2327;2328;2329;2330;2331;2332;2333;2334;2335;2336;2337;2338;2339;2340;2341;2342;2343;2344;2345;2346;2347;2348;2349;2350;2352;2353;2354;2355;2356;2357;2358;2359;2360;2361;2362;2363;2365;2366;2367;2368;2369;2370;2371;2373;2374;2375;2376;2378;2379;2380;2381;2382;2383;2386;2388;2390;2391;2392;2393;2394;2395;2396;2397;2399;2400;2401;2403;2404;2406;2407;2408;2409;2410;2411;2412;2413;2414;2415;2416;2418;2419;2420;2422;2423;2424;2425;2426;2427;2428;2429;2430;2431;2432;2433;2434;2435;2436;2438;2439;2440;2442;2443;2444;2445;2446;2447;2448;2449;2450;2451;2452;2453;2454;2455;2456;2457;2458;2459;2460;2462;2463;2464;2465;2467;2468;2469;2470;2471;2472;2473;2474;2475;2476;2477;2479;2481;2482;2483;2484;2485;2486;2487;2488;2490;2491;2492;2493;2495;2497;2498;2499;2500;2501;2502;2503;2504;2505;2506;2507;2508;2509;2510;2511;2512;2513;2514;2515;2516;2518;2519;2520;2521;2522;2523;2524;2525;2526;2527;2529;2530;2531;2532;2533;2534;2535;2536;2537;2538;2539;2540;2541;2542;2543;2544;2545;2546;2547;2548;2549;2550;2552;2553;2554;2556;2557;2558;2559;2560;2561;2562;2563;2565;2566;2567;2568;2569;2571;2572;2573;2574;2575;2576;2577;2578;2580;2581;2582;2583;2584;2585;2586;2587;2588;2590;2591;2592;2593;2594;2595;2596;2597;2598;2599;2600;2601;2602;2603;2604;2605;2606;2607;2608;2609;2610;2611;2612;2613;2614;2615;2616;2617;2618;2619;2620;2621;2622;2624;2625;2626;2627;2628;2629;2630;2631;2632;2633;2634;2635;2636;2637;2638;2639;2641;2643;2644;2645;2646;2647;2648;2650;2651;2652;2653;2654;2655;2656;2657;2658;2659;2660;2662;2663;2664;2665;2666;2667;2668;2669;2671;2672;2673;2674;2675;2676;2677;2678;2679;2680;2681;2682;2683;2684;2685;2686;2687;2688;2689;2691;2692;2693;2694;2695;2696;2697;2698;2701;2702;2703;2704;2705;2706;2707;2708;2709;2710;2711;2712;2713;2714;2715;2716;2717;2718;2719;2720;2722;2723;2724;2725;2726;2727;2728;2729;2730;2732;2733;2734;2736;2737;2738;2739;2740;2741;2742;2744;2745;2746;2747;2748;2749;2750;2751;2753;2754;2755;2756;2758;2759;2760;2762;2763;2764;2765;2766;2767;2768;2770;2771;2772;2773;2774;2776;2777;2778;2779;2780;2781;2782;2783;2784;2785;2786;2787;2788;2789;2790;2791;2792;2793;2794;2795;2796;2797;2798;2799;2800;2801;2802;2803;2804;2805;2806;2807;2809;2810;2811;2812;2813;2814;2815;2816;2817;2818;2819;2820;2821;2822;2825;2826;2827;2828;2829;2830;2831;2833;2834;2835;2836;2837;2838;2839;2840;2841;2843;2844;2845;2846;2848;2849;2850;2851;2852;2853;2854;2855;2856;2857;2858;2859;2860;2861;2862;2864;2865;2866;2867;2868;2869;2870;2871;2872;2873;2874;2875;2876;2877;2878;2881;2882;2884;2885;2886;2887;2888;2889;2890;2891;2892;2893;2894;2895;2896;2897;2899;2900;2901;2902;2903;2904;2905;2906;2907;2908;2909;2910;2912;2913;2914;2915;2917;2918;2919;2920;2921;2922;2923;2924;2925;2926;2927;2928;2929;2931;2932;2934;2935;2936;2937;2938;2939;2940;2941;2942;2943;2944;2945;2947;2948;2949;2950;2951;2952;2953;2954;2956;2957;2958;2959;2960;2961;2962;2963;2964;2965;2966;2967;2968;2969;2970;2971;2972;2973;2974;2975;2976;2977;2978;2980;2982;2983;2985;2986;2987;2988;2989;2990;2991;2992;2993;2995;2996;2997;2999;3000;3001;3002;3003;3004;3005;3006;3007;3008;3009;3010;3011;3012;3013;3014;3015;3016;3017;3018;3019;3022;3023;3024;3025;3026;3027;3029;3030;3031;3032;3034;3035;3036;3037;3038;3039;3040;3041;3042;3044;3045;3047;3048;3049;3050;3051;3052;3053;3054;3055;3056;3057;3058;3059;3060;3061;3062;3063;3064;3065;3066;3067;3068;3069;3071;3072;3073;3074;3075;3076;3077;3078;3079;3080;3081;3082;3083;3084;3086;3087;3090;3091;3092;3093;3094;3096;3097;3098;3099;3100;3101;3102;3103;3104;3105;3107;3109;3110;3111;3112;3113;3114;3115;3116;3117;3118;3119;3121;3122;3123;3124;3125;3126;3127;3128;3129;3130;3131;3132;3133;3134;3135;3136;3137;3139;3140;3141;3142;3143;3145;3146;3147;3148;3149;3150;3151;3154;3155;3156;3157;3158;3159;3160;3161;3162;3163;3164;3165;3166;3167;3168;3169;3170;3172;3173;3174;3175;3176;3177;3178;3179;3180;3181;3182;3183;3184;3185;3186;3187;3188;3189;3190;3191;3192;3193;3194;3195;3196;3197;3198;3199;3200",354.767719984055,"ok",NA,1,"ascend","0;0;0;0;0;0;0;0;0;0;0;0;0;0;0;0;0;0;0;0;0;0;0;0;0;0;0;0;0;0;0;0;0;0;0;0;0;0;0;0;0;0;0;0;0;0;0;0;0;0;0;0;0;0;0;0;0;0;0;0;0;0;0;0;0;0;0;0;0;0;0;0;0;0;0;0;0;0;0;0;0;0;0;0;0;0;0;0;0;0;0;0;0;0;0;0;0;0;0;0;0;0;0;0;0;0;0;0;0;0;0;0;0;0;0;0;0;0;0;0;0;0;0;0;0;0;0;0;0;0;0;0;0;0;0;0;0;0;0;0;0;0;0;0;0;0;0;0;0;0;0;0;0;0;0;0;0;0;0;0;0;0;0;0;0;0;0;0;0;0;0;0;0;0;0;0;0;0;0;0;0;0;0;0;0;0;0;0;0;0;0;0;0;0;0;0;0;0;0;0;0;0;0;0;0;0;0;0;0;0;0;0;0;0;0;0;0;0;0;0;0;0;0;0;0;0;0;0;0;0;0;0;0;0;0;0;0;0;0;0;0;0;0;0;0;0;0;0;0;0;0;0;0;0;0;0;0;0;0;0;0;0;0;0;0;0;0;0;0;0;0;0;0;0;0;0;0;0;0;0;0;0;0;0;0;0;0;0;0;0;0;0;0;0;0;0;0;0;0;0;0;0;0;0;0;0;0;0;0;0;0;0;0;0;0;0;0;0;0;0;0;0;0;0;0;0;0;0;0;0;0;0;0;0;0;0;0;0;0;0;0;0;0;0;0;0;0;0;0;0;0;0;0;0;0;0;0;0;0;0;0;0;0;0;0;0;0;0;0;0;0;0;0;0;0;0;0;0;0;0;0;0;0;0;0;0;0;0;0;0;0;0;0;0;0;0;0;0;0;0;0;0;0;0;0;0;0;0;0;0;0;0;0;0;0;0;0;0;0;0;0;0;0;0;0;0;0;0;0;0;0;0;0;0;0;0;0;0;0;0;0;0;0;0;0;0;0;0;0;0;0;0;0;0;0;0;0;0;0;0;0;0;0;0;0;0;0;0;0;0;0;0;0;0;0;0;0;0;0;0;0;0;0;0;0;0;0;0;0;0;0;0;0;0;0;0;0;0;0;0;0;0;0;0;0;0;0;0;0;0;0;0;0;0;0;0;0;0;0;0;0;0;0;0;0;0;0;0;0;0;0;0;0;0;0;0;0;0;0;0;0;0;0;0;0;0;0;0;0;0;0;0;0;0;0;0;0;0;0;0;0;0;0;0;0;0;0;0;0;0;0;0;0;0;0;0;0;0;0;0;0;0;0;0;0;0;0;0;0;0;0;0;0;0;0;0;0;0;0;0;0;0;0;0;0;0;0;0;0;0;0;0;0;0;0;0;0;0;0;0;0;0;0;0;0;0;0;0;0;0;0;0;0;0;0;0;0;0;0;0;0;0;0;0;0;0;0;0;0;0;0;0;0;0;0;0;0;0;0;0;0;0;0;0;0;0;0;0;0;0;0;0;0;0;0;0;0;0;0;0;0;0;0;0;0;0;0;0;0;0;0;0;0;0;0;0;0;0;0;0;0;0;0;0;0;0;0;0;0;0;0;0;0;0;0;0;0;0;0;0;0;0;0;0;0;0;0;0;0;0;0;0;0;0;0;0;0;0;0;0;0;0;0;0;0;0;0;0;0;0;0;0;0;0;0;0;0;0;0;0;0;0;0;0;0;0;0;0;0;0;0;0;0;0;0;0;0;0;0;0;0;0;0;0;0;0;0;0;0;0;0;0;0;0;0;0;0;0;0;0;0;0;0;0;0;0;0;0;0;0;0;0;0;0;0;0;0;0;0;0;0;0;0;0;0.38947053;0.40765313;0.41254768;0.41969798;0.42411791;0.42518727;0.43704017;0.43704017;0.43767078;0.43908831;0.43908831;0.43997572;0.4429402;0.44519571;0.44519571;0.45047894;0.45309205;0.45317841;0.45321901;0.4602146;0.46189177;0.46304509;0.46304509;0.46481867;0.46731503;0.46849033;0.47262642;0.47784668;0.48171779;0.48171779;0.48442802;0.48535748;0.48966848;0.49535382;0.49559089;0.49933792;0.50282911;0.50545543;0.50698392;0.50775304;0.51042505;0.51260709;0.51260709;0.51429446;0.51585317;0.51612373;0.51665;0.51665;0.51794192;0.51794192;0.51812905;0.51860916;0.52102068;0.52189634;0.52189634;0.52369492;0.52758698;0.52758698;0.529439;0.53193829;0.53193829;0.53199215;0.5323412;0.53362964;0.53571347;0.53659637;0.53660999;0.53963082;0.53965687;0.53998618;0.54209541;0.54220891;0.54220891;0.5422929;0.54329267;0.54427137;0.54427137;0.54440382;0.54466183;0.54521188;0.54568313;0.54596924;0.54596924;0.54629079;0.54784785;0.54895899;0.5507269;0.55082398;0.55164121;0.55164121;0.55210789;0.55244662;0.55255885;0.55276091;0.55276091;0.55461847;0.55492505;0.55531625;0.5561421;0.5574034;0.55748299;0.55748299;0.55781453;0.55791843;0.5582728;0.55885104;0.56042573;0.5605621;0.56221834;0.56286432;0.56286432;0.56438605;0.56447029;0.56627612;0.56703492;0.56742983;0.56756252;0.56791365;0.56870733;0.57073206;0.57325268;0.57397714;0.57486258;0.57501742;0.57608822;0.57680745;0.57680745;0.57768378;0.57984619;0.58026071;0.58026071;0.58076422;0.58097599;0.58138769;0.58190031;0.58321645;0.5834879;0.5834879;0.58367409;0.58426045;0.58431799;0.58445378;0.58445479;0.58445479;0.58731287;0.58883614;0.58930088;0.59226945;0.59236276;0.59314922;0.59361245;0.59385687;0.59395712;0.59438381;0.59565522;0.59651412;0.59757876;0.59772708;0.5995596;0.6000188;0.60033182;0.60033182;0.60046464;0.60052127;0.60076334;0.60247212;0.60280566;0.60288115;0.60389774;0.60438314;0.60450016;0.60485882;0.60514521;0.60649945;0.60752905;0.60753046;0.60804794;0.60811527;0.60924348;0.61012871;0.61030227;0.61037472;0.61038793;0.61096693;0.61100363;0.61138597;0.61189154;0.61306249;0.61387064;0.6141834;0.61456681;0.61472446;0.6147545;0.61551458;0.61629334;0.61682169;0.61687563;0.61778226;0.61834225;0.61864236;0.61885022;0.61905399;0.6191581;0.61926219;0.62014155;0.62014155;0.62030338;0.62030338;0.62129795;0.62129795;0.62276812;0.6242918;0.6243885;0.62457369;0.6246882;0.6246882;0.62495779;0.62496934;0.62514215;0.62553847;0.62575126;0.62600868;0.62614898;0.62621139;0.62621139;0.62689737;0.62689737;0.62704768;0.62706299;0.62712905;0.62712905;0.62751969;0.62778249;0.62791994;0.62831959;0.62831959;0.62908823;0.62928532;0.6294502;0.6294502;0.62945627;0.62954774;0.63045305;0.63153426;0.63153426;0.63251951;0.63252459;0.63252459;0.63272749;0.63358029;0.63359963;0.63395868;0.63407499;0.63437864;0.63458675;0.63578554;0.63688709;0.63706916;0.63707457;0.63828207;0.63949961;0.63961563;0.6396192;0.64085214;0.6411998;0.6418651;0.6418651;0.64267581;0.64338544;0.64346136;0.64392252;0.64462035;0.64462035;0.64483157;0.64483157;0.64504423;0.64504423;0.64509175;0.64542455;0.64554136;0.64615908;0.64662484;0.64721289;0.64764769;0.64823536;0.6483438;0.64854453;0.64965483;0.64978091;0.64989856;0.65037842;0.65057139;0.6509129;0.65241308;0.65241308;0.65388742;0.65388742;0.65388974;0.65418826;0.65464167;0.65469377;0.65547219;0.65547219;0.65550474;0.6559972;0.65730051;0.65774914;0.65777172;0.65783996;0.65817029;0.65825985;0.65825985;0.65862186;0.65909941;0.65912044;0.65916881;0.65940192;0.65975511;0.66004748;0.66097961;0.66130849;0.66138271;0.66211562;0.66328142;0.66380928;0.66422407;0.66450803;0.66450803;0.66482644;0.66526637;0.66561068;0.66587746;0.66614176;0.66661375;0.66661526;0.66678479;0.66678479;0.66702578;0.66702578;0.66705447;0.66716974;0.66730927;0.66735029;0.66737336;0.66773805;0.6678445;0.66824706;0.66825284;0.66868127;0.66901203;0.66910852;0.66915957;0.66919343;0.66971569;0.66992209;0.67095594;0.67104454;0.67135097;0.67135097;0.67144056;0.67180313;0.67222266;0.67222266;0.67256272;0.6735648;0.67363564;0.67368274;0.67413945;0.67524557;0.67524557;0.6758199;0.67607905;0.67607905;0.67749203;0.6785916;0.67861713;0.67873821;0.67873821;0.67897769;0.67908006;0.67908006;0.67912126;0.67919591;0.67928957;0.67964607;0.68022866;0.68022866;0.68029476;0.68029476;0.68110481;0.68203857;0.68231635;0.68312466;0.68342658;0.68396772;0.68420678;0.68420678;0.68454672;0.68476783;0.68484597;0.68486168;0.68486168;0.68509056;0.68536242;0.68634129;0.68668813;0.68683618;0.68685299;0.68795471;0.68868844;0.68869441;0.68886794;0.68958346;0.69000456;0.69114706;0.69241881;0.69250238;0.69295036;0.69333531;0.69346586;0.69360913;0.69367834;0.69375065;0.69377494;0.69385913;0.69432198;0.69436969;0.69468093;0.69492505;0.69492845;0.69492845;0.69597985;0.69597985;0.69624633;0.69669231;0.69695929;0.69717106;0.69791064;0.69839042;0.69839042;0.69857721;0.6990526;0.69965845;0.69975402;0.69980602;0.70078436;0.70125121;0.70369002;0.70371761;0.70372376;0.70389442;0.7039658;0.70398052;0.70415544;0.70499088;0.70499681;0.70499681;0.7051831;0.70621203;0.70630226;0.70631534;0.7078659;0.70868276;0.70873387;0.70906772;0.70917556;0.70937978;0.70952185;0.70986998;0.71003924;0.71003924;0.71011629;0.71046404;0.71051808;0.71077818;0.71082755;0.71128044;0.71149794;0.71298013;0.7132117;0.71340488;0.71384145;0.71384145;0.7140938;0.71498637;0.71577297;0.71633673;0.71652121;0.71712879;0.717603;0.71765574;0.71768288;0.71773347;0.71807554;0.71859014;0.71867702;0.71886102;0.71914186;0.71943618;0.71986738;0.71992066;0.72039505;0.72084937;0.72159469;0.72281155;0.72285928;0.72303186;0.72303186;0.72332328;0.72381715;0.72381715;0.72469658;0.72469952;0.72507;0.72519384;0.72578511;0.72634586;0.72654991;0.72676785;0.72683421;0.72815116;0.72844057;0.72881522;0.72909741;0.72927509;0.72936088;0.72981435;0.72986384;0.73075112;0.73085391;0.73134659;0.73214007;0.73247226;0.73264223;0.73279499;0.7328249;0.73359655;0.73431396;0.73497821;0.73502177;0.73518979;0.73520037;0.7354654;0.73552141;0.73589858;0.73663486;0.73670087;0.73700485;0.73700485;0.73723107;0.73779899;0.73799975;0.73815646;0.73849241;0.73874501;0.73925083;0.73928826;0.73929943;0.7396992;0.73971608;0.73995571;0.74093996;0.74103026;0.74106091;0.74146657;0.7418045;0.74196122;0.74247503;0.74266175;0.7436111;0.7436111;0.74432923;0.74466279;0.74545748;0.74649165;0.74744345;0.74786303;0.74810415;0.74836919;0.74862167;0.7489435;0.74940508;0.74970314;0.74989072;0.7499365;0.75030796;0.75092997;0.75209278;0.75223762;0.75264071;0.75266337;0.75351363;0.75351825;0.75354424;0.75386754;0.75387511;0.7540734;0.75476932;0.75499023;0.75512937;0.75556481;0.75592793;0.75670171;0.75706774;0.75725436;0.75766001;0.75778638;0.7580808;0.75822765;0.75851424;0.76011493;0.76053974;0.76056406;0.76056406;0.76157835;0.7615948;0.76169478;0.76169478;0.76304746;0.76331324;0.76333497;0.76333497;0.76371485;0.76379596;0.76386813;0.76394637;0.76394637;0.76442622;0.76452262;0.76473246;0.76473277;0.76475073;0.76480414;0.76532504;0.76574541;0.76574541;0.7662274;0.76670486;0.76692091;0.76696682;0.76746639;0.7684127;0.7684419;0.76861179;0.76865561;0.76869045;0.76869944;0.76879049;0.76884692;0.76900733;0.76931715;0.7695548;0.76963621;0.77000948;0.77006571;0.77073752;0.77086368;0.77106702;0.77202235;0.77217879;0.77245497;0.77294276;0.77314922;0.77407103;0.77409812;0.77423852;0.77445224;0.77542018;0.77542018;0.776944;0.77724112;0.77754913;0.77816379;0.77830095;0.77851379;0.77852976;0.77860282;0.77873716;0.77888217;0.77891978;0.77895835;0.77902622;0.77902622;0.7793218;0.78070238;0.78070238;0.78086833;0.78119125;0.78133229;0.78134262;0.78151502;0.78182559;0.78246646;0.78251732;0.78402951;0.78402951;0.78425302;0.78438377;0.78515264;0.78550866;0.78594514;0.78598199;0.785986;0.78667198;0.78692672;0.78695216;0.78697682;0.7870187;0.7870187;0.7872333;0.78726549;0.78740155;0.78760932;0.78772947;0.78786895;0.78794646;0.78794693;0.78794693;0.78798605;0.78820461;0.78832179;0.78840889;0.7889594;0.78918562;0.78921547;0.78933139;0.78933139;0.78960302;0.78960302;0.78992143;0.79079474;0.79079474;0.79080153;0.7920371;0.79246942;0.79247798;0.79261591;0.79335297;0.79434592;0.79448015;0.79453565;0.79471036;0.79525697;0.79536374;0.7955745;0.79578721;0.79586261;0.79592106;0.79639024;0.79663188;0.79663188;0.79664826;0.79689589;0.79701758;0.79771921;0.79771921;0.79810417;0.7983027;0.79857029;0.79899463;0.79929162;0.80078838;0.80078838;0.80090658;0.80150862;0.80241473;0.8026615;0.80277511;0.80277511;0.80351865;0.80360934;0.80378403;0.80407713;0.80436269;0.80497239;0.80523749;0.80563929;0.80594809;0.80624368;0.80632037;0.80664239;0.80691925;0.80696453;0.80700343;0.80736376;0.80783251;0.80818675;0.80852426;0.80859925;0.80863042;0.80880421;0.80903375;0.80975002;0.81016274;0.81021605;0.8103843;0.81088087;0.81109353;0.81118425;0.81123288;0.81123288;0.81151168;0.81159215;0.8117545;0.81210704;0.81372937;0.81372937;0.81387704;0.81437058;0.81437058;0.81468923;0.81495614;0.81496963;0.81511805;0.81531924;0.81578093;0.81595996;0.81607911;0.81608458;0.81608458;0.81625783;0.81662089;0.8166265;0.81676327;0.81694879;0.81749163;0.81781727;0.81834807;0.81857479;0.81911653;0.8191226;0.81955219;0.82000368;0.82011929;0.82026474;0.8205768;0.82070329;0.82070341;0.82107092;0.82107092;0.82115449;0.82119046;0.82123286;0.82184703;0.82192765;0.82232321;0.82260121;0.82264893;0.82308146;0.82385702;0.82385702;0.82402944;0.82482569;0.82484595;0.82502727;0.82508503;0.82524791;0.82541578;0.82546952;0.82572605;0.82588588;0.82603749;0.82604386;0.82688957;0.82707973;0.82711868;0.82744129;0.82759539;0.82764325;0.82764325;0.82912907;0.82938678;0.82956052;0.82966035;0.83006364;0.83034615;0.83034615;0.83067725;0.83155932;0.83186265;0.83204499;0.83230651;0.83230651;0.83274656;0.83282063;0.83282906;0.8336894;0.83411004;0.83499713;0.83502784;0.83502784;0.8353601;0.83544182;0.83559296;0.83563616;0.83625079;0.83632817;0.83672904;0.83762856;0.83762856;0.83767588;0.83812125;0.8381289;0.83939605;0.83982543;0.84007871;0.84022449;0.84041361;0.84092503;0.8411135;0.84114298;0.84130146;0.84138991;0.84313333;0.84370326;0.84381687;0.84432694;0.8451475;0.84520032;0.84524721;0.84524721;0.84621581;0.84642548;0.84642548;0.84646951;0.84687593;0.84687593;0.84712048;0.84716924;0.84745261;0.8474616;0.84800388;0.84808389;0.84812112;0.8481439;0.84845174;0.84850992;0.84853333;0.84890443;0.84901068;0.84902749;0.84910111;0.84913001;0.84953845;0.85000645;0.85045722;0.85094519;0.85101197;0.85154931;0.85160837;0.85172323;0.85219811;0.85220954;0.85233979;0.8524191;0.8525561;0.85271163;0.85329543;0.85329543;0.85334407;0.85339771;0.85401507;0.8548173;0.85580477;0.85598012;0.85603785;0.85603785;0.85621856;0.85637473;0.85664897;0.85694021;0.85731584;0.85809484;0.85811919;0.85897432;0.85937463;0.85949396;0.85949396;0.85971885;0.86005957;0.86043207;0.86096735;0.86114585;0.86194005;0.86223735;0.86231223;0.86237605;0.86250667;0.86253328;0.86262682;0.86327715;0.86329645;0.86409244;0.86413587;0.86428294;0.86438696;0.86473364;0.86511718;0.86548916;0.86559804;0.86601244;0.86668432;0.86678357;0.86775906;0.86799224;0.86897394;0.86897706;0.86901489;0.87069981;0.87136031;0.87140683;0.87157108;0.87224997;0.87238187;0.87294697;0.87294768;0.87317112;0.87334486;0.87373318;0.87440435;0.87455021;0.87493519;0.87495638;0.87576416;0.87611078;0.87653772;0.87657656;0.87677244;0.87705389;0.87762175;0.87776261;0.87800059;0.87809655;0.87848106;0.8787758;0.8787758;0.87911846;0.87911846;0.87917769;0.87954282;0.87991831;0.88019111;0.88043276;0.88045086;0.88059693;0.88078607;0.88095336;0.88095336;0.88174242;0.88184589;0.8822105;0.88224028;0.8828704;0.88335692;0.88341791;0.88372878;0.883981;0.88474885;0.88487554;0.88487582;0.88495646;0.88496957;0.88496957;0.88540076;0.88572025;0.88572025;0.88583823;0.88689041;0.88691024;0.88740376;0.88758642;0.88837625;0.88918958;0.88948075;0.88976891;0.89019671;0.89019671;0.89021087;0.89049506;0.89085909;0.89085909;0.89109397;0.89127385;0.89129483;0.89140876;0.89183753;0.89203286;0.89220921;0.89220921;0.89247284;0.89273389;0.89283157;0.89302292;0.89302292;0.89335401;0.89398342;0.89405037;0.89423293;0.89494187;0.89560705;0.89630387;0.89668314;0.89687183;0.89695419;0.89713186;0.89724433;0.8977427;0.8980554;0.89896322;0.89922481;0.89922481;0.90002331;0.900064;0.90031099;0.90033675;0.90035276;0.9005446;0.90069678;0.90079972;0.90101335;0.90159333;0.90182147;0.90197335;0.90204066;0.90219937;0.90226708;0.90314964;0.90373507;0.90373507;0.90413362;0.90424632;0.90462198;0.90484162;0.90549654;0.90569755;0.90569801;0.90569801;0.90597135;0.90600826;0.90610418;0.90625419;0.9064606;0.90695413;0.90717933;0.90726143;0.90745629;0.90750052;0.90803231;0.90819143;0.90889778;0.90929819;0.90935403;0.90944715;0.90967315;0.91002159;0.91004749;0.91012882;0.9105831;0.91114366;0.9112237;0.91153781;0.91201555;0.91232797;0.91236356;0.91242127;0.91264405;0.91297184;0.91310086;0.91319151;0.91344487;0.91344487;0.91363911;0.91384635;0.91461439;0.91470994;0.91472432;0.91486303;0.91549826;0.9156912;0.91609192;0.91634129;0.91637977;0.91643011;0.91643011;0.91660988;0.91694305;0.9174279;0.91801231;0.91832935;0.91845176;0.91883278;0.91972221;0.91988474;0.92074271;0.92129042;0.92182887;0.92245893;0.92318728;0.92318728;0.92325544;0.9236548;0.92396183;0.92420563;0.92447859;0.92498172;0.92531597;0.92594237;0.92652449;0.92708565;0.92718395;0.92718395;0.92831315;0.92845601;0.9286133;0.9286309;0.92903702;0.92936202;0.92964562;0.93027;0.93044856;0.93064554;0.93151089;0.93163759;0.93227805;0.93309232;0.93361556;0.9337516;0.93418961;0.93443885;0.93443885;0.93464688;0.93464688;0.93516207;0.93545369;0.93549989;0.93598625;0.93686193;0.93708316;0.93750623;0.93785578;0.93844246;0.93847001;0.9386277;0.93876868;0.93876868;0.94024937;0.94025562;0.94080996;0.94080996;0.94126618;0.94126618;0.94142719;0.94162305;0.94165018;0.94211042;0.94223089;0.9423326;0.94336126;0.94338735;0.94344841;0.94454394;0.94486894;0.94534849;0.94546514;0.94608717;0.94612842;0.9465821;0.9465821;0.94691588;0.94700703;0.94718338;0.94718338;0.94722057;0.94787773;0.94788553;0.94809517;0.94811969;0.94860832;0.94871982;0.94884369;0.94887056;0.94904937;0.94988222;0.95001422;0.95013613;0.95015254;0.95109477;0.95131598;0.95154563;0.95161959;0.95228238;0.95372491;0.95377374;0.95381213;0.95382632;0.95382632;0.95405579;0.95424278;0.95461875;0.9558788;0.95590115;0.95639092;0.95671904;0.95683362;0.95793863;0.95819798;0.95824261;0.95824261;0.95834253;0.95859676;0.95863954;0.95869421;0.95873281;0.95958763;0.95970782;0.95970782;0.9598894;0.96025667;0.9610072;0.96159877;0.96231286;0.96231758;0.96329653;0.96457665;0.96537483;0.96591955;0.96609295;0.96616215;0.96655157;0.96672741;0.96693916;0.96734762;0.96808444;0.96813831;0.96853639;0.96873291;0.96902981;0.96927303;0.96968113;0.97107864;0.97108412;0.97108412;0.97125506;0.97170732;0.97192259;0.97194938;0.97233589;0.97370874;0.97380583;0.97457429;0.97473935;0.97480857;0.97489614;0.97520895;0.97579699;0.97587186;0.97653155;0.97667468;0.97670412;0.97799771;0.9781754;0.97821689;0.97843137;0.97862369;0.97891369;0.97893513;0.97944057;0.97961046;0.97980113;0.97984638;0.98027045;0.98036944;0.98050875;0.98058803;0.98059369;0.98080443;0.98127829;0.98165231;0.98165591;0.98260679;0.98260679;0.98298392;0.98305828;0.98316063;0.98389092;0.98389092;0.98450254;0.98544285;0.98548552;0.98592663;0.98642153;0.987273;0.98805675;0.98805675;0.98896608;0.98922233;0.98972086;0.98980008;0.98980008;0.98988823;0.99064768;0.99127163;0.99191189;0.99193387;0.99335049;0.99343389;0.99348992;0.99363934;0.99385927;0.99441583;0.99467099;0.99480931;0.99537201;0.99561509;0.99564075;0.99564075;0.9956586;0.99632904;0.99643841;0.99720262;0.99737068;0.99757627;0.99827637;0.99908555;0.99948418;0.99998059;1.00005031;1.00081148;1.0015326;1.0015326;1.00160309;1.00233942;1.00304927;1.00349779;1.00442571;1.00490746;1.00549397;1.00604894;1.00605299;1.00650431;1.00681779;1.00686681;1.00772354;1.00791647;1.00797517;1.00801114;1.00805442;1.00830502;1.00836787;1.00918889;1.01129757;1.01210902;1.01259662;1.01303501;1.01303708;1.01343888;1.01343888;1.01474523;1.01485227;1.01657554;1.0167126;1.01673773;1.01703945;1.01792601;1.01839447;1.01878906;1.01897828;1.01924777;1.01960859;1.01970551;1.0198472;1.01987174;1.02035977;1.02097935;1.02100911;1.02103284;1.02115551;1.02124541;1.0215403;1.0235872;1.02361911;1.02363144;1.02499144;1.0253602;1.02571516;1.02612949;1.02648962;1.02652826;1.02666075;1.02666075;1.02684958;1.02692388;1.02695899;1.02705257;1.02712606;1.02748033;1.02748033;1.02790121;1.02813844;1.02820103;1.02875158;1.0305396;1.03073956;1.0322341;1.03271593;1.03271593;1.0328329;1.03381696;1.03410439;1.0341365;1.03445742;1.03480314;1.03502533;1.0355586;1.03567248;1.03567248;1.03710315;1.03787954;1.03793364;1.03828821;1.03895621;1.04007432;1.04026783;1.04031748;1.04058956;1.04063082;1.04076071;1.0411648;1.04135056;1.04213306;1.0424581;1.04332738;1.04332738;1.0447099;1.04490008;1.04494038;1.04534677;1.04534677;1.04536216;1.04690101;1.04715396;1.0492641;1.04932344;1.04953281;1.04958641;1.0496056;1.04983152;1.04994378;1.05032195;1.05063411;1.05094698;1.0511376;1.05149642;1.05271155;1.05343048;1.05343048;1.05362261;1.05385468;1.05433764;1.05481421;1.05481421;1.05490716;1.05542627;1.05555818;1.0560767;1.0565434;1.05691271;1.0596495;1.05980345;1.05987165;1.06015969;1.06032074;1.06064761;1.06156002;1.06303328;1.06323551;1.06470252;1.06562681;1.06602322;1.06654369;1.06848912;1.06961945;1.07004073;1.07048063;1.07340902;1.0734777;1.07357265;1.07397351;1.07397642;1.07429769;1.0744296;1.07477025;1.07541579;1.07578963;1.07586675;1.07642738;1.07674878;1.07700866;1.07700866;1.07741381;1.07752151;1.07809232;1.07842465;1.07884184;1.07902309;1.07924611;1.07961697;1.07967493;1.07967493;1.07967505;1.08025726;1.08041787;1.08095112;1.08234065;1.08271705;1.08284306;1.08284306;1.08327598;1.08363675;1.08389529;1.08408845;1.08553589;1.08569052;1.08645175;1.08715791;1.08726725;1.08840669;1.08885351;1.09096572;1.09146455;1.09155153;1.09165741;1.0923689;1.09239847;1.09286977;1.09286977;1.09319311;1.09328988;1.09453171;1.09453171;1.09491739;1.09500799;1.09500799;1.09520665;1.09577756;1.09577756;1.09615125;1.09626743;1.09663938;1.09670161;1.09726965;1.09736795;1.09781565;1.09962409;1.10021629;1.10362491;1.10386102;1.10414652;1.1046795;1.10486155;1.10576499;1.10751481;1.10873791;1.10875358;1.10886201;1.11089225;1.11089225;1.11110532;1.11273737;1.11312399;1.1140775;1.11476495;1.11573232;1.11612556;1.11620284;1.11719377;1.11719377;1.11820643;1.12025771;1.12046299;1.12215088;1.122836;1.12302647;1.12333646;1.12358422;1.12557367;1.12557372;1.1262849;1.12791962;1.12794139;1.12832988;1.12890382;1.12890382;1.12945081;1.13009274;1.13196023;1.13201922;1.13201922;1.13221022;1.13225232;1.13255516;1.13297586;1.13312031;1.13340898;1.1338186;1.13390357;1.13390357;1.13396657;1.13441759;1.13473658;1.13473658;1.13546641;1.13552962;1.13596907;1.13598014;1.13625596;1.13737635;1.13846126;1.13867946;1.13932401;1.1397694;1.14019793;1.14268874;1.14289901;1.14360245;1.1459864;1.14600103;1.14605175;1.14668232;1.14700533;1.14783044;1.14833731;1.14937328;1.15065688;1.15078813;1.15094807;1.15185525;1.15324059;1.15357324;1.15736356;1.15804519;1.16056319;1.16101828;1.16129882;1.16217487;1.16357048;1.16357048;1.16408511;1.16534334;1.16566964;1.16590153;1.16635214;1.16693872;1.16763868;1.16794383;1.16884754;1.1701899;1.17084644;1.17086144;1.17111241;1.17226005;1.17230814;1.17264743;1.17264743;1.17436608;1.17546451;1.17556881;1.17571981;1.17604648;1.17663814;1.17725562;1.17751787;1.17755497;1.17904332;1.18045153;1.18098759;1.18308974;1.18462638;1.1858343;1.18591316;1.18721749;1.18733129;1.18825287;1.18827311;1.18859456;1.18875952;1.18875952;1.19019192;1.19033003;1.19041728;1.19059196;1.19071993;1.19071993;1.19084312;1.19089197;1.19113393;1.19307174;1.19307174;1.19387581;1.19436036;1.19490846;1.19680129;1.19681189;1.19756658;1.19756658;1.19864822;1.19875168;1.19887244;1.19918048;1.19918048;1.19933233;1.19967221;1.20144614;1.2015166;1.20156064;1.20252218;1.20288993;1.20321161;1.20324005;1.2041911;1.20442536;1.20643858;1.20753687;1.20777703;1.20858047;1.20880394;1.20926613;1.20967615;1.21026464;1.21072774;1.21217256;1.21252825;1.2126877;1.21460037;1.21460037;1.2163567;1.21658223;1.21728981;1.21731648;1.21871735;1.21925643;1.21992366;1.22042205;1.22046097;1.22092644;1.22098018;1.2232144;1.22346364;1.22373546;1.2249889;1.22540051;1.22708506;1.22708506;1.22727848;1.22730214;1.2284781;1.22899947;1.23256238;1.23324224;1.23467727;1.234848;1.23607913;1.23633681;1.23692784;1.23718726;1.23850909;1.23998698;1.24068638;1.24089518;1.24316047;1.24316047;1.24319462;1.2431962;1.24336776;1.24349184;1.24514227;1.24518171;1.24518171;1.2456786;1.2457022;1.24605444;1.24685956;1.24690835;1.24690835;1.2472119;1.2472119;1.24776446;1.2479596;1.24937841;1.25019858;1.25061999;1.25069019;1.25147075;1.25222334;1.25281087;1.25317025;1.2568067;1.2589876;1.2589876;1.26040174;1.2624473;1.26250639;1.2626858;1.26281602;1.26318418;1.26421496;1.26427185;1.26439059;1.26512419;1.26515417;1.26554623;1.26695777;1.26813803;1.26932544;1.27030495;1.27056867;1.27074596;1.2709265;1.27160234;1.27328814;1.27328814;1.27375696;1.27489327;1.27550109;1.27582736;1.27755028;1.27786884;1.28040618;1.28096276;1.28271478;1.28453904;1.28691294;1.28691294;1.287158;1.28828267;1.28906373;1.29053815;1.29328012;1.29328012;1.29446099;1.29456659;1.29559795;1.29730764;1.29841675;1.29849376;1.29965607;1.30085442;1.30102093;1.30341879;1.30409565;1.30476933;1.3051215;1.3051215;1.30532501;1.30550463;1.30575288;1.30597156;1.30717391;1.30738273;1.30871007;1.30871007;1.3114609;1.31246095;1.31325471;1.31387368;1.3150039;1.3170989;1.31764602;1.31988654;1.32040011;1.3220045;1.32249275;1.32383647;1.32479432;1.32524981;1.32678056;1.32684648;1.32685392;1.32900307;1.32979893;1.33022203;1.33074165;1.33141562;1.33395444;1.33587431;1.33631427;1.33960275;1.33966738;1.33966738;1.3401474;1.34051507;1.34175874;1.3444454;1.3444454;1.34499764;1.34648066;1.34693691;1.34932048;1.34941258;1.34983602;1.3507194;1.35074745;1.35099932;1.35143744;1.35151508;1.3521579;1.35270731;1.35285586;1.35308341;1.3535849;1.35382868;1.3548402;1.35575755;1.35775886;1.35896329;1.36038248;1.36228184;1.36586406;1.36672082;1.36695594;1.36889513;1.36941923;1.36947453;1.36953904;1.37099297;1.3710906;1.37212033;1.37225745;1.37225745;1.37247302;1.37353146;1.37538537;1.37588978;1.38046697;1.38088602;1.38088602;1.38122137;1.38195006;1.3824447;1.38284326;1.38284326;1.38288952;1.38338381;1.38661061;1.38750087;1.38842743;1.38863581;1.38939942;1.39263688;1.39382073;1.39442262;1.39545907;1.39726485;1.39726485;1.3999819;1.40013897;1.40013897;1.40059164;1.407179;1.40739591;1.40759911;1.41063322;1.41158147;1.41357217;1.41406758;1.41518933;1.41534151;1.41536453;1.41596598;1.41747666;1.41810746;1.41948731;1.42078766;1.4216191;1.424867;1.42595963;1.42622431;1.42675043;1.43095084;1.43146652;1.43449146;1.43459664;1.43608959;1.43661925;1.43776514;1.43996312;1.43996312;1.44090699;1.44165087;1.44227907;1.44262116;1.4441004;1.44670555;1.44681614;1.44720714;1.44801611;1.45185021;1.45304142;1.45540597;1.45713943;1.45735895;1.45735895;1.45938626;1.45938626;1.4619506;1.46784048;1.46971689;1.47282843;1.47390429;1.47421107;1.47522008;1.47798735;1.47829048;1.47960725;1.48105684;1.48211923;1.48306827;1.48306827;1.48441368;1.48710115;1.49034429;1.49140384;1.49488892;1.49970733;1.50026087;1.50075779;1.50099613;1.50300818;1.5039489;1.5040693;1.5052539;1.50594339;1.50815359;1.50974639;1.51089871;1.51089871;1.51119767;1.5137554;1.51442512;1.51830584;1.52035181;1.52382724;1.52401962;1.52452364;1.52575515;1.52815568;1.52855448;1.53075474;1.53309165;1.53374874;1.53430692;1.53646506;1.53878023;1.53914348;1.54000361;1.54089467;1.54310815;1.54395054;1.54521137;1.54540504;1.54577538;1.54603774;1.54779051;1.55055813;1.55451736;1.55451736;1.55517035;1.55540937;1.55587067;1.55752323;1.55782323;1.5626432;1.5626432;1.56361004;1.56572471;1.56629578;1.56761224;1.56761224;1.56788014;1.56788014;1.56874912;1.56891842;1.56945107;1.5696335;1.57014734;1.57200571;1.57556549;1.57827554;1.58244445;1.58348384;1.58533087;1.59097173;1.59285489;1.59490235;1.60258555;1.60350549;1.60473704;1.60624505;1.60679167;1.60920816;1.61031654;1.6116161;1.61481294;1.61481294;1.61620886;1.62195171;1.62195171;1.62393026;1.62424814;1.62521966;1.62983737;1.62983737;1.63290166;1.63320362;1.63370553;1.64178143;1.64337389;1.64518211;1.64518211;1.64532695;1.64830544;1.64902985;1.6490716;1.65213609;1.65283293;1.65289496;1.659566;1.65969855;1.66110356;1.66239045;1.66393777;1.66444392;1.66503804;1.6693868;1.67127285;1.67446808;1.67719102;1.67863044;1.68436015;1.68601887;1.68756209;1.69212625;1.69269906;1.69269906;1.69636262;1.69668551;1.70091442;1.70156113;1.70265838;1.70594857;1.71078936;1.71078936;1.71085263;1.71220011;1.71245104;1.71855881;1.72208502;1.7234535;1.72406913;1.72537307;1.72865316;1.73032594;1.73039432;1.73155032;1.73303959;1.73522782;1.73980045;1.74703469;1.75159627;1.75320949;1.75492633;1.76135817;1.76376016;1.76515326;1.76632564;1.76762486;1.77916832;1.78016156;1.78479061;1.78977378;1.79417994;1.79665741;1.80179357;1.80284158;1.80453667;1.80462164;1.80582124;1.82148313;1.82334057;1.82454808;1.82793317;1.82793317;1.82847908;1.8319669;1.83506518;1.83964852;1.83977574;1.85160406;1.856817;1.86264883;1.87097846;1.87564613;1.87566419;1.88311727;1.88643044;1.88818987;1.89466719;1.89956578;1.90425062;1.90690057;1.90851499;1.91570219;1.91940104;1.91977652;1.92135705;1.92291438;1.92409147;1.92921754;1.93021327;1.933415;1.93357823;1.93516241;1.93602125;1.94760325;1.96172418;1.97359034;1.97516838;1.97796118;1.99380845;2.00801576;2.01657528;2.01966231;2.03783644;2.05232698;2.05795575;2.06450664;2.06450664;2.0706546;2.08756585;2.10021784;2.10326101;2.10658154;2.12777943;2.13487914;2.1607288;2.16847375;2.17876961;2.20305939;2.2072439;2.24245324;2.24296582;2.24380938;2.27054215;2.27514436;2.29444918;2.31174415;2.33385185;2.33905658;2.35246283;2.37003025;2.37439016;2.38025615;2.52895665;2.59135364;2.65968528;2.67650019;2.74487835;2.81154004;2.88249749;2.96564556;2.98914604;3.03941357;3.05440898;3.49698234;4.12728449;4.20478499",0.749952767740521,"2026-08-09 21:58:00"
"PenDigits","SUN-MCCD","ascend",3200,16,1,0.0792452830188679,0.539622641509434,0.0330250990752972,2948,1,"1;2;3;4;5;6;7;8;9;10;11;12;13;14;15;16;17;19;21;22;24;25;26;27;28;29;30;31;32;33;34;35;36;37;39;40;41;42;43;44;45;46;47;48;49;50;52;53;54;55;56;57;58;59;60;61;62;63;64;65;66;67;68;69;70;71;72;73;74;75;76;77;78;79;80;82;83;84;85;86;87;88;89;90;91;92;93;94;95;96;97;98;99;101;102;103;104;106;107;108;109;110;111;112;113;114;115;116;117;118;119;120;121;122;123;124;125;126;127;128;129;131;132;133;134;135;136;137;138;139;140;141;142;143;144;146;147;148;149;150;151;152;153;154;155;156;157;158;159;160;161;162;163;164;165;166;167;168;169;170;171;172;173;174;175;176;177;178;179;180;181;182;183;184;185;186;187;188;189;190;191;192;193;194;196;197;198;199;200;201;202;203;204;205;206;207;208;209;210;211;212;213;214;215;216;217;218;221;222;223;224;225;226;228;229;230;231;232;233;234;235;236;237;238;239;240;241;242;243;244;245;247;248;249;250;251;252;253;254;258;259;260;261;262;263;264;265;266;267;268;269;270;271;272;273;274;275;277;278;280;281;282;283;285;286;287;288;289;290;291;292;293;294;295;296;297;298;299;300;301;303;304;305;306;307;308;309;310;311;312;313;314;315;316;317;318;319;320;322;323;324;325;326;327;329;330;331;332;333;334;335;336;337;338;340;341;342;343;344;345;346;347;348;349;350;351;352;354;355;356;357;358;359;360;361;362;363;364;365;366;367;368;369;370;371;373;374;375;376;377;378;379;380;382;383;384;385;386;387;388;389;391;392;393;394;395;396;397;398;399;400;401;402;404;405;406;407;408;409;410;412;413;414;415;416;417;418;419;420;421;422;423;424;425;426;427;428;429;430;431;432;433;434;435;436;437;438;439;440;441;442;443;444;445;446;447;448;449;450;451;452;453;454;456;457;458;459;461;462;463;464;465;466;467;470;471;472;473;474;475;476;477;478;479;480;481;482;483;484;485;487;488;490;491;492;493;494;495;496;497;498;499;500;501;502;503;504;505;506;507;508;509;510;511;512;513;514;515;516;517;518;519;520;521;522;523;524;526;527;528;529;530;531;532;534;535;536;537;539;540;541;542;543;545;546;547;548;550;551;552;553;554;555;556;557;558;559;560;561;565;566;567;568;569;570;571;572;573;574;575;576;577;578;579;580;582;583;584;585;586;587;588;589;590;591;592;593;594;595;596;597;598;600;601;602;603;604;605;606;607;608;609;610;611;612;613;615;616;617;618;619;620;621;623;624;625;626;627;628;629;630;631;632;633;634;635;636;637;638;639;641;642;643;644;645;647;648;649;650;651;652;653;654;656;657;659;660;661;662;663;664;665;666;667;668;669;670;671;672;673;675;676;677;678;679;681;682;683;684;685;686;687;688;689;690;691;693;694;695;696;697;698;699;700;701;702;703;705;706;707;708;709;710;711;712;713;714;715;716;717;718;719;721;722;723;724;725;726;727;729;731;732;733;735;736;737;738;739;740;741;742;743;744;745;746;747;748;749;750;751;753;754;755;756;757;758;759;760;761;762;763;764;765;766;767;768;769;770;771;772;773;774;775;776;777;778;779;780;781;783;784;785;786;788;789;790;791;792;793;794;795;796;798;799;800;801;802;803;805;806;807;808;809;810;811;812;813;814;815;816;817;818;819;820;821;823;825;826;827;828;829;830;831;832;833;834;835;836;837;839;840;841;842;843;844;845;846;847;848;849;850;852;853;854;856;857;858;859;861;862;863;864;865;866;867;868;869;870;871;872;873;875;876;877;879;880;881;882;884;885;886;887;888;889;890;891;892;893;894;895;896;897;898;899;900;901;902;903;904;905;906;907;908;909;910;912;913;914;915;916;917;918;919;920;921;922;923;924;925;926;927;928;929;930;931;932;933;934;935;936;937;938;939;940;941;942;943;944;946;947;948;949;950;952;953;954;955;956;957;958;960;961;962;963;964;965;966;967;968;970;971;972;974;975;976;977;978;979;980;981;982;983;984;985;986;987;988;990;991;992;993;994;995;996;997;998;999;1000;1001;1002;1003;1004;1005;1006;1007;1008;1009;1010;1011;1012;1013;1014;1015;1017;1018;1019;1020;1021;1022;1023;1024;1025;1026;1027;1028;1029;1030;1031;1032;1033;1034;1035;1036;1037;1038;1039;1040;1041;1042;1043;1044;1045;1046;1047;1048;1049;1050;1051;1052;1053;1054;1056;1057;1058;1059;1060;1061;1063;1064;1065;1066;1067;1068;1069;1070;1071;1072;1073;1074;1075;1076;1077;1078;1079;1080;1081;1082;1083;1084;1085;1086;1087;1088;1089;1090;1091;1092;1093;1094;1096;1097;1098;1099;1100;1101;1102;1103;1104;1107;1108;1109;1110;1111;1112;1113;1114;1115;1116;1117;1118;1119;1120;1121;1122;1123;1124;1125;1126;1127;1129;1130;1131;1132;1133;1134;1135;1136;1137;1139;1140;1141;1142;1143;1144;1145;1146;1147;1148;1149;1150;1151;1152;1153;1154;1155;1156;1157;1158;1159;1160;1161;1162;1163;1164;1165;1166;1167;1168;1169;1170;1171;1172;1173;1174;1175;1176;1177;1179;1181;1182;1183;1184;1185;1186;1188;1189;1190;1191;1192;1193;1194;1195;1196;1197;1198;1199;1200;1201;1202;1203;1204;1205;1206;1207;1208;1209;1210;1211;1212;1213;1214;1215;1216;1217;1218;1219;1221;1222;1223;1224;1225;1226;1227;1228;1229;1230;1232;1235;1236;1237;1239;1240;1241;1242;1243;1244;1245;1246;1247;1248;1249;1250;1251;1252;1253;1254;1255;1256;1257;1258;1259;1260;1261;1262;1263;1264;1265;1266;1267;1269;1270;1272;1273;1274;1275;1276;1277;1278;1279;1280;1281;1282;1283;1284;1285;1286;1287;1288;1289;1290;1291;1292;1293;1294;1295;1296;1297;1298;1299;1301;1302;1303;1304;1305;1306;1307;1308;1309;1310;1311;1312;1313;1314;1315;1316;1317;1318;1319;1320;1322;1323;1324;1325;1326;1327;1328;1329;1330;1332;1333;1334;1335;1336;1337;1339;1340;1341;1342;1343;1345;1346;1347;1348;1349;1350;1351;1352;1355;1356;1357;1358;1359;1360;1361;1362;1363;1364;1365;1366;1367;1368;1370;1371;1372;1373;1374;1375;1376;1377;1378;1379;1380;1381;1383;1384;1387;1389;1390;1391;1392;1393;1394;1395;1396;1397;1398;1399;1400;1401;1402;1403;1404;1405;1406;1407;1408;1409;1411;1412;1414;1415;1416;1417;1418;1419;1420;1421;1422;1423;1424;1425;1427;1428;1429;1430;1431;1432;1433;1434;1435;1436;1437;1438;1439;1440;1441;1442;1443;1444;1445;1446;1447;1448;1449;1450;1451;1452;1454;1455;1456;1457;1458;1459;1461;1462;1463;1464;1465;1466;1467;1468;1469;1470;1473;1474;1475;1476;1477;1478;1479;1480;1481;1482;1483;1484;1485;1486;1487;1488;1489;1490;1491;1492;1494;1495;1496;1497;1498;1499;1500;1501;1502;1503;1504;1505;1506;1507;1508;1509;1510;1511;1512;1513;1514;1515;1516;1517;1518;1519;1520;1521;1522;1523;1524;1525;1526;1527;1528;1529;1530;1531;1532;1533;1534;1536;1537;1538;1539;1540;1541;1542;1543;1544;1545;1546;1547;1548;1549;1550;1551;1552;1553;1554;1555;1556;1557;1558;1559;1561;1562;1563;1564;1565;1566;1567;1568;1569;1570;1571;1573;1574;1575;1576;1577;1578;1579;1580;1581;1582;1583;1584;1585;1586;1587;1588;1589;1590;1591;1592;1593;1594;1595;1596;1597;1598;1599;1600;1601;1602;1603;1604;1605;1606;1607;1608;1609;1611;1612;1613;1614;1616;1617;1618;1619;1620;1621;1622;1623;1624;1625;1626;1627;1628;1629;1630;1631;1632;1633;1634;1635;1636;1637;1638;1639;1640;1641;1642;1643;1644;1645;1646;1647;1648;1649;1650;1651;1653;1654;1655;1656;1657;1658;1659;1660;1661;1662;1663;1664;1667;1668;1670;1671;1672;1673;1674;1675;1676;1677;1678;1679;1681;1683;1684;1685;1686;1687;1688;1689;1690;1691;1692;1693;1694;1695;1696;1697;1698;1699;1700;1701;1702;1703;1704;1705;1706;1707;1708;1709;1710;1711;1712;1713;1714;1715;1716;1717;1718;1719;1720;1721;1722;1723;1724;1725;1726;1727;1728;1729;1730;1731;1732;1733;1734;1735;1736;1737;1738;1740;1741;1742;1743;1744;1745;1746;1747;1749;1750;1751;1752;1754;1755;1756;1757;1758;1759;1760;1762;1763;1764;1765;1766;1767;1768;1769;1770;1771;1772;1773;1774;1775;1776;1777;1778;1779;1780;1781;1782;1783;1784;1785;1786;1787;1788;1789;1790;1791;1792;1793;1794;1795;1797;1798;1799;1801;1802;1803;1804;1805;1806;1807;1808;1810;1811;1812;1813;1814;1815;1817;1819;1820;1821;1822;1823;1824;1825;1826;1827;1828;1829;1830;1831;1832;1833;1834;1835;1836;1837;1838;1839;1840;1841;1842;1843;1844;1845;1846;1847;1848;1849;1850;1851;1852;1853;1854;1855;1856;1857;1858;1859;1860;1861;1862;1863;1864;1865;1866;1867;1868;1869;1870;1871;1872;1873;1874;1875;1876;1877;1878;1879;1880;1881;1882;1883;1884;1886;1887;1888;1889;1890;1891;1892;1893;1894;1896;1897;1898;1899;1900;1901;1902;1903;1904;1905;1907;1908;1909;1910;1911;1912;1913;1914;1915;1916;1917;1918;1919;1920;1921;1922;1923;1924;1925;1926;1928;1930;1931;1932;1933;1934;1935;1937;1938;1939;1940;1941;1942;1943;1944;1945;1946;1947;1948;1949;1950;1951;1952;1953;1954;1956;1957;1958;1959;1960;1961;1962;1963;1964;1965;1966;1967;1968;1969;1970;1971;1972;1973;1974;1975;1977;1978;1980;1981;1983;1984;1985;1986;1987;1988;1989;1990;1991;1992;1993;1995;1996;1997;1998;1999;2000;2001;2002;2003;2004;2005;2006;2007;2008;2009;2010;2011;2012;2013;2014;2015;2016;2017;2018;2019;2020;2021;2022;2023;2024;2026;2027;2028;2029;2030;2031;2032;2034;2036;2037;2038;2039;2040;2042;2043;2044;2045;2046;2047;2048;2049;2050;2052;2053;2055;2056;2057;2058;2059;2060;2061;2062;2063;2064;2065;2066;2067;2068;2069;2070;2071;2072;2073;2074;2075;2077;2078;2079;2081;2082;2084;2086;2087;2088;2089;2090;2091;2092;2093;2094;2095;2096;2097;2098;2099;2100;2101;2102;2103;2104;2105;2106;2107;2109;2111;2112;2113;2114;2116;2117;2118;2119;2120;2121;2122;2123;2124;2125;2126;2127;2129;2130;2131;2133;2134;2135;2136;2137;2138;2139;2140;2141;2142;2143;2144;2145;2146;2147;2148;2149;2150;2151;2152;2153;2154;2155;2156;2157;2158;2159;2160;2161;2162;2163;2164;2165;2166;2167;2168;2169;2170;2171;2172;2173;2174;2176;2177;2178;2179;2180;2181;2182;2183;2186;2187;2188;2190;2191;2192;2193;2194;2195;2196;2197;2198;2199;2200;2201;2202;2203;2204;2205;2207;2208;2209;2210;2211;2212;2213;2214;2215;2216;2217;2218;2219;2220;2221;2222;2223;2224;2225;2226;2227;2228;2229;2230;2231;2232;2233;2234;2235;2236;2237;2238;2239;2240;2241;2242;2243;2244;2245;2246;2247;2250;2251;2252;2253;2254;2255;2256;2257;2258;2259;2261;2262;2263;2264;2265;2266;2267;2270;2272;2273;2274;2275;2276;2277;2278;2279;2280;2281;2283;2284;2285;2286;2288;2289;2290;2291;2292;2293;2294;2295;2296;2297;2298;2299;2300;2301;2302;2304;2305;2306;2307;2308;2309;2310;2311;2312;2313;2314;2315;2316;2317;2318;2319;2322;2323;2324;2325;2326;2327;2328;2329;2330;2331;2332;2333;2334;2335;2336;2337;2338;2339;2340;2341;2342;2343;2344;2345;2346;2347;2348;2349;2350;2352;2353;2354;2355;2356;2357;2358;2359;2360;2361;2362;2363;2365;2366;2367;2368;2369;2370;2371;2373;2374;2375;2376;2378;2379;2380;2381;2382;2383;2386;2388;2390;2391;2392;2393;2394;2395;2396;2397;2399;2400;2401;2403;2404;2406;2407;2408;2409;2410;2411;2412;2413;2414;2415;2416;2418;2419;2420;2422;2423;2424;2425;2426;2427;2428;2429;2430;2431;2432;2433;2434;2435;2436;2438;2439;2440;2442;2443;2444;2445;2446;2447;2448;2449;2450;2451;2452;2453;2454;2455;2456;2457;2458;2459;2460;2461;2462;2463;2464;2465;2467;2468;2469;2470;2471;2472;2473;2474;2475;2476;2477;2479;2480;2481;2482;2483;2484;2485;2486;2487;2488;2489;2490;2491;2492;2493;2495;2496;2497;2498;2499;2500;2501;2502;2503;2504;2505;2506;2507;2508;2509;2510;2511;2512;2513;2514;2515;2516;2518;2519;2520;2521;2522;2523;2524;2525;2526;2527;2529;2530;2531;2532;2533;2534;2535;2536;2537;2538;2539;2540;2541;2542;2543;2544;2545;2546;2547;2548;2549;2550;2552;2553;2554;2556;2557;2558;2559;2560;2561;2562;2563;2565;2566;2567;2568;2569;2570;2571;2572;2573;2574;2575;2576;2577;2578;2580;2581;2582;2583;2584;2585;2586;2587;2588;2590;2591;2592;2593;2594;2595;2596;2597;2598;2599;2600;2601;2602;2603;2604;2605;2606;2607;2608;2609;2610;2611;2612;2613;2614;2615;2616;2617;2618;2619;2620;2621;2622;2624;2625;2626;2627;2628;2629;2630;2631;2632;2633;2634;2635;2636;2637;2638;2639;2641;2643;2644;2645;2646;2647;2648;2650;2651;2652;2653;2654;2655;2656;2657;2658;2659;2660;2662;2663;2664;2665;2666;2667;2668;2669;2670;2671;2672;2673;2674;2675;2676;2677;2678;2679;2680;2681;2682;2683;2684;2685;2686;2687;2688;2689;2691;2692;2693;2694;2695;2696;2697;2698;2701;2702;2703;2704;2705;2706;2707;2708;2709;2710;2711;2712;2713;2714;2715;2716;2717;2718;2719;2720;2721;2722;2723;2724;2725;2726;2727;2728;2729;2730;2732;2733;2734;2736;2737;2738;2739;2740;2741;2742;2744;2745;2746;2747;2748;2749;2750;2751;2753;2754;2755;2756;2758;2759;2760;2762;2763;2764;2765;2766;2767;2768;2770;2771;2772;2773;2774;2776;2777;2778;2779;2780;2781;2782;2783;2784;2785;2786;2787;2788;2789;2790;2791;2792;2793;2794;2795;2796;2797;2798;2799;2800;2801;2802;2803;2804;2805;2806;2807;2809;2810;2811;2812;2813;2814;2815;2816;2817;2818;2819;2820;2821;2822;2825;2826;2827;2828;2829;2830;2831;2833;2834;2835;2836;2837;2838;2839;2840;2841;2842;2843;2844;2845;2846;2847;2848;2849;2850;2851;2852;2853;2854;2855;2856;2857;2858;2859;2860;2861;2862;2863;2864;2865;2866;2867;2868;2869;2870;2871;2872;2873;2874;2875;2876;2877;2878;2881;2882;2884;2885;2886;2887;2888;2889;2890;2891;2892;2893;2894;2895;2896;2897;2898;2899;2900;2901;2902;2903;2904;2905;2906;2907;2908;2909;2910;2912;2913;2914;2915;2917;2918;2919;2920;2921;2922;2923;2924;2925;2926;2927;2928;2929;2930;2931;2932;2933;2934;2935;2936;2937;2938;2939;2940;2941;2942;2943;2944;2945;2947;2948;2949;2950;2951;2952;2953;2954;2956;2957;2958;2959;2960;2961;2962;2963;2964;2965;2966;2967;2968;2969;2970;2971;2972;2973;2974;2975;2976;2977;2978;2980;2981;2982;2983;2984;2985;2986;2987;2988;2989;2990;2991;2992;2993;2995;2996;2997;2999;3000;3001;3002;3003;3004;3005;3006;3007;3008;3009;3010;3011;3012;3013;3014;3015;3016;3017;3018;3019;3020;3022;3023;3024;3025;3026;3027;3029;3030;3031;3032;3034;3035;3036;3037;3038;3039;3040;3041;3042;3044;3045;3047;3048;3049;3050;3051;3052;3053;3054;3055;3056;3057;3058;3059;3060;3061;3062;3063;3064;3065;3066;3067;3068;3069;3071;3072;3073;3074;3075;3076;3077;3078;3079;3080;3081;3082;3083;3084;3086;3087;3090;3091;3092;3093;3094;3096;3097;3098;3099;3100;3101;3102;3103;3104;3105;3106;3107;3109;3110;3111;3112;3113;3114;3115;3116;3117;3118;3119;3121;3122;3123;3124;3125;3126;3127;3128;3129;3130;3131;3132;3133;3134;3135;3136;3137;3138;3139;3140;3141;3142;3143;3145;3146;3147;3148;3149;3150;3151;3154;3155;3156;3157;3158;3159;3160;3161;3162;3163;3164;3165;3166;3167;3168;3169;3170;3171;3172;3173;3174;3175;3176;3177;3178;3179;3180;3181;3182;3183;3184;3185;3186;3187;3188;3189;3190;3191;3192;3193;3194;3195;3196;3197;3198;3199;3200",194.349539995193,"ok",NA,1,"ascend","0;0;0;0;0;0;0;0;0;0;0;0;0;0;0;0;0;0;0;0;0;0;0;0;0;0;0;0;0;0;0;0;0;0;0;0;0;0;0;0;0;0;0;0;0;0;0;0;0;0;0;0;0;0;0;0;0;0;0;0;0;0;0;0;0;0;0;0;0;0;0;0;0;0;0;0;0;0;0;0;0;0;0;0;0;0;0;0;0;0;0;0;0;0;0;0;0;0;0;0;0;0;0;0;0;0;0;0;0;0;0;0;0;0;0;0;0;0;0;0;0;0;0;0;0;0;0;0;0;0;0;0;0;0;0;0;0;0;0;0;0;0;0;0;0;0;0;0;0;0;0;0;0;0;0;0;0;0;0;0;0;0;0;0;0;0;0;0;0;0;0;0;0;0;0;0;0;0;0;0;0;0;0;0;0;0;0;0;0;0;0;0;0;0;0;0;0;0;0;0;0;0;0;0;0;0;0;0;0;0;0;0;0;0;0;0;0;0;0;0;0;0;0;0;0;0;0;0;0;0;0;0;0;0;0;0;0;0;0;0;0;0;0;0;0;0;0;0;0;0;0;0;0;0;0;0;0;0;0;0;0;0;0;0;0;0;0;0;0;0;0;0;0;0;0;0;0;0;0;0;0;0;0;0;0;0;0;0;0;0;0;0;0;0;0;0;0;0;0;0;0;0;0;0;0;0;0;0;0;0;0;0;0;0;0;0;0;0;0;0;0;0;0;0;0;0;0;0;0;0;0;0;0;0;0;0;0;0;0;0;0;0;0;0;0;0;0;0;0;0;0;0;0;0;0;0;0;0;0;0;0;0;0;0;0;0;0;0;0;0;0;0;0;0;0;0;0;0;0;0;0;0;0;0;0;0;0;0;0;0;0;0;0;0;0;0;0;0;0;0;0;0;0;0;0;0;0;0;0;0;0;0;0;0;0;0;0;0;0;0;0;0;0;0;0;0;0;0;0;0;0;0;0;0;0;0;0;0;0;0;0;0;0;0;0;0;0;0;0;0;0;0;0;0;0;0;0;0;0;0;0;0;0;0;0;0;0;0;0;0;0;0;0;0;0;0;0;0;0;0;0;0;0;0;0;0;0;0;0;0;0;0;0;0;0;0;0;0;0;0;0;0;0;0;0;0;0;0;0;0;0;0;0;0;0;0;0;0;0;0;0;0;0;0;0;0;0;0;0;0;0;0;0;0;0;0;0;0;0;0;0;0;0;0;0;0;0;0;0;0;0;0;0;0;0;0;0;0;0;0;0;0;0;0;0;0;0;0;0;0;0;0;0;0;0;0;0;0;0;0;0;0;0;0;0;0;0;0;0;0;0;0;0;0;0;0;0;0;0;0;0;0;0;0;0;0;0;0;0;0;0;0;0;0;0;0;0;0;0;0;0;0;0;0;0;0;0;0;0;0;0;0;0;0;0;0;0;0;0;0;0;0;0;0;0;0;0;0;0;0;0;0;0;0;0;0;0;0;0;0;0;0;0;0;0;0;0;0;0;0;0;0;0;0;0;0;0;0;0;0;0;0;0;0;0;0;0;0;0;0;0;0;0;0;0;0;0;0;0;0;0;0;0;0;0;0;0;0;0;0;0;0;0;0;0;0;0;0;0;0;0;0;0;0;0;0;0;0;0;0;0;0;0;0;0;0;0;0;0;0;0;0;0;0;0;0;0;0;0;0;0;0;0;0;0;0;0;0;0;0;0;0;0;0;0;0;0;0;0;0;0;0;0;0;0;0;0;0;0;0;0;0;0;0;0;0;0;0;0;0;0;0;0;0;0;0;0;0;0;0;0;0;0;0;0;0;0;0;0;0;0;0;0;0;0;0;0;0;0;0;0;0;0;0;0.38947053;0.40765313;0.41254768;0.41969798;0.42411791;0.42518727;0.43704017;0.43704017;0.43767078;0.43908831;0.43908831;0.43997572;0.4429402;0.44519571;0.44519571;0.45047894;0.45309205;0.45317841;0.45321901;0.4602146;0.46189177;0.46304509;0.46304509;0.46481867;0.46731503;0.46849033;0.47262642;0.47784668;0.48171779;0.48171779;0.48442802;0.48535748;0.48966848;0.49535382;0.49559089;0.49933792;0.50282911;0.50545543;0.50698392;0.50775304;0.51042505;0.51260709;0.51260709;0.51429446;0.51585317;0.51612373;0.51665;0.51665;0.51794192;0.51794192;0.51812905;0.51860916;0.52102068;0.52189634;0.52189634;0.52369492;0.52758698;0.52758698;0.529439;0.53193829;0.53193829;0.53199215;0.5323412;0.53362964;0.53571347;0.53659637;0.53660999;0.53963082;0.53965687;0.53998618;0.54209541;0.54220891;0.54220891;0.5422929;0.54329267;0.54427137;0.54427137;0.54440382;0.54466183;0.54521188;0.54568313;0.54596924;0.54596924;0.54629079;0.54784785;0.54895899;0.5507269;0.55082398;0.55164121;0.55164121;0.55210789;0.55244662;0.55255885;0.55276091;0.55276091;0.55461847;0.55492505;0.55531625;0.5561421;0.5574034;0.55748299;0.55748299;0.55781453;0.55791843;0.5582728;0.55885104;0.56042573;0.5605621;0.56221834;0.56286432;0.56286432;0.56438605;0.56447029;0.56627612;0.56703492;0.56742983;0.56756252;0.56791365;0.56870733;0.57073206;0.57325268;0.57397714;0.57486258;0.57501742;0.57608822;0.57680745;0.57680745;0.57768378;0.57984619;0.58026071;0.58026071;0.58076422;0.58097599;0.58138769;0.58190031;0.58321645;0.5834879;0.5834879;0.58367409;0.58426045;0.58431799;0.58445378;0.58445479;0.58445479;0.58731287;0.58883614;0.58930088;0.59226945;0.59236276;0.59314922;0.59361245;0.59385687;0.59395712;0.59438381;0.59565522;0.59651412;0.59757876;0.59772708;0.5995596;0.6000188;0.60033182;0.60033182;0.60046464;0.60052127;0.60076334;0.60247212;0.60280566;0.60288115;0.60389774;0.60438314;0.60450016;0.60485882;0.60514521;0.60649945;0.60752905;0.60753046;0.60804794;0.60811527;0.60924348;0.61012871;0.61030227;0.61037472;0.61038793;0.61096693;0.61100363;0.61138597;0.61189154;0.61306249;0.61387064;0.6141834;0.61456681;0.61472446;0.6147545;0.61551458;0.61629334;0.61682169;0.61687563;0.61778226;0.61834225;0.61864236;0.61885022;0.61905399;0.6191581;0.61926219;0.62014155;0.62014155;0.62030338;0.62030338;0.62129795;0.62129795;0.62276812;0.6242918;0.6243885;0.62457369;0.6246882;0.6246882;0.62495779;0.62496934;0.62514215;0.62553847;0.62575126;0.62600868;0.62614898;0.62621139;0.62621139;0.62689737;0.62689737;0.62704768;0.62706299;0.62712905;0.62712905;0.62751969;0.62778249;0.62791994;0.62831959;0.62831959;0.62908823;0.62928532;0.6294502;0.6294502;0.62945627;0.62954774;0.63045305;0.63153426;0.63153426;0.63251951;0.63252459;0.63252459;0.63272749;0.63358029;0.63359963;0.63395868;0.63407499;0.63437864;0.63458675;0.63578554;0.63688709;0.63706916;0.63707457;0.63828207;0.63949961;0.63961563;0.6396192;0.64085214;0.6411998;0.6418651;0.6418651;0.64267581;0.64338544;0.64346136;0.64392252;0.64462035;0.64462035;0.64483157;0.64483157;0.64504423;0.64504423;0.64509175;0.64542455;0.64554136;0.64615908;0.64662484;0.64721289;0.64764769;0.64823536;0.6483438;0.64854453;0.64965483;0.64978091;0.64989856;0.65037842;0.65057139;0.6509129;0.65241308;0.65241308;0.65388742;0.65388742;0.65388974;0.65418826;0.65464167;0.65469377;0.65547219;0.65547219;0.65550474;0.6559972;0.65730051;0.65774914;0.65777172;0.65783996;0.65817029;0.65825985;0.65825985;0.65862186;0.65909941;0.65912044;0.65916881;0.65940192;0.65975511;0.66004748;0.66097961;0.66130849;0.66138271;0.66211562;0.66328142;0.66380928;0.66422407;0.66450803;0.66450803;0.66482644;0.66526637;0.66561068;0.66587746;0.66614176;0.66661375;0.66661526;0.66678479;0.66678479;0.66702578;0.66702578;0.66705447;0.66716974;0.66730927;0.66735029;0.66737336;0.66773805;0.6678445;0.66824706;0.66825284;0.66868127;0.66901203;0.66910852;0.66915957;0.66919343;0.66971569;0.66992209;0.67095594;0.67104454;0.67135097;0.67135097;0.67144056;0.67180313;0.67222266;0.67222266;0.67256272;0.6735648;0.67363564;0.67368274;0.67413945;0.67524557;0.67524557;0.6758199;0.67607905;0.67607905;0.67749203;0.6785916;0.67861713;0.67873821;0.67873821;0.67897769;0.67908006;0.67908006;0.67912126;0.67919591;0.67928957;0.67964607;0.68022866;0.68022866;0.68029476;0.68029476;0.68110481;0.68203857;0.68231635;0.68312466;0.68342658;0.68396772;0.68420678;0.68420678;0.68454672;0.68476783;0.68484597;0.68486168;0.68486168;0.68509056;0.68536242;0.68634129;0.68668813;0.68683618;0.68685299;0.68795471;0.68868844;0.68869441;0.68886794;0.68958346;0.69000456;0.69114706;0.69241881;0.69250238;0.69295036;0.69333531;0.69346586;0.69360913;0.69367834;0.69375065;0.69377494;0.69385913;0.69432198;0.69436969;0.69468093;0.69492505;0.69492845;0.69492845;0.69597985;0.69597985;0.69624633;0.69669231;0.69695929;0.69717106;0.69791064;0.69839042;0.69839042;0.69857721;0.6990526;0.69965845;0.69975402;0.69980602;0.70078436;0.70125121;0.70369002;0.70371761;0.70372376;0.70389442;0.7039658;0.70398052;0.70415544;0.70499088;0.70499681;0.70499681;0.7051831;0.70621203;0.70630226;0.70631534;0.7078659;0.70868276;0.70873387;0.70906772;0.70917556;0.70937978;0.70952185;0.70986998;0.71003924;0.71003924;0.71011629;0.71046404;0.71051808;0.71077818;0.71082755;0.71128044;0.71149794;0.71298013;0.7132117;0.71340488;0.71384145;0.71384145;0.7140938;0.71498637;0.71577297;0.71633673;0.71652121;0.71712879;0.717603;0.71765574;0.71768288;0.71773347;0.71807554;0.71859014;0.71867702;0.71886102;0.71914186;0.71943618;0.71986738;0.71992066;0.72039505;0.72084937;0.72159469;0.72281155;0.72285928;0.72303186;0.72303186;0.72332328;0.72381715;0.72381715;0.72469658;0.72469952;0.72507;0.72519384;0.72578511;0.72634586;0.72654991;0.72676785;0.72683421;0.72815116;0.72844057;0.72881522;0.72909741;0.72927509;0.72936088;0.72981435;0.72986384;0.73075112;0.73085391;0.73134659;0.73214007;0.73247226;0.73264223;0.73279499;0.7328249;0.73359655;0.73431396;0.73497821;0.73502177;0.73518979;0.73520037;0.7354654;0.73552141;0.73589858;0.73663486;0.73670087;0.73700485;0.73700485;0.73723107;0.73779899;0.73799975;0.73815646;0.73849241;0.73874501;0.73925083;0.73928826;0.73929943;0.7396992;0.73971608;0.73995571;0.74093996;0.74103026;0.74106091;0.74146657;0.7418045;0.74196122;0.74247503;0.74266175;0.7436111;0.7436111;0.74432923;0.74466279;0.74545748;0.74649165;0.74744345;0.74786303;0.74810415;0.74836919;0.74862167;0.7489435;0.74940508;0.74970314;0.74989072;0.7499365;0.75030796;0.75092997;0.75209278;0.75223762;0.75264071;0.75266337;0.75351363;0.75351825;0.75354424;0.75386754;0.75387511;0.7540734;0.75476932;0.75499023;0.75512937;0.75556481;0.75592793;0.75670171;0.75706774;0.75725436;0.75766001;0.75778638;0.7580808;0.75822765;0.75851424;0.76011493;0.76053974;0.76056406;0.76056406;0.76157835;0.7615948;0.76169478;0.76169478;0.76304746;0.76331324;0.76333497;0.76333497;0.76371485;0.76379596;0.76386813;0.76394637;0.76394637;0.76442622;0.76452262;0.76473246;0.76473277;0.76475073;0.76480414;0.76532504;0.76574541;0.76574541;0.7662274;0.76670486;0.76692091;0.76696682;0.76746639;0.7684127;0.7684419;0.76861179;0.76865561;0.76869045;0.76869944;0.76879049;0.76884692;0.76900733;0.76931715;0.7695548;0.76963621;0.77000948;0.77006571;0.77073752;0.77086368;0.77106702;0.77202235;0.77217879;0.77245497;0.77294276;0.77314922;0.77407103;0.77409812;0.77423852;0.77445224;0.77542018;0.77542018;0.776944;0.77724112;0.77754913;0.77816379;0.77830095;0.77851379;0.77852976;0.77860282;0.77873716;0.77888217;0.77891978;0.77895835;0.77902622;0.77902622;0.7793218;0.78070238;0.78070238;0.78086833;0.78119125;0.78133229;0.78134262;0.78151502;0.78182559;0.78246646;0.78251732;0.78402951;0.78402951;0.78425302;0.78438377;0.78515264;0.78550866;0.78594514;0.78598199;0.785986;0.78667198;0.78692672;0.78695216;0.78697682;0.7870187;0.7870187;0.7872333;0.78726549;0.78740155;0.78760932;0.78772947;0.78786895;0.78794646;0.78794693;0.78794693;0.78798605;0.78820461;0.78832179;0.78840889;0.7889594;0.78918562;0.78921547;0.78933139;0.78933139;0.78960302;0.78960302;0.78992143;0.79079474;0.79079474;0.79080153;0.7920371;0.79246942;0.79247798;0.79261591;0.79335297;0.79434592;0.79448015;0.79453565;0.79471036;0.79525697;0.79536374;0.7955745;0.79578721;0.79586261;0.79592106;0.79639024;0.79663188;0.79663188;0.79664826;0.79689589;0.79701758;0.79771921;0.79771921;0.79810417;0.7983027;0.79857029;0.79899463;0.79929162;0.80078838;0.80078838;0.80090658;0.80150862;0.80241473;0.8026615;0.80277511;0.80277511;0.80351865;0.80360934;0.80378403;0.80407713;0.80436269;0.80497239;0.80523749;0.80563929;0.80594809;0.80624368;0.80632037;0.80664239;0.80691925;0.80696453;0.80700343;0.80736376;0.80783251;0.80818675;0.80852426;0.80859925;0.80863042;0.80880421;0.80903375;0.80975002;0.81016274;0.81021605;0.8103843;0.81088087;0.81109353;0.81118425;0.81123288;0.81123288;0.81151168;0.81159215;0.8117545;0.81210704;0.81372937;0.81372937;0.81387704;0.81437058;0.81437058;0.81468923;0.81495614;0.81496963;0.81511805;0.81531924;0.81578093;0.81595996;0.81607911;0.81608458;0.81608458;0.81625783;0.81662089;0.8166265;0.81676327;0.81694879;0.81749163;0.81781727;0.81834807;0.81857479;0.81911653;0.8191226;0.81955219;0.82000368;0.82011929;0.82026474;0.8205768;0.82070329;0.82070341;0.82107092;0.82107092;0.82115449;0.82119046;0.82123286;0.82184703;0.82192765;0.82232321;0.82260121;0.82264893;0.82308146;0.82385702;0.82385702;0.82402944;0.82482569;0.82484595;0.82502727;0.82508503;0.82524791;0.82541578;0.82546952;0.82572605;0.82588588;0.82603749;0.82604386;0.82688957;0.82707973;0.82711868;0.82744129;0.82759539;0.82764325;0.82764325;0.82912907;0.82938678;0.82956052;0.82966035;0.83006364;0.83034615;0.83034615;0.83067725;0.83155932;0.83186265;0.83204499;0.83230651;0.83230651;0.83274656;0.83282063;0.83282906;0.8336894;0.83411004;0.83499713;0.83502784;0.83502784;0.8353601;0.83544182;0.83559296;0.83563616;0.83625079;0.83632817;0.83672904;0.83762856;0.83762856;0.83767588;0.83812125;0.8381289;0.83939605;0.83982543;0.84007871;0.84022449;0.84041361;0.84092503;0.8411135;0.84114298;0.84130146;0.84138991;0.84313333;0.84370326;0.84381687;0.84432694;0.8451475;0.84520032;0.84524721;0.84524721;0.84621581;0.84642548;0.84642548;0.84646951;0.84687593;0.84687593;0.84712048;0.84716924;0.84745261;0.8474616;0.84800388;0.84808389;0.84812112;0.8481439;0.84845174;0.84850992;0.84853333;0.84890443;0.84901068;0.84902749;0.84910111;0.84913001;0.84953845;0.85000645;0.85045722;0.85094519;0.85101197;0.85154931;0.85160837;0.85172323;0.85219811;0.85220954;0.85233979;0.8524191;0.8525561;0.85271163;0.85329543;0.85329543;0.85334407;0.85339771;0.85401507;0.8548173;0.85580477;0.85598012;0.85603785;0.85603785;0.85621856;0.85637473;0.85664897;0.85694021;0.85731584;0.85809484;0.85811919;0.85897432;0.85937463;0.85949396;0.85949396;0.85971885;0.86005957;0.86043207;0.86096735;0.86114585;0.86194005;0.86223735;0.86231223;0.86237605;0.86250667;0.86253328;0.86262682;0.86327715;0.86329645;0.86409244;0.86413587;0.86428294;0.86438696;0.86473364;0.86511718;0.86548916;0.86559804;0.86601244;0.86668432;0.86678357;0.86775906;0.86799224;0.86897394;0.86897706;0.86901489;0.87069981;0.87136031;0.87140683;0.87157108;0.87224997;0.87238187;0.87294697;0.87294768;0.87317112;0.87334486;0.87373318;0.87440435;0.87455021;0.87493519;0.87495638;0.87576416;0.87611078;0.87653772;0.87657656;0.87677244;0.87705389;0.87762175;0.87776261;0.87800059;0.87809655;0.87848106;0.8787758;0.8787758;0.87911846;0.87911846;0.87917769;0.87954282;0.87991831;0.88019111;0.88043276;0.88045086;0.88059693;0.88078607;0.88095336;0.88095336;0.88174242;0.88184589;0.8822105;0.88224028;0.8828704;0.88335692;0.88341791;0.88372878;0.883981;0.88474885;0.88487554;0.88487582;0.88495646;0.88496957;0.88496957;0.88540076;0.88572025;0.88572025;0.88583823;0.88689041;0.88691024;0.88740376;0.88758642;0.88837625;0.88918958;0.88948075;0.88976891;0.89019671;0.89019671;0.89021087;0.89049506;0.89085909;0.89085909;0.89109397;0.89127385;0.89129483;0.89140876;0.89183753;0.89203286;0.89220921;0.89220921;0.89247284;0.89273389;0.89283157;0.89302292;0.89302292;0.89335401;0.89398342;0.89405037;0.89423293;0.89494187;0.89560705;0.89630387;0.89668314;0.89687183;0.89695419;0.89713186;0.89724433;0.8977427;0.8980554;0.89896322;0.89922481;0.89922481;0.90002331;0.900064;0.90031099;0.90033675;0.90035276;0.9005446;0.90069678;0.90079972;0.90101335;0.90159333;0.90182147;0.90197335;0.90204066;0.90219937;0.90226708;0.90314964;0.90373507;0.90373507;0.90413362;0.90424632;0.90462198;0.90484162;0.90549654;0.90569755;0.90569801;0.90569801;0.90597135;0.90600826;0.90610418;0.90625419;0.9064606;0.90695413;0.90717933;0.90726143;0.90745629;0.90750052;0.90803231;0.90819143;0.90889778;0.90929819;0.90935403;0.90944715;0.90967315;0.91002159;0.91004749;0.91012882;0.9105831;0.91114366;0.9112237;0.91153781;0.91201555;0.91232797;0.91236356;0.91242127;0.91264405;0.91297184;0.91310086;0.91319151;0.91344487;0.91344487;0.91363911;0.91384635;0.91461439;0.91470994;0.91472432;0.91486303;0.91549826;0.9156912;0.91609192;0.91634129;0.91637977;0.91643011;0.91643011;0.91660988;0.91694305;0.9174279;0.91801231;0.91832935;0.91845176;0.91883278;0.91972221;0.91988474;0.92074271;0.92129042;0.92182887;0.92245893;0.92318728;0.92318728;0.92325544;0.9236548;0.92396183;0.92420563;0.92447859;0.92498172;0.92531597;0.92594237;0.92652449;0.92708565;0.92718395;0.92718395;0.92831315;0.92845601;0.9286133;0.9286309;0.92903702;0.92936202;0.92964562;0.93027;0.93044856;0.93064554;0.93151089;0.93163759;0.93227805;0.93309232;0.93361556;0.9337516;0.93418961;0.93443885;0.93443885;0.93464688;0.93464688;0.93516207;0.93545369;0.93549989;0.93598625;0.93686193;0.93708316;0.93750623;0.93785578;0.93844246;0.93847001;0.9386277;0.93876868;0.93876868;0.94024937;0.94025562;0.94080996;0.94080996;0.94126618;0.94126618;0.94142719;0.94162305;0.94165018;0.94211042;0.94223089;0.9423326;0.94336126;0.94338735;0.94344841;0.94454394;0.94486894;0.94534849;0.94546514;0.94608717;0.94612842;0.9465821;0.9465821;0.94691588;0.94700703;0.94718338;0.94718338;0.94722057;0.94787773;0.94788553;0.94809517;0.94811969;0.94860832;0.94871982;0.94884369;0.94887056;0.94904937;0.94988222;0.95001422;0.95013613;0.95015254;0.95109477;0.95131598;0.95154563;0.95161959;0.95228238;0.95372491;0.95377374;0.95381213;0.95382632;0.95382632;0.95405579;0.95424278;0.95461875;0.9558788;0.95590115;0.95639092;0.95671904;0.95683362;0.95793863;0.95819798;0.95824261;0.95824261;0.95834253;0.95859676;0.95863954;0.95869421;0.95873281;0.95958763;0.95970782;0.95970782;0.9598894;0.96025667;0.9610072;0.96159877;0.96231286;0.96231758;0.96329653;0.96457665;0.96537483;0.96591955;0.96609295;0.96616215;0.96655157;0.96672741;0.96693916;0.96734762;0.96808444;0.96813831;0.96853639;0.96873291;0.96902981;0.96927303;0.96968113;0.97107864;0.97108412;0.97108412;0.97125506;0.97170732;0.97192259;0.97194938;0.97233589;0.97370874;0.97380583;0.97457429;0.97473935;0.97480857;0.97489614;0.97520895;0.97579699;0.97587186;0.97653155;0.97667468;0.97670412;0.97799771;0.9781754;0.97821689;0.97843137;0.97862369;0.97891369;0.97893513;0.97944057;0.97961046;0.97980113;0.97984638;0.98027045;0.98036944;0.98050875;0.98058803;0.98059369;0.98080443;0.98127829;0.98165231;0.98165591;0.98260679;0.98260679;0.98298392;0.98305828;0.98316063;0.98389092;0.98389092;0.98450254;0.98544285;0.98548552;0.98592663;0.98642153;0.987273;0.98805675;0.98805675;0.98896608;0.98922233;0.98972086;0.98980008;0.98980008;0.98988823;0.99064768;0.99127163;0.99191189;0.99193387;0.99335049;0.99343389;0.99348992;0.99363934;0.99385927;0.99441583;0.99467099;0.99480931;0.99537201;0.99561509;0.99564075;0.99564075;0.9956586;0.99632904;0.99643841;0.99720262;0.99737068;0.99757627;0.99827637;0.99908555;0.99948418;0.99998059;1.00005031;1.00081148;1.0015326;1.0015326;1.00160309;1.00233942;1.00304927;1.00349779;1.00442571;1.00490746;1.00549397;1.00604894;1.00605299;1.00650431;1.00681779;1.00686681;1.00772354;1.00791647;1.00797517;1.00801114;1.00805442;1.00830502;1.00836787;1.00918889;1.01129757;1.01210902;1.01259662;1.01303501;1.01303708;1.01343888;1.01343888;1.01474523;1.01485227;1.01657554;1.0167126;1.01673773;1.01703945;1.01792601;1.01839447;1.01878906;1.01897828;1.01924777;1.01960859;1.01970551;1.0198472;1.01987174;1.02035977;1.02097935;1.02100911;1.02103284;1.02115551;1.02124541;1.0215403;1.0235872;1.02361911;1.02363144;1.02499144;1.0253602;1.02571516;1.02612949;1.02648962;1.02652826;1.02666075;1.02666075;1.02684958;1.02692388;1.02695899;1.02705257;1.02712606;1.02748033;1.02748033;1.02790121;1.02813844;1.02820103;1.02875158;1.0305396;1.03073956;1.0322341;1.03271593;1.03271593;1.0328329;1.03381696;1.03410439;1.0341365;1.03445742;1.03480314;1.03502533;1.0355586;1.03567248;1.03567248;1.03710315;1.03787954;1.03793364;1.03828821;1.03895621;1.04007432;1.04026783;1.04031748;1.04058956;1.04063082;1.04076071;1.0411648;1.04135056;1.04213306;1.0424581;1.04332738;1.04332738;1.0447099;1.04490008;1.04494038;1.04534677;1.04534677;1.04536216;1.04690101;1.04715396;1.0492641;1.04932344;1.04953281;1.04958641;1.0496056;1.04983152;1.04994378;1.05032195;1.05063411;1.05094698;1.0511376;1.05149642;1.05271155;1.05343048;1.05343048;1.05362261;1.05385468;1.05433764;1.05481421;1.05481421;1.05490716;1.05542627;1.05555818;1.0560767;1.0565434;1.05691271;1.0596495;1.05980345;1.05987165;1.06015969;1.06032074;1.06064761;1.06156002;1.06303328;1.06323551;1.06470252;1.06562681;1.06602322;1.06654369;1.06848912;1.06961945;1.07004073;1.07048063;1.07340902;1.0734777;1.07357265;1.07397351;1.07397642;1.07429769;1.0744296;1.07477025;1.07541579;1.07578963;1.07586675;1.07642738;1.07674878;1.07700866;1.07700866;1.07741381;1.07752151;1.07809232;1.07842465;1.07884184;1.07902309;1.07924611;1.07961697;1.07967493;1.07967493;1.07967505;1.08025726;1.08041787;1.08095112;1.08234065;1.08271705;1.08284306;1.08284306;1.08327598;1.08363675;1.08389529;1.08408845;1.08553589;1.08569052;1.08645175;1.08715791;1.08726725;1.08840669;1.08885351;1.09096572;1.09146455;1.09155153;1.09165741;1.0923689;1.09239847;1.09286977;1.09286977;1.09319311;1.09328988;1.09453171;1.09453171;1.09491739;1.09500799;1.09500799;1.09520665;1.09577756;1.09577756;1.09615125;1.09626743;1.09663938;1.09670161;1.09726965;1.09736795;1.09781565;1.09962409;1.10021629;1.10362491;1.10386102;1.10414652;1.1046795;1.10486155;1.10576499;1.10751481;1.10873791;1.10875358;1.10886201;1.11089225;1.11089225;1.11110532;1.11273737;1.11312399;1.1140775;1.11476495;1.11573232;1.11612556;1.11620284;1.11719377;1.11719377;1.11820643;1.12025771;1.12046299;1.12215088;1.122836;1.12302647;1.12333646;1.12358422;1.12557367;1.12557372;1.1262849;1.12791962;1.12794139;1.12832988;1.12890382;1.12890382;1.12945081;1.13009274;1.13196023;1.13201922;1.13201922;1.13221022;1.13225232;1.13255516;1.13297586;1.13312031;1.13340898;1.1338186;1.13390357;1.13390357;1.13396657;1.13441759;1.13473658;1.13473658;1.13546641;1.13552962;1.13596907;1.13598014;1.13625596;1.13737635;1.13846126;1.13867946;1.13932401;1.1397694;1.14019793;1.14268874;1.14289901;1.14360245;1.1459864;1.14600103;1.14605175;1.14668232;1.14700533;1.14783044;1.14833731;1.14937328;1.15065688;1.15078813;1.15094807;1.15185525;1.15324059;1.15357324;1.15736356;1.15804519;1.16056319;1.16101828;1.16129882;1.16217487;1.16357048;1.16357048;1.16408511;1.16534334;1.16566964;1.16590153;1.16635214;1.16693872;1.16763868;1.16794383;1.16884754;1.1701899;1.17084644;1.17086144;1.17111241;1.17226005;1.17230814;1.17264743;1.17264743;1.17436608;1.17546451;1.17556881;1.17571981;1.17604648;1.17663814;1.17725562;1.17751787;1.17755497;1.17904332;1.18045153;1.18098759;1.18308974;1.18462638;1.1858343;1.18591316;1.18721749;1.18733129;1.18825287;1.18827311;1.18859456;1.18875952;1.18875952;1.19019192;1.19033003;1.19041728;1.19059196;1.19071993;1.19071993;1.19084312;1.19089197;1.19113393;1.19307174;1.19307174;1.19387581;1.19436036;1.19490846;1.19680129;1.19681189;1.19756658;1.19756658;1.19864822;1.19875168;1.19887244;1.19918048;1.19918048;1.19933233;1.19967221;1.20144614;1.2015166;1.20156064;1.20252218;1.20288993;1.20321161;1.20324005;1.2041911;1.20442536;1.20643858;1.20753687;1.20777703;1.20858047;1.20880394;1.20926613;1.20967615;1.21026464;1.21072774;1.21217256;1.21252825;1.2126877;1.21460037;1.21460037;1.2163567;1.21658223;1.21728981;1.21731648;1.21871735;1.21925643;1.21992366;1.22042205;1.22046097;1.22092644;1.22098018;1.2232144;1.22346364;1.22373546;1.2249889;1.22540051;1.22708506;1.22708506;1.22727848;1.22730214;1.2284781;1.22899947;1.23256238;1.23324224;1.23467727;1.234848;1.23607913;1.23633681;1.23692784;1.23718726;1.23850909;1.23998698;1.24068638;1.24089518;1.24316047;1.24316047;1.24319462;1.2431962;1.24336776;1.24349184;1.24514227;1.24518171;1.24518171;1.2456786;1.2457022;1.24605444;1.24685956;1.24690835;1.24690835;1.2472119;1.2472119;1.24776446;1.2479596;1.24937841;1.25019858;1.25061999;1.25069019;1.25147075;1.25222334;1.25281087;1.25317025;1.2568067;1.2589876;1.2589876;1.26040174;1.2624473;1.26250639;1.2626858;1.26281602;1.26318418;1.26421496;1.26427185;1.26439059;1.26512419;1.26515417;1.26554623;1.26695777;1.26813803;1.26932544;1.27030495;1.27056867;1.27074596;1.2709265;1.27160234;1.27328814;1.27328814;1.27375696;1.27489327;1.27550109;1.27582736;1.27755028;1.27786884;1.28040618;1.28096276;1.28271478;1.28453904;1.28691294;1.28691294;1.287158;1.28828267;1.28906373;1.29053815;1.29328012;1.29328012;1.29446099;1.29456659;1.29559795;1.29730764;1.29841675;1.29849376;1.29965607;1.30085442;1.30102093;1.30341879;1.30409565;1.30476933;1.3051215;1.3051215;1.30532501;1.30550463;1.30575288;1.30597156;1.30717391;1.30738273;1.30871007;1.30871007;1.3114609;1.31246095;1.31325471;1.31387368;1.3150039;1.3170989;1.31764602;1.31988654;1.32040011;1.3220045;1.32249275;1.32383647;1.32479432;1.32524981;1.32678056;1.32684648;1.32685392;1.32900307;1.32979893;1.33022203;1.33074165;1.33141562;1.33395444;1.33587431;1.33631427;1.33960275;1.33966738;1.33966738;1.3401474;1.34051507;1.34175874;1.3444454;1.3444454;1.34499764;1.34648066;1.34693691;1.34932048;1.34941258;1.34983602;1.3507194;1.35074745;1.35099932;1.35143744;1.35151508;1.3521579;1.35270731;1.35285586;1.35308341;1.3535849;1.35382868;1.3548402;1.35575755;1.35775886;1.35896329;1.36038248;1.36228184;1.36586406;1.36672082;1.36695594;1.36889513;1.36941923;1.36947453;1.36953904;1.37099297;1.3710906;1.37212033;1.37225745;1.37225745;1.37247302;1.37353146;1.37538537;1.37588978;1.38046697;1.38088602;1.38088602;1.38122137;1.38195006;1.3824447;1.38284326;1.38284326;1.38288952;1.38338381;1.38661061;1.38750087;1.38842743;1.38863581;1.38939942;1.39263688;1.39382073;1.39442262;1.39545907;1.39726485;1.39726485;1.3999819;1.40013897;1.40013897;1.40059164;1.407179;1.40739591;1.40759911;1.41063322;1.41158147;1.41357217;1.41406758;1.41518933;1.41534151;1.41536453;1.41596598;1.41747666;1.41810746;1.41948731;1.42078766;1.4216191;1.424867;1.42595963;1.42622431;1.42675043;1.43095084;1.43146652;1.43449146;1.43459664;1.43608959;1.43661925;1.43776514;1.43996312;1.43996312;1.44090699;1.44165087;1.44227907;1.44262116;1.4441004;1.44670555;1.44681614;1.44720714;1.44801611;1.45185021;1.45304142;1.45540597;1.45713943;1.45735895;1.45735895;1.45938626;1.45938626;1.4619506;1.46784048;1.46971689;1.47282843;1.47390429;1.47421107;1.47522008;1.47798735;1.47829048;1.47960725;1.48105684;1.48211923;1.48306827;1.48306827;1.48441368;1.48710115;1.49034429;1.49140384;1.49488892;1.49970733;1.50026087;1.50075779;1.50099613;1.50300818;1.5039489;1.5040693;1.5052539;1.50594339;1.50815359;1.50974639;1.51089871;1.51089871;1.51119767;1.5137554;1.51442512;1.51830584;1.52035181;1.52382724;1.52401962;1.52452364;1.52575515;1.52815568;1.52855448;1.53075474;1.53309165;1.53374874;1.53430692;1.53646506;1.53878023;1.53914348;1.54000361;1.54089467;1.54310815;1.54395054;1.54521137;1.54540504;1.54577538;1.54603774;1.54779051;1.55055813;1.55451736;1.55451736;1.55517035;1.55540937;1.55587067;1.55752323;1.55782323;1.5626432;1.5626432;1.56361004;1.56572471;1.56629578;1.56761224;1.56761224;1.56788014;1.56788014;1.56874912;1.56891842;1.56945107;1.5696335;1.57014734;1.57200571;1.57556549;1.57827554;1.58244445;1.58348384;1.58533087;1.59097173;1.59285489;1.59490235;1.60258555;1.60350549;1.60473704;1.60624505;1.60679167;1.60920816;1.61031654;1.6116161;1.61481294;1.61481294;1.61620886;1.62195171;1.62195171;1.62393026;1.62424814;1.62521966;1.62983737;1.62983737;1.63290166;1.63320362;1.63370553;1.64178143;1.64337389;1.64518211;1.64518211;1.64532695;1.64830544;1.64902985;1.6490716;1.65213609;1.65283293;1.65289496;1.659566;1.65969855;1.66110356;1.66239045;1.66393777;1.66444392;1.66503804;1.6693868;1.67127285;1.67446808;1.67719102;1.67863044;1.68436015;1.68601887;1.68756209;1.69212625;1.69269906;1.69269906;1.69636262;1.69668551;1.70091442;1.70156113;1.70265838;1.70594857;1.71078936;1.71078936;1.71085263;1.71220011;1.71245104;1.71855881;1.72208502;1.7234535;1.72406913;1.72537307;1.72865316;1.73032594;1.73039432;1.73155032;1.73303959;1.73522782;1.73980045;1.74703469;1.75159627;1.75320949;1.75492633;1.76135817;1.76376016;1.76515326;1.76632564;1.76762486;1.77916832;1.78016156;1.78479061;1.78977378;1.79417994;1.79665741;1.80179357;1.80284158;1.80453667;1.80462164;1.80582124;1.82148313;1.82334057;1.82454808;1.82793317;1.82793317;1.82847908;1.8319669;1.83506518;1.83964852;1.83977574;1.85160406;1.856817;1.86264883;1.87097846;1.87564613;1.87566419;1.88311727;1.88643044;1.88818987;1.89466719;1.89956578;1.90425062;1.90690057;1.90851499;1.91570219;1.91940104;1.91977652;1.92135705;1.92291438;1.92409147;1.92921754;1.93021327;1.933415;1.93357823;1.93516241;1.93602125;1.94760325;1.96172418;1.97359034;1.97516838;1.97796118;1.99380845;2.00801576;2.01657528;2.01966231;2.03783644;2.05232698;2.05795575;2.06450664;2.06450664;2.0706546;2.08756585;2.10021784;2.10326101;2.10658154;2.12777943;2.13487914;2.1607288;2.16847375;2.17876961;2.20305939;2.2072439;2.24245324;2.24296582;2.24380938;2.27054215;2.27514436;2.29444918;2.31174415;2.33385185;2.33905658;2.35246283;2.37003025;2.37439016;2.38025615;2.52895665;2.59135364;2.65968528;2.67650019;2.74487835;2.81154004;2.88249749;2.96564556;2.98914604;3.03941357;3.05440898;3.49698234;4.12728449;4.20478499",0.749952767740521,"2026-08-09 22:01:15"
"shuffle","SUN-MCCD","ascend",1013,9,1,0.664,0.832,0.162094763092269,349,1,"3;5;6;8;9;10;14;15;17;18;20;22;31;35;37;40;41;44;47;48;52;55;59;62;63;64;67;70;73;75;77;90;94;100;104;105;107;109;112;116;117;130;131;132;137;138;145;146;148;150;151;154;155;158;159;163;164;165;171;173;174;179;180;186;187;191;198;199;203;204;206;207;209;210;213;219;221;223;226;227;231;232;234;237;239;240;241;243;257;259;263;274;275;283;288;289;293;303;305;307;308;312;323;326;327;328;329;332;334;335;336;337;339;340;344;345;346;348;349;352;354;356;363;364;367;368;369;374;378;379;387;401;402;404;409;410;411;419;421;422;424;427;432;433;434;435;436;439;443;449;451;461;465;469;470;476;479;481;483;490;492;494;497;498;500;501;502;504;505;509;511;513;515;517;518;521;522;523;526;529;532;534;536;541;546;551;552;557;559;560;564;569;570;571;576;579;581;584;586;589;592;593;594;595;597;605;612;618;622;623;624;627;631;633;635;636;640;642;645;648;649;652;656;657;666;667;669;670;671;677;678;679;681;683;685;688;692;693;697;701;702;706;710;712;719;720;721;722;727;728;730;734;737;743;744;748;752;760;761;762;764;767;769;771;772;773;774;776;777;780;783;785;786;788;789;792;796;800;806;814;815;819;822;824;827;828;832;837;838;841;842;843;845;846;847;853;854;856;859;871;874;879;881;888;890;896;901;906;907;911;914;915;917;922;923;924;927;930;935;944;947;948;949;951;952;955;958;970;980;983;988;991;995;996;998;1000;1001;1002;1003;1004;1005;1006;1007;1008;1009;1010;1011;1012;1013",3.80691194534302,"ok",NA,1,"ascend","0;0;0;0;0;0;0;0;0;0;0;0;0;0;0;0;0;0;0;0;0;0;0;0;0;0;0;0;0;0;0;0;0;0;0;0;0;0;0;0;0;0;0;0;0;0;0;0;0;0;0;0;0;0;0;0;0;0;0;0;0;0;0;0;0;0;0;0;0;0;0;0;0;0;0;0;0;0;0;0;0;0;0;0;0;0;0;0;0;0;0;0;0;0;0;0;0;0;0;0;0;0;0;0;0;0;0;0;0;0;0;0;0;0;0;0;0;0;0;0;0;0;0;0;0;0;0;0;0;0;0;0;0;0;0;0;0;0;0;0;0;0;0;0;0;0;0;0;0;0;0;0;0;0;0;0;0;0;0;0;0;0;0;0;0;0;0;0;0;0;0;0;0;0;0;0;0;0;0;0;0;0;0;0;0;0;0;0;0;0;0;0;0;0;0;0;0;0;0;0;0;0;0;0;0;0;0;0;0;0;0;0;0;0;0;0;0;0;0;0;0;0;0;0;0;0;0;0;0;0;0;0;0;0;0;0;0;0;0;0;0;0;0;0;0;0;0;0;0;0;0;0;0;0;0;0;0;0;0;0;0;0;0;0;0;0;0;0;0;0;0;0;0;0;0;0;0;0;0;0;0;0;0;0;0;0;0;0;0;0;0;0;0;0;0;0;0;0;0;0;0;0;0;0.02295774;0.02466741;0.02713187;0.02921894;0.03841402;0.04436523;0.04436523;0.04480487;0.05008961;0.05246262;0.05463317;0.05483213;0.05833477;0.05843788;0.05891555;0.07266129;0.07275115;0.07290068;0.07776179;0.07776179;0.07798553;0.07798553;0.07798553;0.07873596;0.07873596;0.07873596;0.0795067;0.07971317;0.07985363;0.0802617;0.08233273;0.08380099;0.08380099;0.08670743;0.08711111;0.08896147;0.08896147;0.08905935;0.08921067;0.09030258;0.09066345;0.09066363;0.09081964;0.09107109;0.09139336;0.09180216;0.09256545;0.09366249;0.09480029;0.09494344;0.0964321;0.09719263;0.09825458;0.09825458;0.0990773;0.09984755;0.10006581;0.10041799;0.10530697;0.10611929;0.10671297;0.10686096;0.10686096;0.10772367;0.10979065;0.10979065;0.11282402;0.11376026;0.114003;0.11528167;0.11543587;0.11830421;0.11880023;0.1204508;0.1206698;0.12068785;0.12068785;0.12086642;0.1210135;0.12305276;0.12316527;0.12496081;0.12503734;0.12503734;0.12529041;0.12529575;0.12529575;0.12603327;0.12624137;0.12634936;0.12808971;0.12911016;0.12916147;0.12927501;0.12927501;0.13201411;0.13230932;0.13239547;0.13239547;0.13248127;0.13248127;0.13258867;0.13332739;0.13398203;0.13444909;0.13499804;0.13499804;0.13702137;0.13702137;0.13719557;0.13835009;0.13868028;0.13868028;0.13881889;0.13882115;0.13985317;0.13987913;0.13987913;0.14030406;0.14078444;0.141485;0.14162347;0.14162347;0.14182836;0.1418325;0.1418904;0.14299476;0.14301605;0.14301605;0.14354004;0.14355521;0.14360071;0.14360071;0.14367653;0.1437826;0.1437826;0.14408523;0.14414505;0.14428159;0.14468396;0.14469901;0.14474416;0.14476383;0.14482558;0.14482733;0.14490711;0.14490711;0.14494622;0.1450598;0.14514788;0.14522486;0.14544084;0.14554904;0.14554904;0.14567723;0.14567723;0.14570856;0.14599542;0.14618151;0.14648375;0.14653135;0.14691429;0.14691429;0.14751388;0.14760486;0.14786001;0.14806272;0.14820282;0.14829788;0.14848753;0.14878174;0.14896503;0.14899049;0.14924943;0.15043846;0.15070492;0.15124399;0.15135384;0.15202865;0.152729;0.15275426;0.15303905;0.15316067;0.15328089;0.15333761;0.15333761;0.1538046;0.15460617;0.15471997;0.15498319;0.15508115;0.15524324;0.15536177;0.15545559;0.15557627;0.15562032;0.15570551;0.15630591;0.15741534;0.15781729;0.15782674;0.15784054;0.15784054;0.15804738;0.15828256;0.15831656;0.15886783;0.15886884;0.15975858;0.15980151;0.16023287;0.16092178;0.16118674;0.16143279;0.16153168;0.16191739;0.16191775;0.16200473;0.16207193;0.16209251;0.16209251;0.16211779;0.16211779;0.16217115;0.16217115;0.16218458;0.16222486;0.16228679;0.16245077;0.16249956;0.16257503;0.16257503;0.16278153;0.16278559;0.16320763;0.16320763;0.16341951;0.16369693;0.1637993;0.16394375;0.16415794;0.16438156;0.16465427;0.16465427;0.16534869;0.16575553;0.16622782;0.16628016;0.16742395;0.16803447;0.16814457;0.16818137;0.16840916;0.1684574;0.16887239;0.16911965;0.16911965;0.16945122;0.16945122;0.16985513;0.16985513;0.17030332;0.17033899;0.17037455;0.17046949;0.17047153;0.17069903;0.17178738;0.17180006;0.17210404;0.17210404;0.17220028;0.17224319;0.17240749;0.17268677;0.17278349;0.17357128;0.17384991;0.17391146;0.17461664;0.17541307;0.17579495;0.17584709;0.1759313;0.17614441;0.17624051;0.17634032;0.17653685;0.17658583;0.17760782;0.1778177;0.17796357;0.17821768;0.17853482;0.17859096;0.17859096;0.17860315;0.17913283;0.17932749;0.17939107;0.18020317;0.18020317;0.18117236;0.18125881;0.18207676;0.18207676;0.18239992;0.18265888;0.18374497;0.18384141;0.18407057;0.18431303;0.18436072;0.1843752;0.18486098;0.18507951;0.1858207;0.18613161;0.18633841;0.18633841;0.18665708;0.18667303;0.18667303;0.18676494;0.18708495;0.18742881;0.1876932;0.18811628;0.18811628;0.18822392;0.18856776;0.18897157;0.18897157;0.18973953;0.19019678;0.19052552;0.19074623;0.19113166;0.19177779;0.19213922;0.19218619;0.19358299;0.19383473;0.1941087;0.1941723;0.19417472;0.19481404;0.1951924;0.19678203;0.19680285;0.19683464;0.19690243;0.19786836;0.19866391;0.19866429;0.19896007;0.19955905;0.19959808;0.19972434;0.20046145;0.20077247;0.20100521;0.20169515;0.20169515;0.20206781;0.20218714;0.2026477;0.20338975;0.20338975;0.20358264;0.20366693;0.20372175;0.20417292;0.20417292;0.20446867;0.20491425;0.20570549;0.20622617;0.2069873;0.20730301;0.20757715;0.20953804;0.20969445;0.20969445;0.21037595;0.21037595;0.21113974;0.21149359;0.21160382;0.21242896;0.21352972;0.21357891;0.21371025;0.21399018;0.21410915;0.21417301;0.21447503;0.21505922;0.21505922;0.21562256;0.21597571;0.21675622;0.21719504;0.21732816;0.21734614;0.21819234;0.2188914;0.21900189;0.21949325;0.22011289;0.22011289;0.22012134;0.22027162;0.22164604;0.22265979;0.222772;0.22433078;0.2248556;0.22541548;0.22544962;0.22544962;0.22608075;0.22721702;0.22815137;0.22830406;0.22939272;0.22948727;0.22978437;0.22996099;0.22996099;0.23057079;0.23142318;0.23233355;0.23236339;0.23267077;0.23339482;0.23355457;0.23355457;0.23384964;0.23397862;0.23401469;0.2342918;0.23456682;0.23585464;0.23586631;0.2361616;0.2361616;0.23634553;0.2363863;0.23656021;0.23656778;0.23669617;0.23764318;0.23789353;0.23917377;0.23949006;0.23954637;0.24003473;0.24025294;0.24129896;0.24228617;0.24238073;0.24251056;0.24296563;0.24296563;0.24297314;0.24309085;0.24316098;0.24327453;0.24340446;0.2434628;0.2434628;0.243521;0.2439492;0.24447918;0.24466108;0.24504022;0.24504758;0.24504758;0.24523054;0.24592742;0.24616439;0.24624075;0.24624075;0.24629509;0.24699562;0.24719732;0.24868718;0.24952816;0.25020606;0.251044;0.25177031;0.25189755;0.25211325;0.25227097;0.25288807;0.25301722;0.25371646;0.25515548;0.2552738;0.25681344;0.25686979;0.25952239;0.26332668;0.26362141;0.26529159;0.26571672;0.26577486;0.26790457;0.26951266;0.26973623;0.26982482;0.27026599;0.27042504;0.27048946;0.27102114;0.27242649;0.27294568;0.27463474;0.27729382;0.27767919;0.27809173;0.27822174;0.28180836;0.28246281;0.28246281;0.28401201;0.28549983;0.28720143;0.28726967;0.28740534;0.28817045;0.28817045;0.2889652;0.2889652;0.28903303;0.28974442;0.29040538;0.29056585;0.2929601;0.29593256;0.2961442;0.29670393;0.29724927;0.29724927;0.29841928;0.30002266;0.30003042;0.30057725;0.30103517;0.30103517;0.30474227;0.30723833;0.30789894;0.30789894;0.30877957;0.310185;0.31104667;0.31160847;0.31222625;0.31240171;0.3151365;0.31582593;0.31886134;0.31944996;0.31947472;0.31947472;0.3206462;0.32072579;0.32072579;0.32164675;0.32224016;0.32226277;0.32251353;0.32524575;0.32612884;0.32702615;0.32799122;0.32909621;0.33207667;0.33282725;0.33403988;0.33404973;0.33576577;0.33768238;0.33817836;0.33866549;0.33988561;0.34022322;0.34061627;0.34227229;0.34406788;0.34592067;0.34607364;0.34669148;0.34715083;0.34719901;0.3475126;0.34845992;0.35035846;0.35091322;0.35178089;0.3520018;0.353404;0.35659421;0.35745533;0.36171511;0.36184003;0.36184003;0.36419843;0.36730994;0.36943346;0.37193726;0.37323575;0.37325401;0.37375549;0.37419841;0.37738099;0.37771666;0.37893484;0.38011897;0.38069078;0.38145382;0.38761455;0.38792429;0.38792429;0.39376756;0.39917168;0.39980988;0.40596938;0.41740228;0.41890556;0.42216699;0.42216699;0.42216699;0.42243251;0.42284635;0.42442813;0.42493938;0.42685365;0.42706182;0.42928824;0.42969717;0.43284539;0.43344159;0.43418129;0.43872285;0.44445871;0.45051604;0.45399028;0.45701458;0.45873791;0.46072203;0.46810514;0.47229885;0.47442501;0.47463578;0.48039165;0.48163005;0.48861511;0.48895239;0.4901644;0.49040481;0.49062104;0.49335029;0.49335029;0.49544143;0.50026381;0.5028935;0.50333379;0.51393606;0.52331861;0.52595612;0.52595612;0.52679959;0.53599498;0.55239232;0.56081426;0.56123437;0.56713776;0.56898096;0.57261609;0.57902737;0.5848773;0.60514296;0.61181503;0.61214779;0.63934461;0.64322262;0.6529181;0.68661594;0.70714602;0.78347843;0.78913372;0.81949607;0.84589868;0.99609037;0.99686211;1.00127111;1.05459708;1.26278279;2.0023182;2.07435442;2.21273038;2.7412439;4.30641156;4.98354158;5.88446206;6.10333781;6.165527",0.199382036466857,"2026-08-09 22:02:24"
"waveform","UN-MCCD","ascend",3443,21,0.54,0.700867484295543,0.620433742147771,0.185694635488308,1054,2,"1;3;5;9;13;14;15;16;17;24;25;26;27;28;29;31;32;33;35;40;47;54;57;63;64;68;69;72;75;76;77;79;87;88;92;96;97;99;100;104;114;122;127;128;132;133;135;136;138;142;143;145;152;170;174;175;180;183;185;192;193;198;201;210;214;218;221;222;231;234;237;238;239;242;248;249;260;261;262;264;266;267;269;273;274;278;281;283;287;288;293;295;298;299;303;305;306;308;311;312;315;318;324;327;331;332;335;336;337;340;342;347;349;351;352;353;356;359;362;364;366;367;371;374;375;379;381;382;383;385;386;389;392;393;394;396;405;406;408;409;411;412;416;421;422;423;429;436;440;445;449;450;454;455;458;465;466;468;469;473;475;477;478;482;483;490;491;493;494;498;501;503;506;507;509;511;513;514;520;524;525;526;527;532;534;535;537;538;539;540;542;545;547;550;551;554;555;557;558;560;563;564;565;568;575;576;578;580;585;587;588;592;593;596;601;602;604;609;610;612;614;617;624;627;630;632;636;647;650;657;659;661;662;668;670;677;685;686;689;690;692;699;703;707;711;721;728;735;737;752;763;772;774;779;783;787;790;791;796;799;802;803;806;811;816;818;819;822;829;831;833;841;844;850;854;858;860;864;868;874;877;882;884;890;892;898;899;902;904;909;920;926;927;931;932;933;937;938;940;943;949;952;955;957;962;966;974;983;984;993;995;997;998;999;1001;1002;1004;1006;1007;1011;1013;1017;1025;1031;1032;1034;1035;1042;1043;1049;1052;1053;1055;1065;1068;1070;1075;1083;1090;1091;1096;1098;1099;1100;1108;1110;1114;1121;1122;1126;1137;1138;1141;1147;1150;1152;1157;1160;1162;1168;1169;1170;1177;1181;1183;1186;1189;1191;1196;1204;1205;1209;1212;1216;1218;1219;1228;1233;1239;1240;1242;1243;1250;1255;1264;1269;1270;1276;1279;1280;1283;1286;1288;1289;1291;1292;1293;1296;1297;1300;1301;1303;1304;1305;1306;1307;1308;1313;1316;1317;1319;1320;1321;1324;1326;1327;1331;1333;1334;1336;1341;1343;1346;1355;1359;1360;1361;1363;1369;1372;1375;1376;1381;1386;1389;1392;1396;1397;1401;1402;1406;1415;1419;1420;1424;1425;1426;1427;1433;1434;1440;1442;1447;1448;1449;1450;1452;1454;1455;1457;1458;1459;1464;1468;1473;1477;1479;1487;1489;1492;1498;1509;1510;1513;1517;1524;1525;1539;1540;1548;1553;1554;1565;1566;1567;1568;1569;1570;1575;1576;1577;1583;1585;1586;1587;1589;1590;1599;1608;1609;1610;1611;1616;1619;1624;1625;1637;1645;1648;1655;1660;1661;1662;1663;1671;1672;1673;1674;1675;1678;1683;1684;1685;1691;1693;1694;1695;1696;1699;1700;1702;1707;1708;1709;1711;1714;1715;1718;1720;1725;1727;1734;1737;1738;1739;1740;1741;1746;1750;1762;1769;1770;1771;1773;1774;1775;1781;1786;1789;1790;1797;1798;1799;1801;1802;1805;1806;1810;1812;1815;1825;1828;1832;1839;1847;1849;1851;1853;1854;1862;1864;1866;1868;1869;1870;1872;1879;1881;1883;1884;1886;1887;1892;1912;1913;1914;1918;1920;1921;1922;1924;1925;1926;1929;1934;1939;1941;1944;1950;1953;1956;1960;1962;1967;1970;1975;1988;1989;1990;1993;1997;2004;2013;2019;2021;2031;2033;2040;2046;2051;2055;2060;2063;2068;2071;2072;2078;2083;2088;2092;2101;2104;2106;2110;2117;2124;2129;2130;2131;2134;2135;2139;2140;2142;2143;2144;2147;2148;2152;2157;2160;2161;2162;2163;2170;2172;2180;2181;2186;2189;2192;2195;2201;2206;2209;2221;2222;2223;2230;2234;2235;2236;2239;2248;2261;2263;2269;2270;2272;2273;2274;2277;2281;2283;2284;2286;2287;2289;2296;2298;2299;2307;2312;2313;2317;2319;2322;2327;2338;2347;2348;2350;2351;2352;2355;2357;2361;2363;2365;2366;2367;2370;2371;2372;2382;2389;2391;2393;2395;2400;2401;2404;2407;2409;2411;2420;2423;2427;2431;2437;2442;2444;2445;2446;2452;2454;2456;2461;2463;2464;2468;2469;2472;2481;2483;2484;2486;2492;2493;2495;2496;2497;2501;2502;2503;2507;2508;2510;2514;2528;2531;2532;2535;2537;2540;2541;2544;2545;2546;2556;2561;2562;2582;2584;2589;2592;2600;2605;2606;2611;2616;2622;2626;2627;2628;2631;2633;2641;2648;2649;2650;2652;2653;2661;2669;2672;2673;2686;2687;2689;2698;2699;2700;2703;2705;2721;2728;2731;2734;2735;2741;2749;2755;2757;2761;2763;2767;2768;2769;2774;2776;2784;2799;2800;2808;2811;2812;2816;2822;2823;2825;2830;2841;2844;2848;2851;2854;2858;2866;2867;2868;2869;2871;2877;2878;2882;2884;2885;2888;2889;2892;2896;2900;2902;2907;2910;2911;2920;2921;2922;2923;2925;2929;2938;2941;2943;2944;2948;2949;2952;2960;2963;2970;2974;2976;2979;2981;2982;2983;2986;2993;2997;3000;3001;3002;3008;3011;3012;3013;3018;3020;3022;3023;3024;3025;3026;3029;3032;3039;3047;3048;3049;3050;3053;3059;3069;3072;3075;3079;3080;3081;3082;3087;3090;3091;3092;3093;3097;3098;3101;3107;3108;3109;3110;3111;3112;3116;3119;3121;3138;3141;3142;3149;3153;3155;3156;3159;3160;3166;3167;3170;3173;3174;3177;3178;3179;3182;3183;3188;3189;3191;3199;3203;3206;3207;3214;3215;3221;3226;3227;3229;3235;3242;3243;3246;3251;3252;3253;3258;3260;3265;3279;3282;3283;3287;3290;3295;3300;3302;3305;3306;3318;3322;3323;3325;3328;3331;3335;3339;3340;3346;3347;3348;3349;3352;3353;3354;3355;3359;3360;3362;3364;3367;3368;3369;3370;3371;3374;3375;3377;3378;3380;3382;3386;3387;3389;3390;3394;3396;3397;3398;3399;3400;3401;3402;3403;3405;3407;3409;3410;3411;3413;3414;3415;3416;3422;3424;3425;3426;3427;3429;3432;3435;3442",445.687094926834,"ok",NA,1,"ascend","0;0;0;0;0;0;0;0;0;0;0;0;0;0;0;0;0;0;0;0;0;0;0;0;0;0;0;0;0;0;0;0;0;0;0;0;0;0;0;0;0;0;0;0;0;0;0;0;0;0;0;0;0;0;0;0;0;0;0;0;0;0;0;0;0;0;0;0;0;0;0;0;0;0;0;0;0;0;0;0;0;0;0;0;0;0;0;0;0;0;0;0;0;0;0;0;0;0;0;0;0;0;0;0;0;0;0;0;0;0;0;0;0;0;0;0;0;0;0;0;0;0;0;0;0;0;0;0;0;0;0;0;0;0;0;0;0;0;0;0;0;0;0;0;0;0;0;0;0;0;0;0;0;0;0;0;0;0;0;0;0;0;0;0;0;0;0;0;0;0;0;0;0;0;0;0;0;0;0;0;0;0;0;0;0;0;0;0;0;0;0;0;0;0;0;0;0;0;0;0;0;0;0;0;0;0;0;0;0;0;0;0;0;0;0;0;0;0;0;0;0;0;0;0;0;0;0;0;0;0;0;0;0;0;0;0;0;0;0;0;0;0;0;0;0;0;0;0;0;0;0;0;0;0;0;0;0;0;0;0;0;0;0;0;0;0;0;0;0;0;0;0;0;0;0;0;0;0;0;0;0;0;0;0;0;0;0;0;0;0;0;0;0;0;0;0;0;0;0;0;0;0;0;0;0;0;0;0;0;0;0;0;0;0;0;0;0;0;0;0;0;0;0;0;0;0;0;0;0;0;0;0;0;0;0;0;0;0;0;0;0;0;0;0;0;0;0;0;0;0;0;0;0;0;0;0;0;0;0;0;0;0;0;0;0;0;0;0;0;0;0;0;0;0;0;0;0;0;0;0;0;0;0;0;0;0;0;0;0;0;0;0;0;0;0;0;0;0;0;0;0;0;0;0;0;0;0;0;0;0;0;0;0;0;0;0;0;0;0;0;0;0;0;0;0;0;0;0;0;0;0;0;0;0;0;0;0;0;0;0;0;0;0;0;0;0;0;0;0;0;0;0;0;0;0;0;0;0;0;0;0;0;0;0;0;0;0;0;0;0;0;0;0;0;0;0;0;0;0;0;0;0;0;0;0;0;0;0;0;0;0;0;0;0;0;0;0;0;0;0;0;0;0;0;0;0;0;0;0;0;0;0;0;0;0;0;0;0;0;0;0;0;0;0;0;0;0;0;0;0;0;0;0;0;0;0;0;0;0;0;0;0;0;0;0;0;0;0;0;0;0;0;0;0;0;0;0;0;0;0;0;0;0;0;0;0;0;0;0;0;0;0;0;0;0;0;0;0;0;0;0;0;0;0;0;0;0;0;0;0;0;0;0;0;0;0;0;0;0;0;0;0;0;0;0;0;0;0;0;0;0;1.98206088;2.05969876;2.06293745;2.11449137;2.13765655;2.14635809;2.16859838;2.18748671;2.20561877;2.21102413;2.23976279;2.2414122;2.2414122;2.25089014;2.25754711;2.25785641;2.26853125;2.27581162;2.27824414;2.28303467;2.29398863;2.29741382;2.29915209;2.30218752;2.30783087;2.30850219;2.30906501;2.31271327;2.31384386;2.31434019;2.31802498;2.32059905;2.32192246;2.32230234;2.32408073;2.32469553;2.32509974;2.32570013;2.32594012;2.33201004;2.33764646;2.33945444;2.33974084;2.34391499;2.35336726;2.35448715;2.35496173;2.36103834;2.36229657;2.36311721;2.36360024;2.3657695;2.3657695;2.3675805;2.36779459;2.36822584;2.36822584;2.36860119;2.37354882;2.37496942;2.37761057;2.37773153;2.37776539;2.37776539;2.37954297;2.38093375;2.38113949;2.3816543;2.38281788;2.38320154;2.38629279;2.38644085;2.38651037;2.38772697;2.39319981;2.39505008;2.39627836;2.39647463;2.39660261;2.39782832;2.40365028;2.40640691;2.40672139;2.40763816;2.40982101;2.41062169;2.4112713;2.4112713;2.41382813;2.41495937;2.41592544;2.41642345;2.41741369;2.42004431;2.42038374;2.4208986;2.42188374;2.42215077;2.42271773;2.42506063;2.42517667;2.4260391;2.42638882;2.42910906;2.42943215;2.43118571;2.43167768;2.43171233;2.43336033;2.43381815;2.43417376;2.43479799;2.43794619;2.43914355;2.43933212;2.43986671;2.43986671;2.44132372;2.44277501;2.44378965;2.44463203;2.44463203;2.44533823;2.44545838;2.44572775;2.44668446;2.44668446;2.44682556;2.44710729;2.44728065;2.44800119;2.45023481;2.45042489;2.45158851;2.45216494;2.45216494;2.45219396;2.45220364;2.45408879;2.45419503;2.45419503;2.45443525;2.45475072;2.45638719;2.45749823;2.4580008;2.45829746;2.45921856;2.45921856;2.45970501;2.460522;2.46182478;2.46302816;2.46302816;2.46321701;2.46455826;2.46734047;2.46844406;2.46844406;2.46874147;2.47046378;2.47101643;2.47111173;2.47271848;2.47436285;2.47436285;2.47438621;2.47589225;2.47674351;2.47689636;2.47727943;2.47754417;2.47892089;2.48008861;2.4805914;2.48083214;2.48174915;2.48225155;2.48256454;2.4826712;2.48278892;2.48589734;2.48590846;2.48607268;2.48671084;2.48698812;2.48864286;2.4888527;2.4899134;2.49023237;2.49023237;2.49067936;2.49075538;2.4911146;2.49111595;2.49120947;2.49146309;2.49200532;2.4932446;2.49329457;2.49406411;2.4955541;2.49607512;2.49667705;2.49868965;2.50006488;2.50219955;2.50247104;2.50269674;2.50269674;2.50279816;2.50284991;2.50321134;2.5032118;2.50499069;2.50506808;2.50555104;2.50619969;2.50694385;2.50783312;2.50798925;2.50831937;2.50918795;2.51010859;2.51037498;2.51070836;2.51110265;2.51144632;2.51203631;2.51221818;2.51221818;2.51299207;2.51428426;2.5143986;2.51539055;2.51540146;2.51596587;2.51735567;2.51756562;2.51778997;2.51816034;2.51838783;2.51839516;2.51866763;2.51881709;2.51953631;2.5204882;2.52049313;2.52097865;2.52122681;2.52153287;2.52250234;2.52268228;2.52403611;2.52403611;2.52537357;2.52562297;2.52771694;2.52776414;2.52836824;2.52908482;2.52968076;2.52975101;2.53004959;2.53100609;2.53105151;2.53179496;2.53262337;2.53298043;2.53345322;2.53368219;2.53397107;2.53421189;2.53512476;2.53519026;2.53534338;2.53582924;2.53587536;2.53622348;2.53725592;2.53946608;2.54051536;2.54086265;2.54184236;2.54258592;2.54288909;2.5437603;2.54509795;2.54526662;2.54530193;2.54532549;2.54532549;2.54583462;2.54620509;2.54659165;2.54719301;2.54746019;2.54746469;2.54885538;2.54885538;2.54912473;2.55012711;2.5503422;2.55041264;2.55125727;2.55159617;2.55177448;2.55206706;2.5522833;2.55315012;2.55315495;2.55348716;2.55353533;2.55386512;2.55408894;2.55420759;2.55471591;2.55499348;2.55598819;2.55629902;2.55634215;2.5564178;2.55761754;2.55891509;2.55917176;2.55917176;2.56002034;2.5600841;2.56018705;2.56029966;2.56173696;2.5617733;2.5618987;2.56221889;2.5627988;2.56359043;2.56359188;2.56360927;2.56400502;2.56403202;2.56428877;2.56478174;2.56490669;2.56497796;2.56500556;2.56545466;2.56559533;2.56687645;2.5672705;2.56736376;2.56783306;2.56810297;2.56862569;2.56984141;2.57034159;2.57038947;2.57081473;2.57081473;2.57194395;2.5726783;2.57353837;2.57441125;2.57448664;2.57448938;2.5747095;2.57590973;2.57595443;2.57596906;2.57697627;2.57713009;2.57765101;2.5782979;2.57843474;2.57859159;2.57867134;2.57870362;2.57884769;2.57898283;2.57917241;2.5792895;2.57930368;2.57944021;2.57944021;2.5795197;2.57967181;2.57975667;2.5797884;2.5797884;2.57981477;2.58090046;2.58090742;2.58187775;2.58201729;2.58214909;2.58219764;2.58236357;2.58295656;2.58306369;2.58398663;2.58405766;2.58428889;2.58519415;2.58533441;2.58543282;2.58555208;2.58576497;2.58710172;2.5873586;2.58744795;2.58799344;2.58805349;2.58841469;2.5892125;2.5892125;2.58950795;2.58960883;2.58995378;2.5904484;2.59105233;2.59121917;2.59149378;2.59234588;2.5926025;2.5928489;2.59339594;2.59403066;2.59423653;2.59434798;2.59434798;2.5944502;2.59450063;2.59550376;2.59596836;2.59618774;2.59699711;2.59748837;2.59770008;2.59777324;2.59789057;2.59810312;2.59825686;2.59828572;2.598601;2.59940162;2.59954343;2.59962295;2.59978322;2.59979686;2.60012139;2.60062777;2.60086955;2.60111814;2.60150498;2.60153833;2.60220668;2.60230631;2.60265392;2.60280875;2.60289766;2.60289766;2.60292103;2.60323728;2.60323728;2.60358126;2.60358126;2.60390966;2.60426995;2.60449355;2.60454229;2.60456574;2.6046311;2.60470189;2.60573646;2.60594313;2.60596573;2.60658992;2.60681973;2.60741314;2.60811302;2.60821026;2.60885926;2.60923075;2.60925038;2.60939462;2.60942626;2.60943417;2.61001886;2.61033503;2.6105405;2.61121743;2.61137602;2.6113814;2.61148557;2.61163604;2.61188458;2.61222717;2.61231622;2.61284013;2.61301261;2.61444887;2.61444887;2.6145351;2.61465496;2.61476129;2.61562022;2.61587764;2.61589015;2.61625818;2.61652734;2.61662364;2.61673661;2.61777014;2.61846775;2.61884719;2.61894758;2.61899298;2.61908807;2.61944266;2.61968357;2.61973517;2.62001055;2.62004798;2.62094459;2.62111782;2.62129559;2.62129559;2.62160119;2.62194338;2.62231236;2.62274031;2.6227693;2.62367896;2.62368716;2.62397025;2.62480547;2.62529614;2.62532181;2.62550188;2.62550999;2.62564176;2.62610149;2.62648476;2.62711739;2.62774288;2.62794215;2.62796372;2.62815631;2.62849832;2.62873781;2.62938905;2.63000563;2.6301376;2.63063906;2.63091781;2.63134152;2.63141047;2.63147395;2.63177839;2.63262106;2.63264327;2.63358801;2.63364011;2.63464417;2.63474904;2.63509447;2.6351216;2.63527252;2.63590808;2.636;2.63660435;2.6369902;2.63718098;2.63721189;2.63771254;2.63816636;2.63838123;2.63842296;2.63887807;2.63887807;2.64007329;2.64073279;2.64113971;2.64166003;2.64183843;2.64192114;2.64222542;2.64250901;2.6427991;2.6427991;2.64284009;2.64291437;2.64393791;2.64440945;2.64440945;2.64469568;2.64514479;2.64534242;2.64570344;2.64600093;2.64617752;2.64630479;2.64691795;2.64693194;2.64693685;2.64702911;2.64717042;2.64717042;2.64746801;2.64750785;2.64808138;2.64861481;2.64877642;2.64896872;2.64901351;2.64903359;2.64936551;2.64945517;2.64958752;2.64982679;2.64995853;2.64998273;2.65027358;2.65027358;2.65051091;2.65059194;2.65119204;2.65128477;2.65155462;2.65210767;2.65247463;2.65247807;2.6525246;2.65253924;2.65290564;2.65320587;2.65343766;2.65377409;2.65380444;2.65384636;2.65399861;2.65401172;2.65428358;2.65431552;2.6543432;2.6548356;2.65498373;2.65516121;2.65624051;2.65664917;2.65706503;2.65709612;2.65727316;2.65836214;2.65926964;2.65955407;2.65956064;2.65982708;2.66004172;2.66011597;2.66012837;2.66015518;2.66025574;2.66026387;2.66054819;2.66147568;2.66174165;2.66186275;2.66215556;2.66239296;2.66241421;2.66294846;2.66320982;2.6637519;2.66385516;2.66406778;2.66519649;2.66522017;2.66549336;2.66601555;2.66651249;2.6669958;2.66743409;2.66781009;2.66885589;2.66896267;2.66896267;2.67043791;2.67054806;2.67089407;2.6709382;2.67110438;2.67110438;2.67137764;2.67144187;2.67157105;2.67158429;2.67221375;2.67227619;2.6723718;2.67276853;2.67298257;2.67302333;2.67353592;2.67400118;2.67421869;2.67425908;2.67444865;2.67444865;2.67493215;2.67495651;2.67503862;2.67505248;2.67515928;2.67533183;2.67612419;2.67619555;2.67649248;2.67666991;2.67671172;2.67717652;2.6772358;2.67739322;2.67752167;2.67762693;2.67784367;2.67788542;2.67797346;2.67844373;2.67845355;2.67857205;2.67867628;2.67881869;2.67909415;2.67924554;2.67964863;2.67972059;2.68001389;2.68028191;2.68033979;2.68064208;2.68065833;2.68106059;2.68131792;2.681908;2.681985;2.68252955;2.68252955;2.68268016;2.68283511;2.68383972;2.68430084;2.68449349;2.68483111;2.68486311;2.68536764;2.6855111;2.68564018;2.6861315;2.68622227;2.6863423;2.68637131;2.68656223;2.68660204;2.68714398;2.68749456;2.6875532;2.68816608;2.68828503;2.68834686;2.68853113;2.68881852;2.68892715;2.68956721;2.68957598;2.6896156;2.68974674;2.69008236;2.69015703;2.69042901;2.69052396;2.69094473;2.69103488;2.69117575;2.69128331;2.69174948;2.69194898;2.69254117;2.6933586;2.69341776;2.6938457;2.69399193;2.69404299;2.69412749;2.69415903;2.69423798;2.69542428;2.69551107;2.69567812;2.69584801;2.6961401;2.69720442;2.69727183;2.69744346;2.69794415;2.69802915;2.6980443;2.69818574;2.69851014;2.69851014;2.69857733;2.69858505;2.69882654;2.69908629;2.69916503;2.69921712;2.69926688;2.69926688;2.69943687;2.69999708;2.70037156;2.70063487;2.70072388;2.70167755;2.7017233;2.70209461;2.70243234;2.70248504;2.70254849;2.70259801;2.70268394;2.70277419;2.7031219;2.7032098;2.70333083;2.70333083;2.70367818;2.70388578;2.70404058;2.70436718;2.70449497;2.70449497;2.70469572;2.70555185;2.70617017;2.70660429;2.70697923;2.70731064;2.707324;2.70753934;2.70780996;2.70783355;2.7079085;2.70792304;2.70803004;2.70821922;2.70843505;2.70851921;2.70893831;2.70894714;2.70894714;2.70903968;2.70931646;2.7093307;2.70951334;2.70968892;2.70968892;2.70974712;2.70979589;2.70997194;2.71012355;2.71059135;2.71061181;2.71076611;2.71084245;2.71099177;2.71103245;2.71137849;2.71196113;2.71211454;2.71220328;2.71226502;2.7123855;2.71264292;2.71350736;2.71424706;2.71531467;2.71531467;2.71540332;2.71553567;2.71576157;2.71582511;2.71607078;2.71631826;2.71651298;2.71697562;2.71721869;2.71730677;2.7180601;2.71814522;2.71852209;2.71870275;2.71936328;2.71978177;2.71980495;2.71987046;2.71993875;2.7201185;2.72020125;2.72024357;2.72042117;2.72056613;2.72080909;2.72094944;2.72094944;2.72109972;2.72114994;2.72198556;2.7221445;2.72224665;2.72237255;2.72341431;2.72511316;2.72511316;2.72513603;2.72513784;2.72516577;2.72519611;2.72525906;2.72526069;2.72534741;2.72538982;2.72549774;2.72564121;2.72580257;2.72594376;2.72604482;2.72625069;2.72643169;2.72666865;2.72671145;2.72707862;2.72724677;2.72742151;2.72766123;2.72776978;2.7278718;2.72799787;2.72821794;2.72844902;2.72844902;2.72954241;2.73027685;2.73035479;2.73037202;2.73095253;2.73141069;2.73146863;2.7315305;2.73164798;2.7317389;2.73235491;2.73241426;2.7326119;2.7329361;2.7329361;2.73301174;2.73368466;2.73387278;2.7339712;2.7339712;2.73407757;2.73411031;2.734541;2.734541;2.73492363;2.73505696;2.73513201;2.73513925;2.73536488;2.73569001;2.73595748;2.73596645;2.73633244;2.73645647;2.73645665;2.73648636;2.73661235;2.73677821;2.73687357;2.73733311;2.73753962;2.73754615;2.73763246;2.73770025;2.73790253;2.73809457;2.73832501;2.73840017;2.73847773;2.73861002;2.73890536;2.73937585;2.73939372;2.73947233;2.74029801;2.7403682;2.74073978;2.74093736;2.74096922;2.74128636;2.74160176;2.74166112;2.74169047;2.7418888;2.74208354;2.74212208;2.74234213;2.74239127;2.7424954;2.74250382;2.74279645;2.74297544;2.74320173;2.74327431;2.7433356;2.7433848;2.74404079;2.74444116;2.7446308;2.74467998;2.74510928;2.74534352;2.7453743;2.74546073;2.74566521;2.74586759;2.74592859;2.74612163;2.7466793;2.74668968;2.74685595;2.74693786;2.74787412;2.74812703;2.74822159;2.74826531;2.74870368;2.74887619;2.7490468;2.74907823;2.74932638;2.74947801;2.74955314;2.74983675;2.74990964;2.75063476;2.75073182;2.75084896;2.75098789;2.7513429;2.751476;2.75147656;2.75151265;2.75180771;2.75180972;2.75202769;2.75210368;2.75246084;2.75272952;2.75316301;2.75395591;2.75404488;2.75433082;2.75446324;2.75477935;2.75482523;2.75501251;2.75516047;2.75566163;2.75603215;2.75636075;2.75637382;2.75669408;2.75682795;2.75687039;2.75761664;2.75800994;2.75813169;2.75846272;2.75887174;2.75956518;2.75982889;2.75983068;2.75991947;2.75992977;2.76023222;2.76052865;2.76095728;2.76150782;2.76155104;2.76173904;2.76206519;2.76223565;2.76250298;2.76253274;2.76276029;2.76301986;2.76310999;2.76323483;2.76350066;2.76422386;2.76441495;2.76498246;2.76537068;2.76551505;2.76618138;2.76632321;2.76700138;2.76708345;2.76714263;2.7671765;2.76722351;2.76727553;2.76756589;2.76765981;2.76765981;2.76774215;2.76802366;2.76812964;2.76904194;2.7690455;2.76929716;2.76934335;2.76935456;2.76942143;2.76963175;2.76996253;2.77074122;2.7712255;2.77132757;2.77153129;2.77179329;2.77183671;2.77186995;2.7720349;2.77234747;2.77272263;2.77324858;2.77329305;2.77334541;2.77335316;2.77377203;2.77381202;2.77423167;2.77427697;2.77435733;2.77465711;2.77558021;2.77560381;2.7757698;2.77636574;2.77677383;2.77692434;2.77693626;2.77700629;2.77713027;2.77796324;2.77836424;2.77906008;2.77906008;2.77909347;2.77912546;2.77929364;2.77948429;2.77957551;2.78002601;2.78008198;2.78126772;2.78169918;2.7821335;2.78234654;2.78258112;2.78262526;2.78280944;2.78284507;2.78286356;2.78309035;2.78323545;2.78327953;2.783688;2.78428471;2.7843045;2.784461;2.7851966;2.78543758;2.78561351;2.78582058;2.78587026;2.7860606;2.78618799;2.78637097;2.78661931;2.7866733;2.78668665;2.786785;2.78708197;2.78713915;2.78734101;2.78746505;2.78766059;2.78799395;2.78803233;2.78807067;2.78836014;2.78882055;2.78902575;2.78903099;2.78907522;2.78910769;2.78911235;2.78911235;2.78934948;2.78954891;2.79004144;2.79027123;2.79091626;2.79133345;2.79155524;2.79180003;2.79250682;2.79251097;2.79258218;2.79269819;2.79271365;2.79287694;2.79296012;2.79333771;2.79339437;2.79356387;2.79367443;2.79384652;2.79390926;2.79403332;2.7942698;2.7944863;2.79485459;2.79532927;2.79558066;2.79558066;2.79595303;2.79633933;2.79641511;2.7964544;2.7964802;2.7965023;2.79695861;2.79729939;2.79779465;2.79800905;2.79827365;2.79827365;2.79870666;2.79929382;2.79946477;2.79969493;2.7998164;2.7998164;2.80001302;2.80010916;2.80014289;2.80027099;2.80046355;2.80050796;2.80065206;2.80093627;2.80100426;2.80201655;2.80231083;2.8023602;2.80254234;2.80275093;2.80295345;2.80304024;2.80324461;2.80327608;2.80328578;2.8033399;2.80393365;2.8042499;2.80452371;2.80517275;2.80519876;2.80570485;2.80607572;2.80609993;2.80613139;2.80627477;2.80712374;2.80731014;2.80757448;2.80762877;2.80793805;2.80805448;2.80822471;2.80845229;2.8085123;2.80880487;2.80888976;2.80894446;2.8093294;2.80958907;2.80968979;2.80979047;2.80984067;2.80985772;2.81010641;2.81018569;2.81052212;2.81066887;2.81072444;2.81073137;2.8111998;2.81133905;2.81178193;2.81181785;2.81192735;2.81196864;2.81208882;2.81222499;2.81320201;2.81360535;2.81375399;2.81378311;2.8141082;2.81412585;2.81412585;2.81429856;2.81451316;2.81458823;2.81474615;2.81475758;2.81498644;2.81499308;2.81536361;2.81582257;2.81650681;2.816524;2.81654283;2.81671613;2.81729097;2.81784836;2.81860621;2.81909071;2.81941773;2.81957597;2.81988029;2.82062339;2.82062745;2.82066945;2.82069492;2.82078079;2.82086011;2.82114819;2.82167471;2.82185787;2.8222836;2.82245055;2.82278274;2.82278274;2.82348501;2.82359119;2.82367009;2.82405542;2.82410368;2.82475376;2.82482786;2.82508729;2.82514818;2.82524206;2.8254267;2.82561583;2.82561583;2.82583152;2.82606702;2.82606702;2.8262662;2.82637509;2.82661347;2.82688085;2.82712699;2.82724597;2.82792008;2.82831318;2.82845806;2.82850484;2.82850618;2.82858256;2.82876446;2.82925266;2.82990624;2.83007175;2.83019414;2.8303828;2.83050608;2.83061079;2.83124821;2.83170903;2.83175725;2.83237798;2.83265211;2.83294019;2.83295299;2.83295825;2.83301813;2.83315233;2.83324952;2.83330341;2.8334522;2.83371957;2.83372149;2.83430057;2.83438631;2.83439856;2.83502647;2.83527156;2.83540163;2.8356284;2.83565371;2.83611424;2.8363178;2.83640924;2.83679059;2.83688423;2.83690038;2.83691234;2.83694689;2.83738326;2.83838003;2.8389533;2.83962461;2.83990197;2.83999635;2.84054948;2.84091366;2.84123614;2.84144159;2.84188354;2.84190284;2.84209;2.84250849;2.84263797;2.8428912;2.84333416;2.84338267;2.84353669;2.84361608;2.84366056;2.84367125;2.84368729;2.84374782;2.84382675;2.844366;2.84477921;2.84483858;2.84493844;2.84520554;2.84555713;2.84567635;2.84576484;2.84654784;2.84691133;2.84691133;2.84714813;2.84734605;2.84762657;2.84788837;2.84800426;2.84816407;2.84831971;2.84838657;2.84861074;2.84862986;2.84883235;2.84887514;2.84901059;2.84906403;2.84909806;2.84914202;2.84958504;2.84963053;2.85024262;2.85024262;2.850347;2.85038459;2.8504781;2.85070915;2.85102641;2.85107885;2.85117363;2.85133307;2.85159889;2.85160805;2.85181388;2.85181782;2.85193948;2.85194216;2.85201983;2.85207107;2.85214192;2.85236308;2.85305366;2.85305366;2.85316871;2.8537617;2.85426811;2.85432699;2.85521259;2.85525231;2.85533183;2.85540902;2.85546482;2.85574134;2.85583368;2.85597247;2.85615245;2.85617608;2.85637267;2.85638839;2.85644607;2.85668088;2.85697769;2.85709488;2.8571488;2.85795323;2.85821575;2.8582837;2.85837842;2.8586673;2.85866886;2.85866886;2.85938886;2.85948273;2.85948627;2.85973873;2.85982703;2.85983524;2.85992503;2.85992503;2.85996847;2.86029632;2.86033361;2.86041817;2.86049925;2.86087023;2.8615084;2.86153671;2.86160129;2.8619673;2.86197233;2.86197718;2.86214379;2.86217494;2.86223843;2.86253495;2.86254443;2.86264125;2.86298722;2.86372161;2.864772;2.86558145;2.86579079;2.86579079;2.8662607;2.86626077;2.86632653;2.86633905;2.86637048;2.86659128;2.86684221;2.8668754;2.867237;2.86742005;2.86761548;2.86768346;2.8678865;2.86801501;2.86838119;2.86919554;2.86952594;2.86969624;2.86971829;2.86977525;2.86978258;2.87008059;2.87040419;2.8710422;2.87120692;2.87124001;2.87129499;2.87144208;2.87144949;2.87151925;2.87152285;2.87152844;2.87161556;2.87173745;2.87175533;2.87178997;2.87186916;2.87197707;2.87204901;2.8722219;2.87226086;2.87256854;2.87261455;2.87265016;2.8726818;2.87279355;2.87302192;2.87396008;2.87422042;2.87477662;2.87487617;2.8753804;2.87544381;2.87551287;2.87685126;2.87688896;2.87715847;2.87726711;2.87768849;2.87786681;2.87805195;2.87831119;2.87835922;2.87862074;2.87862074;2.87891071;2.87938788;2.87942629;2.87958826;2.87958826;2.88016625;2.88031747;2.88082846;2.88101015;2.88125757;2.88152652;2.88206993;2.88218165;2.88229615;2.882317;2.88313521;2.88352252;2.88391697;2.88400949;2.8841069;2.88420182;2.88429532;2.88447205;2.8845919;2.8845919;2.88464705;2.88489356;2.88493878;2.88517242;2.8857101;2.88586496;2.88587843;2.88588857;2.88600047;2.88676646;2.88754222;2.88787409;2.88872702;2.8889078;2.88930366;2.88938699;2.88956304;2.89049246;2.89054133;2.89070848;2.89098638;2.89178835;2.89181286;2.89189793;2.89202785;2.89208731;2.89243256;2.89285448;2.89300368;2.89312589;2.89392079;2.89422697;2.89469701;2.89498724;2.89537084;2.89576258;2.89601416;2.89614165;2.89616251;2.89616464;2.8965463;2.8966806;2.89684883;2.89688382;2.89722174;2.89728745;2.89739672;2.89783117;2.89835051;2.89856408;2.89880379;2.89892024;2.89897667;2.89923748;2.8994487;2.90033225;2.90034925;2.90063418;2.90088704;2.90124575;2.90129801;2.90144588;2.90150008;2.90180071;2.90225822;2.90231996;2.9030456;2.90316228;2.90375215;2.90375215;2.90391657;2.90484172;2.90516439;2.905189;2.90537103;2.90565709;2.90585294;2.90607038;2.90620241;2.90687035;2.90687035;2.90709815;2.9075565;2.90773543;2.90780713;2.90895596;2.90900169;2.90901109;2.9092837;2.90939202;2.90963091;2.90980413;2.91040692;2.91095504;2.91145752;2.91168342;2.91179438;2.91189796;2.91305514;2.91319527;2.91325611;2.91367873;2.91386389;2.91490114;2.91538688;2.91542846;2.91567335;2.91603376;2.91614118;2.9162217;2.91667773;2.91677145;2.91684361;2.9169728;2.91770426;2.91816403;2.91889078;2.919007;2.91981861;2.92026045;2.92043987;2.92074855;2.92082142;2.92100381;2.92113258;2.92117203;2.92118319;2.92120851;2.9212931;2.92225929;2.9225948;2.9226096;2.92276561;2.92276561;2.92290037;2.92291759;2.92302631;2.92365123;2.92379126;2.92381916;2.92417079;2.92417079;2.92451456;2.92479891;2.92520931;2.92551804;2.92599381;2.92636053;2.92637138;2.92651909;2.92654255;2.92654255;2.92680766;2.92728589;2.92815012;2.92824786;2.92827974;2.92827974;2.92931067;2.92934145;2.92938116;2.93058268;2.93093025;2.93156303;2.93160778;2.93174504;2.93175189;2.93181458;2.93197934;2.932129;2.93224421;2.93224421;2.93250754;2.93293878;2.93308898;2.93313145;2.93338988;2.93349219;2.93394388;2.93433923;2.93465758;2.93481622;2.93485083;2.9348654;2.93496522;2.93552764;2.93563087;2.93564462;2.93590167;2.93642596;2.93670464;2.93726643;2.93774286;2.93786987;2.93818274;2.93851487;2.93857026;2.93871576;2.93888056;2.93940013;2.93987118;2.94000102;2.9406969;2.94070495;2.94085158;2.94085158;2.94089898;2.94094108;2.9410734;2.94185968;2.94200184;2.94207172;2.94218781;2.94224396;2.942908;2.94320908;2.94328836;2.94333882;2.94340363;2.94360475;2.94417337;2.94418114;2.94421238;2.9445745;2.94476488;2.94493192;2.94522872;2.94547724;2.94625327;2.94630233;2.94691717;2.94701106;2.94749129;2.94831881;2.94838183;2.94839757;2.94840983;2.94846185;2.94854946;2.94880671;2.94893544;2.94905572;2.94914625;2.94915795;2.95019296;2.95042574;2.95051375;2.95061117;2.95092179;2.95119166;2.9512594;2.95126083;2.95187192;2.951919;2.95225598;2.95252856;2.95301598;2.95319683;2.95332499;2.95340284;2.9543529;2.95440326;2.95446066;2.95461503;2.95498684;2.95505615;2.95531605;2.95532083;2.95533625;2.95541724;2.95549815;2.95563303;2.95564076;2.95600947;2.95647936;2.95752808;2.95770455;2.95798586;2.95799775;2.95817795;2.95830957;2.95855346;2.95855548;2.958707;2.95896291;2.95971647;2.95975459;2.96003702;2.96010013;2.9601446;2.96016629;2.96054924;2.96059963;2.96115204;2.96188143;2.96278885;2.96381669;2.96389588;2.96412673;2.96412673;2.96419722;2.96423514;2.96442521;2.96480259;2.96487311;2.96649918;2.96681274;2.96683777;2.96710876;2.96726708;2.96775662;2.9678346;2.96789514;2.96828323;2.96835246;2.96847557;2.96855769;2.96864633;2.96873235;2.96920555;2.9692448;2.9698595;2.97033294;2.97060968;2.97060968;2.97064037;2.97143565;2.97187175;2.9720628;2.97245911;2.97266942;2.97308908;2.97344118;2.97345424;2.97347162;2.9737543;2.97446419;2.97456297;2.97566375;2.97589955;2.97627085;2.97627085;2.97643328;2.97668274;2.97696212;2.97707961;2.97735415;2.97735415;2.97758936;2.977844;2.97785788;2.97800387;2.97809534;2.97856646;2.97885104;2.97897735;2.97902733;2.97907319;2.97918486;2.97935723;2.97943851;2.97955797;2.97967053;2.97969124;2.97977106;2.98060172;2.98090242;2.98114547;2.98162513;2.98194723;2.98243564;2.98258172;2.98323824;2.98335612;2.98369233;2.98399568;2.98449185;2.9848006;2.98544227;2.98548001;2.98562129;2.98564352;2.98582699;2.98684285;2.98731071;2.98731351;2.98746745;2.98752732;2.98769634;2.98778238;2.98818049;2.98833907;2.98920865;2.9892148;2.98933628;2.98938439;2.98940437;2.9896331;2.98986955;2.98988342;2.99003345;2.99078535;2.99086562;2.99113497;2.99151496;2.99166784;2.99226198;2.99269452;2.99285504;2.99286234;2.99341547;2.99351656;2.99358014;2.99365158;2.99388352;2.9940582;2.99487343;2.99522959;2.9957517;2.99579031;2.99654109;2.99691064;2.9970456;2.99782188;2.99782755;2.99823337;2.99834425;2.99876436;2.99930404;2.99942468;2.99943009;2.99981326;2.99981326;3.00093009;3.00113305;3.00127556;3.0018045;3.00188206;3.00205429;3.0027908;3.00297179;3.00310489;3.00320305;3.00332745;3.00334897;3.00334897;3.00355829;3.00355829;3.00392395;3.00409214;3.00478309;3.00496511;3.00520083;3.00522508;3.00526299;3.00552693;3.00584673;3.00602431;3.00614867;3.00621256;3.00695323;3.00715354;3.00727794;3.0073695;3.00758073;3.00798688;3.00801309;3.00807398;3.00836013;3.00971563;3.01026318;3.01110209;3.01146897;3.01241095;3.01310959;3.01426368;3.01519483;3.01519483;3.01588568;3.01652533;3.01741361;3.01753593;3.01760372;3.01769904;3.01823778;3.01857631;3.01878567;3.01879286;3.01928732;3.01936785;3.0194248;3.01949452;3.01978185;3.02024095;3.02039649;3.02215184;3.02223715;3.02266522;3.02276458;3.02298026;3.0231417;3.02349198;3.0242951;3.02467843;3.02471118;3.02485367;3.02496089;3.02499772;3.02554972;3.02569458;3.02593911;3.02614244;3.0262497;3.02632253;3.02719827;3.02726469;3.0273078;3.0275132;3.02918394;3.0293353;3.02966534;3.02979701;3.03041165;3.03146894;3.03147537;3.03171845;3.03171845;3.03221113;3.03243105;3.03243105;3.03337855;3.03459458;3.03472134;3.03525967;3.03600439;3.03629714;3.03634438;3.0367543;3.03695558;3.03696771;3.03709055;3.03719503;3.03806981;3.03861046;3.039272;3.03944812;3.03981863;3.03984771;3.04038941;3.04050177;3.04109244;3.04158804;3.04178612;3.04187059;3.0421019;3.04239245;3.0423977;3.04311768;3.04314579;3.04315474;3.04356097;3.04425176;3.04465183;3.04554155;3.04687808;3.04831974;3.04840601;3.04855928;3.04874753;3.0496684;3.05081099;3.05102649;3.0510973;3.05138366;3.0515809;3.05276383;3.05316613;3.05342188;3.0539795;3.05407926;3.05422551;3.05444066;3.05463841;3.05499328;3.05564888;3.05567592;3.05578202;3.05590865;3.05607078;3.0560712;3.05622037;3.05628728;3.0571221;3.05723165;3.05830693;3.05855672;3.05858645;3.05967623;3.05993117;3.06018281;3.06065341;3.06076329;3.06078141;3.06088288;3.06162454;3.06180291;3.06247048;3.06282893;3.06339805;3.06377211;3.06429875;3.0647914;3.06549037;3.06617714;3.06622925;3.0662396;3.06624937;3.06634589;3.06638183;3.06680301;3.06689755;3.06791168;3.06858323;3.06871991;3.06921324;3.06941295;3.06943594;3.06964431;3.07010108;3.07058713;3.0706067;3.07113603;3.07146382;3.07147869;3.0715392;3.07167037;3.07197511;3.0720839;3.07217616;3.07288153;3.07385832;3.07386499;3.07420455;3.07458081;3.07467005;3.07470724;3.0748902;3.07558184;3.07579473;3.07618221;3.07621611;3.0776362;3.07782039;3.07889473;3.0796801;3.08036629;3.08064461;3.08087837;3.08124133;3.08255119;3.08360188;3.08487773;3.08524434;3.08563102;3.08596352;3.08722356;3.08787398;3.08816228;3.08837865;3.08914674;3.09004345;3.0903842;3.0905572;3.09060031;3.09064846;3.09088318;3.09088318;3.09100141;3.09105673;3.09130824;3.0917224;3.09238317;3.09346106;3.09353509;3.09408687;3.09412878;3.0950778;3.0950935;3.09517557;3.09528789;3.09567147;3.0957715;3.09596102;3.0968533;3.09701272;3.09733327;3.09734153;3.09753756;3.09788041;3.09809399;3.09855248;3.09892869;3.09907146;3.09938494;3.09948571;3.10012589;3.10065145;3.10089544;3.10119753;3.10138852;3.10141795;3.1014687;3.10151907;3.10151907;3.10155;3.10294633;3.10437151;3.10440869;3.10483898;3.10487371;3.10589634;3.10754533;3.10833737;3.10952531;3.10965548;3.11001568;3.11031088;3.11035856;3.11039659;3.11044293;3.11067201;3.11073608;3.11075061;3.11082573;3.11138829;3.11197067;3.11324626;3.11386524;3.11411323;3.11461267;3.11562356;3.11621558;3.1163306;3.11651162;3.11652039;3.11664808;3.11685169;3.11685169;3.11711205;3.11782838;3.11881434;3.11898959;3.11900673;3.1196716;3.1209795;3.12150842;3.12306344;3.12306344;3.12313112;3.12339895;3.12418437;3.12475796;3.12482453;3.12542554;3.12553936;3.12586643;3.12608061;3.1264082;3.12664447;3.12675463;3.12703314;3.12927696;3.12928363;3.12996962;3.1301997;3.13057386;3.13064796;3.1308381;3.13087205;3.13136336;3.1313776;3.13138256;3.13138256;3.131576;3.13167592;3.13293696;3.13314018;3.13323467;3.13351328;3.13429182;3.13485689;3.13492192;3.1357069;3.13645854;3.13669352;3.1372686;3.13843893;3.13907583;3.13937865;3.13971307;3.13984703;3.1406164;3.14107817;3.14143902;3.14190541;3.14288556;3.14393921;3.14443729;3.14500747;3.14541786;3.14588004;3.14650028;3.1467183;3.14773038;3.14824419;3.14837451;3.14865855;3.1488385;3.14995311;3.15049519;3.15071242;3.15087875;3.15192337;3.15297349;3.15333561;3.15477927;3.15698759;3.15708037;3.15898992;3.15910654;3.15911622;3.15983564;3.16033589;3.16081308;3.16371897;3.16498471;3.16516819;3.16656686;3.16722423;3.16735841;3.1687835;3.16926771;3.16934816;3.17123249;3.17124558;3.17206385;3.17234168;3.17289806;3.17441988;3.17473607;3.17617815;3.17662336;3.17765435;3.17776757;3.17792311;3.1784824;3.17924645;3.17955417;3.18009995;3.18091757;3.18156407;3.18214165;3.18273094;3.1832239;3.1845445;3.18534301;3.18599755;3.18604252;3.18617881;3.18628507;3.18686035;3.18698761;3.18710073;3.18744575;3.18764175;3.18832171;3.18843892;3.18884297;3.18908598;3.1892318;3.18952847;3.18960198;3.18979422;3.19061973;3.19105683;3.19173207;3.19184078;3.19184852;3.19230797;3.19335786;3.19460166;3.19575073;3.1959194;3.19637812;3.19685948;3.19710826;3.19882062;3.19892889;3.19914023;3.19940109;3.20026197;3.20055512;3.20083653;3.20308233;3.20379236;3.20450507;3.20539213;3.20571437;3.20724953;3.20782285;3.20800722;3.20977995;3.21017269;3.21291383;3.21319938;3.21319938;3.2140256;3.21410963;3.21424393;3.21529544;3.21694729;3.21722613;3.21773337;3.2177794;3.21822184;3.2190147;3.22001333;3.22008929;3.22206038;3.22400256;3.22404513;3.22688333;3.22723565;3.22851534;3.22893989;3.22924889;3.23122093;3.23153632;3.23220576;3.23452692;3.23456528;3.23610279;3.2362234;3.236875;3.23911401;3.23952021;3.2395696;3.24007334;3.24076088;3.24280365;3.24413489;3.24458592;3.24571855;3.24706223;3.24995687;3.25057981;3.25070655;3.25121417;3.25304028;3.25364292;3.25364292;3.25477447;3.25678275;3.25753939;3.25851415;3.25881071;3.25925971;3.25956383;3.25999259;3.26026538;3.26067935;3.26203723;3.26273439;3.26706063;3.26781402;3.26977086;3.27035121;3.2717764;3.27252456;3.27260737;3.27409786;3.27423447;3.27462698;3.27983127;3.28102304;3.28381651;3.28408903;3.28475058;3.28659672;3.2893307;3.29011233;3.29028018;3.29064552;3.29188162;3.29236624;3.29254054;3.29372154;3.2942501;3.29590334;3.29616535;3.29694709;3.29837517;3.29874107;3.29913079;3.30025193;3.30144207;3.30288206;3.30305437;3.30449188;3.30719202;3.30883088;3.31146141;3.3127008;3.31306601;3.31511733;3.31522281;3.31712792;3.31941087;3.31999411;3.32001256;3.32325745;3.3242461;3.32433569;3.3244903;3.32715778;3.32835219;3.32854412;3.3304532;3.33119031;3.3313432;3.33166225;3.33272549;3.33377836;3.3338605;3.33392218;3.33644562;3.33644562;3.33999409;3.34178;3.34356671;3.34356671;3.34602803;3.34723545;3.34757261;3.3550676;3.3586947;3.35980608;3.3622328;3.36299595;3.36409578;3.36467315;3.36473187;3.36581242;3.36766396;3.36917227;3.37011975;3.37060501;3.37106093;3.37161458;3.3731125;3.37328081;3.37406549;3.37413073;3.3768534;3.37793081;3.38225829;3.38349923;3.38510774;3.3854718;3.38561067;3.38708664;3.38825055;3.38986432;3.39359154;3.39387577;3.39628422;3.39858323;3.39902259;3.40007372;3.4024965;3.40542984;3.40990445;3.41014698;3.41135415;3.41539492;3.41657387;3.42114926;3.42263424;3.42341197;3.42489892;3.42759431;3.42831955;3.4301502;3.43205359;3.43328579;3.43425311;3.43526261;3.43724279;3.43951829;3.44242944;3.44337204;3.44763571;3.44895448;3.45165989;3.46375976;3.46515356;3.46682323;3.46748655;3.4683286;3.47278184;3.47309652;3.47323761;3.48355752;3.48455137;3.48726982;3.48841937;3.49491403;3.49623295;3.4969288;3.49699974;3.50001845;3.5006408;3.50124167;3.50511801;3.50593067;3.50925954;3.50956197;3.5098528;3.52347762;3.52545404;3.52592046;3.53543209;3.53787301;3.55072573;3.55304846;3.55682716;3.56308196;3.56829515;3.58101014;3.58352597;3.58570479;3.59040381;3.60069714;3.60210428;3.61748837;3.62979898;3.63154381;3.63604316;3.63934257;3.6606927;3.66302311;3.66820005;3.6770699;3.67735557;3.68396128;3.69152948;3.70633853;3.72691279;3.74543822;3.75119758;3.75949563;3.76995213;3.79742707;3.80446845;3.84807867;3.93194637;4.02363902;4.03750013;4.04658162;4.05147896",2.34744371183696,"2026-08-09 22:09:58"
"waveform","SUN-MCCD","ascend",3443,21,0.32,0.919533353275501,0.619766676637751,0.228245363766048,301,1,"1;9;13;25;32;33;35;54;63;64;77;88;96;100;114;122;128;132;133;170;175;180;193;210;221;234;237;242;262;311;362;371;375;385;396;406;412;445;455;469;477;503;511;513;514;539;542;545;547;560;564;565;576;585;588;601;617;661;779;790;799;833;854;864;868;884;904;940;943;952;966;984;998;1002;1034;1042;1043;1052;1053;1075;1098;1110;1122;1137;1160;1168;1205;1233;1243;1276;1279;1283;1292;1319;1331;1341;1360;1372;1386;1392;1397;1406;1419;1420;1425;1433;1448;1457;1473;1487;1498;1513;1517;1548;1553;1567;1577;1583;1585;1586;1610;1619;1660;1673;1674;1678;1684;1685;1695;1696;1700;1702;1707;1718;1725;1727;1738;1741;1762;1781;1798;1810;1815;1828;1853;1864;1866;1881;1886;1887;1912;1913;1914;1941;1944;2021;2040;2071;2078;2106;2117;2129;2130;2135;2139;2157;2161;2162;2163;2172;2186;2192;2234;2263;2269;2273;2283;2284;2296;2298;2317;2322;2357;2371;2372;2391;2393;2407;2437;2444;2445;2446;2461;2464;2486;2492;2493;2503;2508;2531;2532;2535;2537;2541;2605;2631;2633;2649;2650;2661;2669;2687;2689;2755;2757;2763;2768;2784;2800;2823;2830;2844;2848;2878;2888;2900;2902;2925;2938;2944;2963;2976;2979;2986;2993;3002;3013;3020;3022;3029;3032;3050;3053;3109;3111;3119;3121;3138;3155;3160;3174;3177;3179;3182;3189;3191;3199;3203;3206;3207;3221;3226;3242;3258;3279;3300;3302;3318;3328;3347;3348;3349;3352;3353;3354;3355;3359;3367;3368;3374;3375;3377;3380;3382;3386;3387;3390;3394;3396;3398;3400;3402;3403;3409;3413;3414;3416;3422;3425;3429;3435",262.07422709465,"ok",NA,1,"ascend","0;0;0;0;0;0;0;0;0;0;0;0;0;0;0;0;0;0;0;0;0;0;0;0;0;0;0;0;0;0;0;0;0;0;0;0;0;0;0;0;0;0;0;0;0;0;0;0;0;0;0;0;0;0;0;0;0;0;0;0;0;0;0;0;0;0;0;0;0;0;0;0;0;0;0;0;0;0;0;0;0;0;0;0;0;0;0;0;0;0;0;0;0;0;0;0;0;0;0;0;0;0;0;0;0;0;0;0;0;0;0;0;0;0;0;0;0;0;0;0;0;0;0;0;0;0;0;0;0;0;0;0;0;0;0;0;0;0;0;0;0;0;0;0;0;0;0;0;0;0;0;0;0;0;0;0;0;0;0;0;0;0;0;0;0;0;0;0;0;0;0;0;0;0;0;0;0;0;0;0;0;0;0;0;0;0;0;0;0;0;0;0;0;0;0;0;0;0;0;0;0;0;0;0;0;0;0;0;0;0;0;0;0;0;0;0;0;0;0;0;0;0;0;0;0;0;0;0;0;0;0;0;0;0;0;0;0;0;0;0;0;0;0;0;0;0;0;0;0;0;0;0;0;0;0;0;0;0;0;0;0;0;0;0;0;0;0;0;0;0;0;0;0;0;0;0;0;0;0;0;0;0;0;0;0;0;0;0;0;0;0;0;0;0;0;0;0;0;0;0;0;0;0;0;0;0;0;0;0;0;0;0;0;0;0;0;0;0;0;0;0;0;0;0;0;0;0;0;0;0;0;0;0;0;0;0;0;0;0;0;0;0;0;0;0;0;0;0;0;0;0;0;0;0;0;0;0;0;0;0;0;0;0;0;0;0;0;0;0;0;0;0;0;0;0;0;0;0;0;0;0;0;0;0;0;0;0;0;0;0;0;0;0;0;0;0;0;0;0;0;0;0;0;0;0;0;0;0;0;0;0;0;0;0;0;0;0;0;0;0;0;0;0;0;0;0;0;0;0;0;0;0;0;0;0;0;0;0;0;0;0;0;0;0;0;0;0;0;0;0;0;0;0;0;0;0;0;0;0;0;0;0;0;0;0;0;0;0;0;0;0;0;0;0;0;0;0;0;0;0;0;0;0;0;0;0;0;0;0;0;0;0;0;0;0;0;0;0;0;0;0;0;0;0;0;0;0;0;0;0;0;0;0;0;0;0;0;0;0;0;0;0;0;0;0;0;0;0;0;0;0;0;0;0;0;0;0;0;0;0;0;0;0;0;0;0;0;0;0;0;0;0;0;0;0;0;0;0;0;0;0;0;0;0;0;0;0;0;0;0;0;0;0;0;0;0;0;0;0;0;0;0;0;0;0;0;0;0;0;0;0;0;0;0;0;0;0;0;0;0;0;0;0;0;0;0;0;0;0;0;0;1.98206088;2.05969876;2.06293745;2.11449137;2.13765655;2.14635809;2.16859838;2.18748671;2.20561877;2.21102413;2.23976279;2.2414122;2.2414122;2.25089014;2.25754711;2.25785641;2.26853125;2.27581162;2.27824414;2.28303467;2.29398863;2.29741382;2.29915209;2.30218752;2.30783087;2.30850219;2.30906501;2.31271327;2.31384386;2.31434019;2.31802498;2.32059905;2.32192246;2.32230234;2.32408073;2.32469553;2.32509974;2.32570013;2.32594012;2.33201004;2.33764646;2.33945444;2.33974084;2.34391499;2.35336726;2.35448715;2.35496173;2.36103834;2.36229657;2.36311721;2.36360024;2.3657695;2.3657695;2.3675805;2.36779459;2.36822584;2.36822584;2.36860119;2.37354882;2.37496942;2.37761057;2.37773153;2.37776539;2.37776539;2.37954297;2.38093375;2.38113949;2.3816543;2.38281788;2.38320154;2.38629279;2.38644085;2.38651037;2.38772697;2.39319981;2.39505008;2.39627836;2.39647463;2.39660261;2.39782832;2.40365028;2.40640691;2.40672139;2.40763816;2.40982101;2.41062169;2.4112713;2.4112713;2.41382813;2.41495937;2.41592544;2.41642345;2.41741369;2.42004431;2.42038374;2.4208986;2.42188374;2.42215077;2.42271773;2.42506063;2.42517667;2.4260391;2.42638882;2.42910906;2.42943215;2.43118571;2.43167768;2.43171233;2.43336033;2.43381815;2.43417376;2.43479799;2.43794619;2.43914355;2.43933212;2.43986671;2.43986671;2.44132372;2.44277501;2.44378965;2.44463203;2.44463203;2.44533823;2.44545838;2.44572775;2.44668446;2.44668446;2.44682556;2.44710729;2.44728065;2.44800119;2.45023481;2.45042489;2.45158851;2.45216494;2.45216494;2.45219396;2.45220364;2.45408879;2.45419503;2.45419503;2.45443525;2.45475072;2.45638719;2.45749823;2.4580008;2.45829746;2.45921856;2.45921856;2.45970501;2.460522;2.46182478;2.46302816;2.46302816;2.46321701;2.46455826;2.46734047;2.46844406;2.46844406;2.46874147;2.47046378;2.47101643;2.47111173;2.47271848;2.47436285;2.47436285;2.47438621;2.47589225;2.47674351;2.47689636;2.47727943;2.47754417;2.47892089;2.48008861;2.4805914;2.48083214;2.48174915;2.48225155;2.48256454;2.4826712;2.48278892;2.48589734;2.48590846;2.48607268;2.48671084;2.48698812;2.48864286;2.4888527;2.4899134;2.49023237;2.49023237;2.49067936;2.49075538;2.4911146;2.49111595;2.49120947;2.49146309;2.49200532;2.4932446;2.49329457;2.49406411;2.4955541;2.49607512;2.49667705;2.49868965;2.50006488;2.50219955;2.50247104;2.50269674;2.50269674;2.50279816;2.50284991;2.50321134;2.5032118;2.50499069;2.50506808;2.50555104;2.50619969;2.50694385;2.50783312;2.50798925;2.50831937;2.50918795;2.51010859;2.51037498;2.51070836;2.51110265;2.51144632;2.51203631;2.51221818;2.51221818;2.51299207;2.51428426;2.5143986;2.51539055;2.51540146;2.51596587;2.51735567;2.51756562;2.51778997;2.51816034;2.51838783;2.51839516;2.51866763;2.51881709;2.51953631;2.5204882;2.52049313;2.52097865;2.52122681;2.52153287;2.52250234;2.52268228;2.52403611;2.52403611;2.52537357;2.52562297;2.52771694;2.52776414;2.52836824;2.52908482;2.52968076;2.52975101;2.53004959;2.53100609;2.53105151;2.53179496;2.53262337;2.53298043;2.53345322;2.53368219;2.53397107;2.53421189;2.53512476;2.53519026;2.53534338;2.53582924;2.53587536;2.53622348;2.53725592;2.53946608;2.54051536;2.54086265;2.54184236;2.54258592;2.54288909;2.5437603;2.54509795;2.54526662;2.54530193;2.54532549;2.54532549;2.54583462;2.54620509;2.54659165;2.54719301;2.54746019;2.54746469;2.54885538;2.54885538;2.54912473;2.55012711;2.5503422;2.55041264;2.55125727;2.55159617;2.55177448;2.55206706;2.5522833;2.55315012;2.55315495;2.55348716;2.55353533;2.55386512;2.55408894;2.55420759;2.55471591;2.55499348;2.55598819;2.55629902;2.55634215;2.5564178;2.55761754;2.55891509;2.55917176;2.55917176;2.56002034;2.5600841;2.56018705;2.56029966;2.56173696;2.5617733;2.5618987;2.56221889;2.5627988;2.56359043;2.56359188;2.56360927;2.56400502;2.56403202;2.56428877;2.56478174;2.56490669;2.56497796;2.56500556;2.56545466;2.56559533;2.56687645;2.5672705;2.56736376;2.56783306;2.56810297;2.56862569;2.56984141;2.57034159;2.57038947;2.57081473;2.57081473;2.57194395;2.5726783;2.57353837;2.57441125;2.57448664;2.57448938;2.5747095;2.57590973;2.57595443;2.57596906;2.57697627;2.57713009;2.57765101;2.5782979;2.57843474;2.57859159;2.57867134;2.57870362;2.57884769;2.57898283;2.57917241;2.5792895;2.57930368;2.57944021;2.57944021;2.5795197;2.57967181;2.57975667;2.5797884;2.5797884;2.57981477;2.58090046;2.58090742;2.58187775;2.58201729;2.58214909;2.58219764;2.58236357;2.58295656;2.58306369;2.58398663;2.58405766;2.58428889;2.58519415;2.58533441;2.58543282;2.58555208;2.58576497;2.58710172;2.5873586;2.58744795;2.58799344;2.58805349;2.58841469;2.5892125;2.5892125;2.58950795;2.58960883;2.58995378;2.5904484;2.59105233;2.59121917;2.59149378;2.59234588;2.5926025;2.5928489;2.59339594;2.59403066;2.59423653;2.59434798;2.59434798;2.5944502;2.59450063;2.59550376;2.59596836;2.59618774;2.59699711;2.59748837;2.59770008;2.59777324;2.59789057;2.59810312;2.59825686;2.59828572;2.598601;2.59940162;2.59954343;2.59962295;2.59978322;2.59979686;2.60012139;2.60062777;2.60086955;2.60111814;2.60150498;2.60153833;2.60220668;2.60230631;2.60265392;2.60280875;2.60289766;2.60289766;2.60292103;2.60323728;2.60323728;2.60358126;2.60358126;2.60390966;2.60426995;2.60449355;2.60454229;2.60456574;2.6046311;2.60470189;2.60573646;2.60594313;2.60596573;2.60658992;2.60681973;2.60741314;2.60811302;2.60821026;2.60885926;2.60923075;2.60925038;2.60939462;2.60942626;2.60943417;2.61001886;2.61033503;2.6105405;2.61121743;2.61137602;2.6113814;2.61148557;2.61163604;2.61188458;2.61222717;2.61231622;2.61284013;2.61301261;2.61444887;2.61444887;2.6145351;2.61465496;2.61476129;2.61562022;2.61587764;2.61589015;2.61625818;2.61652734;2.61662364;2.61673661;2.61777014;2.61846775;2.61884719;2.61894758;2.61899298;2.61908807;2.61944266;2.61968357;2.61973517;2.62001055;2.62004798;2.62094459;2.62111782;2.62129559;2.62129559;2.62160119;2.62194338;2.62231236;2.62274031;2.6227693;2.62367896;2.62368716;2.62397025;2.62480547;2.62529614;2.62532181;2.62550188;2.62550999;2.62564176;2.62610149;2.62648476;2.62711739;2.62774288;2.62794215;2.62796372;2.62815631;2.62849832;2.62873781;2.62938905;2.63000563;2.6301376;2.63063906;2.63091781;2.63134152;2.63141047;2.63147395;2.63177839;2.63262106;2.63264327;2.63358801;2.63364011;2.63464417;2.63474904;2.63509447;2.6351216;2.63527252;2.63590808;2.636;2.63660435;2.6369902;2.63718098;2.63721189;2.63771254;2.63816636;2.63838123;2.63842296;2.63887807;2.63887807;2.64007329;2.64073279;2.64113971;2.64166003;2.64183843;2.64192114;2.64222542;2.64250901;2.6427991;2.6427991;2.64284009;2.64291437;2.64393791;2.64440945;2.64440945;2.64469568;2.64514479;2.64534242;2.64570344;2.64600093;2.64617752;2.64630479;2.64691795;2.64693194;2.64693685;2.64702911;2.64717042;2.64717042;2.64746801;2.64750785;2.64808138;2.64861481;2.64877642;2.64896872;2.64901351;2.64903359;2.64936551;2.64945517;2.64958752;2.64982679;2.64995853;2.64998273;2.65027358;2.65027358;2.65051091;2.65059194;2.65119204;2.65128477;2.65155462;2.65210767;2.65247463;2.65247807;2.6525246;2.65253924;2.65290564;2.65320587;2.65343766;2.65377409;2.65380444;2.65384636;2.65399861;2.65401172;2.65428358;2.65431552;2.6543432;2.6548356;2.65498373;2.65516121;2.65624051;2.65664917;2.65706503;2.65709612;2.65727316;2.65836214;2.65926964;2.65955407;2.65956064;2.65982708;2.66004172;2.66011597;2.66012837;2.66015518;2.66025574;2.66026387;2.66054819;2.66147568;2.66174165;2.66186275;2.66215556;2.66239296;2.66241421;2.66294846;2.66320982;2.6637519;2.66385516;2.66406778;2.66519649;2.66522017;2.66549336;2.66601555;2.66651249;2.6669958;2.66743409;2.66781009;2.66885589;2.66896267;2.66896267;2.67043791;2.67054806;2.67089407;2.6709382;2.67110438;2.67110438;2.67137764;2.67144187;2.67157105;2.67158429;2.67221375;2.67227619;2.6723718;2.67276853;2.67298257;2.67302333;2.67353592;2.67400118;2.67421869;2.67425908;2.67444865;2.67444865;2.67493215;2.67495651;2.67503862;2.67505248;2.67515928;2.67533183;2.67612419;2.67619555;2.67649248;2.67666991;2.67671172;2.67717652;2.6772358;2.67739322;2.67752167;2.67762693;2.67784367;2.67788542;2.67797346;2.67844373;2.67845355;2.67857205;2.67867628;2.67881869;2.67909415;2.67924554;2.67964863;2.67972059;2.68001389;2.68028191;2.68033979;2.68064208;2.68065833;2.68106059;2.68131792;2.681908;2.681985;2.68252955;2.68252955;2.68268016;2.68283511;2.68383972;2.68430084;2.68449349;2.68483111;2.68486311;2.68536764;2.6855111;2.68564018;2.6861315;2.68622227;2.6863423;2.68637131;2.68656223;2.68660204;2.68714398;2.68749456;2.6875532;2.68816608;2.68828503;2.68834686;2.68853113;2.68881852;2.68892715;2.68956721;2.68957598;2.6896156;2.68974674;2.69008236;2.69015703;2.69042901;2.69052396;2.69094473;2.69103488;2.69117575;2.69128331;2.69174948;2.69194898;2.69254117;2.6933586;2.69341776;2.6938457;2.69399193;2.69404299;2.69412749;2.69415903;2.69423798;2.69542428;2.69551107;2.69567812;2.69584801;2.6961401;2.69720442;2.69727183;2.69744346;2.69794415;2.69802915;2.6980443;2.69818574;2.69851014;2.69851014;2.69857733;2.69858505;2.69882654;2.69908629;2.69916503;2.69921712;2.69926688;2.69926688;2.69943687;2.69999708;2.70037156;2.70063487;2.70072388;2.70167755;2.7017233;2.70209461;2.70243234;2.70248504;2.70254849;2.70259801;2.70268394;2.70277419;2.7031219;2.7032098;2.70333083;2.70333083;2.70367818;2.70388578;2.70404058;2.70436718;2.70449497;2.70449497;2.70469572;2.70555185;2.70617017;2.70660429;2.70697923;2.70731064;2.707324;2.70753934;2.70780996;2.70783355;2.7079085;2.70792304;2.70803004;2.70821922;2.70843505;2.70851921;2.70893831;2.70894714;2.70894714;2.70903968;2.70931646;2.7093307;2.70951334;2.70968892;2.70968892;2.70974712;2.70979589;2.70997194;2.71012355;2.71059135;2.71061181;2.71076611;2.71084245;2.71099177;2.71103245;2.71137849;2.71196113;2.71211454;2.71220328;2.71226502;2.7123855;2.71264292;2.71350736;2.71424706;2.71531467;2.71531467;2.71540332;2.71553567;2.71576157;2.71582511;2.71607078;2.71631826;2.71651298;2.71697562;2.71721869;2.71730677;2.7180601;2.71814522;2.71852209;2.71870275;2.71936328;2.71978177;2.71980495;2.71987046;2.71993875;2.7201185;2.72020125;2.72024357;2.72042117;2.72056613;2.72080909;2.72094944;2.72094944;2.72109972;2.72114994;2.72198556;2.7221445;2.72224665;2.72237255;2.72341431;2.72511316;2.72511316;2.72513603;2.72513784;2.72516577;2.72519611;2.72525906;2.72526069;2.72534741;2.72538982;2.72549774;2.72564121;2.72580257;2.72594376;2.72604482;2.72625069;2.72643169;2.72666865;2.72671145;2.72707862;2.72724677;2.72742151;2.72766123;2.72776978;2.7278718;2.72799787;2.72821794;2.72844902;2.72844902;2.72954241;2.73027685;2.73035479;2.73037202;2.73095253;2.73141069;2.73146863;2.7315305;2.73164798;2.7317389;2.73235491;2.73241426;2.7326119;2.7329361;2.7329361;2.73301174;2.73368466;2.73387278;2.7339712;2.7339712;2.73407757;2.73411031;2.734541;2.734541;2.73492363;2.73505696;2.73513201;2.73513925;2.73536488;2.73569001;2.73595748;2.73596645;2.73633244;2.73645647;2.73645665;2.73648636;2.73661235;2.73677821;2.73687357;2.73733311;2.73753962;2.73754615;2.73763246;2.73770025;2.73790253;2.73809457;2.73832501;2.73840017;2.73847773;2.73861002;2.73890536;2.73937585;2.73939372;2.73947233;2.74029801;2.7403682;2.74073978;2.74093736;2.74096922;2.74128636;2.74160176;2.74166112;2.74169047;2.7418888;2.74208354;2.74212208;2.74234213;2.74239127;2.7424954;2.74250382;2.74279645;2.74297544;2.74320173;2.74327431;2.7433356;2.7433848;2.74404079;2.74444116;2.7446308;2.74467998;2.74510928;2.74534352;2.7453743;2.74546073;2.74566521;2.74586759;2.74592859;2.74612163;2.7466793;2.74668968;2.74685595;2.74693786;2.74787412;2.74812703;2.74822159;2.74826531;2.74870368;2.74887619;2.7490468;2.74907823;2.74932638;2.74947801;2.74955314;2.74983675;2.74990964;2.75063476;2.75073182;2.75084896;2.75098789;2.7513429;2.751476;2.75147656;2.75151265;2.75180771;2.75180972;2.75202769;2.75210368;2.75246084;2.75272952;2.75316301;2.75395591;2.75404488;2.75433082;2.75446324;2.75477935;2.75482523;2.75501251;2.75516047;2.75566163;2.75603215;2.75636075;2.75637382;2.75669408;2.75682795;2.75687039;2.75761664;2.75800994;2.75813169;2.75846272;2.75887174;2.75956518;2.75982889;2.75983068;2.75991947;2.75992977;2.76023222;2.76052865;2.76095728;2.76150782;2.76155104;2.76173904;2.76206519;2.76223565;2.76250298;2.76253274;2.76276029;2.76301986;2.76310999;2.76323483;2.76350066;2.76422386;2.76441495;2.76498246;2.76537068;2.76551505;2.76618138;2.76632321;2.76700138;2.76708345;2.76714263;2.7671765;2.76722351;2.76727553;2.76756589;2.76765981;2.76765981;2.76774215;2.76802366;2.76812964;2.76904194;2.7690455;2.76929716;2.76934335;2.76935456;2.76942143;2.76963175;2.76996253;2.77074122;2.7712255;2.77132757;2.77153129;2.77179329;2.77183671;2.77186995;2.7720349;2.77234747;2.77272263;2.77324858;2.77329305;2.77334541;2.77335316;2.77377203;2.77381202;2.77423167;2.77427697;2.77435733;2.77465711;2.77558021;2.77560381;2.7757698;2.77636574;2.77677383;2.77692434;2.77693626;2.77700629;2.77713027;2.77796324;2.77836424;2.77906008;2.77906008;2.77909347;2.77912546;2.77929364;2.77948429;2.77957551;2.78002601;2.78008198;2.78126772;2.78169918;2.7821335;2.78234654;2.78258112;2.78262526;2.78280944;2.78284507;2.78286356;2.78309035;2.78323545;2.78327953;2.783688;2.78428471;2.7843045;2.784461;2.7851966;2.78543758;2.78561351;2.78582058;2.78587026;2.7860606;2.78618799;2.78637097;2.78661931;2.7866733;2.78668665;2.786785;2.78708197;2.78713915;2.78734101;2.78746505;2.78766059;2.78799395;2.78803233;2.78807067;2.78836014;2.78882055;2.78902575;2.78903099;2.78907522;2.78910769;2.78911235;2.78911235;2.78934948;2.78954891;2.79004144;2.79027123;2.79091626;2.79133345;2.79155524;2.79180003;2.79250682;2.79251097;2.79258218;2.79269819;2.79271365;2.79287694;2.79296012;2.79333771;2.79339437;2.79356387;2.79367443;2.79384652;2.79390926;2.79403332;2.7942698;2.7944863;2.79485459;2.79532927;2.79558066;2.79558066;2.79595303;2.79633933;2.79641511;2.7964544;2.7964802;2.7965023;2.79695861;2.79729939;2.79779465;2.79800905;2.79827365;2.79827365;2.79870666;2.79929382;2.79946477;2.79969493;2.7998164;2.7998164;2.80001302;2.80010916;2.80014289;2.80027099;2.80046355;2.80050796;2.80065206;2.80093627;2.80100426;2.80201655;2.80231083;2.8023602;2.80254234;2.80275093;2.80295345;2.80304024;2.80324461;2.80327608;2.80328578;2.8033399;2.80393365;2.8042499;2.80452371;2.80517275;2.80519876;2.80570485;2.80607572;2.80609993;2.80613139;2.80627477;2.80712374;2.80731014;2.80757448;2.80762877;2.80793805;2.80805448;2.80822471;2.80845229;2.8085123;2.80880487;2.80888976;2.80894446;2.8093294;2.80958907;2.80968979;2.80979047;2.80984067;2.80985772;2.81010641;2.81018569;2.81052212;2.81066887;2.81072444;2.81073137;2.8111998;2.81133905;2.81178193;2.81181785;2.81192735;2.81196864;2.81208882;2.81222499;2.81320201;2.81360535;2.81375399;2.81378311;2.8141082;2.81412585;2.81412585;2.81429856;2.81451316;2.81458823;2.81474615;2.81475758;2.81498644;2.81499308;2.81536361;2.81582257;2.81650681;2.816524;2.81654283;2.81671613;2.81729097;2.81784836;2.81860621;2.81909071;2.81941773;2.81957597;2.81988029;2.82062339;2.82062745;2.82066945;2.82069492;2.82078079;2.82086011;2.82114819;2.82167471;2.82185787;2.8222836;2.82245055;2.82278274;2.82278274;2.82348501;2.82359119;2.82367009;2.82405542;2.82410368;2.82475376;2.82482786;2.82508729;2.82514818;2.82524206;2.8254267;2.82561583;2.82561583;2.82583152;2.82606702;2.82606702;2.8262662;2.82637509;2.82661347;2.82688085;2.82712699;2.82724597;2.82792008;2.82831318;2.82845806;2.82850484;2.82850618;2.82858256;2.82876446;2.82925266;2.82990624;2.83007175;2.83019414;2.8303828;2.83050608;2.83061079;2.83124821;2.83170903;2.83175725;2.83237798;2.83265211;2.83294019;2.83295299;2.83295825;2.83301813;2.83315233;2.83324952;2.83330341;2.8334522;2.83371957;2.83372149;2.83430057;2.83438631;2.83439856;2.83502647;2.83527156;2.83540163;2.8356284;2.83565371;2.83611424;2.8363178;2.83640924;2.83679059;2.83688423;2.83690038;2.83691234;2.83694689;2.83738326;2.83838003;2.8389533;2.83962461;2.83990197;2.83999635;2.84054948;2.84091366;2.84123614;2.84144159;2.84188354;2.84190284;2.84209;2.84250849;2.84263797;2.8428912;2.84333416;2.84338267;2.84353669;2.84361608;2.84366056;2.84367125;2.84368729;2.84374782;2.84382675;2.844366;2.84477921;2.84483858;2.84493844;2.84520554;2.84555713;2.84567635;2.84576484;2.84654784;2.84691133;2.84691133;2.84714813;2.84734605;2.84762657;2.84788837;2.84800426;2.84816407;2.84831971;2.84838657;2.84861074;2.84862986;2.84883235;2.84887514;2.84901059;2.84906403;2.84909806;2.84914202;2.84958504;2.84963053;2.85024262;2.85024262;2.850347;2.85038459;2.8504781;2.85070915;2.85102641;2.85107885;2.85117363;2.85133307;2.85159889;2.85160805;2.85181388;2.85181782;2.85193948;2.85194216;2.85201983;2.85207107;2.85214192;2.85236308;2.85305366;2.85305366;2.85316871;2.8537617;2.85426811;2.85432699;2.85521259;2.85525231;2.85533183;2.85540902;2.85546482;2.85574134;2.85583368;2.85597247;2.85615245;2.85617608;2.85637267;2.85638839;2.85644607;2.85668088;2.85697769;2.85709488;2.8571488;2.85795323;2.85821575;2.8582837;2.85837842;2.8586673;2.85866886;2.85866886;2.85938886;2.85948273;2.85948627;2.85973873;2.85982703;2.85983524;2.85992503;2.85992503;2.85996847;2.86029632;2.86033361;2.86041817;2.86049925;2.86087023;2.8615084;2.86153671;2.86160129;2.8619673;2.86197233;2.86197718;2.86214379;2.86217494;2.86223843;2.86253495;2.86254443;2.86264125;2.86298722;2.86372161;2.864772;2.86558145;2.86579079;2.86579079;2.8662607;2.86626077;2.86632653;2.86633905;2.86637048;2.86659128;2.86684221;2.8668754;2.867237;2.86742005;2.86761548;2.86768346;2.8678865;2.86801501;2.86838119;2.86919554;2.86952594;2.86969624;2.86971829;2.86977525;2.86978258;2.87008059;2.87040419;2.8710422;2.87120692;2.87124001;2.87129499;2.87144208;2.87144949;2.87151925;2.87152285;2.87152844;2.87161556;2.87173745;2.87175533;2.87178997;2.87186916;2.87197707;2.87204901;2.8722219;2.87226086;2.87256854;2.87261455;2.87265016;2.8726818;2.87279355;2.87302192;2.87396008;2.87422042;2.87477662;2.87487617;2.8753804;2.87544381;2.87551287;2.87685126;2.87688896;2.87715847;2.87726711;2.87768849;2.87786681;2.87805195;2.87831119;2.87835922;2.87862074;2.87862074;2.87891071;2.87938788;2.87942629;2.87958826;2.87958826;2.88016625;2.88031747;2.88082846;2.88101015;2.88125757;2.88152652;2.88206993;2.88218165;2.88229615;2.882317;2.88313521;2.88352252;2.88391697;2.88400949;2.8841069;2.88420182;2.88429532;2.88447205;2.8845919;2.8845919;2.88464705;2.88489356;2.88493878;2.88517242;2.8857101;2.88586496;2.88587843;2.88588857;2.88600047;2.88676646;2.88754222;2.88787409;2.88872702;2.8889078;2.88930366;2.88938699;2.88956304;2.89049246;2.89054133;2.89070848;2.89098638;2.89178835;2.89181286;2.89189793;2.89202785;2.89208731;2.89243256;2.89285448;2.89300368;2.89312589;2.89392079;2.89422697;2.89469701;2.89498724;2.89537084;2.89576258;2.89601416;2.89614165;2.89616251;2.89616464;2.8965463;2.8966806;2.89684883;2.89688382;2.89722174;2.89728745;2.89739672;2.89783117;2.89835051;2.89856408;2.89880379;2.89892024;2.89897667;2.89923748;2.8994487;2.90033225;2.90034925;2.90063418;2.90088704;2.90124575;2.90129801;2.90144588;2.90150008;2.90180071;2.90225822;2.90231996;2.9030456;2.90316228;2.90375215;2.90375215;2.90391657;2.90484172;2.90516439;2.905189;2.90537103;2.90565709;2.90585294;2.90607038;2.90620241;2.90687035;2.90687035;2.90709815;2.9075565;2.90773543;2.90780713;2.90895596;2.90900169;2.90901109;2.9092837;2.90939202;2.90963091;2.90980413;2.91040692;2.91095504;2.91145752;2.91168342;2.91179438;2.91189796;2.91305514;2.91319527;2.91325611;2.91367873;2.91386389;2.91490114;2.91538688;2.91542846;2.91567335;2.91603376;2.91614118;2.9162217;2.91667773;2.91677145;2.91684361;2.9169728;2.91770426;2.91816403;2.91889078;2.919007;2.91981861;2.92026045;2.92043987;2.92074855;2.92082142;2.92100381;2.92113258;2.92117203;2.92118319;2.92120851;2.9212931;2.92225929;2.9225948;2.9226096;2.92276561;2.92276561;2.92290037;2.92291759;2.92302631;2.92365123;2.92379126;2.92381916;2.92417079;2.92417079;2.92451456;2.92479891;2.92520931;2.92551804;2.92599381;2.92636053;2.92637138;2.92651909;2.92654255;2.92654255;2.92680766;2.92728589;2.92815012;2.92824786;2.92827974;2.92827974;2.92931067;2.92934145;2.92938116;2.93058268;2.93093025;2.93156303;2.93160778;2.93174504;2.93175189;2.93181458;2.93197934;2.932129;2.93224421;2.93224421;2.93250754;2.93293878;2.93308898;2.93313145;2.93338988;2.93349219;2.93394388;2.93433923;2.93465758;2.93481622;2.93485083;2.9348654;2.93496522;2.93552764;2.93563087;2.93564462;2.93590167;2.93642596;2.93670464;2.93726643;2.93774286;2.93786987;2.93818274;2.93851487;2.93857026;2.93871576;2.93888056;2.93940013;2.93987118;2.94000102;2.9406969;2.94070495;2.94085158;2.94085158;2.94089898;2.94094108;2.9410734;2.94185968;2.94200184;2.94207172;2.94218781;2.94224396;2.942908;2.94320908;2.94328836;2.94333882;2.94340363;2.94360475;2.94417337;2.94418114;2.94421238;2.9445745;2.94476488;2.94493192;2.94522872;2.94547724;2.94625327;2.94630233;2.94691717;2.94701106;2.94749129;2.94831881;2.94838183;2.94839757;2.94840983;2.94846185;2.94854946;2.94880671;2.94893544;2.94905572;2.94914625;2.94915795;2.95019296;2.95042574;2.95051375;2.95061117;2.95092179;2.95119166;2.9512594;2.95126083;2.95187192;2.951919;2.95225598;2.95252856;2.95301598;2.95319683;2.95332499;2.95340284;2.9543529;2.95440326;2.95446066;2.95461503;2.95498684;2.95505615;2.95531605;2.95532083;2.95533625;2.95541724;2.95549815;2.95563303;2.95564076;2.95600947;2.95647936;2.95752808;2.95770455;2.95798586;2.95799775;2.95817795;2.95830957;2.95855346;2.95855548;2.958707;2.95896291;2.95971647;2.95975459;2.96003702;2.96010013;2.9601446;2.96016629;2.96054924;2.96059963;2.96115204;2.96188143;2.96278885;2.96381669;2.96389588;2.96412673;2.96412673;2.96419722;2.96423514;2.96442521;2.96480259;2.96487311;2.96649918;2.96681274;2.96683777;2.96710876;2.96726708;2.96775662;2.9678346;2.96789514;2.96828323;2.96835246;2.96847557;2.96855769;2.96864633;2.96873235;2.96920555;2.9692448;2.9698595;2.97033294;2.97060968;2.97060968;2.97064037;2.97143565;2.97187175;2.9720628;2.97245911;2.97266942;2.97308908;2.97344118;2.97345424;2.97347162;2.9737543;2.97446419;2.97456297;2.97566375;2.97589955;2.97627085;2.97627085;2.97643328;2.97668274;2.97696212;2.97707961;2.97735415;2.97735415;2.97758936;2.977844;2.97785788;2.97800387;2.97809534;2.97856646;2.97885104;2.97897735;2.97902733;2.97907319;2.97918486;2.97935723;2.97943851;2.97955797;2.97967053;2.97969124;2.97977106;2.98060172;2.98090242;2.98114547;2.98162513;2.98194723;2.98243564;2.98258172;2.98323824;2.98335612;2.98369233;2.98399568;2.98449185;2.9848006;2.98544227;2.98548001;2.98562129;2.98564352;2.98582699;2.98684285;2.98731071;2.98731351;2.98746745;2.98752732;2.98769634;2.98778238;2.98818049;2.98833907;2.98920865;2.9892148;2.98933628;2.98938439;2.98940437;2.9896331;2.98986955;2.98988342;2.99003345;2.99078535;2.99086562;2.99113497;2.99151496;2.99166784;2.99226198;2.99269452;2.99285504;2.99286234;2.99341547;2.99351656;2.99358014;2.99365158;2.99388352;2.9940582;2.99487343;2.99522959;2.9957517;2.99579031;2.99654109;2.99691064;2.9970456;2.99782188;2.99782755;2.99823337;2.99834425;2.99876436;2.99930404;2.99942468;2.99943009;2.99981326;2.99981326;3.00093009;3.00113305;3.00127556;3.0018045;3.00188206;3.00205429;3.0027908;3.00297179;3.00310489;3.00320305;3.00332745;3.00334897;3.00334897;3.00355829;3.00355829;3.00392395;3.00409214;3.00478309;3.00496511;3.00520083;3.00522508;3.00526299;3.00552693;3.00584673;3.00602431;3.00614867;3.00621256;3.00695323;3.00715354;3.00727794;3.0073695;3.00758073;3.00798688;3.00801309;3.00807398;3.00836013;3.00971563;3.01026318;3.01110209;3.01146897;3.01241095;3.01310959;3.01426368;3.01519483;3.01519483;3.01588568;3.01652533;3.01741361;3.01753593;3.01760372;3.01769904;3.01823778;3.01857631;3.01878567;3.01879286;3.01928732;3.01936785;3.0194248;3.01949452;3.01978185;3.02024095;3.02039649;3.02215184;3.02223715;3.02266522;3.02276458;3.02298026;3.0231417;3.02349198;3.0242951;3.02467843;3.02471118;3.02485367;3.02496089;3.02499772;3.02554972;3.02569458;3.02593911;3.02614244;3.0262497;3.02632253;3.02719827;3.02726469;3.0273078;3.0275132;3.02918394;3.0293353;3.02966534;3.02979701;3.03041165;3.03146894;3.03147537;3.03171845;3.03171845;3.03221113;3.03243105;3.03243105;3.03337855;3.03459458;3.03472134;3.03525967;3.03600439;3.03629714;3.03634438;3.0367543;3.03695558;3.03696771;3.03709055;3.03719503;3.03806981;3.03861046;3.039272;3.03944812;3.03981863;3.03984771;3.04038941;3.04050177;3.04109244;3.04158804;3.04178612;3.04187059;3.0421019;3.04239245;3.0423977;3.04311768;3.04314579;3.04315474;3.04356097;3.04425176;3.04465183;3.04554155;3.04687808;3.04831974;3.04840601;3.04855928;3.04874753;3.0496684;3.05081099;3.05102649;3.0510973;3.05138366;3.0515809;3.05276383;3.05316613;3.05342188;3.0539795;3.05407926;3.05422551;3.05444066;3.05463841;3.05499328;3.05564888;3.05567592;3.05578202;3.05590865;3.05607078;3.0560712;3.05622037;3.05628728;3.0571221;3.05723165;3.05830693;3.05855672;3.05858645;3.05967623;3.05993117;3.06018281;3.06065341;3.06076329;3.06078141;3.06088288;3.06162454;3.06180291;3.06247048;3.06282893;3.06339805;3.06377211;3.06429875;3.0647914;3.06549037;3.06617714;3.06622925;3.0662396;3.06624937;3.06634589;3.06638183;3.06680301;3.06689755;3.06791168;3.06858323;3.06871991;3.06921324;3.06941295;3.06943594;3.06964431;3.07010108;3.07058713;3.0706067;3.07113603;3.07146382;3.07147869;3.0715392;3.07167037;3.07197511;3.0720839;3.07217616;3.07288153;3.07385832;3.07386499;3.07420455;3.07458081;3.07467005;3.07470724;3.0748902;3.07558184;3.07579473;3.07618221;3.07621611;3.0776362;3.07782039;3.07889473;3.0796801;3.08036629;3.08064461;3.08087837;3.08124133;3.08255119;3.08360188;3.08487773;3.08524434;3.08563102;3.08596352;3.08722356;3.08787398;3.08816228;3.08837865;3.08914674;3.09004345;3.0903842;3.0905572;3.09060031;3.09064846;3.09088318;3.09088318;3.09100141;3.09105673;3.09130824;3.0917224;3.09238317;3.09346106;3.09353509;3.09408687;3.09412878;3.0950778;3.0950935;3.09517557;3.09528789;3.09567147;3.0957715;3.09596102;3.0968533;3.09701272;3.09733327;3.09734153;3.09753756;3.09788041;3.09809399;3.09855248;3.09892869;3.09907146;3.09938494;3.09948571;3.10012589;3.10065145;3.10089544;3.10119753;3.10138852;3.10141795;3.1014687;3.10151907;3.10151907;3.10155;3.10294633;3.10437151;3.10440869;3.10483898;3.10487371;3.10589634;3.10754533;3.10833737;3.10952531;3.10965548;3.11001568;3.11031088;3.11035856;3.11039659;3.11044293;3.11067201;3.11073608;3.11075061;3.11082573;3.11138829;3.11197067;3.11324626;3.11386524;3.11411323;3.11461267;3.11562356;3.11621558;3.1163306;3.11651162;3.11652039;3.11664808;3.11685169;3.11685169;3.11711205;3.11782838;3.11881434;3.11898959;3.11900673;3.1196716;3.1209795;3.12150842;3.12306344;3.12306344;3.12313112;3.12339895;3.12418437;3.12475796;3.12482453;3.12542554;3.12553936;3.12586643;3.12608061;3.1264082;3.12664447;3.12675463;3.12703314;3.12927696;3.12928363;3.12996962;3.1301997;3.13057386;3.13064796;3.1308381;3.13087205;3.13136336;3.1313776;3.13138256;3.13138256;3.131576;3.13167592;3.13293696;3.13314018;3.13323467;3.13351328;3.13429182;3.13485689;3.13492192;3.1357069;3.13645854;3.13669352;3.1372686;3.13843893;3.13907583;3.13937865;3.13971307;3.13984703;3.1406164;3.14107817;3.14143902;3.14190541;3.14288556;3.14393921;3.14443729;3.14500747;3.14541786;3.14588004;3.14650028;3.1467183;3.14773038;3.14824419;3.14837451;3.14865855;3.1488385;3.14995311;3.15049519;3.15071242;3.15087875;3.15192337;3.15297349;3.15333561;3.15477927;3.15698759;3.15708037;3.15898992;3.15910654;3.15911622;3.15983564;3.16033589;3.16081308;3.16371897;3.16498471;3.16516819;3.16656686;3.16722423;3.16735841;3.1687835;3.16926771;3.16934816;3.17123249;3.17124558;3.17206385;3.17234168;3.17289806;3.17441988;3.17473607;3.17617815;3.17662336;3.17765435;3.17776757;3.17792311;3.1784824;3.17924645;3.17955417;3.18009995;3.18091757;3.18156407;3.18214165;3.18273094;3.1832239;3.1845445;3.18534301;3.18599755;3.18604252;3.18617881;3.18628507;3.18686035;3.18698761;3.18710073;3.18744575;3.18764175;3.18832171;3.18843892;3.18884297;3.18908598;3.1892318;3.18952847;3.18960198;3.18979422;3.19061973;3.19105683;3.19173207;3.19184078;3.19184852;3.19230797;3.19335786;3.19460166;3.19575073;3.1959194;3.19637812;3.19685948;3.19710826;3.19882062;3.19892889;3.19914023;3.19940109;3.20026197;3.20055512;3.20083653;3.20308233;3.20379236;3.20450507;3.20539213;3.20571437;3.20724953;3.20782285;3.20800722;3.20977995;3.21017269;3.21291383;3.21319938;3.21319938;3.2140256;3.21410963;3.21424393;3.21529544;3.21694729;3.21722613;3.21773337;3.2177794;3.21822184;3.2190147;3.22001333;3.22008929;3.22206038;3.22400256;3.22404513;3.22688333;3.22723565;3.22851534;3.22893989;3.22924889;3.23122093;3.23153632;3.23220576;3.23452692;3.23456528;3.23610279;3.2362234;3.236875;3.23911401;3.23952021;3.2395696;3.24007334;3.24076088;3.24280365;3.24413489;3.24458592;3.24571855;3.24706223;3.24995687;3.25057981;3.25070655;3.25121417;3.25304028;3.25364292;3.25364292;3.25477447;3.25678275;3.25753939;3.25851415;3.25881071;3.25925971;3.25956383;3.25999259;3.26026538;3.26067935;3.26203723;3.26273439;3.26706063;3.26781402;3.26977086;3.27035121;3.2717764;3.27252456;3.27260737;3.27409786;3.27423447;3.27462698;3.27983127;3.28102304;3.28381651;3.28408903;3.28475058;3.28659672;3.2893307;3.29011233;3.29028018;3.29064552;3.29188162;3.29236624;3.29254054;3.29372154;3.2942501;3.29590334;3.29616535;3.29694709;3.29837517;3.29874107;3.29913079;3.30025193;3.30144207;3.30288206;3.30305437;3.30449188;3.30719202;3.30883088;3.31146141;3.3127008;3.31306601;3.31511733;3.31522281;3.31712792;3.31941087;3.31999411;3.32001256;3.32325745;3.3242461;3.32433569;3.3244903;3.32715778;3.32835219;3.32854412;3.3304532;3.33119031;3.3313432;3.33166225;3.33272549;3.33377836;3.3338605;3.33392218;3.33644562;3.33644562;3.33999409;3.34178;3.34356671;3.34356671;3.34602803;3.34723545;3.34757261;3.3550676;3.3586947;3.35980608;3.3622328;3.36299595;3.36409578;3.36467315;3.36473187;3.36581242;3.36766396;3.36917227;3.37011975;3.37060501;3.37106093;3.37161458;3.3731125;3.37328081;3.37406549;3.37413073;3.3768534;3.37793081;3.38225829;3.38349923;3.38510774;3.3854718;3.38561067;3.38708664;3.38825055;3.38986432;3.39359154;3.39387577;3.39628422;3.39858323;3.39902259;3.40007372;3.4024965;3.40542984;3.40990445;3.41014698;3.41135415;3.41539492;3.41657387;3.42114926;3.42263424;3.42341197;3.42489892;3.42759431;3.42831955;3.4301502;3.43205359;3.43328579;3.43425311;3.43526261;3.43724279;3.43951829;3.44242944;3.44337204;3.44763571;3.44895448;3.45165989;3.46375976;3.46515356;3.46682323;3.46748655;3.4683286;3.47278184;3.47309652;3.47323761;3.48355752;3.48455137;3.48726982;3.48841937;3.49491403;3.49623295;3.4969288;3.49699974;3.50001845;3.5006408;3.50124167;3.50511801;3.50593067;3.50925954;3.50956197;3.5098528;3.52347762;3.52545404;3.52592046;3.53543209;3.53787301;3.55072573;3.55304846;3.55682716;3.56308196;3.56829515;3.58101014;3.58352597;3.58570479;3.59040381;3.60069714;3.60210428;3.61748837;3.62979898;3.63154381;3.63604316;3.63934257;3.6606927;3.66302311;3.66820005;3.6770699;3.67735557;3.68396128;3.69152948;3.70633853;3.72691279;3.74543822;3.75119758;3.75949563;3.76995213;3.79742707;3.80446845;3.84807867;3.93194637;4.02363902;4.03750013;4.04658162;4.05147896",2.34744371183696,"2026-08-09 22:14:29"
"thyroid","UN-MCCD","ascend",3656,6,1,0.629525680606231,0.814762840303115,0.260504201680672,1413,2,"3;5;6;10;11;16;19;25;26;27;30;35;37;38;40;41;42;46;48;51;52;57;60;61;63;67;70;72;74;80;81;82;83;91;92;94;99;101;104;105;111;113;117;123;128;129;131;134;135;136;137;138;141;145;146;147;148;150;155;156;163;164;169;174;187;189;192;193;197;198;201;204;205;206;209;213;214;226;238;239;241;242;247;248;249;252;254;255;266;267;273;297;300;302;303;307;311;312;317;331;332;334;336;337;338;341;347;354;357;359;365;368;378;382;383;384;386;388;392;394;395;407;409;412;413;422;423;425;426;427;434;436;437;441;442;445;455;457;462;465;469;471;474;478;485;491;492;493;495;496;498;503;506;509;518;522;523;526;527;530;538;539;540;546;547;548;549;552;553;558;566;568;569;570;573;574;575;579;583;584;588;592;593;595;599;603;604;605;607;608;610;616;623;624;634;635;636;649;651;653;654;663;664;666;680;681;686;689;691;697;701;703;704;710;711;713;714;716;718;721;722;723;724;725;731;733;736;740;742;743;744;745;746;750;756;757;762;763;767;770;773;776;777;779;781;782;786;793;794;799;806;807;809;810;812;813;817;818;822;823;827;829;831;833;837;841;843;856;857;858;861;863;864;865;868;869;870;875;876;879;880;883;884;887;889;891;893;894;900;903;904;907;908;909;910;914;916;920;926;932;934;937;940;941;945;946;949;951;952;953;961;962;963;965;966;970;974;976;987;988;989;993;994;1000;1009;1016;1017;1021;1026;1029;1032;1034;1037;1038;1042;1043;1047;1051;1052;1053;1055;1057;1059;1060;1064;1065;1067;1068;1069;1070;1071;1075;1078;1079;1081;1086;1087;1088;1091;1092;1097;1098;1100;1101;1104;1106;1113;1114;1115;1121;1122;1127;1130;1131;1132;1136;1139;1140;1143;1144;1147;1148;1149;1150;1151;1153;1157;1158;1159;1167;1169;1170;1175;1180;1181;1182;1185;1188;1190;1192;1194;1202;1208;1211;1216;1224;1229;1230;1232;1233;1234;1236;1237;1245;1252;1253;1256;1264;1267;1269;1271;1275;1279;1280;1281;1285;1287;1291;1295;1296;1297;1298;1302;1304;1307;1308;1311;1312;1321;1325;1326;1327;1328;1329;1333;1335;1336;1340;1348;1350;1351;1354;1358;1359;1364;1365;1374;1375;1380;1381;1382;1386;1387;1389;1404;1412;1415;1417;1418;1422;1423;1425;1426;1428;1429;1431;1433;1434;1437;1438;1439;1442;1448;1451;1452;1454;1456;1458;1460;1461;1462;1464;1469;1470;1471;1474;1475;1477;1484;1485;1487;1488;1490;1491;1492;1495;1497;1499;1501;1505;1512;1514;1520;1524;1526;1530;1531;1533;1534;1538;1543;1544;1545;1547;1548;1551;1552;1553;1556;1559;1560;1562;1563;1564;1565;1567;1568;1570;1581;1582;1584;1588;1589;1590;1593;1594;1595;1597;1602;1607;1613;1614;1623;1625;1627;1630;1631;1632;1633;1635;1637;1638;1642;1645;1647;1649;1650;1651;1655;1659;1661;1665;1670;1671;1674;1675;1680;1682;1684;1685;1687;1689;1692;1693;1702;1703;1704;1705;1712;1715;1721;1723;1725;1732;1733;1734;1736;1745;1748;1753;1754;1761;1764;1766;1768;1770;1771;1776;1777;1784;1786;1792;1794;1795;1797;1799;1800;1801;1805;1806;1807;1814;1818;1819;1823;1827;1828;1831;1833;1835;1838;1839;1842;1843;1844;1847;1853;1854;1855;1857;1858;1860;1865;1869;1872;1874;1876;1878;1880;1881;1887;1888;1891;1893;1894;1896;1899;1903;1904;1905;1907;1909;1910;1915;1916;1917;1920;1924;1931;1932;1933;1934;1937;1943;1944;1945;1948;1950;1952;1955;1957;1959;1960;1961;1964;1966;1967;1973;1974;1978;1983;1985;1987;1988;1989;1991;1993;1994;2000;2002;2005;2006;2009;2010;2013;2017;2021;2025;2027;2028;2031;2033;2034;2036;2038;2041;2044;2046;2048;2050;2051;2055;2057;2058;2059;2062;2063;2067;2073;2076;2078;2080;2082;2084;2085;2087;2088;2093;2094;2096;2099;2101;2102;2105;2107;2108;2112;2115;2121;2122;2125;2133;2135;2136;2137;2138;2142;2145;2146;2151;2152;2153;2154;2155;2156;2162;2164;2169;2177;2179;2180;2183;2195;2203;2206;2208;2209;2210;2211;2212;2214;2218;2219;2225;2226;2232;2234;2237;2241;2246;2247;2250;2264;2269;2270;2271;2272;2277;2284;2288;2289;2292;2293;2295;2297;2302;2304;2308;2311;2316;2318;2322;2326;2328;2329;2330;2331;2332;2339;2353;2357;2360;2363;2366;2368;2371;2374;2376;2377;2378;2379;2380;2384;2385;2386;2390;2392;2398;2400;2402;2407;2410;2411;2412;2413;2415;2418;2421;2422;2425;2426;2429;2431;2433;2434;2437;2439;2441;2443;2445;2446;2447;2448;2449;2450;2455;2456;2459;2460;2463;2464;2469;2470;2473;2474;2479;2480;2483;2485;2486;2487;2490;2493;2495;2500;2503;2504;2507;2509;2512;2513;2514;2516;2520;2522;2524;2525;2527;2529;2530;2534;2536;2537;2538;2540;2541;2543;2544;2546;2547;2548;2549;2550;2552;2553;2557;2562;2567;2570;2572;2573;2574;2579;2582;2586;2588;2591;2593;2597;2598;2602;2607;2608;2610;2613;2615;2626;2634;2639;2640;2641;2646;2648;2650;2651;2653;2656;2657;2660;2669;2672;2676;2677;2678;2679;2681;2682;2684;2685;2686;2688;2690;2691;2692;2693;2695;2697;2698;2699;2700;2702;2704;2706;2708;2712;2713;2714;2715;2717;2719;2721;2722;2724;2725;2727;2728;2731;2733;2735;2736;2738;2739;2740;2743;2744;2746;2753;2754;2755;2757;2759;2760;2764;2768;2770;2771;2778;2779;2781;2782;2789;2790;2791;2795;2796;2799;2800;2802;2804;2810;2815;2817;2818;2820;2821;2828;2830;2831;2833;2836;2838;2840;2841;2846;2847;2852;2853;2857;2859;2862;2865;2866;2868;2869;2873;2877;2881;2884;2885;2888;2889;2891;2892;2893;2894;2895;2897;2898;2900;2901;2903;2904;2907;2908;2913;2916;2918;2920;2925;2926;2930;2933;2935;2941;2943;2945;2948;2949;2953;2955;2957;2960;2962;2965;2970;2971;2972;2975;2976;2977;2979;2982;2985;2989;2990;2991;2993;2994;2995;2999;3001;3002;3003;3009;3014;3018;3019;3020;3021;3023;3024;3025;3030;3031;3035;3037;3039;3040;3046;3048;3055;3056;3057;3060;3063;3069;3070;3071;3072;3073;3076;3078;3079;3081;3087;3088;3089;3092;3093;3097;3099;3113;3114;3116;3117;3118;3119;3122;3126;3127;3128;3137;3138;3142;3146;3150;3153;3158;3162;3163;3167;3168;3171;3174;3176;3177;3181;3186;3187;3189;3193;3194;3197;3198;3207;3210;3214;3215;3217;3218;3219;3225;3226;3227;3228;3229;3230;3231;3235;3237;3238;3240;3241;3243;3244;3245;3247;3249;3252;3258;3259;3265;3268;3269;3272;3276;3277;3278;3279;3280;3285;3286;3296;3299;3300;3304;3305;3306;3307;3309;3310;3314;3315;3317;3319;3320;3324;3332;3333;3335;3336;3338;3339;3342;3343;3344;3345;3350;3351;3357;3362;3364;3367;3368;3369;3373;3374;3377;3381;3382;3388;3389;3390;3391;3393;3395;3402;3403;3404;3405;3409;3410;3413;3414;3415;3416;3417;3418;3419;3422;3423;3428;3429;3430;3431;3435;3437;3442;3444;3445;3446;3447;3451;3456;3457;3459;3461;3463;3468;3469;3471;3472;3475;3480;3482;3484;3488;3494;3496;3498;3509;3511;3512;3517;3520;3523;3524;3525;3526;3535;3545;3546;3547;3550;3551;3552;3553;3557;3558;3561;3564;3565;3566;3567;3568;3569;3570;3571;3572;3573;3574;3575;3576;3577;3578;3579;3580;3581;3582;3583;3584;3585;3586;3587;3588;3589;3590;3591;3592;3593;3594;3595;3596;3597;3598;3599;3600;3601;3602;3603;3604;3605;3606;3607;3608;3609;3610;3611;3612;3613;3614;3615;3616;3617;3618;3619;3620;3621;3622;3623;3624;3625;3626;3627;3628;3629;3630;3631;3632;3633;3634;3635;3636;3637;3638;3639;3640;3641;3642;3643;3644;3645;3646;3647;3648;3649;3650;3651;3652;3653;3654;3655;3656",351.32843708992,"ok",NA,1,"ascend","0;0;0;0;0;0;0;0;0;0;0;0;0;0;0;0;0;0;0;0;0;0;0;0;0;0;0;0;0;0;0;0;0;0;0;0;0;0;0;0;0;0;0;0;0;0;0;0;0;0;0;0;0;0;0;0;0;0;0;0;0;0;0;0;0;0;0;0;0;0;0;0;0;0;0;0;0;0;0;0;0;0;0;0;0;0;0;0;0;0;0;0;0;0;0;0;0;0;0;0;0;0;0;0;0;0;0;0;0;0;0;0;0;0;0;0;0;0;0;0;0;0;0;0;0;0;0;0;0;0;0;0;0;0;0;0;0;0;0;0;0;0;0;0;0;0;0;0;0;0;0;0;0;0;0;0;0;0;0;0;0;0;0;0;0;0;0;0;0;0;0;0;0;0;0;0;0;0;0;0;0;0;0;0;0;0;0;0;0;0;0;0;0;0;0;0;0;0;0;0;0;0;0;0;0;0;0;0;0;0;0;0;0;0;0;0;0;0;0;0;0;0;0;0;0;0;0;0;0;0;0;0;0;0;0;0;0;0;0;0;0;0;0;0;0;0;0;0;0;0;0;0;0;0;0;0;0;0;0;0;0;0;0;0;0;0;0;0;0;0;0;0;0;0;0;0;0;0;0;0;0;0;0;0;0;0;0;0;0;0;0;0;0;0;0;0;0;0;0;0;0;0;0;0;0;0;0;0;0;0;0;0;0;0;0;0;0;0;0;0;0;0;0;0;0;0;0;0;0;0;0;0;0;0;0;0;0;0;0;0;0;0;0;0;0;0.04496605;0.04496605;0.04496605;0.04496605;0.04496605;0.04496605;0.04496605;0.04496605;0.04496605;0.04496605;0.04496605;0.04496605;0.04496605;0.04496605;0.04496605;0.04496605;0.04496605;0.04496605;0.04496605;0.04496605;0.04496605;0.04496605;0.04496605;0.04496605;0.04496605;0.04496605;0.04496605;0.04496605;0.04496605;0.04496605;0.04496605;0.04496605;0.04496605;0.04496605;0.04496605;0.04496605;0.04496605;0.04496605;0.04496605;0.04496605;0.04496605;0.0454691;0.0518839;0.06865774;0.06865774;0.06865774;0.0899321;0.0899321;0.0899321;0.0899321;0.0899321;0.0899321;0.0899321;0.10382544;0.13489815;0.13489815;0.22483025;0.23413332;0.24577821;0.26727927;0.27630944;0.27630944;0.280806;0.29293211;0.29553262;0.30843573;0.3128839;0.31476235;0.31496079;0.32424937;0.33280906;0.33376016;0.33379456;0.33828837;0.34343659;0.34399029;0.34457623;0.34644429;0.34727399;0.34790244;0.3488792;0.3488792;0.35119873;0.36043039;0.36095808;0.36118934;0.36269012;0.36318733;0.36456618;0.36512607;0.36578382;0.36596036;0.37014469;0.37301505;0.37675609;0.38167516;0.38228323;0.38340229;0.38344909;0.38392643;0.38398334;0.38601447;0.38838048;0.39004716;0.39004716;0.39051053;0.391365;0.39326683;0.39453368;0.396448;0.39733706;0.39813403;0.39813403;0.40108625;0.40139735;0.40379604;0.40388544;0.40515225;0.40516172;0.40516172;0.40587081;0.40594114;0.40769131;0.40775295;0.40823813;0.40891597;0.40965592;0.41124078;0.41217777;0.41319601;0.41346569;0.4149361;0.41507124;0.41507124;0.41509522;0.41639201;0.41802874;0.41934924;0.42026099;0.4204272;0.4204272;0.4218953;0.42367842;0.42367842;0.4242905;0.42493699;0.42500471;0.42624594;0.42741962;0.42770584;0.43026577;0.43046877;0.43061649;0.43094281;0.43171163;0.43213194;0.43260986;0.43367061;0.43599558;0.4361512;0.43620685;0.43740736;0.43849134;0.4387598;0.43895109;0.43902113;0.44076716;0.44104657;0.44197162;0.44241773;0.44305496;0.44309452;0.44440581;0.44477818;0.4452994;0.44532645;0.44592541;0.44643754;0.44825543;0.44923081;0.4498723;0.45014542;0.45122121;0.45146657;0.45179494;0.45179494;0.45254177;0.45448043;0.454677;0.45673859;0.45738739;0.45751695;0.45857364;0.45912689;0.45912689;0.45985535;0.45985535;0.45995499;0.46078611;0.46170534;0.46458835;0.46478039;0.46534668;0.46561381;0.46646889;0.46695421;0.46706145;0.46736432;0.46914532;0.47023446;0.47026133;0.47086983;0.4716181;0.47213367;0.47282751;0.47282751;0.47454923;0.47454923;0.47457215;0.47463428;0.47472846;0.47516923;0.47777356;0.47805511;0.47815733;0.47818595;0.47818595;0.47828798;0.47860882;0.4786575;0.47945803;0.47946219;0.47970304;0.47987958;0.48036685;0.48036685;0.48059484;0.48117281;0.48199066;0.48261621;0.48261899;0.48302335;0.48344216;0.48375775;0.48451958;0.48511855;0.48511855;0.48545619;0.48564569;0.48606619;0.48684579;0.48705719;0.48773354;0.48899796;0.48933868;0.49160281;0.49253151;0.49285857;0.49287091;0.4939523;0.49403531;0.4957517;0.49685632;0.49687213;0.4970535;0.49724593;0.49728302;0.49801652;0.49814612;0.49890659;0.50117265;0.50129092;0.50179381;0.50189899;0.50189899;0.50191035;0.50192208;0.50210981;0.50303949;0.50371586;0.50377546;0.50446854;0.50446854;0.50495225;0.50594751;0.50594764;0.50622012;0.50639252;0.50664135;0.50709792;0.5071983;0.50766038;0.50784926;0.50811101;0.50863661;0.50905471;0.50971629;0.50977844;0.51008329;0.51023524;0.5105139;0.51072426;0.51076024;0.51088128;0.51202326;0.51208509;0.51251664;0.5127095;0.51316018;0.51329904;0.51343204;0.51399394;0.51504323;0.51567566;0.51592833;0.5160223;0.5160223;0.51620328;0.51658027;0.51695292;0.51696175;0.51699288;0.51763892;0.51811133;0.51900221;0.51927413;0.51977606;0.52035784;0.52038937;0.5205268;0.52122521;0.52216738;0.52226529;0.52273408;0.52377293;0.52397502;0.52525489;0.52661717;0.52783201;0.52851437;0.52952297;0.5295628;0.52979966;0.52983635;0.52983635;0.53038865;0.53068721;0.5307842;0.53190872;0.53291509;0.53299438;0.53380657;0.5342574;0.53462279;0.53474164;0.53562576;0.53572444;0.53587431;0.53622294;0.53625325;0.53718599;0.53720158;0.53757417;0.53757417;0.5379285;0.53822483;0.53941943;0.53957264;0.5402344;0.5405456;0.54063644;0.54078967;0.54126386;0.5415526;0.54161532;0.54206764;0.5424885;0.54323889;0.54332517;0.54371378;0.54396961;0.54396961;0.54429522;0.54491483;0.54506166;0.54514065;0.54555492;0.54555985;0.54577563;0.54645874;0.54709892;0.54711068;0.54753499;0.54806019;0.54866406;0.54895517;0.54901708;0.55050782;0.5506196;0.55092712;0.5511306;0.55122151;0.55140947;0.55182891;0.55194228;0.55208691;0.55264089;0.55336483;0.55337909;0.55364195;0.55368215;0.55375601;0.55396809;0.55449076;0.55505762;0.5550883;0.55600552;0.55615183;0.55694634;0.55708762;0.55709542;0.55711028;0.55720705;0.55756131;0.55801776;0.5589431;0.55973479;0.56086937;0.56086937;0.56103206;0.56192153;0.56234448;0.56253799;0.56293524;0.56316137;0.56343744;0.5642897;0.56448033;0.56556235;0.56576208;0.56589856;0.56595912;0.56662612;0.5670366;0.56724385;0.56779403;0.56883082;0.56885664;0.56920192;0.56953424;0.56962974;0.56962974;0.57017558;0.5704948;0.571225;0.57164818;0.57177986;0.57189275;0.57190399;0.57211673;0.57280863;0.57291339;0.57352567;0.57364069;0.57405739;0.57430563;0.57456624;0.57456624;0.57487924;0.57504811;0.57562367;0.57590655;0.5760349;0.57635551;0.57697704;0.57714573;0.57717036;0.57724042;0.5773736;0.57746704;0.57838038;0.57902015;0.57907769;0.57907769;0.57966864;0.58015682;0.58118691;0.58142779;0.58169444;0.58171624;0.58206645;0.58214062;0.58260377;0.58263275;0.58304067;0.58310324;0.58327748;0.58344313;0.58398006;0.58421458;0.58494444;0.58614727;0.58614727;0.58628557;0.58647463;0.58742148;0.58742963;0.58750874;0.58770894;0.58795934;0.58795947;0.58797742;0.58834289;0.58847389;0.58872305;0.58874323;0.58896094;0.58922361;0.5897384;0.59033975;0.59039179;0.59072877;0.59075577;0.59088155;0.59096271;0.59098291;0.59133716;0.59181642;0.59216052;0.59331048;0.59352519;0.59413793;0.59435691;0.59451001;0.59479382;0.59499713;0.59525739;0.59602065;0.59611793;0.59738156;0.59740493;0.59851568;0.5987976;0.5987976;0.59946598;0.59951258;0.59984909;0.60011263;0.60023734;0.60063417;0.60066612;0.60071316;0.60075189;0.60114791;0.60138336;0.60146689;0.6019686;0.60200182;0.60208186;0.60208186;0.60272556;0.60294302;0.6030611;0.6031633;0.60335029;0.60376211;0.60376947;0.60454186;0.60460943;0.60460943;0.60461991;0.60490961;0.60516256;0.60519193;0.60566352;0.60674792;0.60684065;0.60705752;0.6070699;0.60708935;0.60812107;0.60839384;0.60876132;0.60954656;0.60981921;0.60981921;0.61013332;0.61027261;0.61051093;0.61097325;0.61161261;0.61197057;0.61207713;0.61231381;0.61233712;0.61237578;0.61246712;0.61274859;0.61325857;0.61330131;0.61345881;0.61362291;0.61448984;0.6153797;0.61549387;0.61568708;0.61573198;0.61573198;0.61596253;0.6165257;0.61716066;0.61722906;0.61722906;0.61737632;0.61738176;0.61752089;0.61825895;0.61890454;0.61928368;0.61961927;0.61974908;0.61985954;0.62024422;0.62126136;0.62128688;0.62129864;0.62152982;0.62202732;0.62218785;0.62240741;0.62259821;0.62265539;0.6228079;0.62281188;0.62338665;0.62342996;0.62369975;0.62458728;0.62458728;0.62466105;0.62486836;0.62500149;0.62532748;0.62532748;0.62573029;0.62598782;0.62598782;0.62615274;0.62634093;0.62653218;0.62671849;0.62684545;0.62692753;0.62727586;0.62738618;0.62758355;0.62782357;0.62785445;0.62810264;0.62821053;0.62827424;0.6282909;0.62850399;0.62857596;0.62867996;0.62874392;0.62931313;0.62948128;0.62952803;0.62969427;0.63020119;0.63029594;0.63033932;0.63044535;0.63072747;0.63098967;0.63130139;0.63137541;0.63147231;0.63193707;0.63220168;0.63221747;0.63222527;0.63232334;0.63241192;0.63254983;0.63269796;0.63274766;0.63312921;0.63333872;0.633926;0.63468165;0.63469425;0.63483445;0.63497732;0.63502499;0.63503367;0.63520494;0.6352203;0.63522392;0.63529231;0.63548745;0.63549156;0.63565068;0.63601876;0.63631878;0.63631878;0.6367126;0.63700441;0.63710856;0.6373235;0.63784076;0.63852331;0.63898395;0.6397355;0.63978018;0.63996625;0.64016874;0.6402893;0.64045638;0.64045638;0.64056538;0.6406676;0.6406866;0.64076723;0.64123269;0.64132513;0.64169143;0.64172855;0.64198135;0.64218936;0.64233227;0.64253361;0.64269385;0.64284267;0.64303554;0.64362797;0.6437076;0.64394642;0.6445584;0.6452621;0.64534723;0.64543081;0.64570429;0.64588064;0.64602587;0.64602587;0.64613836;0.64666858;0.64689027;0.64707938;0.64710591;0.64727934;0.64729498;0.64750426;0.64773844;0.64787973;0.6488138;0.64909978;0.64955377;0.64970789;0.65014013;0.65016792;0.65051194;0.65070777;0.65101821;0.65106157;0.6511558;0.65117348;0.65152125;0.65179135;0.65194891;0.65212193;0.65261766;0.6526549;0.6526596;0.65267588;0.65278575;0.65429562;0.65429563;0.6547178;0.65501222;0.65502682;0.65512105;0.65526868;0.65531291;0.6553852;0.65555171;0.65638358;0.65687802;0.65739738;0.65756054;0.65759413;0.65794289;0.65796608;0.65852791;0.65870247;0.65924767;0.65950208;0.65954037;0.65968274;0.65969534;0.66050694;0.66058552;0.66085233;0.66099953;0.66107284;0.66178339;0.6620731;0.66211857;0.6629803;0.66315753;0.66351943;0.6639844;0.66435372;0.66462568;0.66467156;0.66503301;0.66540407;0.66542026;0.66561386;0.66581538;0.66581538;0.66588655;0.66594419;0.66657451;0.66676375;0.66706668;0.66707427;0.66730943;0.66809055;0.66824563;0.66840557;0.66856889;0.66880482;0.66880657;0.66898123;0.6692811;0.66932656;0.66990461;0.67024859;0.67031569;0.67039623;0.67052041;0.67115479;0.67115479;0.67273021;0.67277951;0.67294596;0.67321393;0.67322151;0.67327296;0.67343081;0.67429076;0.67441382;0.67442235;0.67466589;0.67471232;0.67494894;0.67506922;0.67525112;0.67549851;0.67551964;0.67579961;0.67599346;0.67724278;0.67731919;0.67744973;0.6776679;0.6778645;0.67786982;0.67790557;0.67790557;0.67815686;0.67822142;0.67825872;0.67846565;0.67865382;0.67886255;0.67889085;0.67988094;0.6799304;0.67999614;0.68027611;0.68059775;0.68095522;0.68111982;0.68138536;0.68149079;0.68211169;0.6823203;0.68247811;0.68281589;0.68323717;0.68328991;0.68328991;0.68360922;0.68381121;0.68384482;0.68437326;0.68440004;0.68486873;0.68486873;0.68496958;0.68513937;0.68545477;0.6855343;0.68585141;0.68611921;0.68614149;0.68629831;0.68646294;0.68674645;0.68679823;0.68719383;0.68735052;0.68784831;0.68807213;0.6886306;0.68871804;0.68875643;0.6887635;0.68879067;0.68914701;0.68933571;0.68950462;0.68965727;0.68967115;0.68968885;0.6899055;0.69012849;0.69027013;0.69029491;0.69066613;0.69072839;0.69134713;0.69166933;0.69168217;0.69211379;0.69245192;0.69253048;0.69255863;0.69266408;0.69287076;0.69287479;0.69290152;0.69353112;0.69363593;0.69363593;0.69398683;0.69434766;0.69437708;0.69437708;0.69447854;0.69473596;0.69519469;0.69522699;0.69553028;0.69576058;0.69584602;0.69612585;0.69627215;0.69648606;0.69648606;0.69665405;0.69722651;0.69723914;0.69777644;0.69777823;0.69782411;0.6980982;0.69854198;0.69868352;0.69912112;0.6992664;0.6994886;0.69961754;0.69961754;0.69970078;0.69980025;0.70102878;0.70123665;0.70136088;0.70156959;0.70165519;0.70179788;0.70224788;0.70229085;0.70280382;0.70374692;0.70379909;0.70383002;0.70426549;0.70448383;0.70448383;0.70481358;0.70482681;0.70511092;0.70516622;0.70539262;0.7055388;0.70554468;0.70593885;0.70608744;0.70630503;0.70661913;0.70730098;0.7076859;0.70792789;0.70804781;0.70834354;0.7084729;0.70861473;0.7088266;0.70884403;0.70961985;0.70965213;0.70969984;0.70969984;0.7097106;0.70972997;0.70990024;0.71002722;0.71068021;0.71092633;0.71125226;0.71146775;0.71151549;0.71191765;0.71192484;0.71199945;0.71231907;0.71231928;0.71235354;0.71269778;0.71273724;0.71286943;0.71363526;0.71405112;0.7140849;0.71411488;0.71435805;0.7147877;0.71518026;0.7154658;0.7154658;0.71550766;0.71577508;0.71581786;0.71586185;0.71606203;0.71615686;0.71619787;0.71635471;0.71702685;0.71722089;0.71758358;0.71788509;0.71800907;0.71839126;0.71846142;0.71900988;0.71918618;0.7193511;0.71939072;0.71941393;0.71941752;0.71945837;0.71945971;0.72021551;0.72029891;0.72063686;0.72077949;0.72086301;0.72086617;0.72089106;0.72089106;0.72157017;0.7218249;0.72192355;0.72217817;0.72256145;0.72257925;0.7231174;0.7236601;0.72424913;0.72442104;0.72601985;0.72617086;0.72658257;0.7267843;0.72701946;0.72720793;0.72738562;0.727483;0.7274831;0.72765453;0.7282997;0.72850627;0.7286974;0.72877884;0.72877884;0.72877889;0.72902467;0.72928192;0.72957683;0.72977529;0.72988029;0.73042478;0.7307925;0.73110948;0.73148946;0.73180312;0.7320445;0.73206269;0.73206863;0.73236134;0.73255603;0.73260088;0.73278803;0.73293316;0.73314438;0.73371864;0.7337304;0.73460348;0.73500934;0.73540369;0.73560059;0.73564577;0.73613345;0.73613345;0.73624016;0.73673198;0.73739828;0.73750348;0.73767962;0.73768743;0.73772625;0.73788731;0.73818081;0.73828144;0.73853164;0.73853527;0.73894164;0.73938005;0.73967419;0.7400328;0.74023983;0.74056404;0.74152024;0.74157532;0.74161679;0.74290011;0.74292841;0.74307138;0.74315924;0.74360457;0.74365576;0.74377746;0.74386306;0.74422366;0.74459436;0.74465582;0.74477598;0.74490294;0.74490369;0.7449268;0.74528308;0.74538981;0.74577895;0.74617579;0.74617579;0.746262;0.74642955;0.74650406;0.74663798;0.7467342;0.74676024;0.74710421;0.74720493;0.74731004;0.74733277;0.74739425;0.74771441;0.74785617;0.74798287;0.74905379;0.74927109;0.74927684;0.74947283;0.74970926;0.74974016;0.75003472;0.75036172;0.75115708;0.75135012;0.75178905;0.75193753;0.75213014;0.75246547;0.75270388;0.75292208;0.75325468;0.75362575;0.75371394;0.75374988;0.75408003;0.754521;0.75497421;0.75504328;0.75518341;0.75550541;0.75557786;0.7555903;0.75613084;0.75643112;0.75645373;0.75752744;0.75839856;0.75840223;0.75852707;0.75857685;0.75914079;0.75934909;0.75949247;0.75949247;0.75966371;0.75971675;0.7597945;0.75996567;0.76000689;0.76007162;0.76033383;0.76055546;0.7610835;0.76111068;0.76114065;0.76171198;0.76174201;0.76176315;0.76180276;0.7622087;0.76256122;0.76266847;0.76274478;0.76279798;0.76280211;0.76304664;0.76339014;0.76361052;0.76361174;0.7637174;0.76375549;0.76376107;0.76446324;0.76450459;0.76503385;0.76530434;0.76581056;0.76713816;0.76764789;0.76783943;0.7678593;0.76826066;0.76869165;0.76871426;0.76876167;0.76947562;0.76951387;0.76955163;0.76970566;0.77012341;0.77042403;0.7704381;0.77095422;0.77103636;0.77120798;0.77124958;0.77125305;0.77126816;0.77167244;0.771938;0.77240342;0.77276535;0.7730782;0.77321373;0.77324046;0.77325965;0.77333816;0.7733953;0.77369875;0.77371838;0.77377399;0.77397911;0.77424775;0.77441438;0.77572528;0.77591022;0.77612029;0.77643117;0.77646703;0.77709644;0.77731144;0.77732019;0.77736442;0.77737253;0.77756963;0.77757182;0.77877203;0.77881299;0.77891756;0.77897984;0.77909184;0.77912837;0.77926172;0.77946424;0.77970486;0.77980242;0.77980242;0.77987648;0.78010151;0.78018366;0.78018491;0.78051148;0.78073028;0.78088859;0.78171683;0.78199812;0.78243498;0.78453264;0.7845339;0.78463839;0.78466048;0.78482797;0.7856513;0.78596846;0.7859855;0.78622068;0.78637872;0.78651417;0.78673581;0.78716552;0.78746211;0.78746211;0.78766822;0.78768379;0.78777914;0.78785628;0.78807528;0.78855157;0.7892328;0.78927134;0.78944568;0.78976074;0.78996983;0.79028005;0.79036856;0.79104802;0.79155529;0.7915641;0.79183254;0.79234677;0.79261491;0.79272376;0.79290317;0.79292487;0.79293718;0.79347702;0.7935295;0.79376302;0.79457813;0.79461067;0.79468801;0.79485884;0.79514262;0.79542824;0.79543997;0.79547353;0.79550076;0.79575643;0.79588108;0.7959588;0.79596837;0.79596837;0.7960502;0.79615225;0.79718068;0.79742692;0.79763359;0.7981043;0.7982791;0.79834887;0.79923359;0.79925851;0.79955766;0.79974904;0.79975364;0.7998096;0.79983726;0.80035965;0.80041367;0.80044594;0.8006672;0.80080856;0.80103629;0.80112352;0.80114621;0.80120117;0.80154476;0.80156122;0.80163355;0.80165756;0.80167449;0.80171023;0.80179965;0.80208111;0.80231639;0.80243011;0.80258371;0.80286644;0.80298409;0.80354265;0.80356876;0.80360077;0.80403582;0.80432513;0.80453815;0.8045509;0.80473759;0.80480473;0.80540639;0.80647637;0.80651497;0.80652002;0.80666652;0.80689655;0.80709008;0.80724271;0.80725013;0.80737222;0.80783326;0.8082133;0.8082429;0.80827151;0.80883278;0.80900814;0.80934924;0.80936433;0.80945922;0.8096118;0.81004383;0.81008282;0.81036984;0.81051875;0.81070532;0.81149301;0.81185637;0.81187874;0.81188674;0.81197703;0.81205292;0.81214227;0.81222965;0.81260576;0.81274427;0.81323082;0.81352975;0.81398356;0.81403522;0.8140508;0.81459156;0.81459705;0.81465054;0.81481022;0.81499145;0.8150513;0.81577896;0.81582152;0.815925;0.81643849;0.81715536;0.81810852;0.81821943;0.81842255;0.81869555;0.81898787;0.81915707;0.81951582;0.8196868;0.81974659;0.81992674;0.82032214;0.82038075;0.82043442;0.82055915;0.8208905;0.82104482;0.82175807;0.82268279;0.82318047;0.823286;0.823286;0.82396163;0.82542959;0.825842;0.82589125;0.82652637;0.82654642;0.82680747;0.82685832;0.82715861;0.82748367;0.82754296;0.82772014;0.8279198;0.82801297;0.82808176;0.82818254;0.82825955;0.82846302;0.82856515;0.82864379;0.82891415;0.82914;0.82920517;0.82937993;0.82967672;0.8297788;0.83011657;0.83015035;0.83065486;0.83067879;0.83087226;0.83102443;0.83103012;0.83139612;0.83150922;0.83151508;0.83211061;0.83218292;0.83265558;0.83405327;0.83423307;0.83443285;0.83461257;0.83473419;0.83497731;0.83503607;0.83506825;0.83524068;0.83544422;0.83545354;0.83545354;0.83560959;0.83567083;0.83629581;0.83669022;0.83674708;0.83722771;0.83753025;0.83806826;0.83809031;0.83873967;0.8387647;0.83876473;0.83876528;0.83886682;0.83961521;0.83962213;0.83970406;0.83978078;0.83990054;0.84056241;0.84093232;0.84101622;0.84131536;0.84263846;0.84324581;0.84365343;0.84392748;0.84401145;0.84406925;0.84506892;0.84513922;0.84561033;0.84572363;0.84620916;0.84633802;0.84681457;0.84711929;0.84718061;0.84762325;0.84774892;0.84818296;0.84829602;0.84871559;0.84888202;0.84894097;0.84902574;0.84933476;0.84934656;0.84958775;0.85000943;0.85093068;0.85095931;0.85096176;0.8510295;0.85128107;0.85202127;0.8520592;0.85244725;0.85277488;0.85282288;0.85303611;0.85325778;0.85331025;0.85340365;0.85413182;0.85427581;0.85462038;0.85497917;0.85514262;0.85576449;0.85599492;0.8561154;0.85616489;0.85639546;0.85648125;0.85674257;0.85688145;0.85711836;0.85759432;0.85782723;0.85798436;0.85799555;0.85819213;0.85823221;0.85841436;0.85870933;0.85911766;0.85984461;0.85998353;0.86024996;0.86043729;0.86141447;0.86227549;0.86255451;0.86280586;0.86280777;0.86301508;0.86309823;0.86319261;0.86394787;0.8640356;0.86429973;0.86438954;0.86455277;0.86482447;0.86483139;0.86543073;0.86543692;0.86559218;0.86567841;0.86569298;0.86585034;0.86603169;0.86726589;0.86758677;0.86763716;0.86778872;0.86786991;0.8679974;0.86845616;0.86855862;0.86928575;0.86953264;0.86964432;0.87011623;0.87011623;0.87020739;0.8702425;0.87033723;0.87043753;0.87184951;0.87216296;0.87221389;0.87260123;0.87279978;0.87282787;0.87282883;0.87303082;0.87350698;0.87352982;0.87387586;0.8741107;0.87418611;0.87421898;0.87471562;0.87500417;0.87505113;0.87508666;0.87543106;0.87608253;0.8763619;0.87695312;0.87717977;0.87717977;0.87767479;0.87796663;0.8781887;0.87862752;0.87913137;0.8795267;0.87999626;0.88008081;0.88026598;0.88041556;0.88171695;0.88188219;0.88234184;0.88238527;0.88287248;0.8832197;0.88324679;0.88325554;0.88386957;0.88411453;0.88460754;0.88520589;0.88539119;0.8867421;0.8879428;0.88835006;0.88864087;0.88868338;0.88887375;0.88918658;0.88929476;0.88936764;0.88937082;0.88979957;0.88991319;0.89132798;0.89135161;0.89231195;0.89233274;0.89241748;0.89295801;0.89377288;0.89380174;0.89423864;0.89470957;0.89525467;0.89528889;0.89533326;0.89548578;0.8958233;0.89597368;0.89628434;0.89635772;0.89664524;0.8966792;0.89678081;0.89729092;0.89737986;0.89739018;0.89757063;0.89782007;0.89791525;0.89797729;0.89806139;0.89839489;0.89850981;0.89882363;0.89889179;0.8995741;0.90065502;0.90086463;0.90090007;0.90115339;0.90121157;0.90150719;0.90155923;0.90174638;0.90200422;0.90224512;0.90238533;0.90264645;0.90282174;0.90408061;0.90424831;0.90442694;0.90469666;0.90481641;0.90485408;0.90495771;0.90504844;0.9051369;0.90585146;0.90594446;0.90630305;0.90673043;0.90764469;0.90764469;0.90791326;0.90822801;0.90875814;0.90885336;0.90916825;0.90981477;0.90987495;0.91000722;0.9104155;0.91070136;0.91078022;0.91078022;0.91083333;0.91129262;0.91148193;0.91169548;0.91202259;0.91240422;0.91246731;0.91264132;0.91319865;0.91325142;0.9135041;0.91360473;0.91371675;0.91470606;0.91476659;0.91478454;0.91482633;0.91497599;0.91502203;0.91532201;0.91635403;0.91642856;0.91666331;0.91747806;0.9174931;0.91790339;0.91857597;0.91933535;0.91954259;0.9196759;0.91980729;0.91987893;0.9201105;0.92068564;0.92089168;0.92105899;0.92135728;0.92148791;0.92232864;0.92262723;0.92290113;0.92296552;0.92302183;0.92336188;0.92336188;0.92447097;0.92535704;0.92550572;0.92634878;0.92694336;0.92735921;0.92791431;0.92805587;0.92942055;0.92951285;0.92967119;0.92968911;0.93024564;0.9303801;0.93077481;0.93091877;0.93102767;0.93150575;0.93202814;0.93210922;0.93221104;0.93319946;0.93355652;0.93369692;0.93426872;0.93514843;0.93538352;0.93544958;0.93549493;0.9355869;0.93595294;0.93615675;0.93716531;0.93749747;0.93750336;0.9375096;0.93762533;0.93769934;0.93781235;0.93783632;0.93895765;0.93912884;0.93985986;0.94050188;0.94181296;0.94184326;0.94193699;0.942436;0.942712;0.9428066;0.94317568;0.94333423;0.9433736;0.94360576;0.94377679;0.94379234;0.94384009;0.94450485;0.94457084;0.94543953;0.94572654;0.94573094;0.94582951;0.94627972;0.94633097;0.94652009;0.94658733;0.94676723;0.94695309;0.94728702;0.94735445;0.94757575;0.94771053;0.94790535;0.94813;0.94903285;0.94936887;0.94944465;0.94973315;0.94998086;0.95075906;0.95097014;0.95105087;0.95128281;0.95134634;0.95174454;0.95174454;0.9520086;0.95302201;0.95311749;0.95428894;0.95466121;0.95472057;0.95475791;0.95487591;0.95502128;0.95502949;0.9560334;0.95653487;0.95689428;0.95695442;0.95720076;0.95720076;0.9576352;0.95778425;0.95782919;0.95818385;0.95850176;0.95914122;0.95936434;0.95975889;0.96047913;0.96059221;0.96066421;0.96078287;0.96079993;0.96123593;0.961278;0.961278;0.96172633;0.96220043;0.96256437;0.96257518;0.96304768;0.96325274;0.96353745;0.9636416;0.96380576;0.96430345;0.96464823;0.96527147;0.96527147;0.96555532;0.9662441;0.96699994;0.96700409;0.96728918;0.96799462;0.96836805;0.96846236;0.9684846;0.96866503;0.96903298;0.96924546;0.96959475;0.96977449;0.96979552;0.96984188;0.96993205;0.9700545;0.9705672;0.9705672;0.97186615;0.97187212;0.97252217;0.97254491;0.9728627;0.97291738;0.9729319;0.97331925;0.9736043;0.97376711;0.97432848;0.97477599;0.97673729;0.97766625;0.97771805;0.9779028;0.97804244;0.97812189;0.97847539;0.97855392;0.97866891;0.97884356;0.97896652;0.97905329;0.97932554;0.97942064;0.9797669;0.979781;0.97985496;0.9803571;0.98060713;0.98083638;0.98153398;0.9815796;0.98167462;0.98200648;0.98208387;0.98281732;0.98316261;0.98396771;0.98481748;0.98492416;0.98594156;0.98624265;0.98627483;0.98652818;0.98660934;0.98675463;0.9868922;0.98797508;0.98801487;0.98811593;0.98854538;0.98904229;0.98941987;0.98944661;0.9902754;0.9911179;0.99193097;0.99256864;0.9926968;0.99294324;0.993305;0.9942994;0.99441549;0.99468329;0.99503975;0.99536619;0.99592154;0.99702284;0.99812793;0.99823136;0.99832768;0.99838627;0.99917037;0.99973021;1.00059706;1.00062869;1.00158208;1.00158317;1.00175516;1.00190629;1.0020662;1.0022525;1.00378915;1.00549359;1.00564495;1.00612993;1.00793067;1.00815322;1.00818997;1.0083329;1.00855426;1.00856341;1.00889473;1.01001881;1.01002759;1.01011312;1.01019579;1.01028573;1.01072007;1.01159051;1.01410261;1.01419324;1.01428468;1.01448444;1.01498394;1.0154787;1.01561676;1.01581122;1.01622904;1.01707629;1.01768572;1.01870112;1.01976122;1.02033563;1.02063163;1.02108153;1.02116154;1.02123799;1.02138374;1.02222997;1.0225918;1.02273803;1.02276718;1.02276718;1.02300187;1.02430814;1.02500661;1.02541319;1.02565486;1.02569504;1.02581549;1.02603555;1.02794411;1.02813709;1.02864236;1.02886217;1.029331;1.02964996;1.02994411;1.03008512;1.03014446;1.03073136;1.03073226;1.03078145;1.03078145;1.03112003;1.03191891;1.03229033;1.03232833;1.03271642;1.03305515;1.03305964;1.03335076;1.03368211;1.03377833;1.0341562;1.03453199;1.03479282;1.03479896;1.03565306;1.03617481;1.0366871;1.03738625;1.03838318;1.03867536;1.03870788;1.03895604;1.04029358;1.04036165;1.04116713;1.04138436;1.04140538;1.04144411;1.04167949;1.04193622;1.04214793;1.04220443;1.04220443;1.04259874;1.04304869;1.04322589;1.04332974;1.04388967;1.04400845;1.04440483;1.04509145;1.04524287;1.04577216;1.04660554;1.04684314;1.04688291;1.04714573;1.04726998;1.04733241;1.04757567;1.04770543;1.04780248;1.04837509;1.04955535;1.04981728;1.05065842;1.05098844;1.05111818;1.0517215;1.05179871;1.0525257;1.05314102;1.0532295;1.05484752;1.05491343;1.05513263;1.05561766;1.05627325;1.05793988;1.05795332;1.05807002;1.05831187;1.05890652;1.05946423;1.0607331;1.06199836;1.06256453;1.06258817;1.06281799;1.06396819;1.06525036;1.06637195;1.06644878;1.06753701;1.06799754;1.06799754;1.06808573;1.06887608;1.06925662;1.06964268;1.06978101;1.07026301;1.07085025;1.07087807;1.07158952;1.07185658;1.0720972;1.07218458;1.0725461;1.07263414;1.07283618;1.07326806;1.07334251;1.073398;1.0734471;1.07354166;1.07422749;1.07444003;1.07445903;1.07456293;1.0747079;1.07486358;1.07536119;1.07570042;1.07678311;1.07730545;1.07751064;1.07752223;1.07829795;1.07898336;1.07956305;1.07981211;1.08027176;1.08115623;1.08163286;1.08180849;1.08343804;1.0837131;1.08374685;1.08388966;1.08390237;1.08459416;1.08505629;1.08591521;1.08604377;1.08616405;1.08740329;1.08819771;1.0900507;1.09005897;1.09097618;1.09135537;1.09214699;1.09255577;1.09272341;1.09307175;1.09330089;1.09350958;1.0940633;1.09560514;1.09581459;1.09608244;1.09665827;1.09730567;1.09785625;1.09917364;1.09934595;1.09960973;1.10027887;1.10063473;1.10066189;1.10123671;1.10163678;1.10187528;1.10194197;1.10222263;1.10305498;1.10328466;1.1034348;1.10413599;1.10469974;1.10564104;1.10564852;1.10564946;1.10569433;1.10623287;1.10640968;1.10706249;1.10810438;1.10850393;1.10944126;1.11021354;1.11028629;1.11044315;1.11100885;1.11157069;1.11159144;1.11206413;1.11261022;1.11282541;1.1132289;1.11341669;1.1135595;1.11460248;1.11528143;1.11532407;1.117254;1.1177386;1.11881428;1.12018936;1.12026183;1.1208105;1.12119945;1.12160626;1.12192115;1.12395554;1.12426743;1.12428385;1.12432205;1.12478639;1.125213;1.12531285;1.12577383;1.12634746;1.12643528;1.12651576;1.12854412;1.12913888;1.12940172;1.1316598;1.13171121;1.13195898;1.13225665;1.13267419;1.13345977;1.13373207;1.13488749;1.13562962;1.13570307;1.13570868;1.13606713;1.13617689;1.13775401;1.13787379;1.13825059;1.14161503;1.14220357;1.14251803;1.14254265;1.14273135;1.14293871;1.14330982;1.14365661;1.14405799;1.14433058;1.14473224;1.14587558;1.14701567;1.14733061;1.14788615;1.14858627;1.14932538;1.14962882;1.1498661;1.15070399;1.1509942;1.15137645;1.15194119;1.15236638;1.15286062;1.15304588;1.15358789;1.15432566;1.15522492;1.15541508;1.15626173;1.15626173;1.15626365;1.15680279;1.15686766;1.15736375;1.15761916;1.15798781;1.15814545;1.15927797;1.15946874;1.16083914;1.16135778;1.16278392;1.16302833;1.1632511;1.1637923;1.16426109;1.16470852;1.16646213;1.16744289;1.16767458;1.16779323;1.16798309;1.16801695;1.1682978;1.16849051;1.16890704;1.16914201;1.16966788;1.16973086;1.1701415;1.17066093;1.17077411;1.17120757;1.17128187;1.1719757;1.17229588;1.17252839;1.1725426;1.17261017;1.17261967;1.17288287;1.17348299;1.17374436;1.17496501;1.17611835;1.1772582;1.1800243;1.18059611;1.18141805;1.18186449;1.18218405;1.18222383;1.18296393;1.18326138;1.18391963;1.18523909;1.18600515;1.18724825;1.18727969;1.18730198;1.1875771;1.18774203;1.18795026;1.18824501;1.18907086;1.1893016;1.18931445;1.18967008;1.19034511;1.19078157;1.19124094;1.19194057;1.19280423;1.19300922;1.1931675;1.19459627;1.19484387;1.19547677;1.19548858;1.19639994;1.19702612;1.19814373;1.19906354;1.19950514;1.20043252;1.20275623;1.20280823;1.20297553;1.20366312;1.20438462;1.20577257;1.20595183;1.20708104;1.20854567;1.20899098;1.20944673;1.21053272;1.21095437;1.21229529;1.21237799;1.21414714;1.21446799;1.21470945;1.2147719;1.21491579;1.21557914;1.2156106;1.21766007;1.2178149;1.21879204;1.21916097;1.22093976;1.22327878;1.22402111;1.22501705;1.22513804;1.22513841;1.22523662;1.22596909;1.22641029;1.22655984;1.22731483;1.22797008;1.22854676;1.22895573;1.2299773;1.23115929;1.23117173;1.23245142;1.23374097;1.23408379;1.23445815;1.2358603;1.23611565;1.23659964;1.23706029;1.2374215;1.23848341;1.23941948;1.24062748;1.24141124;1.24161696;1.24324966;1.24415641;1.24593826;1.24602474;1.24662022;1.24712641;1.24798586;1.25030233;1.25238572;1.25242986;1.25318668;1.25432574;1.25511323;1.2586347;1.25950056;1.25969959;1.26221748;1.26444558;1.26502567;1.26545926;1.2660069;1.26635482;1.2666377;1.266899;1.26813239;1.26877282;1.27029952;1.27058172;1.2733828;1.27341527;1.27364569;1.27395813;1.27542349;1.27893805;1.27981044;1.280716;1.28097197;1.28274088;1.28460878;1.28588924;1.28718958;1.2888855;1.28990427;1.29118697;1.29238505;1.29493351;1.2966543;1.29745382;1.29765739;1.29793706;1.2986092;1.30007551;1.30023934;1.30086392;1.30181153;1.30393217;1.30414251;1.30455176;1.30537705;1.30564012;1.31056533;1.31294509;1.31328109;1.31433272;1.31449275;1.31478642;1.31577894;1.31846162;1.31862808;1.32004893;1.32068995;1.32096162;1.32107193;1.32161165;1.32174817;1.32316108;1.32335206;1.32416876;1.32590626;1.32602298;1.32669695;1.32704596;1.32744768;1.32876186;1.32905824;1.33007641;1.33011988;1.33116295;1.33119281;1.33221964;1.33319261;1.33328441;1.33340401;1.33455281;1.33516678;1.33526941;1.3354317;1.33610725;1.33763957;1.33779322;1.34116572;1.3421291;1.34233336;1.34294773;1.34338371;1.34385889;1.34471411;1.34491669;1.34590744;1.34672704;1.346929;1.34798487;1.3482836;1.34830001;1.34869909;1.34954087;1.34954087;1.34958461;1.3501904;1.3501904;1.35064558;1.35103519;1.35137676;1.35165184;1.3521197;1.35275347;1.35302729;1.35316194;1.35685379;1.35913279;1.36021914;1.36046352;1.36125816;1.36546136;1.36696408;1.36931301;1.3695805;1.37030831;1.37043765;1.37064298;1.37083767;1.37596959;1.37726871;1.37863201;1.37871448;1.38079107;1.38126979;1.38171778;1.38256082;1.38405854;1.38415231;1.38415231;1.38909195;1.38919248;1.3897961;1.39105733;1.39470181;1.39533014;1.39535339;1.39559358;1.39725847;1.399381;1.39995578;1.40066471;1.40145056;1.40200257;1.40769934;1.40785214;1.40890456;1.40981331;1.41194919;1.41312516;1.41331546;1.4138831;1.41450154;1.41537781;1.41569;1.41686636;1.41968738;1.42105762;1.42161006;1.42253884;1.42278276;1.42634691;1.42634691;1.42737442;1.42892306;1.4306868;1.43160893;1.43192034;1.43407723;1.43564934;1.43645764;1.43687477;1.43703142;1.43883822;1.44017443;1.44084863;1.44381347;1.44423185;1.44504039;1.44573918;1.44732873;1.45248358;1.45422586;1.45434407;1.45537973;1.4584599;1.45996389;1.4600904;1.46165552;1.46174745;1.46175536;1.46460286;1.46499544;1.46942135;1.47065116;1.47085518;1.4711495;1.473283;1.47366145;1.47459641;1.47459641;1.47652683;1.47652683;1.47692591;1.47811305;1.47907684;1.48014814;1.4815435;1.48256797;1.48297049;1.48300292;1.4859296;1.48661503;1.48748761;1.48786052;1.4901318;1.49068975;1.49197331;1.49399441;1.49410942;1.49589339;1.49801181;1.49938804;1.50001436;1.50005772;1.50084142;1.50490002;1.50774411;1.50781027;1.50808282;1.5098264;1.50995295;1.51164269;1.512544;1.51648615;1.51661586;1.51746746;1.51773036;1.52091435;1.52134639;1.5216005;1.52242736;1.52533878;1.52540753;1.52545676;1.52707255;1.52858675;1.52928192;1.53145307;1.53319103;1.53350474;1.53389285;1.53408536;1.53458458;1.53458458;1.53524923;1.53629311;1.53664588;1.5371363;1.53787472;1.53890284;1.53910618;1.54035876;1.54110297;1.5425716;1.54946357;1.54955836;1.54996458;1.5516985;1.55221514;1.55231469;1.55285514;1.55285514;1.55408474;1.55836092;1.55852374;1.56145696;1.56252962;1.56374976;1.56537031;1.56629407;1.56736396;1.5690684;1.56937386;1.56937386;1.57072236;1.57107598;1.57127995;1.57153326;1.57201572;1.57208936;1.57361038;1.57475124;1.57538401;1.57586303;1.57679175;1.57740352;1.57966117;1.58073361;1.58372382;1.5837516;1.58379923;1.58409698;1.58458886;1.58625805;1.58637622;1.58647745;1.58773033;1.58773033;1.58821815;1.59238127;1.59345168;1.59489627;1.59577978;1.59645092;1.59774599;1.59817563;1.59828753;1.60039802;1.60112107;1.60169642;1.60191229;1.60212372;1.60212372;1.60393353;1.60416952;1.60491537;1.60596905;1.60784857;1.60835229;1.6084576;1.60854898;1.61059518;1.6122658;1.61782271;1.61802683;1.61993058;1.62071009;1.62080863;1.62136804;1.62361704;1.62558084;1.62599323;1.62599323;1.62983054;1.62983054;1.63027538;1.63170352;1.63340937;1.6369163;1.64547618;1.64640604;1.64747686;1.64747686;1.64843558;1.65272576;1.65426396;1.65739648;1.65775644;1.65876285;1.65876285;1.65992469;1.66043704;1.66386247;1.66502581;1.66761467;1.6680436;1.67305333;1.67408148;1.67676992;1.67871724;1.67983805;1.68958702;1.69241443;1.69254332;1.69255525;1.69653599;1.6995206;1.70124657;1.70303233;1.70647075;1.70935184;1.71129765;1.71410303;1.71542671;1.71772589;1.71972724;1.71972724;1.72388156;1.72490983;1.72605847;1.72801728;1.72914093;1.73287303;1.73409816;1.73444058;1.73593155;1.74122323;1.74235691;1.74363851;1.74448692;1.74527367;1.74527367;1.74615795;1.74863214;1.7499639;1.75045256;1.75321446;1.75769316;1.76023854;1.7618581;1.76233195;1.76723505;1.76880721;1.76940818;1.77188425;1.77389023;1.78243759;1.78660186;1.78884589;1.78902222;1.79376491;1.79555365;1.80213084;1.80558238;1.8058273;1.80871906;1.82114767;1.82663154;1.83045785;1.83099812;1.84244135;1.84280283;1.84366821;1.8447859;1.84568761;1.85513875;1.85580729;1.85617684;1.85814732;1.85879353;1.8608441;1.86326795;1.86327468;1.87485712;1.87865239;1.885839;1.88695033;1.88709683;1.88790145;1.88918268;1.89441735;1.90151923;1.90462209;1.9050153;1.90600677;1.91156009;1.92077031;1.92160879;1.92548983;1.92763561;1.93044456;1.93145492;1.93671282;1.94043307;1.94274183;1.94551709;1.94600964;1.9462372;1.95050256;1.95134992;1.95134992;1.95352407;1.95584437;1.95847777;1.96795261;1.96840024;1.96901302;1.97031162;1.97248052;1.97287841;1.97619129;1.97902521;1.97902521;1.97993615;1.98101177;1.98794468;1.99608097;2.00185795;2.00544606;2.00579805;2.00870766;2.01007429;2.01175937;2.01241497;2.01383075;2.02240664;2.02371737;2.03251412;2.03859167;2.04591036;2.05076096;2.05805119;2.06494433;2.06608384;2.07409073;2.08490085;2.08820548;2.10004731;2.10400884;2.10510092;2.10891558;2.11143589;2.11259781;2.1209613;2.13271254;2.13319193;2.13466105;2.13925154;2.14077483;2.14536354;2.15072768;2.15320883;2.15964495;2.1616023;2.16626636;2.17305117;2.17679669;2.1872096;2.19494973;2.20476263;2.20945561;2.21488914;2.21558546;2.21882205;2.21901894;2.22664603;2.23466837;2.239881;2.2561269;2.26910096;2.27666217;2.28639789;2.28900813;2.29113617;2.29478231;2.29478231;2.29638789;2.30296514;2.30386356;2.30868743;2.32246027;2.3243409;2.33412779;2.34667155;2.34667155;2.35044226;2.35414024;2.35414024;2.35684445;2.37657388;2.3774347;2.37960257;2.38359954;2.38385134;2.39237708;2.39498773;2.40297753;2.41073755;2.41983238;2.42328286;2.42407448;2.43052965;2.43103013;2.43683697;2.44059681;2.44233802;2.45195617;2.453284;2.46805823;2.47196317;2.47199401;2.47484264;2.47725815;2.47982241;2.48923932;2.49906912;2.51585476;2.51788811;2.52416901;2.52593143;2.54768933;2.54768933;2.55993471;2.56698848;2.56933522;2.58333799;2.59815363;2.61704663;2.62337389;2.62337389;2.62380586;2.62870087;2.63485662;2.65513396;2.66565873;2.66615258;2.66945069;2.66998816;2.67277238;2.71815049;2.72026461;2.7314428;2.73903775;2.76316905;2.78388496;2.79439524;2.80303449;2.80632643;2.81362728;2.82203346;2.8910618;2.89565334;2.89658082;2.91478223;2.91478223;2.91704461;2.94368653;2.94791036;2.99260703;3.00111397;3.0186371;3.03115077;3.03214657;3.04473958;3.11556428;3.14777005;3.19042453;3.20150412;3.20819784;3.22435896;3.24953493;3.32985368;3.34226166;3.4011501;3.4102611;3.4102611;3.41243507;3.44379362;3.47621346;3.54502987;3.59142167;3.6103678;3.63461557;3.64387646;3.64407024;3.65941284;3.66972751;3.68186852;3.6832288;3.68506871;3.71875011;3.74446645;3.7483748;3.81830705;3.88184626;3.88791579;3.90107698;3.95465211;3.96216512;4.03793277;4.06522918;4.06522918;4.08680529;4.13820711;4.16980082;4.23824581;4.23914226;4.23987503;4.31210777;4.37706188;4.56146875;4.68339876;4.68803554;4.69644386;4.71112954;4.76758616;4.80319861;4.81550522;4.83688131;4.83987062;4.85438814;4.91351308;4.94511826;4.99616009;5.03990407;5.05472512;5.29256439;5.29645668;5.29645668;5.31078945;5.35064256;5.60961521;5.60961521;5.63081074;5.76505287;5.99866662;6.02704427;6.12614092;6.18741962;6.21663564;6.43056306;6.59358018;6.600171;8.0023116;8.71524912;8.77366498;9.24895814;21.21135536;25.00461349",0.972753273824808,"2026-08-09 22:20:34"
"thyroid","SUN-MCCD","ascend",3656,6,0.989247311827957,0.797923098512489,0.893585205170223,0.388513513513514,812,1,"5;11;19;35;37;38;40;41;42;48;51;57;61;63;70;80;81;82;91;92;94;101;105;117;123;131;134;135;136;137;141;145;163;164;187;192;193;197;205;209;247;249;252;297;307;312;332;334;336;337;338;341;357;378;384;386;392;394;395;407;409;422;423;427;436;437;442;455;465;474;485;492;493;496;503;518;526;538;539;540;548;549;553;566;568;573;574;575;584;588;595;599;616;623;634;636;649;651;654;663;666;680;691;701;704;716;718;721;722;724;725;731;733;736;740;744;746;767;773;777;782;794;799;806;807;809;810;812;817;829;837;843;857;861;863;868;869;870;876;883;884;889;891;900;903;907;908;909;914;916;920;926;932;934;941;949;952;953;962;963;965;966;970;974;987;989;1016;1017;1021;1026;1034;1037;1042;1043;1047;1051;1052;1053;1059;1060;1064;1065;1067;1075;1078;1087;1088;1097;1098;1101;1104;1106;1114;1115;1122;1127;1130;1131;1139;1143;1144;1149;1157;1158;1169;1181;1182;1190;1192;1194;1202;1208;1216;1230;1232;1234;1237;1245;1252;1253;1264;1267;1269;1271;1279;1285;1287;1291;1296;1297;1302;1308;1311;1326;1328;1335;1340;1350;1351;1359;1364;1365;1374;1375;1382;1386;1404;1422;1423;1425;1426;1428;1429;1431;1433;1434;1439;1442;1451;1456;1458;1461;1469;1470;1471;1475;1477;1484;1485;1487;1488;1495;1497;1505;1514;1520;1526;1531;1533;1538;1545;1547;1551;1553;1556;1559;1562;1570;1584;1588;1602;1607;1614;1630;1631;1633;1635;1637;1638;1642;1645;1647;1649;1650;1651;1655;1659;1665;1671;1674;1675;1680;1685;1689;1693;1715;1723;1732;1733;1734;1736;1748;1761;1766;1770;1777;1784;1794;1797;1799;1805;1806;1807;1827;1828;1831;1833;1835;1847;1853;1857;1876;1878;1880;1881;1887;1891;1893;1896;1904;1910;1915;1920;1924;1931;1933;1934;1937;1945;1948;1959;1961;1966;1973;1987;1989;1991;1994;2005;2009;2021;2025;2027;2028;2031;2033;2034;2036;2038;2041;2044;2046;2048;2051;2055;2058;2059;2062;2063;2073;2076;2078;2084;2085;2087;2088;2093;2094;2096;2099;2121;2125;2133;2136;2146;2151;2154;2155;2156;2162;2164;2177;2180;2183;2203;2206;2211;2212;2214;2225;2226;2237;2246;2264;2269;2270;2271;2277;2284;2288;2289;2295;2297;2302;2304;2308;2316;2328;2329;2330;2332;2357;2363;2368;2371;2374;2377;2378;2380;2385;2390;2392;2398;2400;2410;2412;2413;2418;2421;2425;2429;2431;2433;2441;2443;2450;2463;2464;2474;2480;2483;2485;2486;2490;2504;2509;2512;2514;2525;2530;2534;2536;2538;2540;2541;2543;2549;2550;2552;2572;2582;2586;2591;2593;2598;2613;2626;2646;2648;2651;2653;2657;2660;2672;2677;2679;2685;2690;2692;2693;2697;2698;2699;2700;2702;2713;2714;2715;2717;2722;2724;2727;2731;2733;2736;2740;2744;2753;2755;2757;2764;2768;2770;2771;2789;2791;2796;2799;2817;2821;2833;2836;2838;2840;2847;2852;2853;2859;2866;2869;2884;2885;2888;2889;2892;2893;2895;2900;2901;2904;2907;2913;2918;2930;2941;2943;2945;2949;2957;2965;2970;2971;2972;2977;2979;2985;2991;2993;2995;2999;3001;3002;3009;3014;3018;3020;3021;3023;3024;3031;3039;3060;3069;3072;3073;3076;3078;3081;3087;3088;3089;3092;3099;3113;3114;3116;3117;3118;3126;3128;3138;3142;3153;3163;3167;3168;3174;3176;3181;3186;3187;3189;3193;3194;3197;3198;3210;3214;3215;3217;3219;3225;3227;3229;3230;3231;3235;3237;3238;3240;3243;3244;3245;3247;3249;3259;3272;3276;3277;3278;3279;3280;3285;3286;3296;3299;3306;3307;3309;3315;3319;3320;3332;3333;3335;3336;3339;3342;3343;3350;3351;3357;3362;3364;3367;3368;3373;3382;3388;3389;3390;3391;3402;3403;3405;3409;3413;3415;3417;3422;3423;3428;3431;3437;3442;3444;3445;3446;3456;3461;3463;3469;3472;3482;3488;3509;3511;3512;3517;3520;3523;3525;3526;3546;3550;3551;3552;3553;3558;3561;3564;3565;3566;3567;3568;3569;3570;3571;3572;3574;3575;3576;3577;3578;3579;3580;3581;3582;3583;3584;3585;3586;3587;3588;3589;3590;3591;3592;3593;3594;3595;3596;3597;3598;3599;3600;3601;3602;3603;3604;3605;3606;3607;3608;3609;3610;3611;3612;3613;3614;3615;3616;3617;3618;3619;3620;3621;3622;3623;3624;3625;3626;3627;3628;3629;3630;3631;3632;3633;3634;3635;3636;3637;3638;3639;3640;3641;3642;3643;3644;3645;3646;3647;3648;3649;3650;3651;3652;3653;3654;3655;3656",265.035161972046,"ok",NA,1,"ascend","0;0;0;0;0;0;0;0;0;0;0;0;0;0;0;0;0;0;0;0;0;0;0;0;0;0;0;0;0;0;0;0;0;0;0;0;0;0;0;0;0;0;0;0;0;0;0;0;0;0;0;0;0;0;0;0;0;0;0;0;0;0;0;0;0;0;0;0;0;0;0;0;0;0;0;0;0;0;0;0;0;0;0;0;0;0;0;0;0;0;0;0;0;0;0;0;0;0;0;0;0;0;0;0;0;0;0;0;0;0;0;0;0;0;0;0;0;0;0;0;0;0;0;0;0;0;0;0;0;0;0;0;0;0;0;0;0;0;0;0;0;0;0;0;0;0;0;0;0;0;0;0;0;0;0;0;0;0;0;0;0;0;0;0;0;0;0;0;0;0;0;0;0;0;0;0;0;0;0;0;0;0;0;0;0;0;0;0;0;0;0;0;0;0;0;0;0;0;0;0;0;0;0;0;0;0;0;0;0;0;0;0;0;0;0;0;0;0;0;0;0;0;0;0;0;0;0;0;0;0;0;0;0;0;0;0;0;0;0;0;0;0;0;0;0;0;0;0;0;0;0;0;0;0;0;0;0;0;0;0;0;0;0;0;0;0;0;0;0;0;0;0;0;0;0;0;0;0;0;0;0;0;0;0;0;0;0;0;0;0;0;0;0;0;0;0;0;0;0;0;0;0;0;0;0;0;0;0;0;0;0;0;0;0;0;0;0;0;0;0;0;0;0;0;0;0;0;0;0;0;0;0;0;0;0;0;0;0;0;0;0;0;0;0;0;0.04496605;0.04496605;0.04496605;0.04496605;0.04496605;0.04496605;0.04496605;0.04496605;0.04496605;0.04496605;0.04496605;0.04496605;0.04496605;0.04496605;0.04496605;0.04496605;0.04496605;0.04496605;0.04496605;0.04496605;0.04496605;0.04496605;0.04496605;0.04496605;0.04496605;0.04496605;0.04496605;0.04496605;0.04496605;0.04496605;0.04496605;0.04496605;0.04496605;0.04496605;0.04496605;0.04496605;0.04496605;0.04496605;0.04496605;0.04496605;0.04496605;0.0454691;0.0518839;0.06865774;0.06865774;0.06865774;0.0899321;0.0899321;0.0899321;0.0899321;0.0899321;0.0899321;0.0899321;0.10382544;0.13489815;0.13489815;0.22483025;0.23413332;0.24577821;0.26727927;0.27630944;0.27630944;0.280806;0.29293211;0.29553262;0.30843573;0.3128839;0.31476235;0.31496079;0.32424937;0.33280906;0.33376016;0.33379456;0.33828837;0.34343659;0.34399029;0.34457623;0.34644429;0.34727399;0.34790244;0.3488792;0.3488792;0.35119873;0.36043039;0.36095808;0.36118934;0.36269012;0.36318733;0.36456618;0.36512607;0.36578382;0.36596036;0.37014469;0.37301505;0.37675609;0.38167516;0.38228323;0.38340229;0.38344909;0.38392643;0.38398334;0.38601447;0.38838048;0.39004716;0.39004716;0.39051053;0.391365;0.39326683;0.39453368;0.396448;0.39733706;0.39813403;0.39813403;0.40108625;0.40139735;0.40379604;0.40388544;0.40515225;0.40516172;0.40516172;0.40587081;0.40594114;0.40769131;0.40775295;0.40823813;0.40891597;0.40965592;0.41124078;0.41217777;0.41319601;0.41346569;0.4149361;0.41507124;0.41507124;0.41509522;0.41639201;0.41802874;0.41934924;0.42026099;0.4204272;0.4204272;0.4218953;0.42367842;0.42367842;0.4242905;0.42493699;0.42500471;0.42624594;0.42741962;0.42770584;0.43026577;0.43046877;0.43061649;0.43094281;0.43171163;0.43213194;0.43260986;0.43367061;0.43599558;0.4361512;0.43620685;0.43740736;0.43849134;0.4387598;0.43895109;0.43902113;0.44076716;0.44104657;0.44197162;0.44241773;0.44305496;0.44309452;0.44440581;0.44477818;0.4452994;0.44532645;0.44592541;0.44643754;0.44825543;0.44923081;0.4498723;0.45014542;0.45122121;0.45146657;0.45179494;0.45179494;0.45254177;0.45448043;0.454677;0.45673859;0.45738739;0.45751695;0.45857364;0.45912689;0.45912689;0.45985535;0.45985535;0.45995499;0.46078611;0.46170534;0.46458835;0.46478039;0.46534668;0.46561381;0.46646889;0.46695421;0.46706145;0.46736432;0.46914532;0.47023446;0.47026133;0.47086983;0.4716181;0.47213367;0.47282751;0.47282751;0.47454923;0.47454923;0.47457215;0.47463428;0.47472846;0.47516923;0.47777356;0.47805511;0.47815733;0.47818595;0.47818595;0.47828798;0.47860882;0.4786575;0.47945803;0.47946219;0.47970304;0.47987958;0.48036685;0.48036685;0.48059484;0.48117281;0.48199066;0.48261621;0.48261899;0.48302335;0.48344216;0.48375775;0.48451958;0.48511855;0.48511855;0.48545619;0.48564569;0.48606619;0.48684579;0.48705719;0.48773354;0.48899796;0.48933868;0.49160281;0.49253151;0.49285857;0.49287091;0.4939523;0.49403531;0.4957517;0.49685632;0.49687213;0.4970535;0.49724593;0.49728302;0.49801652;0.49814612;0.49890659;0.50117265;0.50129092;0.50179381;0.50189899;0.50189899;0.50191035;0.50192208;0.50210981;0.50303949;0.50371586;0.50377546;0.50446854;0.50446854;0.50495225;0.50594751;0.50594764;0.50622012;0.50639252;0.50664135;0.50709792;0.5071983;0.50766038;0.50784926;0.50811101;0.50863661;0.50905471;0.50971629;0.50977844;0.51008329;0.51023524;0.5105139;0.51072426;0.51076024;0.51088128;0.51202326;0.51208509;0.51251664;0.5127095;0.51316018;0.51329904;0.51343204;0.51399394;0.51504323;0.51567566;0.51592833;0.5160223;0.5160223;0.51620328;0.51658027;0.51695292;0.51696175;0.51699288;0.51763892;0.51811133;0.51900221;0.51927413;0.51977606;0.52035784;0.52038937;0.5205268;0.52122521;0.52216738;0.52226529;0.52273408;0.52377293;0.52397502;0.52525489;0.52661717;0.52783201;0.52851437;0.52952297;0.5295628;0.52979966;0.52983635;0.52983635;0.53038865;0.53068721;0.5307842;0.53190872;0.53291509;0.53299438;0.53380657;0.5342574;0.53462279;0.53474164;0.53562576;0.53572444;0.53587431;0.53622294;0.53625325;0.53718599;0.53720158;0.53757417;0.53757417;0.5379285;0.53822483;0.53941943;0.53957264;0.5402344;0.5405456;0.54063644;0.54078967;0.54126386;0.5415526;0.54161532;0.54206764;0.5424885;0.54323889;0.54332517;0.54371378;0.54396961;0.54396961;0.54429522;0.54491483;0.54506166;0.54514065;0.54555492;0.54555985;0.54577563;0.54645874;0.54709892;0.54711068;0.54753499;0.54806019;0.54866406;0.54895517;0.54901708;0.55050782;0.5506196;0.55092712;0.5511306;0.55122151;0.55140947;0.55182891;0.55194228;0.55208691;0.55264089;0.55336483;0.55337909;0.55364195;0.55368215;0.55375601;0.55396809;0.55449076;0.55505762;0.5550883;0.55600552;0.55615183;0.55694634;0.55708762;0.55709542;0.55711028;0.55720705;0.55756131;0.55801776;0.5589431;0.55973479;0.56086937;0.56086937;0.56103206;0.56192153;0.56234448;0.56253799;0.56293524;0.56316137;0.56343744;0.5642897;0.56448033;0.56556235;0.56576208;0.56589856;0.56595912;0.56662612;0.5670366;0.56724385;0.56779403;0.56883082;0.56885664;0.56920192;0.56953424;0.56962974;0.56962974;0.57017558;0.5704948;0.571225;0.57164818;0.57177986;0.57189275;0.57190399;0.57211673;0.57280863;0.57291339;0.57352567;0.57364069;0.57405739;0.57430563;0.57456624;0.57456624;0.57487924;0.57504811;0.57562367;0.57590655;0.5760349;0.57635551;0.57697704;0.57714573;0.57717036;0.57724042;0.5773736;0.57746704;0.57838038;0.57902015;0.57907769;0.57907769;0.57966864;0.58015682;0.58118691;0.58142779;0.58169444;0.58171624;0.58206645;0.58214062;0.58260377;0.58263275;0.58304067;0.58310324;0.58327748;0.58344313;0.58398006;0.58421458;0.58494444;0.58614727;0.58614727;0.58628557;0.58647463;0.58742148;0.58742963;0.58750874;0.58770894;0.58795934;0.58795947;0.58797742;0.58834289;0.58847389;0.58872305;0.58874323;0.58896094;0.58922361;0.5897384;0.59033975;0.59039179;0.59072877;0.59075577;0.59088155;0.59096271;0.59098291;0.59133716;0.59181642;0.59216052;0.59331048;0.59352519;0.59413793;0.59435691;0.59451001;0.59479382;0.59499713;0.59525739;0.59602065;0.59611793;0.59738156;0.59740493;0.59851568;0.5987976;0.5987976;0.59946598;0.59951258;0.59984909;0.60011263;0.60023734;0.60063417;0.60066612;0.60071316;0.60075189;0.60114791;0.60138336;0.60146689;0.6019686;0.60200182;0.60208186;0.60208186;0.60272556;0.60294302;0.6030611;0.6031633;0.60335029;0.60376211;0.60376947;0.60454186;0.60460943;0.60460943;0.60461991;0.60490961;0.60516256;0.60519193;0.60566352;0.60674792;0.60684065;0.60705752;0.6070699;0.60708935;0.60812107;0.60839384;0.60876132;0.60954656;0.60981921;0.60981921;0.61013332;0.61027261;0.61051093;0.61097325;0.61161261;0.61197057;0.61207713;0.61231381;0.61233712;0.61237578;0.61246712;0.61274859;0.61325857;0.61330131;0.61345881;0.61362291;0.61448984;0.6153797;0.61549387;0.61568708;0.61573198;0.61573198;0.61596253;0.6165257;0.61716066;0.61722906;0.61722906;0.61737632;0.61738176;0.61752089;0.61825895;0.61890454;0.61928368;0.61961927;0.61974908;0.61985954;0.62024422;0.62126136;0.62128688;0.62129864;0.62152982;0.62202732;0.62218785;0.62240741;0.62259821;0.62265539;0.6228079;0.62281188;0.62338665;0.62342996;0.62369975;0.62458728;0.62458728;0.62466105;0.62486836;0.62500149;0.62532748;0.62532748;0.62573029;0.62598782;0.62598782;0.62615274;0.62634093;0.62653218;0.62671849;0.62684545;0.62692753;0.62727586;0.62738618;0.62758355;0.62782357;0.62785445;0.62810264;0.62821053;0.62827424;0.6282909;0.62850399;0.62857596;0.62867996;0.62874392;0.62931313;0.62948128;0.62952803;0.62969427;0.63020119;0.63029594;0.63033932;0.63044535;0.63072747;0.63098967;0.63130139;0.63137541;0.63147231;0.63193707;0.63220168;0.63221747;0.63222527;0.63232334;0.63241192;0.63254983;0.63269796;0.63274766;0.63312921;0.63333872;0.633926;0.63468165;0.63469425;0.63483445;0.63497732;0.63502499;0.63503367;0.63520494;0.6352203;0.63522392;0.63529231;0.63548745;0.63549156;0.63565068;0.63601876;0.63631878;0.63631878;0.6367126;0.63700441;0.63710856;0.6373235;0.63784076;0.63852331;0.63898395;0.6397355;0.63978018;0.63996625;0.64016874;0.6402893;0.64045638;0.64045638;0.64056538;0.6406676;0.6406866;0.64076723;0.64123269;0.64132513;0.64169143;0.64172855;0.64198135;0.64218936;0.64233227;0.64253361;0.64269385;0.64284267;0.64303554;0.64362797;0.6437076;0.64394642;0.6445584;0.6452621;0.64534723;0.64543081;0.64570429;0.64588064;0.64602587;0.64602587;0.64613836;0.64666858;0.64689027;0.64707938;0.64710591;0.64727934;0.64729498;0.64750426;0.64773844;0.64787973;0.6488138;0.64909978;0.64955377;0.64970789;0.65014013;0.65016792;0.65051194;0.65070777;0.65101821;0.65106157;0.6511558;0.65117348;0.65152125;0.65179135;0.65194891;0.65212193;0.65261766;0.6526549;0.6526596;0.65267588;0.65278575;0.65429562;0.65429563;0.6547178;0.65501222;0.65502682;0.65512105;0.65526868;0.65531291;0.6553852;0.65555171;0.65638358;0.65687802;0.65739738;0.65756054;0.65759413;0.65794289;0.65796608;0.65852791;0.65870247;0.65924767;0.65950208;0.65954037;0.65968274;0.65969534;0.66050694;0.66058552;0.66085233;0.66099953;0.66107284;0.66178339;0.6620731;0.66211857;0.6629803;0.66315753;0.66351943;0.6639844;0.66435372;0.66462568;0.66467156;0.66503301;0.66540407;0.66542026;0.66561386;0.66581538;0.66581538;0.66588655;0.66594419;0.66657451;0.66676375;0.66706668;0.66707427;0.66730943;0.66809055;0.66824563;0.66840557;0.66856889;0.66880482;0.66880657;0.66898123;0.6692811;0.66932656;0.66990461;0.67024859;0.67031569;0.67039623;0.67052041;0.67115479;0.67115479;0.67273021;0.67277951;0.67294596;0.67321393;0.67322151;0.67327296;0.67343081;0.67429076;0.67441382;0.67442235;0.67466589;0.67471232;0.67494894;0.67506922;0.67525112;0.67549851;0.67551964;0.67579961;0.67599346;0.67724278;0.67731919;0.67744973;0.6776679;0.6778645;0.67786982;0.67790557;0.67790557;0.67815686;0.67822142;0.67825872;0.67846565;0.67865382;0.67886255;0.67889085;0.67988094;0.6799304;0.67999614;0.68027611;0.68059775;0.68095522;0.68111982;0.68138536;0.68149079;0.68211169;0.6823203;0.68247811;0.68281589;0.68323717;0.68328991;0.68328991;0.68360922;0.68381121;0.68384482;0.68437326;0.68440004;0.68486873;0.68486873;0.68496958;0.68513937;0.68545477;0.6855343;0.68585141;0.68611921;0.68614149;0.68629831;0.68646294;0.68674645;0.68679823;0.68719383;0.68735052;0.68784831;0.68807213;0.6886306;0.68871804;0.68875643;0.6887635;0.68879067;0.68914701;0.68933571;0.68950462;0.68965727;0.68967115;0.68968885;0.6899055;0.69012849;0.69027013;0.69029491;0.69066613;0.69072839;0.69134713;0.69166933;0.69168217;0.69211379;0.69245192;0.69253048;0.69255863;0.69266408;0.69287076;0.69287479;0.69290152;0.69353112;0.69363593;0.69363593;0.69398683;0.69434766;0.69437708;0.69437708;0.69447854;0.69473596;0.69519469;0.69522699;0.69553028;0.69576058;0.69584602;0.69612585;0.69627215;0.69648606;0.69648606;0.69665405;0.69722651;0.69723914;0.69777644;0.69777823;0.69782411;0.6980982;0.69854198;0.69868352;0.69912112;0.6992664;0.6994886;0.69961754;0.69961754;0.69970078;0.69980025;0.70102878;0.70123665;0.70136088;0.70156959;0.70165519;0.70179788;0.70224788;0.70229085;0.70280382;0.70374692;0.70379909;0.70383002;0.70426549;0.70448383;0.70448383;0.70481358;0.70482681;0.70511092;0.70516622;0.70539262;0.7055388;0.70554468;0.70593885;0.70608744;0.70630503;0.70661913;0.70730098;0.7076859;0.70792789;0.70804781;0.70834354;0.7084729;0.70861473;0.7088266;0.70884403;0.70961985;0.70965213;0.70969984;0.70969984;0.7097106;0.70972997;0.70990024;0.71002722;0.71068021;0.71092633;0.71125226;0.71146775;0.71151549;0.71191765;0.71192484;0.71199945;0.71231907;0.71231928;0.71235354;0.71269778;0.71273724;0.71286943;0.71363526;0.71405112;0.7140849;0.71411488;0.71435805;0.7147877;0.71518026;0.7154658;0.7154658;0.71550766;0.71577508;0.71581786;0.71586185;0.71606203;0.71615686;0.71619787;0.71635471;0.71702685;0.71722089;0.71758358;0.71788509;0.71800907;0.71839126;0.71846142;0.71900988;0.71918618;0.7193511;0.71939072;0.71941393;0.71941752;0.71945837;0.71945971;0.72021551;0.72029891;0.72063686;0.72077949;0.72086301;0.72086617;0.72089106;0.72089106;0.72157017;0.7218249;0.72192355;0.72217817;0.72256145;0.72257925;0.7231174;0.7236601;0.72424913;0.72442104;0.72601985;0.72617086;0.72658257;0.7267843;0.72701946;0.72720793;0.72738562;0.727483;0.7274831;0.72765453;0.7282997;0.72850627;0.7286974;0.72877884;0.72877884;0.72877889;0.72902467;0.72928192;0.72957683;0.72977529;0.72988029;0.73042478;0.7307925;0.73110948;0.73148946;0.73180312;0.7320445;0.73206269;0.73206863;0.73236134;0.73255603;0.73260088;0.73278803;0.73293316;0.73314438;0.73371864;0.7337304;0.73460348;0.73500934;0.73540369;0.73560059;0.73564577;0.73613345;0.73613345;0.73624016;0.73673198;0.73739828;0.73750348;0.73767962;0.73768743;0.73772625;0.73788731;0.73818081;0.73828144;0.73853164;0.73853527;0.73894164;0.73938005;0.73967419;0.7400328;0.74023983;0.74056404;0.74152024;0.74157532;0.74161679;0.74290011;0.74292841;0.74307138;0.74315924;0.74360457;0.74365576;0.74377746;0.74386306;0.74422366;0.74459436;0.74465582;0.74477598;0.74490294;0.74490369;0.7449268;0.74528308;0.74538981;0.74577895;0.74617579;0.74617579;0.746262;0.74642955;0.74650406;0.74663798;0.7467342;0.74676024;0.74710421;0.74720493;0.74731004;0.74733277;0.74739425;0.74771441;0.74785617;0.74798287;0.74905379;0.74927109;0.74927684;0.74947283;0.74970926;0.74974016;0.75003472;0.75036172;0.75115708;0.75135012;0.75178905;0.75193753;0.75213014;0.75246547;0.75270388;0.75292208;0.75325468;0.75362575;0.75371394;0.75374988;0.75408003;0.754521;0.75497421;0.75504328;0.75518341;0.75550541;0.75557786;0.7555903;0.75613084;0.75643112;0.75645373;0.75752744;0.75839856;0.75840223;0.75852707;0.75857685;0.75914079;0.75934909;0.75949247;0.75949247;0.75966371;0.75971675;0.7597945;0.75996567;0.76000689;0.76007162;0.76033383;0.76055546;0.7610835;0.76111068;0.76114065;0.76171198;0.76174201;0.76176315;0.76180276;0.7622087;0.76256122;0.76266847;0.76274478;0.76279798;0.76280211;0.76304664;0.76339014;0.76361052;0.76361174;0.7637174;0.76375549;0.76376107;0.76446324;0.76450459;0.76503385;0.76530434;0.76581056;0.76713816;0.76764789;0.76783943;0.7678593;0.76826066;0.76869165;0.76871426;0.76876167;0.76947562;0.76951387;0.76955163;0.76970566;0.77012341;0.77042403;0.7704381;0.77095422;0.77103636;0.77120798;0.77124958;0.77125305;0.77126816;0.77167244;0.771938;0.77240342;0.77276535;0.7730782;0.77321373;0.77324046;0.77325965;0.77333816;0.7733953;0.77369875;0.77371838;0.77377399;0.77397911;0.77424775;0.77441438;0.77572528;0.77591022;0.77612029;0.77643117;0.77646703;0.77709644;0.77731144;0.77732019;0.77736442;0.77737253;0.77756963;0.77757182;0.77877203;0.77881299;0.77891756;0.77897984;0.77909184;0.77912837;0.77926172;0.77946424;0.77970486;0.77980242;0.77980242;0.77987648;0.78010151;0.78018366;0.78018491;0.78051148;0.78073028;0.78088859;0.78171683;0.78199812;0.78243498;0.78453264;0.7845339;0.78463839;0.78466048;0.78482797;0.7856513;0.78596846;0.7859855;0.78622068;0.78637872;0.78651417;0.78673581;0.78716552;0.78746211;0.78746211;0.78766822;0.78768379;0.78777914;0.78785628;0.78807528;0.78855157;0.7892328;0.78927134;0.78944568;0.78976074;0.78996983;0.79028005;0.79036856;0.79104802;0.79155529;0.7915641;0.79183254;0.79234677;0.79261491;0.79272376;0.79290317;0.79292487;0.79293718;0.79347702;0.7935295;0.79376302;0.79457813;0.79461067;0.79468801;0.79485884;0.79514262;0.79542824;0.79543997;0.79547353;0.79550076;0.79575643;0.79588108;0.7959588;0.79596837;0.79596837;0.7960502;0.79615225;0.79718068;0.79742692;0.79763359;0.7981043;0.7982791;0.79834887;0.79923359;0.79925851;0.79955766;0.79974904;0.79975364;0.7998096;0.79983726;0.80035965;0.80041367;0.80044594;0.8006672;0.80080856;0.80103629;0.80112352;0.80114621;0.80120117;0.80154476;0.80156122;0.80163355;0.80165756;0.80167449;0.80171023;0.80179965;0.80208111;0.80231639;0.80243011;0.80258371;0.80286644;0.80298409;0.80354265;0.80356876;0.80360077;0.80403582;0.80432513;0.80453815;0.8045509;0.80473759;0.80480473;0.80540639;0.80647637;0.80651497;0.80652002;0.80666652;0.80689655;0.80709008;0.80724271;0.80725013;0.80737222;0.80783326;0.8082133;0.8082429;0.80827151;0.80883278;0.80900814;0.80934924;0.80936433;0.80945922;0.8096118;0.81004383;0.81008282;0.81036984;0.81051875;0.81070532;0.81149301;0.81185637;0.81187874;0.81188674;0.81197703;0.81205292;0.81214227;0.81222965;0.81260576;0.81274427;0.81323082;0.81352975;0.81398356;0.81403522;0.8140508;0.81459156;0.81459705;0.81465054;0.81481022;0.81499145;0.8150513;0.81577896;0.81582152;0.815925;0.81643849;0.81715536;0.81810852;0.81821943;0.81842255;0.81869555;0.81898787;0.81915707;0.81951582;0.8196868;0.81974659;0.81992674;0.82032214;0.82038075;0.82043442;0.82055915;0.8208905;0.82104482;0.82175807;0.82268279;0.82318047;0.823286;0.823286;0.82396163;0.82542959;0.825842;0.82589125;0.82652637;0.82654642;0.82680747;0.82685832;0.82715861;0.82748367;0.82754296;0.82772014;0.8279198;0.82801297;0.82808176;0.82818254;0.82825955;0.82846302;0.82856515;0.82864379;0.82891415;0.82914;0.82920517;0.82937993;0.82967672;0.8297788;0.83011657;0.83015035;0.83065486;0.83067879;0.83087226;0.83102443;0.83103012;0.83139612;0.83150922;0.83151508;0.83211061;0.83218292;0.83265558;0.83405327;0.83423307;0.83443285;0.83461257;0.83473419;0.83497731;0.83503607;0.83506825;0.83524068;0.83544422;0.83545354;0.83545354;0.83560959;0.83567083;0.83629581;0.83669022;0.83674708;0.83722771;0.83753025;0.83806826;0.83809031;0.83873967;0.8387647;0.83876473;0.83876528;0.83886682;0.83961521;0.83962213;0.83970406;0.83978078;0.83990054;0.84056241;0.84093232;0.84101622;0.84131536;0.84263846;0.84324581;0.84365343;0.84392748;0.84401145;0.84406925;0.84506892;0.84513922;0.84561033;0.84572363;0.84620916;0.84633802;0.84681457;0.84711929;0.84718061;0.84762325;0.84774892;0.84818296;0.84829602;0.84871559;0.84888202;0.84894097;0.84902574;0.84933476;0.84934656;0.84958775;0.85000943;0.85093068;0.85095931;0.85096176;0.8510295;0.85128107;0.85202127;0.8520592;0.85244725;0.85277488;0.85282288;0.85303611;0.85325778;0.85331025;0.85340365;0.85413182;0.85427581;0.85462038;0.85497917;0.85514262;0.85576449;0.85599492;0.8561154;0.85616489;0.85639546;0.85648125;0.85674257;0.85688145;0.85711836;0.85759432;0.85782723;0.85798436;0.85799555;0.85819213;0.85823221;0.85841436;0.85870933;0.85911766;0.85984461;0.85998353;0.86024996;0.86043729;0.86141447;0.86227549;0.86255451;0.86280586;0.86280777;0.86301508;0.86309823;0.86319261;0.86394787;0.8640356;0.86429973;0.86438954;0.86455277;0.86482447;0.86483139;0.86543073;0.86543692;0.86559218;0.86567841;0.86569298;0.86585034;0.86603169;0.86726589;0.86758677;0.86763716;0.86778872;0.86786991;0.8679974;0.86845616;0.86855862;0.86928575;0.86953264;0.86964432;0.87011623;0.87011623;0.87020739;0.8702425;0.87033723;0.87043753;0.87184951;0.87216296;0.87221389;0.87260123;0.87279978;0.87282787;0.87282883;0.87303082;0.87350698;0.87352982;0.87387586;0.8741107;0.87418611;0.87421898;0.87471562;0.87500417;0.87505113;0.87508666;0.87543106;0.87608253;0.8763619;0.87695312;0.87717977;0.87717977;0.87767479;0.87796663;0.8781887;0.87862752;0.87913137;0.8795267;0.87999626;0.88008081;0.88026598;0.88041556;0.88171695;0.88188219;0.88234184;0.88238527;0.88287248;0.8832197;0.88324679;0.88325554;0.88386957;0.88411453;0.88460754;0.88520589;0.88539119;0.8867421;0.8879428;0.88835006;0.88864087;0.88868338;0.88887375;0.88918658;0.88929476;0.88936764;0.88937082;0.88979957;0.88991319;0.89132798;0.89135161;0.89231195;0.89233274;0.89241748;0.89295801;0.89377288;0.89380174;0.89423864;0.89470957;0.89525467;0.89528889;0.89533326;0.89548578;0.8958233;0.89597368;0.89628434;0.89635772;0.89664524;0.8966792;0.89678081;0.89729092;0.89737986;0.89739018;0.89757063;0.89782007;0.89791525;0.89797729;0.89806139;0.89839489;0.89850981;0.89882363;0.89889179;0.8995741;0.90065502;0.90086463;0.90090007;0.90115339;0.90121157;0.90150719;0.90155923;0.90174638;0.90200422;0.90224512;0.90238533;0.90264645;0.90282174;0.90408061;0.90424831;0.90442694;0.90469666;0.90481641;0.90485408;0.90495771;0.90504844;0.9051369;0.90585146;0.90594446;0.90630305;0.90673043;0.90764469;0.90764469;0.90791326;0.90822801;0.90875814;0.90885336;0.90916825;0.90981477;0.90987495;0.91000722;0.9104155;0.91070136;0.91078022;0.91078022;0.91083333;0.91129262;0.91148193;0.91169548;0.91202259;0.91240422;0.91246731;0.91264132;0.91319865;0.91325142;0.9135041;0.91360473;0.91371675;0.91470606;0.91476659;0.91478454;0.91482633;0.91497599;0.91502203;0.91532201;0.91635403;0.91642856;0.91666331;0.91747806;0.9174931;0.91790339;0.91857597;0.91933535;0.91954259;0.9196759;0.91980729;0.91987893;0.9201105;0.92068564;0.92089168;0.92105899;0.92135728;0.92148791;0.92232864;0.92262723;0.92290113;0.92296552;0.92302183;0.92336188;0.92336188;0.92447097;0.92535704;0.92550572;0.92634878;0.92694336;0.92735921;0.92791431;0.92805587;0.92942055;0.92951285;0.92967119;0.92968911;0.93024564;0.9303801;0.93077481;0.93091877;0.93102767;0.93150575;0.93202814;0.93210922;0.93221104;0.93319946;0.93355652;0.93369692;0.93426872;0.93514843;0.93538352;0.93544958;0.93549493;0.9355869;0.93595294;0.93615675;0.93716531;0.93749747;0.93750336;0.9375096;0.93762533;0.93769934;0.93781235;0.93783632;0.93895765;0.93912884;0.93985986;0.94050188;0.94181296;0.94184326;0.94193699;0.942436;0.942712;0.9428066;0.94317568;0.94333423;0.9433736;0.94360576;0.94377679;0.94379234;0.94384009;0.94450485;0.94457084;0.94543953;0.94572654;0.94573094;0.94582951;0.94627972;0.94633097;0.94652009;0.94658733;0.94676723;0.94695309;0.94728702;0.94735445;0.94757575;0.94771053;0.94790535;0.94813;0.94903285;0.94936887;0.94944465;0.94973315;0.94998086;0.95075906;0.95097014;0.95105087;0.95128281;0.95134634;0.95174454;0.95174454;0.9520086;0.95302201;0.95311749;0.95428894;0.95466121;0.95472057;0.95475791;0.95487591;0.95502128;0.95502949;0.9560334;0.95653487;0.95689428;0.95695442;0.95720076;0.95720076;0.9576352;0.95778425;0.95782919;0.95818385;0.95850176;0.95914122;0.95936434;0.95975889;0.96047913;0.96059221;0.96066421;0.96078287;0.96079993;0.96123593;0.961278;0.961278;0.96172633;0.96220043;0.96256437;0.96257518;0.96304768;0.96325274;0.96353745;0.9636416;0.96380576;0.96430345;0.96464823;0.96527147;0.96527147;0.96555532;0.9662441;0.96699994;0.96700409;0.96728918;0.96799462;0.96836805;0.96846236;0.9684846;0.96866503;0.96903298;0.96924546;0.96959475;0.96977449;0.96979552;0.96984188;0.96993205;0.9700545;0.9705672;0.9705672;0.97186615;0.97187212;0.97252217;0.97254491;0.9728627;0.97291738;0.9729319;0.97331925;0.9736043;0.97376711;0.97432848;0.97477599;0.97673729;0.97766625;0.97771805;0.9779028;0.97804244;0.97812189;0.97847539;0.97855392;0.97866891;0.97884356;0.97896652;0.97905329;0.97932554;0.97942064;0.9797669;0.979781;0.97985496;0.9803571;0.98060713;0.98083638;0.98153398;0.9815796;0.98167462;0.98200648;0.98208387;0.98281732;0.98316261;0.98396771;0.98481748;0.98492416;0.98594156;0.98624265;0.98627483;0.98652818;0.98660934;0.98675463;0.9868922;0.98797508;0.98801487;0.98811593;0.98854538;0.98904229;0.98941987;0.98944661;0.9902754;0.9911179;0.99193097;0.99256864;0.9926968;0.99294324;0.993305;0.9942994;0.99441549;0.99468329;0.99503975;0.99536619;0.99592154;0.99702284;0.99812793;0.99823136;0.99832768;0.99838627;0.99917037;0.99973021;1.00059706;1.00062869;1.00158208;1.00158317;1.00175516;1.00190629;1.0020662;1.0022525;1.00378915;1.00549359;1.00564495;1.00612993;1.00793067;1.00815322;1.00818997;1.0083329;1.00855426;1.00856341;1.00889473;1.01001881;1.01002759;1.01011312;1.01019579;1.01028573;1.01072007;1.01159051;1.01410261;1.01419324;1.01428468;1.01448444;1.01498394;1.0154787;1.01561676;1.01581122;1.01622904;1.01707629;1.01768572;1.01870112;1.01976122;1.02033563;1.02063163;1.02108153;1.02116154;1.02123799;1.02138374;1.02222997;1.0225918;1.02273803;1.02276718;1.02276718;1.02300187;1.02430814;1.02500661;1.02541319;1.02565486;1.02569504;1.02581549;1.02603555;1.02794411;1.02813709;1.02864236;1.02886217;1.029331;1.02964996;1.02994411;1.03008512;1.03014446;1.03073136;1.03073226;1.03078145;1.03078145;1.03112003;1.03191891;1.03229033;1.03232833;1.03271642;1.03305515;1.03305964;1.03335076;1.03368211;1.03377833;1.0341562;1.03453199;1.03479282;1.03479896;1.03565306;1.03617481;1.0366871;1.03738625;1.03838318;1.03867536;1.03870788;1.03895604;1.04029358;1.04036165;1.04116713;1.04138436;1.04140538;1.04144411;1.04167949;1.04193622;1.04214793;1.04220443;1.04220443;1.04259874;1.04304869;1.04322589;1.04332974;1.04388967;1.04400845;1.04440483;1.04509145;1.04524287;1.04577216;1.04660554;1.04684314;1.04688291;1.04714573;1.04726998;1.04733241;1.04757567;1.04770543;1.04780248;1.04837509;1.04955535;1.04981728;1.05065842;1.05098844;1.05111818;1.0517215;1.05179871;1.0525257;1.05314102;1.0532295;1.05484752;1.05491343;1.05513263;1.05561766;1.05627325;1.05793988;1.05795332;1.05807002;1.05831187;1.05890652;1.05946423;1.0607331;1.06199836;1.06256453;1.06258817;1.06281799;1.06396819;1.06525036;1.06637195;1.06644878;1.06753701;1.06799754;1.06799754;1.06808573;1.06887608;1.06925662;1.06964268;1.06978101;1.07026301;1.07085025;1.07087807;1.07158952;1.07185658;1.0720972;1.07218458;1.0725461;1.07263414;1.07283618;1.07326806;1.07334251;1.073398;1.0734471;1.07354166;1.07422749;1.07444003;1.07445903;1.07456293;1.0747079;1.07486358;1.07536119;1.07570042;1.07678311;1.07730545;1.07751064;1.07752223;1.07829795;1.07898336;1.07956305;1.07981211;1.08027176;1.08115623;1.08163286;1.08180849;1.08343804;1.0837131;1.08374685;1.08388966;1.08390237;1.08459416;1.08505629;1.08591521;1.08604377;1.08616405;1.08740329;1.08819771;1.0900507;1.09005897;1.09097618;1.09135537;1.09214699;1.09255577;1.09272341;1.09307175;1.09330089;1.09350958;1.0940633;1.09560514;1.09581459;1.09608244;1.09665827;1.09730567;1.09785625;1.09917364;1.09934595;1.09960973;1.10027887;1.10063473;1.10066189;1.10123671;1.10163678;1.10187528;1.10194197;1.10222263;1.10305498;1.10328466;1.1034348;1.10413599;1.10469974;1.10564104;1.10564852;1.10564946;1.10569433;1.10623287;1.10640968;1.10706249;1.10810438;1.10850393;1.10944126;1.11021354;1.11028629;1.11044315;1.11100885;1.11157069;1.11159144;1.11206413;1.11261022;1.11282541;1.1132289;1.11341669;1.1135595;1.11460248;1.11528143;1.11532407;1.117254;1.1177386;1.11881428;1.12018936;1.12026183;1.1208105;1.12119945;1.12160626;1.12192115;1.12395554;1.12426743;1.12428385;1.12432205;1.12478639;1.125213;1.12531285;1.12577383;1.12634746;1.12643528;1.12651576;1.12854412;1.12913888;1.12940172;1.1316598;1.13171121;1.13195898;1.13225665;1.13267419;1.13345977;1.13373207;1.13488749;1.13562962;1.13570307;1.13570868;1.13606713;1.13617689;1.13775401;1.13787379;1.13825059;1.14161503;1.14220357;1.14251803;1.14254265;1.14273135;1.14293871;1.14330982;1.14365661;1.14405799;1.14433058;1.14473224;1.14587558;1.14701567;1.14733061;1.14788615;1.14858627;1.14932538;1.14962882;1.1498661;1.15070399;1.1509942;1.15137645;1.15194119;1.15236638;1.15286062;1.15304588;1.15358789;1.15432566;1.15522492;1.15541508;1.15626173;1.15626173;1.15626365;1.15680279;1.15686766;1.15736375;1.15761916;1.15798781;1.15814545;1.15927797;1.15946874;1.16083914;1.16135778;1.16278392;1.16302833;1.1632511;1.1637923;1.16426109;1.16470852;1.16646213;1.16744289;1.16767458;1.16779323;1.16798309;1.16801695;1.1682978;1.16849051;1.16890704;1.16914201;1.16966788;1.16973086;1.1701415;1.17066093;1.17077411;1.17120757;1.17128187;1.1719757;1.17229588;1.17252839;1.1725426;1.17261017;1.17261967;1.17288287;1.17348299;1.17374436;1.17496501;1.17611835;1.1772582;1.1800243;1.18059611;1.18141805;1.18186449;1.18218405;1.18222383;1.18296393;1.18326138;1.18391963;1.18523909;1.18600515;1.18724825;1.18727969;1.18730198;1.1875771;1.18774203;1.18795026;1.18824501;1.18907086;1.1893016;1.18931445;1.18967008;1.19034511;1.19078157;1.19124094;1.19194057;1.19280423;1.19300922;1.1931675;1.19459627;1.19484387;1.19547677;1.19548858;1.19639994;1.19702612;1.19814373;1.19906354;1.19950514;1.20043252;1.20275623;1.20280823;1.20297553;1.20366312;1.20438462;1.20577257;1.20595183;1.20708104;1.20854567;1.20899098;1.20944673;1.21053272;1.21095437;1.21229529;1.21237799;1.21414714;1.21446799;1.21470945;1.2147719;1.21491579;1.21557914;1.2156106;1.21766007;1.2178149;1.21879204;1.21916097;1.22093976;1.22327878;1.22402111;1.22501705;1.22513804;1.22513841;1.22523662;1.22596909;1.22641029;1.22655984;1.22731483;1.22797008;1.22854676;1.22895573;1.2299773;1.23115929;1.23117173;1.23245142;1.23374097;1.23408379;1.23445815;1.2358603;1.23611565;1.23659964;1.23706029;1.2374215;1.23848341;1.23941948;1.24062748;1.24141124;1.24161696;1.24324966;1.24415641;1.24593826;1.24602474;1.24662022;1.24712641;1.24798586;1.25030233;1.25238572;1.25242986;1.25318668;1.25432574;1.25511323;1.2586347;1.25950056;1.25969959;1.26221748;1.26444558;1.26502567;1.26545926;1.2660069;1.26635482;1.2666377;1.266899;1.26813239;1.26877282;1.27029952;1.27058172;1.2733828;1.27341527;1.27364569;1.27395813;1.27542349;1.27893805;1.27981044;1.280716;1.28097197;1.28274088;1.28460878;1.28588924;1.28718958;1.2888855;1.28990427;1.29118697;1.29238505;1.29493351;1.2966543;1.29745382;1.29765739;1.29793706;1.2986092;1.30007551;1.30023934;1.30086392;1.30181153;1.30393217;1.30414251;1.30455176;1.30537705;1.30564012;1.31056533;1.31294509;1.31328109;1.31433272;1.31449275;1.31478642;1.31577894;1.31846162;1.31862808;1.32004893;1.32068995;1.32096162;1.32107193;1.32161165;1.32174817;1.32316108;1.32335206;1.32416876;1.32590626;1.32602298;1.32669695;1.32704596;1.32744768;1.32876186;1.32905824;1.33007641;1.33011988;1.33116295;1.33119281;1.33221964;1.33319261;1.33328441;1.33340401;1.33455281;1.33516678;1.33526941;1.3354317;1.33610725;1.33763957;1.33779322;1.34116572;1.3421291;1.34233336;1.34294773;1.34338371;1.34385889;1.34471411;1.34491669;1.34590744;1.34672704;1.346929;1.34798487;1.3482836;1.34830001;1.34869909;1.34954087;1.34954087;1.34958461;1.3501904;1.3501904;1.35064558;1.35103519;1.35137676;1.35165184;1.3521197;1.35275347;1.35302729;1.35316194;1.35685379;1.35913279;1.36021914;1.36046352;1.36125816;1.36546136;1.36696408;1.36931301;1.3695805;1.37030831;1.37043765;1.37064298;1.37083767;1.37596959;1.37726871;1.37863201;1.37871448;1.38079107;1.38126979;1.38171778;1.38256082;1.38405854;1.38415231;1.38415231;1.38909195;1.38919248;1.3897961;1.39105733;1.39470181;1.39533014;1.39535339;1.39559358;1.39725847;1.399381;1.39995578;1.40066471;1.40145056;1.40200257;1.40769934;1.40785214;1.40890456;1.40981331;1.41194919;1.41312516;1.41331546;1.4138831;1.41450154;1.41537781;1.41569;1.41686636;1.41968738;1.42105762;1.42161006;1.42253884;1.42278276;1.42634691;1.42634691;1.42737442;1.42892306;1.4306868;1.43160893;1.43192034;1.43407723;1.43564934;1.43645764;1.43687477;1.43703142;1.43883822;1.44017443;1.44084863;1.44381347;1.44423185;1.44504039;1.44573918;1.44732873;1.45248358;1.45422586;1.45434407;1.45537973;1.4584599;1.45996389;1.4600904;1.46165552;1.46174745;1.46175536;1.46460286;1.46499544;1.46942135;1.47065116;1.47085518;1.4711495;1.473283;1.47366145;1.47459641;1.47459641;1.47652683;1.47652683;1.47692591;1.47811305;1.47907684;1.48014814;1.4815435;1.48256797;1.48297049;1.48300292;1.4859296;1.48661503;1.48748761;1.48786052;1.4901318;1.49068975;1.49197331;1.49399441;1.49410942;1.49589339;1.49801181;1.49938804;1.50001436;1.50005772;1.50084142;1.50490002;1.50774411;1.50781027;1.50808282;1.5098264;1.50995295;1.51164269;1.512544;1.51648615;1.51661586;1.51746746;1.51773036;1.52091435;1.52134639;1.5216005;1.52242736;1.52533878;1.52540753;1.52545676;1.52707255;1.52858675;1.52928192;1.53145307;1.53319103;1.53350474;1.53389285;1.53408536;1.53458458;1.53458458;1.53524923;1.53629311;1.53664588;1.5371363;1.53787472;1.53890284;1.53910618;1.54035876;1.54110297;1.5425716;1.54946357;1.54955836;1.54996458;1.5516985;1.55221514;1.55231469;1.55285514;1.55285514;1.55408474;1.55836092;1.55852374;1.56145696;1.56252962;1.56374976;1.56537031;1.56629407;1.56736396;1.5690684;1.56937386;1.56937386;1.57072236;1.57107598;1.57127995;1.57153326;1.57201572;1.57208936;1.57361038;1.57475124;1.57538401;1.57586303;1.57679175;1.57740352;1.57966117;1.58073361;1.58372382;1.5837516;1.58379923;1.58409698;1.58458886;1.58625805;1.58637622;1.58647745;1.58773033;1.58773033;1.58821815;1.59238127;1.59345168;1.59489627;1.59577978;1.59645092;1.59774599;1.59817563;1.59828753;1.60039802;1.60112107;1.60169642;1.60191229;1.60212372;1.60212372;1.60393353;1.60416952;1.60491537;1.60596905;1.60784857;1.60835229;1.6084576;1.60854898;1.61059518;1.6122658;1.61782271;1.61802683;1.61993058;1.62071009;1.62080863;1.62136804;1.62361704;1.62558084;1.62599323;1.62599323;1.62983054;1.62983054;1.63027538;1.63170352;1.63340937;1.6369163;1.64547618;1.64640604;1.64747686;1.64747686;1.64843558;1.65272576;1.65426396;1.65739648;1.65775644;1.65876285;1.65876285;1.65992469;1.66043704;1.66386247;1.66502581;1.66761467;1.6680436;1.67305333;1.67408148;1.67676992;1.67871724;1.67983805;1.68958702;1.69241443;1.69254332;1.69255525;1.69653599;1.6995206;1.70124657;1.70303233;1.70647075;1.70935184;1.71129765;1.71410303;1.71542671;1.71772589;1.71972724;1.71972724;1.72388156;1.72490983;1.72605847;1.72801728;1.72914093;1.73287303;1.73409816;1.73444058;1.73593155;1.74122323;1.74235691;1.74363851;1.74448692;1.74527367;1.74527367;1.74615795;1.74863214;1.7499639;1.75045256;1.75321446;1.75769316;1.76023854;1.7618581;1.76233195;1.76723505;1.76880721;1.76940818;1.77188425;1.77389023;1.78243759;1.78660186;1.78884589;1.78902222;1.79376491;1.79555365;1.80213084;1.80558238;1.8058273;1.80871906;1.82114767;1.82663154;1.83045785;1.83099812;1.84244135;1.84280283;1.84366821;1.8447859;1.84568761;1.85513875;1.85580729;1.85617684;1.85814732;1.85879353;1.8608441;1.86326795;1.86327468;1.87485712;1.87865239;1.885839;1.88695033;1.88709683;1.88790145;1.88918268;1.89441735;1.90151923;1.90462209;1.9050153;1.90600677;1.91156009;1.92077031;1.92160879;1.92548983;1.92763561;1.93044456;1.93145492;1.93671282;1.94043307;1.94274183;1.94551709;1.94600964;1.9462372;1.95050256;1.95134992;1.95134992;1.95352407;1.95584437;1.95847777;1.96795261;1.96840024;1.96901302;1.97031162;1.97248052;1.97287841;1.97619129;1.97902521;1.97902521;1.97993615;1.98101177;1.98794468;1.99608097;2.00185795;2.00544606;2.00579805;2.00870766;2.01007429;2.01175937;2.01241497;2.01383075;2.02240664;2.02371737;2.03251412;2.03859167;2.04591036;2.05076096;2.05805119;2.06494433;2.06608384;2.07409073;2.08490085;2.08820548;2.10004731;2.10400884;2.10510092;2.10891558;2.11143589;2.11259781;2.1209613;2.13271254;2.13319193;2.13466105;2.13925154;2.14077483;2.14536354;2.15072768;2.15320883;2.15964495;2.1616023;2.16626636;2.17305117;2.17679669;2.1872096;2.19494973;2.20476263;2.20945561;2.21488914;2.21558546;2.21882205;2.21901894;2.22664603;2.23466837;2.239881;2.2561269;2.26910096;2.27666217;2.28639789;2.28900813;2.29113617;2.29478231;2.29478231;2.29638789;2.30296514;2.30386356;2.30868743;2.32246027;2.3243409;2.33412779;2.34667155;2.34667155;2.35044226;2.35414024;2.35414024;2.35684445;2.37657388;2.3774347;2.37960257;2.38359954;2.38385134;2.39237708;2.39498773;2.40297753;2.41073755;2.41983238;2.42328286;2.42407448;2.43052965;2.43103013;2.43683697;2.44059681;2.44233802;2.45195617;2.453284;2.46805823;2.47196317;2.47199401;2.47484264;2.47725815;2.47982241;2.48923932;2.49906912;2.51585476;2.51788811;2.52416901;2.52593143;2.54768933;2.54768933;2.55993471;2.56698848;2.56933522;2.58333799;2.59815363;2.61704663;2.62337389;2.62337389;2.62380586;2.62870087;2.63485662;2.65513396;2.66565873;2.66615258;2.66945069;2.66998816;2.67277238;2.71815049;2.72026461;2.7314428;2.73903775;2.76316905;2.78388496;2.79439524;2.80303449;2.80632643;2.81362728;2.82203346;2.8910618;2.89565334;2.89658082;2.91478223;2.91478223;2.91704461;2.94368653;2.94791036;2.99260703;3.00111397;3.0186371;3.03115077;3.03214657;3.04473958;3.11556428;3.14777005;3.19042453;3.20150412;3.20819784;3.22435896;3.24953493;3.32985368;3.34226166;3.4011501;3.4102611;3.4102611;3.41243507;3.44379362;3.47621346;3.54502987;3.59142167;3.6103678;3.63461557;3.64387646;3.64407024;3.65941284;3.66972751;3.68186852;3.6832288;3.68506871;3.71875011;3.74446645;3.7483748;3.81830705;3.88184626;3.88791579;3.90107698;3.95465211;3.96216512;4.03793277;4.06522918;4.06522918;4.08680529;4.13820711;4.16980082;4.23824581;4.23914226;4.23987503;4.31210777;4.37706188;4.56146875;4.68339876;4.68803554;4.69644386;4.71112954;4.76758616;4.80319861;4.81550522;4.83688131;4.83987062;4.85438814;4.91351308;4.94511826;4.99616009;5.03990407;5.05472512;5.29256439;5.29645668;5.29645668;5.31078945;5.35064256;5.60961521;5.60961521;5.63081074;5.76505287;5.99866662;6.02704427;6.12614092;6.18741962;6.21663564;6.43056306;6.59358018;6.600171;8.0023116;8.71524912;8.77366498;9.24895814;21.21135536;25.00461349",0.972753273824808,"2026-08-09 22:25:05"
"pageblocks","UN-MCCD","ascend",4795,10,NA,NA,NA,NA,NA,NA,"",480.072508096695,"timeout","reached elapsed time limit",1,"ascend","0;0;0;0;0;0;0;0;0;0;0;0;0;0;0;0;0;0;0;0;0;0;0;0;0;0;0;0;0;0;0;0;0;0;0;0;0;0;0;0;0;0;0;0;0;0;0;0;0;0;0;0;0;0;0;0;0;0;0;0;0;0;0;0;0;0;0;0;0;0;0;0;0;0;0;0;0;0;0;0;0;0;0;0;0;0;0;0;0;0;0;0;0;0;0;0;0;0;0;0;0;0;0;0;0;0;0;0;0;0;0;0;0;0;0;0;0;0;0;0;0;0;0;0;0;0;0;0;0;0;0;0;0;0;0;0;0;0;0;0;0;0;0;0;0;0;0;0;0;0;0;0;0;0;0;0;0;0;0;0;0;0;0;0;0;0;0;0;0;0;0;0;0;0;0;0;0;0;0;0;0;0;0;0;0;0;0;0;0;0;0;0;0;0;0;0;0;0;0;0;0;0;0;0;0;0;0;0;0;0;0;0;0;0;0;0;0;0;0;0;0;0;0;0;0;0;0;0;0;0;0;0;0;0;0;0;0;0;0;0;0;0;0;0;0;0;0;0;0;0;0;0;0;0;0;0;0;0;0;0;0;0;0;0;0;0;0;0;0;0;0;0;0;0;0;0;0;0;0;0;0;0;0;0;0;0;0;0;0;0;0;0;0;0;0;0;0;0;0;0;0;0;0;0;0;0;0;0;0;0;0;0;0;0;0;0;0;0;0;0;0;0;0;0;0;0;0;0;0;0;0;0;0;0;0;0;0;0;0;0;0;0;0;0;0;0;0;0;0;0;0;0;0;0;0;0;0;0;0;0;0;0;0;0;0;0;0;0;0;0;0;0;0;0;0;0;0;0;0;0;0;0;0;0;0;0;0;0;0;0;0;0;0;0;0;0;0;0;0;0;0;0;0;0;0;0;0;0;0;0;0;0;0;0;0;0;0;0;0;0;0;0;0;0;0;0;0;0;0;0;0;0;0;0;0;0;0;0;0;0;0;0;0;0;0;0;0;0;0;0;0;0;0;0;0;0;0;0;0;0;0;0;0;0;0;0;0;0;0;0;0;0;0;0;0;0;0;0;0;0;0;0;0;0;0;0;0;0;0;0;0;0;0;0;0;0;0;0;0;0;0;0;0;0;0;0;0;0;0;0;0;0;0;0;0;0;0;0;0;0;0;0;0;0;0;0;0;0;0;0;0;0;0;0;0;0;0;0;0;0;0;0;0;0;0;0;0;0;0;0;0;0;0;0;0;0;0;0;0;0;0;0;0;0;0;0;0;0;0;0;0;0;0;0;0;0;0;0;0;0;0;0;0;0;0;0;0;0;0;0;0;0;0;0;0;0;0;0;0;0;0;0;0;0;0;0;0;0;0;0;0;0;0;0;0;0;0;0;0;0;0;0;0;0;0;0;0;0;0;0;0;0;0;0;0;0;0;0;0;0;0;0;0;0;0;0;0;0;0;0;0;0;0;0;0;0;0;0;0;0;0;0;0;0;0;0;0;0;0;0;0;0;0;0;0;0;0;0;0;0;0;0;0;0;0;0;0;0;0;0;0;0;0;0;0;0;0;0;0;0;0;0;0;0;0;0;0;0;0;0;0;0;0;0;0;0;0;0;0;0;0;0;0;0;0;0;0;0;0;0;0;0;0;0;0;0;0;0;0;0;0;0;0;0;0;0;0;0;0;0;0;0;0;0;0;0;0;0;0;0;0;0;0;0;0;0;0;0;0;0;0;0;0;0;0;0;0;0;0;0;0;0;0;0;0;0;0;0;0;0;0;0;0;0;0;0;0;0;0;0;0;0;0;0;0;0;0;0;0;0;0;0;0;0;0;0;0;0;0;0;0.07898311;0.09074013;0.11062703;0.11062703;0.11265417;0.11265417;0.11733235;0.11779287;0.11779287;0.11779287;0.11994097;0.13238101;0.1354193;0.1354193;0.1354193;0.1354193;0.1369592;0.13724631;0.1379801;0.13826813;0.14104572;0.14104572;0.1432374;0.14613343;0.14613343;0.15045577;0.15045577;0.15430027;0.15669744;0.15704031;0.15708243;0.15733692;0.15861415;0.16208536;0.16318629;0.16318629;0.16437269;0.16437269;0.16564557;0.16564557;0.16593759;0.16824172;0.16824172;0.17031002;0.17306013;0.17345164;0.17579614;0.17637535;0.17702667;0.17799735;0.17822326;0.18019448;0.1808364;0.18099399;0.18148019;0.18178521;0.18248749;0.18275306;0.18275306;0.18364613;0.18498243;0.18568039;0.18809656;0.18852357;0.18926774;0.19042443;0.19111111;0.19117614;0.19174749;0.19185746;0.1924644;0.19253373;0.19422457;0.19513985;0.19649786;0.1975331;0.19846284;0.19974262;0.20168613;0.20215148;0.20259678;0.20272517;0.20285587;0.20411599;0.20624449;0.20624449;0.20718558;0.20755461;0.20802755;0.20838559;0.20854379;0.20912822;0.20979541;0.21001519;0.21042089;0.21120733;0.21257536;0.21327922;0.21327922;0.21456353;0.21550917;0.21550917;0.21568448;0.21613874;0.21613874;0.21699302;0.21699302;0.2178348;0.21812889;0.21961889;0.21964724;0.21970495;0.21976569;0.22029646;0.22034556;0.22047197;0.22241521;0.22261073;0.22374931;0.22484138;0.22484138;0.22526781;0.2253202;0.22536296;0.22635397;0.22647664;0.22731131;0.22840665;0.2285484;0.22939193;0.22978284;0.22978284;0.23050474;0.23055324;0.23091668;0.23120675;0.23145019;0.2322581;0.23290553;0.23302272;0.23392593;0.23424252;0.2344002;0.2344002;0.23471119;0.23594792;0.23711042;0.23788491;0.23856417;0.23909509;0.23921652;0.23929928;0.24044197;0.24148562;0.24301375;0.24398097;0.2446409;0.24467189;0.24474922;0.24474922;0.24486176;0.24517748;0.24517748;0.24520138;0.24557116;0.24572182;0.24572182;0.24615399;0.24621407;0.24678632;0.24728031;0.24728031;0.24732224;0.24763085;0.24791111;0.24866863;0.24866863;0.24896813;0.24911723;0.24965476;0.24992278;0.25000505;0.25004037;0.25061476;0.25064749;0.25115471;0.25126972;0.25126972;0.25174225;0.25184035;0.25207824;0.25222598;0.25248858;0.2525354;0.2525354;0.2527027;0.25293631;0.25293631;0.25315936;0.25320352;0.25335997;0.25335997;0.25350573;0.25373113;0.25458762;0.25485573;0.25500281;0.25500281;0.25519527;0.25544397;0.25587035;0.25617381;0.25623706;0.25665685;0.25665685;0.25677117;0.25703089;0.25715255;0.25726862;0.25750186;0.25755321;0.25761623;0.25765669;0.25766163;0.25787071;0.25861279;0.25863845;0.2587957;0.2587957;0.25882975;0.25947921;0.25979891;0.26045448;0.26045448;0.260498;0.2610853;0.26119036;0.26180903;0.26195153;0.26247352;0.26247352;0.26252224;0.26296517;0.26298988;0.26305978;0.26320406;0.26351212;0.26389433;0.26420341;0.26421245;0.26421245;0.26452876;0.26467488;0.2647202;0.26480405;0.26480405;0.2648973;0.2648973;0.26515345;0.26517551;0.26528832;0.26547234;0.26592452;0.26600643;0.26622823;0.26655302;0.26660773;0.26680388;0.26725073;0.26735988;0.26826833;0.26838384;0.26922774;0.26963456;0.26986874;0.26996844;0.27041699;0.27049009;0.27053054;0.27070862;0.27091657;0.27124773;0.27126651;0.27126651;0.27172119;0.27172516;0.27193158;0.27195969;0.27213523;0.27215012;0.27237508;0.27246894;0.27246894;0.2727904;0.27293766;0.27313055;0.27315521;0.27371443;0.27388207;0.27441546;0.27449574;0.27449574;0.27512951;0.27527231;0.2754257;0.27557465;0.27576795;0.27586298;0.27605096;0.27650432;0.27669099;0.27716651;0.27785667;0.27787299;0.27789451;0.2779381;0.27794703;0.27849765;0.27894981;0.27906898;0.27926715;0.27942814;0.27944722;0.27967848;0.27967848;0.27986139;0.28050987;0.28058023;0.28058023;0.28085886;0.28115522;0.28141791;0.28161928;0.28161928;0.2817742;0.28214208;0.28238494;0.28263987;0.28337918;0.28337918;0.28357868;0.28407889;0.28423645;0.2844353;0.2844353;0.28452838;0.28519362;0.28561516;0.28616216;0.28667486;0.28700703;0.28732437;0.28750359;0.2878353;0.28792748;0.28792748;0.28804294;0.2880767;0.28828745;0.28879302;0.28883049;0.28900171;0.28924032;0.28924032;0.2893076;0.28932328;0.28936267;0.28936267;0.28939138;0.29004655;0.29009071;0.29030171;0.29093261;0.2909831;0.29102337;0.29129142;0.29134229;0.29155228;0.2922199;0.29226606;0.29226606;0.29260245;0.29264847;0.29287587;0.29289929;0.29293409;0.29322115;0.29322558;0.29327248;0.29372532;0.29391808;0.29425569;0.29447036;0.2945021;0.29476064;0.29482048;0.29490511;0.29494397;0.29494397;0.29494744;0.29531444;0.29581033;0.29581033;0.2958755;0.29595498;0.29624545;0.29643208;0.29657567;0.29670349;0.29735573;0.29777924;0.29781207;0.29781207;0.29784456;0.29785846;0.29798271;0.297992;0.29800691;0.29804008;0.29810591;0.29812832;0.2981941;0.29826652;0.29853604;0.2985959;0.29869792;0.29877948;0.29925223;0.29925223;0.29930869;0.29945131;0.29945131;0.29949578;0.29959973;0.29968046;0.29971215;0.2999867;0.30006571;0.30009525;0.30016506;0.30016506;0.30039783;0.30063892;0.30074092;0.30087257;0.30087257;0.30093681;0.30162832;0.30241584;0.30356723;0.30374447;0.30375979;0.3038817;0.3038817;0.30408237;0.3046183;0.30501624;0.30518075;0.30533991;0.30556393;0.30559063;0.30586291;0.30595147;0.30595147;0.30627586;0.30636415;0.30660384;0.30754714;0.30821356;0.30836024;0.30850481;0.30876578;0.30904249;0.30908157;0.30928318;0.30928318;0.30986118;0.31041335;0.31079557;0.31117673;0.31138787;0.31139791;0.31143012;0.31170204;0.31221107;0.31257614;0.31339775;0.31341349;0.31341349;0.31355134;0.31355134;0.31357227;0.31360444;0.31373595;0.31385966;0.31391101;0.31395669;0.31403749;0.31415602;0.31448748;0.31450741;0.31450741;0.31452906;0.31457608;0.31471461;0.31471461;0.31484431;0.31485901;0.31486631;0.31490538;0.31492033;0.3149505;0.31557108;0.31558407;0.31562137;0.31570753;0.31597102;0.31622464;0.31638756;0.31648145;0.31702826;0.31766326;0.31787954;0.31789691;0.31791921;0.31849664;0.31911044;0.31911044;0.31911345;0.31911345;0.31928695;0.31928936;0.31941949;0.31958931;0.31970604;0.31987729;0.32020998;0.32042505;0.32042505;0.32074023;0.32098174;0.32103952;0.32133999;0.3216554;0.3216554;0.32176801;0.32181359;0.32191173;0.3222003;0.32221556;0.32226411;0.32226411;0.3223065;0.32236533;0.32251995;0.32255776;0.32285622;0.32355979;0.3236388;0.32382931;0.32383785;0.32394516;0.32429118;0.32439441;0.32466621;0.3247694;0.3247694;0.32484553;0.32493192;0.32493871;0.32523965;0.32524583;0.3252509;0.32581352;0.32581352;0.3262114;0.32653925;0.32663438;0.3268643;0.32694807;0.32694875;0.32706862;0.32713162;0.32728511;0.32728511;0.32736958;0.32754469;0.32799676;0.32805872;0.32805872;0.3289221;0.32901638;0.3294603;0.32955034;0.32955034;0.33001705;0.33001705;0.33015948;0.33036212;0.33066456;0.33088577;0.33091136;0.33125539;0.33125647;0.3314273;0.33184163;0.33190436;0.33227039;0.33233636;0.33252465;0.33271011;0.33305468;0.33305468;0.33310143;0.33322212;0.33329873;0.33361763;0.33361763;0.33370764;0.33373783;0.33439631;0.334602;0.33466761;0.33484148;0.33504876;0.33514573;0.33520661;0.33545629;0.33546194;0.33550482;0.33597761;0.33597761;0.33612137;0.33623691;0.33642444;0.33644288;0.33645319;0.33648308;0.33660021;0.33681788;0.33683093;0.33689269;0.33815694;0.33829564;0.33855248;0.33857682;0.33891447;0.33895088;0.33913681;0.33930782;0.33964917;0.33979224;0.33990991;0.33997883;0.34021983;0.34036127;0.34036839;0.34067477;0.34068283;0.34081945;0.34098954;0.34128643;0.34174219;0.34222269;0.34231867;0.34238021;0.34249968;0.34249968;0.34273416;0.34278979;0.34280057;0.34285347;0.34287959;0.34303876;0.34320871;0.34350578;0.3435533;0.34421427;0.3444468;0.34472682;0.34472682;0.3450401;0.34510084;0.3451631;0.34528348;0.34528446;0.34564647;0.34565227;0.34565759;0.34593544;0.34603086;0.3463079;0.34642749;0.34705227;0.34716997;0.34731359;0.34760245;0.3477794;0.3477794;0.34781507;0.34804004;0.34817756;0.34824905;0.34836248;0.34837224;0.34924816;0.34933833;0.34950296;0.34950814;0.34950814;0.3496493;0.34979269;0.34989255;0.35012998;0.35013663;0.35028918;0.35045606;0.35045606;0.35056967;0.35077171;0.35077171;0.3507794;0.35086788;0.35099244;0.3510813;0.35123433;0.3512757;0.35157047;0.35200997;0.35253971;0.35268981;0.35300902;0.35317749;0.35325143;0.35346775;0.35406621;0.35406621;0.35410618;0.35420763;0.35425173;0.35431552;0.35445726;0.35490563;0.35506795;0.35515961;0.35515961;0.35532499;0.3553288;0.35533556;0.35535964;0.35538325;0.35544875;0.35562387;0.35618944;0.35618944;0.3564988;0.35689747;0.35738339;0.35740342;0.3577543;0.35786118;0.35810788;0.35832782;0.35851377;0.3587712;0.35891475;0.35914055;0.35915313;0.35924525;0.35928198;0.35966416;0.35978522;0.35985877;0.35991604;0.36041226;0.36051193;0.36079205;0.36085076;0.36099196;0.36115545;0.36116001;0.36116001;0.36176298;0.36186669;0.36186669;0.36197507;0.36204609;0.36226639;0.36272967;0.36275776;0.36309296;0.36364669;0.36366654;0.36385707;0.3645154;0.36507593;0.36507593;0.36527095;0.36533373;0.365703;0.36601949;0.36605022;0.36651218;0.36651218;0.36653109;0.36661499;0.36697464;0.36697823;0.36701235;0.36707368;0.36768736;0.36776369;0.36790964;0.3680031;0.3688619;0.36900822;0.36912289;0.36925066;0.3694569;0.36967013;0.36993918;0.37015126;0.37026288;0.37028681;0.37046656;0.37051622;0.37052763;0.37089713;0.37094971;0.37096792;0.37110724;0.37117609;0.37155366;0.37158356;0.37164427;0.37168625;0.37168868;0.37184792;0.37194355;0.37206085;0.3721466;0.37229068;0.3726661;0.37272675;0.37272675;0.37314461;0.37318727;0.3739447;0.37394854;0.37442832;0.37447231;0.37480932;0.37482488;0.37489346;0.37506314;0.37541125;0.37553491;0.37568187;0.3759607;0.37607527;0.37607894;0.37608936;0.37688053;0.37689895;0.37701099;0.3771969;0.37764679;0.37823817;0.37826898;0.37835535;0.37840124;0.37847717;0.37849536;0.37866789;0.37897205;0.37905432;0.37937679;0.37951892;0.37975379;0.37986644;0.37992322;0.38035598;0.3806062;0.3806062;0.38077692;0.38135769;0.38152154;0.38152154;0.38155973;0.38205177;0.38212754;0.38220884;0.38229208;0.38250561;0.38273231;0.382778;0.382778;0.38281942;0.38284799;0.38284799;0.38287566;0.38322329;0.38325769;0.38353178;0.3836623;0.3836623;0.38376593;0.38376593;0.38378942;0.38382945;0.3838745;0.38415738;0.38432472;0.38444468;0.38460767;0.3849332;0.38498658;0.38498658;0.38536049;0.38541522;0.38543477;0.38548355;0.38562861;0.38563644;0.38596221;0.38620719;0.38643415;0.38704204;0.38715977;0.38723429;0.38736761;0.38737758;0.38739773;0.38739773;0.38746862;0.38777883;0.38794641;0.38804254;0.38804318;0.38810408;0.3884616;0.38859665;0.38863501;0.38867598;0.3888479;0.38888216;0.38898578;0.38909727;0.38941308;0.38969459;0.38994269;0.39020116;0.39031412;0.39067817;0.39079602;0.39086497;0.39102211;0.39167085;0.39167085;0.39173863;0.39184025;0.39184025;0.39192285;0.39192285;0.39194632;0.39199166;0.39224759;0.39282149;0.39291518;0.39291518;0.39314539;0.3934616;0.39356418;0.3936971;0.39404314;0.39410318;0.39415632;0.39464028;0.39464033;0.39470824;0.39496538;0.39514325;0.39514325;0.395146;0.39519191;0.39525016;0.39538304;0.39542366;0.3955046;0.39555146;0.3957062;0.39583689;0.39590307;0.3960804;0.39651595;0.39683872;0.39683872;0.39685091;0.39699893;0.3971407;0.39718041;0.39800043;0.39807832;0.39829844;0.39832011;0.39840092;0.39843499;0.39854202;0.3987405;0.39883735;0.39886345;0.39889165;0.39889165;0.39898235;0.39927095;0.39981531;0.40019932;0.40022414;0.40022414;0.4003256;0.4003472;0.40040195;0.40053762;0.40087922;0.40124316;0.40128629;0.40147536;0.40162789;0.40187573;0.40189776;0.40200633;0.4027211;0.40291143;0.40320837;0.40360106;0.40373897;0.40389153;0.4039965;0.40406921;0.40419618;0.40456556;0.40457907;0.40486067;0.40496113;0.40511072;0.40544348;0.40558535;0.40560745;0.40574619;0.4057721;0.40599539;0.40617616;0.4061923;0.40625022;0.40654374;0.40679637;0.40710292;0.4071631;0.40720996;0.40738632;0.40762893;0.40767138;0.40781093;0.40782368;0.40803897;0.40812027;0.40839573;0.40858594;0.40899297;0.40903849;0.40906018;0.40921632;0.40930676;0.40975897;0.4098325;0.41004873;0.4100745;0.41061411;0.41070169;0.41075942;0.41078242;0.41080591;0.41087437;0.4111937;0.41162401;0.41174788;0.41178794;0.41190332;0.4120359;0.41221582;0.41238383;0.4124166;0.41279438;0.41286463;0.41288363;0.41333235;0.413414;0.41348131;0.41365683;0.41368175;0.41415267;0.41416176;0.41416176;0.41479811;0.4148319;0.41490462;0.41501691;0.41536322;0.41561685;0.4160785;0.4164297;0.41661661;0.41665226;0.41715734;0.41718644;0.41720851;0.41736952;0.41762326;0.41802797;0.41812921;0.4182012;0.41826253;0.41826253;0.41836019;0.4184391;0.41850659;0.41929267;0.41937831;0.41985276;0.42000782;0.42008956;0.4201849;0.42030325;0.4204389;0.42045541;0.42045541;0.4206014;0.42062672;0.42070413;0.42106935;0.42120843;0.42185316;0.42214024;0.42221465;0.42237859;0.4223935;0.42294795;0.42309232;0.42311534;0.42324766;0.42364488;0.42393557;0.42394643;0.42421735;0.42436547;0.42456486;0.42469294;0.4250809;0.42531983;0.42539059;0.42554964;0.42566736;0.42607399;0.42613115;0.42629051;0.42657517;0.42657702;0.42676873;0.42694221;0.42728214;0.42734979;0.42777944;0.42789532;0.42802649;0.42805028;0.42840269;0.42847742;0.42869511;0.42901798;0.42904782;0.42938895;0.42944972;0.42977798;0.42979425;0.42997852;0.43038849;0.43064517;0.43067511;0.43068794;0.4308334;0.43083648;0.43086789;0.43098155;0.43144971;0.43151599;0.43168648;0.43182626;0.43197965;0.43235896;0.43241404;0.4325227;0.43297219;0.43318627;0.43318627;0.43319266;0.43365437;0.43368844;0.43404941;0.4341833;0.43431921;0.43441272;0.43459674;0.43476891;0.4349578;0.43498165;0.43499403;0.43507398;0.4350934;0.43515564;0.43517951;0.43534113;0.43541196;0.43564523;0.43565519;0.43567137;0.43592701;0.43640287;0.43641326;0.43674288;0.43681177;0.4368141;0.43712115;0.43718733;0.43722105;0.43723409;0.43736991;0.43737928;0.43749307;0.43763576;0.43763576;0.43801358;0.43813707;0.43844527;0.43847852;0.43910918;0.43913344;0.43928685;0.43944621;0.4397534;0.43989613;0.44001234;0.44017821;0.44017821;0.44018468;0.44019499;0.44019499;0.44022753;0.44032182;0.44034478;0.44037877;0.44043713;0.4407021;0.44080553;0.44086347;0.44121817;0.44135311;0.44143788;0.44168965;0.44181528;0.44189709;0.44220712;0.44250561;0.44251303;0.4428966;0.44318736;0.44350244;0.4436101;0.4439214;0.44392223;0.44398415;0.44403693;0.44433138;0.44472782;0.44473111;0.44475992;0.44475992;0.44495;0.44510834;0.44511806;0.4451477;0.44541677;0.44571939;0.44592781;0.44595174;0.44595712;0.44603533;0.44617374;0.44632966;0.44642172;0.44665255;0.44728209;0.44763054;0.4476322;0.4483247;0.44833124;0.44835065;0.44841174;0.44870306;0.44888954;0.44896256;0.44912777;0.44912975;0.44927267;0.44932109;0.44962238;0.44965265;0.44981847;0.45009308;0.45032348;0.45043411;0.45059542;0.4506537;0.450715;0.45082338;0.45089019;0.45101355;0.45109693;0.45120604;0.45128081;0.45130732;0.45146221;0.45147604;0.45147604;0.45169285;0.45172411;0.45172824;0.45217514;0.45217853;0.45235072;0.45254385;0.45254711;0.45263003;0.45303564;0.45305301;0.453065;0.45307509;0.45334967;0.45337292;0.45342151;0.45372268;0.45385169;0.45398575;0.45399102;0.45401088;0.45422452;0.4542634;0.45459125;0.45477877;0.45532642;0.45533475;0.455386;0.45541332;0.45550349;0.45555488;0.45582667;0.45593712;0.45607518;0.45607518;0.45625034;0.4563997;0.45725363;0.457496;0.45749925;0.45749925;0.45753037;0.45762295;0.45781653;0.45785662;0.45800369;0.45819413;0.45819677;0.45839015;0.45840399;0.45847911;0.45847911;0.45898568;0.45906063;0.45906307;0.45928256;0.45934844;0.45934844;0.45942748;0.45949834;0.4598155;0.46005497;0.46033335;0.46040059;0.46045923;0.46062146;0.46065312;0.46087305;0.46125429;0.46146379;0.46158313;0.46182429;0.46193397;0.46201393;0.4623026;0.46244192;0.46255941;0.46277508;0.46307053;0.46315741;0.46335577;0.46338998;0.46344239;0.46364642;0.46367538;0.46367538;0.46376126;0.46407629;0.46505758;0.46511824;0.46528614;0.46605514;0.46607387;0.46626115;0.46626568;0.46630839;0.46634042;0.4666555;0.46666151;0.46668351;0.46668351;0.46682743;0.46682743;0.46703731;0.46730434;0.46739491;0.46742011;0.46752563;0.46760269;0.46762289;0.4676319;0.46776527;0.46778677;0.46791165;0.46821775;0.46832333;0.46833936;0.46848309;0.46850514;0.46922376;0.4692825;0.46939114;0.46944109;0.46976649;0.46995988;0.47004286;0.4701761;0.47025755;0.47036194;0.47036194;0.47046581;0.47065029;0.47090031;0.4709262;0.47129341;0.47181872;0.47201204;0.47201968;0.4721846;0.4723588;0.47306031;0.47306586;0.4732403;0.47334174;0.47335224;0.47343472;0.47385177;0.4741011;0.47413822;0.47430589;0.47432371;0.47461518;0.47493946;0.4750812;0.47524074;0.47548013;0.47556571;0.47561697;0.47577196;0.47591486;0.47624199;0.47632443;0.47638616;0.47640509;0.47643675;0.47747866;0.47761752;0.47776374;0.47777043;0.47786317;0.47792498;0.47809475;0.47813887;0.4782319;0.47826134;0.47837402;0.47843899;0.47845927;0.47853774;0.4787191;0.47899441;0.47900066;0.47924008;0.47971779;0.48014202;0.48024434;0.48049638;0.481048;0.48133865;0.48133865;0.48140944;0.48146843;0.48189057;0.48196849;0.48201013;0.48206348;0.48208753;0.48217765;0.48255627;0.4827345;0.48316254;0.48323278;0.48355332;0.48395078;0.48430771;0.48483182;0.48491867;0.4849758;0.48514398;0.48514398;0.48522156;0.48538272;0.48565465;0.48573243;0.48584304;0.48593326;0.48604487;0.48629773;0.486365;0.4865339;0.48688727;0.487094;0.48712391;0.48737157;0.48779575;0.48790247;0.48799839;0.48850941;0.48859229;0.48860411;0.48870891;0.48897366;0.48914754;0.49003563;0.49005701;0.49006894;0.49007765;0.49008148;0.49013201;0.49019044;0.4906197;0.49071276;0.490901;0.4909966;0.49106879;0.49123262;0.49129504;0.49134337;0.4914666;0.49180622;0.49197859;0.49204296;0.49209346;0.4922728;0.49228322;0.49251503;0.49277821;0.49300631;0.49302924;0.49326556;0.49332029;0.49352366;0.49368464;0.49407549;0.49453376;0.49467754;0.49469731;0.494708;0.49501307;0.49502237;0.49510058;0.495322;0.49545308;0.49576164;0.49608138;0.49610968;0.49648588;0.49679051;0.49718162;0.49725858;0.49729331;0.49729331;0.49730674;0.49750623;0.49787665;0.49795596;0.49808242;0.49811798;0.49812599;0.49815095;0.4982187;0.49938874;0.49961062;0.49978364;0.49979103;0.49990899;0.5000153;0.50012872;0.5010311;0.50107998;0.50166084;0.50166084;0.50172932;0.50185628;0.5018834;0.50208886;0.50208886;0.50237149;0.50257206;0.5027468;0.50278492;0.50312787;0.50315932;0.50318674;0.50362288;0.50362288;0.50362816;0.5036618;0.50414194;0.50426058;0.50436681;0.50457397;0.50484949;0.50500171;0.50537879;0.5053846;0.50553789;0.50564375;0.50574056;0.50581613;0.50587102;0.50592184;0.50603906;0.50666624;0.50676225;0.50680282;0.50680341;0.50690137;0.50703457;0.50752498;0.50777963;0.50778041;0.50786767;0.50851026;0.50888169;0.50888169;0.50890512;0.51001779;0.51028343;0.51046535;0.51062117;0.51062117;0.51106084;0.51106084;0.51160785;0.51174663;0.51190924;0.51190924;0.51259263;0.51267988;0.51284251;0.51307781;0.51351056;0.51384058;0.51426919;0.51434166;0.51439156;0.51468327;0.51542227;0.51574203;0.5158776;0.51587793;0.5164074;0.51648346;0.51656049;0.51678958;0.51686228;0.51705247;0.51705247;0.51713348;0.51738801;0.51738815;0.5173963;0.51762023;0.51762023;0.51785215;0.51800702;0.51820286;0.51838126;0.51847882;0.51859663;0.51859663;0.51887386;0.51897328;0.51900972;0.51942256;0.51981471;0.51992938;0.51996487;0.52037476;0.52060227;0.52060227;0.52074695;0.52081391;0.52087861;0.52160928;0.52165692;0.52184527;0.52222594;0.52227627;0.52237515;0.52246408;0.52248613;0.52277883;0.52296647;0.52302946;0.52326642;0.52357588;0.52408013;0.52409384;0.52413811;0.52419225;0.52453102;0.52453102;0.52483473;0.5248799;0.52598035;0.52640767;0.52656092;0.52705848;0.52717192;0.52789043;0.52810432;0.52823722;0.52866361;0.52879345;0.52884626;0.52918828;0.52919302;0.5294775;0.52987397;0.5302614;0.5302614;0.53029233;0.53052633;0.53072978;0.53082593;0.53105805;0.53127337;0.53127354;0.53210214;0.53221555;0.53240911;0.5325311;0.53288934;0.53310002;0.53364511;0.53364511;0.53387245;0.53402224;0.53430522;0.53430522;0.53466014;0.53466014;0.53473913;0.53484672;0.53492011;0.53523374;0.53530796;0.53535137;0.5356464;0.5356464;0.53612415;0.53626434;0.53700896;0.53728231;0.53728231;0.53741484;0.53814702;0.53824296;0.53829157;0.53835468;0.53839308;0.53880285;0.53880285;0.53910875;0.5392203;0.53939304;0.53948489;0.53956449;0.53993229;0.54025462;0.54032094;0.54047113;0.54080712;0.54091371;0.54095435;0.54099789;0.54131399;0.54147866;0.54151506;0.54179355;0.54186224;0.5420959;0.54233567;0.54277639;0.54285776;0.54304821;0.54320648;0.54341317;0.54346531;0.54349691;0.54362219;0.543699;0.54373572;0.54379492;0.54379953;0.54409909;0.54421229;0.54454363;0.54470561;0.54538852;0.54568644;0.54604187;0.54612781;0.54612781;0.54655602;0.54658296;0.54668547;0.54681643;0.54700108;0.5472907;0.54738552;0.54773219;0.54796998;0.54796998;0.54827938;0.54914583;0.54948627;0.54955527;0.54961218;0.5496735;0.55026579;0.55070572;0.55084925;0.55146094;0.55160524;0.55219635;0.55225602;0.55235562;0.55295799;0.5532018;0.55332545;0.55371267;0.55425892;0.554567;0.55487381;0.55505582;0.55526676;0.55535236;0.5555242;0.55563802;0.55563802;0.55566591;0.55617086;0.55617866;0.55620975;0.55639962;0.55642698;0.55687296;0.55692692;0.55694819;0.55709924;0.55720918;0.55723939;0.55723939;0.55728021;0.55750055;0.55750055;0.55778387;0.55784598;0.55835744;0.55837022;0.55845022;0.55865194;0.55877477;0.55914614;0.55973407;0.55983096;0.55991063;0.56008294;0.56022939;0.5603482;0.56034878;0.56047614;0.56080939;0.56124899;0.56154979;0.56195713;0.5620653;0.56235977;0.5625743;0.5625743;0.56276012;0.56276337;0.56308673;0.56377826;0.56469743;0.56527966;0.56582213;0.5659145;0.566126;0.56665472;0.56714225;0.56739801;0.56786632;0.56915027;0.56927081;0.56934352;0.56974938;0.56976924;0.56994246;0.57008245;0.57013899;0.57042261;0.57075182;0.57076273;0.57088896;0.57088896;0.57190699;0.5719207;0.57214474;0.57279785;0.57301094;0.57323754;0.57323754;0.57356255;0.57393364;0.57460759;0.5752291;0.57609649;0.57670064;0.57746673;0.5775241;0.57761146;0.57765814;0.57774392;0.5777496;0.57785406;0.57785406;0.57788432;0.57799328;0.57807083;0.57817049;0.57832248;0.57834723;0.57835285;0.5785134;0.57866551;0.57872627;0.57987211;0.57999253;0.58049446;0.58049446;0.58058135;0.58078381;0.58105241;0.58112913;0.58112913;0.58128909;0.58146825;0.58190123;0.58202394;0.58203605;0.5823522;0.58256186;0.58262383;0.58317433;0.58344329;0.58353108;0.58390212;0.58408941;0.58412444;0.58437076;0.58493108;0.58545799;0.58549612;0.58570389;0.58579642;0.58604515;0.58632018;0.58659983;0.58676322;0.58707165;0.58707953;0.58753108;0.58764272;0.58769013;0.58802945;0.58805194;0.58811217;0.58818081;0.58914163;0.58942795;0.58948406;0.58967055;0.58978876;0.5898474;0.59032993;0.59041113;0.59096697;0.59098653;0.59133981;0.59161041;0.59210325;0.59217145;0.59220937;0.59220937;0.59254171;0.59254767;0.59267472;0.59308379;0.5931745;0.59331363;0.59368351;0.59385432;0.59400987;0.59405688;0.59406029;0.59485599;0.59488123;0.59490855;0.59500418;0.59513734;0.59519468;0.59526009;0.59579562;0.5960297;0.59605493;0.5963846;0.596652;0.5970173;0.59717799;0.59741462;0.59760565;0.59766763;0.5977853;0.59818013;0.59821761;0.59840522;0.59845413;0.59865942;0.59956136;0.59980546;0.60011906;0.60042618;0.6005531;0.60108578;0.60172923;0.60192867;0.60296524;0.60307393;0.60327419;0.60361288;0.60414964;0.60423009;0.60490878;0.60496136;0.60510086;0.60511876;0.60514397;0.60514397;0.60545298;0.60552322;0.605607;0.60605592;0.60621207;0.6062896;0.60644742;0.60727429;0.60733652;0.60748571;0.60756902;0.60842665;0.60842699;0.6084877;0.60862717;0.60862717;0.6090945;0.61045689;0.61045689;0.6110013;0.61159144;0.6117028;0.61175242;0.612184;0.61247536;0.61267303;0.61297473;0.6131624;0.61352417;0.61367004;0.61372951;0.61405535;0.61412431;0.61464887;0.61465174;0.61470624;0.61470718;0.61482457;0.61523788;0.61543077;0.61578734;0.61620192;0.61646206;0.61661404;0.6171613;0.6171866;0.61733597;0.61771652;0.62014756;0.62030952;0.6207247;0.62100467;0.621063;0.62176212;0.62209004;0.62224826;0.62244017;0.62255624;0.62263251;0.62288869;0.62328267;0.62338473;0.62360155;0.62383651;0.62383651;0.62393897;0.62426829;0.62500378;0.62519257;0.62534063;0.62559869;0.62596839;0.62631068;0.62697791;0.62705105;0.62715979;0.62742398;0.62768012;0.62778259;0.62813122;0.62819681;0.62840277;0.6288297;0.62915016;0.62924142;0.62924536;0.62924536;0.62964667;0.62978004;0.62992999;0.63017455;0.63030581;0.63077112;0.63091289;0.63147269;0.63171503;0.63174675;0.63204717;0.63248446;0.63279559;0.63323689;0.63481733;0.63496321;0.63499448;0.63544049;0.63580436;0.63622613;0.63637806;0.63698494;0.63722202;0.63771136;0.63789812;0.63793161;0.63845893;0.63869922;0.63900584;0.63938868;0.64001164;0.64009607;0.64068894;0.64121358;0.64209142;0.64267382;0.64272344;0.64357454;0.64422848;0.64435338;0.64471616;0.64480385;0.644845;0.64505179;0.64520013;0.6457218;0.64573506;0.64589172;0.64612155;0.64663838;0.64717872;0.64722907;0.64732505;0.64732505;0.6474062;0.64775567;0.6483029;0.64880212;0.64971426;0.64976508;0.65001526;0.65013858;0.65013858;0.65098185;0.6515606;0.65172845;0.65173144;0.65249807;0.65296897;0.65302772;0.65490862;0.6558713;0.65658448;0.65658448;0.65689404;0.65695725;0.65760941;0.65772587;0.65780504;0.65819397;0.65826686;0.65847519;0.65847519;0.65875779;0.6598845;0.65999987;0.66009575;0.66019373;0.66049981;0.66080997;0.66080997;0.66104115;0.66158915;0.66167693;0.66231772;0.66257161;0.66257161;0.66304048;0.66350335;0.66374811;0.66497014;0.66507249;0.66507249;0.66520313;0.66520313;0.66530277;0.66546161;0.66584151;0.66598857;0.66605365;0.66623883;0.66655134;0.66661984;0.6669637;0.6671354;0.66763491;0.66925091;0.66977206;0.66982495;0.67124875;0.67191158;0.67222697;0.67248149;0.67345961;0.67443125;0.67455609;0.67459992;0.67541456;0.67614172;0.67614172;0.67627306;0.67658025;0.67713614;0.67750713;0.67769176;0.67783805;0.67892318;0.6804908;0.68052746;0.68080462;0.68120267;0.68142769;0.68188544;0.68207491;0.68247986;0.68319226;0.6835244;0.68375943;0.68408095;0.68436269;0.68465793;0.6849194;0.68494563;0.68526166;0.68549661;0.6859677;0.6860005;0.6865418;0.68678834;0.68693125;0.68724463;0.68724463;0.6877242;0.68815774;0.6884912;0.68869003;0.68945944;0.68972443;0.68972871;0.6897325;0.6899266;0.6903416;0.69114719;0.69196916;0.69196916;0.69217226;0.69248185;0.69355548;0.69358024;0.69398046;0.69483622;0.69522156;0.69526283;0.69548207;0.69589705;0.69589705;0.69678789;0.69709111;0.6973081;0.69735272;0.69779035;0.6978188;0.6979268;0.69915018;0.69935448;0.6997478;0.69977412;0.69977412;0.70042921;0.70090512;0.70153007;0.70181182;0.70186879;0.70204399;0.70271652;0.70301297;0.70392736;0.70582427;0.70612446;0.70623905;0.70642477;0.70776607;0.70780328;0.70933024;0.70988435;0.71000019;0.71047843;0.71048809;0.71053914;0.71061257;0.71068066;0.71112417;0.71218516;0.71225329;0.71358144;0.71430494;0.71431218;0.71449387;0.71545965;0.71622122;0.71625563;0.7166853;0.71675274;0.71684986;0.71694595;0.71765714;0.71815614;0.71821787;0.71867324;0.71891511;0.7189741;0.72061012;0.72116899;0.72116899;0.72166534;0.721686;0.72187994;0.72192917;0.72205513;0.72205513;0.72213187;0.72223034;0.72223034;0.72231;0.72263112;0.72294019;0.7251695;0.72519515;0.7253081;0.72541898;0.7259912;0.72604217;0.7267099;0.72704419;0.72704419;0.72727109;0.72780971;0.72783139;0.72801559;0.72838845;0.72954212;0.72970806;0.73041984;0.7320039;0.73220237;0.73267362;0.73302779;0.73302779;0.73379272;0.73408249;0.73465159;0.7348246;0.73597965;0.73611017;0.73611624;0.73676947;0.7368644;0.73699552;0.73711118;0.73736232;0.73757884;0.73824209;0.73838433;0.73869604;0.73941055;0.73960966;0.74018897;0.74024384;0.7409669;0.74113996;0.74183875;0.74212011;0.74271963;0.74305976;0.74377062;0.74389084;0.74430274;0.7443494;0.74495658;0.74587898;0.74721943;0.74798497;0.74858863;0.74866534;0.74878761;0.74982776;0.75085948;0.75123672;0.75137739;0.75162497;0.751763;0.75203555;0.75292503;0.75349587;0.75349587;0.7537572;0.75379674;0.75384816;0.75393468;0.75416749;0.75427965;0.7545814;0.75467586;0.75593314;0.75596336;0.75668082;0.7567751;0.75683328;0.75758391;0.75784644;0.75792222;0.75853571;0.7591966;0.75921442;0.75951199;0.76045223;0.7608489;0.7608489;0.76127404;0.76137097;0.76169763;0.76251027;0.76342744;0.76355842;0.76372908;0.76388452;0.76488742;0.76576632;0.76581212;0.76615735;0.7674636;0.76756075;0.76801491;0.76827442;0.76919505;0.77021493;0.77033356;0.7724851;0.77322171;0.77369903;0.77386353;0.77386353;0.77452796;0.77498989;0.77552198;0.77605332;0.77670972;0.77778649;0.77793221;0.77798834;0.77822214;0.77822214;0.77951345;0.78008618;0.78037664;0.7805221;0.78077297;0.78149771;0.78149771;0.78150182;0.78233447;0.7828165;0.78292611;0.78304566;0.78324063;0.7844039;0.78441405;0.78445314;0.78449349;0.78478957;0.78539616;0.78539616;0.78584489;0.78644109;0.7867691;0.78676947;0.78700456;0.78764618;0.78764618;0.7893744;0.79004941;0.79081306;0.7909497;0.79167834;0.79178129;0.79282609;0.79301108;0.79301108;0.79380385;0.7938541;0.79403211;0.79403211;0.79467443;0.79498005;0.79688636;0.79700731;0.79715208;0.79715208;0.7980025;0.79959025;0.79959025;0.79966363;0.79970907;0.80101803;0.80184097;0.80247508;0.80286158;0.80325836;0.80356673;0.8044186;0.80608686;0.8066813;0.80671518;0.80715144;0.80715144;0.8073689;0.80887706;0.8089034;0.8091468;0.81030774;0.81037082;0.81097216;0.8114119;0.81144437;0.81145198;0.81147817;0.81298989;0.81310412;0.81322675;0.81335149;0.81493719;0.81569142;0.81569142;0.81572864;0.81680241;0.81759552;0.81765267;0.81942597;0.81991526;0.82056231;0.82132234;0.82213131;0.82233644;0.82237966;0.82305066;0.82358332;0.82371386;0.82415556;0.82538077;0.826839;0.82728272;0.82895447;0.82953133;0.82979386;0.83020343;0.83138644;0.83193264;0.83251374;0.83297639;0.83301927;0.83414071;0.83432546;0.83519226;0.83602506;0.83627896;0.83654192;0.83829928;0.83934948;0.83969742;0.84025351;0.84025351;0.84149679;0.84149679;0.84181322;0.84188;0.84236012;0.84308393;0.84318892;0.84415844;0.84535665;0.84541923;0.84661442;0.84802826;0.8483685;0.84842737;0.8503091;0.85148564;0.85291821;0.8556265;0.85717194;0.85755666;0.8581227;0.85923284;0.85980487;0.86156594;0.86160261;0.86160261;0.86197032;0.86335899;0.86360279;0.86412532;0.8645673;0.86456864;0.86558667;0.86583688;0.86634776;0.86653276;0.86672988;0.86773381;0.86874614;0.86983277;0.87019358;0.87161444;0.87202312;0.87244322;0.87244322;0.87279303;0.87331458;0.87384753;0.8743444;0.8743444;0.87479632;0.8756039;0.8756039;0.87663178;0.87722891;0.87859022;0.88017826;0.88106638;0.88146165;0.88161337;0.88230018;0.88230018;0.88230986;0.88251099;0.88261614;0.88264106;0.88301448;0.88301448;0.88324585;0.88343771;0.88553601;0.88590114;0.8861528;0.88742502;0.88751504;0.88788695;0.88940535;0.88957573;0.89018118;0.89039341;0.8909514;0.89175788;0.89244016;0.89263799;0.89311353;0.89364401;0.89410945;0.89514972;0.89600406;0.89618095;0.8972297;0.89791699;0.89904434;0.90122125;0.90144876;0.90152755;0.90166417;0.90166417;0.90324397;0.90453557;0.90474527;0.90593648;0.90677554;0.90763058;0.90813273;0.9091977;0.91178133;0.91363891;0.91395678;0.91405328;0.91405328;0.91587597;0.9172149;0.91891456;0.91891456;0.91952388;0.92040721;0.92065472;0.92159314;0.92173582;0.9218353;0.92269838;0.92388806;0.92446566;0.92451207;0.92549292;0.92640381;0.92758418;0.92808297;0.92815034;0.92825383;0.92915337;0.92918654;0.92944884;0.93003519;0.93021094;0.93114985;0.93180588;0.93209919;0.93224606;0.93296865;0.93489281;0.93674828;0.93681323;0.9384411;0.93872552;0.93981543;0.93983852;0.94056777;0.94201143;0.94324514;0.94444763;0.94605606;0.94620822;0.94629374;0.94629374;0.94660511;0.94779327;0.94884823;0.95019925;0.95045532;0.95090584;0.95189743;0.95569745;0.95626884;0.95923785;0.96057279;0.96106553;0.9612519;0.96141022;0.96192953;0.96221278;0.96277189;0.96382156;0.96439787;0.9651779;0.9651779;0.96541646;0.96569304;0.96736587;0.96845764;0.9689459;0.96949481;0.97012329;0.97032723;0.97057922;0.9710714;0.97209806;0.97315195;0.97413861;0.9742172;0.97635392;0.97635392;0.97673428;0.97737225;0.97847088;0.97873382;0.97932317;0.97969744;0.97978828;0.9806135;0.98098197;0.98316767;0.98416694;0.98467157;0.98539231;0.98698133;0.98715137;0.98719102;0.98943933;0.98955092;0.99024901;0.99076508;0.99103872;0.99119783;0.99127213;0.9930115;0.99309119;0.99700537;0.99850382;1.00241134;1.00412049;1.00412049;1.0042076;1.00512058;1.00518681;1.00634614;1.0086741;1.0086741;1.00890473;1.00952912;1.01102826;1.01110186;1.01190379;1.01476634;1.01707346;1.01755137;1.01930656;1.02035834;1.02106934;1.02114533;1.02156061;1.02409766;1.02813662;1.02873461;1.03086335;1.03100422;1.03142923;1.03181566;1.03236361;1.03346947;1.03346947;1.03379622;1.03392503;1.03533145;1.03533145;1.03657793;1.03728427;1.03799131;1.04175554;1.0423699;1.04319435;1.04468089;1.04583612;1.04769076;1.04769076;1.04878433;1.04988375;1.04994047;1.05091399;1.05232037;1.05245528;1.05251376;1.05327292;1.05331905;1.05362513;1.05380774;1.05390533;1.05412362;1.05438062;1.05509562;1.05652643;1.05713072;1.05757897;1.05770746;1.05926027;1.05975556;1.05975556;1.05981279;1.06111692;1.06138364;1.06186928;1.06311124;1.0661905;1.06696441;1.06762866;1.06842198;1.07091148;1.07244823;1.07393542;1.07575834;1.07783888;1.07811908;1.07889622;1.07942743;1.07973868;1.07992094;1.08259786;1.08259786;1.08276876;1.08280592;1.08398207;1.08480889;1.08495681;1.08556433;1.0858225;1.08627621;1.08699749;1.08714978;1.08726414;1.08854458;1.08962049;1.09157694;1.09157694;1.09341404;1.09404064;1.09450207;1.09452102;1.09620347;1.09712005;1.09993829;1.10037401;1.10377428;1.10384486;1.10392738;1.10573839;1.10574675;1.10578713;1.10626129;1.10825697;1.10901091;1.11014357;1.11024461;1.11024461;1.11090927;1.11457554;1.11545487;1.11556364;1.11556364;1.11617568;1.11926977;1.11939144;1.12078192;1.12106694;1.12107525;1.12107525;1.1217329;1.12183625;1.12473958;1.12663795;1.12779258;1.12904629;1.12904629;1.12947663;1.12977372;1.13165434;1.13319412;1.13420355;1.13471595;1.13561259;1.13589579;1.13852419;1.13864807;1.14112011;1.14153898;1.14330386;1.14419904;1.14595666;1.15114241;1.15250301;1.15342514;1.15532777;1.15553995;1.15735779;1.15846376;1.15933494;1.15941677;1.1595637;1.16285938;1.16357329;1.16360447;1.16519095;1.16519095;1.16543014;1.16636051;1.16645742;1.16652819;1.16767347;1.16840718;1.16896535;1.16938575;1.17041596;1.17048288;1.17139569;1.17332805;1.17433047;1.17445734;1.17777061;1.17874617;1.17943781;1.18432735;1.18542974;1.1857877;1.1857877;1.18664411;1.1868435;1.18732072;1.1873702;1.18911825;1.18932218;1.18939027;1.1896901;1.18992999;1.19166102;1.19235765;1.19276238;1.19540115;1.19715537;1.19752303;1.19752303;1.19752303;1.19752303;1.19752303;1.19779692;1.19779692;1.19989543;1.20154091;1.20238636;1.20249509;1.20312514;1.20312514;1.20480651;1.20480651;1.20508712;1.20557477;1.20641886;1.20810139;1.20895353;1.20951004;1.21058981;1.21115502;1.21152814;1.21315471;1.2165704;1.2165704;1.21723464;1.21809792;1.21886895;1.22126674;1.22272907;1.22300883;1.22319897;1.2234197;1.22521087;1.22758835;1.22819823;1.22904834;1.22904834;1.22922529;1.23047105;1.23047109;1.23047125;1.23047125;1.23047152;1.23060003;1.23100303;1.2321888;1.23283937;1.2328411;1.23381981;1.23426947;1.23761635;1.23828715;1.23887891;1.24093659;1.24219707;1.24304924;1.24324687;1.24400383;1.24500603;1.24550235;1.24827654;1.24883082;1.25202902;1.25206792;1.25273861;1.25273861;1.25684515;1.25710579;1.259216;1.26060969;1.26169048;1.26481426;1.26564396;1.26607257;1.26636157;1.26712793;1.26741329;1.26980149;1.27087512;1.27118946;1.27128784;1.27168309;1.27214112;1.27318783;1.27355341;1.27373388;1.27449024;1.27453497;1.27601985;1.27663667;1.28187108;1.28747671;1.28803348;1.28974468;1.29003365;1.29034441;1.29274762;1.29292484;1.29634636;1.29754927;1.29827022;1.29889404;1.30131754;1.30172583;1.30185694;1.30209718;1.30258916;1.30392276;1.30585653;1.30670179;1.31020961;1.31081089;1.31288604;1.31349229;1.31475612;1.31488086;1.31600783;1.31636612;1.31694052;1.32023335;1.3203912;1.32384543;1.32415016;1.32469187;1.32562916;1.32615214;1.32804446;1.32848335;1.32957483;1.32958306;1.32965011;1.33062157;1.33137283;1.33254719;1.33348911;1.33549941;1.33567958;1.33567958;1.34044913;1.34554892;1.34663949;1.34924043;1.35167069;1.35277645;1.35334994;1.35367259;1.35434157;1.35443012;1.35640115;1.35658934;1.35676382;1.35706478;1.35927335;1.35965034;1.35965034;1.36053374;1.3614053;1.36189409;1.36330288;1.3645302;1.36589288;1.36636106;1.37065216;1.37120018;1.37669548;1.37735089;1.37816111;1.38140699;1.38258431;1.38413154;1.38413154;1.38803282;1.38823863;1.38857505;1.39018981;1.39192842;1.39238184;1.39647731;1.39727649;1.39762695;1.39862131;1.39882141;1.4010303;1.40207178;1.40318405;1.40352021;1.40448184;1.40488403;1.40575003;1.40644694;1.40722633;1.40929604;1.41060558;1.41103337;1.41270244;1.41468487;1.41560908;1.4182536;1.4183294;1.42031794;1.42106349;1.42792803;1.42959446;1.4312448;1.43135445;1.4329779;1.43334525;1.43392299;1.43557755;1.43677745;1.43720076;1.43837203;1.44315183;1.44412488;1.44692573;1.44744329;1.44783286;1.45295077;1.4534429;1.45462996;1.45519214;1.45568284;1.45581986;1.45581986;1.45834741;1.4591969;1.4591969;1.46289009;1.46353016;1.46427327;1.46464743;1.46470202;1.46473548;1.46619844;1.46942848;1.46942848;1.46946243;1.47176939;1.47272579;1.47397327;1.47592157;1.48271962;1.4831819;1.48348969;1.4839022;1.48764046;1.48922125;1.49225824;1.4927907;1.49556269;1.49912738;1.49921653;1.49927082;1.50133648;1.50286306;1.50295628;1.50650856;1.50728501;1.50751782;1.50882613;1.50964209;1.51304416;1.51606231;1.51606231;1.51610003;1.51819302;1.51821844;1.51947622;1.52075394;1.52098122;1.52665892;1.52836254;1.52836254;1.52899893;1.53086482;1.53189501;1.53315552;1.53318908;1.53574001;1.53746859;1.54187781;1.54230065;1.54798224;1.56019393;1.56069909;1.56585291;1.57225905;1.57407841;1.57546719;1.57555016;1.57733327;1.57899337;1.58083572;1.58124823;1.58361239;1.58667817;1.58916221;1.58924002;1.59086687;1.59208358;1.59208358;1.59255329;1.593515;1.59391049;1.59712965;1.59712965;1.59874486;1.60216538;1.60719343;1.60757284;1.60792336;1.60792336;1.60793399;1.61061749;1.6123012;1.6125312;1.61472872;1.61472872;1.6148;1.61856068;1.61953408;1.62296439;1.62296439;1.62394437;1.62861426;1.6298726;1.63124687;1.63497474;1.63879581;1.63951624;1.63951624;1.64088549;1.6430527;1.64798539;1.64798539;1.64904587;1.65056841;1.65056841;1.65126526;1.65134872;1.65419127;1.65419127;1.65444355;1.65444355;1.66337851;1.67102999;1.67132176;1.6722069;1.67451998;1.67498505;1.6784232;1.6871726;1.68821293;1.68899236;1.69376534;1.69643023;1.69800796;1.6983074;1.69950366;1.70039174;1.70141403;1.70408231;1.70408231;1.70497903;1.70622899;1.70816225;1.71236184;1.71369666;1.71850329;1.7273248;1.73504675;1.7408326;1.74103984;1.74179533;1.75352819;1.76226238;1.76290576;1.76300002;1.76714451;1.77055388;1.77109465;1.77409996;1.79409261;1.80070406;1.80959074;1.81231069;1.81458017;1.81591447;1.82228514;1.83173837;1.83403177;1.83403177;1.83689207;1.837009;1.83769657;1.84257993;1.84633447;1.84703576;1.8472466;1.84763023;1.85092087;1.85627329;1.86308905;1.86351337;1.86564289;1.87481121;1.88316343;1.88316343;1.89118117;1.89149411;1.89250119;1.89367441;1.89557076;1.89833303;1.89841673;1.89931391;1.90096623;1.90722904;1.91225007;1.91471501;1.915331;1.91712032;1.91934845;1.92095823;1.92495451;1.92515483;1.93742154;1.94928891;1.94955039;1.95376821;1.95695109;1.9681873;1.96927847;1.97798335;1.98314152;1.99116171;2.00988399;2.01175671;2.01662406;2.02007516;2.02055812;2.02520982;2.02899542;2.02916146;2.03668996;2.03668996;2.03886402;2.04140356;2.04488932;2.04820412;2.05266044;2.0548955;2.05678533;2.05919472;2.05944257;2.06088298;2.06567256;2.07232889;2.07439325;2.07725081;2.08362106;2.08362106;2.08582999;2.09161218;2.09173461;2.11127772;2.11356261;2.12311445;2.1234836;2.12865457;2.13322491;2.13393694;2.13713173;2.13715074;2.14041329;2.14894475;2.15110428;2.15182844;2.15539426;2.15688296;2.15982751;2.16686919;2.17845993;2.17891631;2.18913754;2.19060328;2.202744;2.21036489;2.21044539;2.21429074;2.21699678;2.2250411;2.22782604;2.23993975;2.24092549;2.24391916;2.25869916;2.2589357;2.26583862;2.27893077;2.28050999;2.2897277;2.2897277;2.29116658;2.29197351;2.31066224;2.32282836;2.32637322;2.34186276;2.34741678;2.36362083;2.37773818;2.38742838;2.39362689;2.39504605;2.39888236;2.41012765;2.4112051;2.41726846;2.41726846;2.4264898;2.43246038;2.43246038;2.43543671;2.43637723;2.44031818;2.44433403;2.44935954;2.45089033;2.45405892;2.45936166;2.46094213;2.46094213;2.46094231;2.46094231;2.46841014;2.47197854;2.47730957;2.47760529;2.48495479;2.48495479;2.51269283;2.51353195;2.53122518;2.53369831;2.53522847;2.5501597;2.5501597;2.56267569;2.56362054;2.56689713;2.57635536;2.58837415;2.59826804;2.60865686;2.60909426;2.6283891;2.62939352;2.64330252;2.6574214;2.65811422;2.65964796;2.67632052;2.67921713;2.6864558;2.68693065;2.69118039;2.69118039;2.69778558;2.71130898;2.71810616;2.71885276;2.7240483;2.73823494;2.75943522;2.7645871;2.77900453;2.78452714;2.79378495;2.82591214;2.83673616;2.86159779;2.87322828;2.87895112;2.88044956;2.88507388;2.88879385;2.89223762;2.89497181;2.89881358;2.91525783;2.92952282;2.94770056;2.99278422;2.99623468;3.01266627;3.01541115;3.04213682;3.06088848;3.10959803;3.12369646;3.13234831;3.14048326;3.1611635;3.19251875;3.19420507;3.19677282;3.21720492;3.22359317;3.22958194;3.23020926;3.27867717;3.27867717;3.30751234;3.30763168;3.31598281;3.32806994;3.33651296;3.35150967;3.41687605;3.43357727;3.43368335;3.43773946;3.50236733;3.51388617;3.53273923;3.5843595;3.60087277;3.63350804;3.64698616;3.65289795;3.69141312;3.69141322;3.69614746;3.71621753;3.72811968;3.77570147;3.8111965;3.82564073;3.85023616;3.91964047;3.92116965;3.94329863;3.97891937;3.98856927;4.01330895;4.01991559;4.05129261;4.1010011;4.10686916;4.10686916;4.19191393;4.20482771;4.23278927;4.23339129;4.24749867;4.2491788;4.26411009;4.28463385;4.29452118;4.31667173;4.35337844;4.44523849;4.45699385;4.47478037;4.48978635;4.53283507;4.63246748;4.63587159;4.63587159;4.68389331;4.68745241;4.71503;4.76708424;4.77951728;4.79009211;4.79814194;4.79838498;4.81339378;4.81339378;4.83746676;4.85328383;4.85328383;4.88611579;4.91746216;4.93388858;4.93587485;4.97876837;4.99273822;4.99273822;5.03273518;5.07999834;5.08669565;5.08794342;5.15272217;5.21368128;5.24704857;5.2808083;5.28420557;5.31494503;5.41514532;5.46757776;5.46757776;5.60277428;5.63355808;5.66283659;5.67844728;5.83277079;5.83277079;5.8353299;5.8461192;5.85674114;5.87824745;5.95088721;5.95088721;6.05277628;6.07848487;6.09119935;6.1273132;6.18532066;6.21431299;6.35808773;6.39637826;6.39637826;6.4819214;6.49674622;6.53317341;6.53317341;6.61714613;6.68528558;6.79946423;6.81894986;6.87774867;7.028103;7.07502417;7.2314979;7.2314979;7.26864302;7.28936861;7.38282622;7.41244369;7.66067468;7.73986968;7.99936861;8.11610492;8.19101551;8.27035797;8.35520699;8.37086716;8.46812375;8.51169051;8.61522285;8.65169521;8.73607594;8.85213649;8.9375804;9.03784352;9.28735965;9.58117104;9.64014983;9.65636501;9.78535759;9.9051226;10.0118066;10.13776733;10.31331647;10.31994307;10.72719628;10.98504063;11.61701262;11.73890117;11.92468932;12.00517192;12.04596054;12.42565675;13.0859855;13.16815907;13.41722747;14.12320568;14.36296736;14.36296736;14.77732691;15.54082183;15.54082183;16.64412265;16.64412265;16.67877764;16.72981527;16.78412144;16.9778938;16.9778938;17.22004485;17.42160371;17.59552657;18.47820069;19.07169905;19.50936772;19.50936772;19.68670418;21.64077834;22.15672944;22.24337109;22.89888958;23.77588567;23.77588567;23.93023481;23.97939071;24.19620729;24.51377584;24.85274611;25.13631225;25.37426078;25.38600272;25.56935966;25.88458389;26.0499503;26.65890747;26.7475296;26.82954857;27.95830482;28.09255134;28.12267982;29.58922449;31.05528772;31.08201956;32.18594326;32.3134932;32.63259407;35.12603149;35.24828803;36.63553345;37.14310772;41.1898284;43.97166279;45.13558905;47.78548453;47.78548453;48.82328358;51.90103803;54.12198273;55.28382877;55.28382877;57.53997477;57.72624283;60.39851882;61.31465985;67.79109697;72.64471593;92.21566788;130.57744533;161.69389968",1.31393456937981,"2026-08-09 22:33:17"
"pageblocks","SUN-MCCD","ascend",4795,10,NA,NA,NA,NA,NA,NA,"",NA,"not_run","not_run: ascend cost scales steeply with n (measured ok: PenDigits n=3200 194-355s, waveform n=3443 262-446s, thyroid n=3656 265-351s; pageblocks n=4795 UN-MCCD ascend hit the 480s per-cell cap and was killed -- see pageblocks/UN-MCCD/ascend status=timeout row). wilt (n=4819, larger than pageblocks) and pageblocks/SUN-MCCD were not attempted on that basis.",NA,NA,NA,NA,"2026-08-09 22:35:14"
"wilt","UN-MCCD","ascend",4819,5,NA,NA,NA,NA,NA,NA,"",NA,"not_run","not_run: ascend cost scales steeply with n (measured ok: PenDigits n=3200 194-355s, waveform n=3443 262-446s, thyroid n=3656 265-351s; pageblocks n=4795 UN-MCCD ascend hit the 480s per-cell cap and was killed -- see pageblocks/UN-MCCD/ascend status=timeout row). wilt (n=4819, larger than pageblocks) and pageblocks/SUN-MCCD were not attempted on that basis.",NA,NA,NA,NA,"2026-08-09 22:35:14"
"wilt","SUN-MCCD","ascend",4819,5,NA,NA,NA,NA,NA,NA,"",NA,"not_run","not_run: ascend cost scales steeply with n (measured ok: PenDigits n=3200 194-355s, waveform n=3443 262-446s, thyroid n=3656 265-351s; pageblocks n=4795 UN-MCCD ascend hit the 480s per-cell cap and was killed -- see pageblocks/UN-MCCD/ascend status=timeout row). wilt (n=4819, larger than pageblocks) and pageblocks/SUN-MCCD were not attempted on that basis.",NA,NA,NA,NA,"2026-08-09 22:35:14"
"shuffle","SUN-MCCD","descend",1013,9,NA,NA,NA,NA,NA,NA,"",NA,"not_run","not_run: descend cost scales far worse than ascend (measured: shuffle n=1013 UN-MCCD descend hit the 480s per-cell cap and was killed -- see shuffle/UN-MCCD/descend status=timeout row; the 8 small sets n<=367 already showed descend running 10-96s vs <1s for ascend at the same n). No descend cell at n>=1013 was attempted beyond that probe.",NA,NA,NA,NA,"2026-08-09 22:35:14"
"vowels","UN-MCCD","descend",1452,12,NA,NA,NA,NA,NA,NA,"",NA,"not_run","not_run: descend cost scales far worse than ascend (measured: shuffle n=1013 UN-MCCD descend hit the 480s per-cell cap and was killed -- see shuffle/UN-MCCD/descend status=timeout row; the 8 small sets n<=367 already showed descend running 10-96s vs <1s for ascend at the same n). No descend cell at n>=1013 was attempted beyond that probe.",NA,NA,NA,NA,"2026-08-09 22:35:14"
"vowels","SUN-MCCD","descend",1452,12,NA,NA,NA,NA,NA,NA,"",NA,"not_run","not_run: descend cost scales far worse than ascend (measured: shuffle n=1013 UN-MCCD descend hit the 480s per-cell cap and was killed -- see shuffle/UN-MCCD/descend status=timeout row; the 8 small sets n<=367 already showed descend running 10-96s vs <1s for ascend at the same n). No descend cell at n>=1013 was attempted beyond that probe.",NA,NA,NA,NA,"2026-08-09 22:35:14"
"PenDigits","UN-MCCD","descend",3200,16,NA,NA,NA,NA,NA,NA,"",NA,"not_run","not_run: descend cost scales far worse than ascend (measured: shuffle n=1013 UN-MCCD descend hit the 480s per-cell cap and was killed -- see shuffle/UN-MCCD/descend status=timeout row; the 8 small sets n<=367 already showed descend running 10-96s vs <1s for ascend at the same n). No descend cell at n>=1013 was attempted beyond that probe.",NA,NA,NA,NA,"2026-08-09 22:35:14"
"PenDigits","SUN-MCCD","descend",3200,16,NA,NA,NA,NA,NA,NA,"",NA,"not_run","not_run: descend cost scales far worse than ascend (measured: shuffle n=1013 UN-MCCD descend hit the 480s per-cell cap and was killed -- see shuffle/UN-MCCD/descend status=timeout row; the 8 small sets n<=367 already showed descend running 10-96s vs <1s for ascend at the same n). No descend cell at n>=1013 was attempted beyond that probe.",NA,NA,NA,NA,"2026-08-09 22:35:14"
"waveform","UN-MCCD","descend",3443,21,NA,NA,NA,NA,NA,NA,"",NA,"not_run","not_run: descend cost scales far worse than ascend (measured: shuffle n=1013 UN-MCCD descend hit the 480s per-cell cap and was killed -- see shuffle/UN-MCCD/descend status=timeout row; the 8 small sets n<=367 already showed descend running 10-96s vs <1s for ascend at the same n). No descend cell at n>=1013 was attempted beyond that probe.",NA,NA,NA,NA,"2026-08-09 22:35:14"
"waveform","SUN-MCCD","descend",3443,21,NA,NA,NA,NA,NA,NA,"",NA,"not_run","not_run: descend cost scales far worse than ascend (measured: shuffle n=1013 UN-MCCD descend hit the 480s per-cell cap and was killed -- see shuffle/UN-MCCD/descend status=timeout row; the 8 small sets n<=367 already showed descend running 10-96s vs <1s for ascend at the same n). No descend cell at n>=1013 was attempted beyond that probe.",NA,NA,NA,NA,"2026-08-09 22:35:14"
"thyroid","UN-MCCD","descend",3656,6,NA,NA,NA,NA,NA,NA,"",NA,"not_run","not_run: descend cost scales far worse than ascend (measured: shuffle n=1013 UN-MCCD descend hit the 480s per-cell cap and was killed -- see shuffle/UN-MCCD/descend status=timeout row; the 8 small sets n<=367 already showed descend running 10-96s vs <1s for ascend at the same n). No descend cell at n>=1013 was attempted beyond that probe.",NA,NA,NA,NA,"2026-08-09 22:35:14"
"thyroid","SUN-MCCD","descend",3656,6,NA,NA,NA,NA,NA,NA,"",NA,"not_run","not_run: descend cost scales far worse than ascend (measured: shuffle n=1013 UN-MCCD descend hit the 480s per-cell cap and was killed -- see shuffle/UN-MCCD/descend status=timeout row; the 8 small sets n<=367 already showed descend running 10-96s vs <1s for ascend at the same n). No descend cell at n>=1013 was attempted beyond that probe.",NA,NA,NA,NA,"2026-08-09 22:35:14"
"pageblocks","UN-MCCD","descend",4795,10,NA,NA,NA,NA,NA,NA,"",NA,"not_run","not_run: descend cost scales far worse than ascend (measured: shuffle n=1013 UN-MCCD descend hit the 480s per-cell cap and was killed -- see shuffle/UN-MCCD/descend status=timeout row; the 8 small sets n<=367 already showed descend running 10-96s vs <1s for ascend at the same n). No descend cell at n>=1013 was attempted beyond that probe.",NA,NA,NA,NA,"2026-08-09 22:35:14"
"pageblocks","SUN-MCCD","descend",4795,10,NA,NA,NA,NA,NA,NA,"",NA,"not_run","not_run: descend cost scales far worse than ascend (measured: shuffle n=1013 UN-MCCD descend hit the 480s per-cell cap and was killed -- see shuffle/UN-MCCD/descend status=timeout row; the 8 small sets n<=367 already showed descend running 10-96s vs <1s for ascend at the same n). No descend cell at n>=1013 was attempted beyond that probe.",NA,NA,NA,NA,"2026-08-09 22:35:14"
"wilt","UN-MCCD","descend",4819,5,NA,NA,NA,NA,NA,NA,"",NA,"not_run","not_run: descend cost scales far worse than ascend (measured: shuffle n=1013 UN-MCCD descend hit the 480s per-cell cap and was killed -- see shuffle/UN-MCCD/descend status=timeout row; the 8 small sets n<=367 already showed descend running 10-96s vs <1s for ascend at the same n). No descend cell at n>=1013 was attempted beyond that probe.",NA,NA,NA,NA,"2026-08-09 22:35:14"
"wilt","SUN-MCCD","descend",4819,5,NA,NA,NA,NA,NA,NA,"",NA,"not_run","not_run: descend cost scales far worse than ascend (measured: shuffle n=1013 UN-MCCD descend hit the 480s per-cell cap and was killed -- see shuffle/UN-MCCD/descend status=timeout row; the 8 small sets n<=367 already showed descend running 10-96s vs <1s for ascend at the same n). No descend cell at n>=1013 was attempted beyond that probe.",NA,NA,NA,NA,"2026-08-09 22:35:14"
"pima","UN-MCCD","ascend",555,8,0.290909090909091,0.782,0.536454545454546,0.231884057971014,125,2,"4;5;6;7;19;25;32;34;38;40;42;44;49;53;57;59;67;69;74;92;93;100;106;108;112;119;126;128;135;137;142;143;152;153;159;161;162;175;179;197;202;207;209;210;215;217;221;224;229;238;239;243;244;245;246;251;255;257;263;265;266;269;281;285;296;300;307;308;314;333;336;344;346;347;349;350;351;354;355;368;373;377;378;386;388;390;391;394;395;406;407;424;434;435;442;443;446;449;457;458;459;461;464;465;471;477;478;488;497;502;511;516;519;522;528;529;530;534;535;539;540;541;542;545;548",1.14364194869995,"ok",NA,1,"ascend","0;0;0;0;0;0;0;0;0;0;0;0;0;0;0;0;0;0;0;0;0;0;0;0;0;0;0;0;0;0;0;0;0;0;0;0;0;0;0;0;0;0;0;0;0;0;0;0;0;0;0;0;0;0;0;0;0;0;0;0;0;0;0;0;0;0;0;0;0;0;0;0;0;0;0;0;0;0;0;0;0;0;0;0.09628383;0.09628383;0.09971218;0.10443845;0.10443845;0.1208099;0.12241952;0.125743;0.12641893;0.13078512;0.13174595;0.1321435;0.13732232;0.13910925;0.14023124;0.14074419;0.14115177;0.14162782;0.14448607;0.14521836;0.14558544;0.14747814;0.14751;0.14896478;0.15034599;0.15036892;0.15055256;0.15098997;0.15259682;0.15319996;0.15356729;0.15372614;0.15383149;0.15392368;0.15580998;0.15624637;0.15825642;0.15840572;0.15863018;0.15872522;0.15878792;0.15878792;0.15909058;0.15938694;0.16063579;0.16074037;0.16136574;0.1637163;0.16410227;0.16415782;0.1641679;0.1641679;0.16473047;0.16493969;0.16561468;0.16566358;0.16576131;0.16581309;0.16595666;0.16595666;0.16634513;0.16634513;0.16735126;0.16793525;0.16796236;0.16824747;0.16830527;0.16845014;0.169132;0.16921124;0.16921202;0.1702666;0.17039188;0.17071334;0.17183353;0.17185242;0.17243297;0.17346266;0.1737403;0.17392576;0.17411266;0.17417513;0.17420297;0.17454918;0.17459571;0.17480998;0.17500448;0.17547313;0.17567098;0.17592263;0.17592814;0.17632479;0.17632479;0.17656716;0.17661346;0.17698337;0.17765674;0.17791957;0.17792493;0.17813321;0.17884161;0.17904495;0.17951766;0.17951766;0.17960149;0.1806823;0.1809604;0.18149558;0.18242522;0.18249947;0.18314462;0.18341342;0.18365844;0.18366228;0.18392737;0.18395185;0.18409015;0.18422759;0.18441019;0.18456393;0.1847948;0.1860438;0.18609433;0.18670272;0.18707147;0.18717093;0.18742913;0.18823523;0.18823523;0.18858846;0.18916344;0.19031102;0.19031102;0.19036582;0.19083859;0.19114344;0.19208825;0.19210185;0.19222699;0.19295928;0.19340591;0.1936593;0.19443195;0.19450212;0.19470886;0.19509247;0.19530533;0.19546342;0.19564248;0.19657366;0.19718099;0.19770014;0.1981757;0.19842663;0.19872106;0.19915443;0.19922501;0.19930672;0.19998309;0.20017524;0.20035829;0.20037597;0.200465;0.2004742;0.20060404;0.20064645;0.20088442;0.20088442;0.2010973;0.20143412;0.20147185;0.20161287;0.20222772;0.20238108;0.20442114;0.20442114;0.20476818;0.20498047;0.20511623;0.20533818;0.20564096;0.20582303;0.20653002;0.20689261;0.20707941;0.20709091;0.20709091;0.20710292;0.20813529;0.20829526;0.20897253;0.2094397;0.20980133;0.20983853;0.2099651;0.21083607;0.2108402;0.21101392;0.21109371;0.21125225;0.21129919;0.21135458;0.21150199;0.21150322;0.2119884;0.21250866;0.21340682;0.21366752;0.21429338;0.21542483;0.2156815;0.21579735;0.21601518;0.21651114;0.21745502;0.21841814;0.2190393;0.2192168;0.21950354;0.21991298;0.22022733;0.22096187;0.22155231;0.22155231;0.22272281;0.22281661;0.22300646;0.22300646;0.22316535;0.22334287;0.22386194;0.22435641;0.2244519;0.22448249;0.2247897;0.22510146;0.22511976;0.22561871;0.22562118;0.22588082;0.22612467;0.22667741;0.22698963;0.22710111;0.22767341;0.22919985;0.2293041;0.23000325;0.23017624;0.23018814;0.23026551;0.23065349;0.23102665;0.23134167;0.2314009;0.23144642;0.23164208;0.23239073;0.23265618;0.23268546;0.23275236;0.23291004;0.23291004;0.23362736;0.23364763;0.23398293;0.23449413;0.23600478;0.23615486;0.23615486;0.23624145;0.23685935;0.23714465;0.23782673;0.23785214;0.23800486;0.23872303;0.24156439;0.24202738;0.24276871;0.24305867;0.24317825;0.24358506;0.24370212;0.24389241;0.24558284;0.24613584;0.24667304;0.24688264;0.24691047;0.24706911;0.24745689;0.24905264;0.2508415;0.25168686;0.25219847;0.25223296;0.25236979;0.25249656;0.25326689;0.25388863;0.25394;0.25517065;0.2552806;0.25537417;0.25572289;0.25584882;0.25588424;0.25606557;0.25720849;0.25739044;0.25773931;0.25839256;0.25922994;0.25922994;0.26012388;0.26012388;0.26037289;0.2612672;0.26141798;0.26442978;0.26518162;0.26760278;0.26769683;0.26800152;0.26829037;0.26865255;0.26878952;0.26954482;0.26977037;0.27031185;0.27074621;0.27135674;0.27142018;0.27193432;0.27210091;0.27234412;0.27278325;0.27306992;0.27316946;0.2755868;0.27567029;0.27629821;0.27702089;0.27739931;0.27745171;0.27756216;0.27827738;0.27880133;0.27949174;0.27963397;0.27963397;0.28045216;0.28077474;0.28122114;0.28222467;0.28287653;0.28296464;0.28324954;0.28340471;0.28346174;0.28352592;0.28353433;0.28356677;0.28359465;0.28373492;0.28381179;0.28452387;0.28503113;0.28519301;0.28519301;0.28608791;0.28619664;0.28619664;0.28741911;0.28795789;0.29107478;0.29181523;0.29234042;0.29300596;0.29359905;0.29483341;0.29485244;0.29553921;0.29577799;0.29593243;0.29654813;0.29694811;0.29807327;0.29856826;0.29930562;0.30081633;0.30223386;0.30341527;0.3034818;0.3036113;0.3046072;0.30463847;0.30646553;0.30655114;0.30732905;0.31078084;0.31081007;0.31206663;0.31488125;0.31514251;0.31514251;0.31545502;0.31570135;0.31649306;0.31691667;0.31695545;0.31760812;0.31833678;0.31856961;0.31882844;0.32211476;0.32384675;0.32459442;0.32492165;0.32546072;0.33083825;0.33245003;0.33313448;0.33373849;0.33593474;0.3361622;0.33640872;0.33869159;0.33952466;0.34078954;0.34204053;0.34341846;0.34394983;0.34902443;0.35233485;0.35419236;0.35476439;0.35526613;0.35678415;0.36032975;0.36139443;0.36184181;0.36244637;0.36479025;0.36747008;0.36850084;0.36959382;0.37181091;0.37187675;0.37187675;0.37481121;0.37502239;0.37775263;0.37791788;0.37861619;0.38039242;0.38046232;0.38239289;0.3868402;0.389504;0.39817462;0.40249266;0.41117157;0.42045564;0.42229813;0.42229813;0.52332078;0.54315208;0.55221105;0.58658427;0.87122345",0.203286118215254,"2026-08-09 22:35:32"
"pima","UN-MCCD","descend",555,8,0.781818181818182,0.564,0.672909090909091,0.446985446985447,261,2,"4;6;7;9;11;12;13;15;17;18;20;21;22;23;25;29;31;32;34;35;38;44;45;48;49;53;59;63;64;65;67;69;73;74;79;87;88;89;93;94;95;96;99;100;104;111;112;115;116;117;118;119;120;121;124;126;127;128;130;131;134;135;137;138;141;142;151;152;153;155;161;163;164;165;166;169;171;174;175;177;178;179;183;186;188;190;193;197;200;202;204;207;208;209;210;212;214;215;217;221;222;223;224;226;229;235;236;238;239;242;243;244;245;246;247;249;255;257;263;265;266;269;270;273;281;283;285;286;290;294;298;300;303;307;308;310;314;315;318;323;326;327;328;331;332;333;336;340;342;344;346;347;348;349;351;354;355;358;363;364;365;368;373;379;380;381;382;383;386;388;389;390;391;392;394;403;406;407;412;413;417;418;419;422;424;425;426;434;435;436;440;442;443;444;445;446;447;449;454;457;459;461;462;464;465;467;469;471;474;478;481;488;489;490;493;494;496;497;501;502;503;504;505;506;507;508;511;513;514;516;517;518;520;521;522;523;524;525;526;528;529;530;533;534;535;536;538;540;541;543;544;545;546;547;548;549;550;551;553;554;555",385.866219997406,"ok",NA,1,"descend","0;0;0;0;0;0;0;0;0;0;0;0;0;0;0;0;0;0;0;0;0;0;0;0;0;0;0;0;0;0;0;0;0;0;0;0;0;0;0;0;0;0;0;0;0;0;0;0;0;0;0;0;0;0;0;0;0;0;0;0;0;0;0;0;0;0;0;0;0;0;0;0;0;0;0;0;0;0;0;0;0;0;0;0;0;0;0;0;0;0;0;0;0;0;0;0;0;0;0;0;0;0;0;0;0;0;0;0;0;0;0;0;0;0;0;0;0;0;0;0;0;0;0;0;0;0;0;0;0;0;0;0;0;0;0;0;0;0;0;0;0;0;0;0;0;0;0;0;0;0;0;0;0;0;0;0;0;0;0.125743;0.12641893;0.14558544;0.14747814;0.14896478;0.14970542;0.15034599;0.15036892;0.15055256;0.15259682;0.15319996;0.15352591;0.15356729;0.15372614;0.15383149;0.15392368;0.15402523;0.15403026;0.15617783;0.15872522;0.15938694;0.15997771;0.16279182;0.1637163;0.16410227;0.16415782;0.16415782;0.1641679;0.16473047;0.16576131;0.16595666;0.16634513;0.16634513;0.16793525;0.16796236;0.16807583;0.168885;0.169132;0.16921202;0.17039188;0.17071334;0.17183353;0.17185242;0.1737403;0.17417513;0.17420297;0.17480998;0.17500448;0.17546644;0.17546644;0.17567098;0.17579154;0.17592263;0.17592814;0.17632479;0.17656716;0.17661346;0.17698337;0.17765674;0.17791957;0.17792493;0.17813321;0.17867416;0.17884161;0.17897245;0.17951766;0.17951766;0.17995544;0.18137306;0.18149558;0.18239088;0.18242522;0.18341342;0.18365844;0.18379339;0.18392737;0.18395185;0.1840104;0.18409015;0.18427637;0.18441019;0.18442444;0.18456393;0.18609433;0.18707147;0.18717093;0.18742913;0.18867856;0.18927495;0.19031102;0.19036582;0.19083859;0.19144359;0.19158184;0.19208825;0.19212779;0.19295928;0.19296955;0.19340591;0.19372457;0.19415252;0.19431155;0.19435743;0.19439836;0.19443195;0.19450212;0.19470198;0.19509247;0.19546342;0.19546817;0.19564248;0.19769362;0.19783329;0.19783329;0.1981757;0.19879803;0.19915443;0.19922501;0.19941136;0.20011389;0.20035829;0.20037597;0.20146851;0.20147185;0.20161287;0.20181185;0.20222772;0.20238108;0.20299538;0.20442114;0.20498047;0.20530387;0.20533818;0.20547469;0.20564096;0.20582303;0.20653002;0.20653002;0.20707941;0.20709091;0.20709091;0.20803088;0.20829526;0.20829526;0.20876779;0.20931038;0.20951698;0.20980133;0.2099651;0.21008757;0.21014736;0.21033919;0.21038192;0.2108402;0.21109371;0.21129919;0.21146856;0.21150322;0.2119884;0.2125234;0.21343216;0.21495829;0.21542483;0.2156815;0.21579735;0.21601518;0.21617976;0.21651114;0.21689258;0.21737588;0.21745502;0.21817252;0.21838364;0.21841814;0.2190393;0.21906801;0.21950354;0.22022733;0.22092945;0.22095382;0.22096187;0.22155231;0.22155231;0.22272281;0.22281661;0.22281661;0.22300646;0.22300646;0.22316535;0.22316535;0.22349316;0.22397712;0.22448249;0.2247897;0.22510146;0.22511976;0.22561871;0.22588082;0.22612467;0.22666556;0.22667741;0.22698963;0.22710111;0.22767341;0.22831244;0.23017624;0.23018814;0.23021596;0.23065349;0.23080005;0.23144642;0.23164208;0.23270006;0.23275236;0.23291004;0.23302575;0.23362736;0.23364763;0.23449413;0.23494927;0.23615486;0.23615486;0.23685935;0.23782673;0.23872303;0.23951113;0.24002595;0.24025603;0.2407678;0.24110576;0.24156439;0.24202738;0.24217444;0.24240967;0.24273429;0.24276871;0.24305867;0.24358506;0.24370212;0.24389241;0.2447638;0.24558284;0.24613584;0.24691047;0.24745689;0.24868665;0.24905264;0.24996937;0.2508415;0.25168686;0.25223296;0.25236979;0.25249656;0.25388863;0.25394;0.2552806;0.25537417;0.25588424;0.25720849;0.25739044;0.25773931;0.25832999;0.25922994;0.25922994;0.2598246;0.26012388;0.2612672;0.26313219;0.26442978;0.26626574;0.26745489;0.26765446;0.26769683;0.26800152;0.26865255;0.26891044;0.26977037;0.27031185;0.27086952;0.27135674;0.27142018;0.27178076;0.27193432;0.27197209;0.27234412;0.27306992;0.27428646;0.27629821;0.27756216;0.27827738;0.27833779;0.27880133;0.27949174;0.28009209;0.28045216;0.28222467;0.28296464;0.28324954;0.28340471;0.28346174;0.28352592;0.28356677;0.28359465;0.28373492;0.28381179;0.2843449;0.28503113;0.28519301;0.28608791;0.28619664;0.28727999;0.28741911;0.28795789;0.28827128;0.29037423;0.29177017;0.29234042;0.29300596;0.29359905;0.29483341;0.29553921;0.29593243;0.29694811;0.29718335;0.29807327;0.29828186;0.29856826;0.30020435;0.30081633;0.30223386;0.3034818;0.30441415;0.3046072;0.30646553;0.30710296;0.30713878;0.30732905;0.30789498;0.31206663;0.31570135;0.31570135;0.31649306;0.31695545;0.31754097;0.31810921;0.31833678;0.31882844;0.31991497;0.32159597;0.32258854;0.32331915;0.32384675;0.32449165;0.32459442;0.32546072;0.33083825;0.3329009;0.33291635;0.33377184;0.33435714;0.33593474;0.3361622;0.33640872;0.33940526;0.33952466;0.34078954;0.34394983;0.34556124;0.35188663;0.35242744;0.35450921;0.35526613;0.35678415;0.35886329;0.36139443;0.36184181;0.36244637;0.36479025;0.3650278;0.36747008;0.36850084;0.36905735;0.37181091;0.37187675;0.37791788;0.37861619;0.38039242;0.389504;0.39128485;0.3918037;0.4001955;0.4196322;0.42045564;0.42229813;0.52332078;0.54315208;0.58658427",0.172976425686863,"2026-08-09 22:41:58"
"pima","SUN-MCCD","ascend",555,8,0.890909090909091,0.552,0.721454545454545,0.496957403651116,273,1,"4;6;7;8;9;11;13;16;17;18;19;20;21;22;25;29;31;32;34;35;38;40;42;44;45;49;50;53;57;58;59;60;67;69;70;74;79;82;88;89;92;93;94;95;96;100;104;105;106;108;112;115;116;119;123;124;126;130;134;135;137;138;142;143;151;152;153;155;159;161;162;164;165;166;170;171;172;174;175;176;177;178;179;183;184;186;197;200;202;204;206;207;210;212;213;215;219;221;222;223;224;225;229;232;235;238;239;243;244;245;246;247;249;250;251;253;255;257;259;263;264;265;266;269;270;273;281;283;285;286;288;290;294;295;298;300;301;302;303;307;308;310;312;314;315;318;321;323;326;328;331;332;333;336;344;345;346;347;348;349;350;351;354;355;358;361;363;364;365;368;372;373;377;378;379;380;382;383;386;388;389;390;391;394;395;398;401;406;407;410;418;424;426;434;435;436;438;439;440;442;443;444;446;449;454;457;458;459;461;464;465;466;469;474;477;478;481;484;488;489;490;493;496;497;501;502;503;505;506;507;508;509;510;511;513;514;516;517;518;519;520;521;522;523;524;525;526;527;528;529;530;531;532;533;534;535;539;540;541;542;543;544;545;546;547;548;549;550;551;552;553;554;555",0.860300064086914,"ok",NA,1,"ascend","0;0;0;0;0;0;0;0;0;0;0;0;0;0;0;0;0;0;0;0;0;0;0;0;0;0;0;0;0;0;0;0;0;0;0;0;0;0;0;0;0;0;0;0;0;0;0;0;0;0;0;0;0;0;0;0;0;0;0;0;0;0;0;0;0;0;0;0;0;0;0;0;0;0;0;0;0;0;0;0;0;0;0;0.09628383;0.09628383;0.09971218;0.10443845;0.10443845;0.1208099;0.12241952;0.125743;0.12641893;0.13078512;0.13174595;0.1321435;0.13732232;0.13910925;0.14023124;0.14074419;0.14115177;0.14162782;0.14448607;0.14521836;0.14558544;0.14747814;0.14751;0.14896478;0.15034599;0.15036892;0.15055256;0.15098997;0.15259682;0.15319996;0.15356729;0.15372614;0.15383149;0.15392368;0.15580998;0.15624637;0.15825642;0.15840572;0.15863018;0.15872522;0.15878792;0.15878792;0.15909058;0.15938694;0.16063579;0.16074037;0.16136574;0.1637163;0.16410227;0.16415782;0.1641679;0.1641679;0.16473047;0.16493969;0.16561468;0.16566358;0.16576131;0.16581309;0.16595666;0.16595666;0.16634513;0.16634513;0.16735126;0.16793525;0.16796236;0.16824747;0.16830527;0.16845014;0.169132;0.16921124;0.16921202;0.1702666;0.17039188;0.17071334;0.17183353;0.17185242;0.17243297;0.17346266;0.1737403;0.17392576;0.17411266;0.17417513;0.17420297;0.17454918;0.17459571;0.17480998;0.17500448;0.17547313;0.17567098;0.17592263;0.17592814;0.17632479;0.17632479;0.17656716;0.17661346;0.17698337;0.17765674;0.17791957;0.17792493;0.17813321;0.17884161;0.17904495;0.17951766;0.17951766;0.17960149;0.1806823;0.1809604;0.18149558;0.18242522;0.18249947;0.18314462;0.18341342;0.18365844;0.18366228;0.18392737;0.18395185;0.18409015;0.18422759;0.18441019;0.18456393;0.1847948;0.1860438;0.18609433;0.18670272;0.18707147;0.18717093;0.18742913;0.18823523;0.18823523;0.18858846;0.18916344;0.19031102;0.19031102;0.19036582;0.19083859;0.19114344;0.19208825;0.19210185;0.19222699;0.19295928;0.19340591;0.1936593;0.19443195;0.19450212;0.19470886;0.19509247;0.19530533;0.19546342;0.19564248;0.19657366;0.19718099;0.19770014;0.1981757;0.19842663;0.19872106;0.19915443;0.19922501;0.19930672;0.19998309;0.20017524;0.20035829;0.20037597;0.200465;0.2004742;0.20060404;0.20064645;0.20088442;0.20088442;0.2010973;0.20143412;0.20147185;0.20161287;0.20222772;0.20238108;0.20442114;0.20442114;0.20476818;0.20498047;0.20511623;0.20533818;0.20564096;0.20582303;0.20653002;0.20689261;0.20707941;0.20709091;0.20709091;0.20710292;0.20813529;0.20829526;0.20897253;0.2094397;0.20980133;0.20983853;0.2099651;0.21083607;0.2108402;0.21101392;0.21109371;0.21125225;0.21129919;0.21135458;0.21150199;0.21150322;0.2119884;0.21250866;0.21340682;0.21366752;0.21429338;0.21542483;0.2156815;0.21579735;0.21601518;0.21651114;0.21745502;0.21841814;0.2190393;0.2192168;0.21950354;0.21991298;0.22022733;0.22096187;0.22155231;0.22155231;0.22272281;0.22281661;0.22300646;0.22300646;0.22316535;0.22334287;0.22386194;0.22435641;0.2244519;0.22448249;0.2247897;0.22510146;0.22511976;0.22561871;0.22562118;0.22588082;0.22612467;0.22667741;0.22698963;0.22710111;0.22767341;0.22919985;0.2293041;0.23000325;0.23017624;0.23018814;0.23026551;0.23065349;0.23102665;0.23134167;0.2314009;0.23144642;0.23164208;0.23239073;0.23265618;0.23268546;0.23275236;0.23291004;0.23291004;0.23362736;0.23364763;0.23398293;0.23449413;0.23600478;0.23615486;0.23615486;0.23624145;0.23685935;0.23714465;0.23782673;0.23785214;0.23800486;0.23872303;0.24156439;0.24202738;0.24276871;0.24305867;0.24317825;0.24358506;0.24370212;0.24389241;0.24558284;0.24613584;0.24667304;0.24688264;0.24691047;0.24706911;0.24745689;0.24905264;0.2508415;0.25168686;0.25219847;0.25223296;0.25236979;0.25249656;0.25326689;0.25388863;0.25394;0.25517065;0.2552806;0.25537417;0.25572289;0.25584882;0.25588424;0.25606557;0.25720849;0.25739044;0.25773931;0.25839256;0.25922994;0.25922994;0.26012388;0.26012388;0.26037289;0.2612672;0.26141798;0.26442978;0.26518162;0.26760278;0.26769683;0.26800152;0.26829037;0.26865255;0.26878952;0.26954482;0.26977037;0.27031185;0.27074621;0.27135674;0.27142018;0.27193432;0.27210091;0.27234412;0.27278325;0.27306992;0.27316946;0.2755868;0.27567029;0.27629821;0.27702089;0.27739931;0.27745171;0.27756216;0.27827738;0.27880133;0.27949174;0.27963397;0.27963397;0.28045216;0.28077474;0.28122114;0.28222467;0.28287653;0.28296464;0.28324954;0.28340471;0.28346174;0.28352592;0.28353433;0.28356677;0.28359465;0.28373492;0.28381179;0.28452387;0.28503113;0.28519301;0.28519301;0.28608791;0.28619664;0.28619664;0.28741911;0.28795789;0.29107478;0.29181523;0.29234042;0.29300596;0.29359905;0.29483341;0.29485244;0.29553921;0.29577799;0.29593243;0.29654813;0.29694811;0.29807327;0.29856826;0.29930562;0.30081633;0.30223386;0.30341527;0.3034818;0.3036113;0.3046072;0.30463847;0.30646553;0.30655114;0.30732905;0.31078084;0.31081007;0.31206663;0.31488125;0.31514251;0.31514251;0.31545502;0.31570135;0.31649306;0.31691667;0.31695545;0.31760812;0.31833678;0.31856961;0.31882844;0.32211476;0.32384675;0.32459442;0.32492165;0.32546072;0.33083825;0.33245003;0.33313448;0.33373849;0.33593474;0.3361622;0.33640872;0.33869159;0.33952466;0.34078954;0.34204053;0.34341846;0.34394983;0.34902443;0.35233485;0.35419236;0.35476439;0.35526613;0.35678415;0.36032975;0.36139443;0.36184181;0.36244637;0.36479025;0.36747008;0.36850084;0.36959382;0.37181091;0.37187675;0.37187675;0.37481121;0.37502239;0.37775263;0.37791788;0.37861619;0.38039242;0.38046232;0.38239289;0.3868402;0.389504;0.39817462;0.40249266;0.41117157;0.42045564;0.42229813;0.42229813;0.52332078;0.54315208;0.55221105;0.58658427;0.87122345",0.203286118215254,"2026-08-09 22:41:59"
"pima","SUN-MCCD","descend",555,8,0.927272727272727,0.522,0.724636363636364,0.5,290,1,"4;6;7;8;9;11;13;16;17;18;19;20;21;22;25;29;31;32;34;35;38;40;41;42;44;45;48;49;50;53;57;58;59;60;67;69;70;73;74;79;82;87;88;89;90;92;93;94;95;96;98;100;104;105;106;108;111;112;115;116;119;120;123;124;126;127;128;130;134;135;137;138;142;143;151;152;153;155;159;161;162;164;165;166;170;171;172;174;175;176;177;178;179;183;184;186;197;200;202;204;206;207;209;210;212;213;215;219;221;222;223;224;225;229;232;235;238;239;243;244;245;246;247;249;250;251;253;255;257;259;263;264;265;266;269;270;273;281;283;285;286;288;290;294;295;296;298;300;301;302;303;307;308;310;312;314;315;318;321;323;326;328;331;332;333;336;344;345;346;347;348;349;350;351;354;355;358;361;363;364;365;368;371;372;373;377;378;379;380;382;383;386;388;389;390;391;394;395;398;401;406;407;410;418;424;426;434;435;436;438;439;440;442;443;444;446;449;454;457;458;459;461;464;465;466;469;471;473;474;477;478;481;484;488;489;490;493;496;497;501;502;503;504;505;506;507;508;509;510;511;513;514;516;517;518;519;520;521;522;523;524;525;526;527;528;529;530;531;532;533;534;535;536;539;540;541;542;543;544;545;546;547;548;549;550;551;552;553;554;555",393.879240989685,"ok",NA,1,"descend","0;0;0;0;0;0;0;0;0;0;0;0;0;0;0;0;0;0;0;0;0;0;0;0;0;0;0;0;0;0;0;0;0;0;0;0;0;0;0;0;0;0;0;0;0;0;0;0;0;0;0;0;0;0;0;0;0;0;0;0;0;0;0;0;0;0;0;0;0;0;0;0;0;0;0;0;0;0;0;0;0;0;0;0;0;0;0;0;0;0;0;0;0;0;0;0;0;0;0;0;0;0;0;0;0;0;0;0;0;0;0;0;0;0;0;0;0;0;0;0;0;0;0;0;0;0;0;0;0;0;0;0;0;0;0;0;0;0;0;0;0;0;0;0;0;0;0;0;0;0;0;0;0;0;0;0;0;0;0.125743;0.12641893;0.14558544;0.14747814;0.14896478;0.14970542;0.15034599;0.15036892;0.15055256;0.15259682;0.15319996;0.15352591;0.15356729;0.15372614;0.15383149;0.15392368;0.15402523;0.15403026;0.15617783;0.15872522;0.15938694;0.15997771;0.16279182;0.1637163;0.16410227;0.16415782;0.16415782;0.1641679;0.16473047;0.16576131;0.16595666;0.16634513;0.16634513;0.16793525;0.16796236;0.16807583;0.168885;0.169132;0.16921202;0.17039188;0.17071334;0.17183353;0.17185242;0.1737403;0.17417513;0.17420297;0.17480998;0.17500448;0.17546644;0.17546644;0.17567098;0.17579154;0.17592263;0.17592814;0.17632479;0.17656716;0.17661346;0.17698337;0.17765674;0.17791957;0.17792493;0.17813321;0.17867416;0.17884161;0.17897245;0.17951766;0.17951766;0.17995544;0.18137306;0.18149558;0.18239088;0.18242522;0.18341342;0.18365844;0.18379339;0.18392737;0.18395185;0.1840104;0.18409015;0.18427637;0.18441019;0.18442444;0.18456393;0.18609433;0.18707147;0.18717093;0.18742913;0.18867856;0.18927495;0.19031102;0.19036582;0.19083859;0.19144359;0.19158184;0.19208825;0.19212779;0.19295928;0.19296955;0.19340591;0.19372457;0.19415252;0.19431155;0.19435743;0.19439836;0.19443195;0.19450212;0.19470198;0.19509247;0.19546342;0.19546817;0.19564248;0.19769362;0.19783329;0.19783329;0.1981757;0.19879803;0.19915443;0.19922501;0.19941136;0.20011389;0.20035829;0.20037597;0.20146851;0.20147185;0.20161287;0.20181185;0.20222772;0.20238108;0.20299538;0.20442114;0.20498047;0.20530387;0.20533818;0.20547469;0.20564096;0.20582303;0.20653002;0.20653002;0.20707941;0.20709091;0.20709091;0.20803088;0.20829526;0.20829526;0.20876779;0.20931038;0.20951698;0.20980133;0.2099651;0.21008757;0.21014736;0.21033919;0.21038192;0.2108402;0.21109371;0.21129919;0.21146856;0.21150322;0.2119884;0.2125234;0.21343216;0.21495829;0.21542483;0.2156815;0.21579735;0.21601518;0.21617976;0.21651114;0.21689258;0.21737588;0.21745502;0.21817252;0.21838364;0.21841814;0.2190393;0.21906801;0.21950354;0.22022733;0.22092945;0.22095382;0.22096187;0.22155231;0.22155231;0.22272281;0.22281661;0.22281661;0.22300646;0.22300646;0.22316535;0.22316535;0.22349316;0.22397712;0.22448249;0.2247897;0.22510146;0.22511976;0.22561871;0.22588082;0.22612467;0.22666556;0.22667741;0.22698963;0.22710111;0.22767341;0.22831244;0.23017624;0.23018814;0.23021596;0.23065349;0.23080005;0.23144642;0.23164208;0.23270006;0.23275236;0.23291004;0.23302575;0.23362736;0.23364763;0.23449413;0.23494927;0.23615486;0.23615486;0.23685935;0.23782673;0.23872303;0.23951113;0.24002595;0.24025603;0.2407678;0.24110576;0.24156439;0.24202738;0.24217444;0.24240967;0.24273429;0.24276871;0.24305867;0.24358506;0.24370212;0.24389241;0.2447638;0.24558284;0.24613584;0.24691047;0.24745689;0.24868665;0.24905264;0.24996937;0.2508415;0.25168686;0.25223296;0.25236979;0.25249656;0.25388863;0.25394;0.2552806;0.25537417;0.25588424;0.25720849;0.25739044;0.25773931;0.25832999;0.25922994;0.25922994;0.2598246;0.26012388;0.2612672;0.26313219;0.26442978;0.26626574;0.26745489;0.26765446;0.26769683;0.26800152;0.26865255;0.26891044;0.26977037;0.27031185;0.27086952;0.27135674;0.27142018;0.27178076;0.27193432;0.27197209;0.27234412;0.27306992;0.27428646;0.27629821;0.27756216;0.27827738;0.27833779;0.27880133;0.27949174;0.28009209;0.28045216;0.28222467;0.28296464;0.28324954;0.28340471;0.28346174;0.28352592;0.28356677;0.28359465;0.28373492;0.28381179;0.2843449;0.28503113;0.28519301;0.28608791;0.28619664;0.28727999;0.28741911;0.28795789;0.28827128;0.29037423;0.29177017;0.29234042;0.29300596;0.29359905;0.29483341;0.29553921;0.29593243;0.29694811;0.29718335;0.29807327;0.29828186;0.29856826;0.30020435;0.30081633;0.30223386;0.3034818;0.30441415;0.3046072;0.30646553;0.30710296;0.30713878;0.30732905;0.30789498;0.31206663;0.31570135;0.31570135;0.31649306;0.31695545;0.31754097;0.31810921;0.31833678;0.31882844;0.31991497;0.32159597;0.32258854;0.32331915;0.32384675;0.32449165;0.32459442;0.32546072;0.33083825;0.3329009;0.33291635;0.33377184;0.33435714;0.33593474;0.3361622;0.33640872;0.33940526;0.33952466;0.34078954;0.34394983;0.34556124;0.35188663;0.35242744;0.35450921;0.35526613;0.35678415;0.35886329;0.36139443;0.36184181;0.36244637;0.36479025;0.3650278;0.36747008;0.36850084;0.36905735;0.37181091;0.37187675;0.37791788;0.37861619;0.38039242;0.389504;0.39128485;0.3918037;0.4001955;0.4196322;0.42045564;0.42229813;0.52332078;0.54315208;0.58658427",0.172976425686863,"2026-08-09 22:48:33"
